account_id,consumer_id
acct_000001,consumer_000001
acct_000002,consumer_000002
acct_000003,consumer_000003
acct_000004,consumer_000004
acct_000005,consumer_000005
acct_000006,consumer_000006
acct_000007,consumer_000007
acct_000008,consumer_000008
acct_000009,consumer_000009
acct_000010,consumer_000010
acct_000011,consumer_000011
acct_000012,consumer_000012
acct_000013,consumer_000013
acct_000014,consumer_000014
acct_000015,consumer_000015
acct_000016,consumer_000016
acct_000017,consumer_000017
acct_000018,consumer_000018
acct_000019,consumer_000019
acct_000020,consumer_000020
acct_000021,consumer_000021
acct_000022,consumer_000022
acct_000023,consumer_000023
acct_000024,consumer_000024
acct_000025,consumer_000025
acct_000026,consumer_000026
acct_000027,consumer_000027
acct_000028,consumer_000028
acct_000029,consumer_000029
acct_000030,consumer_000030
acct_000031,consumer_000031
acct_000032,consumer_000031
acct_000033,consumer_000031
acct_000034,consumer_000032
acct_000035,consumer_000032
acct_000036,consumer_000033
acct_000037,consumer_000034
acct_000038,consumer_000035
acct_000039,consumer_000036
acct_000040,consumer_000037
acct_000041,consumer_000038
acct_000042,consumer_000039
acct_000043,consumer_000040
acct_000044,consumer_000041
acct_000045,consumer_000041
acct_000046,consumer_000041
acct_000047,consumer_000042
acct_000048,consumer_000043
acct_000049,consumer_000044
acct_000050,consumer_000045
acct_000051,consumer_000046
acct_000052,consumer_000047
acct_000053,consumer_000047
acct_000054,consumer_000047
acct_000055,consumer_000048
acct_000056,consumer_000048
acct_000057,consumer_000048
acct_000058,consumer_000049
acct_000059,consumer_000050
acct_000060,consumer_000051
acct_000061,consumer_000052
acct_000062,consumer_000053
acct_000063,consumer_000054
acct_000064,consumer_000055
acct_000065,consumer_000056
acct_000066,consumer_000056
acct_000067,consumer_000057
acct_000068,consumer_000057
acct_000069,consumer_000058
acct_000070,consumer_000059
acct_000071,consumer_000060
acct_000072,consumer_000061
acct_000073,consumer_000062
acct_000074,consumer_000063
acct_000075,consumer_000064
acct_000076,consumer_000064
acct_000077,consumer_000064
acct_000078,consumer_000065
acct_000079,consumer_000065
acct_000080,consumer_000065
acct_000081,consumer_000066
acct_000082,consumer_000067
acct_000083,consumer_000068
acct_000084,consumer_000069
acct_000085,consumer_000070
acct_000086,consumer_000070
acct_000087,consumer_000071
acct_000088,consumer_000072
acct_000089,consumer_000073
acct_000090,consumer_000074
acct_000091,consumer_000075
acct_000092,consumer_000076
acct_000093,consumer_000077
acct_000094,consumer_000078
acct_000095,consumer_000079
acct_000096,consumer_000080
acct_000097,consumer_000081
acct_000098,consumer_000082
acct_000099,consumer_000083
acct_000100,consumer_000083
acct_000101,consumer_000084
acct_000102,consumer_000085
acct_000103,consumer_000085
acct_000104,consumer_000086
acct_000105,consumer_000087
acct_000106,consumer_000088
acct_000107,consumer_000089
acct_000108,consumer_000089
acct_000109,consumer_000090
acct_000110,consumer_000091
acct_000111,consumer_000092
acct_000112,consumer_000093
acct_000113,consumer_000094
acct_000114,consumer_000095
acct_000115,consumer_000096
acct_000116,consumer_000097
acct_000117,consumer_000098
acct_000118,consumer_000099
acct_000119,consumer_000099
acct_000120,consumer_000099
acct_000121,consumer_000100
acct_000122,consumer_000101
acct_000123,consumer_000102
acct_000124,consumer_000102
acct_000125,consumer_000102
acct_000126,consumer_000103
acct_000127,consumer_000104
acct_000128,consumer_000105
acct_000129,consumer_000106
acct_000130,consumer_000107
acct_000131,consumer_000107
acct_000132,consumer_000108
acct_000133,consumer_000108
acct_000134,consumer_000108
acct_000135,consumer_000109
acct_000136,consumer_000110
acct_000137,consumer_000111
acct_000138,consumer_000112
acct_000139,consumer_000113
acct_000140,consumer_000114
acct_000141,consumer_000115
acct_000142,consumer_000115
acct_000143,consumer_000115
acct_000144,consumer_000116
acct_000145,consumer_000117
acct_000146,consumer_000118
acct_000147,consumer_000119
acct_000148,consumer_000120
acct_000149,consumer_000121
acct_000150,consumer_000122
acct_000151,consumer_000122
acct_000152,consumer_000122
acct_000153,consumer_000123
acct_000154,consumer_000124
acct_000155,consumer_000125
acct_000156,consumer_000126
acct_000157,consumer_000127
acct_000158,consumer_000128
acct_000159,consumer_000129
acct_000160,consumer_000130
acct_000161,consumer_000131
acct_000162,consumer_000132
acct_000163,consumer_000133
acct_000164,consumer_000133
acct_000165,consumer_000134
acct_000166,consumer_000135
acct_000167,consumer_000136
acct_000168,consumer_000137
acct_000169,consumer_000138
acct_000170,consumer_000139
acct_000171,consumer_000140
acct_000172,consumer_000141
acct_000173,consumer_000142
acct_000174,consumer_000143
acct_000175,consumer_000144
acct_000176,consumer_000144
acct_000177,consumer_000144
acct_000178,consumer_000145
acct_000179,consumer_000145
acct_000180,consumer_000145
acct_000181,consumer_000146
acct_000182,consumer_000147
acct_000183,consumer_000147
acct_000184,consumer_000148
acct_000185,consumer_000149
acct_000186,consumer_000150
acct_000187,consumer_000151
acct_000188,consumer_000152
acct_000189,consumer_000153
acct_000190,consumer_000154
acct_000191,consumer_000155
acct_000192,consumer_000155
acct_000193,consumer_000156
acct_000194,consumer_000157
acct_000195,consumer_000158
acct_000196,consumer_000159
acct_000197,consumer_000160
acct_000198,consumer_000161
acct_000199,consumer_000161
acct_000200,consumer_000162
acct_000201,consumer_000163
acct_000202,consumer_000164
acct_000203,consumer_000165
acct_000204,consumer_000166
acct_000205,consumer_000167
acct_000206,consumer_000168
acct_000207,consumer_000169
acct_000208,consumer_000170
acct_000209,consumer_000170
acct_000210,consumer_000170
acct_000211,consumer_000171
acct_000212,consumer_000171
acct_000213,consumer_000171
acct_000214,consumer_000172
acct_000215,consumer_000173
acct_000216,consumer_000174
acct_000217,consumer_000175
acct_000218,consumer_000176
acct_000219,consumer_000176
acct_000220,consumer_000176
acct_000221,consumer_000177
acct_000222,consumer_000177
acct_000223,consumer_000177
acct_000224,consumer_000178
acct_000225,consumer_000179
acct_000226,consumer_000180
acct_000227,consumer_000181
acct_000228,consumer_000182
acct_000229,consumer_000183
acct_000230,consumer_000184
acct_000231,consumer_000185
acct_000232,consumer_000186
acct_000233,consumer_000187
acct_000234,consumer_000188
acct_000235,consumer_000189
acct_000236,consumer_000190
acct_000237,consumer_000191
acct_000238,consumer_000192
acct_000239,consumer_000193
acct_000240,consumer_000194
acct_000241,consumer_000195
acct_000242,consumer_000196
acct_000243,consumer_000196
acct_000244,consumer_000196
acct_000245,consumer_000197
acct_000246,consumer_000197
acct_000247,consumer_000198
acct_000248,consumer_000199
acct_000249,consumer_000200
acct_000250,consumer_000200
acct_000251,consumer_000200
acct_000252,consumer_000201
acct_000253,consumer_000202
acct_000254,consumer_000202
acct_000255,consumer_000203
acct_000256,consumer_000204
acct_000257,consumer_000205
acct_000258,consumer_000206
acct_000259,consumer_000207
acct_000260,consumer_000208
acct_000261,consumer_000208
acct_000262,consumer_000208
acct_000263,consumer_000209
acct_000264,consumer_000210
acct_000265,consumer_000211
acct_000266,consumer_000212
acct_000267,consumer_000213
acct_000268,consumer_000214
acct_000269,consumer_000215
acct_000270,consumer_000215
acct_000271,consumer_000215
acct_000272,consumer_000216
acct_000273,consumer_000216
acct_000274,consumer_000217
acct_000275,consumer_000218
acct_000276,consumer_000219
acct_000277,consumer_000220
acct_000278,consumer_000221
acct_000279,consumer_000222
acct_000280,consumer_000223
acct_000281,consumer_000223
acct_000282,consumer_000224
acct_000283,consumer_000225
acct_000284,consumer_000226
acct_000285,consumer_000226
acct_000286,consumer_000227
acct_000287,consumer_000228
acct_000288,consumer_000229
acct_000289,consumer_000230
acct_000290,consumer_000231
acct_000291,consumer_000232
acct_000292,consumer_000233
acct_000293,consumer_000234
acct_000294,consumer_000235
acct_000295,consumer_000236
acct_000296,consumer_000237
acct_000297,consumer_000238
acct_000298,consumer_000239
acct_000299,consumer_000240
acct_000300,consumer_000241
acct_000301,consumer_000242
acct_000302,consumer_000243
acct_000303,consumer_000244
acct_000304,consumer_000245
acct_000305,consumer_000245
acct_000306,consumer_000245
acct_000307,consumer_000246
acct_000308,consumer_000246
acct_000309,consumer_000247
acct_000310,consumer_000248
acct_000311,consumer_000248
acct_000312,consumer_000248
acct_000313,consumer_000249
acct_000314,consumer_000250
acct_000315,consumer_000251
acct_000316,consumer_000252
acct_000317,consumer_000253
acct_000318,consumer_000254
acct_000319,consumer_000255
acct_000320,consumer_000256
acct_000321,consumer_000257
acct_000322,consumer_000258
acct_000323,consumer_000259
acct_000324,consumer_000259
acct_000325,consumer_000259
acct_000326,consumer_000260
acct_000327,consumer_000261
acct_000328,consumer_000262
acct_000329,consumer_000263
acct_000330,consumer_000264
acct_000331,consumer_000264
acct_000332,consumer_000265
acct_000333,consumer_000265
acct_000334,consumer_000265
acct_000335,consumer_000266
acct_000336,consumer_000267
acct_000337,consumer_000267
acct_000338,consumer_000268
acct_000339,consumer_000269
acct_000340,consumer_000270
acct_000341,consumer_000271
acct_000342,consumer_000272
acct_000343,consumer_000273
acct_000344,consumer_000274
acct_000345,consumer_000275
acct_000346,consumer_000276
acct_000347,consumer_000277
acct_000348,consumer_000277
acct_000349,consumer_000278
acct_000350,consumer_000279
acct_000351,consumer_000280
acct_000352,consumer_000281
acct_000353,consumer_000282
acct_000354,consumer_000283
acct_000355,consumer_000284
acct_000356,consumer_000285
acct_000357,consumer_000286
acct_000358,consumer_000287
acct_000359,consumer_000288
acct_000360,consumer_000288
acct_000361,consumer_000288
acct_000362,consumer_000289
acct_000363,consumer_000290
acct_000364,consumer_000291
acct_000365,consumer_000292
acct_000366,consumer_000293
acct_000367,consumer_000294
acct_000368,consumer_000295
acct_000369,consumer_000296
acct_000370,consumer_000297
acct_000371,consumer_000297
acct_000372,consumer_000298
acct_000373,consumer_000299
acct_000374,consumer_000300
acct_000375,consumer_000301
acct_000376,consumer_000302
acct_000377,consumer_000303
acct_000378,consumer_000304
acct_000379,consumer_000305
acct_000380,consumer_000306
acct_000381,consumer_000307
acct_000382,consumer_000308
acct_000383,consumer_000309
acct_000384,consumer_000310
acct_000385,consumer_000311
acct_000386,consumer_000312
acct_000387,consumer_000313
acct_000388,consumer_000314
acct_000389,consumer_000315
acct_000390,consumer_000316
acct_000391,consumer_000317
acct_000392,consumer_000318
acct_000393,consumer_000318
acct_000394,consumer_000318
acct_000395,consumer_000319
acct_000396,consumer_000319
acct_000397,consumer_000320
acct_000398,consumer_000321
acct_000399,consumer_000322
acct_000400,consumer_000323
acct_000401,consumer_000324
acct_000402,consumer_000325
acct_000403,consumer_000326
acct_000404,consumer_000327
acct_000405,consumer_000328
acct_000406,consumer_000328
acct_000407,consumer_000329
acct_000408,consumer_000330
acct_000409,consumer_000330
acct_000410,consumer_000331
acct_000411,consumer_000332
acct_000412,consumer_000333
acct_000413,consumer_000333
acct_000414,consumer_000333
acct_000415,consumer_000334
acct_000416,consumer_000335
acct_000417,consumer_000336
acct_000418,consumer_000336
acct_000419,consumer_000337
acct_000420,consumer_000338
acct_000421,consumer_000339
acct_000422,consumer_000339
acct_000423,consumer_000339
acct_000424,consumer_000340
acct_000425,consumer_000341
acct_000426,consumer_000342
acct_000427,consumer_000343
acct_000428,consumer_000343
acct_000429,consumer_000343
acct_000430,consumer_000344
acct_000431,consumer_000345
acct_000432,consumer_000346
acct_000433,consumer_000347
acct_000434,consumer_000347
acct_000435,consumer_000347
acct_000436,consumer_000348
acct_000437,consumer_000349
acct_000438,consumer_000350
acct_000439,consumer_000350
acct_000440,consumer_000350
acct_000441,consumer_000351
acct_000442,consumer_000352
acct_000443,consumer_000353
acct_000444,consumer_000354
acct_000445,consumer_000354
acct_000446,consumer_000355
acct_000447,consumer_000356
acct_000448,consumer_000357
acct_000449,consumer_000358
acct_000450,consumer_000359
acct_000451,consumer_000360
acct_000452,consumer_000361
acct_000453,consumer_000362
acct_000454,consumer_000363
acct_000455,consumer_000363
acct_000456,consumer_000363
acct_000457,consumer_000364
acct_000458,consumer_000365
acct_000459,consumer_000366
acct_000460,consumer_000367
acct_000461,consumer_000368
acct_000462,consumer_000368
acct_000463,consumer_000369
acct_000464,consumer_000370
acct_000465,consumer_000371
acct_000466,consumer_000372
acct_000467,consumer_000372
acct_000468,consumer_000373
acct_000469,consumer_000374
acct_000470,consumer_000375
acct_000471,consumer_000376
acct_000472,consumer_000377
acct_000473,consumer_000378
acct_000474,consumer_000379
acct_000475,consumer_000380
acct_000476,consumer_000381
acct_000477,consumer_000382
acct_000478,consumer_000383
acct_000479,consumer_000384
acct_000480,consumer_000385
acct_000481,consumer_000386
acct_000482,consumer_000387
acct_000483,consumer_000387
acct_000484,consumer_000388
acct_000485,consumer_000389
acct_000486,consumer_000389
acct_000487,consumer_000389
acct_000488,consumer_000390
acct_000489,consumer_000391
acct_000490,consumer_000391
acct_000491,consumer_000392
acct_000492,consumer_000392
acct_000493,consumer_000392
acct_000494,consumer_000393
acct_000495,consumer_000394
acct_000496,consumer_000395
acct_000497,consumer_000396
acct_000498,consumer_000397
acct_000499,consumer_000397
acct_000500,consumer_000397
acct_000501,consumer_000398
acct_000502,consumer_000399
acct_000503,consumer_000400
acct_000504,consumer_000401
acct_000505,consumer_000402
acct_000506,consumer_000403
acct_000507,consumer_000404
acct_000508,consumer_000404
acct_000509,consumer_000404
acct_000510,consumer_000405
acct_000511,consumer_000406
acct_000512,consumer_000407
acct_000513,consumer_000408
acct_000514,consumer_000409
acct_000515,consumer_000409
acct_000516,consumer_000410
acct_000517,consumer_000411
acct_000518,consumer_000411
acct_000519,consumer_000411
acct_000520,consumer_000412
acct_000521,consumer_000413
acct_000522,consumer_000414
acct_000523,consumer_000415
acct_000524,consumer_000416
acct_000525,consumer_000417
acct_000526,consumer_000418
acct_000527,consumer_000419
acct_000528,consumer_000420
acct_000529,consumer_000420
acct_000530,consumer_000421
acct_000531,consumer_000422
acct_000532,consumer_000423
acct_000533,consumer_000424
acct_000534,consumer_000425
acct_000535,consumer_000426
acct_000536,consumer_000427
acct_000537,consumer_000428
acct_000538,consumer_000428
acct_000539,consumer_000428
acct_000540,consumer_000429
acct_000541,consumer_000430
acct_000542,consumer_000431
acct_000543,consumer_000431
acct_000544,consumer_000431
acct_000545,consumer_000432
acct_000546,consumer_000432
acct_000547,consumer_000433
acct_000548,consumer_000433
acct_000549,consumer_000433
acct_000550,consumer_000434
acct_000551,consumer_000435
acct_000552,consumer_000436
acct_000553,consumer_000437
acct_000554,consumer_000438
acct_000555,consumer_000439
acct_000556,consumer_000440
acct_000557,consumer_000441
acct_000558,consumer_000442
acct_000559,consumer_000443
acct_000560,consumer_000444
acct_000561,consumer_000445
acct_000562,consumer_000446
acct_000563,consumer_000446
acct_000564,consumer_000447
acct_000565,consumer_000448
acct_000566,consumer_000449
acct_000567,consumer_000450
acct_000568,consumer_000451
acct_000569,consumer_000452
acct_000570,consumer_000453
acct_000571,consumer_000453
acct_000572,consumer_000453
acct_000573,consumer_000454
acct_000574,consumer_000455
acct_000575,consumer_000455
acct_000576,consumer_000455
acct_000577,consumer_000456
acct_000578,consumer_000457
acct_000579,consumer_000458
acct_000580,consumer_000458
acct_000581,consumer_000459
acct_000582,consumer_000460
acct_000583,consumer_000461
acct_000584,consumer_000462
acct_000585,consumer_000463
acct_000586,consumer_000464
acct_000587,consumer_000465
acct_000588,consumer_000466
acct_000589,consumer_000467
acct_000590,consumer_000468
acct_000591,consumer_000469
acct_000592,consumer_000470
acct_000593,consumer_000471
acct_000594,consumer_000472
acct_000595,consumer_000473
acct_000596,consumer_000474
acct_000597,consumer_000475
acct_000598,consumer_000476
acct_000599,consumer_000477
acct_000600,consumer_000478
acct_000601,consumer_000479
acct_000602,consumer_000480
acct_000603,consumer_000481
acct_000604,consumer_000482
acct_000605,consumer_000483
acct_000606,consumer_000484
acct_000607,consumer_000485
acct_000608,consumer_000486
acct_000609,consumer_000487
acct_000610,consumer_000488
acct_000611,consumer_000489
acct_000612,consumer_000490
acct_000613,consumer_000491
acct_000614,consumer_000492
acct_000615,consumer_000493
acct_000616,consumer_000494
acct_000617,consumer_000495
acct_000618,consumer_000496
acct_000619,consumer_000497
acct_000620,consumer_000498
acct_000621,consumer_000499
acct_000622,consumer_000500
acct_000623,consumer_000501
acct_000624,consumer_000502
acct_000625,consumer_000502
acct_000626,consumer_000503
acct_000627,consumer_000504
acct_000628,consumer_000505
acct_000629,consumer_000506
acct_000630,consumer_000507
acct_000631,consumer_000508
acct_000632,consumer_000509
acct_000633,consumer_000510
acct_000634,consumer_000511
acct_000635,consumer_000512
acct_000636,consumer_000512
acct_000637,consumer_000513
acct_000638,consumer_000514
acct_000639,consumer_000515
acct_000640,consumer_000516
acct_000641,consumer_000516
acct_000642,consumer_000517
acct_000643,consumer_000518
acct_000644,consumer_000519
acct_000645,consumer_000520
acct_000646,consumer_000521
acct_000647,consumer_000522
acct_000648,consumer_000522
acct_000649,consumer_000522
acct_000650,consumer_000523
acct_000651,consumer_000524
acct_000652,consumer_000525
acct_000653,consumer_000526
acct_000654,consumer_000527
acct_000655,consumer_000528
acct_000656,consumer_000529
acct_000657,consumer_000530
acct_000658,consumer_000531
acct_000659,consumer_000531
acct_000660,consumer_000532
acct_000661,consumer_000533
acct_000662,consumer_000534
acct_000663,consumer_000535
acct_000664,consumer_000536
acct_000665,consumer_000537
acct_000666,consumer_000538
acct_000667,consumer_000539
acct_000668,consumer_000540
acct_000669,consumer_000541
acct_000670,consumer_000542
acct_000671,consumer_000543
acct_000672,consumer_000544
acct_000673,consumer_000544
acct_000674,consumer_000544
acct_000675,consumer_000545
acct_000676,consumer_000545
acct_000677,consumer_000545
acct_000678,consumer_000546
acct_000679,consumer_000547
acct_000680,consumer_000548
acct_000681,consumer_000549
acct_000682,consumer_000550
acct_000683,consumer_000551
acct_000684,consumer_000552
acct_000685,consumer_000553
acct_000686,consumer_000554
acct_000687,consumer_000555
acct_000688,consumer_000556
acct_000689,consumer_000557
acct_000690,consumer_000558
acct_000691,consumer_000558
acct_000692,consumer_000559
acct_000693,consumer_000560
acct_000694,consumer_000561
acct_000695,consumer_000562
acct_000696,consumer_000563
acct_000697,consumer_000564
acct_000698,consumer_000564
acct_000699,consumer_000564
acct_000700,consumer_000565
acct_000701,consumer_000565
acct_000702,consumer_000566
acct_000703,consumer_000567
acct_000704,consumer_000568
acct_000705,consumer_000569
acct_000706,consumer_000570
acct_000707,consumer_000571
acct_000708,consumer_000571
acct_000709,consumer_000571
acct_000710,consumer_000572
acct_000711,consumer_000572
acct_000712,consumer_000573
acct_000713,consumer_000574
acct_000714,consumer_000575
acct_000715,consumer_000576
acct_000716,consumer_000577
acct_000717,consumer_000578
acct_000718,consumer_000579
acct_000719,consumer_000580
acct_000720,consumer_000581
acct_000721,consumer_000582
acct_000722,consumer_000583
acct_000723,consumer_000584
acct_000724,consumer_000585
acct_000725,consumer_000586
acct_000726,consumer_000587
acct_000727,consumer_000588
acct_000728,consumer_000589
acct_000729,consumer_000590
acct_000730,consumer_000591
acct_000731,consumer_000592
acct_000732,consumer_000593
acct_000733,consumer_000593
acct_000734,consumer_000594
acct_000735,consumer_000595
acct_000736,consumer_000596
acct_000737,consumer_000597
acct_000738,consumer_000598
acct_000739,consumer_000598
acct_000740,consumer_000598
acct_000741,consumer_000599
acct_000742,consumer_000600
acct_000743,consumer_000601
acct_000744,consumer_000602
acct_000745,consumer_000603
acct_000746,consumer_000604
acct_000747,consumer_000605
acct_000748,consumer_000606
acct_000749,consumer_000607
acct_000750,consumer_000607
acct_000751,consumer_000608
acct_000752,consumer_000609
acct_000753,consumer_000610
acct_000754,consumer_000611
acct_000755,consumer_000612
acct_000756,consumer_000613
acct_000757,consumer_000614
acct_000758,consumer_000614
acct_000759,consumer_000614
acct_000760,consumer_000615
acct_000761,consumer_000616
acct_000762,consumer_000616
acct_000763,consumer_000617
acct_000764,consumer_000618
acct_000765,consumer_000619
acct_000766,consumer_000620
acct_000767,consumer_000621
acct_000768,consumer_000622
acct_000769,consumer_000622
acct_000770,consumer_000623
acct_000771,consumer_000624
acct_000772,consumer_000624
acct_000773,consumer_000625
acct_000774,consumer_000626
acct_000775,consumer_000627
acct_000776,consumer_000628
acct_000777,consumer_000629
acct_000778,consumer_000630
acct_000779,consumer_000630
acct_000780,consumer_000630
acct_000781,consumer_000631
acct_000782,consumer_000632
acct_000783,consumer_000633
acct_000784,consumer_000634
acct_000785,consumer_000634
acct_000786,consumer_000634
acct_000787,consumer_000635
acct_000788,consumer_000636
acct_000789,consumer_000637
acct_000790,consumer_000638
acct_000791,consumer_000639
acct_000792,consumer_000639
acct_000793,consumer_000639
acct_000794,consumer_000640
acct_000795,consumer_000640
acct_000796,consumer_000641
acct_000797,consumer_000642
acct_000798,consumer_000642
acct_000799,consumer_000642
acct_000800,consumer_000643
acct_000801,consumer_000644
acct_000802,consumer_000645
acct_000803,consumer_000646
acct_000804,consumer_000647
acct_000805,consumer_000647
acct_000806,consumer_000648
acct_000807,consumer_000649
acct_000808,consumer_000650
acct_000809,consumer_000651
acct_000810,consumer_000652
acct_000811,consumer_000652
acct_000812,consumer_000653
acct_000813,consumer_000654
acct_000814,consumer_000655
acct_000815,consumer_000656
acct_000816,consumer_000657
acct_000817,consumer_000658
acct_000818,consumer_000659
acct_000819,consumer_000660
acct_000820,consumer_000661
acct_000821,consumer_000662
acct_000822,consumer_000662
acct_000823,consumer_000662
acct_000824,consumer_000663
acct_000825,consumer_000663
acct_000826,consumer_000664
acct_000827,consumer_000665
acct_000828,consumer_000666
acct_000829,consumer_000667
acct_000830,consumer_000668
acct_000831,consumer_000669
acct_000832,consumer_000670
acct_000833,consumer_000671
acct_000834,consumer_000672
acct_000835,consumer_000673
acct_000836,consumer_000674
acct_000837,consumer_000675
acct_000838,consumer_000676
acct_000839,consumer_000676
acct_000840,consumer_000676
acct_000841,consumer_000677
acct_000842,consumer_000678
acct_000843,consumer_000679
acct_000844,consumer_000680
acct_000845,consumer_000681
acct_000846,consumer_000682
acct_000847,consumer_000683
acct_000848,consumer_000684
acct_000849,consumer_000685
acct_000850,consumer_000686
acct_000851,consumer_000687
acct_000852,consumer_000688
acct_000853,consumer_000689
acct_000854,consumer_000690
acct_000855,consumer_000691
acct_000856,consumer_000692
acct_000857,consumer_000693
acct_000858,consumer_000694
acct_000859,consumer_000695
acct_000860,consumer_000696
acct_000861,consumer_000696
acct_000862,consumer_000697
acct_000863,consumer_000698
acct_000864,consumer_000699
acct_000865,consumer_000700
acct_000866,consumer_000701
acct_000867,consumer_000702
acct_000868,consumer_000703
acct_000869,consumer_000704
acct_000870,consumer_000705
acct_000871,consumer_000706
acct_000872,consumer_000707
acct_000873,consumer_000708
acct_000874,consumer_000708
acct_000875,consumer_000709
acct_000876,consumer_000710
acct_000877,consumer_000711
acct_000878,consumer_000712
acct_000879,consumer_000712
acct_000880,consumer_000712
acct_000881,consumer_000713
acct_000882,consumer_000714
acct_000883,consumer_000715
acct_000884,consumer_000716
acct_000885,consumer_000717
acct_000886,consumer_000718
acct_000887,consumer_000719
acct_000888,consumer_000720
acct_000889,consumer_000721
acct_000890,consumer_000722
acct_000891,consumer_000723
acct_000892,consumer_000724
acct_000893,consumer_000725
acct_000894,consumer_000726
acct_000895,consumer_000727
acct_000896,consumer_000727
acct_000897,consumer_000727
acct_000898,consumer_000728
acct_000899,consumer_000729
acct_000900,consumer_000730
acct_000901,consumer_000731
acct_000902,consumer_000732
acct_000903,consumer_000733
acct_000904,consumer_000734
acct_000905,consumer_000735
acct_000906,consumer_000736
acct_000907,consumer_000737
acct_000908,consumer_000737
acct_000909,consumer_000737
acct_000910,consumer_000738
acct_000911,consumer_000738
acct_000912,consumer_000738
acct_000913,consumer_000739
acct_000914,consumer_000740
acct_000915,consumer_000741
acct_000916,consumer_000742
acct_000917,consumer_000743
acct_000918,consumer_000744
acct_000919,consumer_000744
acct_000920,consumer_000744
acct_000921,consumer_000745
acct_000922,consumer_000746
acct_000923,consumer_000747
acct_000924,consumer_000748
acct_000925,consumer_000749
acct_000926,consumer_000750
acct_000927,consumer_000750
acct_000928,consumer_000750
acct_000929,consumer_000751
acct_000930,consumer_000751
acct_000931,consumer_000751
acct_000932,consumer_000752
acct_000933,consumer_000753
acct_000934,consumer_000754
acct_000935,consumer_000755
acct_000936,consumer_000756
acct_000937,consumer_000757
acct_000938,consumer_000758
acct_000939,consumer_000759
acct_000940,consumer_000759
acct_000941,consumer_000760
acct_000942,consumer_000761
acct_000943,consumer_000762
acct_000944,consumer_000763
acct_000945,consumer_000764
acct_000946,consumer_000765
acct_000947,consumer_000766
acct_000948,consumer_000767
acct_000949,consumer_000768
acct_000950,consumer_000769
acct_000951,consumer_000770
acct_000952,consumer_000770
acct_000953,consumer_000770
acct_000954,consumer_000771
acct_000955,consumer_000772
acct_000956,consumer_000773
acct_000957,consumer_000774
acct_000958,consumer_000775
acct_000959,consumer_000776
acct_000960,consumer_000777
acct_000961,consumer_000778
acct_000962,consumer_000779
acct_000963,consumer_000780
acct_000964,consumer_000781
acct_000965,consumer_000782
acct_000966,consumer_000783
acct_000967,consumer_000784
acct_000968,consumer_000785
acct_000969,consumer_000786
acct_000970,consumer_000787
acct_000971,consumer_000788
acct_000972,consumer_000789
acct_000973,consumer_000789
acct_000974,consumer_000790
acct_000975,consumer_000791
acct_000976,consumer_000792
acct_000977,consumer_000792
acct_000978,consumer_000792
acct_000979,consumer_000793
acct_000980,consumer_000794
acct_000981,consumer_000795
acct_000982,consumer_000796
acct_000983,consumer_000797
acct_000984,consumer_000798
acct_000985,consumer_000799
acct_000986,consumer_000799
acct_000987,consumer_000800
acct_000988,consumer_000801
acct_000989,consumer_000802
acct_000990,consumer_000803
acct_000991,consumer_000804
acct_000992,consumer_000805
acct_000993,consumer_000806
acct_000994,consumer_000807
acct_000995,consumer_000807
acct_000996,consumer_000807
acct_000997,consumer_000808
acct_000998,consumer_000809
acct_000999,consumer_000809
acct_001000,consumer_000810
acct_001001,consumer_000811
acct_001002,consumer_000811
acct_001003,consumer_000811
acct_001004,consumer_000812
acct_001005,consumer_000813
acct_001006,consumer_000814
acct_001007,consumer_000814
acct_001008,consumer_000814
acct_001009,consumer_000815
acct_001010,consumer_000816
acct_001011,consumer_000817
acct_001012,consumer_000818
acct_001013,consumer_000819
acct_001014,consumer_000820
acct_001015,consumer_000821
acct_001016,consumer_000822
acct_001017,consumer_000823
acct_001018,consumer_000824
acct_001019,consumer_000825
acct_001020,consumer_000826
acct_001021,consumer_000826
acct_001022,consumer_000827
acct_001023,consumer_000828
acct_001024,consumer_000829
acct_001025,consumer_000830
acct_001026,consumer_000831
acct_001027,consumer_000832
acct_001028,consumer_000832
acct_001029,consumer_000833
acct_001030,consumer_000834
acct_001031,consumer_000835
acct_001032,consumer_000836
acct_001033,consumer_000836
acct_001034,consumer_000836
acct_001035,consumer_000837
acct_001036,consumer_000838
acct_001037,consumer_000839
acct_001038,consumer_000840
acct_001039,consumer_000841
acct_001040,consumer_000841
acct_001041,consumer_000842
acct_001042,consumer_000843
acct_001043,consumer_000844
acct_001044,consumer_000845
acct_001045,consumer_000845
acct_001046,consumer_000846
acct_001047,consumer_000847
acct_001048,consumer_000848
acct_001049,consumer_000849
acct_001050,consumer_000849
acct_001051,consumer_000850
acct_001052,consumer_000851
acct_001053,consumer_000852
acct_001054,consumer_000853
acct_001055,consumer_000853
acct_001056,consumer_000854
acct_001057,consumer_000855
acct_001058,consumer_000855
acct_001059,consumer_000855
acct_001060,consumer_000856
acct_001061,consumer_000857
acct_001062,consumer_000858
acct_001063,consumer_000859
acct_001064,consumer_000860
acct_001065,consumer_000861
acct_001066,consumer_000862
acct_001067,consumer_000863
acct_001068,consumer_000864
acct_001069,consumer_000865
acct_001070,consumer_000865
acct_001071,consumer_000866
acct_001072,consumer_000867
acct_001073,consumer_000868
acct_001074,consumer_000868
acct_001075,consumer_000868
acct_001076,consumer_000869
acct_001077,consumer_000870
acct_001078,consumer_000871
acct_001079,consumer_000872
acct_001080,consumer_000873
acct_001081,consumer_000874
acct_001082,consumer_000875
acct_001083,consumer_000876
acct_001084,consumer_000877
acct_001085,consumer_000878
acct_001086,consumer_000879
acct_001087,consumer_000880
acct_001088,consumer_000881
acct_001089,consumer_000882
acct_001090,consumer_000883
acct_001091,consumer_000883
acct_001092,consumer_000883
acct_001093,consumer_000884
acct_001094,consumer_000885
acct_001095,consumer_000886
acct_001096,consumer_000887
acct_001097,consumer_000888
acct_001098,consumer_000889
acct_001099,consumer_000890
acct_001100,consumer_000891
acct_001101,consumer_000892
acct_001102,consumer_000893
acct_001103,consumer_000894
acct_001104,consumer_000894
acct_001105,consumer_000894
acct_001106,consumer_000895
acct_001107,consumer_000896
acct_001108,consumer_000896
acct_001109,consumer_000896
acct_001110,consumer_000897
acct_001111,consumer_000898
acct_001112,consumer_000899
acct_001113,consumer_000900
acct_001114,consumer_000901
acct_001115,consumer_000902
acct_001116,consumer_000903
acct_001117,consumer_000904
acct_001118,consumer_000905
acct_001119,consumer_000906
acct_001120,consumer_000907
acct_001121,consumer_000908
acct_001122,consumer_000909
acct_001123,consumer_000909
acct_001124,consumer_000910
acct_001125,consumer_000911
acct_001126,consumer_000911
acct_001127,consumer_000911
acct_001128,consumer_000912
acct_001129,consumer_000913
acct_001130,consumer_000914
acct_001131,consumer_000914
acct_001132,consumer_000914
acct_001133,consumer_000915
acct_001134,consumer_000916
acct_001135,consumer_000917
acct_001136,consumer_000918
acct_001137,consumer_000918
acct_001138,consumer_000918
acct_001139,consumer_000919
acct_001140,consumer_000919
acct_001141,consumer_000920
acct_001142,consumer_000921
acct_001143,consumer_000922
acct_001144,consumer_000923
acct_001145,consumer_000924
acct_001146,consumer_000925
acct_001147,consumer_000926
acct_001148,consumer_000927
acct_001149,consumer_000928
acct_001150,consumer_000929
acct_001151,consumer_000930
acct_001152,consumer_000931
acct_001153,consumer_000932
acct_001154,consumer_000933
acct_001155,consumer_000934
acct_001156,consumer_000935
acct_001157,consumer_000936
acct_001158,consumer_000937
acct_001159,consumer_000938
acct_001160,consumer_000939
acct_001161,consumer_000940
acct_001162,consumer_000941
acct_001163,consumer_000942
acct_001164,consumer_000943
acct_001165,consumer_000944
acct_001166,consumer_000945
acct_001167,consumer_000946
acct_001168,consumer_000947
acct_001169,consumer_000947
acct_001170,consumer_000947
acct_001171,consumer_000948
acct_001172,consumer_000949
acct_001173,consumer_000950
acct_001174,consumer_000951
acct_001175,consumer_000952
acct_001176,consumer_000953
acct_001177,consumer_000954
acct_001178,consumer_000955
acct_001179,consumer_000956
acct_001180,consumer_000957
acct_001181,consumer_000958
acct_001182,consumer_000959
acct_001183,consumer_000960
acct_001184,consumer_000961
acct_001185,consumer_000962
acct_001186,consumer_000962
acct_001187,consumer_000962
acct_001188,consumer_000963
acct_001189,consumer_000964
acct_001190,consumer_000965
acct_001191,consumer_000966
acct_001192,consumer_000967
acct_001193,consumer_000968
acct_001194,consumer_000969
acct_001195,consumer_000970
acct_001196,consumer_000971
acct_001197,consumer_000972
acct_001198,consumer_000973
acct_001199,consumer_000974
acct_001200,consumer_000974
acct_001201,consumer_000975
acct_001202,consumer_000976
acct_001203,consumer_000977
acct_001204,consumer_000978
acct_001205,consumer_000978
acct_001206,consumer_000979
acct_001207,consumer_000980
acct_001208,consumer_000981
acct_001209,consumer_000982
acct_001210,consumer_000983
acct_001211,consumer_000984
acct_001212,consumer_000985
acct_001213,consumer_000986
acct_001214,consumer_000987
acct_001215,consumer_000988
acct_001216,consumer_000988
acct_001217,consumer_000989
acct_001218,consumer_000990
acct_001219,consumer_000991
acct_001220,consumer_000992
acct_001221,consumer_000993
acct_001222,consumer_000994
acct_001223,consumer_000995
acct_001224,consumer_000996
acct_001225,consumer_000997
acct_001226,consumer_000998
acct_001227,consumer_000999
acct_001228,consumer_001000
acct_001229,consumer_001001
acct_001230,consumer_001002
acct_001231,consumer_001002
acct_001232,consumer_001002
acct_001233,consumer_001003
acct_001234,consumer_001004
acct_001235,consumer_001005
acct_001236,consumer_001006
acct_001237,consumer_001006
acct_001238,consumer_001006
acct_001239,consumer_001007
acct_001240,consumer_001008
acct_001241,consumer_001009
acct_001242,consumer_001009
acct_001243,consumer_001009
acct_001244,consumer_001010
acct_001245,consumer_001011
acct_001246,consumer_001012
acct_001247,consumer_001013
acct_001248,consumer_001014
acct_001249,consumer_001015
acct_001250,consumer_001015
acct_001251,consumer_001015
acct_001252,consumer_001016
acct_001253,consumer_001017
acct_001254,consumer_001018
acct_001255,consumer_001019
acct_001256,consumer_001020
acct_001257,consumer_001021
acct_001258,consumer_001022
acct_001259,consumer_001022
acct_001260,consumer_001022
acct_001261,consumer_001023
acct_001262,consumer_001024
acct_001263,consumer_001025
acct_001264,consumer_001026
acct_001265,consumer_001026
acct_001266,consumer_001026
acct_001267,consumer_001027
acct_001268,consumer_001028
acct_001269,consumer_001028
acct_001270,consumer_001029
acct_001271,consumer_001030
acct_001272,consumer_001031
acct_001273,consumer_001032
acct_001274,consumer_001033
acct_001275,consumer_001034
acct_001276,consumer_001035
acct_001277,consumer_001036
acct_001278,consumer_001037
acct_001279,consumer_001038
acct_001280,consumer_001038
acct_001281,consumer_001038
acct_001282,consumer_001039
acct_001283,consumer_001040
acct_001284,consumer_001041
acct_001285,consumer_001042
acct_001286,consumer_001043
acct_001287,consumer_001044
acct_001288,consumer_001045
acct_001289,consumer_001046
acct_001290,consumer_001047
acct_001291,consumer_001048
acct_001292,consumer_001049
acct_001293,consumer_001050
acct_001294,consumer_001051
acct_001295,consumer_001052
acct_001296,consumer_001053
acct_001297,consumer_001053
acct_001298,consumer_001053
acct_001299,consumer_001054
acct_001300,consumer_001055
acct_001301,consumer_001055
acct_001302,consumer_001055
acct_001303,consumer_001056
acct_001304,consumer_001057
acct_001305,consumer_001058
acct_001306,consumer_001058
acct_001307,consumer_001058
acct_001308,consumer_001059
acct_001309,consumer_001060
acct_001310,consumer_001061
acct_001311,consumer_001062
acct_001312,consumer_001063
acct_001313,consumer_001064
acct_001314,consumer_001065
acct_001315,consumer_001065
acct_001316,consumer_001066
acct_001317,consumer_001066
acct_001318,consumer_001067
acct_001319,consumer_001068
acct_001320,consumer_001069
acct_001321,consumer_001069
acct_001322,consumer_001070
acct_001323,consumer_001070
acct_001324,consumer_001070
acct_001325,consumer_001071
acct_001326,consumer_001072
acct_001327,consumer_001073
acct_001328,consumer_001074
acct_001329,consumer_001074
acct_001330,consumer_001074
acct_001331,consumer_001075
acct_001332,consumer_001075
acct_001333,consumer_001076
acct_001334,consumer_001077
acct_001335,consumer_001078
acct_001336,consumer_001078
acct_001337,consumer_001078
acct_001338,consumer_001079
acct_001339,consumer_001080
acct_001340,consumer_001080
acct_001341,consumer_001080
acct_001342,consumer_001081
acct_001343,consumer_001081
acct_001344,consumer_001082
acct_001345,consumer_001082
acct_001346,consumer_001082
acct_001347,consumer_001083
acct_001348,consumer_001084
acct_001349,consumer_001085
acct_001350,consumer_001086
acct_001351,consumer_001087
acct_001352,consumer_001088
acct_001353,consumer_001089
acct_001354,consumer_001090
acct_001355,consumer_001091
acct_001356,consumer_001092
acct_001357,consumer_001093
acct_001358,consumer_001094
acct_001359,consumer_001095
acct_001360,consumer_001096
acct_001361,consumer_001097
acct_001362,consumer_001098
acct_001363,consumer_001099
acct_001364,consumer_001100
acct_001365,consumer_001101
acct_001366,consumer_001101
acct_001367,consumer_001101
acct_001368,consumer_001102
acct_001369,consumer_001103
acct_001370,consumer_001104
acct_001371,consumer_001105
acct_001372,consumer_001106
acct_001373,consumer_001107
acct_001374,consumer_001107
acct_001375,consumer_001107
acct_001376,consumer_001108
acct_001377,consumer_001109
acct_001378,consumer_001110
acct_001379,consumer_001111
acct_001380,consumer_001112
acct_001381,consumer_001113
acct_001382,consumer_001114
acct_001383,consumer_001115
acct_001384,consumer_001116
acct_001385,consumer_001117
acct_001386,consumer_001117
acct_001387,consumer_001117
acct_001388,consumer_001118
acct_001389,consumer_001119
acct_001390,consumer_001120
acct_001391,consumer_001120
acct_001392,consumer_001120
acct_001393,consumer_001121
acct_001394,consumer_001122
acct_001395,consumer_001123
acct_001396,consumer_001124
acct_001397,consumer_001125
acct_001398,consumer_001126
acct_001399,consumer_001127
acct_001400,consumer_001128
acct_001401,consumer_001129
acct_001402,consumer_001130
acct_001403,consumer_001131
acct_001404,consumer_001132
acct_001405,consumer_001133
acct_001406,consumer_001134
acct_001407,consumer_001135
acct_001408,consumer_001135
acct_001409,consumer_001136
acct_001410,consumer_001137
acct_001411,consumer_001138
acct_001412,consumer_001139
acct_001413,consumer_001139
acct_001414,consumer_001140
acct_001415,consumer_001141
acct_001416,consumer_001142
acct_001417,consumer_001143
acct_001418,consumer_001144
acct_001419,consumer_001145
acct_001420,consumer_001146
acct_001421,consumer_001147
acct_001422,consumer_001148
acct_001423,consumer_001149
acct_001424,consumer_001150
acct_001425,consumer_001151
acct_001426,consumer_001152
acct_001427,consumer_001153
acct_001428,consumer_001154
acct_001429,consumer_001155
acct_001430,consumer_001156
acct_001431,consumer_001157
acct_001432,consumer_001158
acct_001433,consumer_001159
acct_001434,consumer_001160
acct_001435,consumer_001161
acct_001436,consumer_001162
acct_001437,consumer_001163
acct_001438,consumer_001164
acct_001439,consumer_001165
acct_001440,consumer_001166
acct_001441,consumer_001167
acct_001442,consumer_001167
acct_001443,consumer_001168
acct_001444,consumer_001168
acct_001445,consumer_001168
acct_001446,consumer_001169
acct_001447,consumer_001170
acct_001448,consumer_001171
acct_001449,consumer_001172
acct_001450,consumer_001173
acct_001451,consumer_001173
acct_001452,consumer_001173
acct_001453,consumer_001174
acct_001454,consumer_001175
acct_001455,consumer_001175
acct_001456,consumer_001175
acct_001457,consumer_001176
acct_001458,consumer_001176
acct_001459,consumer_001176
acct_001460,consumer_001177
acct_001461,consumer_001178
acct_001462,consumer_001179
acct_001463,consumer_001180
acct_001464,consumer_001181
acct_001465,consumer_001182
acct_001466,consumer_001183
acct_001467,consumer_001184
acct_001468,consumer_001185
acct_001469,consumer_001186
acct_001470,consumer_001187
acct_001471,consumer_001188
acct_001472,consumer_001189
acct_001473,consumer_001190
acct_001474,consumer_001191
acct_001475,consumer_001192
acct_001476,consumer_001193
acct_001477,consumer_001194
acct_001478,consumer_001195
acct_001479,consumer_001196
acct_001480,consumer_001197
acct_001481,consumer_001198
acct_001482,consumer_001198
acct_001483,consumer_001199
acct_001484,consumer_001200
acct_001485,consumer_001201
acct_001486,consumer_001202
acct_001487,consumer_001202
acct_001488,consumer_001203
acct_001489,consumer_001204
acct_001490,consumer_001205
acct_001491,consumer_001206
acct_001492,consumer_001207
acct_001493,consumer_001208
acct_001494,consumer_001208
acct_001495,consumer_001209
acct_001496,consumer_001210
acct_001497,consumer_001211
acct_001498,consumer_001212
acct_001499,consumer_001213
acct_001500,consumer_001213
acct_001501,consumer_001214
acct_001502,consumer_001215
acct_001503,consumer_001215
acct_001504,consumer_001216
acct_001505,consumer_001217
acct_001506,consumer_001218
acct_001507,consumer_001219
acct_001508,consumer_001220
acct_001509,consumer_001221
acct_001510,consumer_001222
acct_001511,consumer_001223
acct_001512,consumer_001224
acct_001513,consumer_001225
acct_001514,consumer_001226
acct_001515,consumer_001227
acct_001516,consumer_001228
acct_001517,consumer_001228
acct_001518,consumer_001229
acct_001519,consumer_001230
acct_001520,consumer_001231
acct_001521,consumer_001232
acct_001522,consumer_001232
acct_001523,consumer_001232
acct_001524,consumer_001233
acct_001525,consumer_001234
acct_001526,consumer_001235
acct_001527,consumer_001236
acct_001528,consumer_001237
acct_001529,consumer_001238
acct_001530,consumer_001239
acct_001531,consumer_001240
acct_001532,consumer_001241
acct_001533,consumer_001242
acct_001534,consumer_001243
acct_001535,consumer_001244
acct_001536,consumer_001244
acct_001537,consumer_001244
acct_001538,consumer_001245
acct_001539,consumer_001245
acct_001540,consumer_001246
acct_001541,consumer_001247
acct_001542,consumer_001248
acct_001543,consumer_001249
acct_001544,consumer_001250
acct_001545,consumer_001251
acct_001546,consumer_001252
acct_001547,consumer_001253
acct_001548,consumer_001254
acct_001549,consumer_001255
acct_001550,consumer_001256
acct_001551,consumer_001257
acct_001552,consumer_001258
acct_001553,consumer_001259
acct_001554,consumer_001260
acct_001555,consumer_001261
acct_001556,consumer_001262
acct_001557,consumer_001263
acct_001558,consumer_001264
acct_001559,consumer_001264
acct_001560,consumer_001264
acct_001561,consumer_001265
acct_001562,consumer_001265
acct_001563,consumer_001266
acct_001564,consumer_001267
acct_001565,consumer_001268
acct_001566,consumer_001269
acct_001567,consumer_001270
acct_001568,consumer_001271
acct_001569,consumer_001271
acct_001570,consumer_001272
acct_001571,consumer_001273
acct_001572,consumer_001274
acct_001573,consumer_001275
acct_001574,consumer_001276
acct_001575,consumer_001277
acct_001576,consumer_001278
acct_001577,consumer_001279
acct_001578,consumer_001280
acct_001579,consumer_001280
acct_001580,consumer_001280
acct_001581,consumer_001281
acct_001582,consumer_001282
acct_001583,consumer_001282
acct_001584,consumer_001282
acct_001585,consumer_001283
acct_001586,consumer_001284
acct_001587,consumer_001285
acct_001588,consumer_001286
acct_001589,consumer_001287
acct_001590,consumer_001288
acct_001591,consumer_001288
acct_001592,consumer_001289
acct_001593,consumer_001290
acct_001594,consumer_001291
acct_001595,consumer_001292
acct_001596,consumer_001293
acct_001597,consumer_001294
acct_001598,consumer_001295
acct_001599,consumer_001296
acct_001600,consumer_001297
acct_001601,consumer_001298
acct_001602,consumer_001299
acct_001603,consumer_001299
acct_001604,consumer_001299
acct_001605,consumer_001300
acct_001606,consumer_001301
acct_001607,consumer_001302
acct_001608,consumer_001302
acct_001609,consumer_001302
acct_001610,consumer_001303
acct_001611,consumer_001304
acct_001612,consumer_001305
acct_001613,consumer_001306
acct_001614,consumer_001307
acct_001615,consumer_001308
acct_001616,consumer_001309
acct_001617,consumer_001309
acct_001618,consumer_001310
acct_001619,consumer_001311
acct_001620,consumer_001312
acct_001621,consumer_001313
acct_001622,consumer_001314
acct_001623,consumer_001315
acct_001624,consumer_001316
acct_001625,consumer_001317
acct_001626,consumer_001318
acct_001627,consumer_001319
acct_001628,consumer_001320
acct_001629,consumer_001321
acct_001630,consumer_001322
acct_001631,consumer_001323
acct_001632,consumer_001324
acct_001633,consumer_001324
acct_001634,consumer_001324
acct_001635,consumer_001325
acct_001636,consumer_001326
acct_001637,consumer_001327
acct_001638,consumer_001328
acct_001639,consumer_001329
acct_001640,consumer_001330
acct_001641,consumer_001331
acct_001642,consumer_001332
acct_001643,consumer_001333
acct_001644,consumer_001334
acct_001645,consumer_001335
acct_001646,consumer_001336
acct_001647,consumer_001336
acct_001648,consumer_001337
acct_001649,consumer_001338
acct_001650,consumer_001339
acct_001651,consumer_001340
acct_001652,consumer_001341
acct_001653,consumer_001342
acct_001654,consumer_001343
acct_001655,consumer_001344
acct_001656,consumer_001345
acct_001657,consumer_001346
acct_001658,consumer_001347
acct_001659,consumer_001348
acct_001660,consumer_001348
acct_001661,consumer_001349
acct_001662,consumer_001350
acct_001663,consumer_001351
acct_001664,consumer_001352
acct_001665,consumer_001352
acct_001666,consumer_001353
acct_001667,consumer_001354
acct_001668,consumer_001355
acct_001669,consumer_001356
acct_001670,consumer_001357
acct_001671,consumer_001358
acct_001672,consumer_001359
acct_001673,consumer_001360
acct_001674,consumer_001361
acct_001675,consumer_001362
acct_001676,consumer_001363
acct_001677,consumer_001363
acct_001678,consumer_001364
acct_001679,consumer_001364
acct_001680,consumer_001365
acct_001681,consumer_001366
acct_001682,consumer_001366
acct_001683,consumer_001366
acct_001684,consumer_001367
acct_001685,consumer_001368
acct_001686,consumer_001368
acct_001687,consumer_001368
acct_001688,consumer_001369
acct_001689,consumer_001369
acct_001690,consumer_001370
acct_001691,consumer_001371
acct_001692,consumer_001371
acct_001693,consumer_001372
acct_001694,consumer_001372
acct_001695,consumer_001373
acct_001696,consumer_001374
acct_001697,consumer_001375
acct_001698,consumer_001376
acct_001699,consumer_001377
acct_001700,consumer_001378
acct_001701,consumer_001379
acct_001702,consumer_001380
acct_001703,consumer_001381
acct_001704,consumer_001381
acct_001705,consumer_001381
acct_001706,consumer_001382
acct_001707,consumer_001383
acct_001708,consumer_001384
acct_001709,consumer_001385
acct_001710,consumer_001386
acct_001711,consumer_001387
acct_001712,consumer_001388
acct_001713,consumer_001389
acct_001714,consumer_001390
acct_001715,consumer_001391
acct_001716,consumer_001392
acct_001717,consumer_001393
acct_001718,consumer_001394
acct_001719,consumer_001395
acct_001720,consumer_001395
acct_001721,consumer_001395
acct_001722,consumer_001396
acct_001723,consumer_001397
acct_001724,consumer_001398
acct_001725,consumer_001398
acct_001726,consumer_001398
acct_001727,consumer_001399
acct_001728,consumer_001400
acct_001729,consumer_001401
acct_001730,consumer_001402
acct_001731,consumer_001403
acct_001732,consumer_001404
acct_001733,consumer_001405
acct_001734,consumer_001406
acct_001735,consumer_001407
acct_001736,consumer_001408
acct_001737,consumer_001409
acct_001738,consumer_001410
acct_001739,consumer_001411
acct_001740,consumer_001412
acct_001741,consumer_001413
acct_001742,consumer_001414
acct_001743,consumer_001415
acct_001744,consumer_001416
acct_001745,consumer_001416
acct_001746,consumer_001416
acct_001747,consumer_001417
acct_001748,consumer_001418
acct_001749,consumer_001419
acct_001750,consumer_001420
acct_001751,consumer_001421
acct_001752,consumer_001422
acct_001753,consumer_001423
acct_001754,consumer_001424
acct_001755,consumer_001425
acct_001756,consumer_001426
acct_001757,consumer_001427
acct_001758,consumer_001428
acct_001759,consumer_001429
acct_001760,consumer_001430
acct_001761,consumer_001431
acct_001762,consumer_001432
acct_001763,consumer_001433
acct_001764,consumer_001433
acct_001765,consumer_001434
acct_001766,consumer_001435
acct_001767,consumer_001436
acct_001768,consumer_001437
acct_001769,consumer_001438
acct_001770,consumer_001439
acct_001771,consumer_001440
acct_001772,consumer_001441
acct_001773,consumer_001442
acct_001774,consumer_001443
acct_001775,consumer_001444
acct_001776,consumer_001445
acct_001777,consumer_001446
acct_001778,consumer_001447
acct_001779,consumer_001448
acct_001780,consumer_001449
acct_001781,consumer_001450
acct_001782,consumer_001451
acct_001783,consumer_001452
acct_001784,consumer_001452
acct_001785,consumer_001452
acct_001786,consumer_001453
acct_001787,consumer_001454
acct_001788,consumer_001455
acct_001789,consumer_001455
acct_001790,consumer_001455
acct_001791,consumer_001456
acct_001792,consumer_001457
acct_001793,consumer_001458
acct_001794,consumer_001458
acct_001795,consumer_001459
acct_001796,consumer_001460
acct_001797,consumer_001461
acct_001798,consumer_001462
acct_001799,consumer_001463
acct_001800,consumer_001464
acct_001801,consumer_001465
acct_001802,consumer_001466
acct_001803,consumer_001467
acct_001804,consumer_001468
acct_001805,consumer_001468
acct_001806,consumer_001469
acct_001807,consumer_001470
acct_001808,consumer_001471
acct_001809,consumer_001472
acct_001810,consumer_001473
acct_001811,consumer_001473
acct_001812,consumer_001474
acct_001813,consumer_001475
acct_001814,consumer_001476
acct_001815,consumer_001477
acct_001816,consumer_001478
acct_001817,consumer_001478
acct_001818,consumer_001478
acct_001819,consumer_001479
acct_001820,consumer_001479
acct_001821,consumer_001480
acct_001822,consumer_001481
acct_001823,consumer_001482
acct_001824,consumer_001483
acct_001825,consumer_001484
acct_001826,consumer_001485
acct_001827,consumer_001486
acct_001828,consumer_001487
acct_001829,consumer_001488
acct_001830,consumer_001489
acct_001831,consumer_001490
acct_001832,consumer_001491
acct_001833,consumer_001492
acct_001834,consumer_001493
acct_001835,consumer_001493
acct_001836,consumer_001493
acct_001837,consumer_001494
acct_001838,consumer_001495
acct_001839,consumer_001496
acct_001840,consumer_001496
acct_001841,consumer_001496
acct_001842,consumer_001497
acct_001843,consumer_001498
acct_001844,consumer_001499
acct_001845,consumer_001500
acct_001846,consumer_001500
acct_001847,consumer_001501
acct_001848,consumer_001502
acct_001849,consumer_001503
acct_001850,consumer_001504
acct_001851,consumer_001505
acct_001852,consumer_001506
acct_001853,consumer_001507
acct_001854,consumer_001508
acct_001855,consumer_001509
acct_001856,consumer_001509
acct_001857,consumer_001509
acct_001858,consumer_001510
acct_001859,consumer_001510
acct_001860,consumer_001510
acct_001861,consumer_001511
acct_001862,consumer_001512
acct_001863,consumer_001513
acct_001864,consumer_001514
acct_001865,consumer_001515
acct_001866,consumer_001516
acct_001867,consumer_001517
acct_001868,consumer_001518
acct_001869,consumer_001519
acct_001870,consumer_001520
acct_001871,consumer_001521
acct_001872,consumer_001522
acct_001873,consumer_001523
acct_001874,consumer_001523
acct_001875,consumer_001523
acct_001876,consumer_001524
acct_001877,consumer_001525
acct_001878,consumer_001526
acct_001879,consumer_001526
acct_001880,consumer_001527
acct_001881,consumer_001528
acct_001882,consumer_001529
acct_001883,consumer_001530
acct_001884,consumer_001531
acct_001885,consumer_001532
acct_001886,consumer_001533
acct_001887,consumer_001534
acct_001888,consumer_001535
acct_001889,consumer_001536
acct_001890,consumer_001537
acct_001891,consumer_001538
acct_001892,consumer_001539
acct_001893,consumer_001540
acct_001894,consumer_001541
acct_001895,consumer_001542
acct_001896,consumer_001543
acct_001897,consumer_001544
acct_001898,consumer_001544
acct_001899,consumer_001545
acct_001900,consumer_001546
acct_001901,consumer_001547
acct_001902,consumer_001548
acct_001903,consumer_001549
acct_001904,consumer_001550
acct_001905,consumer_001551
acct_001906,consumer_001552
acct_001907,consumer_001553
acct_001908,consumer_001554
acct_001909,consumer_001555
acct_001910,consumer_001556
acct_001911,consumer_001556
acct_001912,consumer_001556
acct_001913,consumer_001557
acct_001914,consumer_001558
acct_001915,consumer_001559
acct_001916,consumer_001560
acct_001917,consumer_001561
acct_001918,consumer_001562
acct_001919,consumer_001563
acct_001920,consumer_001564
acct_001921,consumer_001565
acct_001922,consumer_001565
acct_001923,consumer_001566
acct_001924,consumer_001567
acct_001925,consumer_001568
acct_001926,consumer_001569
acct_001927,consumer_001570
acct_001928,consumer_001571
acct_001929,consumer_001571
acct_001930,consumer_001571
acct_001931,consumer_001572
acct_001932,consumer_001573
acct_001933,consumer_001574
acct_001934,consumer_001575
acct_001935,consumer_001576
acct_001936,consumer_001577
acct_001937,consumer_001578
acct_001938,consumer_001579
acct_001939,consumer_001580
acct_001940,consumer_001581
acct_001941,consumer_001582
acct_001942,consumer_001583
acct_001943,consumer_001584
acct_001944,consumer_001585
acct_001945,consumer_001586
acct_001946,consumer_001587
acct_001947,consumer_001588
acct_001948,consumer_001589
acct_001949,consumer_001590
acct_001950,consumer_001591
acct_001951,consumer_001592
acct_001952,consumer_001593
acct_001953,consumer_001594
acct_001954,consumer_001595
acct_001955,consumer_001596
acct_001956,consumer_001596
acct_001957,consumer_001597
acct_001958,consumer_001598
acct_001959,consumer_001599
acct_001960,consumer_001600
acct_001961,consumer_001601
acct_001962,consumer_001602
acct_001963,consumer_001603
acct_001964,consumer_001604
acct_001965,consumer_001605
acct_001966,consumer_001606
acct_001967,consumer_001606
acct_001968,consumer_001606
acct_001969,consumer_001607
acct_001970,consumer_001608
acct_001971,consumer_001609
acct_001972,consumer_001610
acct_001973,consumer_001611
acct_001974,consumer_001612
acct_001975,consumer_001613
acct_001976,consumer_001614
acct_001977,consumer_001615
acct_001978,consumer_001616
acct_001979,consumer_001617
acct_001980,consumer_001618
acct_001981,consumer_001619
acct_001982,consumer_001620
acct_001983,consumer_001621
acct_001984,consumer_001622
acct_001985,consumer_001623
acct_001986,consumer_001624
acct_001987,consumer_001625
acct_001988,consumer_001626
acct_001989,consumer_001626
acct_001990,consumer_001627
acct_001991,consumer_001628
acct_001992,consumer_001629
acct_001993,consumer_001630
acct_001994,consumer_001631
acct_001995,consumer_001632
acct_001996,consumer_001633
acct_001997,consumer_001634
acct_001998,consumer_001634
acct_001999,consumer_001635
acct_002000,consumer_001636
acct_002001,consumer_001637
acct_002002,consumer_001638
acct_002003,consumer_001639
acct_002004,consumer_001639
acct_002005,consumer_001640
acct_002006,consumer_001641
acct_002007,consumer_001642
acct_002008,consumer_001643
acct_002009,consumer_001643
acct_002010,consumer_001643
acct_002011,consumer_001644
acct_002012,consumer_001645
acct_002013,consumer_001646
acct_002014,consumer_001647
acct_002015,consumer_001648
acct_002016,consumer_001649
acct_002017,consumer_001650
acct_002018,consumer_001651
acct_002019,consumer_001652
acct_002020,consumer_001653
acct_002021,consumer_001654
acct_002022,consumer_001655
acct_002023,consumer_001656
acct_002024,consumer_001656
acct_002025,consumer_001657
acct_002026,consumer_001658
acct_002027,consumer_001659
acct_002028,consumer_001660
acct_002029,consumer_001661
acct_002030,consumer_001662
acct_002031,consumer_001663
acct_002032,consumer_001664
acct_002033,consumer_001665
acct_002034,consumer_001666
acct_002035,consumer_001667
acct_002036,consumer_001668
acct_002037,consumer_001669
acct_002038,consumer_001670
acct_002039,consumer_001671
acct_002040,consumer_001672
acct_002041,consumer_001673
acct_002042,consumer_001674
acct_002043,consumer_001675
acct_002044,consumer_001676
acct_002045,consumer_001677
acct_002046,consumer_001678
acct_002047,consumer_001679
acct_002048,consumer_001680
acct_002049,consumer_001680
acct_002050,consumer_001680
acct_002051,consumer_001681
acct_002052,consumer_001681
acct_002053,consumer_001681
acct_002054,consumer_001682
acct_002055,consumer_001683
acct_002056,consumer_001683
acct_002057,consumer_001684
acct_002058,consumer_001685
acct_002059,consumer_001686
acct_002060,consumer_001687
acct_002061,consumer_001688
acct_002062,consumer_001689
acct_002063,consumer_001690
acct_002064,consumer_001691
acct_002065,consumer_001692
acct_002066,consumer_001693
acct_002067,consumer_001694
acct_002068,consumer_001695
acct_002069,consumer_001696
acct_002070,consumer_001697
acct_002071,consumer_001698
acct_002072,consumer_001699
acct_002073,consumer_001700
acct_002074,consumer_001701
acct_002075,consumer_001702
acct_002076,consumer_001703
acct_002077,consumer_001704
acct_002078,consumer_001705
acct_002079,consumer_001706
acct_002080,consumer_001706
acct_002081,consumer_001706
acct_002082,consumer_001707
acct_002083,consumer_001708
acct_002084,consumer_001708
acct_002085,consumer_001708
acct_002086,consumer_001709
acct_002087,consumer_001710
acct_002088,consumer_001711
acct_002089,consumer_001712
acct_002090,consumer_001713
acct_002091,consumer_001714
acct_002092,consumer_001714
acct_002093,consumer_001714
acct_002094,consumer_001715
acct_002095,consumer_001716
acct_002096,consumer_001717
acct_002097,consumer_001718
acct_002098,consumer_001719
acct_002099,consumer_001720
acct_002100,consumer_001721
acct_002101,consumer_001722
acct_002102,consumer_001723
acct_002103,consumer_001724
acct_002104,consumer_001725
acct_002105,consumer_001726
acct_002106,consumer_001727
acct_002107,consumer_001728
acct_002108,consumer_001729
acct_002109,consumer_001730
acct_002110,consumer_001731
acct_002111,consumer_001732
acct_002112,consumer_001733
acct_002113,consumer_001734
acct_002114,consumer_001735
acct_002115,consumer_001735
acct_002116,consumer_001736
acct_002117,consumer_001737
acct_002118,consumer_001738
acct_002119,consumer_001739
acct_002120,consumer_001740
acct_002121,consumer_001741
acct_002122,consumer_001742
acct_002123,consumer_001743
acct_002124,consumer_001744
acct_002125,consumer_001745
acct_002126,consumer_001745
acct_002127,consumer_001746
acct_002128,consumer_001747
acct_002129,consumer_001748
acct_002130,consumer_001749
acct_002131,consumer_001750
acct_002132,consumer_001751
acct_002133,consumer_001752
acct_002134,consumer_001753
acct_002135,consumer_001753
acct_002136,consumer_001753
acct_002137,consumer_001754
acct_002138,consumer_001754
acct_002139,consumer_001755
acct_002140,consumer_001755
acct_002141,consumer_001756
acct_002142,consumer_001757
acct_002143,consumer_001758
acct_002144,consumer_001759
acct_002145,consumer_001759
acct_002146,consumer_001759
acct_002147,consumer_001760
acct_002148,consumer_001761
acct_002149,consumer_001762
acct_002150,consumer_001763
acct_002151,consumer_001764
acct_002152,consumer_001765
acct_002153,consumer_001766
acct_002154,consumer_001767
acct_002155,consumer_001767
acct_002156,consumer_001768
acct_002157,consumer_001769
acct_002158,consumer_001770
acct_002159,consumer_001771
acct_002160,consumer_001772
acct_002161,consumer_001773
acct_002162,consumer_001774
acct_002163,consumer_001775
acct_002164,consumer_001776
acct_002165,consumer_001776
acct_002166,consumer_001777
acct_002167,consumer_001778
acct_002168,consumer_001779
acct_002169,consumer_001780
acct_002170,consumer_001781
acct_002171,consumer_001782
acct_002172,consumer_001782
acct_002173,consumer_001782
acct_002174,consumer_001783
acct_002175,consumer_001783
acct_002176,consumer_001784
acct_002177,consumer_001785
acct_002178,consumer_001786
acct_002179,consumer_001787
acct_002180,consumer_001788
acct_002181,consumer_001789
acct_002182,consumer_001790
acct_002183,consumer_001790
acct_002184,consumer_001791
acct_002185,consumer_001792
acct_002186,consumer_001793
acct_002187,consumer_001794
acct_002188,consumer_001795
acct_002189,consumer_001796
acct_002190,consumer_001797
acct_002191,consumer_001798
acct_002192,consumer_001799
acct_002193,consumer_001800
acct_002194,consumer_001801
acct_002195,consumer_001802
acct_002196,consumer_001803
acct_002197,consumer_001804
acct_002198,consumer_001805
acct_002199,consumer_001806
acct_002200,consumer_001807
acct_002201,consumer_001808
acct_002202,consumer_001809
acct_002203,consumer_001810
acct_002204,consumer_001811
acct_002205,consumer_001812
acct_002206,consumer_001813
acct_002207,consumer_001814
acct_002208,consumer_001815
acct_002209,consumer_001816
acct_002210,consumer_001817
acct_002211,consumer_001818
acct_002212,consumer_001819
acct_002213,consumer_001820
acct_002214,consumer_001821
acct_002215,consumer_001822
acct_002216,consumer_001823
acct_002217,consumer_001824
acct_002218,consumer_001825
acct_002219,consumer_001826
acct_002220,consumer_001827
acct_002221,consumer_001828
acct_002222,consumer_001829
acct_002223,consumer_001830
acct_002224,consumer_001831
acct_002225,consumer_001831
acct_002226,consumer_001831
acct_002227,consumer_001832
acct_002228,consumer_001833
acct_002229,consumer_001834
acct_002230,consumer_001835
acct_002231,consumer_001836
acct_002232,consumer_001836
acct_002233,consumer_001837
acct_002234,consumer_001838
acct_002235,consumer_001839
acct_002236,consumer_001840
acct_002237,consumer_001841
acct_002238,consumer_001841
acct_002239,consumer_001842
acct_002240,consumer_001843
acct_002241,consumer_001844
acct_002242,consumer_001845
acct_002243,consumer_001845
acct_002244,consumer_001846
acct_002245,consumer_001847
acct_002246,consumer_001848
acct_002247,consumer_001849
acct_002248,consumer_001850
acct_002249,consumer_001851
acct_002250,consumer_001852
acct_002251,consumer_001853
acct_002252,consumer_001854
acct_002253,consumer_001854
acct_002254,consumer_001855
acct_002255,consumer_001856
acct_002256,consumer_001857
acct_002257,consumer_001857
acct_002258,consumer_001858
acct_002259,consumer_001858
acct_002260,consumer_001859
acct_002261,consumer_001860
acct_002262,consumer_001860
acct_002263,consumer_001860
acct_002264,consumer_001861
acct_002265,consumer_001862
acct_002266,consumer_001863
acct_002267,consumer_001863
acct_002268,consumer_001863
acct_002269,consumer_001864
acct_002270,consumer_001865
acct_002271,consumer_001866
acct_002272,consumer_001867
acct_002273,consumer_001868
acct_002274,consumer_001868
acct_002275,consumer_001869
acct_002276,consumer_001870
acct_002277,consumer_001871
acct_002278,consumer_001872
acct_002279,consumer_001873
acct_002280,consumer_001873
acct_002281,consumer_001873
acct_002282,consumer_001874
acct_002283,consumer_001875
acct_002284,consumer_001876
acct_002285,consumer_001877
acct_002286,consumer_001878
acct_002287,consumer_001879
acct_002288,consumer_001880
acct_002289,consumer_001881
acct_002290,consumer_001882
acct_002291,consumer_001883
acct_002292,consumer_001884
acct_002293,consumer_001884
acct_002294,consumer_001885
acct_002295,consumer_001886
acct_002296,consumer_001887
acct_002297,consumer_001888
acct_002298,consumer_001889
acct_002299,consumer_001889
acct_002300,consumer_001890
acct_002301,consumer_001891
acct_002302,consumer_001892
acct_002303,consumer_001893
acct_002304,consumer_001893
acct_002305,consumer_001893
acct_002306,consumer_001894
acct_002307,consumer_001895
acct_002308,consumer_001896
acct_002309,consumer_001897
acct_002310,consumer_001898
acct_002311,consumer_001899
acct_002312,consumer_001900
acct_002313,consumer_001901
acct_002314,consumer_001902
acct_002315,consumer_001903
acct_002316,consumer_001903
acct_002317,consumer_001903
acct_002318,consumer_001904
acct_002319,consumer_001905
acct_002320,consumer_001905
acct_002321,consumer_001905
acct_002322,consumer_001906
acct_002323,consumer_001907
acct_002324,consumer_001908
acct_002325,consumer_001908
acct_002326,consumer_001909
acct_002327,consumer_001910
acct_002328,consumer_001911
acct_002329,consumer_001912
acct_002330,consumer_001913
acct_002331,consumer_001914
acct_002332,consumer_001915
acct_002333,consumer_001916
acct_002334,consumer_001917
acct_002335,consumer_001918
acct_002336,consumer_001918
acct_002337,consumer_001918
acct_002338,consumer_001919
acct_002339,consumer_001920
acct_002340,consumer_001921
acct_002341,consumer_001922
acct_002342,consumer_001923
acct_002343,consumer_001924
acct_002344,consumer_001925
acct_002345,consumer_001926
acct_002346,consumer_001927
acct_002347,consumer_001928
acct_002348,consumer_001929
acct_002349,consumer_001930
acct_002350,consumer_001931
acct_002351,consumer_001932
acct_002352,consumer_001932
acct_002353,consumer_001933
acct_002354,consumer_001934
acct_002355,consumer_001935
acct_002356,consumer_001935
acct_002357,consumer_001936
acct_002358,consumer_001937
acct_002359,consumer_001938
acct_002360,consumer_001939
acct_002361,consumer_001940
acct_002362,consumer_001941
acct_002363,consumer_001942
acct_002364,consumer_001943
acct_002365,consumer_001944
acct_002366,consumer_001945
acct_002367,consumer_001946
acct_002368,consumer_001947
acct_002369,consumer_001948
acct_002370,consumer_001949
acct_002371,consumer_001949
acct_002372,consumer_001950
acct_002373,consumer_001950
acct_002374,consumer_001950
acct_002375,consumer_001951
acct_002376,consumer_001952
acct_002377,consumer_001953
acct_002378,consumer_001954
acct_002379,consumer_001955
acct_002380,consumer_001956
acct_002381,consumer_001957
acct_002382,consumer_001958
acct_002383,consumer_001959
acct_002384,consumer_001960
acct_002385,consumer_001961
acct_002386,consumer_001962
acct_002387,consumer_001963
acct_002388,consumer_001963
acct_002389,consumer_001964
acct_002390,consumer_001965
acct_002391,consumer_001966
acct_002392,consumer_001967
acct_002393,consumer_001968
acct_002394,consumer_001969
acct_002395,consumer_001969
acct_002396,consumer_001969
acct_002397,consumer_001970
acct_002398,consumer_001971
acct_002399,consumer_001972
acct_002400,consumer_001973
acct_002401,consumer_001974
acct_002402,consumer_001975
acct_002403,consumer_001975
acct_002404,consumer_001976
acct_002405,consumer_001977
acct_002406,consumer_001978
acct_002407,consumer_001979
acct_002408,consumer_001980
acct_002409,consumer_001981
acct_002410,consumer_001982
acct_002411,consumer_001983
acct_002412,consumer_001984
acct_002413,consumer_001985
acct_002414,consumer_001986
acct_002415,consumer_001986
acct_002416,consumer_001987
acct_002417,consumer_001988
acct_002418,consumer_001989
acct_002419,consumer_001990
acct_002420,consumer_001991
acct_002421,consumer_001991
acct_002422,consumer_001991
acct_002423,consumer_001992
acct_002424,consumer_001993
acct_002425,consumer_001994
acct_002426,consumer_001995
acct_002427,consumer_001996
acct_002428,consumer_001996
acct_002429,consumer_001997
acct_002430,consumer_001998
acct_002431,consumer_001999
acct_002432,consumer_002000
acct_002433,consumer_002000
acct_002434,consumer_002000
acct_002435,consumer_002001
acct_002436,consumer_002002
acct_002437,consumer_002003
acct_002438,consumer_002004
acct_002439,consumer_002005
acct_002440,consumer_002006
acct_002441,consumer_002007
acct_002442,consumer_002008
acct_002443,consumer_002009
acct_002444,consumer_002010
acct_002445,consumer_002011
acct_002446,consumer_002012
acct_002447,consumer_002013
acct_002448,consumer_002014
acct_002449,consumer_002015
acct_002450,consumer_002016
acct_002451,consumer_002017
acct_002452,consumer_002018
acct_002453,consumer_002019
acct_002454,consumer_002020
acct_002455,consumer_002021
acct_002456,consumer_002022
acct_002457,consumer_002023
acct_002458,consumer_002024
acct_002459,consumer_002024
acct_002460,consumer_002024
acct_002461,consumer_002025
acct_002462,consumer_002026
acct_002463,consumer_002027
acct_002464,consumer_002028
acct_002465,consumer_002029
acct_002466,consumer_002030
acct_002467,consumer_002031
acct_002468,consumer_002032
acct_002469,consumer_002032
acct_002470,consumer_002033
acct_002471,consumer_002034
acct_002472,consumer_002035
acct_002473,consumer_002036
acct_002474,consumer_002037
acct_002475,consumer_002037
acct_002476,consumer_002037
acct_002477,consumer_002038
acct_002478,consumer_002039
acct_002479,consumer_002040
acct_002480,consumer_002041
acct_002481,consumer_002042
acct_002482,consumer_002043
acct_002483,consumer_002044
acct_002484,consumer_002045
acct_002485,consumer_002046
acct_002486,consumer_002047
acct_002487,consumer_002048
acct_002488,consumer_002049
acct_002489,consumer_002050
acct_002490,consumer_002051
acct_002491,consumer_002051
acct_002492,consumer_002052
acct_002493,consumer_002053
acct_002494,consumer_002054
acct_002495,consumer_002054
acct_002496,consumer_002055
acct_002497,consumer_002056
acct_002498,consumer_002056
acct_002499,consumer_002057
acct_002500,consumer_002058
acct_002501,consumer_002058
acct_002502,consumer_002058
acct_002503,consumer_002059
acct_002504,consumer_002060
acct_002505,consumer_002061
acct_002506,consumer_002062
acct_002507,consumer_002062
acct_002508,consumer_002062
acct_002509,consumer_002063
acct_002510,consumer_002064
acct_002511,consumer_002064
acct_002512,consumer_002064
acct_002513,consumer_002065
acct_002514,consumer_002066
acct_002515,consumer_002066
acct_002516,consumer_002066
acct_002517,consumer_002067
acct_002518,consumer_002068
acct_002519,consumer_002069
acct_002520,consumer_002070
acct_002521,consumer_002071
acct_002522,consumer_002072
acct_002523,consumer_002073
acct_002524,consumer_002074
acct_002525,consumer_002074
acct_002526,consumer_002074
acct_002527,consumer_002075
acct_002528,consumer_002075
acct_002529,consumer_002076
acct_002530,consumer_002077
acct_002531,consumer_002078
acct_002532,consumer_002079
acct_002533,consumer_002080
acct_002534,consumer_002081
acct_002535,consumer_002082
acct_002536,consumer_002083
acct_002537,consumer_002084
acct_002538,consumer_002085
acct_002539,consumer_002086
acct_002540,consumer_002087
acct_002541,consumer_002088
acct_002542,consumer_002088
acct_002543,consumer_002088
acct_002544,consumer_002089
acct_002545,consumer_002090
acct_002546,consumer_002091
acct_002547,consumer_002092
acct_002548,consumer_002093
acct_002549,consumer_002094
acct_002550,consumer_002095
acct_002551,consumer_002096
acct_002552,consumer_002097
acct_002553,consumer_002098
acct_002554,consumer_002098
acct_002555,consumer_002098
acct_002556,consumer_002099
acct_002557,consumer_002100
acct_002558,consumer_002101
acct_002559,consumer_002102
acct_002560,consumer_002103
acct_002561,consumer_002104
acct_002562,consumer_002104
acct_002563,consumer_002105
acct_002564,consumer_002106
acct_002565,consumer_002107
acct_002566,consumer_002108
acct_002567,consumer_002109
acct_002568,consumer_002110
acct_002569,consumer_002110
acct_002570,consumer_002111
acct_002571,consumer_002112
acct_002572,consumer_002112
acct_002573,consumer_002113
acct_002574,consumer_002114
acct_002575,consumer_002115
acct_002576,consumer_002115
acct_002577,consumer_002116
acct_002578,consumer_002117
acct_002579,consumer_002117
acct_002580,consumer_002117
acct_002581,consumer_002118
acct_002582,consumer_002119
acct_002583,consumer_002120
acct_002584,consumer_002121
acct_002585,consumer_002122
acct_002586,consumer_002123
acct_002587,consumer_002124
acct_002588,consumer_002125
acct_002589,consumer_002125
acct_002590,consumer_002125
acct_002591,consumer_002126
acct_002592,consumer_002127
acct_002593,consumer_002128
acct_002594,consumer_002129
acct_002595,consumer_002130
acct_002596,consumer_002131
acct_002597,consumer_002132
acct_002598,consumer_002133
acct_002599,consumer_002134
acct_002600,consumer_002135
acct_002601,consumer_002136
acct_002602,consumer_002137
acct_002603,consumer_002138
acct_002604,consumer_002139
acct_002605,consumer_002140
acct_002606,consumer_002141
acct_002607,consumer_002142
acct_002608,consumer_002143
acct_002609,consumer_002144
acct_002610,consumer_002145
acct_002611,consumer_002146
acct_002612,consumer_002147
acct_002613,consumer_002148
acct_002614,consumer_002149
acct_002615,consumer_002150
acct_002616,consumer_002151
acct_002617,consumer_002152
acct_002618,consumer_002153
acct_002619,consumer_002154
acct_002620,consumer_002154
acct_002621,consumer_002154
acct_002622,consumer_002155
acct_002623,consumer_002156
acct_002624,consumer_002157
acct_002625,consumer_002158
acct_002626,consumer_002159
acct_002627,consumer_002160
acct_002628,consumer_002161
acct_002629,consumer_002162
acct_002630,consumer_002163
acct_002631,consumer_002164
acct_002632,consumer_002165
acct_002633,consumer_002166
acct_002634,consumer_002167
acct_002635,consumer_002168
acct_002636,consumer_002169
acct_002637,consumer_002170
acct_002638,consumer_002171
acct_002639,consumer_002172
acct_002640,consumer_002172
acct_002641,consumer_002172
acct_002642,consumer_002173
acct_002643,consumer_002174
acct_002644,consumer_002175
acct_002645,consumer_002176
acct_002646,consumer_002177
acct_002647,consumer_002177
acct_002648,consumer_002178
acct_002649,consumer_002179
acct_002650,consumer_002179
acct_002651,consumer_002180
acct_002652,consumer_002181
acct_002653,consumer_002182
acct_002654,consumer_002183
acct_002655,consumer_002183
acct_002656,consumer_002184
acct_002657,consumer_002185
acct_002658,consumer_002186
acct_002659,consumer_002187
acct_002660,consumer_002187
acct_002661,consumer_002187
acct_002662,consumer_002188
acct_002663,consumer_002189
acct_002664,consumer_002190
acct_002665,consumer_002191
acct_002666,consumer_002192
acct_002667,consumer_002193
acct_002668,consumer_002194
acct_002669,consumer_002195
acct_002670,consumer_002196
acct_002671,consumer_002197
acct_002672,consumer_002198
acct_002673,consumer_002198
acct_002674,consumer_002198
acct_002675,consumer_002199
acct_002676,consumer_002199
acct_002677,consumer_002200
acct_002678,consumer_002201
acct_002679,consumer_002202
acct_002680,consumer_002203
acct_002681,consumer_002204
acct_002682,consumer_002205
acct_002683,consumer_002206
acct_002684,consumer_002207
acct_002685,consumer_002208
acct_002686,consumer_002208
acct_002687,consumer_002209
acct_002688,consumer_002210
acct_002689,consumer_002211
acct_002690,consumer_002212
acct_002691,consumer_002213
acct_002692,consumer_002214
acct_002693,consumer_002215
acct_002694,consumer_002216
acct_002695,consumer_002217
acct_002696,consumer_002218
acct_002697,consumer_002219
acct_002698,consumer_002220
acct_002699,consumer_002221
acct_002700,consumer_002222
acct_002701,consumer_002223
acct_002702,consumer_002224
acct_002703,consumer_002224
acct_002704,consumer_002224
acct_002705,consumer_002225
acct_002706,consumer_002226
acct_002707,consumer_002227
acct_002708,consumer_002228
acct_002709,consumer_002229
acct_002710,consumer_002230
acct_002711,consumer_002231
acct_002712,consumer_002232
acct_002713,consumer_002233
acct_002714,consumer_002234
acct_002715,consumer_002234
acct_002716,consumer_002235
acct_002717,consumer_002235
acct_002718,consumer_002236
acct_002719,consumer_002237
acct_002720,consumer_002237
acct_002721,consumer_002237
acct_002722,consumer_002238
acct_002723,consumer_002239
acct_002724,consumer_002240
acct_002725,consumer_002241
acct_002726,consumer_002242
acct_002727,consumer_002243
acct_002728,consumer_002244
acct_002729,consumer_002244
acct_002730,consumer_002244
acct_002731,consumer_002245
acct_002732,consumer_002246
acct_002733,consumer_002247
acct_002734,consumer_002247
acct_002735,consumer_002248
acct_002736,consumer_002249
acct_002737,consumer_002250
acct_002738,consumer_002251
acct_002739,consumer_002252
acct_002740,consumer_002253
acct_002741,consumer_002253
acct_002742,consumer_002254
acct_002743,consumer_002255
acct_002744,consumer_002255
acct_002745,consumer_002256
acct_002746,consumer_002257
acct_002747,consumer_002258
acct_002748,consumer_002259
acct_002749,consumer_002259
acct_002750,consumer_002260
acct_002751,consumer_002261
acct_002752,consumer_002262
acct_002753,consumer_002263
acct_002754,consumer_002264
acct_002755,consumer_002265
acct_002756,consumer_002266
acct_002757,consumer_002267
acct_002758,consumer_002268
acct_002759,consumer_002269
acct_002760,consumer_002269
acct_002761,consumer_002269
acct_002762,consumer_002270
acct_002763,consumer_002271
acct_002764,consumer_002272
acct_002765,consumer_002273
acct_002766,consumer_002274
acct_002767,consumer_002275
acct_002768,consumer_002276
acct_002769,consumer_002277
acct_002770,consumer_002277
acct_002771,consumer_002278
acct_002772,consumer_002278
acct_002773,consumer_002279
acct_002774,consumer_002280
acct_002775,consumer_002281
acct_002776,consumer_002282
acct_002777,consumer_002283
acct_002778,consumer_002284
acct_002779,consumer_002285
acct_002780,consumer_002286
acct_002781,consumer_002286
acct_002782,consumer_002287
acct_002783,consumer_002288
acct_002784,consumer_002289
acct_002785,consumer_002290
acct_002786,consumer_002291
acct_002787,consumer_002292
acct_002788,consumer_002292
acct_002789,consumer_002292
acct_002790,consumer_002293
acct_002791,consumer_002294
acct_002792,consumer_002295
acct_002793,consumer_002296
acct_002794,consumer_002297
acct_002795,consumer_002298
acct_002796,consumer_002299
acct_002797,consumer_002300
acct_002798,consumer_002301
acct_002799,consumer_002302
acct_002800,consumer_002303
acct_002801,consumer_002304
acct_002802,consumer_002305
acct_002803,consumer_002306
acct_002804,consumer_002307
acct_002805,consumer_002308
acct_002806,consumer_002309
acct_002807,consumer_002310
acct_002808,consumer_002311
acct_002809,consumer_002311
acct_002810,consumer_002311
acct_002811,consumer_002312
acct_002812,consumer_002312
acct_002813,consumer_002312
acct_002814,consumer_002313
acct_002815,consumer_002314
acct_002816,consumer_002314
acct_002817,consumer_002314
acct_002818,consumer_002315
acct_002819,consumer_002316
acct_002820,consumer_002317
acct_002821,consumer_002318
acct_002822,consumer_002319
acct_002823,consumer_002319
acct_002824,consumer_002319
acct_002825,consumer_002320
acct_002826,consumer_002321
acct_002827,consumer_002322
acct_002828,consumer_002323
acct_002829,consumer_002324
acct_002830,consumer_002324
acct_002831,consumer_002324
acct_002832,consumer_002325
acct_002833,consumer_002325
acct_002834,consumer_002325
acct_002835,consumer_002326
acct_002836,consumer_002327
acct_002837,consumer_002328
acct_002838,consumer_002329
acct_002839,consumer_002330
acct_002840,consumer_002331
acct_002841,consumer_002332
acct_002842,consumer_002333
acct_002843,consumer_002334
acct_002844,consumer_002335
acct_002845,consumer_002335
acct_002846,consumer_002335
acct_002847,consumer_002336
acct_002848,consumer_002337
acct_002849,consumer_002338
acct_002850,consumer_002339
acct_002851,consumer_002339
acct_002852,consumer_002340
acct_002853,consumer_002341
acct_002854,consumer_002342
acct_002855,consumer_002343
acct_002856,consumer_002344
acct_002857,consumer_002345
acct_002858,consumer_002345
acct_002859,consumer_002345
acct_002860,consumer_002346
acct_002861,consumer_002347
acct_002862,consumer_002348
acct_002863,consumer_002349
acct_002864,consumer_002349
acct_002865,consumer_002349
acct_002866,consumer_002350
acct_002867,consumer_002351
acct_002868,consumer_002352
acct_002869,consumer_002353
acct_002870,consumer_002354
acct_002871,consumer_002354
acct_002872,consumer_002354
acct_002873,consumer_002355
acct_002874,consumer_002356
acct_002875,consumer_002357
acct_002876,consumer_002358
acct_002877,consumer_002359
acct_002878,consumer_002360
acct_002879,consumer_002361
acct_002880,consumer_002362
acct_002881,consumer_002363
acct_002882,consumer_002364
acct_002883,consumer_002365
acct_002884,consumer_002365
acct_002885,consumer_002366
acct_002886,consumer_002367
acct_002887,consumer_002368
acct_002888,consumer_002369
acct_002889,consumer_002370
acct_002890,consumer_002370
acct_002891,consumer_002370
acct_002892,consumer_002371
acct_002893,consumer_002372
acct_002894,consumer_002372
acct_002895,consumer_002373
acct_002896,consumer_002374
acct_002897,consumer_002375
acct_002898,consumer_002376
acct_002899,consumer_002377
acct_002900,consumer_002378
acct_002901,consumer_002379
acct_002902,consumer_002380
acct_002903,consumer_002381
acct_002904,consumer_002382
acct_002905,consumer_002383
acct_002906,consumer_002384
acct_002907,consumer_002385
acct_002908,consumer_002386
acct_002909,consumer_002387
acct_002910,consumer_002388
acct_002911,consumer_002389
acct_002912,consumer_002389
acct_002913,consumer_002389
acct_002914,consumer_002390
acct_002915,consumer_002391
acct_002916,consumer_002392
acct_002917,consumer_002393
acct_002918,consumer_002393
acct_002919,consumer_002393
acct_002920,consumer_002394
acct_002921,consumer_002395
acct_002922,consumer_002396
acct_002923,consumer_002397
acct_002924,consumer_002398
acct_002925,consumer_002399
acct_002926,consumer_002400
acct_002927,consumer_002400
acct_002928,consumer_002400
acct_002929,consumer_002401
acct_002930,consumer_002402
acct_002931,consumer_002403
acct_002932,consumer_002404
acct_002933,consumer_002405
acct_002934,consumer_002406
acct_002935,consumer_002407
acct_002936,consumer_002408
acct_002937,consumer_002409
acct_002938,consumer_002410
acct_002939,consumer_002411
acct_002940,consumer_002411
acct_002941,consumer_002412
acct_002942,consumer_002413
acct_002943,consumer_002413
acct_002944,consumer_002413
acct_002945,consumer_002414
acct_002946,consumer_002415
acct_002947,consumer_002416
acct_002948,consumer_002416
acct_002949,consumer_002416
acct_002950,consumer_002417
acct_002951,consumer_002418
acct_002952,consumer_002419
acct_002953,consumer_002419
acct_002954,consumer_002420
acct_002955,consumer_002421
acct_002956,consumer_002422
acct_002957,consumer_002423
acct_002958,consumer_002424
acct_002959,consumer_002425
acct_002960,consumer_002426
acct_002961,consumer_002426
acct_002962,consumer_002426
acct_002963,consumer_002427
acct_002964,consumer_002428
acct_002965,consumer_002429
acct_002966,consumer_002430
acct_002967,consumer_002431
acct_002968,consumer_002432
acct_002969,consumer_002433
acct_002970,consumer_002434
acct_002971,consumer_002435
acct_002972,consumer_002436
acct_002973,consumer_002437
acct_002974,consumer_002438
acct_002975,consumer_002439
acct_002976,consumer_002440
acct_002977,consumer_002441
acct_002978,consumer_002442
acct_002979,consumer_002443
acct_002980,consumer_002444
acct_002981,consumer_002445
acct_002982,consumer_002446
acct_002983,consumer_002447
acct_002984,consumer_002448
acct_002985,consumer_002448
acct_002986,consumer_002449
acct_002987,consumer_002450
acct_002988,consumer_002451
acct_002989,consumer_002452
acct_002990,consumer_002453
acct_002991,consumer_002454
acct_002992,consumer_002455
acct_002993,consumer_002455
acct_002994,consumer_002455
acct_002995,consumer_002456
acct_002996,consumer_002457
acct_002997,consumer_002458
acct_002998,consumer_002459
acct_002999,consumer_002460
acct_003000,consumer_002461
acct_003001,consumer_002461
acct_003002,consumer_002461
acct_003003,consumer_002462
acct_003004,consumer_002463
acct_003005,consumer_002464
acct_003006,consumer_002465
acct_003007,consumer_002466
acct_003008,consumer_002467
acct_003009,consumer_002468
acct_003010,consumer_002468
acct_003011,consumer_002469
acct_003012,consumer_002470
acct_003013,consumer_002471
acct_003014,consumer_002472
acct_003015,consumer_002473
acct_003016,consumer_002473
acct_003017,consumer_002473
acct_003018,consumer_002474
acct_003019,consumer_002475
acct_003020,consumer_002476
acct_003021,consumer_002477
acct_003022,consumer_002477
acct_003023,consumer_002477
acct_003024,consumer_002478
acct_003025,consumer_002479
acct_003026,consumer_002480
acct_003027,consumer_002481
acct_003028,consumer_002482
acct_003029,consumer_002482
acct_003030,consumer_002483
acct_003031,consumer_002484
acct_003032,consumer_002485
acct_003033,consumer_002486
acct_003034,consumer_002487
acct_003035,consumer_002487
acct_003036,consumer_002487
acct_003037,consumer_002488
acct_003038,consumer_002488
acct_003039,consumer_002489
acct_003040,consumer_002490
acct_003041,consumer_002491
acct_003042,consumer_002492
acct_003043,consumer_002493
acct_003044,consumer_002494
acct_003045,consumer_002495
acct_003046,consumer_002496
acct_003047,consumer_002497
acct_003048,consumer_002498
acct_003049,consumer_002498
acct_003050,consumer_002499
acct_003051,consumer_002500
acct_003052,consumer_002501
acct_003053,consumer_002502
acct_003054,consumer_002502
acct_003055,consumer_002503
acct_003056,consumer_002504
acct_003057,consumer_002504
acct_003058,consumer_002504
acct_003059,consumer_002505
acct_003060,consumer_002506
acct_003061,consumer_002507
acct_003062,consumer_002508
acct_003063,consumer_002509
acct_003064,consumer_002510
acct_003065,consumer_002511
acct_003066,consumer_002512
acct_003067,consumer_002513
acct_003068,consumer_002513
acct_003069,consumer_002514
acct_003070,consumer_002515
acct_003071,consumer_002516
acct_003072,consumer_002516
acct_003073,consumer_002516
acct_003074,consumer_002517
acct_003075,consumer_002518
acct_003076,consumer_002519
acct_003077,consumer_002520
acct_003078,consumer_002521
acct_003079,consumer_002522
acct_003080,consumer_002523
acct_003081,consumer_002524
acct_003082,consumer_002525
acct_003083,consumer_002525
acct_003084,consumer_002525
acct_003085,consumer_002526
acct_003086,consumer_002527
acct_003087,consumer_002528
acct_003088,consumer_002529
acct_003089,consumer_002530
acct_003090,consumer_002531
acct_003091,consumer_002532
acct_003092,consumer_002533
acct_003093,consumer_002534
acct_003094,consumer_002535
acct_003095,consumer_002536
acct_003096,consumer_002536
acct_003097,consumer_002537
acct_003098,consumer_002538
acct_003099,consumer_002538
acct_003100,consumer_002538
acct_003101,consumer_002539
acct_003102,consumer_002539
acct_003103,consumer_002540
acct_003104,consumer_002541
acct_003105,consumer_002542
acct_003106,consumer_002543
acct_003107,consumer_002543
acct_003108,consumer_002544
acct_003109,consumer_002545
acct_003110,consumer_002546
acct_003111,consumer_002547
acct_003112,consumer_002548
acct_003113,consumer_002549
acct_003114,consumer_002550
acct_003115,consumer_002551
acct_003116,consumer_002552
acct_003117,consumer_002553
acct_003118,consumer_002554
acct_003119,consumer_002554
acct_003120,consumer_002555
acct_003121,consumer_002556
acct_003122,consumer_002557
acct_003123,consumer_002558
acct_003124,consumer_002559
acct_003125,consumer_002560
acct_003126,consumer_002561
acct_003127,consumer_002562
acct_003128,consumer_002563
acct_003129,consumer_002564
acct_003130,consumer_002565
acct_003131,consumer_002566
acct_003132,consumer_002566
acct_003133,consumer_002566
acct_003134,consumer_002567
acct_003135,consumer_002568
acct_003136,consumer_002569
acct_003137,consumer_002570
acct_003138,consumer_002571
acct_003139,consumer_002572
acct_003140,consumer_002573
acct_003141,consumer_002574
acct_003142,consumer_002575
acct_003143,consumer_002576
acct_003144,consumer_002577
acct_003145,consumer_002578
acct_003146,consumer_002579
acct_003147,consumer_002580
acct_003148,consumer_002581
acct_003149,consumer_002582
acct_003150,consumer_002583
acct_003151,consumer_002584
acct_003152,consumer_002585
acct_003153,consumer_002585
acct_003154,consumer_002585
acct_003155,consumer_002586
acct_003156,consumer_002587
acct_003157,consumer_002588
acct_003158,consumer_002589
acct_003159,consumer_002590
acct_003160,consumer_002591
acct_003161,consumer_002592
acct_003162,consumer_002592
acct_003163,consumer_002592
acct_003164,consumer_002593
acct_003165,consumer_002594
acct_003166,consumer_002595
acct_003167,consumer_002596
acct_003168,consumer_002597
acct_003169,consumer_002598
acct_003170,consumer_002599
acct_003171,consumer_002600
acct_003172,consumer_002601
acct_003173,consumer_002602
acct_003174,consumer_002602
acct_003175,consumer_002602
acct_003176,consumer_002603
acct_003177,consumer_002604
acct_003178,consumer_002604
acct_003179,consumer_002605
acct_003180,consumer_002605
acct_003181,consumer_002606
acct_003182,consumer_002607
acct_003183,consumer_002608
acct_003184,consumer_002608
acct_003185,consumer_002608
acct_003186,consumer_002609
acct_003187,consumer_002609
acct_003188,consumer_002610
acct_003189,consumer_002611
acct_003190,consumer_002612
acct_003191,consumer_002613
acct_003192,consumer_002614
acct_003193,consumer_002615
acct_003194,consumer_002616
acct_003195,consumer_002617
acct_003196,consumer_002617
acct_003197,consumer_002617
acct_003198,consumer_002618
acct_003199,consumer_002618
acct_003200,consumer_002619
acct_003201,consumer_002620
acct_003202,consumer_002620
acct_003203,consumer_002620
acct_003204,consumer_002621
acct_003205,consumer_002622
acct_003206,consumer_002623
acct_003207,consumer_002624
acct_003208,consumer_002625
acct_003209,consumer_002626
acct_003210,consumer_002627
acct_003211,consumer_002628
acct_003212,consumer_002628
acct_003213,consumer_002629
acct_003214,consumer_002630
acct_003215,consumer_002631
acct_003216,consumer_002632
acct_003217,consumer_002633
acct_003218,consumer_002634
acct_003219,consumer_002634
acct_003220,consumer_002635
acct_003221,consumer_002636
acct_003222,consumer_002637
acct_003223,consumer_002638
acct_003224,consumer_002639
acct_003225,consumer_002640
acct_003226,consumer_002641
acct_003227,consumer_002642
acct_003228,consumer_002643
acct_003229,consumer_002644
acct_003230,consumer_002645
acct_003231,consumer_002646
acct_003232,consumer_002647
acct_003233,consumer_002648
acct_003234,consumer_002649
acct_003235,consumer_002650
acct_003236,consumer_002651
acct_003237,consumer_002652
acct_003238,consumer_002653
acct_003239,consumer_002654
acct_003240,consumer_002655
acct_003241,consumer_002656
acct_003242,consumer_002657
acct_003243,consumer_002658
acct_003244,consumer_002659
acct_003245,consumer_002660
acct_003246,consumer_002661
acct_003247,consumer_002662
acct_003248,consumer_002663
acct_003249,consumer_002664
acct_003250,consumer_002665
acct_003251,consumer_002665
acct_003252,consumer_002666
acct_003253,consumer_002667
acct_003254,consumer_002668
acct_003255,consumer_002669
acct_003256,consumer_002670
acct_003257,consumer_002671
acct_003258,consumer_002672
acct_003259,consumer_002673
acct_003260,consumer_002673
acct_003261,consumer_002673
acct_003262,consumer_002674
acct_003263,consumer_002675
acct_003264,consumer_002676
acct_003265,consumer_002677
acct_003266,consumer_002677
acct_003267,consumer_002678
acct_003268,consumer_002679
acct_003269,consumer_002680
acct_003270,consumer_002681
acct_003271,consumer_002682
acct_003272,consumer_002682
acct_003273,consumer_002683
acct_003274,consumer_002683
acct_003275,consumer_002683
acct_003276,consumer_002684
acct_003277,consumer_002685
acct_003278,consumer_002686
acct_003279,consumer_002687
acct_003280,consumer_002688
acct_003281,consumer_002688
acct_003282,consumer_002688
acct_003283,consumer_002689
acct_003284,consumer_002690
acct_003285,consumer_002690
acct_003286,consumer_002691
acct_003287,consumer_002692
acct_003288,consumer_002693
acct_003289,consumer_002694
acct_003290,consumer_002695
acct_003291,consumer_002696
acct_003292,consumer_002697
acct_003293,consumer_002698
acct_003294,consumer_002699
acct_003295,consumer_002700
acct_003296,consumer_002701
acct_003297,consumer_002702
acct_003298,consumer_002703
acct_003299,consumer_002704
acct_003300,consumer_002705
acct_003301,consumer_002706
acct_003302,consumer_002706
acct_003303,consumer_002706
acct_003304,consumer_002707
acct_003305,consumer_002708
acct_003306,consumer_002709
acct_003307,consumer_002710
acct_003308,consumer_002711
acct_003309,consumer_002712
acct_003310,consumer_002713
acct_003311,consumer_002714
acct_003312,consumer_002715
acct_003313,consumer_002716
acct_003314,consumer_002717
acct_003315,consumer_002718
acct_003316,consumer_002719
acct_003317,consumer_002720
acct_003318,consumer_002721
acct_003319,consumer_002722
acct_003320,consumer_002723
acct_003321,consumer_002724
acct_003322,consumer_002725
acct_003323,consumer_002726
acct_003324,consumer_002726
acct_003325,consumer_002727
acct_003326,consumer_002728
acct_003327,consumer_002729
acct_003328,consumer_002730
acct_003329,consumer_002731
acct_003330,consumer_002731
acct_003331,consumer_002732
acct_003332,consumer_002732
acct_003333,consumer_002732
acct_003334,consumer_002733
acct_003335,consumer_002734
acct_003336,consumer_002735
acct_003337,consumer_002736
acct_003338,consumer_002737
acct_003339,consumer_002738
acct_003340,consumer_002739
acct_003341,consumer_002740
acct_003342,consumer_002741
acct_003343,consumer_002742
acct_003344,consumer_002743
acct_003345,consumer_002744
acct_003346,consumer_002745
acct_003347,consumer_002746
acct_003348,consumer_002747
acct_003349,consumer_002748
acct_003350,consumer_002749
acct_003351,consumer_002749
acct_003352,consumer_002750
acct_003353,consumer_002751
acct_003354,consumer_002752
acct_003355,consumer_002753
acct_003356,consumer_002754
acct_003357,consumer_002755
acct_003358,consumer_002756
acct_003359,consumer_002757
acct_003360,consumer_002758
acct_003361,consumer_002758
acct_003362,consumer_002758
acct_003363,consumer_002759
acct_003364,consumer_002760
acct_003365,consumer_002760
acct_003366,consumer_002761
acct_003367,consumer_002762
acct_003368,consumer_002763
acct_003369,consumer_002764
acct_003370,consumer_002765
acct_003371,consumer_002766
acct_003372,consumer_002767
acct_003373,consumer_002768
acct_003374,consumer_002769
acct_003375,consumer_002769
acct_003376,consumer_002769
acct_003377,consumer_002770
acct_003378,consumer_002771
acct_003379,consumer_002772
acct_003380,consumer_002773
acct_003381,consumer_002774
acct_003382,consumer_002775
acct_003383,consumer_002776
acct_003384,consumer_002777
acct_003385,consumer_002778
acct_003386,consumer_002779
acct_003387,consumer_002780
acct_003388,consumer_002781
acct_003389,consumer_002782
acct_003390,consumer_002782
acct_003391,consumer_002783
acct_003392,consumer_002784
acct_003393,consumer_002785
acct_003394,consumer_002786
acct_003395,consumer_002787
acct_003396,consumer_002787
acct_003397,consumer_002787
acct_003398,consumer_002788
acct_003399,consumer_002789
acct_003400,consumer_002790
acct_003401,consumer_002791
acct_003402,consumer_002792
acct_003403,consumer_002793
acct_003404,consumer_002794
acct_003405,consumer_002795
acct_003406,consumer_002796
acct_003407,consumer_002796
acct_003408,consumer_002797
acct_003409,consumer_002798
acct_003410,consumer_002798
acct_003411,consumer_002798
acct_003412,consumer_002799
acct_003413,consumer_002799
acct_003414,consumer_002800
acct_003415,consumer_002801
acct_003416,consumer_002802
acct_003417,consumer_002803
acct_003418,consumer_002804
acct_003419,consumer_002805
acct_003420,consumer_002806
acct_003421,consumer_002806
acct_003422,consumer_002806
acct_003423,consumer_002807
acct_003424,consumer_002808
acct_003425,consumer_002809
acct_003426,consumer_002810
acct_003427,consumer_002811
acct_003428,consumer_002811
acct_003429,consumer_002812
acct_003430,consumer_002813
acct_003431,consumer_002814
acct_003432,consumer_002815
acct_003433,consumer_002816
acct_003434,consumer_002817
acct_003435,consumer_002818
acct_003436,consumer_002818
acct_003437,consumer_002818
acct_003438,consumer_002819
acct_003439,consumer_002820
acct_003440,consumer_002821
acct_003441,consumer_002822
acct_003442,consumer_002823
acct_003443,consumer_002824
acct_003444,consumer_002825
acct_003445,consumer_002825
acct_003446,consumer_002825
acct_003447,consumer_002826
acct_003448,consumer_002827
acct_003449,consumer_002828
acct_003450,consumer_002829
acct_003451,consumer_002830
acct_003452,consumer_002830
acct_003453,consumer_002830
acct_003454,consumer_002831
acct_003455,consumer_002832
acct_003456,consumer_002833
acct_003457,consumer_002834
acct_003458,consumer_002835
acct_003459,consumer_002836
acct_003460,consumer_002837
acct_003461,consumer_002838
acct_003462,consumer_002838
acct_003463,consumer_002839
acct_003464,consumer_002840
acct_003465,consumer_002841
acct_003466,consumer_002842
acct_003467,consumer_002843
acct_003468,consumer_002844
acct_003469,consumer_002845
acct_003470,consumer_002846
acct_003471,consumer_002847
acct_003472,consumer_002847
acct_003473,consumer_002847
acct_003474,consumer_002848
acct_003475,consumer_002849
acct_003476,consumer_002850
acct_003477,consumer_002851
acct_003478,consumer_002852
acct_003479,consumer_002853
acct_003480,consumer_002854
acct_003481,consumer_002855
acct_003482,consumer_002856
acct_003483,consumer_002856
acct_003484,consumer_002857
acct_003485,consumer_002858
acct_003486,consumer_002858
acct_003487,consumer_002859
acct_003488,consumer_002860
acct_003489,consumer_002860
acct_003490,consumer_002861
acct_003491,consumer_002862
acct_003492,consumer_002863
acct_003493,consumer_002864
acct_003494,consumer_002865
acct_003495,consumer_002866
acct_003496,consumer_002867
acct_003497,consumer_002867
acct_003498,consumer_002867
acct_003499,consumer_002868
acct_003500,consumer_002869
acct_003501,consumer_002870
acct_003502,consumer_002871
acct_003503,consumer_002871
acct_003504,consumer_002871
acct_003505,consumer_002872
acct_003506,consumer_002873
acct_003507,consumer_002874
acct_003508,consumer_002875
acct_003509,consumer_002876
acct_003510,consumer_002877
acct_003511,consumer_002878
acct_003512,consumer_002878
acct_003513,consumer_002879
acct_003514,consumer_002880
acct_003515,consumer_002881
acct_003516,consumer_002882
acct_003517,consumer_002883
acct_003518,consumer_002884
acct_003519,consumer_002884
acct_003520,consumer_002885
acct_003521,consumer_002886
acct_003522,consumer_002887
acct_003523,consumer_002888
acct_003524,consumer_002889
acct_003525,consumer_002890
acct_003526,consumer_002891
acct_003527,consumer_002892
acct_003528,consumer_002893
acct_003529,consumer_002894
acct_003530,consumer_002894
acct_003531,consumer_002894
acct_003532,consumer_002895
acct_003533,consumer_002896
acct_003534,consumer_002896
acct_003535,consumer_002897
acct_003536,consumer_002898
acct_003537,consumer_002899
acct_003538,consumer_002900
acct_003539,consumer_002900
acct_003540,consumer_002900
acct_003541,consumer_002901
acct_003542,consumer_002902
acct_003543,consumer_002903
acct_003544,consumer_002904
acct_003545,consumer_002905
acct_003546,consumer_002906
acct_003547,consumer_002907
acct_003548,consumer_002908
acct_003549,consumer_002909
acct_003550,consumer_002910
acct_003551,consumer_002911
acct_003552,consumer_002911
acct_003553,consumer_002911
acct_003554,consumer_002912
acct_003555,consumer_002913
acct_003556,consumer_002913
acct_003557,consumer_002913
acct_003558,consumer_002914
acct_003559,consumer_002915
acct_003560,consumer_002915
acct_003561,consumer_002916
acct_003562,consumer_002917
acct_003563,consumer_002918
acct_003564,consumer_002919
acct_003565,consumer_002920
acct_003566,consumer_002921
acct_003567,consumer_002922
acct_003568,consumer_002923
acct_003569,consumer_002924
acct_003570,consumer_002925
acct_003571,consumer_002926
acct_003572,consumer_002927
acct_003573,consumer_002928
acct_003574,consumer_002929
acct_003575,consumer_002930
acct_003576,consumer_002931
acct_003577,consumer_002932
acct_003578,consumer_002933
acct_003579,consumer_002934
acct_003580,consumer_002935
acct_003581,consumer_002936
acct_003582,consumer_002937
acct_003583,consumer_002938
acct_003584,consumer_002939
acct_003585,consumer_002940
acct_003586,consumer_002941
acct_003587,consumer_002942
acct_003588,consumer_002943
acct_003589,consumer_002944
acct_003590,consumer_002944
acct_003591,consumer_002945
acct_003592,consumer_002945
acct_003593,consumer_002945
acct_003594,consumer_002946
acct_003595,consumer_002946
acct_003596,consumer_002947
acct_003597,consumer_002948
acct_003598,consumer_002948
acct_003599,consumer_002948
acct_003600,consumer_002949
acct_003601,consumer_002950
acct_003602,consumer_002951
acct_003603,consumer_002952
acct_003604,consumer_002953
acct_003605,consumer_002954
acct_003606,consumer_002955
acct_003607,consumer_002956
acct_003608,consumer_002957
acct_003609,consumer_002958
acct_003610,consumer_002959
acct_003611,consumer_002960
acct_003612,consumer_002961
acct_003613,consumer_002962
acct_003614,consumer_002963
acct_003615,consumer_002964
acct_003616,consumer_002965
acct_003617,consumer_002965
acct_003618,consumer_002965
acct_003619,consumer_002966
acct_003620,consumer_002967
acct_003621,consumer_002968
acct_003622,consumer_002969
acct_003623,consumer_002969
acct_003624,consumer_002970
acct_003625,consumer_002970
acct_003626,consumer_002971
acct_003627,consumer_002972
acct_003628,consumer_002973
acct_003629,consumer_002973
acct_003630,consumer_002974
acct_003631,consumer_002974
acct_003632,consumer_002974
acct_003633,consumer_002975
acct_003634,consumer_002976
acct_003635,consumer_002977
acct_003636,consumer_002978
acct_003637,consumer_002979
acct_003638,consumer_002980
acct_003639,consumer_002981
acct_003640,consumer_002982
acct_003641,consumer_002983
acct_003642,consumer_002984
acct_003643,consumer_002985
acct_003644,consumer_002986
acct_003645,consumer_002987
acct_003646,consumer_002988
acct_003647,consumer_002989
acct_003648,consumer_002990
acct_003649,consumer_002991
acct_003650,consumer_002991
acct_003651,consumer_002991
acct_003652,consumer_002992
acct_003653,consumer_002993
acct_003654,consumer_002994
acct_003655,consumer_002995
acct_003656,consumer_002996
acct_003657,consumer_002997
acct_003658,consumer_002998
acct_003659,consumer_002999
acct_003660,consumer_003000
acct_003661,consumer_003001
acct_003662,consumer_003002
acct_003663,consumer_003003
acct_003664,consumer_003004
acct_003665,consumer_003005
acct_003666,consumer_003006
acct_003667,consumer_003007
acct_003668,consumer_003008
acct_003669,consumer_003009
acct_003670,consumer_003010
acct_003671,consumer_003011
acct_003672,consumer_003011
acct_003673,consumer_003011
acct_003674,consumer_003012
acct_003675,consumer_003013
acct_003676,consumer_003014
acct_003677,consumer_003015
acct_003678,consumer_003016
acct_003679,consumer_003017
acct_003680,consumer_003018
acct_003681,consumer_003019
acct_003682,consumer_003020
acct_003683,consumer_003021
acct_003684,consumer_003022
acct_003685,consumer_003023
acct_003686,consumer_003023
acct_003687,consumer_003024
acct_003688,consumer_003025
acct_003689,consumer_003026
acct_003690,consumer_003027
acct_003691,consumer_003028
acct_003692,consumer_003029
acct_003693,consumer_003030
acct_003694,consumer_003031
acct_003695,consumer_003032
acct_003696,consumer_003033
acct_003697,consumer_003034
acct_003698,consumer_003035
acct_003699,consumer_003035
acct_003700,consumer_003036
acct_003701,consumer_003037
acct_003702,consumer_003038
acct_003703,consumer_003039
acct_003704,consumer_003040
acct_003705,consumer_003041
acct_003706,consumer_003042
acct_003707,consumer_003043
acct_003708,consumer_003044
acct_003709,consumer_003045
acct_003710,consumer_003045
acct_003711,consumer_003045
acct_003712,consumer_003046
acct_003713,consumer_003047
acct_003714,consumer_003048
acct_003715,consumer_003049
acct_003716,consumer_003050
acct_003717,consumer_003050
acct_003718,consumer_003051
acct_003719,consumer_003052
acct_003720,consumer_003053
acct_003721,consumer_003054
acct_003722,consumer_003055
acct_003723,consumer_003056
acct_003724,consumer_003057
acct_003725,consumer_003058
acct_003726,consumer_003059
acct_003727,consumer_003060
acct_003728,consumer_003061
acct_003729,consumer_003062
acct_003730,consumer_003063
acct_003731,consumer_003064
acct_003732,consumer_003065
acct_003733,consumer_003066
acct_003734,consumer_003066
acct_003735,consumer_003066
acct_003736,consumer_003067
acct_003737,consumer_003068
acct_003738,consumer_003069
acct_003739,consumer_003070
acct_003740,consumer_003071
acct_003741,consumer_003072
acct_003742,consumer_003073
acct_003743,consumer_003074
acct_003744,consumer_003075
acct_003745,consumer_003076
acct_003746,consumer_003076
acct_003747,consumer_003076
acct_003748,consumer_003077
acct_003749,consumer_003078
acct_003750,consumer_003079
acct_003751,consumer_003080
acct_003752,consumer_003080
acct_003753,consumer_003080
acct_003754,consumer_003081
acct_003755,consumer_003081
acct_003756,consumer_003082
acct_003757,consumer_003083
acct_003758,consumer_003084
acct_003759,consumer_003085
acct_003760,consumer_003086
acct_003761,consumer_003087
acct_003762,consumer_003087
acct_003763,consumer_003087
acct_003764,consumer_003088
acct_003765,consumer_003088
acct_003766,consumer_003088
acct_003767,consumer_003089
acct_003768,consumer_003090
acct_003769,consumer_003090
acct_003770,consumer_003090
acct_003771,consumer_003091
acct_003772,consumer_003092
acct_003773,consumer_003093
acct_003774,consumer_003093
acct_003775,consumer_003093
acct_003776,consumer_003094
acct_003777,consumer_003095
acct_003778,consumer_003095
acct_003779,consumer_003096
acct_003780,consumer_003097
acct_003781,consumer_003098
acct_003782,consumer_003099
acct_003783,consumer_003100
acct_003784,consumer_003101
acct_003785,consumer_003102
acct_003786,consumer_003103
acct_003787,consumer_003104
acct_003788,consumer_003105
acct_003789,consumer_003106
acct_003790,consumer_003107
acct_003791,consumer_003108
acct_003792,consumer_003109
acct_003793,consumer_003110
acct_003794,consumer_003111
acct_003795,consumer_003112
acct_003796,consumer_003113
acct_003797,consumer_003114
acct_003798,consumer_003115
acct_003799,consumer_003116
acct_003800,consumer_003117
acct_003801,consumer_003118
acct_003802,consumer_003119
acct_003803,consumer_003119
acct_003804,consumer_003120
acct_003805,consumer_003121
acct_003806,consumer_003122
acct_003807,consumer_003123
acct_003808,consumer_003123
acct_003809,consumer_003124
acct_003810,consumer_003125
acct_003811,consumer_003126
acct_003812,consumer_003127
acct_003813,consumer_003128
acct_003814,consumer_003129
acct_003815,consumer_003130
acct_003816,consumer_003131
acct_003817,consumer_003131
acct_003818,consumer_003131
acct_003819,consumer_003132
acct_003820,consumer_003133
acct_003821,consumer_003134
acct_003822,consumer_003135
acct_003823,consumer_003136
acct_003824,consumer_003137
acct_003825,consumer_003138
acct_003826,consumer_003139
acct_003827,consumer_003139
acct_003828,consumer_003139
acct_003829,consumer_003140
acct_003830,consumer_003141
acct_003831,consumer_003141
acct_003832,consumer_003141
acct_003833,consumer_003142
acct_003834,consumer_003143
acct_003835,consumer_003144
acct_003836,consumer_003145
acct_003837,consumer_003146
acct_003838,consumer_003147
acct_003839,consumer_003147
acct_003840,consumer_003148
acct_003841,consumer_003149
acct_003842,consumer_003150
acct_003843,consumer_003151
acct_003844,consumer_003152
acct_003845,consumer_003152
acct_003846,consumer_003152
acct_003847,consumer_003153
acct_003848,consumer_003154
acct_003849,consumer_003155
acct_003850,consumer_003156
acct_003851,consumer_003157
acct_003852,consumer_003158
acct_003853,consumer_003159
acct_003854,consumer_003159
acct_003855,consumer_003160
acct_003856,consumer_003161
acct_003857,consumer_003162
acct_003858,consumer_003163
acct_003859,consumer_003164
acct_003860,consumer_003165
acct_003861,consumer_003166
acct_003862,consumer_003167
acct_003863,consumer_003168
acct_003864,consumer_003169
acct_003865,consumer_003169
acct_003866,consumer_003169
acct_003867,consumer_003170
acct_003868,consumer_003171
acct_003869,consumer_003172
acct_003870,consumer_003172
acct_003871,consumer_003173
acct_003872,consumer_003174
acct_003873,consumer_003175
acct_003874,consumer_003176
acct_003875,consumer_003177
acct_003876,consumer_003177
acct_003877,consumer_003178
acct_003878,consumer_003179
acct_003879,consumer_003179
acct_003880,consumer_003180
acct_003881,consumer_003181
acct_003882,consumer_003182
acct_003883,consumer_003183
acct_003884,consumer_003184
acct_003885,consumer_003184
acct_003886,consumer_003184
acct_003887,consumer_003185
acct_003888,consumer_003186
acct_003889,consumer_003187
acct_003890,consumer_003188
acct_003891,consumer_003189
acct_003892,consumer_003190
acct_003893,consumer_003191
acct_003894,consumer_003192
acct_003895,consumer_003193
acct_003896,consumer_003194
acct_003897,consumer_003195
acct_003898,consumer_003196
acct_003899,consumer_003197
acct_003900,consumer_003198
acct_003901,consumer_003199
acct_003902,consumer_003199
acct_003903,consumer_003199
acct_003904,consumer_003200
acct_003905,consumer_003201
acct_003906,consumer_003202
acct_003907,consumer_003203
acct_003908,consumer_003204
acct_003909,consumer_003205
acct_003910,consumer_003206
acct_003911,consumer_003207
acct_003912,consumer_003208
acct_003913,consumer_003208
acct_003914,consumer_003208
acct_003915,consumer_003209
acct_003916,consumer_003210
acct_003917,consumer_003211
acct_003918,consumer_003212
acct_003919,consumer_003213
acct_003920,consumer_003213
acct_003921,consumer_003213
acct_003922,consumer_003214
acct_003923,consumer_003215
acct_003924,consumer_003216
acct_003925,consumer_003216
acct_003926,consumer_003217
acct_003927,consumer_003218
acct_003928,consumer_003218
acct_003929,consumer_003218
acct_003930,consumer_003219
acct_003931,consumer_003220
acct_003932,consumer_003221
acct_003933,consumer_003222
acct_003934,consumer_003223
acct_003935,consumer_003224
acct_003936,consumer_003225
acct_003937,consumer_003226
acct_003938,consumer_003227
acct_003939,consumer_003228
acct_003940,consumer_003229
acct_003941,consumer_003230
acct_003942,consumer_003231
acct_003943,consumer_003231
acct_003944,consumer_003231
acct_003945,consumer_003232
acct_003946,consumer_003233
acct_003947,consumer_003234
acct_003948,consumer_003235
acct_003949,consumer_003236
acct_003950,consumer_003236
acct_003951,consumer_003237
acct_003952,consumer_003238
acct_003953,consumer_003239
acct_003954,consumer_003239
acct_003955,consumer_003240
acct_003956,consumer_003241
acct_003957,consumer_003242
acct_003958,consumer_003243
acct_003959,consumer_003243
acct_003960,consumer_003243
acct_003961,consumer_003244
acct_003962,consumer_003245
acct_003963,consumer_003246
acct_003964,consumer_003247
acct_003965,consumer_003248
acct_003966,consumer_003249
acct_003967,consumer_003250
acct_003968,consumer_003251
acct_003969,consumer_003252
acct_003970,consumer_003252
acct_003971,consumer_003252
acct_003972,consumer_003253
acct_003973,consumer_003254
acct_003974,consumer_003255
acct_003975,consumer_003256
acct_003976,consumer_003257
acct_003977,consumer_003258
acct_003978,consumer_003259
acct_003979,consumer_003260
acct_003980,consumer_003261
acct_003981,consumer_003261
acct_003982,consumer_003261
acct_003983,consumer_003262
acct_003984,consumer_003263
acct_003985,consumer_003263
acct_003986,consumer_003263
acct_003987,consumer_003264
acct_003988,consumer_003265
acct_003989,consumer_003266
acct_003990,consumer_003266
acct_003991,consumer_003267
acct_003992,consumer_003268
acct_003993,consumer_003269
acct_003994,consumer_003270
acct_003995,consumer_003270
acct_003996,consumer_003270
acct_003997,consumer_003271
acct_003998,consumer_003272
acct_003999,consumer_003273
acct_004000,consumer_003274
acct_004001,consumer_003275
acct_004002,consumer_003276
acct_004003,consumer_003277
acct_004004,consumer_003278
acct_004005,consumer_003279
acct_004006,consumer_003280
acct_004007,consumer_003281
acct_004008,consumer_003282
acct_004009,consumer_003283
acct_004010,consumer_003284
acct_004011,consumer_003285
acct_004012,consumer_003286
acct_004013,consumer_003287
acct_004014,consumer_003287
acct_004015,consumer_003287
acct_004016,consumer_003288
acct_004017,consumer_003289
acct_004018,consumer_003290
acct_004019,consumer_003291
acct_004020,consumer_003292
acct_004021,consumer_003293
acct_004022,consumer_003294
acct_004023,consumer_003295
acct_004024,consumer_003295
acct_004025,consumer_003295
acct_004026,consumer_003296
acct_004027,consumer_003297
acct_004028,consumer_003298
acct_004029,consumer_003299
acct_004030,consumer_003300
acct_004031,consumer_003301
acct_004032,consumer_003302
acct_004033,consumer_003303
acct_004034,consumer_003304
acct_004035,consumer_003305
acct_004036,consumer_003305
acct_004037,consumer_003305
acct_004038,consumer_003306
acct_004039,consumer_003307
acct_004040,consumer_003308
acct_004041,consumer_003309
acct_004042,consumer_003310
acct_004043,consumer_003310
acct_004044,consumer_003311
acct_004045,consumer_003312
acct_004046,consumer_003313
acct_004047,consumer_003314
acct_004048,consumer_003315
acct_004049,consumer_003316
acct_004050,consumer_003317
acct_004051,consumer_003318
acct_004052,consumer_003319
acct_004053,consumer_003319
acct_004054,consumer_003320
acct_004055,consumer_003321
acct_004056,consumer_003322
acct_004057,consumer_003323
acct_004058,consumer_003324
acct_004059,consumer_003325
acct_004060,consumer_003326
acct_004061,consumer_003327
acct_004062,consumer_003328
acct_004063,consumer_003329
acct_004064,consumer_003330
acct_004065,consumer_003331
acct_004066,consumer_003331
acct_004067,consumer_003331
acct_004068,consumer_003332
acct_004069,consumer_003333
acct_004070,consumer_003334
acct_004071,consumer_003335
acct_004072,consumer_003336
acct_004073,consumer_003337
acct_004074,consumer_003338
acct_004075,consumer_003339
acct_004076,consumer_003340
acct_004077,consumer_003341
acct_004078,consumer_003341
acct_004079,consumer_003341
acct_004080,consumer_003342
acct_004081,consumer_003343
acct_004082,consumer_003344
acct_004083,consumer_003345
acct_004084,consumer_003346
acct_004085,consumer_003347
acct_004086,consumer_003348
acct_004087,consumer_003349
acct_004088,consumer_003350
acct_004089,consumer_003351
acct_004090,consumer_003352
acct_004091,consumer_003353
acct_004092,consumer_003354
acct_004093,consumer_003354
acct_004094,consumer_003354
acct_004095,consumer_003355
acct_004096,consumer_003356
acct_004097,consumer_003356
acct_004098,consumer_003356
acct_004099,consumer_003357
acct_004100,consumer_003358
acct_004101,consumer_003359
acct_004102,consumer_003360
acct_004103,consumer_003361
acct_004104,consumer_003362
acct_004105,consumer_003363
acct_004106,consumer_003364
acct_004107,consumer_003365
acct_004108,consumer_003366
acct_004109,consumer_003367
acct_004110,consumer_003367
acct_004111,consumer_003368
acct_004112,consumer_003369
acct_004113,consumer_003370
acct_004114,consumer_003371
acct_004115,consumer_003372
acct_004116,consumer_003373
acct_004117,consumer_003374
acct_004118,consumer_003375
acct_004119,consumer_003376
acct_004120,consumer_003377
acct_004121,consumer_003378
acct_004122,consumer_003379
acct_004123,consumer_003380
acct_004124,consumer_003381
acct_004125,consumer_003382
acct_004126,consumer_003383
acct_004127,consumer_003384
acct_004128,consumer_003384
acct_004129,consumer_003385
acct_004130,consumer_003386
acct_004131,consumer_003387
acct_004132,consumer_003388
acct_004133,consumer_003389
acct_004134,consumer_003390
acct_004135,consumer_003391
acct_004136,consumer_003391
acct_004137,consumer_003391
acct_004138,consumer_003392
acct_004139,consumer_003393
acct_004140,consumer_003394
acct_004141,consumer_003395
acct_004142,consumer_003396
acct_004143,consumer_003397
acct_004144,consumer_003398
acct_004145,consumer_003398
acct_004146,consumer_003398
acct_004147,consumer_003399
acct_004148,consumer_003400
acct_004149,consumer_003401
acct_004150,consumer_003402
acct_004151,consumer_003403
acct_004152,consumer_003404
acct_004153,consumer_003405
acct_004154,consumer_003406
acct_004155,consumer_003407
acct_004156,consumer_003407
acct_004157,consumer_003408
acct_004158,consumer_003409
acct_004159,consumer_003410
acct_004160,consumer_003411
acct_004161,consumer_003412
acct_004162,consumer_003413
acct_004163,consumer_003414
acct_004164,consumer_003415
acct_004165,consumer_003416
acct_004166,consumer_003417
acct_004167,consumer_003418
acct_004168,consumer_003418
acct_004169,consumer_003419
acct_004170,consumer_003420
acct_004171,consumer_003421
acct_004172,consumer_003421
acct_004173,consumer_003421
acct_004174,consumer_003422
acct_004175,consumer_003423
acct_004176,consumer_003424
acct_004177,consumer_003425
acct_004178,consumer_003426
acct_004179,consumer_003427
acct_004180,consumer_003428
acct_004181,consumer_003429
acct_004182,consumer_003430
acct_004183,consumer_003431
acct_004184,consumer_003432
acct_004185,consumer_003432
acct_004186,consumer_003433
acct_004187,consumer_003433
acct_004188,consumer_003434
acct_004189,consumer_003435
acct_004190,consumer_003436
acct_004191,consumer_003437
acct_004192,consumer_003438
acct_004193,consumer_003439
acct_004194,consumer_003440
acct_004195,consumer_003441
acct_004196,consumer_003442
acct_004197,consumer_003443
acct_004198,consumer_003444
acct_004199,consumer_003445
acct_004200,consumer_003446
acct_004201,consumer_003446
acct_004202,consumer_003446
acct_004203,consumer_003447
acct_004204,consumer_003447
acct_004205,consumer_003448
acct_004206,consumer_003449
acct_004207,consumer_003450
acct_004208,consumer_003451
acct_004209,consumer_003452
acct_004210,consumer_003452
acct_004211,consumer_003452
acct_004212,consumer_003453
acct_004213,consumer_003454
acct_004214,consumer_003455
acct_004215,consumer_003456
acct_004216,consumer_003457
acct_004217,consumer_003458
acct_004218,consumer_003459
acct_004219,consumer_003460
acct_004220,consumer_003461
acct_004221,consumer_003462
acct_004222,consumer_003463
acct_004223,consumer_003464
acct_004224,consumer_003465
acct_004225,consumer_003466
acct_004226,consumer_003467
acct_004227,consumer_003468
acct_004228,consumer_003468
acct_004229,consumer_003468
acct_004230,consumer_003469
acct_004231,consumer_003470
acct_004232,consumer_003471
acct_004233,consumer_003472
acct_004234,consumer_003473
acct_004235,consumer_003474
acct_004236,consumer_003475
acct_004237,consumer_003476
acct_004238,consumer_003477
acct_004239,consumer_003478
acct_004240,consumer_003479
acct_004241,consumer_003480
acct_004242,consumer_003481
acct_004243,consumer_003482
acct_004244,consumer_003482
acct_004245,consumer_003482
acct_004246,consumer_003483
acct_004247,consumer_003484
acct_004248,consumer_003484
acct_004249,consumer_003484
acct_004250,consumer_003485
acct_004251,consumer_003486
acct_004252,consumer_003487
acct_004253,consumer_003488
acct_004254,consumer_003489
acct_004255,consumer_003490
acct_004256,consumer_003491
acct_004257,consumer_003492
acct_004258,consumer_003493
acct_004259,consumer_003494
acct_004260,consumer_003495
acct_004261,consumer_003496
acct_004262,consumer_003496
acct_004263,consumer_003497
acct_004264,consumer_003498
acct_004265,consumer_003498
acct_004266,consumer_003499
acct_004267,consumer_003500
acct_004268,consumer_003500
acct_004269,consumer_003500
acct_004270,consumer_003501
acct_004271,consumer_003502
acct_004272,consumer_003502
acct_004273,consumer_003503
acct_004274,consumer_003503
acct_004275,consumer_003504
acct_004276,consumer_003505
acct_004277,consumer_003505
acct_004278,consumer_003505
acct_004279,consumer_003506
acct_004280,consumer_003506
acct_004281,consumer_003507
acct_004282,consumer_003508
acct_004283,consumer_003509
acct_004284,consumer_003510
acct_004285,consumer_003511
acct_004286,consumer_003511
acct_004287,consumer_003512
acct_004288,consumer_003513
acct_004289,consumer_003514
acct_004290,consumer_003515
acct_004291,consumer_003516
acct_004292,consumer_003516
acct_004293,consumer_003517
acct_004294,consumer_003518
acct_004295,consumer_003519
acct_004296,consumer_003520
acct_004297,consumer_003521
acct_004298,consumer_003522
acct_004299,consumer_003523
acct_004300,consumer_003523
acct_004301,consumer_003523
acct_004302,consumer_003524
acct_004303,consumer_003525
acct_004304,consumer_003526
acct_004305,consumer_003527
acct_004306,consumer_003528
acct_004307,consumer_003528
acct_004308,consumer_003528
acct_004309,consumer_003529
acct_004310,consumer_003530
acct_004311,consumer_003531
acct_004312,consumer_003532
acct_004313,consumer_003532
acct_004314,consumer_003533
acct_004315,consumer_003534
acct_004316,consumer_003535
acct_004317,consumer_003535
acct_004318,consumer_003535
acct_004319,consumer_003536
acct_004320,consumer_003537
acct_004321,consumer_003538
acct_004322,consumer_003539
acct_004323,consumer_003540
acct_004324,consumer_003541
acct_004325,consumer_003542
acct_004326,consumer_003543
acct_004327,consumer_003544
acct_004328,consumer_003544
acct_004329,consumer_003544
acct_004330,consumer_003545
acct_004331,consumer_003546
acct_004332,consumer_003547
acct_004333,consumer_003548
acct_004334,consumer_003549
acct_004335,consumer_003550
acct_004336,consumer_003551
acct_004337,consumer_003552
acct_004338,consumer_003553
acct_004339,consumer_003554
acct_004340,consumer_003555
acct_004341,consumer_003556
acct_004342,consumer_003557
acct_004343,consumer_003558
acct_004344,consumer_003559
acct_004345,consumer_003560
acct_004346,consumer_003561
acct_004347,consumer_003562
acct_004348,consumer_003563
acct_004349,consumer_003564
acct_004350,consumer_003565
acct_004351,consumer_003565
acct_004352,consumer_003566
acct_004353,consumer_003567
acct_004354,consumer_003568
acct_004355,consumer_003569
acct_004356,consumer_003570
acct_004357,consumer_003571
acct_004358,consumer_003572
acct_004359,consumer_003573
acct_004360,consumer_003574
acct_004361,consumer_003575
acct_004362,consumer_003576
acct_004363,consumer_003577
acct_004364,consumer_003578
acct_004365,consumer_003579
acct_004366,consumer_003580
acct_004367,consumer_003581
acct_004368,consumer_003582
acct_004369,consumer_003583
acct_004370,consumer_003584
acct_004371,consumer_003584
acct_004372,consumer_003585
acct_004373,consumer_003586
acct_004374,consumer_003587
acct_004375,consumer_003588
acct_004376,consumer_003588
acct_004377,consumer_003589
acct_004378,consumer_003590
acct_004379,consumer_003591
acct_004380,consumer_003592
acct_004381,consumer_003593
acct_004382,consumer_003594
acct_004383,consumer_003595
acct_004384,consumer_003596
acct_004385,consumer_003597
acct_004386,consumer_003598
acct_004387,consumer_003599
acct_004388,consumer_003600
acct_004389,consumer_003601
acct_004390,consumer_003602
acct_004391,consumer_003603
acct_004392,consumer_003604
acct_004393,consumer_003605
acct_004394,consumer_003606
acct_004395,consumer_003606
acct_004396,consumer_003607
acct_004397,consumer_003608
acct_004398,consumer_003608
acct_004399,consumer_003609
acct_004400,consumer_003610
acct_004401,consumer_003611
acct_004402,consumer_003612
acct_004403,consumer_003613
acct_004404,consumer_003614
acct_004405,consumer_003615
acct_004406,consumer_003615
acct_004407,consumer_003616
acct_004408,consumer_003617
acct_004409,consumer_003618
acct_004410,consumer_003618
acct_004411,consumer_003618
acct_004412,consumer_003619
acct_004413,consumer_003619
acct_004414,consumer_003620
acct_004415,consumer_003621
acct_004416,consumer_003621
acct_004417,consumer_003621
acct_004418,consumer_003622
acct_004419,consumer_003623
acct_004420,consumer_003624
acct_004421,consumer_003624
acct_004422,consumer_003625
acct_004423,consumer_003625
acct_004424,consumer_003625
acct_004425,consumer_003626
acct_004426,consumer_003626
acct_004427,consumer_003627
acct_004428,consumer_003628
acct_004429,consumer_003629
acct_004430,consumer_003630
acct_004431,consumer_003630
acct_004432,consumer_003631
acct_004433,consumer_003632
acct_004434,consumer_003632
acct_004435,consumer_003632
acct_004436,consumer_003633
acct_004437,consumer_003634
acct_004438,consumer_003635
acct_004439,consumer_003636
acct_004440,consumer_003637
acct_004441,consumer_003638
acct_004442,consumer_003639
acct_004443,consumer_003640
acct_004444,consumer_003640
acct_004445,consumer_003640
acct_004446,consumer_003641
acct_004447,consumer_003642
acct_004448,consumer_003643
acct_004449,consumer_003643
acct_004450,consumer_003644
acct_004451,consumer_003644
acct_004452,consumer_003644
acct_004453,consumer_003645
acct_004454,consumer_003646
acct_004455,consumer_003647
acct_004456,consumer_003648
acct_004457,consumer_003649
acct_004458,consumer_003650
acct_004459,consumer_003651
acct_004460,consumer_003652
acct_004461,consumer_003652
acct_004462,consumer_003653
acct_004463,consumer_003654
acct_004464,consumer_003655
acct_004465,consumer_003656
acct_004466,consumer_003657
acct_004467,consumer_003658
acct_004468,consumer_003659
acct_004469,consumer_003660
acct_004470,consumer_003661
acct_004471,consumer_003662
acct_004472,consumer_003663
acct_004473,consumer_003664
acct_004474,consumer_003665
acct_004475,consumer_003666
acct_004476,consumer_003666
acct_004477,consumer_003667
acct_004478,consumer_003668
acct_004479,consumer_003668
acct_004480,consumer_003669
acct_004481,consumer_003670
acct_004482,consumer_003671
acct_004483,consumer_003672
acct_004484,consumer_003673
acct_004485,consumer_003674
acct_004486,consumer_003675
acct_004487,consumer_003676
acct_004488,consumer_003677
acct_004489,consumer_003678
acct_004490,consumer_003679
acct_004491,consumer_003680
acct_004492,consumer_003680
acct_004493,consumer_003680
acct_004494,consumer_003681
acct_004495,consumer_003682
acct_004496,consumer_003683
acct_004497,consumer_003684
acct_004498,consumer_003685
acct_004499,consumer_003686
acct_004500,consumer_003687
acct_004501,consumer_003688
acct_004502,consumer_003689
acct_004503,consumer_003690
acct_004504,consumer_003690
acct_004505,consumer_003690
acct_004506,consumer_003691
acct_004507,consumer_003692
acct_004508,consumer_003693
acct_004509,consumer_003694
acct_004510,consumer_003695
acct_004511,consumer_003696
acct_004512,consumer_003697
acct_004513,consumer_003698
acct_004514,consumer_003699
acct_004515,consumer_003700
acct_004516,consumer_003701
acct_004517,consumer_003702
acct_004518,consumer_003703
acct_004519,consumer_003704
acct_004520,consumer_003705
acct_004521,consumer_003706
acct_004522,consumer_003707
acct_004523,consumer_003708
acct_004524,consumer_003708
acct_004525,consumer_003708
acct_004526,consumer_003709
acct_004527,consumer_003709
acct_004528,consumer_003710
acct_004529,consumer_003711
acct_004530,consumer_003711
acct_004531,consumer_003712
acct_004532,consumer_003713
acct_004533,consumer_003713
acct_004534,consumer_003713
acct_004535,consumer_003714
acct_004536,consumer_003714
acct_004537,consumer_003714
acct_004538,consumer_003715
acct_004539,consumer_003716
acct_004540,consumer_003716
acct_004541,consumer_003717
acct_004542,consumer_003718
acct_004543,consumer_003719
acct_004544,consumer_003720
acct_004545,consumer_003721
acct_004546,consumer_003722
acct_004547,consumer_003723
acct_004548,consumer_003723
acct_004549,consumer_003724
acct_004550,consumer_003725
acct_004551,consumer_003726
acct_004552,consumer_003727
acct_004553,consumer_003728
acct_004554,consumer_003728
acct_004555,consumer_003728
acct_004556,consumer_003729
acct_004557,consumer_003729
acct_004558,consumer_003730
acct_004559,consumer_003731
acct_004560,consumer_003732
acct_004561,consumer_003733
acct_004562,consumer_003734
acct_004563,consumer_003735
acct_004564,consumer_003736
acct_004565,consumer_003737
acct_004566,consumer_003738
acct_004567,consumer_003739
acct_004568,consumer_003740
acct_004569,consumer_003741
acct_004570,consumer_003742
acct_004571,consumer_003743
acct_004572,consumer_003744
acct_004573,consumer_003745
acct_004574,consumer_003746
acct_004575,consumer_003747
acct_004576,consumer_003748
acct_004577,consumer_003749
acct_004578,consumer_003749
acct_004579,consumer_003750
acct_004580,consumer_003751
acct_004581,consumer_003752
acct_004582,consumer_003753
acct_004583,consumer_003754
acct_004584,consumer_003754
acct_004585,consumer_003755
acct_004586,consumer_003755
acct_004587,consumer_003756
acct_004588,consumer_003757
acct_004589,consumer_003758
acct_004590,consumer_003758
acct_004591,consumer_003759
acct_004592,consumer_003760
acct_004593,consumer_003761
acct_004594,consumer_003762
acct_004595,consumer_003763
acct_004596,consumer_003764
acct_004597,consumer_003765
acct_004598,consumer_003766
acct_004599,consumer_003767
acct_004600,consumer_003768
acct_004601,consumer_003768
acct_004602,consumer_003768
acct_004603,consumer_003769
acct_004604,consumer_003770
acct_004605,consumer_003771
acct_004606,consumer_003772
acct_004607,consumer_003773
acct_004608,consumer_003773
acct_004609,consumer_003774
acct_004610,consumer_003775
acct_004611,consumer_003776
acct_004612,consumer_003777
acct_004613,consumer_003778
acct_004614,consumer_003779
acct_004615,consumer_003780
acct_004616,consumer_003780
acct_004617,consumer_003780
acct_004618,consumer_003781
acct_004619,consumer_003782
acct_004620,consumer_003783
acct_004621,consumer_003784
acct_004622,consumer_003785
acct_004623,consumer_003786
acct_004624,consumer_003787
acct_004625,consumer_003788
acct_004626,consumer_003788
acct_004627,consumer_003789
acct_004628,consumer_003790
acct_004629,consumer_003791
acct_004630,consumer_003792
acct_004631,consumer_003793
acct_004632,consumer_003794
acct_004633,consumer_003795
acct_004634,consumer_003796
acct_004635,consumer_003797
acct_004636,consumer_003797
acct_004637,consumer_003797
acct_004638,consumer_003798
acct_004639,consumer_003799
acct_004640,consumer_003800
acct_004641,consumer_003801
acct_004642,consumer_003802
acct_004643,consumer_003803
acct_004644,consumer_003804
acct_004645,consumer_003805
acct_004646,consumer_003805
acct_004647,consumer_003805
acct_004648,consumer_003806
acct_004649,consumer_003807
acct_004650,consumer_003808
acct_004651,consumer_003809
acct_004652,consumer_003809
acct_004653,consumer_003810
acct_004654,consumer_003811
acct_004655,consumer_003812
acct_004656,consumer_003813
acct_004657,consumer_003814
acct_004658,consumer_003815
acct_004659,consumer_003816
acct_004660,consumer_003817
acct_004661,consumer_003818
acct_004662,consumer_003818
acct_004663,consumer_003819
acct_004664,consumer_003820
acct_004665,consumer_003821
acct_004666,consumer_003821
acct_004667,consumer_003822
acct_004668,consumer_003823
acct_004669,consumer_003824
acct_004670,consumer_003825
acct_004671,consumer_003826
acct_004672,consumer_003827
acct_004673,consumer_003827
acct_004674,consumer_003827
acct_004675,consumer_003828
acct_004676,consumer_003829
acct_004677,consumer_003830
acct_004678,consumer_003831
acct_004679,consumer_003832
acct_004680,consumer_003833
acct_004681,consumer_003834
acct_004682,consumer_003835
acct_004683,consumer_003835
acct_004684,consumer_003835
acct_004685,consumer_003836
acct_004686,consumer_003837
acct_004687,consumer_003838
acct_004688,consumer_003839
acct_004689,consumer_003840
acct_004690,consumer_003841
acct_004691,consumer_003842
acct_004692,consumer_003843
acct_004693,consumer_003844
acct_004694,consumer_003845
acct_004695,consumer_003845
acct_004696,consumer_003845
acct_004697,consumer_003846
acct_004698,consumer_003847
acct_004699,consumer_003848
acct_004700,consumer_003849
acct_004701,consumer_003850
acct_004702,consumer_003851
acct_004703,consumer_003852
acct_004704,consumer_003852
acct_004705,consumer_003853
acct_004706,consumer_003854
acct_004707,consumer_003855
acct_004708,consumer_003856
acct_004709,consumer_003857
acct_004710,consumer_003858
acct_004711,consumer_003859
acct_004712,consumer_003860
acct_004713,consumer_003861
acct_004714,consumer_003862
acct_004715,consumer_003863
acct_004716,consumer_003864
acct_004717,consumer_003865
acct_004718,consumer_003866
acct_004719,consumer_003867
acct_004720,consumer_003868
acct_004721,consumer_003869
acct_004722,consumer_003870
acct_004723,consumer_003871
acct_004724,consumer_003872
acct_004725,consumer_003873
acct_004726,consumer_003874
acct_004727,consumer_003875
acct_004728,consumer_003875
acct_004729,consumer_003876
acct_004730,consumer_003877
acct_004731,consumer_003878
acct_004732,consumer_003878
acct_004733,consumer_003878
acct_004734,consumer_003879
acct_004735,consumer_003879
acct_004736,consumer_003880
acct_004737,consumer_003881
acct_004738,consumer_003882
acct_004739,consumer_003883
acct_004740,consumer_003883
acct_004741,consumer_003883
acct_004742,consumer_003884
acct_004743,consumer_003885
acct_004744,consumer_003886
acct_004745,consumer_003886
acct_004746,consumer_003887
acct_004747,consumer_003888
acct_004748,consumer_003889
acct_004749,consumer_003890
acct_004750,consumer_003891
acct_004751,consumer_003892
acct_004752,consumer_003893
acct_004753,consumer_003894
acct_004754,consumer_003895
acct_004755,consumer_003895
acct_004756,consumer_003895
acct_004757,consumer_003896
acct_004758,consumer_003897
acct_004759,consumer_003898
acct_004760,consumer_003899
acct_004761,consumer_003900
acct_004762,consumer_003901
acct_004763,consumer_003902
acct_004764,consumer_003903
acct_004765,consumer_003904
acct_004766,consumer_003905
acct_004767,consumer_003906
acct_004768,consumer_003907
acct_004769,consumer_003908
acct_004770,consumer_003908
acct_004771,consumer_003909
acct_004772,consumer_003910
acct_004773,consumer_003911
acct_004774,consumer_003911
acct_004775,consumer_003911
acct_004776,consumer_003912
acct_004777,consumer_003913
acct_004778,consumer_003913
acct_004779,consumer_003914
acct_004780,consumer_003915
acct_004781,consumer_003916
acct_004782,consumer_003917
acct_004783,consumer_003918
acct_004784,consumer_003919
acct_004785,consumer_003920
acct_004786,consumer_003921
acct_004787,consumer_003922
acct_004788,consumer_003922
acct_004789,consumer_003923
acct_004790,consumer_003924
acct_004791,consumer_003924
acct_004792,consumer_003924
acct_004793,consumer_003925
acct_004794,consumer_003926
acct_004795,consumer_003927
acct_004796,consumer_003927
acct_004797,consumer_003928
acct_004798,consumer_003929
acct_004799,consumer_003930
acct_004800,consumer_003931
acct_004801,consumer_003931
acct_004802,consumer_003932
acct_004803,consumer_003933
acct_004804,consumer_003933
acct_004805,consumer_003934
acct_004806,consumer_003935
acct_004807,consumer_003935
acct_004808,consumer_003936
acct_004809,consumer_003937
acct_004810,consumer_003938
acct_004811,consumer_003939
acct_004812,consumer_003940
acct_004813,consumer_003941
acct_004814,consumer_003941
acct_004815,consumer_003941
acct_004816,consumer_003942
acct_004817,consumer_003943
acct_004818,consumer_003944
acct_004819,consumer_003945
acct_004820,consumer_003946
acct_004821,consumer_003947
acct_004822,consumer_003948
acct_004823,consumer_003949
acct_004824,consumer_003950
acct_004825,consumer_003950
acct_004826,consumer_003951
acct_004827,consumer_003952
acct_004828,consumer_003953
acct_004829,consumer_003954
acct_004830,consumer_003955
acct_004831,consumer_003956
acct_004832,consumer_003957
acct_004833,consumer_003958
acct_004834,consumer_003959
acct_004835,consumer_003960
acct_004836,consumer_003961
acct_004837,consumer_003962
acct_004838,consumer_003963
acct_004839,consumer_003964
acct_004840,consumer_003965
acct_004841,consumer_003966
acct_004842,consumer_003967
acct_004843,consumer_003968
acct_004844,consumer_003969
acct_004845,consumer_003970
acct_004846,consumer_003971
acct_004847,consumer_003972
acct_004848,consumer_003973
acct_004849,consumer_003974
acct_004850,consumer_003975
acct_004851,consumer_003976
acct_004852,consumer_003977
acct_004853,consumer_003978
acct_004854,consumer_003979
acct_004855,consumer_003979
acct_004856,consumer_003979
acct_004857,consumer_003980
acct_004858,consumer_003981
acct_004859,consumer_003982
acct_004860,consumer_003983
acct_004861,consumer_003984
acct_004862,consumer_003985
acct_004863,consumer_003986
acct_004864,consumer_003987
acct_004865,consumer_003988
acct_004866,consumer_003989
acct_004867,consumer_003989
acct_004868,consumer_003990
acct_004869,consumer_003990
acct_004870,consumer_003990
acct_004871,consumer_003991
acct_004872,consumer_003991
acct_004873,consumer_003991
acct_004874,consumer_003992
acct_004875,consumer_003993
acct_004876,consumer_003993
acct_004877,consumer_003993
acct_004878,consumer_003994
acct_004879,consumer_003995
acct_004880,consumer_003995
acct_004881,consumer_003995
acct_004882,consumer_003996
acct_004883,consumer_003997
acct_004884,consumer_003998
acct_004885,consumer_003999
acct_004886,consumer_004000
acct_004887,consumer_004001
acct_004888,consumer_004002
acct_004889,consumer_004003
acct_004890,consumer_004004
acct_004891,consumer_004005
acct_004892,consumer_004006
acct_004893,consumer_004007
acct_004894,consumer_004008
acct_004895,consumer_004009
acct_004896,consumer_004010
acct_004897,consumer_004011
acct_004898,consumer_004012
acct_004899,consumer_004013
acct_004900,consumer_004014
acct_004901,consumer_004015
acct_004902,consumer_004016
acct_004903,consumer_004017
acct_004904,consumer_004018
acct_004905,consumer_004019
acct_004906,consumer_004020
acct_004907,consumer_004021
acct_004908,consumer_004021
acct_004909,consumer_004021
acct_004910,consumer_004022
acct_004911,consumer_004023
acct_004912,consumer_004024
acct_004913,consumer_004025
acct_004914,consumer_004026
acct_004915,consumer_004026
acct_004916,consumer_004026
acct_004917,consumer_004027
acct_004918,consumer_004028
acct_004919,consumer_004029
acct_004920,consumer_004030
acct_004921,consumer_004031
acct_004922,consumer_004032
acct_004923,consumer_004033
acct_004924,consumer_004034
acct_004925,consumer_004035
acct_004926,consumer_004036
acct_004927,consumer_004037
acct_004928,consumer_004038
acct_004929,consumer_004039
acct_004930,consumer_004040
acct_004931,consumer_004041
acct_004932,consumer_004042
acct_004933,consumer_004043
acct_004934,consumer_004044
acct_004935,consumer_004045
acct_004936,consumer_004046
acct_004937,consumer_004047
acct_004938,consumer_004048
acct_004939,consumer_004049
acct_004940,consumer_004050
acct_004941,consumer_004051
acct_004942,consumer_004052
acct_004943,consumer_004053
acct_004944,consumer_004053
acct_004945,consumer_004053
acct_004946,consumer_004054
acct_004947,consumer_004055
acct_004948,consumer_004055
acct_004949,consumer_004055
acct_004950,consumer_004056
acct_004951,consumer_004056
acct_004952,consumer_004056
acct_004953,consumer_004057
acct_004954,consumer_004058
acct_004955,consumer_004058
acct_004956,consumer_004059
acct_004957,consumer_004060
acct_004958,consumer_004061
acct_004959,consumer_004062
acct_004960,consumer_004063
acct_004961,consumer_004063
acct_004962,consumer_004064
acct_004963,consumer_004065
acct_004964,consumer_004066
acct_004965,consumer_004067
acct_004966,consumer_004068
acct_004967,consumer_004069
acct_004968,consumer_004070
acct_004969,consumer_004070
acct_004970,consumer_004071
acct_004971,consumer_004072
acct_004972,consumer_004073
acct_004973,consumer_004074
acct_004974,consumer_004075
acct_004975,consumer_004076
acct_004976,consumer_004077
acct_004977,consumer_004078
acct_004978,consumer_004079
acct_004979,consumer_004080
acct_004980,consumer_004081
acct_004981,consumer_004082
acct_004982,consumer_004082
acct_004983,consumer_004082
acct_004984,consumer_004083
acct_004985,consumer_004084
acct_004986,consumer_004084
acct_004987,consumer_004085
acct_004988,consumer_004086
acct_004989,consumer_004087
acct_004990,consumer_004088
acct_004991,consumer_004089
acct_004992,consumer_004090
acct_004993,consumer_004091
acct_004994,consumer_004091
acct_004995,consumer_004092
acct_004996,consumer_004093
acct_004997,consumer_004094
acct_004998,consumer_004094
acct_004999,consumer_004094
acct_005000,consumer_004095
acct_005001,consumer_004096
acct_005002,consumer_004097
acct_005003,consumer_004098
acct_005004,consumer_004099
acct_005005,consumer_004100
acct_005006,consumer_004101
acct_005007,consumer_004102
acct_005008,consumer_004103
acct_005009,consumer_004104
acct_005010,consumer_004105
acct_005011,consumer_004106
acct_005012,consumer_004107
acct_005013,consumer_004107
acct_005014,consumer_004107
acct_005015,consumer_004108
acct_005016,consumer_004109
acct_005017,consumer_004110
acct_005018,consumer_004111
acct_005019,consumer_004112
acct_005020,consumer_004113
acct_005021,consumer_004113
acct_005022,consumer_004114
acct_005023,consumer_004115
acct_005024,consumer_004116
acct_005025,consumer_004116
acct_005026,consumer_004116
acct_005027,consumer_004117
acct_005028,consumer_004118
acct_005029,consumer_004119
acct_005030,consumer_004119
acct_005031,consumer_004120
acct_005032,consumer_004121
acct_005033,consumer_004122
acct_005034,consumer_004123
acct_005035,consumer_004124
acct_005036,consumer_004125
acct_005037,consumer_004126
acct_005038,consumer_004127
acct_005039,consumer_004128
acct_005040,consumer_004128
acct_005041,consumer_004129
acct_005042,consumer_004130
acct_005043,consumer_004131
acct_005044,consumer_004132
acct_005045,consumer_004133
acct_005046,consumer_004134
acct_005047,consumer_004134
acct_005048,consumer_004134
acct_005049,consumer_004135
acct_005050,consumer_004136
acct_005051,consumer_004137
acct_005052,consumer_004137
acct_005053,consumer_004137
acct_005054,consumer_004138
acct_005055,consumer_004139
acct_005056,consumer_004140
acct_005057,consumer_004141
acct_005058,consumer_004142
acct_005059,consumer_004143
acct_005060,consumer_004144
acct_005061,consumer_004144
acct_005062,consumer_004145
acct_005063,consumer_004146
acct_005064,consumer_004147
acct_005065,consumer_004148
acct_005066,consumer_004148
acct_005067,consumer_004148
acct_005068,consumer_004149
acct_005069,consumer_004150
acct_005070,consumer_004151
acct_005071,consumer_004152
acct_005072,consumer_004153
acct_005073,consumer_004154
acct_005074,consumer_004155
acct_005075,consumer_004155
acct_005076,consumer_004156
acct_005077,consumer_004157
acct_005078,consumer_004158
acct_005079,consumer_004159
acct_005080,consumer_004160
acct_005081,consumer_004161
acct_005082,consumer_004162
acct_005083,consumer_004163
acct_005084,consumer_004164
acct_005085,consumer_004164
acct_005086,consumer_004165
acct_005087,consumer_004166
acct_005088,consumer_004167
acct_005089,consumer_004168
acct_005090,consumer_004169
acct_005091,consumer_004170
acct_005092,consumer_004171
acct_005093,consumer_004172
acct_005094,consumer_004173
acct_005095,consumer_004174
acct_005096,consumer_004175
acct_005097,consumer_004176
acct_005098,consumer_004177
acct_005099,consumer_004178
acct_005100,consumer_004179
acct_005101,consumer_004180
acct_005102,consumer_004181
acct_005103,consumer_004182
acct_005104,consumer_004183
acct_005105,consumer_004183
acct_005106,consumer_004184
acct_005107,consumer_004185
acct_005108,consumer_004186
acct_005109,consumer_004187
acct_005110,consumer_004188
acct_005111,consumer_004188
acct_005112,consumer_004189
acct_005113,consumer_004190
acct_005114,consumer_004191
acct_005115,consumer_004192
acct_005116,consumer_004193
acct_005117,consumer_004194
acct_005118,consumer_004194
acct_005119,consumer_004195
acct_005120,consumer_004195
acct_005121,consumer_004195
acct_005122,consumer_004196
acct_005123,consumer_004196
acct_005124,consumer_004196
acct_005125,consumer_004197
acct_005126,consumer_004198
acct_005127,consumer_004199
acct_005128,consumer_004200
acct_005129,consumer_004201
acct_005130,consumer_004202
acct_005131,consumer_004203
acct_005132,consumer_004204
acct_005133,consumer_004205
acct_005134,consumer_004206
acct_005135,consumer_004207
acct_005136,consumer_004208
acct_005137,consumer_004209
acct_005138,consumer_004210
acct_005139,consumer_004211
acct_005140,consumer_004211
acct_005141,consumer_004211
acct_005142,consumer_004212
acct_005143,consumer_004213
acct_005144,consumer_004214
acct_005145,consumer_004215
acct_005146,consumer_004216
acct_005147,consumer_004217
acct_005148,consumer_004218
acct_005149,consumer_004219
acct_005150,consumer_004220
acct_005151,consumer_004221
acct_005152,consumer_004222
acct_005153,consumer_004223
acct_005154,consumer_004224
acct_005155,consumer_004224
acct_005156,consumer_004225
acct_005157,consumer_004225
acct_005158,consumer_004226
acct_005159,consumer_004227
acct_005160,consumer_004228
acct_005161,consumer_004228
acct_005162,consumer_004229
acct_005163,consumer_004230
acct_005164,consumer_004231
acct_005165,consumer_004232
acct_005166,consumer_004233
acct_005167,consumer_004234
acct_005168,consumer_004235
acct_005169,consumer_004236
acct_005170,consumer_004237
acct_005171,consumer_004238
acct_005172,consumer_004239
acct_005173,consumer_004240
acct_005174,consumer_004240
acct_005175,consumer_004240
acct_005176,consumer_004241
acct_005177,consumer_004242
acct_005178,consumer_004243
acct_005179,consumer_004244
acct_005180,consumer_004245
acct_005181,consumer_004246
acct_005182,consumer_004247
acct_005183,consumer_004248
acct_005184,consumer_004249
acct_005185,consumer_004249
acct_005186,consumer_004249
acct_005187,consumer_004250
acct_005188,consumer_004250
acct_005189,consumer_004250
acct_005190,consumer_004251
acct_005191,consumer_004252
acct_005192,consumer_004253
acct_005193,consumer_004253
acct_005194,consumer_004254
acct_005195,consumer_004255
acct_005196,consumer_004256
acct_005197,consumer_004257
acct_005198,consumer_004258
acct_005199,consumer_004259
acct_005200,consumer_004260
acct_005201,consumer_004261
acct_005202,consumer_004261
acct_005203,consumer_004261
acct_005204,consumer_004262
acct_005205,consumer_004263
acct_005206,consumer_004264
acct_005207,consumer_004265
acct_005208,consumer_004266
acct_005209,consumer_004267
acct_005210,consumer_004267
acct_005211,consumer_004268
acct_005212,consumer_004269
acct_005213,consumer_004270
acct_005214,consumer_004271
acct_005215,consumer_004272
acct_005216,consumer_004273
acct_005217,consumer_004274
acct_005218,consumer_004275
acct_005219,consumer_004276
acct_005220,consumer_004277
acct_005221,consumer_004278
acct_005222,consumer_004279
acct_005223,consumer_004280
acct_005224,consumer_004281
acct_005225,consumer_004282
acct_005226,consumer_004283
acct_005227,consumer_004284
acct_005228,consumer_004285
acct_005229,consumer_004286
acct_005230,consumer_004287
acct_005231,consumer_004288
acct_005232,consumer_004289
acct_005233,consumer_004289
acct_005234,consumer_004289
acct_005235,consumer_004290
acct_005236,consumer_004291
acct_005237,consumer_004292
acct_005238,consumer_004293
acct_005239,consumer_004293
acct_005240,consumer_004294
acct_005241,consumer_004295
acct_005242,consumer_004295
acct_005243,consumer_004295
acct_005244,consumer_004296
acct_005245,consumer_004297
acct_005246,consumer_004298
acct_005247,consumer_004299
acct_005248,consumer_004300
acct_005249,consumer_004301
acct_005250,consumer_004302
acct_005251,consumer_004303
acct_005252,consumer_004304
acct_005253,consumer_004305
acct_005254,consumer_004305
acct_005255,consumer_004305
acct_005256,consumer_004306
acct_005257,consumer_004307
acct_005258,consumer_004307
acct_005259,consumer_004307
acct_005260,consumer_004308
acct_005261,consumer_004309
acct_005262,consumer_004310
acct_005263,consumer_004311
acct_005264,consumer_004312
acct_005265,consumer_004313
acct_005266,consumer_004314
acct_005267,consumer_004315
acct_005268,consumer_004316
acct_005269,consumer_004317
acct_005270,consumer_004318
acct_005271,consumer_004319
acct_005272,consumer_004320
acct_005273,consumer_004320
acct_005274,consumer_004321
acct_005275,consumer_004322
acct_005276,consumer_004323
acct_005277,consumer_004324
acct_005278,consumer_004325
acct_005279,consumer_004326
acct_005280,consumer_004327
acct_005281,consumer_004328
acct_005282,consumer_004328
acct_005283,consumer_004329
acct_005284,consumer_004330
acct_005285,consumer_004331
acct_005286,consumer_004332
acct_005287,consumer_004333
acct_005288,consumer_004334
acct_005289,consumer_004335
acct_005290,consumer_004335
acct_005291,consumer_004336
acct_005292,consumer_004337
acct_005293,consumer_004338
acct_005294,consumer_004339
acct_005295,consumer_004340
acct_005296,consumer_004340
acct_005297,consumer_004341
acct_005298,consumer_004342
acct_005299,consumer_004343
acct_005300,consumer_004344
acct_005301,consumer_004345
acct_005302,consumer_004346
acct_005303,consumer_004347
acct_005304,consumer_004348
acct_005305,consumer_004349
acct_005306,consumer_004350
acct_005307,consumer_004351
acct_005308,consumer_004352
acct_005309,consumer_004352
acct_005310,consumer_004352
acct_005311,consumer_004353
acct_005312,consumer_004354
acct_005313,consumer_004354
acct_005314,consumer_004355
acct_005315,consumer_004356
acct_005316,consumer_004356
acct_005317,consumer_004357
acct_005318,consumer_004358
acct_005319,consumer_004359
acct_005320,consumer_004360
acct_005321,consumer_004361
acct_005322,consumer_004362
acct_005323,consumer_004363
acct_005324,consumer_004364
acct_005325,consumer_004365
acct_005326,consumer_004366
acct_005327,consumer_004366
acct_005328,consumer_004367
acct_005329,consumer_004368
acct_005330,consumer_004369
acct_005331,consumer_004370
acct_005332,consumer_004371
acct_005333,consumer_004372
acct_005334,consumer_004372
acct_005335,consumer_004373
acct_005336,consumer_004374
acct_005337,consumer_004375
acct_005338,consumer_004376
acct_005339,consumer_004377
acct_005340,consumer_004377
acct_005341,consumer_004377
acct_005342,consumer_004378
acct_005343,consumer_004379
acct_005344,consumer_004380
acct_005345,consumer_004381
acct_005346,consumer_004382
acct_005347,consumer_004383
acct_005348,consumer_004384
acct_005349,consumer_004385
acct_005350,consumer_004386
acct_005351,consumer_004387
acct_005352,consumer_004388
acct_005353,consumer_004389
acct_005354,consumer_004390
acct_005355,consumer_004391
acct_005356,consumer_004392
acct_005357,consumer_004393
acct_005358,consumer_004394
acct_005359,consumer_004395
acct_005360,consumer_004396
acct_005361,consumer_004397
acct_005362,consumer_004397
acct_005363,consumer_004398
acct_005364,consumer_004399
acct_005365,consumer_004399
acct_005366,consumer_004400
acct_005367,consumer_004401
acct_005368,consumer_004402
acct_005369,consumer_004403
acct_005370,consumer_004404
acct_005371,consumer_004405
acct_005372,consumer_004406
acct_005373,consumer_004407
acct_005374,consumer_004407
acct_005375,consumer_004407
acct_005376,consumer_004408
acct_005377,consumer_004409
acct_005378,consumer_004410
acct_005379,consumer_004411
acct_005380,consumer_004412
acct_005381,consumer_004413
acct_005382,consumer_004414
acct_005383,consumer_004415
acct_005384,consumer_004416
acct_005385,consumer_004417
acct_005386,consumer_004418
acct_005387,consumer_004419
acct_005388,consumer_004419
acct_005389,consumer_004420
acct_005390,consumer_004421
acct_005391,consumer_004422
acct_005392,consumer_004423
acct_005393,consumer_004424
acct_005394,consumer_004425
acct_005395,consumer_004426
acct_005396,consumer_004427
acct_005397,consumer_004428
acct_005398,consumer_004429
acct_005399,consumer_004429
acct_005400,consumer_004430
acct_005401,consumer_004431
acct_005402,consumer_004432
acct_005403,consumer_004433
acct_005404,consumer_004434
acct_005405,consumer_004434
acct_005406,consumer_004434
acct_005407,consumer_004435
acct_005408,consumer_004435
acct_005409,consumer_004436
acct_005410,consumer_004437
acct_005411,consumer_004438
acct_005412,consumer_004438
acct_005413,consumer_004439
acct_005414,consumer_004440
acct_005415,consumer_004441
acct_005416,consumer_004442
acct_005417,consumer_004443
acct_005418,consumer_004444
acct_005419,consumer_004445
acct_005420,consumer_004446
acct_005421,consumer_004447
acct_005422,consumer_004448
acct_005423,consumer_004449
acct_005424,consumer_004450
acct_005425,consumer_004451
acct_005426,consumer_004452
acct_005427,consumer_004453
acct_005428,consumer_004454
acct_005429,consumer_004455
acct_005430,consumer_004456
acct_005431,consumer_004457
acct_005432,consumer_004458
acct_005433,consumer_004459
acct_005434,consumer_004459
acct_005435,consumer_004460
acct_005436,consumer_004461
acct_005437,consumer_004462
acct_005438,consumer_004463
acct_005439,consumer_004464
acct_005440,consumer_004465
acct_005441,consumer_004465
acct_005442,consumer_004466
acct_005443,consumer_004467
acct_005444,consumer_004468
acct_005445,consumer_004469
acct_005446,consumer_004470
acct_005447,consumer_004471
acct_005448,consumer_004472
acct_005449,consumer_004473
acct_005450,consumer_004474
acct_005451,consumer_004474
acct_005452,consumer_004475
acct_005453,consumer_004475
acct_005454,consumer_004476
acct_005455,consumer_004477
acct_005456,consumer_004478
acct_005457,consumer_004478
acct_005458,consumer_004479
acct_005459,consumer_004480
acct_005460,consumer_004481
acct_005461,consumer_004482
acct_005462,consumer_004483
acct_005463,consumer_004484
acct_005464,consumer_004485
acct_005465,consumer_004486
acct_005466,consumer_004487
acct_005467,consumer_004488
acct_005468,consumer_004489
acct_005469,consumer_004490
acct_005470,consumer_004491
acct_005471,consumer_004492
acct_005472,consumer_004492
acct_005473,consumer_004493
acct_005474,consumer_004494
acct_005475,consumer_004495
acct_005476,consumer_004496
acct_005477,consumer_004496
acct_005478,consumer_004497
acct_005479,consumer_004497
acct_005480,consumer_004497
acct_005481,consumer_004498
acct_005482,consumer_004499
acct_005483,consumer_004499
acct_005484,consumer_004499
acct_005485,consumer_004500
acct_005486,consumer_004501
acct_005487,consumer_004501
acct_005488,consumer_004501
acct_005489,consumer_004502
acct_005490,consumer_004503
acct_005491,consumer_004504
acct_005492,consumer_004505
acct_005493,consumer_004506
acct_005494,consumer_004507
acct_005495,consumer_004508
acct_005496,consumer_004509
acct_005497,consumer_004510
acct_005498,consumer_004511
acct_005499,consumer_004512
acct_005500,consumer_004513
acct_005501,consumer_004514
acct_005502,consumer_004515
acct_005503,consumer_004516
acct_005504,consumer_004517
acct_005505,consumer_004517
acct_005506,consumer_004517
acct_005507,consumer_004518
acct_005508,consumer_004518
acct_005509,consumer_004519
acct_005510,consumer_004520
acct_005511,consumer_004521
acct_005512,consumer_004522
acct_005513,consumer_004523
acct_005514,consumer_004524
acct_005515,consumer_004525
acct_005516,consumer_004526
acct_005517,consumer_004527
acct_005518,consumer_004528
acct_005519,consumer_004529
acct_005520,consumer_004530
acct_005521,consumer_004531
acct_005522,consumer_004532
acct_005523,consumer_004533
acct_005524,consumer_004533
acct_005525,consumer_004534
acct_005526,consumer_004535
acct_005527,consumer_004536
acct_005528,consumer_004537
acct_005529,consumer_004537
acct_005530,consumer_004537
acct_005531,consumer_004538
acct_005532,consumer_004539
acct_005533,consumer_004540
acct_005534,consumer_004541
acct_005535,consumer_004542
acct_005536,consumer_004543
acct_005537,consumer_004544
acct_005538,consumer_004545
acct_005539,consumer_004546
acct_005540,consumer_004547
acct_005541,consumer_004548
acct_005542,consumer_004549
acct_005543,consumer_004550
acct_005544,consumer_004550
acct_005545,consumer_004551
acct_005546,consumer_004552
acct_005547,consumer_004552
acct_005548,consumer_004553
acct_005549,consumer_004554
acct_005550,consumer_004554
acct_005551,consumer_004554
acct_005552,consumer_004555
acct_005553,consumer_004555
acct_005554,consumer_004556
acct_005555,consumer_004557
acct_005556,consumer_004558
acct_005557,consumer_004559
acct_005558,consumer_004560
acct_005559,consumer_004560
acct_005560,consumer_004561
acct_005561,consumer_004562
acct_005562,consumer_004562
acct_005563,consumer_004563
acct_005564,consumer_004564
acct_005565,consumer_004565
acct_005566,consumer_004566
acct_005567,consumer_004567
acct_005568,consumer_004568
acct_005569,consumer_004569
acct_005570,consumer_004570
acct_005571,consumer_004571
acct_005572,consumer_004572
acct_005573,consumer_004573
acct_005574,consumer_004574
acct_005575,consumer_004575
acct_005576,consumer_004576
acct_005577,consumer_004577
acct_005578,consumer_004578
acct_005579,consumer_004579
acct_005580,consumer_004580
acct_005581,consumer_004581
acct_005582,consumer_004582
acct_005583,consumer_004582
acct_005584,consumer_004582
acct_005585,consumer_004583
acct_005586,consumer_004584
acct_005587,consumer_004585
acct_005588,consumer_004586
acct_005589,consumer_004586
acct_005590,consumer_004587
acct_005591,consumer_004588
acct_005592,consumer_004589
acct_005593,consumer_004589
acct_005594,consumer_004590
acct_005595,consumer_004591
acct_005596,consumer_004592
acct_005597,consumer_004592
acct_005598,consumer_004593
acct_005599,consumer_004594
acct_005600,consumer_004595
acct_005601,consumer_004595
acct_005602,consumer_004596
acct_005603,consumer_004597
acct_005604,consumer_004598
acct_005605,consumer_004599
acct_005606,consumer_004600
acct_005607,consumer_004601
acct_005608,consumer_004601
acct_005609,consumer_004602
acct_005610,consumer_004603
acct_005611,consumer_004604
acct_005612,consumer_004605
acct_005613,consumer_004606
acct_005614,consumer_004606
acct_005615,consumer_004606
acct_005616,consumer_004607
acct_005617,consumer_004607
acct_005618,consumer_004608
acct_005619,consumer_004608
acct_005620,consumer_004608
acct_005621,consumer_004609
acct_005622,consumer_004610
acct_005623,consumer_004610
acct_005624,consumer_004610
acct_005625,consumer_004611
acct_005626,consumer_004612
acct_005627,consumer_004613
acct_005628,consumer_004613
acct_005629,consumer_004614
acct_005630,consumer_004615
acct_005631,consumer_004616
acct_005632,consumer_004616
acct_005633,consumer_004616
acct_005634,consumer_004617
acct_005635,consumer_004618
acct_005636,consumer_004619
acct_005637,consumer_004619
acct_005638,consumer_004620
acct_005639,consumer_004621
acct_005640,consumer_004622
acct_005641,consumer_004623
acct_005642,consumer_004624
acct_005643,consumer_004625
acct_005644,consumer_004626
acct_005645,consumer_004627
acct_005646,consumer_004628
acct_005647,consumer_004629
acct_005648,consumer_004630
acct_005649,consumer_004631
acct_005650,consumer_004632
acct_005651,consumer_004633
acct_005652,consumer_004634
acct_005653,consumer_004635
acct_005654,consumer_004636
acct_005655,consumer_004636
acct_005656,consumer_004636
acct_005657,consumer_004637
acct_005658,consumer_004638
acct_005659,consumer_004639
acct_005660,consumer_004640
acct_005661,consumer_004640
acct_005662,consumer_004640
acct_005663,consumer_004641
acct_005664,consumer_004642
acct_005665,consumer_004643
acct_005666,consumer_004644
acct_005667,consumer_004645
acct_005668,consumer_004646
acct_005669,consumer_004647
acct_005670,consumer_004648
acct_005671,consumer_004649
acct_005672,consumer_004650
acct_005673,consumer_004651
acct_005674,consumer_004651
acct_005675,consumer_004651
acct_005676,consumer_004652
acct_005677,consumer_004653
acct_005678,consumer_004654
acct_005679,consumer_004655
acct_005680,consumer_004655
acct_005681,consumer_004655
acct_005682,consumer_004656
acct_005683,consumer_004657
acct_005684,consumer_004658
acct_005685,consumer_004659
acct_005686,consumer_004660
acct_005687,consumer_004661
acct_005688,consumer_004662
acct_005689,consumer_004662
acct_005690,consumer_004662
acct_005691,consumer_004663
acct_005692,consumer_004664
acct_005693,consumer_004664
acct_005694,consumer_004664
acct_005695,consumer_004665
acct_005696,consumer_004666
acct_005697,consumer_004667
acct_005698,consumer_004667
acct_005699,consumer_004667
acct_005700,consumer_004668
acct_005701,consumer_004669
acct_005702,consumer_004670
acct_005703,consumer_004671
acct_005704,consumer_004671
acct_005705,consumer_004672
acct_005706,consumer_004673
acct_005707,consumer_004674
acct_005708,consumer_004675
acct_005709,consumer_004676
acct_005710,consumer_004677
acct_005711,consumer_004678
acct_005712,consumer_004679
acct_005713,consumer_004680
acct_005714,consumer_004681
acct_005715,consumer_004682
acct_005716,consumer_004683
acct_005717,consumer_004684
acct_005718,consumer_004684
acct_005719,consumer_004684
acct_005720,consumer_004685
acct_005721,consumer_004686
acct_005722,consumer_004687
acct_005723,consumer_004688
acct_005724,consumer_004689
acct_005725,consumer_004689
acct_005726,consumer_004690
acct_005727,consumer_004691
acct_005728,consumer_004692
acct_005729,consumer_004693
acct_005730,consumer_004693
acct_005731,consumer_004693
acct_005732,consumer_004694
acct_005733,consumer_004695
acct_005734,consumer_004696
acct_005735,consumer_004696
acct_005736,consumer_004696
acct_005737,consumer_004697
acct_005738,consumer_004697
acct_005739,consumer_004698
acct_005740,consumer_004699
acct_005741,consumer_004700
acct_005742,consumer_004701
acct_005743,consumer_004702
acct_005744,consumer_004703
acct_005745,consumer_004704
acct_005746,consumer_004705
acct_005747,consumer_004706
acct_005748,consumer_004707
acct_005749,consumer_004708
acct_005750,consumer_004709
acct_005751,consumer_004710
acct_005752,consumer_004710
acct_005753,consumer_004711
acct_005754,consumer_004712
acct_005755,consumer_004713
acct_005756,consumer_004713
acct_005757,consumer_004714
acct_005758,consumer_004715
acct_005759,consumer_004716
acct_005760,consumer_004717
acct_005761,consumer_004718
acct_005762,consumer_004719
acct_005763,consumer_004719
acct_005764,consumer_004719
acct_005765,consumer_004720
acct_005766,consumer_004721
acct_005767,consumer_004722
acct_005768,consumer_004723
acct_005769,consumer_004724
acct_005770,consumer_004725
acct_005771,consumer_004726
acct_005772,consumer_004727
acct_005773,consumer_004728
acct_005774,consumer_004729
acct_005775,consumer_004730
acct_005776,consumer_004730
acct_005777,consumer_004731
acct_005778,consumer_004732
acct_005779,consumer_004733
acct_005780,consumer_004734
acct_005781,consumer_004735
acct_005782,consumer_004735
acct_005783,consumer_004736
acct_005784,consumer_004737
acct_005785,consumer_004737
acct_005786,consumer_004738
acct_005787,consumer_004739
acct_005788,consumer_004739
acct_005789,consumer_004739
acct_005790,consumer_004740
acct_005791,consumer_004741
acct_005792,consumer_004742
acct_005793,consumer_004743
acct_005794,consumer_004744
acct_005795,consumer_004744
acct_005796,consumer_004744
acct_005797,consumer_004745
acct_005798,consumer_004746
acct_005799,consumer_004747
acct_005800,consumer_004748
acct_005801,consumer_004749
acct_005802,consumer_004750
acct_005803,consumer_004751
acct_005804,consumer_004752
acct_005805,consumer_004753
acct_005806,consumer_004754
acct_005807,consumer_004754
acct_005808,consumer_004754
acct_005809,consumer_004755
acct_005810,consumer_004756
acct_005811,consumer_004757
acct_005812,consumer_004758
acct_005813,consumer_004759
acct_005814,consumer_004760
acct_005815,consumer_004761
acct_005816,consumer_004762
acct_005817,consumer_004763
acct_005818,consumer_004764
acct_005819,consumer_004765
acct_005820,consumer_004766
acct_005821,consumer_004767
acct_005822,consumer_004768
acct_005823,consumer_004769
acct_005824,consumer_004770
acct_005825,consumer_004771
acct_005826,consumer_004771
acct_005827,consumer_004772
acct_005828,consumer_004773
acct_005829,consumer_004774
acct_005830,consumer_004775
acct_005831,consumer_004776
acct_005832,consumer_004777
acct_005833,consumer_004778
acct_005834,consumer_004779
acct_005835,consumer_004780
acct_005836,consumer_004781
acct_005837,consumer_004781
acct_005838,consumer_004782
acct_005839,consumer_004783
acct_005840,consumer_004784
acct_005841,consumer_004785
acct_005842,consumer_004786
acct_005843,consumer_004787
acct_005844,consumer_004788
acct_005845,consumer_004788
acct_005846,consumer_004789
acct_005847,consumer_004789
acct_005848,consumer_004790
acct_005849,consumer_004790
acct_005850,consumer_004791
acct_005851,consumer_004791
acct_005852,consumer_004791
acct_005853,consumer_004792
acct_005854,consumer_004793
acct_005855,consumer_004794
acct_005856,consumer_004795
acct_005857,consumer_004795
acct_005858,consumer_004796
acct_005859,consumer_004797
acct_005860,consumer_004797
acct_005861,consumer_004797
acct_005862,consumer_004798
acct_005863,consumer_004799
acct_005864,consumer_004800
acct_005865,consumer_004801
acct_005866,consumer_004801
acct_005867,consumer_004802
acct_005868,consumer_004803
acct_005869,consumer_004804
acct_005870,consumer_004805
acct_005871,consumer_004806
acct_005872,consumer_004807
acct_005873,consumer_004808
acct_005874,consumer_004809
acct_005875,consumer_004810
acct_005876,consumer_004811
acct_005877,consumer_004812
acct_005878,consumer_004813
acct_005879,consumer_004814
acct_005880,consumer_004815
acct_005881,consumer_004816
acct_005882,consumer_004817
acct_005883,consumer_004817
acct_005884,consumer_004817
acct_005885,consumer_004818
acct_005886,consumer_004819
acct_005887,consumer_004820
acct_005888,consumer_004821
acct_005889,consumer_004822
acct_005890,consumer_004823
acct_005891,consumer_004824
acct_005892,consumer_004824
acct_005893,consumer_004824
acct_005894,consumer_004825
acct_005895,consumer_004826
acct_005896,consumer_004827
acct_005897,consumer_004828
acct_005898,consumer_004829
acct_005899,consumer_004830
acct_005900,consumer_004831
acct_005901,consumer_004832
acct_005902,consumer_004832
acct_005903,consumer_004833
acct_005904,consumer_004834
acct_005905,consumer_004834
acct_005906,consumer_004834
acct_005907,consumer_004835
acct_005908,consumer_004836
acct_005909,consumer_004837
acct_005910,consumer_004838
acct_005911,consumer_004839
acct_005912,consumer_004840
acct_005913,consumer_004841
acct_005914,consumer_004842
acct_005915,consumer_004843
acct_005916,consumer_004844
acct_005917,consumer_004845
acct_005918,consumer_004846
acct_005919,consumer_004846
acct_005920,consumer_004846
acct_005921,consumer_004847
acct_005922,consumer_004848
acct_005923,consumer_004849
acct_005924,consumer_004850
acct_005925,consumer_004851
acct_005926,consumer_004852
acct_005927,consumer_004853
acct_005928,consumer_004854
acct_005929,consumer_004855
acct_005930,consumer_004856
acct_005931,consumer_004857
acct_005932,consumer_004858
acct_005933,consumer_004859
acct_005934,consumer_004860
acct_005935,consumer_004861
acct_005936,consumer_004862
acct_005937,consumer_004862
acct_005938,consumer_004862
acct_005939,consumer_004863
acct_005940,consumer_004864
acct_005941,consumer_004865
acct_005942,consumer_004866
acct_005943,consumer_004867
acct_005944,consumer_004868
acct_005945,consumer_004869
acct_005946,consumer_004870
acct_005947,consumer_004871
acct_005948,consumer_004872
acct_005949,consumer_004873
acct_005950,consumer_004874
acct_005951,consumer_004875
acct_005952,consumer_004876
acct_005953,consumer_004877
acct_005954,consumer_004878
acct_005955,consumer_004879
acct_005956,consumer_004880
acct_005957,consumer_004880
acct_005958,consumer_004881
acct_005959,consumer_004882
acct_005960,consumer_004883
acct_005961,consumer_004884
acct_005962,consumer_004885
acct_005963,consumer_004886
acct_005964,consumer_004887
acct_005965,consumer_004887
acct_005966,consumer_004887
acct_005967,consumer_004888
acct_005968,consumer_004888
acct_005969,consumer_004889
acct_005970,consumer_004890
acct_005971,consumer_004891
acct_005972,consumer_004892
acct_005973,consumer_004893
acct_005974,consumer_004894
acct_005975,consumer_004895
acct_005976,consumer_004896
acct_005977,consumer_004897
acct_005978,consumer_004898
acct_005979,consumer_004899
acct_005980,consumer_004899
acct_005981,consumer_004900
acct_005982,consumer_004901
acct_005983,consumer_004902
acct_005984,consumer_004902
acct_005985,consumer_004902
acct_005986,consumer_004903
acct_005987,consumer_004904
acct_005988,consumer_004905
acct_005989,consumer_004906
acct_005990,consumer_004907
acct_005991,consumer_004908
acct_005992,consumer_004909
acct_005993,consumer_004910
acct_005994,consumer_004911
acct_005995,consumer_004912
acct_005996,consumer_004913
acct_005997,consumer_004914
acct_005998,consumer_004915
acct_005999,consumer_004915
acct_006000,consumer_004915
acct_006001,consumer_004916
acct_006002,consumer_004917
acct_006003,consumer_004918
acct_006004,consumer_004919
acct_006005,consumer_004920
acct_006006,consumer_004921
acct_006007,consumer_004921
acct_006008,consumer_004922
acct_006009,consumer_004922
acct_006010,consumer_004923
acct_006011,consumer_004924
acct_006012,consumer_004925
acct_006013,consumer_004926
acct_006014,consumer_004927
acct_006015,consumer_004927
acct_006016,consumer_004927
acct_006017,consumer_004928
acct_006018,consumer_004929
acct_006019,consumer_004930
acct_006020,consumer_004931
acct_006021,consumer_004931
acct_006022,consumer_004931
acct_006023,consumer_004932
acct_006024,consumer_004933
acct_006025,consumer_004934
acct_006026,consumer_004935
acct_006027,consumer_004936
acct_006028,consumer_004937
acct_006029,consumer_004938
acct_006030,consumer_004939
acct_006031,consumer_004940
acct_006032,consumer_004941
acct_006033,consumer_004942
acct_006034,consumer_004943
acct_006035,consumer_004943
acct_006036,consumer_004944
acct_006037,consumer_004945
acct_006038,consumer_004946
acct_006039,consumer_004947
acct_006040,consumer_004948
acct_006041,consumer_004949
acct_006042,consumer_004950
acct_006043,consumer_004951
acct_006044,consumer_004951
acct_006045,consumer_004951
acct_006046,consumer_004952
acct_006047,consumer_004953
acct_006048,consumer_004954
acct_006049,consumer_004954
acct_006050,consumer_004955
acct_006051,consumer_004956
acct_006052,consumer_004957
acct_006053,consumer_004958
acct_006054,consumer_004959
acct_006055,consumer_004960
acct_006056,consumer_004961
acct_006057,consumer_004962
acct_006058,consumer_004963
acct_006059,consumer_004964
acct_006060,consumer_004965
acct_006061,consumer_004966
acct_006062,consumer_004967
acct_006063,consumer_004968
acct_006064,consumer_004969
acct_006065,consumer_004970
acct_006066,consumer_004971
acct_006067,consumer_004972
acct_006068,consumer_004972
acct_006069,consumer_004973
acct_006070,consumer_004974
acct_006071,consumer_004975
acct_006072,consumer_004975
acct_006073,consumer_004975
acct_006074,consumer_004976
acct_006075,consumer_004977
acct_006076,consumer_004978
acct_006077,consumer_004979
acct_006078,consumer_004979
acct_006079,consumer_004979
acct_006080,consumer_004980
acct_006081,consumer_004980
acct_006082,consumer_004981
acct_006083,consumer_004982
acct_006084,consumer_004983
acct_006085,consumer_004984
acct_006086,consumer_004985
acct_006087,consumer_004986
acct_006088,consumer_004987
acct_006089,consumer_004988
acct_006090,consumer_004989
acct_006091,consumer_004990
acct_006092,consumer_004991
acct_006093,consumer_004992
acct_006094,consumer_004993
acct_006095,consumer_004994
acct_006096,consumer_004995
acct_006097,consumer_004996
acct_006098,consumer_004997
acct_006099,consumer_004998
acct_006100,consumer_004999
acct_006101,consumer_005000
acct_006102,consumer_005001
acct_006103,consumer_005002
acct_006104,consumer_005003
acct_006105,consumer_005004
acct_006106,consumer_005005
acct_006107,consumer_005006
acct_006108,consumer_005007
acct_006109,consumer_005008
acct_006110,consumer_005009
acct_006111,consumer_005010
acct_006112,consumer_005011
acct_006113,consumer_005012
acct_006114,consumer_005013
acct_006115,consumer_005013
acct_006116,consumer_005013
acct_006117,consumer_005014
acct_006118,consumer_005015
acct_006119,consumer_005016
acct_006120,consumer_005016
acct_006121,consumer_005016
acct_006122,consumer_005017
acct_006123,consumer_005018
acct_006124,consumer_005018
acct_006125,consumer_005018
acct_006126,consumer_005019
acct_006127,consumer_005019
acct_006128,consumer_005020
acct_006129,consumer_005021
acct_006130,consumer_005022
acct_006131,consumer_005023
acct_006132,consumer_005024
acct_006133,consumer_005025
acct_006134,consumer_005026
acct_006135,consumer_005027
acct_006136,consumer_005028
acct_006137,consumer_005029
acct_006138,consumer_005030
acct_006139,consumer_005031
acct_006140,consumer_005032
acct_006141,consumer_005033
acct_006142,consumer_005034
acct_006143,consumer_005035
acct_006144,consumer_005036
acct_006145,consumer_005037
acct_006146,consumer_005038
acct_006147,consumer_005039
acct_006148,consumer_005040
acct_006149,consumer_005040
acct_006150,consumer_005041
acct_006151,consumer_005042
acct_006152,consumer_005043
acct_006153,consumer_005043
acct_006154,consumer_005043
acct_006155,consumer_005044
acct_006156,consumer_005045
acct_006157,consumer_005045
acct_006158,consumer_005046
acct_006159,consumer_005047
acct_006160,consumer_005048
acct_006161,consumer_005048
acct_006162,consumer_005048
acct_006163,consumer_005049
acct_006164,consumer_005050
acct_006165,consumer_005051
acct_006166,consumer_005052
acct_006167,consumer_005053
acct_006168,consumer_005054
acct_006169,consumer_005055
acct_006170,consumer_005056
acct_006171,consumer_005057
acct_006172,consumer_005058
acct_006173,consumer_005059
acct_006174,consumer_005059
acct_006175,consumer_005060
acct_006176,consumer_005061
acct_006177,consumer_005062
acct_006178,consumer_005062
acct_006179,consumer_005063
acct_006180,consumer_005064
acct_006181,consumer_005065
acct_006182,consumer_005066
acct_006183,consumer_005067
acct_006184,consumer_005067
acct_006185,consumer_005068
acct_006186,consumer_005069
acct_006187,consumer_005070
acct_006188,consumer_005071
acct_006189,consumer_005072
acct_006190,consumer_005072
acct_006191,consumer_005072
acct_006192,consumer_005073
acct_006193,consumer_005074
acct_006194,consumer_005074
acct_006195,consumer_005075
acct_006196,consumer_005076
acct_006197,consumer_005076
acct_006198,consumer_005077
acct_006199,consumer_005077
acct_006200,consumer_005077
acct_006201,consumer_005078
acct_006202,consumer_005078
acct_006203,consumer_005078
acct_006204,consumer_005079
acct_006205,consumer_005080
acct_006206,consumer_005081
acct_006207,consumer_005082
acct_006208,consumer_005083
acct_006209,consumer_005084
acct_006210,consumer_005085
acct_006211,consumer_005085
acct_006212,consumer_005085
acct_006213,consumer_005086
acct_006214,consumer_005087
acct_006215,consumer_005087
acct_006216,consumer_005088
acct_006217,consumer_005089
acct_006218,consumer_005090
acct_006219,consumer_005091
acct_006220,consumer_005092
acct_006221,consumer_005093
acct_006222,consumer_005094
acct_006223,consumer_005095
acct_006224,consumer_005096
acct_006225,consumer_005097
acct_006226,consumer_005098
acct_006227,consumer_005099
acct_006228,consumer_005100
acct_006229,consumer_005101
acct_006230,consumer_005102
acct_006231,consumer_005103
acct_006232,consumer_005104
acct_006233,consumer_005105
acct_006234,consumer_005106
acct_006235,consumer_005107
acct_006236,consumer_005108
acct_006237,consumer_005108
acct_006238,consumer_005109
acct_006239,consumer_005110
acct_006240,consumer_005111
acct_006241,consumer_005112
acct_006242,consumer_005113
acct_006243,consumer_005114
acct_006244,consumer_005115
acct_006245,consumer_005116
acct_006246,consumer_005117
acct_006247,consumer_005118
acct_006248,consumer_005119
acct_006249,consumer_005120
acct_006250,consumer_005121
acct_006251,consumer_005122
acct_006252,consumer_005122
acct_006253,consumer_005123
acct_006254,consumer_005124
acct_006255,consumer_005125
acct_006256,consumer_005126
acct_006257,consumer_005127
acct_006258,consumer_005128
acct_006259,consumer_005129
acct_006260,consumer_005130
acct_006261,consumer_005131
acct_006262,consumer_005131
acct_006263,consumer_005132
acct_006264,consumer_005133
acct_006265,consumer_005134
acct_006266,consumer_005135
acct_006267,consumer_005136
acct_006268,consumer_005137
acct_006269,consumer_005137
acct_006270,consumer_005138
acct_006271,consumer_005139
acct_006272,consumer_005140
acct_006273,consumer_005141
acct_006274,consumer_005141
acct_006275,consumer_005141
acct_006276,consumer_005142
acct_006277,consumer_005143
acct_006278,consumer_005144
acct_006279,consumer_005145
acct_006280,consumer_005145
acct_006281,consumer_005145
acct_006282,consumer_005146
acct_006283,consumer_005147
acct_006284,consumer_005148
acct_006285,consumer_005149
acct_006286,consumer_005149
acct_006287,consumer_005150
acct_006288,consumer_005150
acct_006289,consumer_005150
acct_006290,consumer_005151
acct_006291,consumer_005152
acct_006292,consumer_005153
acct_006293,consumer_005154
acct_006294,consumer_005155
acct_006295,consumer_005156
acct_006296,consumer_005156
acct_006297,consumer_005157
acct_006298,consumer_005158
acct_006299,consumer_005158
acct_006300,consumer_005158
acct_006301,consumer_005159
acct_006302,consumer_005160
acct_006303,consumer_005161
acct_006304,consumer_005162
acct_006305,consumer_005163
acct_006306,consumer_005163
acct_006307,consumer_005163
acct_006308,consumer_005164
acct_006309,consumer_005165
acct_006310,consumer_005166
acct_006311,consumer_005167
acct_006312,consumer_005168
acct_006313,consumer_005169
acct_006314,consumer_005170
acct_006315,consumer_005171
acct_006316,consumer_005172
acct_006317,consumer_005173
acct_006318,consumer_005173
acct_006319,consumer_005174
acct_006320,consumer_005175
acct_006321,consumer_005176
acct_006322,consumer_005177
acct_006323,consumer_005177
acct_006324,consumer_005177
acct_006325,consumer_005178
acct_006326,consumer_005179
acct_006327,consumer_005179
acct_006328,consumer_005180
acct_006329,consumer_005181
acct_006330,consumer_005182
acct_006331,consumer_005183
acct_006332,consumer_005183
acct_006333,consumer_005183
acct_006334,consumer_005184
acct_006335,consumer_005185
acct_006336,consumer_005186
acct_006337,consumer_005187
acct_006338,consumer_005188
acct_006339,consumer_005189
acct_006340,consumer_005190
acct_006341,consumer_005191
acct_006342,consumer_005191
acct_006343,consumer_005191
acct_006344,consumer_005192
acct_006345,consumer_005193
acct_006346,consumer_005193
acct_006347,consumer_005193
acct_006348,consumer_005194
acct_006349,consumer_005194
acct_006350,consumer_005194
acct_006351,consumer_005195
acct_006352,consumer_005196
acct_006353,consumer_005197
acct_006354,consumer_005198
acct_006355,consumer_005199
acct_006356,consumer_005199
acct_006357,consumer_005199
acct_006358,consumer_005200
acct_006359,consumer_005201
acct_006360,consumer_005202
acct_006361,consumer_005202
acct_006362,consumer_005202
acct_006363,consumer_005203
acct_006364,consumer_005204
acct_006365,consumer_005205
acct_006366,consumer_005206
acct_006367,consumer_005207
acct_006368,consumer_005208
acct_006369,consumer_005209
acct_006370,consumer_005210
acct_006371,consumer_005210
acct_006372,consumer_005210
acct_006373,consumer_005211
acct_006374,consumer_005212
acct_006375,consumer_005213
acct_006376,consumer_005214
acct_006377,consumer_005215
acct_006378,consumer_005216
acct_006379,consumer_005217
acct_006380,consumer_005217
acct_006381,consumer_005218
acct_006382,consumer_005219
acct_006383,consumer_005220
acct_006384,consumer_005221
acct_006385,consumer_005222
acct_006386,consumer_005223
acct_006387,consumer_005224
acct_006388,consumer_005225
acct_006389,consumer_005226
acct_006390,consumer_005227
acct_006391,consumer_005227
acct_006392,consumer_005228
acct_006393,consumer_005229
acct_006394,consumer_005230
acct_006395,consumer_005231
acct_006396,consumer_005232
acct_006397,consumer_005233
acct_006398,consumer_005234
acct_006399,consumer_005234
acct_006400,consumer_005235
acct_006401,consumer_005236
acct_006402,consumer_005236
acct_006403,consumer_005237
acct_006404,consumer_005238
acct_006405,consumer_005239
acct_006406,consumer_005239
acct_006407,consumer_005239
acct_006408,consumer_005240
acct_006409,consumer_005241
acct_006410,consumer_005242
acct_006411,consumer_005243
acct_006412,consumer_005244
acct_006413,consumer_005245
acct_006414,consumer_005245
acct_006415,consumer_005246
acct_006416,consumer_005247
acct_006417,consumer_005248
acct_006418,consumer_005249
acct_006419,consumer_005250
acct_006420,consumer_005250
acct_006421,consumer_005251
acct_006422,consumer_005252
acct_006423,consumer_005253
acct_006424,consumer_005254
acct_006425,consumer_005255
acct_006426,consumer_005256
acct_006427,consumer_005257
acct_006428,consumer_005257
acct_006429,consumer_005257
acct_006430,consumer_005258
acct_006431,consumer_005259
acct_006432,consumer_005260
acct_006433,consumer_005261
acct_006434,consumer_005262
acct_006435,consumer_005263
acct_006436,consumer_005264
acct_006437,consumer_005265
acct_006438,consumer_005266
acct_006439,consumer_005267
acct_006440,consumer_005268
acct_006441,consumer_005268
acct_006442,consumer_005269
acct_006443,consumer_005270
acct_006444,consumer_005271
acct_006445,consumer_005272
acct_006446,consumer_005273
acct_006447,consumer_005274
acct_006448,consumer_005275
acct_006449,consumer_005276
acct_006450,consumer_005277
acct_006451,consumer_005278
acct_006452,consumer_005279
acct_006453,consumer_005280
acct_006454,consumer_005280
acct_006455,consumer_005280
acct_006456,consumer_005281
acct_006457,consumer_005282
acct_006458,consumer_005283
acct_006459,consumer_005284
acct_006460,consumer_005285
acct_006461,consumer_005286
acct_006462,consumer_005287
acct_006463,consumer_005288
acct_006464,consumer_005289
acct_006465,consumer_005290
acct_006466,consumer_005290
acct_006467,consumer_005291
acct_006468,consumer_005292
acct_006469,consumer_005293
acct_006470,consumer_005293
acct_006471,consumer_005294
acct_006472,consumer_005295
acct_006473,consumer_005296
acct_006474,consumer_005296
acct_006475,consumer_005296
acct_006476,consumer_005297
acct_006477,consumer_005298
acct_006478,consumer_005298
acct_006479,consumer_005298
acct_006480,consumer_005299
acct_006481,consumer_005300
acct_006482,consumer_005301
acct_006483,consumer_005302
acct_006484,consumer_005303
acct_006485,consumer_005304
acct_006486,consumer_005305
acct_006487,consumer_005306
acct_006488,consumer_005307
acct_006489,consumer_005308
acct_006490,consumer_005309
acct_006491,consumer_005310
acct_006492,consumer_005311
acct_006493,consumer_005312
acct_006494,consumer_005313
acct_006495,consumer_005314
acct_006496,consumer_005315
acct_006497,consumer_005316
acct_006498,consumer_005317
acct_006499,consumer_005318
acct_006500,consumer_005319
acct_006501,consumer_005320
acct_006502,consumer_005320
acct_006503,consumer_005320
acct_006504,consumer_005321
acct_006505,consumer_005322
acct_006506,consumer_005323
acct_006507,consumer_005324
acct_006508,consumer_005325
acct_006509,consumer_005326
acct_006510,consumer_005327
acct_006511,consumer_005327
acct_006512,consumer_005328
acct_006513,consumer_005329
acct_006514,consumer_005330
acct_006515,consumer_005330
acct_006516,consumer_005330
acct_006517,consumer_005331
acct_006518,consumer_005331
acct_006519,consumer_005332
acct_006520,consumer_005333
acct_006521,consumer_005334
acct_006522,consumer_005335
acct_006523,consumer_005336
acct_006524,consumer_005337
acct_006525,consumer_005338
acct_006526,consumer_005339
acct_006527,consumer_005340
acct_006528,consumer_005341
acct_006529,consumer_005342
acct_006530,consumer_005343
acct_006531,consumer_005344
acct_006532,consumer_005345
acct_006533,consumer_005346
acct_006534,consumer_005346
acct_006535,consumer_005346
acct_006536,consumer_005347
acct_006537,consumer_005348
acct_006538,consumer_005349
acct_006539,consumer_005350
acct_006540,consumer_005351
acct_006541,consumer_005352
acct_006542,consumer_005353
acct_006543,consumer_005354
acct_006544,consumer_005355
acct_006545,consumer_005356
acct_006546,consumer_005357
acct_006547,consumer_005358
acct_006548,consumer_005359
acct_006549,consumer_005359
acct_006550,consumer_005360
acct_006551,consumer_005361
acct_006552,consumer_005362
acct_006553,consumer_005363
acct_006554,consumer_005364
acct_006555,consumer_005365
acct_006556,consumer_005365
acct_006557,consumer_005365
acct_006558,consumer_005366
acct_006559,consumer_005366
acct_006560,consumer_005366
acct_006561,consumer_005367
acct_006562,consumer_005368
acct_006563,consumer_005369
acct_006564,consumer_005370
acct_006565,consumer_005371
acct_006566,consumer_005372
acct_006567,consumer_005373
acct_006568,consumer_005374
acct_006569,consumer_005375
acct_006570,consumer_005376
acct_006571,consumer_005377
acct_006572,consumer_005378
acct_006573,consumer_005379
acct_006574,consumer_005380
acct_006575,consumer_005381
acct_006576,consumer_005381
acct_006577,consumer_005382
acct_006578,consumer_005383
acct_006579,consumer_005384
acct_006580,consumer_005385
acct_006581,consumer_005386
acct_006582,consumer_005387
acct_006583,consumer_005388
acct_006584,consumer_005389
acct_006585,consumer_005390
acct_006586,consumer_005391
acct_006587,consumer_005392
acct_006588,consumer_005393
acct_006589,consumer_005394
acct_006590,consumer_005394
acct_006591,consumer_005394
acct_006592,consumer_005395
acct_006593,consumer_005395
acct_006594,consumer_005396
acct_006595,consumer_005397
acct_006596,consumer_005397
acct_006597,consumer_005397
acct_006598,consumer_005398
acct_006599,consumer_005399
acct_006600,consumer_005400
acct_006601,consumer_005401
acct_006602,consumer_005402
acct_006603,consumer_005403
acct_006604,consumer_005404
acct_006605,consumer_005405
acct_006606,consumer_005406
acct_006607,consumer_005407
acct_006608,consumer_005407
acct_006609,consumer_005407
acct_006610,consumer_005408
acct_006611,consumer_005409
acct_006612,consumer_005410
acct_006613,consumer_005411
acct_006614,consumer_005411
acct_006615,consumer_005411
acct_006616,consumer_005412
acct_006617,consumer_005413
acct_006618,consumer_005414
acct_006619,consumer_005415
acct_006620,consumer_005416
acct_006621,consumer_005417
acct_006622,consumer_005418
acct_006623,consumer_005419
acct_006624,consumer_005420
acct_006625,consumer_005421
acct_006626,consumer_005422
acct_006627,consumer_005423
acct_006628,consumer_005424
acct_006629,consumer_005424
acct_006630,consumer_005424
acct_006631,consumer_005425
acct_006632,consumer_005426
acct_006633,consumer_005427
acct_006634,consumer_005427
acct_006635,consumer_005427
acct_006636,consumer_005428
acct_006637,consumer_005428
acct_006638,consumer_005428
acct_006639,consumer_005429
acct_006640,consumer_005430
acct_006641,consumer_005431
acct_006642,consumer_005431
acct_006643,consumer_005432
acct_006644,consumer_005433
acct_006645,consumer_005434
acct_006646,consumer_005435
acct_006647,consumer_005436
acct_006648,consumer_005437
acct_006649,consumer_005438
acct_006650,consumer_005438
acct_006651,consumer_005438
acct_006652,consumer_005439
acct_006653,consumer_005440
acct_006654,consumer_005441
acct_006655,consumer_005442
acct_006656,consumer_005442
acct_006657,consumer_005443
acct_006658,consumer_005444
acct_006659,consumer_005444
acct_006660,consumer_005444
acct_006661,consumer_005445
acct_006662,consumer_005446
acct_006663,consumer_005446
acct_006664,consumer_005447
acct_006665,consumer_005447
acct_006666,consumer_005448
acct_006667,consumer_005449
acct_006668,consumer_005450
acct_006669,consumer_005451
acct_006670,consumer_005452
acct_006671,consumer_005452
acct_006672,consumer_005452
acct_006673,consumer_005453
acct_006674,consumer_005454
acct_006675,consumer_005455
acct_006676,consumer_005456
acct_006677,consumer_005457
acct_006678,consumer_005458
acct_006679,consumer_005459
acct_006680,consumer_005460
acct_006681,consumer_005461
acct_006682,consumer_005462
acct_006683,consumer_005463
acct_006684,consumer_005464
acct_006685,consumer_005465
acct_006686,consumer_005466
acct_006687,consumer_005467
acct_006688,consumer_005468
acct_006689,consumer_005469
acct_006690,consumer_005470
acct_006691,consumer_005471
acct_006692,consumer_005472
acct_006693,consumer_005473
acct_006694,consumer_005474
acct_006695,consumer_005475
acct_006696,consumer_005476
acct_006697,consumer_005477
acct_006698,consumer_005478
acct_006699,consumer_005479
acct_006700,consumer_005480
acct_006701,consumer_005481
acct_006702,consumer_005482
acct_006703,consumer_005483
acct_006704,consumer_005483
acct_006705,consumer_005483
acct_006706,consumer_005484
acct_006707,consumer_005484
acct_006708,consumer_005484
acct_006709,consumer_005485
acct_006710,consumer_005486
acct_006711,consumer_005487
acct_006712,consumer_005488
acct_006713,consumer_005488
acct_006714,consumer_005489
acct_006715,consumer_005490
acct_006716,consumer_005491
acct_006717,consumer_005492
acct_006718,consumer_005493
acct_006719,consumer_005494
acct_006720,consumer_005495
acct_006721,consumer_005495
acct_006722,consumer_005496
acct_006723,consumer_005496
acct_006724,consumer_005497
acct_006725,consumer_005497
acct_006726,consumer_005497
acct_006727,consumer_005498
acct_006728,consumer_005499
acct_006729,consumer_005499
acct_006730,consumer_005499
acct_006731,consumer_005500
acct_006732,consumer_005501
acct_006733,consumer_005502
acct_006734,consumer_005503
acct_006735,consumer_005504
acct_006736,consumer_005504
acct_006737,consumer_005505
acct_006738,consumer_005506
acct_006739,consumer_005507
acct_006740,consumer_005508
acct_006741,consumer_005509
acct_006742,consumer_005510
acct_006743,consumer_005511
acct_006744,consumer_005512
acct_006745,consumer_005512
acct_006746,consumer_005512
acct_006747,consumer_005513
acct_006748,consumer_005514
acct_006749,consumer_005514
acct_006750,consumer_005515
acct_006751,consumer_005516
acct_006752,consumer_005517
acct_006753,consumer_005518
acct_006754,consumer_005519
acct_006755,consumer_005520
acct_006756,consumer_005520
acct_006757,consumer_005520
acct_006758,consumer_005521
acct_006759,consumer_005522
acct_006760,consumer_005523
acct_006761,consumer_005524
acct_006762,consumer_005525
acct_006763,consumer_005526
acct_006764,consumer_005527
acct_006765,consumer_005527
acct_006766,consumer_005527
acct_006767,consumer_005528
acct_006768,consumer_005529
acct_006769,consumer_005530
acct_006770,consumer_005531
acct_006771,consumer_005531
acct_006772,consumer_005532
acct_006773,consumer_005533
acct_006774,consumer_005534
acct_006775,consumer_005535
acct_006776,consumer_005536
acct_006777,consumer_005537
acct_006778,consumer_005538
acct_006779,consumer_005538
acct_006780,consumer_005538
acct_006781,consumer_005539
acct_006782,consumer_005540
acct_006783,consumer_005541
acct_006784,consumer_005542
acct_006785,consumer_005542
acct_006786,consumer_005543
acct_006787,consumer_005544
acct_006788,consumer_005545
acct_006789,consumer_005546
acct_006790,consumer_005547
acct_006791,consumer_005548
acct_006792,consumer_005549
acct_006793,consumer_005550
acct_006794,consumer_005551
acct_006795,consumer_005552
acct_006796,consumer_005553
acct_006797,consumer_005554
acct_006798,consumer_005555
acct_006799,consumer_005556
acct_006800,consumer_005557
acct_006801,consumer_005558
acct_006802,consumer_005559
acct_006803,consumer_005560
acct_006804,consumer_005560
acct_006805,consumer_005560
acct_006806,consumer_005561
acct_006807,consumer_005562
acct_006808,consumer_005563
acct_006809,consumer_005564
acct_006810,consumer_005565
acct_006811,consumer_005566
acct_006812,consumer_005567
acct_006813,consumer_005567
acct_006814,consumer_005567
acct_006815,consumer_005568
acct_006816,consumer_005569
acct_006817,consumer_005569
acct_006818,consumer_005569
acct_006819,consumer_005570
acct_006820,consumer_005571
acct_006821,consumer_005572
acct_006822,consumer_005573
acct_006823,consumer_005574
acct_006824,consumer_005575
acct_006825,consumer_005576
acct_006826,consumer_005576
acct_006827,consumer_005577
acct_006828,consumer_005578
acct_006829,consumer_005579
acct_006830,consumer_005580
acct_006831,consumer_005581
acct_006832,consumer_005582
acct_006833,consumer_005582
acct_006834,consumer_005583
acct_006835,consumer_005584
acct_006836,consumer_005585
acct_006837,consumer_005586
acct_006838,consumer_005587
acct_006839,consumer_005588
acct_006840,consumer_005589
acct_006841,consumer_005590
acct_006842,consumer_005590
acct_006843,consumer_005590
acct_006844,consumer_005591
acct_006845,consumer_005592
acct_006846,consumer_005593
acct_006847,consumer_005594
acct_006848,consumer_005595
acct_006849,consumer_005596
acct_006850,consumer_005596
acct_006851,consumer_005596
acct_006852,consumer_005597
acct_006853,consumer_005597
acct_006854,consumer_005598
acct_006855,consumer_005599
acct_006856,consumer_005600
acct_006857,consumer_005601
acct_006858,consumer_005602
acct_006859,consumer_005603
acct_006860,consumer_005604
acct_006861,consumer_005605
acct_006862,consumer_005606
acct_006863,consumer_005607
acct_006864,consumer_005608
acct_006865,consumer_005609
acct_006866,consumer_005610
acct_006867,consumer_005611
acct_006868,consumer_005612
acct_006869,consumer_005613
acct_006870,consumer_005614
acct_006871,consumer_005615
acct_006872,consumer_005616
acct_006873,consumer_005617
acct_006874,consumer_005618
acct_006875,consumer_005619
acct_006876,consumer_005620
acct_006877,consumer_005621
acct_006878,consumer_005622
acct_006879,consumer_005622
acct_006880,consumer_005622
acct_006881,consumer_005623
acct_006882,consumer_005624
acct_006883,consumer_005624
acct_006884,consumer_005624
acct_006885,consumer_005625
acct_006886,consumer_005626
acct_006887,consumer_005627
acct_006888,consumer_005627
acct_006889,consumer_005628
acct_006890,consumer_005629
acct_006891,consumer_005630
acct_006892,consumer_005631
acct_006893,consumer_005632
acct_006894,consumer_005633
acct_006895,consumer_005634
acct_006896,consumer_005635
acct_006897,consumer_005636
acct_006898,consumer_005637
acct_006899,consumer_005638
acct_006900,consumer_005639
acct_006901,consumer_005640
acct_006902,consumer_005641
acct_006903,consumer_005641
acct_006904,consumer_005642
acct_006905,consumer_005643
acct_006906,consumer_005644
acct_006907,consumer_005644
acct_006908,consumer_005644
acct_006909,consumer_005645
acct_006910,consumer_005646
acct_006911,consumer_005647
acct_006912,consumer_005648
acct_006913,consumer_005648
acct_006914,consumer_005648
acct_006915,consumer_005649
acct_006916,consumer_005650
acct_006917,consumer_005651
acct_006918,consumer_005652
acct_006919,consumer_005653
acct_006920,consumer_005654
acct_006921,consumer_005654
acct_006922,consumer_005654
acct_006923,consumer_005655
acct_006924,consumer_005656
acct_006925,consumer_005657
acct_006926,consumer_005657
acct_006927,consumer_005657
acct_006928,consumer_005658
acct_006929,consumer_005659
acct_006930,consumer_005660
acct_006931,consumer_005660
acct_006932,consumer_005661
acct_006933,consumer_005662
acct_006934,consumer_005663
acct_006935,consumer_005664
acct_006936,consumer_005665
acct_006937,consumer_005665
acct_006938,consumer_005666
acct_006939,consumer_005667
acct_006940,consumer_005667
acct_006941,consumer_005668
acct_006942,consumer_005669
acct_006943,consumer_005670
acct_006944,consumer_005671
acct_006945,consumer_005672
acct_006946,consumer_005673
acct_006947,consumer_005674
acct_006948,consumer_005675
acct_006949,consumer_005676
acct_006950,consumer_005677
acct_006951,consumer_005678
acct_006952,consumer_005679
acct_006953,consumer_005680
acct_006954,consumer_005681
acct_006955,consumer_005682
acct_006956,consumer_005683
acct_006957,consumer_005684
acct_006958,consumer_005685
acct_006959,consumer_005686
acct_006960,consumer_005687
acct_006961,consumer_005688
acct_006962,consumer_005689
acct_006963,consumer_005690
acct_006964,consumer_005690
acct_006965,consumer_005690
acct_006966,consumer_005691
acct_006967,consumer_005692
acct_006968,consumer_005693
acct_006969,consumer_005694
acct_006970,consumer_005695
acct_006971,consumer_005696
acct_006972,consumer_005697
acct_006973,consumer_005698
acct_006974,consumer_005699
acct_006975,consumer_005700
acct_006976,consumer_005701
acct_006977,consumer_005702
acct_006978,consumer_005703
acct_006979,consumer_005704
acct_006980,consumer_005705
acct_006981,consumer_005706
acct_006982,consumer_005706
acct_006983,consumer_005706
acct_006984,consumer_005707
acct_006985,consumer_005708
acct_006986,consumer_005709
acct_006987,consumer_005709
acct_006988,consumer_005709
acct_006989,consumer_005710
acct_006990,consumer_005711
acct_006991,consumer_005712
acct_006992,consumer_005713
acct_006993,consumer_005713
acct_006994,consumer_005713
acct_006995,consumer_005714
acct_006996,consumer_005715
acct_006997,consumer_005716
acct_006998,consumer_005717
acct_006999,consumer_005718
acct_007000,consumer_005719
acct_007001,consumer_005720
acct_007002,consumer_005721
acct_007003,consumer_005722
acct_007004,consumer_005723
acct_007005,consumer_005724
acct_007006,consumer_005725
acct_007007,consumer_005726
acct_007008,consumer_005727
acct_007009,consumer_005728
acct_007010,consumer_005729
acct_007011,consumer_005730
acct_007012,consumer_005731
acct_007013,consumer_005732
acct_007014,consumer_005732
acct_007015,consumer_005732
acct_007016,consumer_005733
acct_007017,consumer_005733
acct_007018,consumer_005733
acct_007019,consumer_005734
acct_007020,consumer_005735
acct_007021,consumer_005735
acct_007022,consumer_005735
acct_007023,consumer_005736
acct_007024,consumer_005737
acct_007025,consumer_005738
acct_007026,consumer_005739
acct_007027,consumer_005740
acct_007028,consumer_005740
acct_007029,consumer_005740
acct_007030,consumer_005741
acct_007031,consumer_005742
acct_007032,consumer_005743
acct_007033,consumer_005744
acct_007034,consumer_005745
acct_007035,consumer_005746
acct_007036,consumer_005746
acct_007037,consumer_005747
acct_007038,consumer_005748
acct_007039,consumer_005748
acct_007040,consumer_005748
acct_007041,consumer_005749
acct_007042,consumer_005750
acct_007043,consumer_005751
acct_007044,consumer_005752
acct_007045,consumer_005753
acct_007046,consumer_005754
acct_007047,consumer_005755
acct_007048,consumer_005756
acct_007049,consumer_005757
acct_007050,consumer_005758
acct_007051,consumer_005759
acct_007052,consumer_005760
acct_007053,consumer_005761
acct_007054,consumer_005762
acct_007055,consumer_005763
acct_007056,consumer_005764
acct_007057,consumer_005765
acct_007058,consumer_005766
acct_007059,consumer_005767
acct_007060,consumer_005767
acct_007061,consumer_005767
acct_007062,consumer_005768
acct_007063,consumer_005769
acct_007064,consumer_005770
acct_007065,consumer_005771
acct_007066,consumer_005772
acct_007067,consumer_005773
acct_007068,consumer_005774
acct_007069,consumer_005775
acct_007070,consumer_005776
acct_007071,consumer_005777
acct_007072,consumer_005778
acct_007073,consumer_005778
acct_007074,consumer_005778
acct_007075,consumer_005779
acct_007076,consumer_005780
acct_007077,consumer_005781
acct_007078,consumer_005782
acct_007079,consumer_005783
acct_007080,consumer_005784
acct_007081,consumer_005784
acct_007082,consumer_005784
acct_007083,consumer_005785
acct_007084,consumer_005786
acct_007085,consumer_005787
acct_007086,consumer_005788
acct_007087,consumer_005789
acct_007088,consumer_005790
acct_007089,consumer_005791
acct_007090,consumer_005792
acct_007091,consumer_005793
acct_007092,consumer_005794
acct_007093,consumer_005795
acct_007094,consumer_005796
acct_007095,consumer_005797
acct_007096,consumer_005797
acct_007097,consumer_005798
acct_007098,consumer_005798
acct_007099,consumer_005798
acct_007100,consumer_005799
acct_007101,consumer_005800
acct_007102,consumer_005801
acct_007103,consumer_005801
acct_007104,consumer_005801
acct_007105,consumer_005802
acct_007106,consumer_005803
acct_007107,consumer_005803
acct_007108,consumer_005804
acct_007109,consumer_005804
acct_007110,consumer_005805
acct_007111,consumer_005805
acct_007112,consumer_005805
acct_007113,consumer_005806
acct_007114,consumer_005807
acct_007115,consumer_005807
acct_007116,consumer_005807
acct_007117,consumer_005808
acct_007118,consumer_005809
acct_007119,consumer_005810
acct_007120,consumer_005811
acct_007121,consumer_005812
acct_007122,consumer_005813
acct_007123,consumer_005814
acct_007124,consumer_005815
acct_007125,consumer_005815
acct_007126,consumer_005815
acct_007127,consumer_005816
acct_007128,consumer_005817
acct_007129,consumer_005818
acct_007130,consumer_005819
acct_007131,consumer_005819
acct_007132,consumer_005820
acct_007133,consumer_005820
acct_007134,consumer_005821
acct_007135,consumer_005821
acct_007136,consumer_005821
acct_007137,consumer_005822
acct_007138,consumer_005822
acct_007139,consumer_005823
acct_007140,consumer_005824
acct_007141,consumer_005825
acct_007142,consumer_005826
acct_007143,consumer_005827
acct_007144,consumer_005828
acct_007145,consumer_005829
acct_007146,consumer_005830
acct_007147,consumer_005831
acct_007148,consumer_005831
acct_007149,consumer_005831
acct_007150,consumer_005832
acct_007151,consumer_005833
acct_007152,consumer_005834
acct_007153,consumer_005834
acct_007154,consumer_005835
acct_007155,consumer_005836
acct_007156,consumer_005837
acct_007157,consumer_005838
acct_007158,consumer_005839
acct_007159,consumer_005840
acct_007160,consumer_005841
acct_007161,consumer_005842
acct_007162,consumer_005843
acct_007163,consumer_005844
acct_007164,consumer_005844
acct_007165,consumer_005845
acct_007166,consumer_005846
acct_007167,consumer_005846
acct_007168,consumer_005847
acct_007169,consumer_005848
acct_007170,consumer_005849
acct_007171,consumer_005850
acct_007172,consumer_005851
acct_007173,consumer_005852
acct_007174,consumer_005853
acct_007175,consumer_005854
acct_007176,consumer_005855
acct_007177,consumer_005856
acct_007178,consumer_005857
acct_007179,consumer_005858
acct_007180,consumer_005859
acct_007181,consumer_005860
acct_007182,consumer_005860
acct_007183,consumer_005861
acct_007184,consumer_005862
acct_007185,consumer_005863
acct_007186,consumer_005864
acct_007187,consumer_005865
acct_007188,consumer_005866
acct_007189,consumer_005867
acct_007190,consumer_005868
acct_007191,consumer_005869
acct_007192,consumer_005870
acct_007193,consumer_005871
acct_007194,consumer_005872
acct_007195,consumer_005873
acct_007196,consumer_005874
acct_007197,consumer_005875
acct_007198,consumer_005876
acct_007199,consumer_005876
acct_007200,consumer_005877
acct_007201,consumer_005878
acct_007202,consumer_005879
acct_007203,consumer_005880
acct_007204,consumer_005881
acct_007205,consumer_005882
acct_007206,consumer_005883
acct_007207,consumer_005884
acct_007208,consumer_005885
acct_007209,consumer_005886
acct_007210,consumer_005887
acct_007211,consumer_005887
acct_007212,consumer_005887
acct_007213,consumer_005888
acct_007214,consumer_005889
acct_007215,consumer_005889
acct_007216,consumer_005890
acct_007217,consumer_005891
acct_007218,consumer_005892
acct_007219,consumer_005893
acct_007220,consumer_005894
acct_007221,consumer_005895
acct_007222,consumer_005896
acct_007223,consumer_005897
acct_007224,consumer_005898
acct_007225,consumer_005899
acct_007226,consumer_005900
acct_007227,consumer_005900
acct_007228,consumer_005900
acct_007229,consumer_005901
acct_007230,consumer_005902
acct_007231,consumer_005902
acct_007232,consumer_005903
acct_007233,consumer_005904
acct_007234,consumer_005905
acct_007235,consumer_005906
acct_007236,consumer_005907
acct_007237,consumer_005907
acct_007238,consumer_005907
acct_007239,consumer_005908
acct_007240,consumer_005908
acct_007241,consumer_005908
acct_007242,consumer_005909
acct_007243,consumer_005910
acct_007244,consumer_005911
acct_007245,consumer_005912
acct_007246,consumer_005913
acct_007247,consumer_005914
acct_007248,consumer_005915
acct_007249,consumer_005916
acct_007250,consumer_005917
acct_007251,consumer_005918
acct_007252,consumer_005919
acct_007253,consumer_005920
acct_007254,consumer_005921
acct_007255,consumer_005922
acct_007256,consumer_005922
acct_007257,consumer_005922
acct_007258,consumer_005923
acct_007259,consumer_005924
acct_007260,consumer_005925
acct_007261,consumer_005926
acct_007262,consumer_005927
acct_007263,consumer_005928
acct_007264,consumer_005929
acct_007265,consumer_005930
acct_007266,consumer_005931
acct_007267,consumer_005932
acct_007268,consumer_005933
acct_007269,consumer_005934
acct_007270,consumer_005934
acct_007271,consumer_005934
acct_007272,consumer_005935
acct_007273,consumer_005936
acct_007274,consumer_005937
acct_007275,consumer_005938
acct_007276,consumer_005939
acct_007277,consumer_005939
acct_007278,consumer_005940
acct_007279,consumer_005941
acct_007280,consumer_005942
acct_007281,consumer_005943
acct_007282,consumer_005944
acct_007283,consumer_005945
acct_007284,consumer_005945
acct_007285,consumer_005946
acct_007286,consumer_005947
acct_007287,consumer_005948
acct_007288,consumer_005949
acct_007289,consumer_005949
acct_007290,consumer_005949
acct_007291,consumer_005950
acct_007292,consumer_005950
acct_007293,consumer_005950
acct_007294,consumer_005951
acct_007295,consumer_005952
acct_007296,consumer_005953
acct_007297,consumer_005954
acct_007298,consumer_005955
acct_007299,consumer_005956
acct_007300,consumer_005957
acct_007301,consumer_005958
acct_007302,consumer_005959
acct_007303,consumer_005960
acct_007304,consumer_005961
acct_007305,consumer_005961
acct_007306,consumer_005962
acct_007307,consumer_005963
acct_007308,consumer_005964
acct_007309,consumer_005965
acct_007310,consumer_005966
acct_007311,consumer_005967
acct_007312,consumer_005967
acct_007313,consumer_005968
acct_007314,consumer_005968
acct_007315,consumer_005969
acct_007316,consumer_005969
acct_007317,consumer_005969
acct_007318,consumer_005970
acct_007319,consumer_005971
acct_007320,consumer_005972
acct_007321,consumer_005973
acct_007322,consumer_005974
acct_007323,consumer_005974
acct_007324,consumer_005974
acct_007325,consumer_005975
acct_007326,consumer_005976
acct_007327,consumer_005977
acct_007328,consumer_005978
acct_007329,consumer_005979
acct_007330,consumer_005980
acct_007331,consumer_005981
acct_007332,consumer_005982
acct_007333,consumer_005983
acct_007334,consumer_005984
acct_007335,consumer_005985
acct_007336,consumer_005986
acct_007337,consumer_005987
acct_007338,consumer_005988
acct_007339,consumer_005989
acct_007340,consumer_005990
acct_007341,consumer_005991
acct_007342,consumer_005992
acct_007343,consumer_005993
acct_007344,consumer_005993
acct_007345,consumer_005994
acct_007346,consumer_005995
acct_007347,consumer_005995
acct_007348,consumer_005995
acct_007349,consumer_005996
acct_007350,consumer_005996
acct_007351,consumer_005996
acct_007352,consumer_005997
acct_007353,consumer_005998
acct_007354,consumer_005999
acct_007355,consumer_006000
acct_007356,consumer_006001
acct_007357,consumer_006002
acct_007358,consumer_006003
acct_007359,consumer_006004
acct_007360,consumer_006005
acct_007361,consumer_006006
acct_007362,consumer_006007
acct_007363,consumer_006008
acct_007364,consumer_006009
acct_007365,consumer_006010
acct_007366,consumer_006011
acct_007367,consumer_006012
acct_007368,consumer_006013
acct_007369,consumer_006014
acct_007370,consumer_006015
acct_007371,consumer_006016
acct_007372,consumer_006017
acct_007373,consumer_006018
acct_007374,consumer_006019
acct_007375,consumer_006020
acct_007376,consumer_006020
acct_007377,consumer_006020
acct_007378,consumer_006021
acct_007379,consumer_006022
acct_007380,consumer_006023
acct_007381,consumer_006024
acct_007382,consumer_006025
acct_007383,consumer_006025
acct_007384,consumer_006026
acct_007385,consumer_006027
acct_007386,consumer_006028
acct_007387,consumer_006029
acct_007388,consumer_006030
acct_007389,consumer_006031
acct_007390,consumer_006032
acct_007391,consumer_006033
acct_007392,consumer_006034
acct_007393,consumer_006035
acct_007394,consumer_006036
acct_007395,consumer_006037
acct_007396,consumer_006038
acct_007397,consumer_006038
acct_007398,consumer_006038
acct_007399,consumer_006039
acct_007400,consumer_006040
acct_007401,consumer_006041
acct_007402,consumer_006042
acct_007403,consumer_006043
acct_007404,consumer_006044
acct_007405,consumer_006045
acct_007406,consumer_006046
acct_007407,consumer_006047
acct_007408,consumer_006048
acct_007409,consumer_006049
acct_007410,consumer_006050
acct_007411,consumer_006051
acct_007412,consumer_006052
acct_007413,consumer_006053
acct_007414,consumer_006054
acct_007415,consumer_006055
acct_007416,consumer_006056
acct_007417,consumer_006057
acct_007418,consumer_006058
acct_007419,consumer_006059
acct_007420,consumer_006060
acct_007421,consumer_006061
acct_007422,consumer_006062
acct_007423,consumer_006063
acct_007424,consumer_006064
acct_007425,consumer_006065
acct_007426,consumer_006066
acct_007427,consumer_006067
acct_007428,consumer_006068
acct_007429,consumer_006069
acct_007430,consumer_006070
acct_007431,consumer_006071
acct_007432,consumer_006071
acct_007433,consumer_006072
acct_007434,consumer_006073
acct_007435,consumer_006074
acct_007436,consumer_006075
acct_007437,consumer_006076
acct_007438,consumer_006077
acct_007439,consumer_006078
acct_007440,consumer_006079
acct_007441,consumer_006080
acct_007442,consumer_006081
acct_007443,consumer_006082
acct_007444,consumer_006083
acct_007445,consumer_006084
acct_007446,consumer_006085
acct_007447,consumer_006085
acct_007448,consumer_006085
acct_007449,consumer_006086
acct_007450,consumer_006087
acct_007451,consumer_006088
acct_007452,consumer_006088
acct_007453,consumer_006088
acct_007454,consumer_006089
acct_007455,consumer_006089
acct_007456,consumer_006090
acct_007457,consumer_006090
acct_007458,consumer_006091
acct_007459,consumer_006092
acct_007460,consumer_006093
acct_007461,consumer_006094
acct_007462,consumer_006095
acct_007463,consumer_006096
acct_007464,consumer_006096
acct_007465,consumer_006097
acct_007466,consumer_006098
acct_007467,consumer_006099
acct_007468,consumer_006100
acct_007469,consumer_006101
acct_007470,consumer_006102
acct_007471,consumer_006103
acct_007472,consumer_006104
acct_007473,consumer_006104
acct_007474,consumer_006104
acct_007475,consumer_006105
acct_007476,consumer_006106
acct_007477,consumer_006107
acct_007478,consumer_006108
acct_007479,consumer_006109
acct_007480,consumer_006110
acct_007481,consumer_006111
acct_007482,consumer_006112
acct_007483,consumer_006112
acct_007484,consumer_006112
acct_007485,consumer_006113
acct_007486,consumer_006114
acct_007487,consumer_006114
acct_007488,consumer_006115
acct_007489,consumer_006116
acct_007490,consumer_006117
acct_007491,consumer_006118
acct_007492,consumer_006118
acct_007493,consumer_006119
acct_007494,consumer_006120
acct_007495,consumer_006121
acct_007496,consumer_006122
acct_007497,consumer_006123
acct_007498,consumer_006124
acct_007499,consumer_006125
acct_007500,consumer_006125
acct_007501,consumer_006126
acct_007502,consumer_006127
acct_007503,consumer_006128
acct_007504,consumer_006129
acct_007505,consumer_006130
acct_007506,consumer_006131
acct_007507,consumer_006132
acct_007508,consumer_006133
acct_007509,consumer_006134
acct_007510,consumer_006135
acct_007511,consumer_006135
acct_007512,consumer_006135
acct_007513,consumer_006136
acct_007514,consumer_006137
acct_007515,consumer_006138
acct_007516,consumer_006139
acct_007517,consumer_006140
acct_007518,consumer_006140
acct_007519,consumer_006140
acct_007520,consumer_006141
acct_007521,consumer_006142
acct_007522,consumer_006143
acct_007523,consumer_006144
acct_007524,consumer_006145
acct_007525,consumer_006146
acct_007526,consumer_006147
acct_007527,consumer_006148
acct_007528,consumer_006149
acct_007529,consumer_006150
acct_007530,consumer_006151
acct_007531,consumer_006152
acct_007532,consumer_006153
acct_007533,consumer_006154
acct_007534,consumer_006155
acct_007535,consumer_006156
acct_007536,consumer_006157
acct_007537,consumer_006157
acct_007538,consumer_006158
acct_007539,consumer_006159
acct_007540,consumer_006160
acct_007541,consumer_006161
acct_007542,consumer_006161
acct_007543,consumer_006162
acct_007544,consumer_006162
acct_007545,consumer_006162
acct_007546,consumer_006163
acct_007547,consumer_006163
acct_007548,consumer_006164
acct_007549,consumer_006164
acct_007550,consumer_006165
acct_007551,consumer_006166
acct_007552,consumer_006167
acct_007553,consumer_006168
acct_007554,consumer_006169
acct_007555,consumer_006170
acct_007556,consumer_006171
acct_007557,consumer_006172
acct_007558,consumer_006173
acct_007559,consumer_006174
acct_007560,consumer_006175
acct_007561,consumer_006176
acct_007562,consumer_006177
acct_007563,consumer_006178
acct_007564,consumer_006179
acct_007565,consumer_006180
acct_007566,consumer_006181
acct_007567,consumer_006182
acct_007568,consumer_006183
acct_007569,consumer_006184
acct_007570,consumer_006185
acct_007571,consumer_006186
acct_007572,consumer_006187
acct_007573,consumer_006188
acct_007574,consumer_006189
acct_007575,consumer_006190
acct_007576,consumer_006191
acct_007577,consumer_006192
acct_007578,consumer_006193
acct_007579,consumer_006194
acct_007580,consumer_006195
acct_007581,consumer_006196
acct_007582,consumer_006197
acct_007583,consumer_006198
acct_007584,consumer_006199
acct_007585,consumer_006200
acct_007586,consumer_006201
acct_007587,consumer_006202
acct_007588,consumer_006203
acct_007589,consumer_006204
acct_007590,consumer_006205
acct_007591,consumer_006205
acct_007592,consumer_006206
acct_007593,consumer_006207
acct_007594,consumer_006208
acct_007595,consumer_006209
acct_007596,consumer_006210
acct_007597,consumer_006211
acct_007598,consumer_006212
acct_007599,consumer_006213
acct_007600,consumer_006214
acct_007601,consumer_006215
acct_007602,consumer_006216
acct_007603,consumer_006217
acct_007604,consumer_006218
acct_007605,consumer_006219
acct_007606,consumer_006220
acct_007607,consumer_006220
acct_007608,consumer_006221
acct_007609,consumer_006222
acct_007610,consumer_006223
acct_007611,consumer_006223
acct_007612,consumer_006223
acct_007613,consumer_006224
acct_007614,consumer_006225
acct_007615,consumer_006226
acct_007616,consumer_006227
acct_007617,consumer_006227
acct_007618,consumer_006228
acct_007619,consumer_006229
acct_007620,consumer_006230
acct_007621,consumer_006231
acct_007622,consumer_006232
acct_007623,consumer_006233
acct_007624,consumer_006234
acct_007625,consumer_006235
acct_007626,consumer_006236
acct_007627,consumer_006237
acct_007628,consumer_006238
acct_007629,consumer_006239
acct_007630,consumer_006239
acct_007631,consumer_006240
acct_007632,consumer_006241
acct_007633,consumer_006242
acct_007634,consumer_006243
acct_007635,consumer_006244
acct_007636,consumer_006245
acct_007637,consumer_006246
acct_007638,consumer_006247
acct_007639,consumer_006248
acct_007640,consumer_006249
acct_007641,consumer_006250
acct_007642,consumer_006251
acct_007643,consumer_006252
acct_007644,consumer_006252
acct_007645,consumer_006252
acct_007646,consumer_006253
acct_007647,consumer_006254
acct_007648,consumer_006255
acct_007649,consumer_006255
acct_007650,consumer_006256
acct_007651,consumer_006257
acct_007652,consumer_006258
acct_007653,consumer_006258
acct_007654,consumer_006259
acct_007655,consumer_006260
acct_007656,consumer_006261
acct_007657,consumer_006262
acct_007658,consumer_006263
acct_007659,consumer_006264
acct_007660,consumer_006264
acct_007661,consumer_006265
acct_007662,consumer_006266
acct_007663,consumer_006267
acct_007664,consumer_006267
acct_007665,consumer_006267
acct_007666,consumer_006268
acct_007667,consumer_006268
acct_007668,consumer_006268
acct_007669,consumer_006269
acct_007670,consumer_006270
acct_007671,consumer_006271
acct_007672,consumer_006271
acct_007673,consumer_006271
acct_007674,consumer_006272
acct_007675,consumer_006273
acct_007676,consumer_006274
acct_007677,consumer_006275
acct_007678,consumer_006276
acct_007679,consumer_006276
acct_007680,consumer_006277
acct_007681,consumer_006278
acct_007682,consumer_006279
acct_007683,consumer_006280
acct_007684,consumer_006281
acct_007685,consumer_006282
acct_007686,consumer_006283
acct_007687,consumer_006284
acct_007688,consumer_006285
acct_007689,consumer_006286
acct_007690,consumer_006287
acct_007691,consumer_006288
acct_007692,consumer_006289
acct_007693,consumer_006290
acct_007694,consumer_006291
acct_007695,consumer_006291
acct_007696,consumer_006291
acct_007697,consumer_006292
acct_007698,consumer_006293
acct_007699,consumer_006294
acct_007700,consumer_006295
acct_007701,consumer_006296
acct_007702,consumer_006297
acct_007703,consumer_006298
acct_007704,consumer_006298
acct_007705,consumer_006298
acct_007706,consumer_006299
acct_007707,consumer_006300
acct_007708,consumer_006301
acct_007709,consumer_006302
acct_007710,consumer_006303
acct_007711,consumer_006304
acct_007712,consumer_006305
acct_007713,consumer_006305
acct_007714,consumer_006306
acct_007715,consumer_006307
acct_007716,consumer_006308
acct_007717,consumer_006309
acct_007718,consumer_006309
acct_007719,consumer_006309
acct_007720,consumer_006310
acct_007721,consumer_006311
acct_007722,consumer_006312
acct_007723,consumer_006313
acct_007724,consumer_006314
acct_007725,consumer_006314
acct_007726,consumer_006315
acct_007727,consumer_006316
acct_007728,consumer_006317
acct_007729,consumer_006318
acct_007730,consumer_006319
acct_007731,consumer_006320
acct_007732,consumer_006321
acct_007733,consumer_006321
acct_007734,consumer_006322
acct_007735,consumer_006323
acct_007736,consumer_006324
acct_007737,consumer_006325
acct_007738,consumer_006326
acct_007739,consumer_006327
acct_007740,consumer_006328
acct_007741,consumer_006329
acct_007742,consumer_006330
acct_007743,consumer_006331
acct_007744,consumer_006331
acct_007745,consumer_006332
acct_007746,consumer_006333
acct_007747,consumer_006334
acct_007748,consumer_006335
acct_007749,consumer_006335
acct_007750,consumer_006335
acct_007751,consumer_006336
acct_007752,consumer_006337
acct_007753,consumer_006338
acct_007754,consumer_006339
acct_007755,consumer_006340
acct_007756,consumer_006341
acct_007757,consumer_006342
acct_007758,consumer_006342
acct_007759,consumer_006342
acct_007760,consumer_006343
acct_007761,consumer_006344
acct_007762,consumer_006345
acct_007763,consumer_006345
acct_007764,consumer_006345
acct_007765,consumer_006346
acct_007766,consumer_006347
acct_007767,consumer_006348
acct_007768,consumer_006349
acct_007769,consumer_006350
acct_007770,consumer_006351
acct_007771,consumer_006352
acct_007772,consumer_006353
acct_007773,consumer_006354
acct_007774,consumer_006355
acct_007775,consumer_006356
acct_007776,consumer_006357
acct_007777,consumer_006358
acct_007778,consumer_006359
acct_007779,consumer_006360
acct_007780,consumer_006361
acct_007781,consumer_006362
acct_007782,consumer_006363
acct_007783,consumer_006363
acct_007784,consumer_006363
acct_007785,consumer_006364
acct_007786,consumer_006364
acct_007787,consumer_006364
acct_007788,consumer_006365
acct_007789,consumer_006366
acct_007790,consumer_006367
acct_007791,consumer_006367
acct_007792,consumer_006368
acct_007793,consumer_006369
acct_007794,consumer_006370
acct_007795,consumer_006370
acct_007796,consumer_006370
acct_007797,consumer_006371
acct_007798,consumer_006371
acct_007799,consumer_006372
acct_007800,consumer_006373
acct_007801,consumer_006374
acct_007802,consumer_006375
acct_007803,consumer_006375
acct_007804,consumer_006375
acct_007805,consumer_006376
acct_007806,consumer_006377
acct_007807,consumer_006378
acct_007808,consumer_006379
acct_007809,consumer_006380
acct_007810,consumer_006381
acct_007811,consumer_006381
acct_007812,consumer_006382
acct_007813,consumer_006383
acct_007814,consumer_006384
acct_007815,consumer_006385
acct_007816,consumer_006386
acct_007817,consumer_006387
acct_007818,consumer_006388
acct_007819,consumer_006389
acct_007820,consumer_006390
acct_007821,consumer_006391
acct_007822,consumer_006392
acct_007823,consumer_006393
acct_007824,consumer_006394
acct_007825,consumer_006394
acct_007826,consumer_006395
acct_007827,consumer_006396
acct_007828,consumer_006397
acct_007829,consumer_006398
acct_007830,consumer_006398
acct_007831,consumer_006398
acct_007832,consumer_006399
acct_007833,consumer_006400
acct_007834,consumer_006400
acct_007835,consumer_006401
acct_007836,consumer_006402
acct_007837,consumer_006403
acct_007838,consumer_006404
acct_007839,consumer_006405
acct_007840,consumer_006406
acct_007841,consumer_006407
acct_007842,consumer_006407
acct_007843,consumer_006407
acct_007844,consumer_006408
acct_007845,consumer_006409
acct_007846,consumer_006410
acct_007847,consumer_006411
acct_007848,consumer_006411
acct_007849,consumer_006412
acct_007850,consumer_006413
acct_007851,consumer_006414
acct_007852,consumer_006415
acct_007853,consumer_006416
acct_007854,consumer_006417
acct_007855,consumer_006418
acct_007856,consumer_006419
acct_007857,consumer_006420
acct_007858,consumer_006421
acct_007859,consumer_006422
acct_007860,consumer_006423
acct_007861,consumer_006424
acct_007862,consumer_006425
acct_007863,consumer_006426
acct_007864,consumer_006427
acct_007865,consumer_006428
acct_007866,consumer_006429
acct_007867,consumer_006430
acct_007868,consumer_006431
acct_007869,consumer_006432
acct_007870,consumer_006433
acct_007871,consumer_006434
acct_007872,consumer_006435
acct_007873,consumer_006436
acct_007874,consumer_006437
acct_007875,consumer_006438
acct_007876,consumer_006439
acct_007877,consumer_006440
acct_007878,consumer_006441
acct_007879,consumer_006441
acct_007880,consumer_006441
acct_007881,consumer_006442
acct_007882,consumer_006443
acct_007883,consumer_006443
acct_007884,consumer_006444
acct_007885,consumer_006444
acct_007886,consumer_006445
acct_007887,consumer_006446
acct_007888,consumer_006447
acct_007889,consumer_006448
acct_007890,consumer_006449
acct_007891,consumer_006450
acct_007892,consumer_006451
acct_007893,consumer_006452
acct_007894,consumer_006453
acct_007895,consumer_006454
acct_007896,consumer_006455
acct_007897,consumer_006455
acct_007898,consumer_006456
acct_007899,consumer_006457
acct_007900,consumer_006458
acct_007901,consumer_006459
acct_007902,consumer_006460
acct_007903,consumer_006460
acct_007904,consumer_006460
acct_007905,consumer_006461
acct_007906,consumer_006461
acct_007907,consumer_006461
acct_007908,consumer_006462
acct_007909,consumer_006463
acct_007910,consumer_006464
acct_007911,consumer_006465
acct_007912,consumer_006466
acct_007913,consumer_006467
acct_007914,consumer_006468
acct_007915,consumer_006469
acct_007916,consumer_006470
acct_007917,consumer_006471
acct_007918,consumer_006472
acct_007919,consumer_006472
acct_007920,consumer_006472
acct_007921,consumer_006473
acct_007922,consumer_006474
acct_007923,consumer_006475
acct_007924,consumer_006475
acct_007925,consumer_006475
acct_007926,consumer_006476
acct_007927,consumer_006477
acct_007928,consumer_006477
acct_007929,consumer_006478
acct_007930,consumer_006479
acct_007931,consumer_006480
acct_007932,consumer_006481
acct_007933,consumer_006481
acct_007934,consumer_006482
acct_007935,consumer_006483
acct_007936,consumer_006484
acct_007937,consumer_006485
acct_007938,consumer_006486
acct_007939,consumer_006487
acct_007940,consumer_006488
acct_007941,consumer_006488
acct_007942,consumer_006488
acct_007943,consumer_006489
acct_007944,consumer_006490
acct_007945,consumer_006491
acct_007946,consumer_006492
acct_007947,consumer_006493
acct_007948,consumer_006494
acct_007949,consumer_006495
acct_007950,consumer_006496
acct_007951,consumer_006497
acct_007952,consumer_006498
acct_007953,consumer_006499
acct_007954,consumer_006500
acct_007955,consumer_006500
acct_007956,consumer_006500
acct_007957,consumer_006501
acct_007958,consumer_006501
acct_007959,consumer_006502
acct_007960,consumer_006503
acct_007961,consumer_006504
acct_007962,consumer_006505
acct_007963,consumer_006506
acct_007964,consumer_006507
acct_007965,consumer_006508
acct_007966,consumer_006508
acct_007967,consumer_006509
acct_007968,consumer_006510
acct_007969,consumer_006511
acct_007970,consumer_006512
acct_007971,consumer_006513
acct_007972,consumer_006514
acct_007973,consumer_006514
acct_007974,consumer_006515
acct_007975,consumer_006515
acct_007976,consumer_006516
acct_007977,consumer_006517
acct_007978,consumer_006518
acct_007979,consumer_006519
acct_007980,consumer_006520
acct_007981,consumer_006520
acct_007982,consumer_006521
acct_007983,consumer_006522
acct_007984,consumer_006522
acct_007985,consumer_006523
acct_007986,consumer_006524
acct_007987,consumer_006524
acct_007988,consumer_006524
acct_007989,consumer_006525
acct_007990,consumer_006526
acct_007991,consumer_006527
acct_007992,consumer_006528
acct_007993,consumer_006529
acct_007994,consumer_006529
acct_007995,consumer_006530
acct_007996,consumer_006531
acct_007997,consumer_006531
acct_007998,consumer_006531
acct_007999,consumer_006532
acct_008000,consumer_006533
acct_008001,consumer_006534
acct_008002,consumer_006534
acct_008003,consumer_006535
acct_008004,consumer_006536
acct_008005,consumer_006537
acct_008006,consumer_006538
acct_008007,consumer_006539
acct_008008,consumer_006540
acct_008009,consumer_006541
acct_008010,consumer_006542
acct_008011,consumer_006542
acct_008012,consumer_006543
acct_008013,consumer_006544
acct_008014,consumer_006545
acct_008015,consumer_006546
acct_008016,consumer_006547
acct_008017,consumer_006548
acct_008018,consumer_006548
acct_008019,consumer_006549
acct_008020,consumer_006550
acct_008021,consumer_006551
acct_008022,consumer_006552
acct_008023,consumer_006553
acct_008024,consumer_006554
acct_008025,consumer_006555
acct_008026,consumer_006556
acct_008027,consumer_006557
acct_008028,consumer_006558
acct_008029,consumer_006559
acct_008030,consumer_006560
acct_008031,consumer_006561
acct_008032,consumer_006561
acct_008033,consumer_006562
acct_008034,consumer_006563
acct_008035,consumer_006564
acct_008036,consumer_006565
acct_008037,consumer_006566
acct_008038,consumer_006567
acct_008039,consumer_006568
acct_008040,consumer_006569
acct_008041,consumer_006569
acct_008042,consumer_006570
acct_008043,consumer_006571
acct_008044,consumer_006572
acct_008045,consumer_006573
acct_008046,consumer_006574
acct_008047,consumer_006575
acct_008048,consumer_006576
acct_008049,consumer_006577
acct_008050,consumer_006578
acct_008051,consumer_006579
acct_008052,consumer_006579
acct_008053,consumer_006580
acct_008054,consumer_006581
acct_008055,consumer_006582
acct_008056,consumer_006583
acct_008057,consumer_006584
acct_008058,consumer_006585
acct_008059,consumer_006586
acct_008060,consumer_006586
acct_008061,consumer_006587
acct_008062,consumer_006587
acct_008063,consumer_006587
acct_008064,consumer_006588
acct_008065,consumer_006589
acct_008066,consumer_006590
acct_008067,consumer_006591
acct_008068,consumer_006591
acct_008069,consumer_006592
acct_008070,consumer_006593
acct_008071,consumer_006594
acct_008072,consumer_006594
acct_008073,consumer_006595
acct_008074,consumer_006595
acct_008075,consumer_006595
acct_008076,consumer_006596
acct_008077,consumer_006597
acct_008078,consumer_006598
acct_008079,consumer_006598
acct_008080,consumer_006599
acct_008081,consumer_006599
acct_008082,consumer_006599
acct_008083,consumer_006600
acct_008084,consumer_006601
acct_008085,consumer_006602
acct_008086,consumer_006602
acct_008087,consumer_006602
acct_008088,consumer_006603
acct_008089,consumer_006604
acct_008090,consumer_006605
acct_008091,consumer_006606
acct_008092,consumer_006607
acct_008093,consumer_006608
acct_008094,consumer_006608
acct_008095,consumer_006608
acct_008096,consumer_006609
acct_008097,consumer_006610
acct_008098,consumer_006611
acct_008099,consumer_006612
acct_008100,consumer_006612
acct_008101,consumer_006613
acct_008102,consumer_006614
acct_008103,consumer_006615
acct_008104,consumer_006616
acct_008105,consumer_006617
acct_008106,consumer_006618
acct_008107,consumer_006619
acct_008108,consumer_006620
acct_008109,consumer_006621
acct_008110,consumer_006622
acct_008111,consumer_006623
acct_008112,consumer_006624
acct_008113,consumer_006625
acct_008114,consumer_006626
acct_008115,consumer_006627
acct_008116,consumer_006628
acct_008117,consumer_006628
acct_008118,consumer_006629
acct_008119,consumer_006630
acct_008120,consumer_006630
acct_008121,consumer_006631
acct_008122,consumer_006631
acct_008123,consumer_006632
acct_008124,consumer_006633
acct_008125,consumer_006634
acct_008126,consumer_006634
acct_008127,consumer_006635
acct_008128,consumer_006635
acct_008129,consumer_006635
acct_008130,consumer_006636
acct_008131,consumer_006637
acct_008132,consumer_006637
acct_008133,consumer_006637
acct_008134,consumer_006638
acct_008135,consumer_006639
acct_008136,consumer_006640
acct_008137,consumer_006641
acct_008138,consumer_006642
acct_008139,consumer_006643
acct_008140,consumer_006644
acct_008141,consumer_006645
acct_008142,consumer_006646
acct_008143,consumer_006646
acct_008144,consumer_006647
acct_008145,consumer_006648
acct_008146,consumer_006648
acct_008147,consumer_006648
acct_008148,consumer_006649
acct_008149,consumer_006650
acct_008150,consumer_006651
acct_008151,consumer_006652
acct_008152,consumer_006653
acct_008153,consumer_006654
acct_008154,consumer_006655
acct_008155,consumer_006656
acct_008156,consumer_006657
acct_008157,consumer_006658
acct_008158,consumer_006659
acct_008159,consumer_006660
acct_008160,consumer_006661
acct_008161,consumer_006662
acct_008162,consumer_006663
acct_008163,consumer_006664
acct_008164,consumer_006665
acct_008165,consumer_006666
acct_008166,consumer_006667
acct_008167,consumer_006668
acct_008168,consumer_006669
acct_008169,consumer_006670
acct_008170,consumer_006670
acct_008171,consumer_006671
acct_008172,consumer_006672
acct_008173,consumer_006673
acct_008174,consumer_006674
acct_008175,consumer_006675
acct_008176,consumer_006676
acct_008177,consumer_006677
acct_008178,consumer_006678
acct_008179,consumer_006679
acct_008180,consumer_006680
acct_008181,consumer_006681
acct_008182,consumer_006682
acct_008183,consumer_006683
acct_008184,consumer_006684
acct_008185,consumer_006685
acct_008186,consumer_006686
acct_008187,consumer_006686
acct_008188,consumer_006687
acct_008189,consumer_006688
acct_008190,consumer_006689
acct_008191,consumer_006690
acct_008192,consumer_006691
acct_008193,consumer_006692
acct_008194,consumer_006693
acct_008195,consumer_006694
acct_008196,consumer_006695
acct_008197,consumer_006696
acct_008198,consumer_006697
acct_008199,consumer_006698
acct_008200,consumer_006699
acct_008201,consumer_006699
acct_008202,consumer_006700
acct_008203,consumer_006701
acct_008204,consumer_006701
acct_008205,consumer_006702
acct_008206,consumer_006703
acct_008207,consumer_006704
acct_008208,consumer_006704
acct_008209,consumer_006704
acct_008210,consumer_006705
acct_008211,consumer_006706
acct_008212,consumer_006707
acct_008213,consumer_006708
acct_008214,consumer_006709
acct_008215,consumer_006710
acct_008216,consumer_006710
acct_008217,consumer_006710
acct_008218,consumer_006711
acct_008219,consumer_006712
acct_008220,consumer_006713
acct_008221,consumer_006714
acct_008222,consumer_006715
acct_008223,consumer_006716
acct_008224,consumer_006717
acct_008225,consumer_006718
acct_008226,consumer_006718
acct_008227,consumer_006719
acct_008228,consumer_006719
acct_008229,consumer_006720
acct_008230,consumer_006721
acct_008231,consumer_006722
acct_008232,consumer_006723
acct_008233,consumer_006724
acct_008234,consumer_006725
acct_008235,consumer_006726
acct_008236,consumer_006727
acct_008237,consumer_006728
acct_008238,consumer_006729
acct_008239,consumer_006729
acct_008240,consumer_006729
acct_008241,consumer_006730
acct_008242,consumer_006730
acct_008243,consumer_006731
acct_008244,consumer_006732
acct_008245,consumer_006733
acct_008246,consumer_006734
acct_008247,consumer_006734
acct_008248,consumer_006735
acct_008249,consumer_006736
acct_008250,consumer_006737
acct_008251,consumer_006738
acct_008252,consumer_006739
acct_008253,consumer_006740
acct_008254,consumer_006741
acct_008255,consumer_006742
acct_008256,consumer_006743
acct_008257,consumer_006744
acct_008258,consumer_006744
acct_008259,consumer_006745
acct_008260,consumer_006746
acct_008261,consumer_006747
acct_008262,consumer_006748
acct_008263,consumer_006749
acct_008264,consumer_006750
acct_008265,consumer_006751
acct_008266,consumer_006752
acct_008267,consumer_006753
acct_008268,consumer_006754
acct_008269,consumer_006754
acct_008270,consumer_006755
acct_008271,consumer_006756
acct_008272,consumer_006757
acct_008273,consumer_006757
acct_008274,consumer_006758
acct_008275,consumer_006759
acct_008276,consumer_006760
acct_008277,consumer_006760
acct_008278,consumer_006761
acct_008279,consumer_006762
acct_008280,consumer_006762
acct_008281,consumer_006762
acct_008282,consumer_006763
acct_008283,consumer_006764
acct_008284,consumer_006765
acct_008285,consumer_006766
acct_008286,consumer_006767
acct_008287,consumer_006768
acct_008288,consumer_006769
acct_008289,consumer_006770
acct_008290,consumer_006771
acct_008291,consumer_006772
acct_008292,consumer_006773
acct_008293,consumer_006774
acct_008294,consumer_006775
acct_008295,consumer_006776
acct_008296,consumer_006777
acct_008297,consumer_006777
acct_008298,consumer_006777
acct_008299,consumer_006778
acct_008300,consumer_006779
acct_008301,consumer_006780
acct_008302,consumer_006781
acct_008303,consumer_006782
acct_008304,consumer_006783
acct_008305,consumer_006784
acct_008306,consumer_006785
acct_008307,consumer_006786
acct_008308,consumer_006787
acct_008309,consumer_006788
acct_008310,consumer_006788
acct_008311,consumer_006789
acct_008312,consumer_006790
acct_008313,consumer_006791
acct_008314,consumer_006792
acct_008315,consumer_006793
acct_008316,consumer_006794
acct_008317,consumer_006795
acct_008318,consumer_006796
acct_008319,consumer_006796
acct_008320,consumer_006797
acct_008321,consumer_006798
acct_008322,consumer_006798
acct_008323,consumer_006798
acct_008324,consumer_006799
acct_008325,consumer_006800
acct_008326,consumer_006801
acct_008327,consumer_006802
acct_008328,consumer_006803
acct_008329,consumer_006804
acct_008330,consumer_006804
acct_008331,consumer_006805
acct_008332,consumer_006806
acct_008333,consumer_006807
acct_008334,consumer_006808
acct_008335,consumer_006808
acct_008336,consumer_006809
acct_008337,consumer_006809
acct_008338,consumer_006809
acct_008339,consumer_006810
acct_008340,consumer_006811
acct_008341,consumer_006811
acct_008342,consumer_006812
acct_008343,consumer_006813
acct_008344,consumer_006814
acct_008345,consumer_006814
acct_008346,consumer_006815
acct_008347,consumer_006816
acct_008348,consumer_006817
acct_008349,consumer_006817
acct_008350,consumer_006818
acct_008351,consumer_006819
acct_008352,consumer_006820
acct_008353,consumer_006821
acct_008354,consumer_006822
acct_008355,consumer_006823
acct_008356,consumer_006823
acct_008357,consumer_006824
acct_008358,consumer_006825
acct_008359,consumer_006825
acct_008360,consumer_006826
acct_008361,consumer_006827
acct_008362,consumer_006828
acct_008363,consumer_006829
acct_008364,consumer_006830
acct_008365,consumer_006831
acct_008366,consumer_006832
acct_008367,consumer_006833
acct_008368,consumer_006833
acct_008369,consumer_006833
acct_008370,consumer_006834
acct_008371,consumer_006834
acct_008372,consumer_006835
acct_008373,consumer_006836
acct_008374,consumer_006836
acct_008375,consumer_006837
acct_008376,consumer_006838
acct_008377,consumer_006839
acct_008378,consumer_006840
acct_008379,consumer_006841
acct_008380,consumer_006842
acct_008381,consumer_006843
acct_008382,consumer_006843
acct_008383,consumer_006844
acct_008384,consumer_006844
acct_008385,consumer_006844
acct_008386,consumer_006845
acct_008387,consumer_006846
acct_008388,consumer_006847
acct_008389,consumer_006848
acct_008390,consumer_006849
acct_008391,consumer_006850
acct_008392,consumer_006851
acct_008393,consumer_006852
acct_008394,consumer_006853
acct_008395,consumer_006854
acct_008396,consumer_006855
acct_008397,consumer_006856
acct_008398,consumer_006857
acct_008399,consumer_006857
acct_008400,consumer_006857
acct_008401,consumer_006858
acct_008402,consumer_006859
acct_008403,consumer_006860
acct_008404,consumer_006861
acct_008405,consumer_006862
acct_008406,consumer_006863
acct_008407,consumer_006864
acct_008408,consumer_006865
acct_008409,consumer_006866
acct_008410,consumer_006867
acct_008411,consumer_006868
acct_008412,consumer_006869
acct_008413,consumer_006870
acct_008414,consumer_006871
acct_008415,consumer_006872
acct_008416,consumer_006873
acct_008417,consumer_006874
acct_008418,consumer_006875
acct_008419,consumer_006875
acct_008420,consumer_006876
acct_008421,consumer_006877
acct_008422,consumer_006878
acct_008423,consumer_006879
acct_008424,consumer_006880
acct_008425,consumer_006881
acct_008426,consumer_006882
acct_008427,consumer_006883
acct_008428,consumer_006883
acct_008429,consumer_006883
acct_008430,consumer_006884
acct_008431,consumer_006885
acct_008432,consumer_006886
acct_008433,consumer_006887
acct_008434,consumer_006888
acct_008435,consumer_006889
acct_008436,consumer_006890
acct_008437,consumer_006891
acct_008438,consumer_006892
acct_008439,consumer_006893
acct_008440,consumer_006894
acct_008441,consumer_006895
acct_008442,consumer_006896
acct_008443,consumer_006896
acct_008444,consumer_006897
acct_008445,consumer_006898
acct_008446,consumer_006899
acct_008447,consumer_006900
acct_008448,consumer_006901
acct_008449,consumer_006902
acct_008450,consumer_006903
acct_008451,consumer_006904
acct_008452,consumer_006905
acct_008453,consumer_006906
acct_008454,consumer_006907
acct_008455,consumer_006908
acct_008456,consumer_006909
acct_008457,consumer_006910
acct_008458,consumer_006911
acct_008459,consumer_006912
acct_008460,consumer_006913
acct_008461,consumer_006914
acct_008462,consumer_006915
acct_008463,consumer_006916
acct_008464,consumer_006917
acct_008465,consumer_006918
acct_008466,consumer_006919
acct_008467,consumer_006920
acct_008468,consumer_006921
acct_008469,consumer_006922
acct_008470,consumer_006923
acct_008471,consumer_006924
acct_008472,consumer_006925
acct_008473,consumer_006925
acct_008474,consumer_006926
acct_008475,consumer_006927
acct_008476,consumer_006928
acct_008477,consumer_006929
acct_008478,consumer_006929
acct_008479,consumer_006930
acct_008480,consumer_006931
acct_008481,consumer_006932
acct_008482,consumer_006933
acct_008483,consumer_006934
acct_008484,consumer_006935
acct_008485,consumer_006936
acct_008486,consumer_006937
acct_008487,consumer_006938
acct_008488,consumer_006939
acct_008489,consumer_006940
acct_008490,consumer_006941
acct_008491,consumer_006942
acct_008492,consumer_006943
acct_008493,consumer_006944
acct_008494,consumer_006945
acct_008495,consumer_006946
acct_008496,consumer_006947
acct_008497,consumer_006948
acct_008498,consumer_006949
acct_008499,consumer_006950
acct_008500,consumer_006951
acct_008501,consumer_006952
acct_008502,consumer_006953
acct_008503,consumer_006954
acct_008504,consumer_006954
acct_008505,consumer_006955
acct_008506,consumer_006956
acct_008507,consumer_006957
acct_008508,consumer_006958
acct_008509,consumer_006959
acct_008510,consumer_006960
acct_008511,consumer_006961
acct_008512,consumer_006962
acct_008513,consumer_006963
acct_008514,consumer_006964
acct_008515,consumer_006965
acct_008516,consumer_006966
acct_008517,consumer_006967
acct_008518,consumer_006968
acct_008519,consumer_006969
acct_008520,consumer_006970
acct_008521,consumer_006971
acct_008522,consumer_006972
acct_008523,consumer_006973
acct_008524,consumer_006974
acct_008525,consumer_006975
acct_008526,consumer_006976
acct_008527,consumer_006977
acct_008528,consumer_006977
acct_008529,consumer_006978
acct_008530,consumer_006979
acct_008531,consumer_006980
acct_008532,consumer_006981
acct_008533,consumer_006981
acct_008534,consumer_006981
acct_008535,consumer_006982
acct_008536,consumer_006983
acct_008537,consumer_006984
acct_008538,consumer_006985
acct_008539,consumer_006986
acct_008540,consumer_006987
acct_008541,consumer_006988
acct_008542,consumer_006989
acct_008543,consumer_006990
acct_008544,consumer_006990
acct_008545,consumer_006990
acct_008546,consumer_006991
acct_008547,consumer_006991
acct_008548,consumer_006991
acct_008549,consumer_006992
acct_008550,consumer_006993
acct_008551,consumer_006994
acct_008552,consumer_006995
acct_008553,consumer_006996
acct_008554,consumer_006997
acct_008555,consumer_006997
acct_008556,consumer_006998
acct_008557,consumer_006999
acct_008558,consumer_007000
acct_008559,consumer_007000
acct_008560,consumer_007000
acct_008561,consumer_007001
acct_008562,consumer_007002
acct_008563,consumer_007003
acct_008564,consumer_007004
acct_008565,consumer_007005
acct_008566,consumer_007006
acct_008567,consumer_007007
acct_008568,consumer_007008
acct_008569,consumer_007008
acct_008570,consumer_007009
acct_008571,consumer_007010
acct_008572,consumer_007011
acct_008573,consumer_007012
acct_008574,consumer_007013
acct_008575,consumer_007014
acct_008576,consumer_007015
acct_008577,consumer_007016
acct_008578,consumer_007017
acct_008579,consumer_007018
acct_008580,consumer_007019
acct_008581,consumer_007019
acct_008582,consumer_007019
acct_008583,consumer_007020
acct_008584,consumer_007021
acct_008585,consumer_007022
acct_008586,consumer_007023
acct_008587,consumer_007023
acct_008588,consumer_007023
acct_008589,consumer_007024
acct_008590,consumer_007025
acct_008591,consumer_007026
acct_008592,consumer_007027
acct_008593,consumer_007028
acct_008594,consumer_007029
acct_008595,consumer_007030
acct_008596,consumer_007031
acct_008597,consumer_007031
acct_008598,consumer_007032
acct_008599,consumer_007033
acct_008600,consumer_007034
acct_008601,consumer_007035
acct_008602,consumer_007036
acct_008603,consumer_007037
acct_008604,consumer_007038
acct_008605,consumer_007039
acct_008606,consumer_007040
acct_008607,consumer_007041
acct_008608,consumer_007042
acct_008609,consumer_007043
acct_008610,consumer_007044
acct_008611,consumer_007045
acct_008612,consumer_007046
acct_008613,consumer_007047
acct_008614,consumer_007048
acct_008615,consumer_007049
acct_008616,consumer_007050
acct_008617,consumer_007051
acct_008618,consumer_007052
acct_008619,consumer_007053
acct_008620,consumer_007053
acct_008621,consumer_007054
acct_008622,consumer_007055
acct_008623,consumer_007056
acct_008624,consumer_007057
acct_008625,consumer_007057
acct_008626,consumer_007058
acct_008627,consumer_007059
acct_008628,consumer_007060
acct_008629,consumer_007060
acct_008630,consumer_007060
acct_008631,consumer_007061
acct_008632,consumer_007061
acct_008633,consumer_007062
acct_008634,consumer_007063
acct_008635,consumer_007064
acct_008636,consumer_007065
acct_008637,consumer_007066
acct_008638,consumer_007067
acct_008639,consumer_007068
acct_008640,consumer_007069
acct_008641,consumer_007070
acct_008642,consumer_007071
acct_008643,consumer_007072
acct_008644,consumer_007072
acct_008645,consumer_007073
acct_008646,consumer_007074
acct_008647,consumer_007075
acct_008648,consumer_007076
acct_008649,consumer_007077
acct_008650,consumer_007078
acct_008651,consumer_007078
acct_008652,consumer_007079
acct_008653,consumer_007080
acct_008654,consumer_007081
acct_008655,consumer_007082
acct_008656,consumer_007083
acct_008657,consumer_007084
acct_008658,consumer_007085
acct_008659,consumer_007086
acct_008660,consumer_007087
acct_008661,consumer_007088
acct_008662,consumer_007088
acct_008663,consumer_007088
acct_008664,consumer_007089
acct_008665,consumer_007090
acct_008666,consumer_007091
acct_008667,consumer_007092
acct_008668,consumer_007093
acct_008669,consumer_007094
acct_008670,consumer_007095
acct_008671,consumer_007096
acct_008672,consumer_007097
acct_008673,consumer_007098
acct_008674,consumer_007099
acct_008675,consumer_007100
acct_008676,consumer_007101
acct_008677,consumer_007102
acct_008678,consumer_007103
acct_008679,consumer_007104
acct_008680,consumer_007105
acct_008681,consumer_007105
acct_008682,consumer_007106
acct_008683,consumer_007107
acct_008684,consumer_007108
acct_008685,consumer_007108
acct_008686,consumer_007109
acct_008687,consumer_007110
acct_008688,consumer_007111
acct_008689,consumer_007112
acct_008690,consumer_007113
acct_008691,consumer_007114
acct_008692,consumer_007115
acct_008693,consumer_007116
acct_008694,consumer_007117
acct_008695,consumer_007118
acct_008696,consumer_007119
acct_008697,consumer_007120
acct_008698,consumer_007121
acct_008699,consumer_007122
acct_008700,consumer_007123
acct_008701,consumer_007124
acct_008702,consumer_007125
acct_008703,consumer_007126
acct_008704,consumer_007126
acct_008705,consumer_007127
acct_008706,consumer_007128
acct_008707,consumer_007129
acct_008708,consumer_007130
acct_008709,consumer_007131
acct_008710,consumer_007131
acct_008711,consumer_007131
acct_008712,consumer_007132
acct_008713,consumer_007133
acct_008714,consumer_007134
acct_008715,consumer_007134
acct_008716,consumer_007134
acct_008717,consumer_007135
acct_008718,consumer_007136
acct_008719,consumer_007137
acct_008720,consumer_007138
acct_008721,consumer_007138
acct_008722,consumer_007138
acct_008723,consumer_007139
acct_008724,consumer_007140
acct_008725,consumer_007141
acct_008726,consumer_007142
acct_008727,consumer_007142
acct_008728,consumer_007143
acct_008729,consumer_007143
acct_008730,consumer_007144
acct_008731,consumer_007145
acct_008732,consumer_007146
acct_008733,consumer_007147
acct_008734,consumer_007148
acct_008735,consumer_007149
acct_008736,consumer_007150
acct_008737,consumer_007151
acct_008738,consumer_007152
acct_008739,consumer_007153
acct_008740,consumer_007154
acct_008741,consumer_007154
acct_008742,consumer_007154
acct_008743,consumer_007155
acct_008744,consumer_007155
acct_008745,consumer_007156
acct_008746,consumer_007157
acct_008747,consumer_007157
acct_008748,consumer_007158
acct_008749,consumer_007159
acct_008750,consumer_007160
acct_008751,consumer_007161
acct_008752,consumer_007162
acct_008753,consumer_007163
acct_008754,consumer_007163
acct_008755,consumer_007164
acct_008756,consumer_007165
acct_008757,consumer_007166
acct_008758,consumer_007167
acct_008759,consumer_007168
acct_008760,consumer_007169
acct_008761,consumer_007170
acct_008762,consumer_007171
acct_008763,consumer_007172
acct_008764,consumer_007173
acct_008765,consumer_007174
acct_008766,consumer_007174
acct_008767,consumer_007174
acct_008768,consumer_007175
acct_008769,consumer_007176
acct_008770,consumer_007176
acct_008771,consumer_007177
acct_008772,consumer_007178
acct_008773,consumer_007179
acct_008774,consumer_007180
acct_008775,consumer_007181
acct_008776,consumer_007182
acct_008777,consumer_007183
acct_008778,consumer_007184
acct_008779,consumer_007185
acct_008780,consumer_007186
acct_008781,consumer_007187
acct_008782,consumer_007188
acct_008783,consumer_007189
acct_008784,consumer_007190
acct_008785,consumer_007191
acct_008786,consumer_007192
acct_008787,consumer_007192
acct_008788,consumer_007192
acct_008789,consumer_007193
acct_008790,consumer_007194
acct_008791,consumer_007194
acct_008792,consumer_007195
acct_008793,consumer_007196
acct_008794,consumer_007197
acct_008795,consumer_007198
acct_008796,consumer_007198
acct_008797,consumer_007199
acct_008798,consumer_007200
acct_008799,consumer_007201
acct_008800,consumer_007201
acct_008801,consumer_007201
acct_008802,consumer_007202
acct_008803,consumer_007203
acct_008804,consumer_007204
acct_008805,consumer_007205
acct_008806,consumer_007206
acct_008807,consumer_007206
acct_008808,consumer_007207
acct_008809,consumer_007208
acct_008810,consumer_007209
acct_008811,consumer_007209
acct_008812,consumer_007209
acct_008813,consumer_007210
acct_008814,consumer_007211
acct_008815,consumer_007212
acct_008816,consumer_007213
acct_008817,consumer_007214
acct_008818,consumer_007215
acct_008819,consumer_007216
acct_008820,consumer_007217
acct_008821,consumer_007218
acct_008822,consumer_007219
acct_008823,consumer_007220
acct_008824,consumer_007221
acct_008825,consumer_007222
acct_008826,consumer_007223
acct_008827,consumer_007224
acct_008828,consumer_007225
acct_008829,consumer_007226
acct_008830,consumer_007226
acct_008831,consumer_007226
acct_008832,consumer_007227
acct_008833,consumer_007228
acct_008834,consumer_007229
acct_008835,consumer_007230
acct_008836,consumer_007231
acct_008837,consumer_007232
acct_008838,consumer_007233
acct_008839,consumer_007233
acct_008840,consumer_007234
acct_008841,consumer_007235
acct_008842,consumer_007236
acct_008843,consumer_007237
acct_008844,consumer_007238
acct_008845,consumer_007239
acct_008846,consumer_007239
acct_008847,consumer_007239
acct_008848,consumer_007240
acct_008849,consumer_007241
acct_008850,consumer_007242
acct_008851,consumer_007242
acct_008852,consumer_007242
acct_008853,consumer_007243
acct_008854,consumer_007244
acct_008855,consumer_007245
acct_008856,consumer_007246
acct_008857,consumer_007246
acct_008858,consumer_007246
acct_008859,consumer_007247
acct_008860,consumer_007247
acct_008861,consumer_007248
acct_008862,consumer_007249
acct_008863,consumer_007250
acct_008864,consumer_007251
acct_008865,consumer_007252
acct_008866,consumer_007253
acct_008867,consumer_007253
acct_008868,consumer_007254
acct_008869,consumer_007255
acct_008870,consumer_007256
acct_008871,consumer_007257
acct_008872,consumer_007258
acct_008873,consumer_007259
acct_008874,consumer_007260
acct_008875,consumer_007261
acct_008876,consumer_007262
acct_008877,consumer_007263
acct_008878,consumer_007264
acct_008879,consumer_007265
acct_008880,consumer_007266
acct_008881,consumer_007267
acct_008882,consumer_007268
acct_008883,consumer_007269
acct_008884,consumer_007270
acct_008885,consumer_007271
acct_008886,consumer_007272
acct_008887,consumer_007273
acct_008888,consumer_007274
acct_008889,consumer_007275
acct_008890,consumer_007276
acct_008891,consumer_007277
acct_008892,consumer_007278
acct_008893,consumer_007278
acct_008894,consumer_007279
acct_008895,consumer_007280
acct_008896,consumer_007281
acct_008897,consumer_007282
acct_008898,consumer_007283
acct_008899,consumer_007283
acct_008900,consumer_007284
acct_008901,consumer_007284
acct_008902,consumer_007284
acct_008903,consumer_007285
acct_008904,consumer_007285
acct_008905,consumer_007286
acct_008906,consumer_007287
acct_008907,consumer_007288
acct_008908,consumer_007289
acct_008909,consumer_007290
acct_008910,consumer_007291
acct_008911,consumer_007292
acct_008912,consumer_007292
acct_008913,consumer_007293
acct_008914,consumer_007294
acct_008915,consumer_007295
acct_008916,consumer_007296
acct_008917,consumer_007297
acct_008918,consumer_007298
acct_008919,consumer_007298
acct_008920,consumer_007299
acct_008921,consumer_007300
acct_008922,consumer_007301
acct_008923,consumer_007302
acct_008924,consumer_007302
acct_008925,consumer_007303
acct_008926,consumer_007303
acct_008927,consumer_007304
acct_008928,consumer_007304
acct_008929,consumer_007305
acct_008930,consumer_007306
acct_008931,consumer_007307
acct_008932,consumer_007307
acct_008933,consumer_007307
acct_008934,consumer_007308
acct_008935,consumer_007309
acct_008936,consumer_007310
acct_008937,consumer_007311
acct_008938,consumer_007312
acct_008939,consumer_007312
acct_008940,consumer_007313
acct_008941,consumer_007313
acct_008942,consumer_007313
acct_008943,consumer_007314
acct_008944,consumer_007315
acct_008945,consumer_007315
acct_008946,consumer_007316
acct_008947,consumer_007316
acct_008948,consumer_007316
acct_008949,consumer_007317
acct_008950,consumer_007318
acct_008951,consumer_007319
acct_008952,consumer_007320
acct_008953,consumer_007321
acct_008954,consumer_007321
acct_008955,consumer_007322
acct_008956,consumer_007323
acct_008957,consumer_007324
acct_008958,consumer_007325
acct_008959,consumer_007326
acct_008960,consumer_007327
acct_008961,consumer_007328
acct_008962,consumer_007329
acct_008963,consumer_007330
acct_008964,consumer_007331
acct_008965,consumer_007332
acct_008966,consumer_007332
acct_008967,consumer_007332
acct_008968,consumer_007333
acct_008969,consumer_007334
acct_008970,consumer_007335
acct_008971,consumer_007335
acct_008972,consumer_007336
acct_008973,consumer_007336
acct_008974,consumer_007336
acct_008975,consumer_007337
acct_008976,consumer_007338
acct_008977,consumer_007338
acct_008978,consumer_007338
acct_008979,consumer_007339
acct_008980,consumer_007340
acct_008981,consumer_007341
acct_008982,consumer_007342
acct_008983,consumer_007343
acct_008984,consumer_007344
acct_008985,consumer_007345
acct_008986,consumer_007346
acct_008987,consumer_007347
acct_008988,consumer_007348
acct_008989,consumer_007349
acct_008990,consumer_007349
acct_008991,consumer_007350
acct_008992,consumer_007351
acct_008993,consumer_007352
acct_008994,consumer_007353
acct_008995,consumer_007354
acct_008996,consumer_007355
acct_008997,consumer_007356
acct_008998,consumer_007356
acct_008999,consumer_007356
acct_009000,consumer_007357
acct_009001,consumer_007358
acct_009002,consumer_007359
acct_009003,consumer_007359
acct_009004,consumer_007360
acct_009005,consumer_007361
acct_009006,consumer_007362
acct_009007,consumer_007363
acct_009008,consumer_007364
acct_009009,consumer_007365
acct_009010,consumer_007365
acct_009011,consumer_007365
acct_009012,consumer_007366
acct_009013,consumer_007367
acct_009014,consumer_007368
acct_009015,consumer_007369
acct_009016,consumer_007369
acct_009017,consumer_007369
acct_009018,consumer_007370
acct_009019,consumer_007371
acct_009020,consumer_007372
acct_009021,consumer_007373
acct_009022,consumer_007374
acct_009023,consumer_007374
acct_009024,consumer_007374
acct_009025,consumer_007375
acct_009026,consumer_007376
acct_009027,consumer_007377
acct_009028,consumer_007378
acct_009029,consumer_007379
acct_009030,consumer_007380
acct_009031,consumer_007380
acct_009032,consumer_007381
acct_009033,consumer_007382
acct_009034,consumer_007383
acct_009035,consumer_007384
acct_009036,consumer_007385
acct_009037,consumer_007386
acct_009038,consumer_007386
acct_009039,consumer_007386
acct_009040,consumer_007387
acct_009041,consumer_007388
acct_009042,consumer_007388
acct_009043,consumer_007389
acct_009044,consumer_007390
acct_009045,consumer_007390
acct_009046,consumer_007390
acct_009047,consumer_007391
acct_009048,consumer_007392
acct_009049,consumer_007393
acct_009050,consumer_007394
acct_009051,consumer_007395
acct_009052,consumer_007396
acct_009053,consumer_007397
acct_009054,consumer_007398
acct_009055,consumer_007398
acct_009056,consumer_007399
acct_009057,consumer_007400
acct_009058,consumer_007401
acct_009059,consumer_007402
acct_009060,consumer_007403
acct_009061,consumer_007403
acct_009062,consumer_007403
acct_009063,consumer_007404
acct_009064,consumer_007404
acct_009065,consumer_007404
acct_009066,consumer_007405
acct_009067,consumer_007406
acct_009068,consumer_007407
acct_009069,consumer_007408
acct_009070,consumer_007409
acct_009071,consumer_007410
acct_009072,consumer_007411
acct_009073,consumer_007412
acct_009074,consumer_007413
acct_009075,consumer_007414
acct_009076,consumer_007415
acct_009077,consumer_007416
acct_009078,consumer_007417
acct_009079,consumer_007418
acct_009080,consumer_007419
acct_009081,consumer_007420
acct_009082,consumer_007421
acct_009083,consumer_007422
acct_009084,consumer_007422
acct_009085,consumer_007422
acct_009086,consumer_007423
acct_009087,consumer_007424
acct_009088,consumer_007424
acct_009089,consumer_007425
acct_009090,consumer_007426
acct_009091,consumer_007427
acct_009092,consumer_007428
acct_009093,consumer_007429
acct_009094,consumer_007430
acct_009095,consumer_007431
acct_009096,consumer_007431
acct_009097,consumer_007432
acct_009098,consumer_007433
acct_009099,consumer_007434
acct_009100,consumer_007435
acct_009101,consumer_007436
acct_009102,consumer_007437
acct_009103,consumer_007438
acct_009104,consumer_007439
acct_009105,consumer_007440
acct_009106,consumer_007441
acct_009107,consumer_007442
acct_009108,consumer_007443
acct_009109,consumer_007444
acct_009110,consumer_007445
acct_009111,consumer_007445
acct_009112,consumer_007445
acct_009113,consumer_007446
acct_009114,consumer_007447
acct_009115,consumer_007448
acct_009116,consumer_007448
acct_009117,consumer_007449
acct_009118,consumer_007450
acct_009119,consumer_007451
acct_009120,consumer_007452
acct_009121,consumer_007453
acct_009122,consumer_007454
acct_009123,consumer_007455
acct_009124,consumer_007456
acct_009125,consumer_007457
acct_009126,consumer_007458
acct_009127,consumer_007459
acct_009128,consumer_007460
acct_009129,consumer_007461
acct_009130,consumer_007462
acct_009131,consumer_007463
acct_009132,consumer_007464
acct_009133,consumer_007465
acct_009134,consumer_007466
acct_009135,consumer_007467
acct_009136,consumer_007468
acct_009137,consumer_007469
acct_009138,consumer_007469
acct_009139,consumer_007470
acct_009140,consumer_007470
acct_009141,consumer_007471
acct_009142,consumer_007472
acct_009143,consumer_007473
acct_009144,consumer_007473
acct_009145,consumer_007474
acct_009146,consumer_007475
acct_009147,consumer_007476
acct_009148,consumer_007476
acct_009149,consumer_007477
acct_009150,consumer_007478
acct_009151,consumer_007479
acct_009152,consumer_007480
acct_009153,consumer_007481
acct_009154,consumer_007481
acct_009155,consumer_007482
acct_009156,consumer_007483
acct_009157,consumer_007484
acct_009158,consumer_007485
acct_009159,consumer_007486
acct_009160,consumer_007487
acct_009161,consumer_007488
acct_009162,consumer_007488
acct_009163,consumer_007488
acct_009164,consumer_007489
acct_009165,consumer_007490
acct_009166,consumer_007491
acct_009167,consumer_007492
acct_009168,consumer_007493
acct_009169,consumer_007494
acct_009170,consumer_007495
acct_009171,consumer_007496
acct_009172,consumer_007497
acct_009173,consumer_007497
acct_009174,consumer_007497
acct_009175,consumer_007498
acct_009176,consumer_007499
acct_009177,consumer_007499
acct_009178,consumer_007499
acct_009179,consumer_007500
acct_009180,consumer_007501
acct_009181,consumer_007502
acct_009182,consumer_007502
acct_009183,consumer_007503
acct_009184,consumer_007504
acct_009185,consumer_007505
acct_009186,consumer_007506
acct_009187,consumer_007507
acct_009188,consumer_007508
acct_009189,consumer_007509
acct_009190,consumer_007510
acct_009191,consumer_007510
acct_009192,consumer_007510
acct_009193,consumer_007511
acct_009194,consumer_007512
acct_009195,consumer_007512
acct_009196,consumer_007513
acct_009197,consumer_007514
acct_009198,consumer_007515
acct_009199,consumer_007516
acct_009200,consumer_007516
acct_009201,consumer_007516
acct_009202,consumer_007517
acct_009203,consumer_007518
acct_009204,consumer_007519
acct_009205,consumer_007519
acct_009206,consumer_007520
acct_009207,consumer_007521
acct_009208,consumer_007522
acct_009209,consumer_007523
acct_009210,consumer_007524
acct_009211,consumer_007525
acct_009212,consumer_007526
acct_009213,consumer_007527
acct_009214,consumer_007528
acct_009215,consumer_007529
acct_009216,consumer_007530
acct_009217,consumer_007530
acct_009218,consumer_007531
acct_009219,consumer_007531
acct_009220,consumer_007532
acct_009221,consumer_007533
acct_009222,consumer_007534
acct_009223,consumer_007535
acct_009224,consumer_007536
acct_009225,consumer_007537
acct_009226,consumer_007538
acct_009227,consumer_007539
acct_009228,consumer_007539
acct_009229,consumer_007539
acct_009230,consumer_007540
acct_009231,consumer_007541
acct_009232,consumer_007542
acct_009233,consumer_007542
acct_009234,consumer_007542
acct_009235,consumer_007543
acct_009236,consumer_007544
acct_009237,consumer_007545
acct_009238,consumer_007546
acct_009239,consumer_007547
acct_009240,consumer_007548
acct_009241,consumer_007549
acct_009242,consumer_007550
acct_009243,consumer_007551
acct_009244,consumer_007552
acct_009245,consumer_007553
acct_009246,consumer_007554
acct_009247,consumer_007555
acct_009248,consumer_007556
acct_009249,consumer_007556
acct_009250,consumer_007557
acct_009251,consumer_007558
acct_009252,consumer_007558
acct_009253,consumer_007559
acct_009254,consumer_007560
acct_009255,consumer_007561
acct_009256,consumer_007561
acct_009257,consumer_007562
acct_009258,consumer_007563
acct_009259,consumer_007564
acct_009260,consumer_007564
acct_009261,consumer_007565
acct_009262,consumer_007566
acct_009263,consumer_007567
acct_009264,consumer_007568
acct_009265,consumer_007569
acct_009266,consumer_007569
acct_009267,consumer_007570
acct_009268,consumer_007571
acct_009269,consumer_007572
acct_009270,consumer_007572
acct_009271,consumer_007572
acct_009272,consumer_007573
acct_009273,consumer_007574
acct_009274,consumer_007575
acct_009275,consumer_007576
acct_009276,consumer_007577
acct_009277,consumer_007578
acct_009278,consumer_007579
acct_009279,consumer_007580
acct_009280,consumer_007580
acct_009281,consumer_007580
acct_009282,consumer_007581
acct_009283,consumer_007582
acct_009284,consumer_007583
acct_009285,consumer_007584
acct_009286,consumer_007585
acct_009287,consumer_007586
acct_009288,consumer_007586
acct_009289,consumer_007587
acct_009290,consumer_007588
acct_009291,consumer_007589
acct_009292,consumer_007590
acct_009293,consumer_007591
acct_009294,consumer_007592
acct_009295,consumer_007593
acct_009296,consumer_007593
acct_009297,consumer_007594
acct_009298,consumer_007595
acct_009299,consumer_007596
acct_009300,consumer_007597
acct_009301,consumer_007597
acct_009302,consumer_007597
acct_009303,consumer_007598
acct_009304,consumer_007599
acct_009305,consumer_007600
acct_009306,consumer_007601
acct_009307,consumer_007602
acct_009308,consumer_007603
acct_009309,consumer_007604
acct_009310,consumer_007605
acct_009311,consumer_007606
acct_009312,consumer_007606
acct_009313,consumer_007607
acct_009314,consumer_007608
acct_009315,consumer_007609
acct_009316,consumer_007610
acct_009317,consumer_007611
acct_009318,consumer_007611
acct_009319,consumer_007612
acct_009320,consumer_007613
acct_009321,consumer_007614
acct_009322,consumer_007615
acct_009323,consumer_007616
acct_009324,consumer_007616
acct_009325,consumer_007616
acct_009326,consumer_007617
acct_009327,consumer_007618
acct_009328,consumer_007619
acct_009329,consumer_007620
acct_009330,consumer_007621
acct_009331,consumer_007622
acct_009332,consumer_007623
acct_009333,consumer_007624
acct_009334,consumer_007625
acct_009335,consumer_007626
acct_009336,consumer_007626
acct_009337,consumer_007627
acct_009338,consumer_007628
acct_009339,consumer_007628
acct_009340,consumer_007628
acct_009341,consumer_007629
acct_009342,consumer_007630
acct_009343,consumer_007631
acct_009344,consumer_007632
acct_009345,consumer_007633
acct_009346,consumer_007633
acct_009347,consumer_007633
acct_009348,consumer_007634
acct_009349,consumer_007635
acct_009350,consumer_007636
acct_009351,consumer_007637
acct_009352,consumer_007638
acct_009353,consumer_007639
acct_009354,consumer_007640
acct_009355,consumer_007641
acct_009356,consumer_007642
acct_009357,consumer_007643
acct_009358,consumer_007644
acct_009359,consumer_007645
acct_009360,consumer_007646
acct_009361,consumer_007647
acct_009362,consumer_007648
acct_009363,consumer_007649
acct_009364,consumer_007650
acct_009365,consumer_007651
acct_009366,consumer_007652
acct_009367,consumer_007653
acct_009368,consumer_007654
acct_009369,consumer_007655
acct_009370,consumer_007656
acct_009371,consumer_007657
acct_009372,consumer_007657
acct_009373,consumer_007658
acct_009374,consumer_007659
acct_009375,consumer_007660
acct_009376,consumer_007661
acct_009377,consumer_007662
acct_009378,consumer_007663
acct_009379,consumer_007664
acct_009380,consumer_007665
acct_009381,consumer_007666
acct_009382,consumer_007667
acct_009383,consumer_007668
acct_009384,consumer_007669
acct_009385,consumer_007670
acct_009386,consumer_007671
acct_009387,consumer_007672
acct_009388,consumer_007673
acct_009389,consumer_007674
acct_009390,consumer_007675
acct_009391,consumer_007676
acct_009392,consumer_007677
acct_009393,consumer_007678
acct_009394,consumer_007679
acct_009395,consumer_007680
acct_009396,consumer_007680
acct_009397,consumer_007681
acct_009398,consumer_007681
acct_009399,consumer_007682
acct_009400,consumer_007683
acct_009401,consumer_007684
acct_009402,consumer_007685
acct_009403,consumer_007686
acct_009404,consumer_007687
acct_009405,consumer_007688
acct_009406,consumer_007689
acct_009407,consumer_007690
acct_009408,consumer_007691
acct_009409,consumer_007692
acct_009410,consumer_007693
acct_009411,consumer_007694
acct_009412,consumer_007695
acct_009413,consumer_007695
acct_009414,consumer_007695
acct_009415,consumer_007696
acct_009416,consumer_007697
acct_009417,consumer_007697
acct_009418,consumer_007698
acct_009419,consumer_007699
acct_009420,consumer_007699
acct_009421,consumer_007700
acct_009422,consumer_007701
acct_009423,consumer_007702
acct_009424,consumer_007703
acct_009425,consumer_007704
acct_009426,consumer_007705
acct_009427,consumer_007706
acct_009428,consumer_007707
acct_009429,consumer_007708
acct_009430,consumer_007709
acct_009431,consumer_007709
acct_009432,consumer_007709
acct_009433,consumer_007710
acct_009434,consumer_007711
acct_009435,consumer_007712
acct_009436,consumer_007713
acct_009437,consumer_007714
acct_009438,consumer_007715
acct_009439,consumer_007715
acct_009440,consumer_007716
acct_009441,consumer_007717
acct_009442,consumer_007717
acct_009443,consumer_007718
acct_009444,consumer_007719
acct_009445,consumer_007720
acct_009446,consumer_007721
acct_009447,consumer_007722
acct_009448,consumer_007723
acct_009449,consumer_007723
acct_009450,consumer_007723
acct_009451,consumer_007724
acct_009452,consumer_007725
acct_009453,consumer_007726
acct_009454,consumer_007727
acct_009455,consumer_007728
acct_009456,consumer_007728
acct_009457,consumer_007728
acct_009458,consumer_007729
acct_009459,consumer_007730
acct_009460,consumer_007731
acct_009461,consumer_007732
acct_009462,consumer_007733
acct_009463,consumer_007734
acct_009464,consumer_007735
acct_009465,consumer_007736
acct_009466,consumer_007737
acct_009467,consumer_007738
acct_009468,consumer_007739
acct_009469,consumer_007740
acct_009470,consumer_007741
acct_009471,consumer_007742
acct_009472,consumer_007743
acct_009473,consumer_007744
acct_009474,consumer_007745
acct_009475,consumer_007745
acct_009476,consumer_007746
acct_009477,consumer_007747
acct_009478,consumer_007748
acct_009479,consumer_007749
acct_009480,consumer_007750
acct_009481,consumer_007751
acct_009482,consumer_007752
acct_009483,consumer_007753
acct_009484,consumer_007754
acct_009485,consumer_007755
acct_009486,consumer_007756
acct_009487,consumer_007757
acct_009488,consumer_007758
acct_009489,consumer_007758
acct_009490,consumer_007758
acct_009491,consumer_007759
acct_009492,consumer_007760
acct_009493,consumer_007761
acct_009494,consumer_007762
acct_009495,consumer_007763
acct_009496,consumer_007763
acct_009497,consumer_007763
acct_009498,consumer_007764
acct_009499,consumer_007764
acct_009500,consumer_007765
acct_009501,consumer_007766
acct_009502,consumer_007767
acct_009503,consumer_007768
acct_009504,consumer_007769
acct_009505,consumer_007770
acct_009506,consumer_007770
acct_009507,consumer_007771
acct_009508,consumer_007772
acct_009509,consumer_007772
acct_009510,consumer_007773
acct_009511,consumer_007774
acct_009512,consumer_007774
acct_009513,consumer_007775
acct_009514,consumer_007776
acct_009515,consumer_007777
acct_009516,consumer_007778
acct_009517,consumer_007779
acct_009518,consumer_007780
acct_009519,consumer_007781
acct_009520,consumer_007782
acct_009521,consumer_007783
acct_009522,consumer_007784
acct_009523,consumer_007785
acct_009524,consumer_007786
acct_009525,consumer_007787
acct_009526,consumer_007788
acct_009527,consumer_007789
acct_009528,consumer_007790
acct_009529,consumer_007790
acct_009530,consumer_007791
acct_009531,consumer_007792
acct_009532,consumer_007793
acct_009533,consumer_007794
acct_009534,consumer_007795
acct_009535,consumer_007796
acct_009536,consumer_007797
acct_009537,consumer_007798
acct_009538,consumer_007799
acct_009539,consumer_007799
acct_009540,consumer_007800
acct_009541,consumer_007801
acct_009542,consumer_007801
acct_009543,consumer_007801
acct_009544,consumer_007802
acct_009545,consumer_007803
acct_009546,consumer_007804
acct_009547,consumer_007805
acct_009548,consumer_007805
acct_009549,consumer_007805
acct_009550,consumer_007806
acct_009551,consumer_007807
acct_009552,consumer_007808
acct_009553,consumer_007809
acct_009554,consumer_007809
acct_009555,consumer_007809
acct_009556,consumer_007810
acct_009557,consumer_007811
acct_009558,consumer_007812
acct_009559,consumer_007813
acct_009560,consumer_007814
acct_009561,consumer_007815
acct_009562,consumer_007816
acct_009563,consumer_007817
acct_009564,consumer_007818
acct_009565,consumer_007818
acct_009566,consumer_007818
acct_009567,consumer_007819
acct_009568,consumer_007820
acct_009569,consumer_007820
acct_009570,consumer_007821
acct_009571,consumer_007822
acct_009572,consumer_007823
acct_009573,consumer_007824
acct_009574,consumer_007825
acct_009575,consumer_007826
acct_009576,consumer_007826
acct_009577,consumer_007826
acct_009578,consumer_007827
acct_009579,consumer_007828
acct_009580,consumer_007829
acct_009581,consumer_007829
acct_009582,consumer_007830
acct_009583,consumer_007831
acct_009584,consumer_007832
acct_009585,consumer_007833
acct_009586,consumer_007834
acct_009587,consumer_007835
acct_009588,consumer_007836
acct_009589,consumer_007836
acct_009590,consumer_007836
acct_009591,consumer_007837
acct_009592,consumer_007838
acct_009593,consumer_007839
acct_009594,consumer_007840
acct_009595,consumer_007840
acct_009596,consumer_007841
acct_009597,consumer_007842
acct_009598,consumer_007843
acct_009599,consumer_007844
acct_009600,consumer_007845
acct_009601,consumer_007846
acct_009602,consumer_007847
acct_009603,consumer_007848
acct_009604,consumer_007849
acct_009605,consumer_007849
acct_009606,consumer_007849
acct_009607,consumer_007850
acct_009608,consumer_007851
acct_009609,consumer_007852
acct_009610,consumer_007853
acct_009611,consumer_007854
acct_009612,consumer_007855
acct_009613,consumer_007856
acct_009614,consumer_007857
acct_009615,consumer_007858
acct_009616,consumer_007858
acct_009617,consumer_007858
acct_009618,consumer_007859
acct_009619,consumer_007860
acct_009620,consumer_007861
acct_009621,consumer_007862
acct_009622,consumer_007863
acct_009623,consumer_007863
acct_009624,consumer_007864
acct_009625,consumer_007865
acct_009626,consumer_007866
acct_009627,consumer_007867
acct_009628,consumer_007868
acct_009629,consumer_007869
acct_009630,consumer_007869
acct_009631,consumer_007869
acct_009632,consumer_007870
acct_009633,consumer_007871
acct_009634,consumer_007872
acct_009635,consumer_007872
acct_009636,consumer_007872
acct_009637,consumer_007873
acct_009638,consumer_007874
acct_009639,consumer_007874
acct_009640,consumer_007874
acct_009641,consumer_007875
acct_009642,consumer_007875
acct_009643,consumer_007876
acct_009644,consumer_007877
acct_009645,consumer_007878
acct_009646,consumer_007878
acct_009647,consumer_007878
acct_009648,consumer_007879
acct_009649,consumer_007880
acct_009650,consumer_007880
acct_009651,consumer_007880
acct_009652,consumer_007881
acct_009653,consumer_007882
acct_009654,consumer_007883
acct_009655,consumer_007884
acct_009656,consumer_007885
acct_009657,consumer_007886
acct_009658,consumer_007887
acct_009659,consumer_007888
acct_009660,consumer_007888
acct_009661,consumer_007888
acct_009662,consumer_007889
acct_009663,consumer_007890
acct_009664,consumer_007890
acct_009665,consumer_007890
acct_009666,consumer_007891
acct_009667,consumer_007891
acct_009668,consumer_007892
acct_009669,consumer_007893
acct_009670,consumer_007894
acct_009671,consumer_007894
acct_009672,consumer_007895
acct_009673,consumer_007896
acct_009674,consumer_007897
acct_009675,consumer_007898
acct_009676,consumer_007899
acct_009677,consumer_007900
acct_009678,consumer_007901
acct_009679,consumer_007902
acct_009680,consumer_007903
acct_009681,consumer_007904
acct_009682,consumer_007905
acct_009683,consumer_007906
acct_009684,consumer_007907
acct_009685,consumer_007908
acct_009686,consumer_007909
acct_009687,consumer_007910
acct_009688,consumer_007910
acct_009689,consumer_007911
acct_009690,consumer_007911
acct_009691,consumer_007911
acct_009692,consumer_007912
acct_009693,consumer_007913
acct_009694,consumer_007914
acct_009695,consumer_007915
acct_009696,consumer_007915
acct_009697,consumer_007915
acct_009698,consumer_007916
acct_009699,consumer_007917
acct_009700,consumer_007918
acct_009701,consumer_007919
acct_009702,consumer_007920
acct_009703,consumer_007921
acct_009704,consumer_007922
acct_009705,consumer_007922
acct_009706,consumer_007923
acct_009707,consumer_007923
acct_009708,consumer_007923
acct_009709,consumer_007924
acct_009710,consumer_007925
acct_009711,consumer_007926
acct_009712,consumer_007927
acct_009713,consumer_007927
acct_009714,consumer_007928
acct_009715,consumer_007929
acct_009716,consumer_007930
acct_009717,consumer_007931
acct_009718,consumer_007932
acct_009719,consumer_007933
acct_009720,consumer_007934
acct_009721,consumer_007935
acct_009722,consumer_007936
acct_009723,consumer_007937
acct_009724,consumer_007938
acct_009725,consumer_007938
acct_009726,consumer_007938
acct_009727,consumer_007939
acct_009728,consumer_007940
acct_009729,consumer_007941
acct_009730,consumer_007942
acct_009731,consumer_007943
acct_009732,consumer_007944
acct_009733,consumer_007945
acct_009734,consumer_007946
acct_009735,consumer_007947
acct_009736,consumer_007947
acct_009737,consumer_007947
acct_009738,consumer_007948
acct_009739,consumer_007949
acct_009740,consumer_007950
acct_009741,consumer_007950
acct_009742,consumer_007950
acct_009743,consumer_007951
acct_009744,consumer_007952
acct_009745,consumer_007953
acct_009746,consumer_007953
acct_009747,consumer_007954
acct_009748,consumer_007955
acct_009749,consumer_007956
acct_009750,consumer_007957
acct_009751,consumer_007957
acct_009752,consumer_007957
acct_009753,consumer_007958
acct_009754,consumer_007959
acct_009755,consumer_007960
acct_009756,consumer_007961
acct_009757,consumer_007962
acct_009758,consumer_007963
acct_009759,consumer_007964
acct_009760,consumer_007965
acct_009761,consumer_007966
acct_009762,consumer_007967
acct_009763,consumer_007968
acct_009764,consumer_007968
acct_009765,consumer_007969
acct_009766,consumer_007970
acct_009767,consumer_007971
acct_009768,consumer_007972
acct_009769,consumer_007973
acct_009770,consumer_007974
acct_009771,consumer_007975
acct_009772,consumer_007976
acct_009773,consumer_007977
acct_009774,consumer_007978
acct_009775,consumer_007979
acct_009776,consumer_007980
acct_009777,consumer_007981
acct_009778,consumer_007982
acct_009779,consumer_007983
acct_009780,consumer_007984
acct_009781,consumer_007985
acct_009782,consumer_007985
acct_009783,consumer_007985
acct_009784,consumer_007986
acct_009785,consumer_007987
acct_009786,consumer_007988
acct_009787,consumer_007988
acct_009788,consumer_007988
acct_009789,consumer_007989
acct_009790,consumer_007990
acct_009791,consumer_007991
acct_009792,consumer_007992
acct_009793,consumer_007993
acct_009794,consumer_007993
acct_009795,consumer_007994
acct_009796,consumer_007995
acct_009797,consumer_007996
acct_009798,consumer_007997
acct_009799,consumer_007998
acct_009800,consumer_007999
acct_009801,consumer_007999
acct_009802,consumer_007999
acct_009803,consumer_008000
acct_009804,consumer_008001
acct_009805,consumer_008001
acct_009806,consumer_008002
acct_009807,consumer_008003
acct_009808,consumer_008004
acct_009809,consumer_008005
acct_009810,consumer_008006
acct_009811,consumer_008006
acct_009812,consumer_008007
acct_009813,consumer_008008
acct_009814,consumer_008009
acct_009815,consumer_008010
acct_009816,consumer_008011
acct_009817,consumer_008012
acct_009818,consumer_008013
acct_009819,consumer_008014
acct_009820,consumer_008015
acct_009821,consumer_008016
acct_009822,consumer_008017
acct_009823,consumer_008018
acct_009824,consumer_008018
acct_009825,consumer_008018
acct_009826,consumer_008019
acct_009827,consumer_008020
acct_009828,consumer_008021
acct_009829,consumer_008022
acct_009830,consumer_008023
acct_009831,consumer_008024
acct_009832,consumer_008025
acct_009833,consumer_008026
acct_009834,consumer_008027
acct_009835,consumer_008028
acct_009836,consumer_008029
acct_009837,consumer_008030
acct_009838,consumer_008031
acct_009839,consumer_008032
acct_009840,consumer_008033
acct_009841,consumer_008034
acct_009842,consumer_008034
acct_009843,consumer_008034
acct_009844,consumer_008035
acct_009845,consumer_008035
acct_009846,consumer_008035
acct_009847,consumer_008036
acct_009848,consumer_008036
acct_009849,consumer_008036
acct_009850,consumer_008037
acct_009851,consumer_008038
acct_009852,consumer_008038
acct_009853,consumer_008038
acct_009854,consumer_008039
acct_009855,consumer_008040
acct_009856,consumer_008040
acct_009857,consumer_008041
acct_009858,consumer_008042
acct_009859,consumer_008043
acct_009860,consumer_008044
acct_009861,consumer_008045
acct_009862,consumer_008046
acct_009863,consumer_008047
acct_009864,consumer_008048
acct_009865,consumer_008049
acct_009866,consumer_008050
acct_009867,consumer_008051
acct_009868,consumer_008052
acct_009869,consumer_008053
acct_009870,consumer_008054
acct_009871,consumer_008055
acct_009872,consumer_008055
acct_009873,consumer_008055
acct_009874,consumer_008056
acct_009875,consumer_008057
acct_009876,consumer_008058
acct_009877,consumer_008059
acct_009878,consumer_008060
acct_009879,consumer_008060
acct_009880,consumer_008060
acct_009881,consumer_008061
acct_009882,consumer_008062
acct_009883,consumer_008063
acct_009884,consumer_008063
acct_009885,consumer_008063
acct_009886,consumer_008064
acct_009887,consumer_008065
acct_009888,consumer_008066
acct_009889,consumer_008067
acct_009890,consumer_008068
acct_009891,consumer_008069
acct_009892,consumer_008070
acct_009893,consumer_008071
acct_009894,consumer_008072
acct_009895,consumer_008073
acct_009896,consumer_008074
acct_009897,consumer_008075
acct_009898,consumer_008076
acct_009899,consumer_008076
acct_009900,consumer_008077
acct_009901,consumer_008078
acct_009902,consumer_008078
acct_009903,consumer_008078
acct_009904,consumer_008079
acct_009905,consumer_008080
acct_009906,consumer_008081
acct_009907,consumer_008082
acct_009908,consumer_008083
acct_009909,consumer_008084
acct_009910,consumer_008085
acct_009911,consumer_008086
acct_009912,consumer_008087
acct_009913,consumer_008088
acct_009914,consumer_008089
acct_009915,consumer_008089
acct_009916,consumer_008089
acct_009917,consumer_008090
acct_009918,consumer_008091
acct_009919,consumer_008092
acct_009920,consumer_008093
acct_009921,consumer_008094
acct_009922,consumer_008095
acct_009923,consumer_008096
acct_009924,consumer_008097
acct_009925,consumer_008098
acct_009926,consumer_008099
acct_009927,consumer_008100
acct_009928,consumer_008101
acct_009929,consumer_008102
acct_009930,consumer_008103
acct_009931,consumer_008104
acct_009932,consumer_008105
acct_009933,consumer_008105
acct_009934,consumer_008106
acct_009935,consumer_008107
acct_009936,consumer_008108
acct_009937,consumer_008108
acct_009938,consumer_008108
acct_009939,consumer_008109
acct_009940,consumer_008110
acct_009941,consumer_008111
acct_009942,consumer_008111
acct_009943,consumer_008111
acct_009944,consumer_008112
acct_009945,consumer_008113
acct_009946,consumer_008114
acct_009947,consumer_008114
acct_009948,consumer_008114
acct_009949,consumer_008115
acct_009950,consumer_008116
acct_009951,consumer_008117
acct_009952,consumer_008118
acct_009953,consumer_008119
acct_009954,consumer_008120
acct_009955,consumer_008120
acct_009956,consumer_008121
acct_009957,consumer_008122
acct_009958,consumer_008123
acct_009959,consumer_008124
acct_009960,consumer_008124
acct_009961,consumer_008125
acct_009962,consumer_008126
acct_009963,consumer_008127
acct_009964,consumer_008128
acct_009965,consumer_008129
acct_009966,consumer_008130
acct_009967,consumer_008131
acct_009968,consumer_008132
acct_009969,consumer_008133
acct_009970,consumer_008134
acct_009971,consumer_008135
acct_009972,consumer_008136
acct_009973,consumer_008137
acct_009974,consumer_008137
acct_009975,consumer_008138
acct_009976,consumer_008138
acct_009977,consumer_008139
acct_009978,consumer_008140
acct_009979,consumer_008141
acct_009980,consumer_008142
acct_009981,consumer_008143
acct_009982,consumer_008144
acct_009983,consumer_008145
acct_009984,consumer_008146
acct_009985,consumer_008146
acct_009986,consumer_008146
acct_009987,consumer_008147
acct_009988,consumer_008147
acct_009989,consumer_008147
acct_009990,consumer_008148
acct_009991,consumer_008149
acct_009992,consumer_008150
acct_009993,consumer_008151
acct_009994,consumer_008152
acct_009995,consumer_008152
acct_009996,consumer_008153
acct_009997,consumer_008154
acct_009998,consumer_008155
acct_009999,consumer_008156
acct_010000,consumer_008156
acct_010001,consumer_008157
acct_010002,consumer_008158
acct_010003,consumer_008159
acct_010004,consumer_008159
acct_010005,consumer_008160
acct_010006,consumer_008161
acct_010007,consumer_008162
acct_010008,consumer_008163
acct_010009,consumer_008164
acct_010010,consumer_008164
acct_010011,consumer_008164
acct_010012,consumer_008165
acct_010013,consumer_008165
acct_010014,consumer_008165
acct_010015,consumer_008166
acct_010016,consumer_008167
acct_010017,consumer_008168
acct_010018,consumer_008169
acct_010019,consumer_008170
acct_010020,consumer_008171
acct_010021,consumer_008172
acct_010022,consumer_008173
acct_010023,consumer_008173
acct_010024,consumer_008174
acct_010025,consumer_008175
acct_010026,consumer_008176
acct_010027,consumer_008177
acct_010028,consumer_008178
acct_010029,consumer_008179
acct_010030,consumer_008179
acct_010031,consumer_008180
acct_010032,consumer_008181
acct_010033,consumer_008182
acct_010034,consumer_008183
acct_010035,consumer_008184
acct_010036,consumer_008185
acct_010037,consumer_008186
acct_010038,consumer_008187
acct_010039,consumer_008188
acct_010040,consumer_008188
acct_010041,consumer_008188
acct_010042,consumer_008189
acct_010043,consumer_008190
acct_010044,consumer_008191
acct_010045,consumer_008191
acct_010046,consumer_008192
acct_010047,consumer_008193
acct_010048,consumer_008194
acct_010049,consumer_008195
acct_010050,consumer_008196
acct_010051,consumer_008196
acct_010052,consumer_008197
acct_010053,consumer_008197
acct_010054,consumer_008198
acct_010055,consumer_008198
acct_010056,consumer_008199
acct_010057,consumer_008200
acct_010058,consumer_008201
acct_010059,consumer_008202
acct_010060,consumer_008203
acct_010061,consumer_008204
acct_010062,consumer_008205
acct_010063,consumer_008206
acct_010064,consumer_008207
acct_010065,consumer_008208
acct_010066,consumer_008209
acct_010067,consumer_008210
acct_010068,consumer_008211
acct_010069,consumer_008212
acct_010070,consumer_008213
acct_010071,consumer_008214
acct_010072,consumer_008215
acct_010073,consumer_008216
acct_010074,consumer_008217
acct_010075,consumer_008217
acct_010076,consumer_008218
acct_010077,consumer_008219
acct_010078,consumer_008220
acct_010079,consumer_008221
acct_010080,consumer_008222
acct_010081,consumer_008222
acct_010082,consumer_008223
acct_010083,consumer_008224
acct_010084,consumer_008225
acct_010085,consumer_008226
acct_010086,consumer_008227
acct_010087,consumer_008228
acct_010088,consumer_008228
acct_010089,consumer_008228
acct_010090,consumer_008229
acct_010091,consumer_008230
acct_010092,consumer_008231
acct_010093,consumer_008232
acct_010094,consumer_008232
acct_010095,consumer_008233
acct_010096,consumer_008234
acct_010097,consumer_008235
acct_010098,consumer_008236
acct_010099,consumer_008237
acct_010100,consumer_008238
acct_010101,consumer_008239
acct_010102,consumer_008240
acct_010103,consumer_008241
acct_010104,consumer_008242
acct_010105,consumer_008242
acct_010106,consumer_008243
acct_010107,consumer_008244
acct_010108,consumer_008245
acct_010109,consumer_008246
acct_010110,consumer_008247
acct_010111,consumer_008248
acct_010112,consumer_008249
acct_010113,consumer_008250
acct_010114,consumer_008251
acct_010115,consumer_008252
acct_010116,consumer_008252
acct_010117,consumer_008252
acct_010118,consumer_008253
acct_010119,consumer_008254
acct_010120,consumer_008255
acct_010121,consumer_008256
acct_010122,consumer_008257
acct_010123,consumer_008258
acct_010124,consumer_008259
acct_010125,consumer_008260
acct_010126,consumer_008261
acct_010127,consumer_008261
acct_010128,consumer_008261
acct_010129,consumer_008262
acct_010130,consumer_008262
acct_010131,consumer_008262
acct_010132,consumer_008263
acct_010133,consumer_008264
acct_010134,consumer_008265
acct_010135,consumer_008266
acct_010136,consumer_008267
acct_010137,consumer_008268
acct_010138,consumer_008269
acct_010139,consumer_008270
acct_010140,consumer_008271
acct_010141,consumer_008272
acct_010142,consumer_008273
acct_010143,consumer_008274
acct_010144,consumer_008275
acct_010145,consumer_008276
acct_010146,consumer_008277
acct_010147,consumer_008277
acct_010148,consumer_008277
acct_010149,consumer_008278
acct_010150,consumer_008279
acct_010151,consumer_008280
acct_010152,consumer_008281
acct_010153,consumer_008282
acct_010154,consumer_008282
acct_010155,consumer_008282
acct_010156,consumer_008283
acct_010157,consumer_008284
acct_010158,consumer_008284
acct_010159,consumer_008285
acct_010160,consumer_008285
acct_010161,consumer_008285
acct_010162,consumer_008286
acct_010163,consumer_008287
acct_010164,consumer_008287
acct_010165,consumer_008288
acct_010166,consumer_008288
acct_010167,consumer_008288
acct_010168,consumer_008289
acct_010169,consumer_008290
acct_010170,consumer_008291
acct_010171,consumer_008292
acct_010172,consumer_008293
acct_010173,consumer_008294
acct_010174,consumer_008295
acct_010175,consumer_008296
acct_010176,consumer_008297
acct_010177,consumer_008298
acct_010178,consumer_008299
acct_010179,consumer_008300
acct_010180,consumer_008301
acct_010181,consumer_008302
acct_010182,consumer_008303
acct_010183,consumer_008304
acct_010184,consumer_008305
acct_010185,consumer_008305
acct_010186,consumer_008305
acct_010187,consumer_008306
acct_010188,consumer_008307
acct_010189,consumer_008308
acct_010190,consumer_008309
acct_010191,consumer_008310
acct_010192,consumer_008311
acct_010193,consumer_008311
acct_010194,consumer_008311
acct_010195,consumer_008312
acct_010196,consumer_008312
acct_010197,consumer_008312
acct_010198,consumer_008313
acct_010199,consumer_008314
acct_010200,consumer_008315
acct_010201,consumer_008316
acct_010202,consumer_008316
acct_010203,consumer_008317
acct_010204,consumer_008318
acct_010205,consumer_008319
acct_010206,consumer_008319
acct_010207,consumer_008320
acct_010208,consumer_008321
acct_010209,consumer_008322
acct_010210,consumer_008323
acct_010211,consumer_008324
acct_010212,consumer_008325
acct_010213,consumer_008326
acct_010214,consumer_008327
acct_010215,consumer_008328
acct_010216,consumer_008328
acct_010217,consumer_008328
acct_010218,consumer_008329
acct_010219,consumer_008329
acct_010220,consumer_008330
acct_010221,consumer_008331
acct_010222,consumer_008331
acct_010223,consumer_008331
acct_010224,consumer_008332
acct_010225,consumer_008333
acct_010226,consumer_008334
acct_010227,consumer_008335
acct_010228,consumer_008336
acct_010229,consumer_008337
acct_010230,consumer_008338
acct_010231,consumer_008339
acct_010232,consumer_008340
acct_010233,consumer_008341
acct_010234,consumer_008342
acct_010235,consumer_008343
acct_010236,consumer_008344
acct_010237,consumer_008345
acct_010238,consumer_008346
acct_010239,consumer_008347
acct_010240,consumer_008348
acct_010241,consumer_008349
acct_010242,consumer_008349
acct_010243,consumer_008349
acct_010244,consumer_008350
acct_010245,consumer_008351
acct_010246,consumer_008351
acct_010247,consumer_008352
acct_010248,consumer_008353
acct_010249,consumer_008354
acct_010250,consumer_008354
acct_010251,consumer_008355
acct_010252,consumer_008356
acct_010253,consumer_008357
acct_010254,consumer_008358
acct_010255,consumer_008359
acct_010256,consumer_008360
acct_010257,consumer_008361
acct_010258,consumer_008362
acct_010259,consumer_008362
acct_010260,consumer_008362
acct_010261,consumer_008363
acct_010262,consumer_008364
acct_010263,consumer_008365
acct_010264,consumer_008366
acct_010265,consumer_008367
acct_010266,consumer_008367
acct_010267,consumer_008368
acct_010268,consumer_008368
acct_010269,consumer_008369
acct_010270,consumer_008370
acct_010271,consumer_008370
acct_010272,consumer_008370
acct_010273,consumer_008371
acct_010274,consumer_008372
acct_010275,consumer_008373
acct_010276,consumer_008373
acct_010277,consumer_008374
acct_010278,consumer_008375
acct_010279,consumer_008376
acct_010280,consumer_008377
acct_010281,consumer_008378
acct_010282,consumer_008379
acct_010283,consumer_008380
acct_010284,consumer_008380
acct_010285,consumer_008380
acct_010286,consumer_008381
acct_010287,consumer_008382
acct_010288,consumer_008383
acct_010289,consumer_008384
acct_010290,consumer_008385
acct_010291,consumer_008386
acct_010292,consumer_008387
acct_010293,consumer_008388
acct_010294,consumer_008389
acct_010295,consumer_008389
acct_010296,consumer_008389
acct_010297,consumer_008390
acct_010298,consumer_008391
acct_010299,consumer_008392
acct_010300,consumer_008393
acct_010301,consumer_008394
acct_010302,consumer_008395
acct_010303,consumer_008396
acct_010304,consumer_008397
acct_010305,consumer_008398
acct_010306,consumer_008399
acct_010307,consumer_008399
acct_010308,consumer_008400
acct_010309,consumer_008401
acct_010310,consumer_008402
acct_010311,consumer_008403
acct_010312,consumer_008404
acct_010313,consumer_008405
acct_010314,consumer_008406
acct_010315,consumer_008407
acct_010316,consumer_008408
acct_010317,consumer_008409
acct_010318,consumer_008409
acct_010319,consumer_008409
acct_010320,consumer_008410
acct_010321,consumer_008411
acct_010322,consumer_008412
acct_010323,consumer_008412
acct_010324,consumer_008412
acct_010325,consumer_008413
acct_010326,consumer_008414
acct_010327,consumer_008415
acct_010328,consumer_008416
acct_010329,consumer_008417
acct_010330,consumer_008417
acct_010331,consumer_008418
acct_010332,consumer_008419
acct_010333,consumer_008420
acct_010334,consumer_008421
acct_010335,consumer_008422
acct_010336,consumer_008422
acct_010337,consumer_008423
acct_010338,consumer_008424
acct_010339,consumer_008425
acct_010340,consumer_008426
acct_010341,consumer_008427
acct_010342,consumer_008428
acct_010343,consumer_008429
acct_010344,consumer_008430
acct_010345,consumer_008431
acct_010346,consumer_008432
acct_010347,consumer_008433
acct_010348,consumer_008434
acct_010349,consumer_008435
acct_010350,consumer_008436
acct_010351,consumer_008437
acct_010352,consumer_008438
acct_010353,consumer_008438
acct_010354,consumer_008438
acct_010355,consumer_008439
acct_010356,consumer_008439
acct_010357,consumer_008439
acct_010358,consumer_008440
acct_010359,consumer_008441
acct_010360,consumer_008442
acct_010361,consumer_008443
acct_010362,consumer_008444
acct_010363,consumer_008445
acct_010364,consumer_008446
acct_010365,consumer_008447
acct_010366,consumer_008448
acct_010367,consumer_008449
acct_010368,consumer_008450
acct_010369,consumer_008451
acct_010370,consumer_008452
acct_010371,consumer_008453
acct_010372,consumer_008454
acct_010373,consumer_008455
acct_010374,consumer_008456
acct_010375,consumer_008457
acct_010376,consumer_008458
acct_010377,consumer_008459
acct_010378,consumer_008460
acct_010379,consumer_008461
acct_010380,consumer_008462
acct_010381,consumer_008463
acct_010382,consumer_008464
acct_010383,consumer_008465
acct_010384,consumer_008465
acct_010385,consumer_008465
acct_010386,consumer_008466
acct_010387,consumer_008467
acct_010388,consumer_008468
acct_010389,consumer_008469
acct_010390,consumer_008470
acct_010391,consumer_008471
acct_010392,consumer_008472
acct_010393,consumer_008472
acct_010394,consumer_008473
acct_010395,consumer_008474
acct_010396,consumer_008475
acct_010397,consumer_008475
acct_010398,consumer_008475
acct_010399,consumer_008476
acct_010400,consumer_008477
acct_010401,consumer_008478
acct_010402,consumer_008479
acct_010403,consumer_008480
acct_010404,consumer_008481
acct_010405,consumer_008481
acct_010406,consumer_008481
acct_010407,consumer_008482
acct_010408,consumer_008482
acct_010409,consumer_008482
acct_010410,consumer_008483
acct_010411,consumer_008483
acct_010412,consumer_008484
acct_010413,consumer_008484
acct_010414,consumer_008484
acct_010415,consumer_008485
acct_010416,consumer_008486
acct_010417,consumer_008487
acct_010418,consumer_008488
acct_010419,consumer_008489
acct_010420,consumer_008490
acct_010421,consumer_008490
acct_010422,consumer_008491
acct_010423,consumer_008492
acct_010424,consumer_008493
acct_010425,consumer_008494
acct_010426,consumer_008495
acct_010427,consumer_008495
acct_010428,consumer_008495
acct_010429,consumer_008496
acct_010430,consumer_008497
acct_010431,consumer_008498
acct_010432,consumer_008499
acct_010433,consumer_008500
acct_010434,consumer_008501
acct_010435,consumer_008502
acct_010436,consumer_008503
acct_010437,consumer_008504
acct_010438,consumer_008505
acct_010439,consumer_008506
acct_010440,consumer_008506
acct_010441,consumer_008506
acct_010442,consumer_008507
acct_010443,consumer_008508
acct_010444,consumer_008509
acct_010445,consumer_008510
acct_010446,consumer_008511
acct_010447,consumer_008512
acct_010448,consumer_008513
acct_010449,consumer_008514
acct_010450,consumer_008515
acct_010451,consumer_008516
acct_010452,consumer_008517
acct_010453,consumer_008518
acct_010454,consumer_008519
acct_010455,consumer_008520
acct_010456,consumer_008521
acct_010457,consumer_008521
acct_010458,consumer_008521
acct_010459,consumer_008522
acct_010460,consumer_008523
acct_010461,consumer_008524
acct_010462,consumer_008525
acct_010463,consumer_008526
acct_010464,consumer_008527
acct_010465,consumer_008528
acct_010466,consumer_008529
acct_010467,consumer_008529
acct_010468,consumer_008530
acct_010469,consumer_008531
acct_010470,consumer_008532
acct_010471,consumer_008532
acct_010472,consumer_008533
acct_010473,consumer_008534
acct_010474,consumer_008535
acct_010475,consumer_008536
acct_010476,consumer_008537
acct_010477,consumer_008538
acct_010478,consumer_008539
acct_010479,consumer_008540
acct_010480,consumer_008540
acct_010481,consumer_008541
acct_010482,consumer_008542
acct_010483,consumer_008543
acct_010484,consumer_008544
acct_010485,consumer_008545
acct_010486,consumer_008546
acct_010487,consumer_008547
acct_010488,consumer_008548
acct_010489,consumer_008549
acct_010490,consumer_008550
acct_010491,consumer_008551
acct_010492,consumer_008552
acct_010493,consumer_008553
acct_010494,consumer_008554
acct_010495,consumer_008555
acct_010496,consumer_008556
acct_010497,consumer_008557
acct_010498,consumer_008558
acct_010499,consumer_008559
acct_010500,consumer_008560
acct_010501,consumer_008561
acct_010502,consumer_008562
acct_010503,consumer_008563
acct_010504,consumer_008564
acct_010505,consumer_008564
acct_010506,consumer_008564
acct_010507,consumer_008565
acct_010508,consumer_008566
acct_010509,consumer_008567
acct_010510,consumer_008568
acct_010511,consumer_008569
acct_010512,consumer_008570
acct_010513,consumer_008570
acct_010514,consumer_008571
acct_010515,consumer_008572
acct_010516,consumer_008573
acct_010517,consumer_008574
acct_010518,consumer_008574
acct_010519,consumer_008574
acct_010520,consumer_008575
acct_010521,consumer_008576
acct_010522,consumer_008577
acct_010523,consumer_008578
acct_010524,consumer_008579
acct_010525,consumer_008580
acct_010526,consumer_008580
acct_010527,consumer_008580
acct_010528,consumer_008581
acct_010529,consumer_008582
acct_010530,consumer_008583
acct_010531,consumer_008584
acct_010532,consumer_008585
acct_010533,consumer_008586
acct_010534,consumer_008587
acct_010535,consumer_008588
acct_010536,consumer_008588
acct_010537,consumer_008588
acct_010538,consumer_008589
acct_010539,consumer_008590
acct_010540,consumer_008591
acct_010541,consumer_008592
acct_010542,consumer_008593
acct_010543,consumer_008594
acct_010544,consumer_008595
acct_010545,consumer_008595
acct_010546,consumer_008596
acct_010547,consumer_008597
acct_010548,consumer_008598
acct_010549,consumer_008598
acct_010550,consumer_008598
acct_010551,consumer_008599
acct_010552,consumer_008600
acct_010553,consumer_008601
acct_010554,consumer_008601
acct_010555,consumer_008602
acct_010556,consumer_008603
acct_010557,consumer_008604
acct_010558,consumer_008605
acct_010559,consumer_008605
acct_010560,consumer_008606
acct_010561,consumer_008607
acct_010562,consumer_008608
acct_010563,consumer_008609
acct_010564,consumer_008610
acct_010565,consumer_008611
acct_010566,consumer_008612
acct_010567,consumer_008612
acct_010568,consumer_008613
acct_010569,consumer_008614
acct_010570,consumer_008615
acct_010571,consumer_008616
acct_010572,consumer_008617
acct_010573,consumer_008618
acct_010574,consumer_008619
acct_010575,consumer_008620
acct_010576,consumer_008621
acct_010577,consumer_008622
acct_010578,consumer_008623
acct_010579,consumer_008624
acct_010580,consumer_008625
acct_010581,consumer_008626
acct_010582,consumer_008627
acct_010583,consumer_008628
acct_010584,consumer_008629
acct_010585,consumer_008630
acct_010586,consumer_008631
acct_010587,consumer_008632
acct_010588,consumer_008633
acct_010589,consumer_008634
acct_010590,consumer_008635
acct_010591,consumer_008636
acct_010592,consumer_008636
acct_010593,consumer_008637
acct_010594,consumer_008638
acct_010595,consumer_008639
acct_010596,consumer_008640
acct_010597,consumer_008641
acct_010598,consumer_008642
acct_010599,consumer_008643
acct_010600,consumer_008644
acct_010601,consumer_008644
acct_010602,consumer_008645
acct_010603,consumer_008646
acct_010604,consumer_008647
acct_010605,consumer_008648
acct_010606,consumer_008649
acct_010607,consumer_008650
acct_010608,consumer_008651
acct_010609,consumer_008652
acct_010610,consumer_008653
acct_010611,consumer_008654
acct_010612,consumer_008655
acct_010613,consumer_008656
acct_010614,consumer_008657
acct_010615,consumer_008658
acct_010616,consumer_008659
acct_010617,consumer_008660
acct_010618,consumer_008660
acct_010619,consumer_008660
acct_010620,consumer_008661
acct_010621,consumer_008662
acct_010622,consumer_008662
acct_010623,consumer_008663
acct_010624,consumer_008664
acct_010625,consumer_008664
acct_010626,consumer_008664
acct_010627,consumer_008665
acct_010628,consumer_008665
acct_010629,consumer_008666
acct_010630,consumer_008667
acct_010631,consumer_008668
acct_010632,consumer_008669
acct_010633,consumer_008670
acct_010634,consumer_008671
acct_010635,consumer_008672
acct_010636,consumer_008673
acct_010637,consumer_008674
acct_010638,consumer_008675
acct_010639,consumer_008676
acct_010640,consumer_008677
acct_010641,consumer_008678
acct_010642,consumer_008679
acct_010643,consumer_008679
acct_010644,consumer_008680
acct_010645,consumer_008681
acct_010646,consumer_008682
acct_010647,consumer_008683
acct_010648,consumer_008684
acct_010649,consumer_008685
acct_010650,consumer_008686
acct_010651,consumer_008687
acct_010652,consumer_008688
acct_010653,consumer_008689
acct_010654,consumer_008690
acct_010655,consumer_008691
acct_010656,consumer_008692
acct_010657,consumer_008693
acct_010658,consumer_008694
acct_010659,consumer_008694
acct_010660,consumer_008694
acct_010661,consumer_008695
acct_010662,consumer_008696
acct_010663,consumer_008697
acct_010664,consumer_008698
acct_010665,consumer_008699
acct_010666,consumer_008700
acct_010667,consumer_008701
acct_010668,consumer_008702
acct_010669,consumer_008703
acct_010670,consumer_008704
acct_010671,consumer_008704
acct_010672,consumer_008705
acct_010673,consumer_008705
acct_010674,consumer_008705
acct_010675,consumer_008706
acct_010676,consumer_008707
acct_010677,consumer_008708
acct_010678,consumer_008709
acct_010679,consumer_008710
acct_010680,consumer_008711
acct_010681,consumer_008712
acct_010682,consumer_008713
acct_010683,consumer_008713
acct_010684,consumer_008714
acct_010685,consumer_008714
acct_010686,consumer_008714
acct_010687,consumer_008715
acct_010688,consumer_008716
acct_010689,consumer_008717
acct_010690,consumer_008718
acct_010691,consumer_008719
acct_010692,consumer_008720
acct_010693,consumer_008721
acct_010694,consumer_008722
acct_010695,consumer_008723
acct_010696,consumer_008724
acct_010697,consumer_008724
acct_010698,consumer_008724
acct_010699,consumer_008725
acct_010700,consumer_008726
acct_010701,consumer_008727
acct_010702,consumer_008728
acct_010703,consumer_008729
acct_010704,consumer_008730
acct_010705,consumer_008731
acct_010706,consumer_008732
acct_010707,consumer_008733
acct_010708,consumer_008734
acct_010709,consumer_008735
acct_010710,consumer_008736
acct_010711,consumer_008737
acct_010712,consumer_008737
acct_010713,consumer_008738
acct_010714,consumer_008739
acct_010715,consumer_008740
acct_010716,consumer_008741
acct_010717,consumer_008742
acct_010718,consumer_008743
acct_010719,consumer_008744
acct_010720,consumer_008744
acct_010721,consumer_008745
acct_010722,consumer_008746
acct_010723,consumer_008747
acct_010724,consumer_008748
acct_010725,consumer_008749
acct_010726,consumer_008750
acct_010727,consumer_008751
acct_010728,consumer_008752
acct_010729,consumer_008753
acct_010730,consumer_008754
acct_010731,consumer_008755
acct_010732,consumer_008756
acct_010733,consumer_008757
acct_010734,consumer_008757
acct_010735,consumer_008757
acct_010736,consumer_008758
acct_010737,consumer_008759
acct_010738,consumer_008759
acct_010739,consumer_008759
acct_010740,consumer_008760
acct_010741,consumer_008761
acct_010742,consumer_008762
acct_010743,consumer_008763
acct_010744,consumer_008764
acct_010745,consumer_008765
acct_010746,consumer_008766
acct_010747,consumer_008767
acct_010748,consumer_008768
acct_010749,consumer_008769
acct_010750,consumer_008770
acct_010751,consumer_008771
acct_010752,consumer_008772
acct_010753,consumer_008773
acct_010754,consumer_008774
acct_010755,consumer_008775
acct_010756,consumer_008776
acct_010757,consumer_008777
acct_010758,consumer_008778
acct_010759,consumer_008779
acct_010760,consumer_008780
acct_010761,consumer_008781
acct_010762,consumer_008781
acct_010763,consumer_008781
acct_010764,consumer_008782
acct_010765,consumer_008783
acct_010766,consumer_008784
acct_010767,consumer_008785
acct_010768,consumer_008786
acct_010769,consumer_008786
acct_010770,consumer_008787
acct_010771,consumer_008788
acct_010772,consumer_008789
acct_010773,consumer_008790
acct_010774,consumer_008791
acct_010775,consumer_008791
acct_010776,consumer_008792
acct_010777,consumer_008793
acct_010778,consumer_008794
acct_010779,consumer_008795
acct_010780,consumer_008796
acct_010781,consumer_008797
acct_010782,consumer_008798
acct_010783,consumer_008799
acct_010784,consumer_008800
acct_010785,consumer_008801
acct_010786,consumer_008802
acct_010787,consumer_008803
acct_010788,consumer_008804
acct_010789,consumer_008805
acct_010790,consumer_008805
acct_010791,consumer_008806
acct_010792,consumer_008806
acct_010793,consumer_008806
acct_010794,consumer_008807
acct_010795,consumer_008808
acct_010796,consumer_008809
acct_010797,consumer_008810
acct_010798,consumer_008811
acct_010799,consumer_008812
acct_010800,consumer_008813
acct_010801,consumer_008814
acct_010802,consumer_008815
acct_010803,consumer_008816
acct_010804,consumer_008817
acct_010805,consumer_008818
acct_010806,consumer_008819
acct_010807,consumer_008820
acct_010808,consumer_008821
acct_010809,consumer_008822
acct_010810,consumer_008823
acct_010811,consumer_008823
acct_010812,consumer_008824
acct_010813,consumer_008825
acct_010814,consumer_008826
acct_010815,consumer_008827
acct_010816,consumer_008828
acct_010817,consumer_008829
acct_010818,consumer_008830
acct_010819,consumer_008831
acct_010820,consumer_008832
acct_010821,consumer_008833
acct_010822,consumer_008834
acct_010823,consumer_008835
acct_010824,consumer_008835
acct_010825,consumer_008835
acct_010826,consumer_008836
acct_010827,consumer_008837
acct_010828,consumer_008838
acct_010829,consumer_008839
acct_010830,consumer_008840
acct_010831,consumer_008841
acct_010832,consumer_008842
acct_010833,consumer_008843
acct_010834,consumer_008843
acct_010835,consumer_008844
acct_010836,consumer_008844
acct_010837,consumer_008844
acct_010838,consumer_008845
acct_010839,consumer_008845
acct_010840,consumer_008845
acct_010841,consumer_008846
acct_010842,consumer_008847
acct_010843,consumer_008848
acct_010844,consumer_008848
acct_010845,consumer_008849
acct_010846,consumer_008850
acct_010847,consumer_008851
acct_010848,consumer_008851
acct_010849,consumer_008852
acct_010850,consumer_008853
acct_010851,consumer_008854
acct_010852,consumer_008854
acct_010853,consumer_008855
acct_010854,consumer_008856
acct_010855,consumer_008857
acct_010856,consumer_008858
acct_010857,consumer_008859
acct_010858,consumer_008860
acct_010859,consumer_008861
acct_010860,consumer_008862
acct_010861,consumer_008862
acct_010862,consumer_008863
acct_010863,consumer_008864
acct_010864,consumer_008865
acct_010865,consumer_008866
acct_010866,consumer_008867
acct_010867,consumer_008867
acct_010868,consumer_008868
acct_010869,consumer_008868
acct_010870,consumer_008868
acct_010871,consumer_008869
acct_010872,consumer_008870
acct_010873,consumer_008870
acct_010874,consumer_008870
acct_010875,consumer_008871
acct_010876,consumer_008872
acct_010877,consumer_008873
acct_010878,consumer_008874
acct_010879,consumer_008875
acct_010880,consumer_008876
acct_010881,consumer_008877
acct_010882,consumer_008878
acct_010883,consumer_008879
acct_010884,consumer_008880
acct_010885,consumer_008881
acct_010886,consumer_008882
acct_010887,consumer_008883
acct_010888,consumer_008884
acct_010889,consumer_008885
acct_010890,consumer_008885
acct_010891,consumer_008885
acct_010892,consumer_008886
acct_010893,consumer_008887
acct_010894,consumer_008888
acct_010895,consumer_008889
acct_010896,consumer_008890
acct_010897,consumer_008891
acct_010898,consumer_008892
acct_010899,consumer_008893
acct_010900,consumer_008894
acct_010901,consumer_008895
acct_010902,consumer_008896
acct_010903,consumer_008897
acct_010904,consumer_008898
acct_010905,consumer_008898
acct_010906,consumer_008899
acct_010907,consumer_008900
acct_010908,consumer_008901
acct_010909,consumer_008902
acct_010910,consumer_008903
acct_010911,consumer_008904
acct_010912,consumer_008905
acct_010913,consumer_008906
acct_010914,consumer_008907
acct_010915,consumer_008907
acct_010916,consumer_008908
acct_010917,consumer_008909
acct_010918,consumer_008910
acct_010919,consumer_008911
acct_010920,consumer_008912
acct_010921,consumer_008913
acct_010922,consumer_008914
acct_010923,consumer_008915
acct_010924,consumer_008916
acct_010925,consumer_008917
acct_010926,consumer_008918
acct_010927,consumer_008919
acct_010928,consumer_008919
acct_010929,consumer_008919
acct_010930,consumer_008920
acct_010931,consumer_008921
acct_010932,consumer_008922
acct_010933,consumer_008923
acct_010934,consumer_008924
acct_010935,consumer_008925
acct_010936,consumer_008926
acct_010937,consumer_008927
acct_010938,consumer_008928
acct_010939,consumer_008929
acct_010940,consumer_008930
acct_010941,consumer_008931
acct_010942,consumer_008932
acct_010943,consumer_008933
acct_010944,consumer_008934
acct_010945,consumer_008935
acct_010946,consumer_008936
acct_010947,consumer_008937
acct_010948,consumer_008938
acct_010949,consumer_008939
acct_010950,consumer_008940
acct_010951,consumer_008941
acct_010952,consumer_008942
acct_010953,consumer_008943
acct_010954,consumer_008944
acct_010955,consumer_008945
acct_010956,consumer_008946
acct_010957,consumer_008947
acct_010958,consumer_008948
acct_010959,consumer_008949
acct_010960,consumer_008950
acct_010961,consumer_008951
acct_010962,consumer_008952
acct_010963,consumer_008953
acct_010964,consumer_008954
acct_010965,consumer_008955
acct_010966,consumer_008956
acct_010967,consumer_008957
acct_010968,consumer_008958
acct_010969,consumer_008959
acct_010970,consumer_008959
acct_010971,consumer_008960
acct_010972,consumer_008961
acct_010973,consumer_008962
acct_010974,consumer_008963
acct_010975,consumer_008963
acct_010976,consumer_008964
acct_010977,consumer_008964
acct_010978,consumer_008964
acct_010979,consumer_008965
acct_010980,consumer_008966
acct_010981,consumer_008967
acct_010982,consumer_008968
acct_010983,consumer_008969
acct_010984,consumer_008970
acct_010985,consumer_008971
acct_010986,consumer_008972
acct_010987,consumer_008973
acct_010988,consumer_008974
acct_010989,consumer_008975
acct_010990,consumer_008976
acct_010991,consumer_008977
acct_010992,consumer_008978
acct_010993,consumer_008979
acct_010994,consumer_008980
acct_010995,consumer_008980
acct_010996,consumer_008981
acct_010997,consumer_008982
acct_010998,consumer_008982
acct_010999,consumer_008983
acct_011000,consumer_008984
acct_011001,consumer_008985
acct_011002,consumer_008985
acct_011003,consumer_008985
acct_011004,consumer_008986
acct_011005,consumer_008987
acct_011006,consumer_008988
acct_011007,consumer_008989
acct_011008,consumer_008990
acct_011009,consumer_008991
acct_011010,consumer_008992
acct_011011,consumer_008993
acct_011012,consumer_008993
acct_011013,consumer_008994
acct_011014,consumer_008995
acct_011015,consumer_008996
acct_011016,consumer_008996
acct_011017,consumer_008997
acct_011018,consumer_008998
acct_011019,consumer_008999
acct_011020,consumer_009000
acct_011021,consumer_009001
acct_011022,consumer_009002
acct_011023,consumer_009003
acct_011024,consumer_009004
acct_011025,consumer_009004
acct_011026,consumer_009004
acct_011027,consumer_009005
acct_011028,consumer_009006
acct_011029,consumer_009007
acct_011030,consumer_009007
acct_011031,consumer_009007
acct_011032,consumer_009008
acct_011033,consumer_009009
acct_011034,consumer_009010
acct_011035,consumer_009011
acct_011036,consumer_009012
acct_011037,consumer_009013
acct_011038,consumer_009014
acct_011039,consumer_009015
acct_011040,consumer_009016
acct_011041,consumer_009017
acct_011042,consumer_009018
acct_011043,consumer_009018
acct_011044,consumer_009018
acct_011045,consumer_009019
acct_011046,consumer_009020
acct_011047,consumer_009021
acct_011048,consumer_009022
acct_011049,consumer_009023
acct_011050,consumer_009024
acct_011051,consumer_009025
acct_011052,consumer_009026
acct_011053,consumer_009027
acct_011054,consumer_009027
acct_011055,consumer_009027
acct_011056,consumer_009028
acct_011057,consumer_009029
acct_011058,consumer_009030
acct_011059,consumer_009031
acct_011060,consumer_009032
acct_011061,consumer_009032
acct_011062,consumer_009033
acct_011063,consumer_009034
acct_011064,consumer_009035
acct_011065,consumer_009036
acct_011066,consumer_009037
acct_011067,consumer_009038
acct_011068,consumer_009039
acct_011069,consumer_009040
acct_011070,consumer_009041
acct_011071,consumer_009041
acct_011072,consumer_009042
acct_011073,consumer_009043
acct_011074,consumer_009044
acct_011075,consumer_009045
acct_011076,consumer_009046
acct_011077,consumer_009047
acct_011078,consumer_009048
acct_011079,consumer_009049
acct_011080,consumer_009050
acct_011081,consumer_009051
acct_011082,consumer_009052
acct_011083,consumer_009053
acct_011084,consumer_009053
acct_011085,consumer_009053
acct_011086,consumer_009054
acct_011087,consumer_009055
acct_011088,consumer_009056
acct_011089,consumer_009057
acct_011090,consumer_009058
acct_011091,consumer_009059
acct_011092,consumer_009060
acct_011093,consumer_009061
acct_011094,consumer_009062
acct_011095,consumer_009063
acct_011096,consumer_009064
acct_011097,consumer_009065
acct_011098,consumer_009066
acct_011099,consumer_009067
acct_011100,consumer_009068
acct_011101,consumer_009069
acct_011102,consumer_009070
acct_011103,consumer_009071
acct_011104,consumer_009072
acct_011105,consumer_009073
acct_011106,consumer_009074
acct_011107,consumer_009075
acct_011108,consumer_009076
acct_011109,consumer_009077
acct_011110,consumer_009077
acct_011111,consumer_009077
acct_011112,consumer_009078
acct_011113,consumer_009079
acct_011114,consumer_009080
acct_011115,consumer_009081
acct_011116,consumer_009081
acct_011117,consumer_009082
acct_011118,consumer_009083
acct_011119,consumer_009083
acct_011120,consumer_009083
acct_011121,consumer_009084
acct_011122,consumer_009084
acct_011123,consumer_009085
acct_011124,consumer_009086
acct_011125,consumer_009087
acct_011126,consumer_009087
acct_011127,consumer_009087
acct_011128,consumer_009088
acct_011129,consumer_009089
acct_011130,consumer_009090
acct_011131,consumer_009091
acct_011132,consumer_009092
acct_011133,consumer_009093
acct_011134,consumer_009094
acct_011135,consumer_009095
acct_011136,consumer_009096
acct_011137,consumer_009097
acct_011138,consumer_009097
acct_011139,consumer_009097
acct_011140,consumer_009098
acct_011141,consumer_009099
acct_011142,consumer_009100
acct_011143,consumer_009101
acct_011144,consumer_009102
acct_011145,consumer_009103
acct_011146,consumer_009104
acct_011147,consumer_009105
acct_011148,consumer_009106
acct_011149,consumer_009107
acct_011150,consumer_009108
acct_011151,consumer_009109
acct_011152,consumer_009110
acct_011153,consumer_009111
acct_011154,consumer_009112
acct_011155,consumer_009113
acct_011156,consumer_009114
acct_011157,consumer_009115
acct_011158,consumer_009116
acct_011159,consumer_009117
acct_011160,consumer_009118
acct_011161,consumer_009119
acct_011162,consumer_009119
acct_011163,consumer_009120
acct_011164,consumer_009120
acct_011165,consumer_009120
acct_011166,consumer_009121
acct_011167,consumer_009122
acct_011168,consumer_009123
acct_011169,consumer_009124
acct_011170,consumer_009125
acct_011171,consumer_009126
acct_011172,consumer_009127
acct_011173,consumer_009128
acct_011174,consumer_009129
acct_011175,consumer_009130
acct_011176,consumer_009131
acct_011177,consumer_009132
acct_011178,consumer_009133
acct_011179,consumer_009134
acct_011180,consumer_009135
acct_011181,consumer_009136
acct_011182,consumer_009137
acct_011183,consumer_009138
acct_011184,consumer_009139
acct_011185,consumer_009139
acct_011186,consumer_009140
acct_011187,consumer_009141
acct_011188,consumer_009142
acct_011189,consumer_009142
acct_011190,consumer_009143
acct_011191,consumer_009144
acct_011192,consumer_009145
acct_011193,consumer_009146
acct_011194,consumer_009147
acct_011195,consumer_009147
acct_011196,consumer_009147
acct_011197,consumer_009148
acct_011198,consumer_009149
acct_011199,consumer_009150
acct_011200,consumer_009151
acct_011201,consumer_009152
acct_011202,consumer_009153
acct_011203,consumer_009153
acct_011204,consumer_009153
acct_011205,consumer_009154
acct_011206,consumer_009155
acct_011207,consumer_009156
acct_011208,consumer_009157
acct_011209,consumer_009158
acct_011210,consumer_009159
acct_011211,consumer_009160
acct_011212,consumer_009161
acct_011213,consumer_009161
acct_011214,consumer_009161
acct_011215,consumer_009162
acct_011216,consumer_009163
acct_011217,consumer_009164
acct_011218,consumer_009165
acct_011219,consumer_009166
acct_011220,consumer_009167
acct_011221,consumer_009168
acct_011222,consumer_009169
acct_011223,consumer_009170
acct_011224,consumer_009171
acct_011225,consumer_009172
acct_011226,consumer_009173
acct_011227,consumer_009174
acct_011228,consumer_009175
acct_011229,consumer_009176
acct_011230,consumer_009177
acct_011231,consumer_009178
acct_011232,consumer_009179
acct_011233,consumer_009179
acct_011234,consumer_009179
acct_011235,consumer_009180
acct_011236,consumer_009181
acct_011237,consumer_009182
acct_011238,consumer_009183
acct_011239,consumer_009184
acct_011240,consumer_009185
acct_011241,consumer_009185
acct_011242,consumer_009186
acct_011243,consumer_009187
acct_011244,consumer_009188
acct_011245,consumer_009189
acct_011246,consumer_009190
acct_011247,consumer_009190
acct_011248,consumer_009190
acct_011249,consumer_009191
acct_011250,consumer_009192
acct_011251,consumer_009193
acct_011252,consumer_009194
acct_011253,consumer_009195
acct_011254,consumer_009196
acct_011255,consumer_009197
acct_011256,consumer_009198
acct_011257,consumer_009199
acct_011258,consumer_009200
acct_011259,consumer_009201
acct_011260,consumer_009202
acct_011261,consumer_009203
acct_011262,consumer_009204
acct_011263,consumer_009204
acct_011264,consumer_009204
acct_011265,consumer_009205
acct_011266,consumer_009205
acct_011267,consumer_009206
acct_011268,consumer_009207
acct_011269,consumer_009207
acct_011270,consumer_009208
acct_011271,consumer_009209
acct_011272,consumer_009210
acct_011273,consumer_009210
acct_011274,consumer_009210
acct_011275,consumer_009211
acct_011276,consumer_009212
acct_011277,consumer_009213
acct_011278,consumer_009214
acct_011279,consumer_009215
acct_011280,consumer_009216
acct_011281,consumer_009217
acct_011282,consumer_009218
acct_011283,consumer_009219
acct_011284,consumer_009220
acct_011285,consumer_009221
acct_011286,consumer_009222
acct_011287,consumer_009223
acct_011288,consumer_009223
acct_011289,consumer_009223
acct_011290,consumer_009224
acct_011291,consumer_009225
acct_011292,consumer_009226
acct_011293,consumer_009227
acct_011294,consumer_009228
acct_011295,consumer_009229
acct_011296,consumer_009230
acct_011297,consumer_009230
acct_011298,consumer_009231
acct_011299,consumer_009231
acct_011300,consumer_009232
acct_011301,consumer_009233
acct_011302,consumer_009234
acct_011303,consumer_009235
acct_011304,consumer_009236
acct_011305,consumer_009237
acct_011306,consumer_009238
acct_011307,consumer_009239
acct_011308,consumer_009240
acct_011309,consumer_009241
acct_011310,consumer_009242
acct_011311,consumer_009243
acct_011312,consumer_009244
acct_011313,consumer_009245
acct_011314,consumer_009246
acct_011315,consumer_009247
acct_011316,consumer_009248
acct_011317,consumer_009249
acct_011318,consumer_009250
acct_011319,consumer_009251
acct_011320,consumer_009252
acct_011321,consumer_009253
acct_011322,consumer_009254
acct_011323,consumer_009255
acct_011324,consumer_009255
acct_011325,consumer_009256
acct_011326,consumer_009257
acct_011327,consumer_009257
acct_011328,consumer_009257
acct_011329,consumer_009258
acct_011330,consumer_009259
acct_011331,consumer_009259
acct_011332,consumer_009260
acct_011333,consumer_009261
acct_011334,consumer_009262
acct_011335,consumer_009263
acct_011336,consumer_009264
acct_011337,consumer_009265
acct_011338,consumer_009266
acct_011339,consumer_009267
acct_011340,consumer_009268
acct_011341,consumer_009269
acct_011342,consumer_009270
acct_011343,consumer_009271
acct_011344,consumer_009272
acct_011345,consumer_009273
acct_011346,consumer_009274
acct_011347,consumer_009275
acct_011348,consumer_009276
acct_011349,consumer_009277
acct_011350,consumer_009278
acct_011351,consumer_009279
acct_011352,consumer_009279
acct_011353,consumer_009280
acct_011354,consumer_009281
acct_011355,consumer_009282
acct_011356,consumer_009283
acct_011357,consumer_009284
acct_011358,consumer_009285
acct_011359,consumer_009286
acct_011360,consumer_009287
acct_011361,consumer_009288
acct_011362,consumer_009289
acct_011363,consumer_009290
acct_011364,consumer_009290
acct_011365,consumer_009291
acct_011366,consumer_009292
acct_011367,consumer_009293
acct_011368,consumer_009293
acct_011369,consumer_009294
acct_011370,consumer_009295
acct_011371,consumer_009296
acct_011372,consumer_009297
acct_011373,consumer_009298
acct_011374,consumer_009299
acct_011375,consumer_009300
acct_011376,consumer_009301
acct_011377,consumer_009302
acct_011378,consumer_009302
acct_011379,consumer_009302
acct_011380,consumer_009303
acct_011381,consumer_009304
acct_011382,consumer_009305
acct_011383,consumer_009306
acct_011384,consumer_009307
acct_011385,consumer_009308
acct_011386,consumer_009309
acct_011387,consumer_009310
acct_011388,consumer_009311
acct_011389,consumer_009312
acct_011390,consumer_009313
acct_011391,consumer_009313
acct_011392,consumer_009313
acct_011393,consumer_009314
acct_011394,consumer_009315
acct_011395,consumer_009316
acct_011396,consumer_009317
acct_011397,consumer_009318
acct_011398,consumer_009318
acct_011399,consumer_009318
acct_011400,consumer_009319
acct_011401,consumer_009320
acct_011402,consumer_009321
acct_011403,consumer_009322
acct_011404,consumer_009323
acct_011405,consumer_009324
acct_011406,consumer_009325
acct_011407,consumer_009326
acct_011408,consumer_009327
acct_011409,consumer_009328
acct_011410,consumer_009329
acct_011411,consumer_009330
acct_011412,consumer_009331
acct_011413,consumer_009331
acct_011414,consumer_009331
acct_011415,consumer_009332
acct_011416,consumer_009333
acct_011417,consumer_009334
acct_011418,consumer_009335
acct_011419,consumer_009336
acct_011420,consumer_009337
acct_011421,consumer_009338
acct_011422,consumer_009339
acct_011423,consumer_009340
acct_011424,consumer_009341
acct_011425,consumer_009342
acct_011426,consumer_009343
acct_011427,consumer_009343
acct_011428,consumer_009343
acct_011429,consumer_009344
acct_011430,consumer_009345
acct_011431,consumer_009346
acct_011432,consumer_009347
acct_011433,consumer_009348
acct_011434,consumer_009349
acct_011435,consumer_009350
acct_011436,consumer_009351
acct_011437,consumer_009352
acct_011438,consumer_009352
acct_011439,consumer_009352
acct_011440,consumer_009353
acct_011441,consumer_009354
acct_011442,consumer_009354
acct_011443,consumer_009354
acct_011444,consumer_009355
acct_011445,consumer_009356
acct_011446,consumer_009357
acct_011447,consumer_009358
acct_011448,consumer_009359
acct_011449,consumer_009360
acct_011450,consumer_009360
acct_011451,consumer_009361
acct_011452,consumer_009361
acct_011453,consumer_009361
acct_011454,consumer_009362
acct_011455,consumer_009363
acct_011456,consumer_009363
acct_011457,consumer_009364
acct_011458,consumer_009365
acct_011459,consumer_009366
acct_011460,consumer_009367
acct_011461,consumer_009368
acct_011462,consumer_009369
acct_011463,consumer_009370
acct_011464,consumer_009371
acct_011465,consumer_009372
acct_011466,consumer_009373
acct_011467,consumer_009374
acct_011468,consumer_009375
acct_011469,consumer_009376
acct_011470,consumer_009377
acct_011471,consumer_009378
acct_011472,consumer_009379
acct_011473,consumer_009380
acct_011474,consumer_009380
acct_011475,consumer_009381
acct_011476,consumer_009382
acct_011477,consumer_009383
acct_011478,consumer_009384
acct_011479,consumer_009384
acct_011480,consumer_009385
acct_011481,consumer_009386
acct_011482,consumer_009386
acct_011483,consumer_009387
acct_011484,consumer_009387
acct_011485,consumer_009388
acct_011486,consumer_009389
acct_011487,consumer_009390
acct_011488,consumer_009391
acct_011489,consumer_009392
acct_011490,consumer_009393
acct_011491,consumer_009393
acct_011492,consumer_009394
acct_011493,consumer_009395
acct_011494,consumer_009396
acct_011495,consumer_009397
acct_011496,consumer_009397
acct_011497,consumer_009397
acct_011498,consumer_009398
acct_011499,consumer_009399
acct_011500,consumer_009400
acct_011501,consumer_009401
acct_011502,consumer_009402
acct_011503,consumer_009403
acct_011504,consumer_009403
acct_011505,consumer_009403
acct_011506,consumer_009404
acct_011507,consumer_009405
acct_011508,consumer_009406
acct_011509,consumer_009407
acct_011510,consumer_009408
acct_011511,consumer_009409
acct_011512,consumer_009410
acct_011513,consumer_009411
acct_011514,consumer_009412
acct_011515,consumer_009413
acct_011516,consumer_009414
acct_011517,consumer_009415
acct_011518,consumer_009416
acct_011519,consumer_009417
acct_011520,consumer_009418
acct_011521,consumer_009419
acct_011522,consumer_009420
acct_011523,consumer_009421
acct_011524,consumer_009422
acct_011525,consumer_009422
acct_011526,consumer_009423
acct_011527,consumer_009424
acct_011528,consumer_009425
acct_011529,consumer_009426
acct_011530,consumer_009427
acct_011531,consumer_009428
acct_011532,consumer_009429
acct_011533,consumer_009429
acct_011534,consumer_009429
acct_011535,consumer_009430
acct_011536,consumer_009431
acct_011537,consumer_009432
acct_011538,consumer_009433
acct_011539,consumer_009434
acct_011540,consumer_009435
acct_011541,consumer_009436
acct_011542,consumer_009436
acct_011543,consumer_009436
acct_011544,consumer_009437
acct_011545,consumer_009438
acct_011546,consumer_009439
acct_011547,consumer_009440
acct_011548,consumer_009441
acct_011549,consumer_009442
acct_011550,consumer_009443
acct_011551,consumer_009444
acct_011552,consumer_009445
acct_011553,consumer_009446
acct_011554,consumer_009447
acct_011555,consumer_009447
acct_011556,consumer_009447
acct_011557,consumer_009448
acct_011558,consumer_009449
acct_011559,consumer_009450
acct_011560,consumer_009451
acct_011561,consumer_009452
acct_011562,consumer_009453
acct_011563,consumer_009453
acct_011564,consumer_009453
acct_011565,consumer_009454
acct_011566,consumer_009455
acct_011567,consumer_009456
acct_011568,consumer_009457
acct_011569,consumer_009458
acct_011570,consumer_009459
acct_011571,consumer_009460
acct_011572,consumer_009461
acct_011573,consumer_009462
acct_011574,consumer_009463
acct_011575,consumer_009464
acct_011576,consumer_009465
acct_011577,consumer_009466
acct_011578,consumer_009467
acct_011579,consumer_009468
acct_011580,consumer_009469
acct_011581,consumer_009470
acct_011582,consumer_009471
acct_011583,consumer_009471
acct_011584,consumer_009472
acct_011585,consumer_009473
acct_011586,consumer_009474
acct_011587,consumer_009475
acct_011588,consumer_009476
acct_011589,consumer_009477
acct_011590,consumer_009478
acct_011591,consumer_009479
acct_011592,consumer_009480
acct_011593,consumer_009480
acct_011594,consumer_009480
acct_011595,consumer_009481
acct_011596,consumer_009482
acct_011597,consumer_009483
acct_011598,consumer_009484
acct_011599,consumer_009485
acct_011600,consumer_009486
acct_011601,consumer_009487
acct_011602,consumer_009488
acct_011603,consumer_009489
acct_011604,consumer_009490
acct_011605,consumer_009490
acct_011606,consumer_009491
acct_011607,consumer_009491
acct_011608,consumer_009491
acct_011609,consumer_009492
acct_011610,consumer_009493
acct_011611,consumer_009494
acct_011612,consumer_009495
acct_011613,consumer_009496
acct_011614,consumer_009497
acct_011615,consumer_009498
acct_011616,consumer_009499
acct_011617,consumer_009500
acct_011618,consumer_009501
acct_011619,consumer_009502
acct_011620,consumer_009503
acct_011621,consumer_009504
acct_011622,consumer_009505
acct_011623,consumer_009506
acct_011624,consumer_009507
acct_011625,consumer_009508
acct_011626,consumer_009509
acct_011627,consumer_009510
acct_011628,consumer_009511
acct_011629,consumer_009512
acct_011630,consumer_009513
acct_011631,consumer_009513
acct_011632,consumer_009513
acct_011633,consumer_009514
acct_011634,consumer_009514
acct_011635,consumer_009515
acct_011636,consumer_009516
acct_011637,consumer_009517
acct_011638,consumer_009517
acct_011639,consumer_009517
acct_011640,consumer_009518
acct_011641,consumer_009519
acct_011642,consumer_009519
acct_011643,consumer_009519
acct_011644,consumer_009520
acct_011645,consumer_009521
acct_011646,consumer_009522
acct_011647,consumer_009523
acct_011648,consumer_009524
acct_011649,consumer_009525
acct_011650,consumer_009526
acct_011651,consumer_009527
acct_011652,consumer_009527
acct_011653,consumer_009528
acct_011654,consumer_009529
acct_011655,consumer_009530
acct_011656,consumer_009531
acct_011657,consumer_009532
acct_011658,consumer_009533
acct_011659,consumer_009534
acct_011660,consumer_009535
acct_011661,consumer_009536
acct_011662,consumer_009537
acct_011663,consumer_009538
acct_011664,consumer_009539
acct_011665,consumer_009540
acct_011666,consumer_009541
acct_011667,consumer_009542
acct_011668,consumer_009543
acct_011669,consumer_009544
acct_011670,consumer_009545
acct_011671,consumer_009546
acct_011672,consumer_009547
acct_011673,consumer_009548
acct_011674,consumer_009548
acct_011675,consumer_009548
acct_011676,consumer_009549
acct_011677,consumer_009550
acct_011678,consumer_009551
acct_011679,consumer_009552
acct_011680,consumer_009553
acct_011681,consumer_009554
acct_011682,consumer_009555
acct_011683,consumer_009555
acct_011684,consumer_009555
acct_011685,consumer_009556
acct_011686,consumer_009557
acct_011687,consumer_009558
acct_011688,consumer_009559
acct_011689,consumer_009560
acct_011690,consumer_009561
acct_011691,consumer_009562
acct_011692,consumer_009563
acct_011693,consumer_009564
acct_011694,consumer_009565
acct_011695,consumer_009565
acct_011696,consumer_009565
acct_011697,consumer_009566
acct_011698,consumer_009567
acct_011699,consumer_009568
acct_011700,consumer_009569
acct_011701,consumer_009570
acct_011702,consumer_009571
acct_011703,consumer_009572
acct_011704,consumer_009573
acct_011705,consumer_009574
acct_011706,consumer_009575
acct_011707,consumer_009576
acct_011708,consumer_009577
acct_011709,consumer_009577
acct_011710,consumer_009578
acct_011711,consumer_009579
acct_011712,consumer_009580
acct_011713,consumer_009581
acct_011714,consumer_009582
acct_011715,consumer_009582
acct_011716,consumer_009583
acct_011717,consumer_009584
acct_011718,consumer_009585
acct_011719,consumer_009586
acct_011720,consumer_009587
acct_011721,consumer_009588
acct_011722,consumer_009588
acct_011723,consumer_009589
acct_011724,consumer_009590
acct_011725,consumer_009591
acct_011726,consumer_009592
acct_011727,consumer_009593
acct_011728,consumer_009594
acct_011729,consumer_009595
acct_011730,consumer_009596
acct_011731,consumer_009597
acct_011732,consumer_009598
acct_011733,consumer_009599
acct_011734,consumer_009600
acct_011735,consumer_009601
acct_011736,consumer_009602
acct_011737,consumer_009603
acct_011738,consumer_009604
acct_011739,consumer_009605
acct_011740,consumer_009606
acct_011741,consumer_009607
acct_011742,consumer_009608
acct_011743,consumer_009609
acct_011744,consumer_009610
acct_011745,consumer_009611
acct_011746,consumer_009612
acct_011747,consumer_009613
acct_011748,consumer_009613
acct_011749,consumer_009614
acct_011750,consumer_009615
acct_011751,consumer_009616
acct_011752,consumer_009617
acct_011753,consumer_009618
acct_011754,consumer_009619
acct_011755,consumer_009619
acct_011756,consumer_009620
acct_011757,consumer_009621
acct_011758,consumer_009622
acct_011759,consumer_009622
acct_011760,consumer_009622
acct_011761,consumer_009623
acct_011762,consumer_009623
acct_011763,consumer_009624
acct_011764,consumer_009625
acct_011765,consumer_009626
acct_011766,consumer_009627
acct_011767,consumer_009627
acct_011768,consumer_009628
acct_011769,consumer_009628
acct_011770,consumer_009629
acct_011771,consumer_009630
acct_011772,consumer_009631
acct_011773,consumer_009631
acct_011774,consumer_009631
acct_011775,consumer_009632
acct_011776,consumer_009633
acct_011777,consumer_009633
acct_011778,consumer_009634
acct_011779,consumer_009635
acct_011780,consumer_009636
acct_011781,consumer_009637
acct_011782,consumer_009638
acct_011783,consumer_009639
acct_011784,consumer_009640
acct_011785,consumer_009641
acct_011786,consumer_009642
acct_011787,consumer_009643
acct_011788,consumer_009644
acct_011789,consumer_009645
acct_011790,consumer_009645
acct_011791,consumer_009646
acct_011792,consumer_009647
acct_011793,consumer_009648
acct_011794,consumer_009648
acct_011795,consumer_009648
acct_011796,consumer_009649
acct_011797,consumer_009650
acct_011798,consumer_009651
acct_011799,consumer_009652
acct_011800,consumer_009652
acct_011801,consumer_009652
acct_011802,consumer_009653
acct_011803,consumer_009654
acct_011804,consumer_009655
acct_011805,consumer_009655
acct_011806,consumer_009656
acct_011807,consumer_009657
acct_011808,consumer_009658
acct_011809,consumer_009659
acct_011810,consumer_009659
acct_011811,consumer_009659
acct_011812,consumer_009660
acct_011813,consumer_009661
acct_011814,consumer_009662
acct_011815,consumer_009663
acct_011816,consumer_009663
acct_011817,consumer_009663
acct_011818,consumer_009664
acct_011819,consumer_009665
acct_011820,consumer_009666
acct_011821,consumer_009667
acct_011822,consumer_009668
acct_011823,consumer_009668
acct_011824,consumer_009669
acct_011825,consumer_009669
acct_011826,consumer_009669
acct_011827,consumer_009670
acct_011828,consumer_009671
acct_011829,consumer_009671
acct_011830,consumer_009672
acct_011831,consumer_009673
acct_011832,consumer_009674
acct_011833,consumer_009675
acct_011834,consumer_009676
acct_011835,consumer_009677
acct_011836,consumer_009678
acct_011837,consumer_009679
acct_011838,consumer_009680
acct_011839,consumer_009681
acct_011840,consumer_009681
acct_011841,consumer_009681
acct_011842,consumer_009682
acct_011843,consumer_009683
acct_011844,consumer_009684
acct_011845,consumer_009685
acct_011846,consumer_009686
acct_011847,consumer_009686
acct_011848,consumer_009687
acct_011849,consumer_009688
acct_011850,consumer_009689
acct_011851,consumer_009690
acct_011852,consumer_009690
acct_011853,consumer_009691
acct_011854,consumer_009692
acct_011855,consumer_009693
acct_011856,consumer_009694
acct_011857,consumer_009695
acct_011858,consumer_009696
acct_011859,consumer_009697
acct_011860,consumer_009698
acct_011861,consumer_009699
acct_011862,consumer_009700
acct_011863,consumer_009701
acct_011864,consumer_009702
acct_011865,consumer_009703
acct_011866,consumer_009704
acct_011867,consumer_009705
acct_011868,consumer_009706
acct_011869,consumer_009707
acct_011870,consumer_009708
acct_011871,consumer_009709
acct_011872,consumer_009710
acct_011873,consumer_009711
acct_011874,consumer_009712
acct_011875,consumer_009713
acct_011876,consumer_009714
acct_011877,consumer_009714
acct_011878,consumer_009714
acct_011879,consumer_009715
acct_011880,consumer_009715
acct_011881,consumer_009715
acct_011882,consumer_009716
acct_011883,consumer_009717
acct_011884,consumer_009718
acct_011885,consumer_009719
acct_011886,consumer_009720
acct_011887,consumer_009721
acct_011888,consumer_009721
acct_011889,consumer_009722
acct_011890,consumer_009723
acct_011891,consumer_009724
acct_011892,consumer_009724
acct_011893,consumer_009725
acct_011894,consumer_009726
acct_011895,consumer_009727
acct_011896,consumer_009727
acct_011897,consumer_009728
acct_011898,consumer_009729
acct_011899,consumer_009730
acct_011900,consumer_009731
acct_011901,consumer_009732
acct_011902,consumer_009733
acct_011903,consumer_009734
acct_011904,consumer_009735
acct_011905,consumer_009736
acct_011906,consumer_009737
acct_011907,consumer_009738
acct_011908,consumer_009739
acct_011909,consumer_009740
acct_011910,consumer_009741
acct_011911,consumer_009742
acct_011912,consumer_009743
acct_011913,consumer_009744
acct_011914,consumer_009745
acct_011915,consumer_009745
acct_011916,consumer_009745
acct_011917,consumer_009746
acct_011918,consumer_009747
acct_011919,consumer_009748
acct_011920,consumer_009749
acct_011921,consumer_009750
acct_011922,consumer_009751
acct_011923,consumer_009751
acct_011924,consumer_009752
acct_011925,consumer_009753
acct_011926,consumer_009754
acct_011927,consumer_009755
acct_011928,consumer_009756
acct_011929,consumer_009756
acct_011930,consumer_009757
acct_011931,consumer_009758
acct_011932,consumer_009759
acct_011933,consumer_009760
acct_011934,consumer_009761
acct_011935,consumer_009762
acct_011936,consumer_009763
acct_011937,consumer_009764
acct_011938,consumer_009765
acct_011939,consumer_009766
acct_011940,consumer_009767
acct_011941,consumer_009768
acct_011942,consumer_009769
acct_011943,consumer_009770
acct_011944,consumer_009771
acct_011945,consumer_009772
acct_011946,consumer_009773
acct_011947,consumer_009774
acct_011948,consumer_009775
acct_011949,consumer_009775
acct_011950,consumer_009775
acct_011951,consumer_009776
acct_011952,consumer_009776
acct_011953,consumer_009777
acct_011954,consumer_009778
acct_011955,consumer_009779
acct_011956,consumer_009780
acct_011957,consumer_009781
acct_011958,consumer_009782
acct_011959,consumer_009783
acct_011960,consumer_009784
acct_011961,consumer_009785
acct_011962,consumer_009786
acct_011963,consumer_009787
acct_011964,consumer_009788
acct_011965,consumer_009788
acct_011966,consumer_009789
acct_011967,consumer_009790
acct_011968,consumer_009790
acct_011969,consumer_009791
acct_011970,consumer_009792
acct_011971,consumer_009793
acct_011972,consumer_009794
acct_011973,consumer_009795
acct_011974,consumer_009796
acct_011975,consumer_009797
acct_011976,consumer_009797
acct_011977,consumer_009798
acct_011978,consumer_009799
acct_011979,consumer_009799
acct_011980,consumer_009800
acct_011981,consumer_009801
acct_011982,consumer_009802
acct_011983,consumer_009803
acct_011984,consumer_009804
acct_011985,consumer_009805
acct_011986,consumer_009806
acct_011987,consumer_009807
acct_011988,consumer_009808
acct_011989,consumer_009809
acct_011990,consumer_009810
acct_011991,consumer_009811
acct_011992,consumer_009812
acct_011993,consumer_009813
acct_011994,consumer_009813
acct_011995,consumer_009814
acct_011996,consumer_009815
acct_011997,consumer_009816
acct_011998,consumer_009817
acct_011999,consumer_009818
acct_012000,consumer_009819
acct_012001,consumer_009820
acct_012002,consumer_009821
acct_012003,consumer_009822
acct_012004,consumer_009822
acct_012005,consumer_009822
acct_012006,consumer_009823
acct_012007,consumer_009823
acct_012008,consumer_009823
acct_012009,consumer_009824
acct_012010,consumer_009825
acct_012011,consumer_009825
acct_012012,consumer_009825
acct_012013,consumer_009826
acct_012014,consumer_009827
acct_012015,consumer_009827
acct_012016,consumer_009827
acct_012017,consumer_009828
acct_012018,consumer_009828
acct_012019,consumer_009828
acct_012020,consumer_009829
acct_012021,consumer_009830
acct_012022,consumer_009831
acct_012023,consumer_009832
acct_012024,consumer_009833
acct_012025,consumer_009834
acct_012026,consumer_009835
acct_012027,consumer_009836
acct_012028,consumer_009837
acct_012029,consumer_009838
acct_012030,consumer_009839
acct_012031,consumer_009840
acct_012032,consumer_009841
acct_012033,consumer_009842
acct_012034,consumer_009843
acct_012035,consumer_009843
acct_012036,consumer_009844
acct_012037,consumer_009845
acct_012038,consumer_009846
acct_012039,consumer_009847
acct_012040,consumer_009848
acct_012041,consumer_009849
acct_012042,consumer_009850
acct_012043,consumer_009851
acct_012044,consumer_009851
acct_012045,consumer_009852
acct_012046,consumer_009852
acct_012047,consumer_009853
acct_012048,consumer_009854
acct_012049,consumer_009855
acct_012050,consumer_009856
acct_012051,consumer_009857
acct_012052,consumer_009858
acct_012053,consumer_009859
acct_012054,consumer_009860
acct_012055,consumer_009861
acct_012056,consumer_009862
acct_012057,consumer_009863
acct_012058,consumer_009864
acct_012059,consumer_009865
acct_012060,consumer_009866
acct_012061,consumer_009867
acct_012062,consumer_009868
acct_012063,consumer_009869
acct_012064,consumer_009870
acct_012065,consumer_009871
acct_012066,consumer_009871
acct_012067,consumer_009871
acct_012068,consumer_009872
acct_012069,consumer_009872
acct_012070,consumer_009873
acct_012071,consumer_009874
acct_012072,consumer_009874
acct_012073,consumer_009875
acct_012074,consumer_009876
acct_012075,consumer_009877
acct_012076,consumer_009878
acct_012077,consumer_009879
acct_012078,consumer_009879
acct_012079,consumer_009879
acct_012080,consumer_009880
acct_012081,consumer_009881
acct_012082,consumer_009882
acct_012083,consumer_009883
acct_012084,consumer_009883
acct_012085,consumer_009883
acct_012086,consumer_009884
acct_012087,consumer_009885
acct_012088,consumer_009886
acct_012089,consumer_009887
acct_012090,consumer_009888
acct_012091,consumer_009889
acct_012092,consumer_009890
acct_012093,consumer_009891
acct_012094,consumer_009892
acct_012095,consumer_009893
acct_012096,consumer_009894
acct_012097,consumer_009894
acct_012098,consumer_009894
acct_012099,consumer_009895
acct_012100,consumer_009896
acct_012101,consumer_009897
acct_012102,consumer_009897
acct_012103,consumer_009898
acct_012104,consumer_009899
acct_012105,consumer_009900
acct_012106,consumer_009901
acct_012107,consumer_009902
acct_012108,consumer_009903
acct_012109,consumer_009904
acct_012110,consumer_009905
acct_012111,consumer_009905
acct_012112,consumer_009905
acct_012113,consumer_009906
acct_012114,consumer_009907
acct_012115,consumer_009908
acct_012116,consumer_009909
acct_012117,consumer_009910
acct_012118,consumer_009910
acct_012119,consumer_009910
acct_012120,consumer_009911
acct_012121,consumer_009912
acct_012122,consumer_009913
acct_012123,consumer_009914
acct_012124,consumer_009915
acct_012125,consumer_009916
acct_012126,consumer_009917
acct_012127,consumer_009917
acct_012128,consumer_009918
acct_012129,consumer_009919
acct_012130,consumer_009920
acct_012131,consumer_009920
acct_012132,consumer_009920
acct_012133,consumer_009921
acct_012134,consumer_009922
acct_012135,consumer_009923
acct_012136,consumer_009924
acct_012137,consumer_009925
acct_012138,consumer_009926
acct_012139,consumer_009927
acct_012140,consumer_009927
acct_012141,consumer_009928
acct_012142,consumer_009928
acct_012143,consumer_009928
acct_012144,consumer_009929
acct_012145,consumer_009930
acct_012146,consumer_009931
acct_012147,consumer_009932
acct_012148,consumer_009933
acct_012149,consumer_009933
acct_012150,consumer_009934
acct_012151,consumer_009935
acct_012152,consumer_009936
acct_012153,consumer_009937
acct_012154,consumer_009938
acct_012155,consumer_009938
acct_012156,consumer_009938
acct_012157,consumer_009939
acct_012158,consumer_009940
acct_012159,consumer_009941
acct_012160,consumer_009941
acct_012161,consumer_009942
acct_012162,consumer_009943
acct_012163,consumer_009944
acct_012164,consumer_009945
acct_012165,consumer_009946
acct_012166,consumer_009947
acct_012167,consumer_009948
acct_012168,consumer_009949
acct_012169,consumer_009950
acct_012170,consumer_009950
acct_012171,consumer_009950
acct_012172,consumer_009951
acct_012173,consumer_009952
acct_012174,consumer_009953
acct_012175,consumer_009954
acct_012176,consumer_009955
acct_012177,consumer_009956
acct_012178,consumer_009957
acct_012179,consumer_009958
acct_012180,consumer_009959
acct_012181,consumer_009960
acct_012182,consumer_009960
acct_012183,consumer_009960
acct_012184,consumer_009961
acct_012185,consumer_009962
acct_012186,consumer_009963
acct_012187,consumer_009964
acct_012188,consumer_009965
acct_012189,consumer_009966
acct_012190,consumer_009967
acct_012191,consumer_009968
acct_012192,consumer_009969
acct_012193,consumer_009970
acct_012194,consumer_009971
acct_012195,consumer_009972
acct_012196,consumer_009973
acct_012197,consumer_009973
acct_012198,consumer_009974
acct_012199,consumer_009974
acct_012200,consumer_009974
acct_012201,consumer_009975
acct_012202,consumer_009976
acct_012203,consumer_009977
acct_012204,consumer_009978
acct_012205,consumer_009979
acct_012206,consumer_009980
acct_012207,consumer_009981
acct_012208,consumer_009982
acct_012209,consumer_009983
acct_012210,consumer_009984
acct_012211,consumer_009985
acct_012212,consumer_009986
acct_012213,consumer_009987
acct_012214,consumer_009987
acct_012215,consumer_009987
acct_012216,consumer_009988
acct_012217,consumer_009988
acct_012218,consumer_009989
acct_012219,consumer_009990
acct_012220,consumer_009991
acct_012221,consumer_009992
acct_012222,consumer_009992
acct_012223,consumer_009993
acct_012224,consumer_009994
acct_012225,consumer_009995
acct_012226,consumer_009995
acct_012227,consumer_009995
acct_012228,consumer_009996
acct_012229,consumer_009997
acct_012230,consumer_009997
acct_012231,consumer_009997
acct_012232,consumer_009998
acct_012233,consumer_009998
acct_012234,consumer_009998
acct_012235,consumer_009999
acct_012236,consumer_010000
acct_012237,consumer_010001
acct_012238,consumer_010002
acct_012239,consumer_010002
acct_012240,consumer_010003
acct_012241,consumer_010004
acct_012242,consumer_010005
acct_012243,consumer_010005
acct_012244,consumer_010006
acct_012245,consumer_010006
acct_012246,consumer_010006
acct_012247,consumer_010007
acct_012248,consumer_010008
acct_012249,consumer_010009
acct_012250,consumer_010010
acct_012251,consumer_010011
acct_012252,consumer_010012
acct_012253,consumer_010013
acct_012254,consumer_010014
acct_012255,consumer_010015
acct_012256,consumer_010016
acct_012257,consumer_010017
acct_012258,consumer_010018
acct_012259,consumer_010019
acct_012260,consumer_010020
acct_012261,consumer_010021
acct_012262,consumer_010021
acct_012263,consumer_010021
acct_012264,consumer_010022
acct_012265,consumer_010023
acct_012266,consumer_010024
acct_012267,consumer_010024
acct_012268,consumer_010024
acct_012269,consumer_010025
acct_012270,consumer_010026
acct_012271,consumer_010027
acct_012272,consumer_010027
acct_012273,consumer_010028
acct_012274,consumer_010029
acct_012275,consumer_010030
acct_012276,consumer_010030
acct_012277,consumer_010031
acct_012278,consumer_010032
acct_012279,consumer_010033
acct_012280,consumer_010034
acct_012281,consumer_010035
acct_012282,consumer_010036
acct_012283,consumer_010037
acct_012284,consumer_010037
acct_012285,consumer_010037
acct_012286,consumer_010038
acct_012287,consumer_010039
acct_012288,consumer_010040
acct_012289,consumer_010041
acct_012290,consumer_010042
acct_012291,consumer_010043
acct_012292,consumer_010044
acct_012293,consumer_010044
acct_012294,consumer_010045
acct_012295,consumer_010046
acct_012296,consumer_010047
acct_012297,consumer_010048
acct_012298,consumer_010049
acct_012299,consumer_010050
acct_012300,consumer_010051
acct_012301,consumer_010051
acct_012302,consumer_010052
acct_012303,consumer_010053
acct_012304,consumer_010054
acct_012305,consumer_010055
acct_012306,consumer_010055
acct_012307,consumer_010055
acct_012308,consumer_010056
acct_012309,consumer_010056
acct_012310,consumer_010057
acct_012311,consumer_010058
acct_012312,consumer_010059
acct_012313,consumer_010059
acct_012314,consumer_010059
acct_012315,consumer_010060
acct_012316,consumer_010061
acct_012317,consumer_010061
acct_012318,consumer_010062
acct_012319,consumer_010063
acct_012320,consumer_010064
acct_012321,consumer_010065
acct_012322,consumer_010065
acct_012323,consumer_010065
acct_012324,consumer_010066
acct_012325,consumer_010067
acct_012326,consumer_010068
acct_012327,consumer_010069
acct_012328,consumer_010070
acct_012329,consumer_010071
acct_012330,consumer_010072
acct_012331,consumer_010072
acct_012332,consumer_010072
acct_012333,consumer_010073
acct_012334,consumer_010074
acct_012335,consumer_010075
acct_012336,consumer_010076
acct_012337,consumer_010077
acct_012338,consumer_010078
acct_012339,consumer_010079
acct_012340,consumer_010080
acct_012341,consumer_010081
acct_012342,consumer_010082
acct_012343,consumer_010082
acct_012344,consumer_010083
acct_012345,consumer_010084
acct_012346,consumer_010085
acct_012347,consumer_010086
acct_012348,consumer_010087
acct_012349,consumer_010088
acct_012350,consumer_010089
acct_012351,consumer_010090
acct_012352,consumer_010091
acct_012353,consumer_010092
acct_012354,consumer_010093
acct_012355,consumer_010094
acct_012356,consumer_010095
acct_012357,consumer_010095
acct_012358,consumer_010095
acct_012359,consumer_010096
acct_012360,consumer_010097
acct_012361,consumer_010098
acct_012362,consumer_010099
acct_012363,consumer_010100
acct_012364,consumer_010101
acct_012365,consumer_010102
acct_012366,consumer_010103
acct_012367,consumer_010104
acct_012368,consumer_010105
acct_012369,consumer_010106
acct_012370,consumer_010107
acct_012371,consumer_010108
acct_012372,consumer_010109
acct_012373,consumer_010110
acct_012374,consumer_010111
acct_012375,consumer_010112
acct_012376,consumer_010113
acct_012377,consumer_010114
acct_012378,consumer_010114
acct_012379,consumer_010115
acct_012380,consumer_010115
acct_012381,consumer_010116
acct_012382,consumer_010117
acct_012383,consumer_010118
acct_012384,consumer_010119
acct_012385,consumer_010119
acct_012386,consumer_010120
acct_012387,consumer_010121
acct_012388,consumer_010122
acct_012389,consumer_010123
acct_012390,consumer_010123
acct_012391,consumer_010123
acct_012392,consumer_010124
acct_012393,consumer_010124
acct_012394,consumer_010125
acct_012395,consumer_010126
acct_012396,consumer_010127
acct_012397,consumer_010128
acct_012398,consumer_010129
acct_012399,consumer_010130
acct_012400,consumer_010130
acct_012401,consumer_010131
acct_012402,consumer_010132
acct_012403,consumer_010133
acct_012404,consumer_010133
acct_012405,consumer_010134
acct_012406,consumer_010135
acct_012407,consumer_010136
acct_012408,consumer_010137
acct_012409,consumer_010138
acct_012410,consumer_010138
acct_012411,consumer_010139
acct_012412,consumer_010140
acct_012413,consumer_010141
acct_012414,consumer_010142
acct_012415,consumer_010143
acct_012416,consumer_010144
acct_012417,consumer_010145
acct_012418,consumer_010145
acct_012419,consumer_010145
acct_012420,consumer_010146
acct_012421,consumer_010147
acct_012422,consumer_010148
acct_012423,consumer_010149
acct_012424,consumer_010150
acct_012425,consumer_010151
acct_012426,consumer_010152
acct_012427,consumer_010153
acct_012428,consumer_010154
acct_012429,consumer_010154
acct_012430,consumer_010155
acct_012431,consumer_010156
acct_012432,consumer_010157
acct_012433,consumer_010158
acct_012434,consumer_010159
acct_012435,consumer_010160
acct_012436,consumer_010161
acct_012437,consumer_010162
acct_012438,consumer_010162
acct_012439,consumer_010162
acct_012440,consumer_010163
acct_012441,consumer_010164
acct_012442,consumer_010164
acct_012443,consumer_010165
acct_012444,consumer_010166
acct_012445,consumer_010167
acct_012446,consumer_010168
acct_012447,consumer_010168
acct_012448,consumer_010168
acct_012449,consumer_010169
acct_012450,consumer_010170
acct_012451,consumer_010171
acct_012452,consumer_010172
acct_012453,consumer_010173
acct_012454,consumer_010174
acct_012455,consumer_010175
acct_012456,consumer_010176
acct_012457,consumer_010177
acct_012458,consumer_010178
acct_012459,consumer_010179
acct_012460,consumer_010180
acct_012461,consumer_010181
acct_012462,consumer_010182
acct_012463,consumer_010183
acct_012464,consumer_010184
acct_012465,consumer_010185
acct_012466,consumer_010186
acct_012467,consumer_010187
acct_012468,consumer_010188
acct_012469,consumer_010189
acct_012470,consumer_010190
acct_012471,consumer_010191
acct_012472,consumer_010191
acct_012473,consumer_010192
acct_012474,consumer_010193
acct_012475,consumer_010194
acct_012476,consumer_010195
acct_012477,consumer_010196
acct_012478,consumer_010197
acct_012479,consumer_010198
acct_012480,consumer_010198
acct_012481,consumer_010199
acct_012482,consumer_010200
acct_012483,consumer_010201
acct_012484,consumer_010202
acct_012485,consumer_010203
acct_012486,consumer_010204
acct_012487,consumer_010205
acct_012488,consumer_010206
acct_012489,consumer_010207
acct_012490,consumer_010208
acct_012491,consumer_010209
acct_012492,consumer_010210
acct_012493,consumer_010211
acct_012494,consumer_010212
acct_012495,consumer_010213
acct_012496,consumer_010214
acct_012497,consumer_010215
acct_012498,consumer_010216
acct_012499,consumer_010217
acct_012500,consumer_010218
acct_012501,consumer_010218
acct_012502,consumer_010219
acct_012503,consumer_010219
acct_012504,consumer_010220
acct_012505,consumer_010220
acct_012506,consumer_010220
acct_012507,consumer_010221
acct_012508,consumer_010221
acct_012509,consumer_010221
acct_012510,consumer_010222
acct_012511,consumer_010223
acct_012512,consumer_010224
acct_012513,consumer_010225
acct_012514,consumer_010226
acct_012515,consumer_010227
acct_012516,consumer_010228
acct_012517,consumer_010229
acct_012518,consumer_010229
acct_012519,consumer_010229
acct_012520,consumer_010230
acct_012521,consumer_010231
acct_012522,consumer_010232
acct_012523,consumer_010232
acct_012524,consumer_010232
acct_012525,consumer_010233
acct_012526,consumer_010234
acct_012527,consumer_010234
acct_012528,consumer_010234
acct_012529,consumer_010235
acct_012530,consumer_010236
acct_012531,consumer_010237
acct_012532,consumer_010238
acct_012533,consumer_010239
acct_012534,consumer_010240
acct_012535,consumer_010241
acct_012536,consumer_010242
acct_012537,consumer_010243
acct_012538,consumer_010244
acct_012539,consumer_010245
acct_012540,consumer_010246
acct_012541,consumer_010247
acct_012542,consumer_010248
acct_012543,consumer_010249
acct_012544,consumer_010250
acct_012545,consumer_010251
acct_012546,consumer_010252
acct_012547,consumer_010253
acct_012548,consumer_010254
acct_012549,consumer_010255
acct_012550,consumer_010256
acct_012551,consumer_010257
acct_012552,consumer_010257
acct_012553,consumer_010257
acct_012554,consumer_010258
acct_012555,consumer_010259
acct_012556,consumer_010260
acct_012557,consumer_010260
acct_012558,consumer_010260
acct_012559,consumer_010261
acct_012560,consumer_010262
acct_012561,consumer_010263
acct_012562,consumer_010264
acct_012563,consumer_010264
acct_012564,consumer_010265
acct_012565,consumer_010266
acct_012566,consumer_010267
acct_012567,consumer_010268
acct_012568,consumer_010268
acct_012569,consumer_010268
acct_012570,consumer_010269
acct_012571,consumer_010270
acct_012572,consumer_010271
acct_012573,consumer_010272
acct_012574,consumer_010273
acct_012575,consumer_010274
acct_012576,consumer_010275
acct_012577,consumer_010276
acct_012578,consumer_010277
acct_012579,consumer_010278
acct_012580,consumer_010279
acct_012581,consumer_010280
acct_012582,consumer_010281
acct_012583,consumer_010282
acct_012584,consumer_010283
acct_012585,consumer_010283
acct_012586,consumer_010284
acct_012587,consumer_010285
acct_012588,consumer_010286
acct_012589,consumer_010287
acct_012590,consumer_010288
acct_012591,consumer_010288
acct_012592,consumer_010288
acct_012593,consumer_010289
acct_012594,consumer_010289
acct_012595,consumer_010289
acct_012596,consumer_010290
acct_012597,consumer_010291
acct_012598,consumer_010291
acct_012599,consumer_010292
acct_012600,consumer_010293
acct_012601,consumer_010294
acct_012602,consumer_010295
acct_012603,consumer_010296
acct_012604,consumer_010297
acct_012605,consumer_010298
acct_012606,consumer_010299
acct_012607,consumer_010300
acct_012608,consumer_010300
acct_012609,consumer_010301
acct_012610,consumer_010302
acct_012611,consumer_010303
acct_012612,consumer_010304
acct_012613,consumer_010305
acct_012614,consumer_010306
acct_012615,consumer_010307
acct_012616,consumer_010308
acct_012617,consumer_010309
acct_012618,consumer_010310
acct_012619,consumer_010311
acct_012620,consumer_010312
acct_012621,consumer_010313
acct_012622,consumer_010314
acct_012623,consumer_010315
acct_012624,consumer_010315
acct_012625,consumer_010316
acct_012626,consumer_010317
acct_012627,consumer_010318
acct_012628,consumer_010319
acct_012629,consumer_010320
acct_012630,consumer_010321
acct_012631,consumer_010321
acct_012632,consumer_010322
acct_012633,consumer_010323
acct_012634,consumer_010324
acct_012635,consumer_010325
acct_012636,consumer_010325
acct_012637,consumer_010325
acct_012638,consumer_010326
acct_012639,consumer_010327
acct_012640,consumer_010328
acct_012641,consumer_010329
acct_012642,consumer_010330
acct_012643,consumer_010331
acct_012644,consumer_010332
acct_012645,consumer_010333
acct_012646,consumer_010333
acct_012647,consumer_010333
acct_012648,consumer_010334
acct_012649,consumer_010335
acct_012650,consumer_010335
acct_012651,consumer_010335
acct_012652,consumer_010336
acct_012653,consumer_010337
acct_012654,consumer_010338
acct_012655,consumer_010339
acct_012656,consumer_010340
acct_012657,consumer_010341
acct_012658,consumer_010341
acct_012659,consumer_010341
acct_012660,consumer_010342
acct_012661,consumer_010342
acct_012662,consumer_010342
acct_012663,consumer_010343
acct_012664,consumer_010344
acct_012665,consumer_010345
acct_012666,consumer_010346
acct_012667,consumer_010347
acct_012668,consumer_010348
acct_012669,consumer_010348
acct_012670,consumer_010349
acct_012671,consumer_010349
acct_012672,consumer_010350
acct_012673,consumer_010351
acct_012674,consumer_010352
acct_012675,consumer_010352
acct_012676,consumer_010352
acct_012677,consumer_010353
acct_012678,consumer_010353
acct_012679,consumer_010353
acct_012680,consumer_010354
acct_012681,consumer_010355
acct_012682,consumer_010356
acct_012683,consumer_010357
acct_012684,consumer_010358
acct_012685,consumer_010359
acct_012686,consumer_010360
acct_012687,consumer_010361
acct_012688,consumer_010362
acct_012689,consumer_010363
acct_012690,consumer_010364
acct_012691,consumer_010365
acct_012692,consumer_010365
acct_012693,consumer_010365
acct_012694,consumer_010366
acct_012695,consumer_010366
acct_012696,consumer_010366
acct_012697,consumer_010367
acct_012698,consumer_010368
acct_012699,consumer_010369
acct_012700,consumer_010370
acct_012701,consumer_010371
acct_012702,consumer_010372
acct_012703,consumer_010373
acct_012704,consumer_010373
acct_012705,consumer_010373
acct_012706,consumer_010374
acct_012707,consumer_010375
acct_012708,consumer_010376
acct_012709,consumer_010377
acct_012710,consumer_010378
acct_012711,consumer_010379
acct_012712,consumer_010380
acct_012713,consumer_010381
acct_012714,consumer_010382
acct_012715,consumer_010383
acct_012716,consumer_010384
acct_012717,consumer_010385
acct_012718,consumer_010386
acct_012719,consumer_010387
acct_012720,consumer_010388
acct_012721,consumer_010389
acct_012722,consumer_010390
acct_012723,consumer_010391
acct_012724,consumer_010392
acct_012725,consumer_010393
acct_012726,consumer_010394
acct_012727,consumer_010394
acct_012728,consumer_010395
acct_012729,consumer_010396
acct_012730,consumer_010397
acct_012731,consumer_010398
acct_012732,consumer_010399
acct_012733,consumer_010400
acct_012734,consumer_010401
acct_012735,consumer_010402
acct_012736,consumer_010403
acct_012737,consumer_010404
acct_012738,consumer_010405
acct_012739,consumer_010405
acct_012740,consumer_010406
acct_012741,consumer_010407
acct_012742,consumer_010408
acct_012743,consumer_010408
acct_012744,consumer_010408
acct_012745,consumer_010409
acct_012746,consumer_010410
acct_012747,consumer_010411
acct_012748,consumer_010412
acct_012749,consumer_010413
acct_012750,consumer_010414
acct_012751,consumer_010414
acct_012752,consumer_010414
acct_012753,consumer_010415
acct_012754,consumer_010416
acct_012755,consumer_010417
acct_012756,consumer_010418
acct_012757,consumer_010419
acct_012758,consumer_010420
acct_012759,consumer_010420
acct_012760,consumer_010421
acct_012761,consumer_010422
acct_012762,consumer_010423
acct_012763,consumer_010423
acct_012764,consumer_010423
acct_012765,consumer_010424
acct_012766,consumer_010425
acct_012767,consumer_010426
acct_012768,consumer_010427
acct_012769,consumer_010427
acct_012770,consumer_010428
acct_012771,consumer_010428
acct_012772,consumer_010429
acct_012773,consumer_010429
acct_012774,consumer_010430
acct_012775,consumer_010431
acct_012776,consumer_010432
acct_012777,consumer_010433
acct_012778,consumer_010434
acct_012779,consumer_010435
acct_012780,consumer_010436
acct_012781,consumer_010437
acct_012782,consumer_010438
acct_012783,consumer_010438
acct_012784,consumer_010439
acct_012785,consumer_010440
acct_012786,consumer_010441
acct_012787,consumer_010442
acct_012788,consumer_010443
acct_012789,consumer_010444
acct_012790,consumer_010445
acct_012791,consumer_010446
acct_012792,consumer_010447
acct_012793,consumer_010448
acct_012794,consumer_010449
acct_012795,consumer_010450
acct_012796,consumer_010450
acct_012797,consumer_010451
acct_012798,consumer_010451
acct_012799,consumer_010452
acct_012800,consumer_010452
acct_012801,consumer_010452
acct_012802,consumer_010453
acct_012803,consumer_010454
acct_012804,consumer_010455
acct_012805,consumer_010456
acct_012806,consumer_010457
acct_012807,consumer_010457
acct_012808,consumer_010457
acct_012809,consumer_010458
acct_012810,consumer_010459
acct_012811,consumer_010459
acct_012812,consumer_010459
acct_012813,consumer_010460
acct_012814,consumer_010460
acct_012815,consumer_010460
acct_012816,consumer_010461
acct_012817,consumer_010461
acct_012818,consumer_010462
acct_012819,consumer_010463
acct_012820,consumer_010463
acct_012821,consumer_010464
acct_012822,consumer_010465
acct_012823,consumer_010465
acct_012824,consumer_010466
acct_012825,consumer_010467
acct_012826,consumer_010468
acct_012827,consumer_010469
acct_012828,consumer_010469
acct_012829,consumer_010469
acct_012830,consumer_010470
acct_012831,consumer_010471
acct_012832,consumer_010472
acct_012833,consumer_010473
acct_012834,consumer_010474
acct_012835,consumer_010475
acct_012836,consumer_010476
acct_012837,consumer_010477
acct_012838,consumer_010477
acct_012839,consumer_010478
acct_012840,consumer_010479
acct_012841,consumer_010480
acct_012842,consumer_010481
acct_012843,consumer_010481
acct_012844,consumer_010481
acct_012845,consumer_010482
acct_012846,consumer_010483
acct_012847,consumer_010484
acct_012848,consumer_010485
acct_012849,consumer_010486
acct_012850,consumer_010487
acct_012851,consumer_010488
acct_012852,consumer_010488
acct_012853,consumer_010488
acct_012854,consumer_010489
acct_012855,consumer_010490
acct_012856,consumer_010491
acct_012857,consumer_010491
acct_012858,consumer_010491
acct_012859,consumer_010492
acct_012860,consumer_010493
acct_012861,consumer_010494
acct_012862,consumer_010495
acct_012863,consumer_010495
acct_012864,consumer_010496
acct_012865,consumer_010497
acct_012866,consumer_010497
acct_012867,consumer_010498
acct_012868,consumer_010499
acct_012869,consumer_010500
acct_012870,consumer_010501
acct_012871,consumer_010502
acct_012872,consumer_010503
acct_012873,consumer_010504
acct_012874,consumer_010505
acct_012875,consumer_010506
acct_012876,consumer_010507
acct_012877,consumer_010508
acct_012878,consumer_010509
acct_012879,consumer_010510
acct_012880,consumer_010511
acct_012881,consumer_010511
acct_012882,consumer_010512
acct_012883,consumer_010513
acct_012884,consumer_010514
acct_012885,consumer_010514
acct_012886,consumer_010514
acct_012887,consumer_010515
acct_012888,consumer_010516
acct_012889,consumer_010517
acct_012890,consumer_010518
acct_012891,consumer_010519
acct_012892,consumer_010520
acct_012893,consumer_010521
acct_012894,consumer_010521
acct_012895,consumer_010522
acct_012896,consumer_010523
acct_012897,consumer_010524
acct_012898,consumer_010525
acct_012899,consumer_010526
acct_012900,consumer_010527
acct_012901,consumer_010528
acct_012902,consumer_010529
acct_012903,consumer_010530
acct_012904,consumer_010531
acct_012905,consumer_010532
acct_012906,consumer_010533
acct_012907,consumer_010534
acct_012908,consumer_010535
acct_012909,consumer_010536
acct_012910,consumer_010537
acct_012911,consumer_010538
acct_012912,consumer_010539
acct_012913,consumer_010539
acct_012914,consumer_010539
acct_012915,consumer_010540
acct_012916,consumer_010541
acct_012917,consumer_010542
acct_012918,consumer_010543
acct_012919,consumer_010544
acct_012920,consumer_010545
acct_012921,consumer_010546
acct_012922,consumer_010546
acct_012923,consumer_010547
acct_012924,consumer_010548
acct_012925,consumer_010549
acct_012926,consumer_010550
acct_012927,consumer_010551
acct_012928,consumer_010551
acct_012929,consumer_010552
acct_012930,consumer_010553
acct_012931,consumer_010554
acct_012932,consumer_010555
acct_012933,consumer_010556
acct_012934,consumer_010557
acct_012935,consumer_010558
acct_012936,consumer_010559
acct_012937,consumer_010560
acct_012938,consumer_010561
acct_012939,consumer_010562
acct_012940,consumer_010562
acct_012941,consumer_010562
acct_012942,consumer_010563
acct_012943,consumer_010564
acct_012944,consumer_010565
acct_012945,consumer_010566
acct_012946,consumer_010567
acct_012947,consumer_010567
acct_012948,consumer_010568
acct_012949,consumer_010569
acct_012950,consumer_010570
acct_012951,consumer_010571
acct_012952,consumer_010572
acct_012953,consumer_010573
acct_012954,consumer_010574
acct_012955,consumer_010575
acct_012956,consumer_010576
acct_012957,consumer_010577
acct_012958,consumer_010577
acct_012959,consumer_010577
acct_012960,consumer_010578
acct_012961,consumer_010579
acct_012962,consumer_010580
acct_012963,consumer_010580
acct_012964,consumer_010580
acct_012965,consumer_010581
acct_012966,consumer_010582
acct_012967,consumer_010583
acct_012968,consumer_010584
acct_012969,consumer_010585
acct_012970,consumer_010586
acct_012971,consumer_010587
acct_012972,consumer_010588
acct_012973,consumer_010589
acct_012974,consumer_010590
acct_012975,consumer_010591
acct_012976,consumer_010592
acct_012977,consumer_010593
acct_012978,consumer_010594
acct_012979,consumer_010594
acct_012980,consumer_010594
acct_012981,consumer_010595
acct_012982,consumer_010595
acct_012983,consumer_010595
acct_012984,consumer_010596
acct_012985,consumer_010597
acct_012986,consumer_010597
acct_012987,consumer_010597
acct_012988,consumer_010598
acct_012989,consumer_010599
acct_012990,consumer_010600
acct_012991,consumer_010601
acct_012992,consumer_010601
acct_012993,consumer_010602
acct_012994,consumer_010603
acct_012995,consumer_010604
acct_012996,consumer_010604
acct_012997,consumer_010605
acct_012998,consumer_010606
acct_012999,consumer_010607
acct_013000,consumer_010608
acct_013001,consumer_010609
acct_013002,consumer_010610
acct_013003,consumer_010611
acct_013004,consumer_010612
acct_013005,consumer_010613
acct_013006,consumer_010614
acct_013007,consumer_010615
acct_013008,consumer_010616
acct_013009,consumer_010617
acct_013010,consumer_010618
acct_013011,consumer_010619
acct_013012,consumer_010619
acct_013013,consumer_010619
acct_013014,consumer_010620
acct_013015,consumer_010621
acct_013016,consumer_010622
acct_013017,consumer_010623
acct_013018,consumer_010624
acct_013019,consumer_010624
acct_013020,consumer_010625
acct_013021,consumer_010626
acct_013022,consumer_010627
acct_013023,consumer_010628
acct_013024,consumer_010629
acct_013025,consumer_010629
acct_013026,consumer_010629
acct_013027,consumer_010630
acct_013028,consumer_010631
acct_013029,consumer_010632
acct_013030,consumer_010633
acct_013031,consumer_010634
acct_013032,consumer_010635
acct_013033,consumer_010636
acct_013034,consumer_010636
acct_013035,consumer_010637
acct_013036,consumer_010638
acct_013037,consumer_010639
acct_013038,consumer_010640
acct_013039,consumer_010641
acct_013040,consumer_010642
acct_013041,consumer_010643
acct_013042,consumer_010644
acct_013043,consumer_010645
acct_013044,consumer_010646
acct_013045,consumer_010647
acct_013046,consumer_010648
acct_013047,consumer_010649
acct_013048,consumer_010650
acct_013049,consumer_010651
acct_013050,consumer_010652
acct_013051,consumer_010652
acct_013052,consumer_010653
acct_013053,consumer_010653
acct_013054,consumer_010653
acct_013055,consumer_010654
acct_013056,consumer_010655
acct_013057,consumer_010655
acct_013058,consumer_010655
acct_013059,consumer_010656
acct_013060,consumer_010657
acct_013061,consumer_010658
acct_013062,consumer_010659
acct_013063,consumer_010660
acct_013064,consumer_010661
acct_013065,consumer_010662
acct_013066,consumer_010663
acct_013067,consumer_010664
acct_013068,consumer_010664
acct_013069,consumer_010665
acct_013070,consumer_010666
acct_013071,consumer_010667
acct_013072,consumer_010668
acct_013073,consumer_010669
acct_013074,consumer_010670
acct_013075,consumer_010670
acct_013076,consumer_010670
acct_013077,consumer_010671
acct_013078,consumer_010672
acct_013079,consumer_010673
acct_013080,consumer_010674
acct_013081,consumer_010675
acct_013082,consumer_010676
acct_013083,consumer_010677
acct_013084,consumer_010678
acct_013085,consumer_010678
acct_013086,consumer_010678
acct_013087,consumer_010679
acct_013088,consumer_010680
acct_013089,consumer_010681
acct_013090,consumer_010682
acct_013091,consumer_010683
acct_013092,consumer_010684
acct_013093,consumer_010685
acct_013094,consumer_010686
acct_013095,consumer_010687
acct_013096,consumer_010688
acct_013097,consumer_010689
acct_013098,consumer_010690
acct_013099,consumer_010691
acct_013100,consumer_010692
acct_013101,consumer_010693
acct_013102,consumer_010693
acct_013103,consumer_010693
acct_013104,consumer_010694
acct_013105,consumer_010694
acct_013106,consumer_010695
acct_013107,consumer_010696
acct_013108,consumer_010697
acct_013109,consumer_010697
acct_013110,consumer_010698
acct_013111,consumer_010699
acct_013112,consumer_010700
acct_013113,consumer_010700
acct_013114,consumer_010700
acct_013115,consumer_010701
acct_013116,consumer_010702
acct_013117,consumer_010703
acct_013118,consumer_010704
acct_013119,consumer_010704
acct_013120,consumer_010704
acct_013121,consumer_010705
acct_013122,consumer_010706
acct_013123,consumer_010707
acct_013124,consumer_010708
acct_013125,consumer_010709
acct_013126,consumer_010710
acct_013127,consumer_010711
acct_013128,consumer_010712
acct_013129,consumer_010712
acct_013130,consumer_010713
acct_013131,consumer_010714
acct_013132,consumer_010715
acct_013133,consumer_010716
acct_013134,consumer_010717
acct_013135,consumer_010718
acct_013136,consumer_010718
acct_013137,consumer_010718
acct_013138,consumer_010719
acct_013139,consumer_010720
acct_013140,consumer_010721
acct_013141,consumer_010722
acct_013142,consumer_010723
acct_013143,consumer_010724
acct_013144,consumer_010724
acct_013145,consumer_010725
acct_013146,consumer_010726
acct_013147,consumer_010727
acct_013148,consumer_010728
acct_013149,consumer_010729
acct_013150,consumer_010730
acct_013151,consumer_010731
acct_013152,consumer_010732
acct_013153,consumer_010733
acct_013154,consumer_010734
acct_013155,consumer_010735
acct_013156,consumer_010736
acct_013157,consumer_010737
acct_013158,consumer_010738
acct_013159,consumer_010739
acct_013160,consumer_010740
acct_013161,consumer_010741
acct_013162,consumer_010742
acct_013163,consumer_010743
acct_013164,consumer_010744
acct_013165,consumer_010745
acct_013166,consumer_010745
acct_013167,consumer_010746
acct_013168,consumer_010747
acct_013169,consumer_010748
acct_013170,consumer_010748
acct_013171,consumer_010749
acct_013172,consumer_010750
acct_013173,consumer_010751
acct_013174,consumer_010752
acct_013175,consumer_010753
acct_013176,consumer_010754
acct_013177,consumer_010755
acct_013178,consumer_010756
acct_013179,consumer_010757
acct_013180,consumer_010758
acct_013181,consumer_010759
acct_013182,consumer_010760
acct_013183,consumer_010761
acct_013184,consumer_010762
acct_013185,consumer_010763
acct_013186,consumer_010764
acct_013187,consumer_010765
acct_013188,consumer_010765
acct_013189,consumer_010766
acct_013190,consumer_010767
acct_013191,consumer_010768
acct_013192,consumer_010769
acct_013193,consumer_010770
acct_013194,consumer_010771
acct_013195,consumer_010772
acct_013196,consumer_010773
acct_013197,consumer_010774
acct_013198,consumer_010775
acct_013199,consumer_010776
acct_013200,consumer_010776
acct_013201,consumer_010776
acct_013202,consumer_010777
acct_013203,consumer_010778
acct_013204,consumer_010779
acct_013205,consumer_010780
acct_013206,consumer_010781
acct_013207,consumer_010782
acct_013208,consumer_010783
acct_013209,consumer_010784
acct_013210,consumer_010785
acct_013211,consumer_010786
acct_013212,consumer_010787
acct_013213,consumer_010788
acct_013214,consumer_010789
acct_013215,consumer_010790
acct_013216,consumer_010791
acct_013217,consumer_010792
acct_013218,consumer_010793
acct_013219,consumer_010794
acct_013220,consumer_010794
acct_013221,consumer_010795
acct_013222,consumer_010796
acct_013223,consumer_010797
acct_013224,consumer_010798
acct_013225,consumer_010799
acct_013226,consumer_010800
acct_013227,consumer_010801
acct_013228,consumer_010802
acct_013229,consumer_010803
acct_013230,consumer_010804
acct_013231,consumer_010805
acct_013232,consumer_010806
acct_013233,consumer_010807
acct_013234,consumer_010807
acct_013235,consumer_010807
acct_013236,consumer_010808
acct_013237,consumer_010809
acct_013238,consumer_010810
acct_013239,consumer_010811
acct_013240,consumer_010812
acct_013241,consumer_010813
acct_013242,consumer_010814
acct_013243,consumer_010815
acct_013244,consumer_010816
acct_013245,consumer_010817
acct_013246,consumer_010818
acct_013247,consumer_010819
acct_013248,consumer_010819
acct_013249,consumer_010820
acct_013250,consumer_010821
acct_013251,consumer_010822
acct_013252,consumer_010823
acct_013253,consumer_010824
acct_013254,consumer_010825
acct_013255,consumer_010826
acct_013256,consumer_010827
acct_013257,consumer_010828
acct_013258,consumer_010829
acct_013259,consumer_010830
acct_013260,consumer_010830
acct_013261,consumer_010830
acct_013262,consumer_010831
acct_013263,consumer_010832
acct_013264,consumer_010833
acct_013265,consumer_010834
acct_013266,consumer_010835
acct_013267,consumer_010835
acct_013268,consumer_010836
acct_013269,consumer_010837
acct_013270,consumer_010838
acct_013271,consumer_010839
acct_013272,consumer_010840
acct_013273,consumer_010841
acct_013274,consumer_010842
acct_013275,consumer_010842
acct_013276,consumer_010842
acct_013277,consumer_010843
acct_013278,consumer_010844
acct_013279,consumer_010845
acct_013280,consumer_010845
acct_013281,consumer_010846
acct_013282,consumer_010847
acct_013283,consumer_010848
acct_013284,consumer_010849
acct_013285,consumer_010850
acct_013286,consumer_010851
acct_013287,consumer_010852
acct_013288,consumer_010853
acct_013289,consumer_010854
acct_013290,consumer_010855
acct_013291,consumer_010856
acct_013292,consumer_010856
acct_013293,consumer_010857
acct_013294,consumer_010858
acct_013295,consumer_010859
acct_013296,consumer_010860
acct_013297,consumer_010861
acct_013298,consumer_010861
acct_013299,consumer_010862
acct_013300,consumer_010863
acct_013301,consumer_010864
acct_013302,consumer_010865
acct_013303,consumer_010866
acct_013304,consumer_010867
acct_013305,consumer_010868
acct_013306,consumer_010869
acct_013307,consumer_010869
acct_013308,consumer_010870
acct_013309,consumer_010871
acct_013310,consumer_010872
acct_013311,consumer_010872
acct_013312,consumer_010873
acct_013313,consumer_010873
acct_013314,consumer_010873
acct_013315,consumer_010874
acct_013316,consumer_010875
acct_013317,consumer_010876
acct_013318,consumer_010877
acct_013319,consumer_010878
acct_013320,consumer_010878
acct_013321,consumer_010878
acct_013322,consumer_010879
acct_013323,consumer_010880
acct_013324,consumer_010881
acct_013325,consumer_010882
acct_013326,consumer_010883
acct_013327,consumer_010884
acct_013328,consumer_010885
acct_013329,consumer_010886
acct_013330,consumer_010887
acct_013331,consumer_010888
acct_013332,consumer_010889
acct_013333,consumer_010890
acct_013334,consumer_010890
acct_013335,consumer_010891
acct_013336,consumer_010892
acct_013337,consumer_010892
acct_013338,consumer_010892
acct_013339,consumer_010893
acct_013340,consumer_010894
acct_013341,consumer_010895
acct_013342,consumer_010896
acct_013343,consumer_010897
acct_013344,consumer_010898
acct_013345,consumer_010898
acct_013346,consumer_010899
acct_013347,consumer_010900
acct_013348,consumer_010901
acct_013349,consumer_010902
acct_013350,consumer_010903
acct_013351,consumer_010903
acct_013352,consumer_010903
acct_013353,consumer_010904
acct_013354,consumer_010905
acct_013355,consumer_010906
acct_013356,consumer_010907
acct_013357,consumer_010908
acct_013358,consumer_010909
acct_013359,consumer_010910
acct_013360,consumer_010911
acct_013361,consumer_010912
acct_013362,consumer_010913
acct_013363,consumer_010914
acct_013364,consumer_010915
acct_013365,consumer_010915
acct_013366,consumer_010916
acct_013367,consumer_010917
acct_013368,consumer_010918
acct_013369,consumer_010919
acct_013370,consumer_010920
acct_013371,consumer_010921
acct_013372,consumer_010921
acct_013373,consumer_010921
acct_013374,consumer_010922
acct_013375,consumer_010923
acct_013376,consumer_010924
acct_013377,consumer_010924
acct_013378,consumer_010924
acct_013379,consumer_010925
acct_013380,consumer_010926
acct_013381,consumer_010927
acct_013382,consumer_010928
acct_013383,consumer_010928
acct_013384,consumer_010928
acct_013385,consumer_010929
acct_013386,consumer_010929
acct_013387,consumer_010929
acct_013388,consumer_010930
acct_013389,consumer_010931
acct_013390,consumer_010932
acct_013391,consumer_010933
acct_013392,consumer_010933
acct_013393,consumer_010933
acct_013394,consumer_010934
acct_013395,consumer_010935
acct_013396,consumer_010935
acct_013397,consumer_010936
acct_013398,consumer_010937
acct_013399,consumer_010938
acct_013400,consumer_010939
acct_013401,consumer_010940
acct_013402,consumer_010941
acct_013403,consumer_010942
acct_013404,consumer_010943
acct_013405,consumer_010944
acct_013406,consumer_010945
acct_013407,consumer_010946
acct_013408,consumer_010947
acct_013409,consumer_010948
acct_013410,consumer_010949
acct_013411,consumer_010950
acct_013412,consumer_010951
acct_013413,consumer_010952
acct_013414,consumer_010952
acct_013415,consumer_010953
acct_013416,consumer_010954
acct_013417,consumer_010955
acct_013418,consumer_010956
acct_013419,consumer_010957
acct_013420,consumer_010958
acct_013421,consumer_010959
acct_013422,consumer_010960
acct_013423,consumer_010960
acct_013424,consumer_010960
acct_013425,consumer_010961
acct_013426,consumer_010962
acct_013427,consumer_010963
acct_013428,consumer_010964
acct_013429,consumer_010965
acct_013430,consumer_010966
acct_013431,consumer_010967
acct_013432,consumer_010968
acct_013433,consumer_010969
acct_013434,consumer_010969
acct_013435,consumer_010970
acct_013436,consumer_010971
acct_013437,consumer_010971
acct_013438,consumer_010972
acct_013439,consumer_010973
acct_013440,consumer_010973
acct_013441,consumer_010973
acct_013442,consumer_010974
acct_013443,consumer_010975
acct_013444,consumer_010976
acct_013445,consumer_010977
acct_013446,consumer_010978
acct_013447,consumer_010979
acct_013448,consumer_010980
acct_013449,consumer_010981
acct_013450,consumer_010982
acct_013451,consumer_010983
acct_013452,consumer_010984
acct_013453,consumer_010985
acct_013454,consumer_010986
acct_013455,consumer_010987
acct_013456,consumer_010987
acct_013457,consumer_010987
acct_013458,consumer_010988
acct_013459,consumer_010988
acct_013460,consumer_010988
acct_013461,consumer_010989
acct_013462,consumer_010990
acct_013463,consumer_010991
acct_013464,consumer_010992
acct_013465,consumer_010993
acct_013466,consumer_010994
acct_013467,consumer_010995
acct_013468,consumer_010995
acct_013469,consumer_010996
acct_013470,consumer_010997
acct_013471,consumer_010997
acct_013472,consumer_010997
acct_013473,consumer_010998
acct_013474,consumer_010999
acct_013475,consumer_011000
acct_013476,consumer_011001
acct_013477,consumer_011001
acct_013478,consumer_011001
acct_013479,consumer_011002
acct_013480,consumer_011003
acct_013481,consumer_011004
acct_013482,consumer_011005
acct_013483,consumer_011006
acct_013484,consumer_011006
acct_013485,consumer_011006
acct_013486,consumer_011007
acct_013487,consumer_011007
acct_013488,consumer_011007
acct_013489,consumer_011008
acct_013490,consumer_011009
acct_013491,consumer_011010
acct_013492,consumer_011010
acct_013493,consumer_011010
acct_013494,consumer_011011
acct_013495,consumer_011012
acct_013496,consumer_011013
acct_013497,consumer_011014
acct_013498,consumer_011015
acct_013499,consumer_011016
acct_013500,consumer_011017
acct_013501,consumer_011018
acct_013502,consumer_011019
acct_013503,consumer_011020
acct_013504,consumer_011021
acct_013505,consumer_011022
acct_013506,consumer_011023
acct_013507,consumer_011024
acct_013508,consumer_011025
acct_013509,consumer_011026
acct_013510,consumer_011027
acct_013511,consumer_011028
acct_013512,consumer_011029
acct_013513,consumer_011030
acct_013514,consumer_011031
acct_013515,consumer_011032
acct_013516,consumer_011033
acct_013517,consumer_011034
acct_013518,consumer_011035
acct_013519,consumer_011036
acct_013520,consumer_011037
acct_013521,consumer_011038
acct_013522,consumer_011039
acct_013523,consumer_011040
acct_013524,consumer_011041
acct_013525,consumer_011042
acct_013526,consumer_011043
acct_013527,consumer_011044
acct_013528,consumer_011044
acct_013529,consumer_011045
acct_013530,consumer_011046
acct_013531,consumer_011047
acct_013532,consumer_011048
acct_013533,consumer_011049
acct_013534,consumer_011050
acct_013535,consumer_011051
acct_013536,consumer_011052
acct_013537,consumer_011053
acct_013538,consumer_011054
acct_013539,consumer_011055
acct_013540,consumer_011055
acct_013541,consumer_011055
acct_013542,consumer_011056
acct_013543,consumer_011057
acct_013544,consumer_011058
acct_013545,consumer_011059
acct_013546,consumer_011060
acct_013547,consumer_011061
acct_013548,consumer_011062
acct_013549,consumer_011063
acct_013550,consumer_011064
acct_013551,consumer_011064
acct_013552,consumer_011065
acct_013553,consumer_011066
acct_013554,consumer_011067
acct_013555,consumer_011067
acct_013556,consumer_011068
acct_013557,consumer_011069
acct_013558,consumer_011070
acct_013559,consumer_011071
acct_013560,consumer_011072
acct_013561,consumer_011073
acct_013562,consumer_011074
acct_013563,consumer_011075
acct_013564,consumer_011076
acct_013565,consumer_011077
acct_013566,consumer_011078
acct_013567,consumer_011079
acct_013568,consumer_011080
acct_013569,consumer_011081
acct_013570,consumer_011082
acct_013571,consumer_011082
acct_013572,consumer_011082
acct_013573,consumer_011083
acct_013574,consumer_011084
acct_013575,consumer_011085
acct_013576,consumer_011086
acct_013577,consumer_011086
acct_013578,consumer_011087
acct_013579,consumer_011088
acct_013580,consumer_011089
acct_013581,consumer_011090
acct_013582,consumer_011091
acct_013583,consumer_011092
acct_013584,consumer_011092
acct_013585,consumer_011092
acct_013586,consumer_011093
acct_013587,consumer_011094
acct_013588,consumer_011095
acct_013589,consumer_011095
acct_013590,consumer_011096
acct_013591,consumer_011097
acct_013592,consumer_011098
acct_013593,consumer_011099
acct_013594,consumer_011100
acct_013595,consumer_011101
acct_013596,consumer_011102
acct_013597,consumer_011103
acct_013598,consumer_011104
acct_013599,consumer_011105
acct_013600,consumer_011106
acct_013601,consumer_011107
acct_013602,consumer_011108
acct_013603,consumer_011109
acct_013604,consumer_011110
acct_013605,consumer_011111
acct_013606,consumer_011112
acct_013607,consumer_011113
acct_013608,consumer_011114
acct_013609,consumer_011115
acct_013610,consumer_011116
acct_013611,consumer_011117
acct_013612,consumer_011118
acct_013613,consumer_011119
acct_013614,consumer_011120
acct_013615,consumer_011121
acct_013616,consumer_011121
acct_013617,consumer_011122
acct_013618,consumer_011123
acct_013619,consumer_011124
acct_013620,consumer_011125
acct_013621,consumer_011125
acct_013622,consumer_011126
acct_013623,consumer_011127
acct_013624,consumer_011127
acct_013625,consumer_011128
acct_013626,consumer_011129
acct_013627,consumer_011130
acct_013628,consumer_011131
acct_013629,consumer_011132
acct_013630,consumer_011133
acct_013631,consumer_011134
acct_013632,consumer_011135
acct_013633,consumer_011136
acct_013634,consumer_011137
acct_013635,consumer_011137
acct_013636,consumer_011137
acct_013637,consumer_011138
acct_013638,consumer_011139
acct_013639,consumer_011140
acct_013640,consumer_011140
acct_013641,consumer_011140
acct_013642,consumer_011141
acct_013643,consumer_011142
acct_013644,consumer_011143
acct_013645,consumer_011144
acct_013646,consumer_011144
acct_013647,consumer_011144
acct_013648,consumer_011145
acct_013649,consumer_011146
acct_013650,consumer_011147
acct_013651,consumer_011147
acct_013652,consumer_011148
acct_013653,consumer_011149
acct_013654,consumer_011150
acct_013655,consumer_011151
acct_013656,consumer_011152
acct_013657,consumer_011153
acct_013658,consumer_011154
acct_013659,consumer_011155
acct_013660,consumer_011156
acct_013661,consumer_011157
acct_013662,consumer_011158
acct_013663,consumer_011159
acct_013664,consumer_011160
acct_013665,consumer_011161
acct_013666,consumer_011162
acct_013667,consumer_011162
acct_013668,consumer_011162
acct_013669,consumer_011163
acct_013670,consumer_011164
acct_013671,consumer_011165
acct_013672,consumer_011166
acct_013673,consumer_011167
acct_013674,consumer_011167
acct_013675,consumer_011167
acct_013676,consumer_011168
acct_013677,consumer_011169
acct_013678,consumer_011169
acct_013679,consumer_011170
acct_013680,consumer_011171
acct_013681,consumer_011172
acct_013682,consumer_011173
acct_013683,consumer_011174
acct_013684,consumer_011175
acct_013685,consumer_011176
acct_013686,consumer_011177
acct_013687,consumer_011178
acct_013688,consumer_011179
acct_013689,consumer_011180
acct_013690,consumer_011181
acct_013691,consumer_011182
acct_013692,consumer_011182
acct_013693,consumer_011183
acct_013694,consumer_011184
acct_013695,consumer_011185
acct_013696,consumer_011186
acct_013697,consumer_011187
acct_013698,consumer_011188
acct_013699,consumer_011189
acct_013700,consumer_011190
acct_013701,consumer_011191
acct_013702,consumer_011192
acct_013703,consumer_011193
acct_013704,consumer_011193
acct_013705,consumer_011194
acct_013706,consumer_011195
acct_013707,consumer_011196
acct_013708,consumer_011197
acct_013709,consumer_011198
acct_013710,consumer_011199
acct_013711,consumer_011200
acct_013712,consumer_011201
acct_013713,consumer_011202
acct_013714,consumer_011203
acct_013715,consumer_011204
acct_013716,consumer_011205
acct_013717,consumer_011206
acct_013718,consumer_011207
acct_013719,consumer_011208
acct_013720,consumer_011209
acct_013721,consumer_011210
acct_013722,consumer_011210
acct_013723,consumer_011210
acct_013724,consumer_011211
acct_013725,consumer_011212
acct_013726,consumer_011213
acct_013727,consumer_011214
acct_013728,consumer_011214
acct_013729,consumer_011214
acct_013730,consumer_011215
acct_013731,consumer_011216
acct_013732,consumer_011217
acct_013733,consumer_011218
acct_013734,consumer_011219
acct_013735,consumer_011219
acct_013736,consumer_011219
acct_013737,consumer_011220
acct_013738,consumer_011221
acct_013739,consumer_011222
acct_013740,consumer_011222
acct_013741,consumer_011222
acct_013742,consumer_011223
acct_013743,consumer_011224
acct_013744,consumer_011224
acct_013745,consumer_011224
acct_013746,consumer_011225
acct_013747,consumer_011226
acct_013748,consumer_011227
acct_013749,consumer_011228
acct_013750,consumer_011228
acct_013751,consumer_011228
acct_013752,consumer_011229
acct_013753,consumer_011230
acct_013754,consumer_011231
acct_013755,consumer_011232
acct_013756,consumer_011233
acct_013757,consumer_011234
acct_013758,consumer_011235
acct_013759,consumer_011236
acct_013760,consumer_011237
acct_013761,consumer_011238
acct_013762,consumer_011239
acct_013763,consumer_011240
acct_013764,consumer_011241
acct_013765,consumer_011242
acct_013766,consumer_011242
acct_013767,consumer_011242
acct_013768,consumer_011243
acct_013769,consumer_011244
acct_013770,consumer_011244
acct_013771,consumer_011245
acct_013772,consumer_011246
acct_013773,consumer_011247
acct_013774,consumer_011248
acct_013775,consumer_011249
acct_013776,consumer_011250
acct_013777,consumer_011251
acct_013778,consumer_011252
acct_013779,consumer_011253
acct_013780,consumer_011254
acct_013781,consumer_011255
acct_013782,consumer_011256
acct_013783,consumer_011257
acct_013784,consumer_011258
acct_013785,consumer_011259
acct_013786,consumer_011260
acct_013787,consumer_011261
acct_013788,consumer_011262
acct_013789,consumer_011263
acct_013790,consumer_011264
acct_013791,consumer_011264
acct_013792,consumer_011265
acct_013793,consumer_011266
acct_013794,consumer_011267
acct_013795,consumer_011267
acct_013796,consumer_011267
acct_013797,consumer_011268
acct_013798,consumer_011269
acct_013799,consumer_011270
acct_013800,consumer_011271
acct_013801,consumer_011272
acct_013802,consumer_011273
acct_013803,consumer_011273
acct_013804,consumer_011274
acct_013805,consumer_011275
acct_013806,consumer_011276
acct_013807,consumer_011277
acct_013808,consumer_011278
acct_013809,consumer_011278
acct_013810,consumer_011278
acct_013811,consumer_011279
acct_013812,consumer_011280
acct_013813,consumer_011281
acct_013814,consumer_011282
acct_013815,consumer_011283
acct_013816,consumer_011284
acct_013817,consumer_011285
acct_013818,consumer_011285
acct_013819,consumer_011285
acct_013820,consumer_011286
acct_013821,consumer_011287
acct_013822,consumer_011288
acct_013823,consumer_011289
acct_013824,consumer_011290
acct_013825,consumer_011291
acct_013826,consumer_011291
acct_013827,consumer_011291
acct_013828,consumer_011292
acct_013829,consumer_011293
acct_013830,consumer_011294
acct_013831,consumer_011295
acct_013832,consumer_011296
acct_013833,consumer_011297
acct_013834,consumer_011298
acct_013835,consumer_011299
acct_013836,consumer_011300
acct_013837,consumer_011301
acct_013838,consumer_011302
acct_013839,consumer_011303
acct_013840,consumer_011304
acct_013841,consumer_011305
acct_013842,consumer_011306
acct_013843,consumer_011307
acct_013844,consumer_011308
acct_013845,consumer_011309
acct_013846,consumer_011310
acct_013847,consumer_011311
acct_013848,consumer_011312
acct_013849,consumer_011312
acct_013850,consumer_011313
acct_013851,consumer_011314
acct_013852,consumer_011315
acct_013853,consumer_011316
acct_013854,consumer_011317
acct_013855,consumer_011318
acct_013856,consumer_011319
acct_013857,consumer_011320
acct_013858,consumer_011321
acct_013859,consumer_011322
acct_013860,consumer_011323
acct_013861,consumer_011324
acct_013862,consumer_011325
acct_013863,consumer_011326
acct_013864,consumer_011326
acct_013865,consumer_011326
acct_013866,consumer_011327
acct_013867,consumer_011328
acct_013868,consumer_011329
acct_013869,consumer_011329
acct_013870,consumer_011330
acct_013871,consumer_011331
acct_013872,consumer_011331
acct_013873,consumer_011331
acct_013874,consumer_011332
acct_013875,consumer_011333
acct_013876,consumer_011334
acct_013877,consumer_011335
acct_013878,consumer_011336
acct_013879,consumer_011337
acct_013880,consumer_011338
acct_013881,consumer_011339
acct_013882,consumer_011340
acct_013883,consumer_011341
acct_013884,consumer_011342
acct_013885,consumer_011343
acct_013886,consumer_011344
acct_013887,consumer_011344
acct_013888,consumer_011345
acct_013889,consumer_011346
acct_013890,consumer_011347
acct_013891,consumer_011348
acct_013892,consumer_011349
acct_013893,consumer_011350
acct_013894,consumer_011351
acct_013895,consumer_011352
acct_013896,consumer_011353
acct_013897,consumer_011353
acct_013898,consumer_011354
acct_013899,consumer_011355
acct_013900,consumer_011356
acct_013901,consumer_011357
acct_013902,consumer_011358
acct_013903,consumer_011359
acct_013904,consumer_011359
acct_013905,consumer_011360
acct_013906,consumer_011361
acct_013907,consumer_011362
acct_013908,consumer_011363
acct_013909,consumer_011364
acct_013910,consumer_011365
acct_013911,consumer_011366
acct_013912,consumer_011367
acct_013913,consumer_011368
acct_013914,consumer_011369
acct_013915,consumer_011369
acct_013916,consumer_011370
acct_013917,consumer_011371
acct_013918,consumer_011372
acct_013919,consumer_011373
acct_013920,consumer_011374
acct_013921,consumer_011375
acct_013922,consumer_011376
acct_013923,consumer_011376
acct_013924,consumer_011376
acct_013925,consumer_011377
acct_013926,consumer_011378
acct_013927,consumer_011379
acct_013928,consumer_011380
acct_013929,consumer_011381
acct_013930,consumer_011381
acct_013931,consumer_011381
acct_013932,consumer_011382
acct_013933,consumer_011383
acct_013934,consumer_011384
acct_013935,consumer_011385
acct_013936,consumer_011386
acct_013937,consumer_011387
acct_013938,consumer_011388
acct_013939,consumer_011389
acct_013940,consumer_011390
acct_013941,consumer_011391
acct_013942,consumer_011392
acct_013943,consumer_011393
acct_013944,consumer_011394
acct_013945,consumer_011395
acct_013946,consumer_011396
acct_013947,consumer_011397
acct_013948,consumer_011398
acct_013949,consumer_011399
acct_013950,consumer_011400
acct_013951,consumer_011400
acct_013952,consumer_011400
acct_013953,consumer_011401
acct_013954,consumer_011402
acct_013955,consumer_011403
acct_013956,consumer_011404
acct_013957,consumer_011405
acct_013958,consumer_011406
acct_013959,consumer_011406
acct_013960,consumer_011407
acct_013961,consumer_011408
acct_013962,consumer_011409
acct_013963,consumer_011410
acct_013964,consumer_011411
acct_013965,consumer_011412
acct_013966,consumer_011413
acct_013967,consumer_011414
acct_013968,consumer_011415
acct_013969,consumer_011416
acct_013970,consumer_011417
acct_013971,consumer_011418
acct_013972,consumer_011419
acct_013973,consumer_011420
acct_013974,consumer_011421
acct_013975,consumer_011422
acct_013976,consumer_011423
acct_013977,consumer_011424
acct_013978,consumer_011424
acct_013979,consumer_011425
acct_013980,consumer_011426
acct_013981,consumer_011427
acct_013982,consumer_011428
acct_013983,consumer_011429
acct_013984,consumer_011430
acct_013985,consumer_011431
acct_013986,consumer_011432
acct_013987,consumer_011433
acct_013988,consumer_011434
acct_013989,consumer_011434
acct_013990,consumer_011434
acct_013991,consumer_011435
acct_013992,consumer_011436
acct_013993,consumer_011436
acct_013994,consumer_011437
acct_013995,consumer_011437
acct_013996,consumer_011438
acct_013997,consumer_011439
acct_013998,consumer_011440
acct_013999,consumer_011441
acct_014000,consumer_011442
acct_014001,consumer_011443
acct_014002,consumer_011444
acct_014003,consumer_011445
acct_014004,consumer_011446
acct_014005,consumer_011447
acct_014006,consumer_011448
acct_014007,consumer_011448
acct_014008,consumer_011448
acct_014009,consumer_011449
acct_014010,consumer_011450
acct_014011,consumer_011451
acct_014012,consumer_011452
acct_014013,consumer_011453
acct_014014,consumer_011454
acct_014015,consumer_011455
acct_014016,consumer_011456
acct_014017,consumer_011457
acct_014018,consumer_011458
acct_014019,consumer_011459
acct_014020,consumer_011460
acct_014021,consumer_011461
acct_014022,consumer_011462
acct_014023,consumer_011463
acct_014024,consumer_011464
acct_014025,consumer_011465
acct_014026,consumer_011466
acct_014027,consumer_011467
acct_014028,consumer_011468
acct_014029,consumer_011469
acct_014030,consumer_011469
acct_014031,consumer_011469
acct_014032,consumer_011470
acct_014033,consumer_011471
acct_014034,consumer_011472
acct_014035,consumer_011473
acct_014036,consumer_011474
acct_014037,consumer_011475
acct_014038,consumer_011476
acct_014039,consumer_011476
acct_014040,consumer_011477
acct_014041,consumer_011477
acct_014042,consumer_011477
acct_014043,consumer_011478
acct_014044,consumer_011479
acct_014045,consumer_011480
acct_014046,consumer_011481
acct_014047,consumer_011482
acct_014048,consumer_011483
acct_014049,consumer_011484
acct_014050,consumer_011485
acct_014051,consumer_011486
acct_014052,consumer_011487
acct_014053,consumer_011488
acct_014054,consumer_011489
acct_014055,consumer_011490
acct_014056,consumer_011491
acct_014057,consumer_011492
acct_014058,consumer_011493
acct_014059,consumer_011494
acct_014060,consumer_011494
acct_014061,consumer_011494
acct_014062,consumer_011495
acct_014063,consumer_011496
acct_014064,consumer_011497
acct_014065,consumer_011497
acct_014066,consumer_011498
acct_014067,consumer_011498
acct_014068,consumer_011499
acct_014069,consumer_011499
acct_014070,consumer_011499
acct_014071,consumer_011500
acct_014072,consumer_011501
acct_014073,consumer_011502
acct_014074,consumer_011503
acct_014075,consumer_011503
acct_014076,consumer_011504
acct_014077,consumer_011504
acct_014078,consumer_011504
acct_014079,consumer_011505
acct_014080,consumer_011506
acct_014081,consumer_011507
acct_014082,consumer_011508
acct_014083,consumer_011509
acct_014084,consumer_011510
acct_014085,consumer_011511
acct_014086,consumer_011512
acct_014087,consumer_011512
acct_014088,consumer_011512
acct_014089,consumer_011513
acct_014090,consumer_011514
acct_014091,consumer_011515
acct_014092,consumer_011516
acct_014093,consumer_011517
acct_014094,consumer_011518
acct_014095,consumer_011519
acct_014096,consumer_011520
acct_014097,consumer_011521
acct_014098,consumer_011521
acct_014099,consumer_011522
acct_014100,consumer_011523
acct_014101,consumer_011524
acct_014102,consumer_011525
acct_014103,consumer_011525
acct_014104,consumer_011525
acct_014105,consumer_011526
acct_014106,consumer_011527
acct_014107,consumer_011528
acct_014108,consumer_011529
acct_014109,consumer_011529
acct_014110,consumer_011529
acct_014111,consumer_011530
acct_014112,consumer_011531
acct_014113,consumer_011532
acct_014114,consumer_011533
acct_014115,consumer_011534
acct_014116,consumer_011535
acct_014117,consumer_011536
acct_014118,consumer_011536
acct_014119,consumer_011536
acct_014120,consumer_011537
acct_014121,consumer_011537
acct_014122,consumer_011538
acct_014123,consumer_011539
acct_014124,consumer_011540
acct_014125,consumer_011541
acct_014126,consumer_011542
acct_014127,consumer_011543
acct_014128,consumer_011544
acct_014129,consumer_011545
acct_014130,consumer_011546
acct_014131,consumer_011546
acct_014132,consumer_011547
acct_014133,consumer_011548
acct_014134,consumer_011548
acct_014135,consumer_011549
acct_014136,consumer_011550
acct_014137,consumer_011551
acct_014138,consumer_011552
acct_014139,consumer_011553
acct_014140,consumer_011554
acct_014141,consumer_011554
acct_014142,consumer_011555
acct_014143,consumer_011556
acct_014144,consumer_011557
acct_014145,consumer_011557
acct_014146,consumer_011557
acct_014147,consumer_011558
acct_014148,consumer_011559
acct_014149,consumer_011560
acct_014150,consumer_011561
acct_014151,consumer_011562
acct_014152,consumer_011563
acct_014153,consumer_011564
acct_014154,consumer_011565
acct_014155,consumer_011566
acct_014156,consumer_011567
acct_014157,consumer_011568
acct_014158,consumer_011569
acct_014159,consumer_011570
acct_014160,consumer_011571
acct_014161,consumer_011572
acct_014162,consumer_011573
acct_014163,consumer_011574
acct_014164,consumer_011574
acct_014165,consumer_011575
acct_014166,consumer_011575
acct_014167,consumer_011576
acct_014168,consumer_011577
acct_014169,consumer_011578
acct_014170,consumer_011579
acct_014171,consumer_011580
acct_014172,consumer_011581
acct_014173,consumer_011581
acct_014174,consumer_011581
acct_014175,consumer_011582
acct_014176,consumer_011583
acct_014177,consumer_011584
acct_014178,consumer_011585
acct_014179,consumer_011586
acct_014180,consumer_011587
acct_014181,consumer_011587
acct_014182,consumer_011588
acct_014183,consumer_011588
acct_014184,consumer_011589
acct_014185,consumer_011590
acct_014186,consumer_011591
acct_014187,consumer_011592
acct_014188,consumer_011593
acct_014189,consumer_011593
acct_014190,consumer_011594
acct_014191,consumer_011595
acct_014192,consumer_011596
acct_014193,consumer_011597
acct_014194,consumer_011598
acct_014195,consumer_011599
acct_014196,consumer_011600
acct_014197,consumer_011601
acct_014198,consumer_011601
acct_014199,consumer_011602
acct_014200,consumer_011603
acct_014201,consumer_011604
acct_014202,consumer_011605
acct_014203,consumer_011606
acct_014204,consumer_011607
acct_014205,consumer_011608
acct_014206,consumer_011608
acct_014207,consumer_011609
acct_014208,consumer_011610
acct_014209,consumer_011611
acct_014210,consumer_011612
acct_014211,consumer_011613
acct_014212,consumer_011614
acct_014213,consumer_011615
acct_014214,consumer_011616
acct_014215,consumer_011617
acct_014216,consumer_011618
acct_014217,consumer_011618
acct_014218,consumer_011618
acct_014219,consumer_011619
acct_014220,consumer_011620
acct_014221,consumer_011621
acct_014222,consumer_011622
acct_014223,consumer_011623
acct_014224,consumer_011624
acct_014225,consumer_011625
acct_014226,consumer_011625
acct_014227,consumer_011626
acct_014228,consumer_011627
acct_014229,consumer_011628
acct_014230,consumer_011629
acct_014231,consumer_011630
acct_014232,consumer_011631
acct_014233,consumer_011632
acct_014234,consumer_011633
acct_014235,consumer_011634
acct_014236,consumer_011635
acct_014237,consumer_011636
acct_014238,consumer_011637
acct_014239,consumer_011637
acct_014240,consumer_011637
acct_014241,consumer_011638
acct_014242,consumer_011638
acct_014243,consumer_011639
acct_014244,consumer_011639
acct_014245,consumer_011640
acct_014246,consumer_011641
acct_014247,consumer_011642
acct_014248,consumer_011643
acct_014249,consumer_011644
acct_014250,consumer_011645
acct_014251,consumer_011646
acct_014252,consumer_011647
acct_014253,consumer_011648
acct_014254,consumer_011649
acct_014255,consumer_011649
acct_014256,consumer_011649
acct_014257,consumer_011650
acct_014258,consumer_011651
acct_014259,consumer_011652
acct_014260,consumer_011653
acct_014261,consumer_011654
acct_014262,consumer_011655
acct_014263,consumer_011655
acct_014264,consumer_011656
acct_014265,consumer_011657
acct_014266,consumer_011658
acct_014267,consumer_011658
acct_014268,consumer_011658
acct_014269,consumer_011659
acct_014270,consumer_011660
acct_014271,consumer_011660
acct_014272,consumer_011660
acct_014273,consumer_011661
acct_014274,consumer_011662
acct_014275,consumer_011662
acct_014276,consumer_011663
acct_014277,consumer_011664
acct_014278,consumer_011665
acct_014279,consumer_011666
acct_014280,consumer_011667
acct_014281,consumer_011668
acct_014282,consumer_011669
acct_014283,consumer_011670
acct_014284,consumer_011671
acct_014285,consumer_011672
acct_014286,consumer_011673
acct_014287,consumer_011674
acct_014288,consumer_011675
acct_014289,consumer_011676
acct_014290,consumer_011676
acct_014291,consumer_011677
acct_014292,consumer_011678
acct_014293,consumer_011679
acct_014294,consumer_011680
acct_014295,consumer_011681
acct_014296,consumer_011682
acct_014297,consumer_011683
acct_014298,consumer_011683
acct_014299,consumer_011684
acct_014300,consumer_011685
acct_014301,consumer_011685
acct_014302,consumer_011686
acct_014303,consumer_011687
acct_014304,consumer_011688
acct_014305,consumer_011689
acct_014306,consumer_011690
acct_014307,consumer_011691
acct_014308,consumer_011692
acct_014309,consumer_011693
acct_014310,consumer_011694
acct_014311,consumer_011695
acct_014312,consumer_011696
acct_014313,consumer_011697
acct_014314,consumer_011697
acct_014315,consumer_011697
acct_014316,consumer_011698
acct_014317,consumer_011698
acct_014318,consumer_011699
acct_014319,consumer_011699
acct_014320,consumer_011700
acct_014321,consumer_011701
acct_014322,consumer_011702
acct_014323,consumer_011703
acct_014324,consumer_011704
acct_014325,consumer_011705
acct_014326,consumer_011705
acct_014327,consumer_011705
acct_014328,consumer_011706
acct_014329,consumer_011707
acct_014330,consumer_011708
acct_014331,consumer_011709
acct_014332,consumer_011710
acct_014333,consumer_011711
acct_014334,consumer_011712
acct_014335,consumer_011713
acct_014336,consumer_011714
acct_014337,consumer_011715
acct_014338,consumer_011716
acct_014339,consumer_011717
acct_014340,consumer_011717
acct_014341,consumer_011717
acct_014342,consumer_011718
acct_014343,consumer_011719
acct_014344,consumer_011719
acct_014345,consumer_011719
acct_014346,consumer_011720
acct_014347,consumer_011721
acct_014348,consumer_011722
acct_014349,consumer_011723
acct_014350,consumer_011724
acct_014351,consumer_011725
acct_014352,consumer_011726
acct_014353,consumer_011727
acct_014354,consumer_011727
acct_014355,consumer_011727
acct_014356,consumer_011728
acct_014357,consumer_011729
acct_014358,consumer_011730
acct_014359,consumer_011731
acct_014360,consumer_011732
acct_014361,consumer_011733
acct_014362,consumer_011734
acct_014363,consumer_011735
acct_014364,consumer_011735
acct_014365,consumer_011736
acct_014366,consumer_011737
acct_014367,consumer_011737
acct_014368,consumer_011737
acct_014369,consumer_011738
acct_014370,consumer_011739
acct_014371,consumer_011740
acct_014372,consumer_011741
acct_014373,consumer_011742
acct_014374,consumer_011743
acct_014375,consumer_011744
acct_014376,consumer_011745
acct_014377,consumer_011746
acct_014378,consumer_011747
acct_014379,consumer_011747
acct_014380,consumer_011748
acct_014381,consumer_011749
acct_014382,consumer_011750
acct_014383,consumer_011751
acct_014384,consumer_011751
acct_014385,consumer_011752
acct_014386,consumer_011753
acct_014387,consumer_011754
acct_014388,consumer_011755
acct_014389,consumer_011756
acct_014390,consumer_011757
acct_014391,consumer_011758
acct_014392,consumer_011759
acct_014393,consumer_011760
acct_014394,consumer_011761
acct_014395,consumer_011762
acct_014396,consumer_011763
acct_014397,consumer_011764
acct_014398,consumer_011765
acct_014399,consumer_011766
acct_014400,consumer_011767
acct_014401,consumer_011768
acct_014402,consumer_011769
acct_014403,consumer_011770
acct_014404,consumer_011771
acct_014405,consumer_011772
acct_014406,consumer_011773
acct_014407,consumer_011773
acct_014408,consumer_011774
acct_014409,consumer_011774
acct_014410,consumer_011775
acct_014411,consumer_011776
acct_014412,consumer_011777
acct_014413,consumer_011778
acct_014414,consumer_011779
acct_014415,consumer_011780
acct_014416,consumer_011780
acct_014417,consumer_011780
acct_014418,consumer_011781
acct_014419,consumer_011782
acct_014420,consumer_011782
acct_014421,consumer_011782
acct_014422,consumer_011783
acct_014423,consumer_011784
acct_014424,consumer_011785
acct_014425,consumer_011786
acct_014426,consumer_011787
acct_014427,consumer_011788
acct_014428,consumer_011789
acct_014429,consumer_011790
acct_014430,consumer_011791
acct_014431,consumer_011792
acct_014432,consumer_011792
acct_014433,consumer_011793
acct_014434,consumer_011794
acct_014435,consumer_011794
acct_014436,consumer_011794
acct_014437,consumer_011795
acct_014438,consumer_011796
acct_014439,consumer_011797
acct_014440,consumer_011798
acct_014441,consumer_011799
acct_014442,consumer_011799
acct_014443,consumer_011800
acct_014444,consumer_011801
acct_014445,consumer_011802
acct_014446,consumer_011803
acct_014447,consumer_011803
acct_014448,consumer_011803
acct_014449,consumer_011804
acct_014450,consumer_011805
acct_014451,consumer_011806
acct_014452,consumer_011807
acct_014453,consumer_011807
acct_014454,consumer_011807
acct_014455,consumer_011808
acct_014456,consumer_011809
acct_014457,consumer_011810
acct_014458,consumer_011811
acct_014459,consumer_011812
acct_014460,consumer_011813
acct_014461,consumer_011814
acct_014462,consumer_011815
acct_014463,consumer_011815
acct_014464,consumer_011815
acct_014465,consumer_011816
acct_014466,consumer_011817
acct_014467,consumer_011818
acct_014468,consumer_011819
acct_014469,consumer_011820
acct_014470,consumer_011821
acct_014471,consumer_011822
acct_014472,consumer_011823
acct_014473,consumer_011824
acct_014474,consumer_011825
acct_014475,consumer_011825
acct_014476,consumer_011826
acct_014477,consumer_011827
acct_014478,consumer_011828
acct_014479,consumer_011828
acct_014480,consumer_011828
acct_014481,consumer_011829
acct_014482,consumer_011830
acct_014483,consumer_011831
acct_014484,consumer_011832
acct_014485,consumer_011833
acct_014486,consumer_011834
acct_014487,consumer_011835
acct_014488,consumer_011836
acct_014489,consumer_011837
acct_014490,consumer_011837
acct_014491,consumer_011837
acct_014492,consumer_011838
acct_014493,consumer_011839
acct_014494,consumer_011840
acct_014495,consumer_011841
acct_014496,consumer_011842
acct_014497,consumer_011843
acct_014498,consumer_011844
acct_014499,consumer_011845
acct_014500,consumer_011845
acct_014501,consumer_011845
acct_014502,consumer_011846
acct_014503,consumer_011847
acct_014504,consumer_011848
acct_014505,consumer_011849
acct_014506,consumer_011850
acct_014507,consumer_011851
acct_014508,consumer_011852
acct_014509,consumer_011853
acct_014510,consumer_011854
acct_014511,consumer_011855
acct_014512,consumer_011855
acct_014513,consumer_011856
acct_014514,consumer_011857
acct_014515,consumer_011858
acct_014516,consumer_011859
acct_014517,consumer_011860
acct_014518,consumer_011861
acct_014519,consumer_011862
acct_014520,consumer_011863
acct_014521,consumer_011863
acct_014522,consumer_011864
acct_014523,consumer_011865
acct_014524,consumer_011865
acct_014525,consumer_011866
acct_014526,consumer_011867
acct_014527,consumer_011868
acct_014528,consumer_011869
acct_014529,consumer_011870
acct_014530,consumer_011870
acct_014531,consumer_011871
acct_014532,consumer_011872
acct_014533,consumer_011873
acct_014534,consumer_011874
acct_014535,consumer_011875
acct_014536,consumer_011876
acct_014537,consumer_011877
acct_014538,consumer_011878
acct_014539,consumer_011879
acct_014540,consumer_011880
acct_014541,consumer_011881
acct_014542,consumer_011882
acct_014543,consumer_011883
acct_014544,consumer_011884
acct_014545,consumer_011884
acct_014546,consumer_011885
acct_014547,consumer_011886
acct_014548,consumer_011887
acct_014549,consumer_011888
acct_014550,consumer_011889
acct_014551,consumer_011890
acct_014552,consumer_011891
acct_014553,consumer_011892
acct_014554,consumer_011893
acct_014555,consumer_011894
acct_014556,consumer_011894
acct_014557,consumer_011895
acct_014558,consumer_011896
acct_014559,consumer_011897
acct_014560,consumer_011898
acct_014561,consumer_011899
acct_014562,consumer_011900
acct_014563,consumer_011901
acct_014564,consumer_011902
acct_014565,consumer_011903
acct_014566,consumer_011903
acct_014567,consumer_011903
acct_014568,consumer_011904
acct_014569,consumer_011904
acct_014570,consumer_011904
acct_014571,consumer_011905
acct_014572,consumer_011906
acct_014573,consumer_011907
acct_014574,consumer_011907
acct_014575,consumer_011907
acct_014576,consumer_011908
acct_014577,consumer_011909
acct_014578,consumer_011910
acct_014579,consumer_011911
acct_014580,consumer_011912
acct_014581,consumer_011913
acct_014582,consumer_011914
acct_014583,consumer_011915
acct_014584,consumer_011916
acct_014585,consumer_011917
acct_014586,consumer_011918
acct_014587,consumer_011918
acct_014588,consumer_011919
acct_014589,consumer_011920
acct_014590,consumer_011921
acct_014591,consumer_011921
acct_014592,consumer_011922
acct_014593,consumer_011923
acct_014594,consumer_011924
acct_014595,consumer_011925
acct_014596,consumer_011926
acct_014597,consumer_011926
acct_014598,consumer_011927
acct_014599,consumer_011928
acct_014600,consumer_011929
acct_014601,consumer_011930
acct_014602,consumer_011931
acct_014603,consumer_011932
acct_014604,consumer_011933
acct_014605,consumer_011934
acct_014606,consumer_011935
acct_014607,consumer_011936
acct_014608,consumer_011936
acct_014609,consumer_011936
acct_014610,consumer_011937
acct_014611,consumer_011937
acct_014612,consumer_011937
acct_014613,consumer_011938
acct_014614,consumer_011939
acct_014615,consumer_011940
acct_014616,consumer_011941
acct_014617,consumer_011942
acct_014618,consumer_011943
acct_014619,consumer_011944
acct_014620,consumer_011945
acct_014621,consumer_011945
acct_014622,consumer_011946
acct_014623,consumer_011947
acct_014624,consumer_011947
acct_014625,consumer_011947
acct_014626,consumer_011948
acct_014627,consumer_011949
acct_014628,consumer_011950
acct_014629,consumer_011951
acct_014630,consumer_011952
acct_014631,consumer_011952
acct_014632,consumer_011953
acct_014633,consumer_011954
acct_014634,consumer_011955
acct_014635,consumer_011956
acct_014636,consumer_011957
acct_014637,consumer_011958
acct_014638,consumer_011959
acct_014639,consumer_011960
acct_014640,consumer_011961
acct_014641,consumer_011962
acct_014642,consumer_011963
acct_014643,consumer_011964
acct_014644,consumer_011965
acct_014645,consumer_011966
acct_014646,consumer_011967
acct_014647,consumer_011968
acct_014648,consumer_011968
acct_014649,consumer_011968
acct_014650,consumer_011969
acct_014651,consumer_011969
acct_014652,consumer_011969
acct_014653,consumer_011970
acct_014654,consumer_011971
acct_014655,consumer_011972
acct_014656,consumer_011972
acct_014657,consumer_011973
acct_014658,consumer_011974
acct_014659,consumer_011975
acct_014660,consumer_011976
acct_014661,consumer_011976
acct_014662,consumer_011977
acct_014663,consumer_011978
acct_014664,consumer_011979
acct_014665,consumer_011980
acct_014666,consumer_011981
acct_014667,consumer_011982
acct_014668,consumer_011983
acct_014669,consumer_011984
acct_014670,consumer_011985
acct_014671,consumer_011986
acct_014672,consumer_011987
acct_014673,consumer_011987
acct_014674,consumer_011988
acct_014675,consumer_011988
acct_014676,consumer_011988
acct_014677,consumer_011989
acct_014678,consumer_011990
acct_014679,consumer_011991
acct_014680,consumer_011992
acct_014681,consumer_011993
acct_014682,consumer_011994
acct_014683,consumer_011995
acct_014684,consumer_011996
acct_014685,consumer_011997
acct_014686,consumer_011998
acct_014687,consumer_011999
acct_014688,consumer_012000
acct_014689,consumer_012001
acct_014690,consumer_012002
acct_014691,consumer_012003
acct_014692,consumer_012004
acct_014693,consumer_012005
acct_014694,consumer_012006
acct_014695,consumer_012007
acct_014696,consumer_012008
acct_014697,consumer_012009
acct_014698,consumer_012010
acct_014699,consumer_012011
acct_014700,consumer_012012
acct_014701,consumer_012013
acct_014702,consumer_012014
acct_014703,consumer_012015
acct_014704,consumer_012016
acct_014705,consumer_012017
acct_014706,consumer_012018
acct_014707,consumer_012019
acct_014708,consumer_012020
acct_014709,consumer_012021
acct_014710,consumer_012022
acct_014711,consumer_012023
acct_014712,consumer_012024
acct_014713,consumer_012025
acct_014714,consumer_012026
acct_014715,consumer_012027
acct_014716,consumer_012027
acct_014717,consumer_012028
acct_014718,consumer_012029
acct_014719,consumer_012030
acct_014720,consumer_012030
acct_014721,consumer_012031
acct_014722,consumer_012032
acct_014723,consumer_012033
acct_014724,consumer_012034
acct_014725,consumer_012035
acct_014726,consumer_012036
acct_014727,consumer_012037
acct_014728,consumer_012037
acct_014729,consumer_012037
acct_014730,consumer_012038
acct_014731,consumer_012039
acct_014732,consumer_012040
acct_014733,consumer_012041
acct_014734,consumer_012042
acct_014735,consumer_012043
acct_014736,consumer_012044
acct_014737,consumer_012045
acct_014738,consumer_012046
acct_014739,consumer_012047
acct_014740,consumer_012048
acct_014741,consumer_012049
acct_014742,consumer_012050
acct_014743,consumer_012051
acct_014744,consumer_012052
acct_014745,consumer_012053
acct_014746,consumer_012054
acct_014747,consumer_012055
acct_014748,consumer_012056
acct_014749,consumer_012057
acct_014750,consumer_012058
acct_014751,consumer_012059
acct_014752,consumer_012060
acct_014753,consumer_012061
acct_014754,consumer_012062
acct_014755,consumer_012063
acct_014756,consumer_012064
acct_014757,consumer_012065
acct_014758,consumer_012066
acct_014759,consumer_012067
acct_014760,consumer_012068
acct_014761,consumer_012069
acct_014762,consumer_012070
acct_014763,consumer_012071
acct_014764,consumer_012071
acct_014765,consumer_012071
acct_014766,consumer_012072
acct_014767,consumer_012073
acct_014768,consumer_012074
acct_014769,consumer_012074
acct_014770,consumer_012074
acct_014771,consumer_012075
acct_014772,consumer_012076
acct_014773,consumer_012077
acct_014774,consumer_012078
acct_014775,consumer_012078
acct_014776,consumer_012079
acct_014777,consumer_012080
acct_014778,consumer_012081
acct_014779,consumer_012082
acct_014780,consumer_012083
acct_014781,consumer_012084
acct_014782,consumer_012085
acct_014783,consumer_012086
acct_014784,consumer_012087
acct_014785,consumer_012088
acct_014786,consumer_012089
acct_014787,consumer_012090
acct_014788,consumer_012091
acct_014789,consumer_012092
acct_014790,consumer_012093
acct_014791,consumer_012094
acct_014792,consumer_012095
acct_014793,consumer_012096
acct_014794,consumer_012097
acct_014795,consumer_012098
acct_014796,consumer_012099
acct_014797,consumer_012100
acct_014798,consumer_012101
acct_014799,consumer_012102
acct_014800,consumer_012103
acct_014801,consumer_012104
acct_014802,consumer_012105
acct_014803,consumer_012106
acct_014804,consumer_012107
acct_014805,consumer_012108
acct_014806,consumer_012109
acct_014807,consumer_012110
acct_014808,consumer_012111
acct_014809,consumer_012112
acct_014810,consumer_012113
acct_014811,consumer_012114
acct_014812,consumer_012115
acct_014813,consumer_012116
acct_014814,consumer_012117
acct_014815,consumer_012117
acct_014816,consumer_012117
acct_014817,consumer_012118
acct_014818,consumer_012118
acct_014819,consumer_012119
acct_014820,consumer_012120
acct_014821,consumer_012121
acct_014822,consumer_012122
acct_014823,consumer_012123
acct_014824,consumer_012124
acct_014825,consumer_012125
acct_014826,consumer_012126
acct_014827,consumer_012127
acct_014828,consumer_012128
acct_014829,consumer_012129
acct_014830,consumer_012129
acct_014831,consumer_012130
acct_014832,consumer_012131
acct_014833,consumer_012132
acct_014834,consumer_012133
acct_014835,consumer_012134
acct_014836,consumer_012135
acct_014837,consumer_012136
acct_014838,consumer_012137
acct_014839,consumer_012138
acct_014840,consumer_012139
acct_014841,consumer_012140
acct_014842,consumer_012141
acct_014843,consumer_012141
acct_014844,consumer_012141
acct_014845,consumer_012142
acct_014846,consumer_012143
acct_014847,consumer_012144
acct_014848,consumer_012145
acct_014849,consumer_012146
acct_014850,consumer_012147
acct_014851,consumer_012148
acct_014852,consumer_012148
acct_014853,consumer_012149
acct_014854,consumer_012150
acct_014855,consumer_012151
acct_014856,consumer_012151
acct_014857,consumer_012152
acct_014858,consumer_012153
acct_014859,consumer_012154
acct_014860,consumer_012155
acct_014861,consumer_012156
acct_014862,consumer_012157
acct_014863,consumer_012158
acct_014864,consumer_012159
acct_014865,consumer_012160
acct_014866,consumer_012161
acct_014867,consumer_012161
acct_014868,consumer_012162
acct_014869,consumer_012163
acct_014870,consumer_012164
acct_014871,consumer_012165
acct_014872,consumer_012166
acct_014873,consumer_012167
acct_014874,consumer_012168
acct_014875,consumer_012169
acct_014876,consumer_012170
acct_014877,consumer_012171
acct_014878,consumer_012172
acct_014879,consumer_012173
acct_014880,consumer_012174
acct_014881,consumer_012174
acct_014882,consumer_012174
acct_014883,consumer_012175
acct_014884,consumer_012176
acct_014885,consumer_012177
acct_014886,consumer_012178
acct_014887,consumer_012179
acct_014888,consumer_012180
acct_014889,consumer_012180
acct_014890,consumer_012181
acct_014891,consumer_012182
acct_014892,consumer_012183
acct_014893,consumer_012184
acct_014894,consumer_012185
acct_014895,consumer_012186
acct_014896,consumer_012187
acct_014897,consumer_012188
acct_014898,consumer_012189
acct_014899,consumer_012190
acct_014900,consumer_012190
acct_014901,consumer_012190
acct_014902,consumer_012191
acct_014903,consumer_012192
acct_014904,consumer_012193
acct_014905,consumer_012193
acct_014906,consumer_012194
acct_014907,consumer_012195
acct_014908,consumer_012195
acct_014909,consumer_012195
acct_014910,consumer_012196
acct_014911,consumer_012197
acct_014912,consumer_012198
acct_014913,consumer_012198
acct_014914,consumer_012198
acct_014915,consumer_012199
acct_014916,consumer_012200
acct_014917,consumer_012201
acct_014918,consumer_012202
acct_014919,consumer_012203
acct_014920,consumer_012204
acct_014921,consumer_012205
acct_014922,consumer_012206
acct_014923,consumer_012207
acct_014924,consumer_012207
acct_014925,consumer_012208
acct_014926,consumer_012209
acct_014927,consumer_012210
acct_014928,consumer_012211
acct_014929,consumer_012212
acct_014930,consumer_012213
acct_014931,consumer_012214
acct_014932,consumer_012215
acct_014933,consumer_012216
acct_014934,consumer_012217
acct_014935,consumer_012218
acct_014936,consumer_012219
acct_014937,consumer_012220
acct_014938,consumer_012221
acct_014939,consumer_012222
acct_014940,consumer_012223
acct_014941,consumer_012224
acct_014942,consumer_012225
acct_014943,consumer_012226
acct_014944,consumer_012227
acct_014945,consumer_012228
acct_014946,consumer_012229
acct_014947,consumer_012230
acct_014948,consumer_012231
acct_014949,consumer_012232
acct_014950,consumer_012233
acct_014951,consumer_012234
acct_014952,consumer_012235
acct_014953,consumer_012236
acct_014954,consumer_012237
acct_014955,consumer_012238
acct_014956,consumer_012239
acct_014957,consumer_012240
acct_014958,consumer_012241
acct_014959,consumer_012242
acct_014960,consumer_012243
acct_014961,consumer_012244
acct_014962,consumer_012244
acct_014963,consumer_012244
acct_014964,consumer_012245
acct_014965,consumer_012246
acct_014966,consumer_012247
acct_014967,consumer_012248
acct_014968,consumer_012249
acct_014969,consumer_012250
acct_014970,consumer_012250
acct_014971,consumer_012251
acct_014972,consumer_012252
acct_014973,consumer_012253
acct_014974,consumer_012254
acct_014975,consumer_012254
acct_014976,consumer_012254
acct_014977,consumer_012255
acct_014978,consumer_012256
acct_014979,consumer_012257
acct_014980,consumer_012257
acct_014981,consumer_012258
acct_014982,consumer_012259
acct_014983,consumer_012260
acct_014984,consumer_012260
acct_014985,consumer_012261
acct_014986,consumer_012262
acct_014987,consumer_012263
acct_014988,consumer_012263
acct_014989,consumer_012264
acct_014990,consumer_012265
acct_014991,consumer_012266
acct_014992,consumer_012267
acct_014993,consumer_012268
acct_014994,consumer_012269
acct_014995,consumer_012270
acct_014996,consumer_012271
acct_014997,consumer_012272
acct_014998,consumer_012273
acct_014999,consumer_012274
acct_015000,consumer_012275
acct_015001,consumer_012276
acct_015002,consumer_012277
acct_015003,consumer_012278
acct_015004,consumer_012279
acct_015005,consumer_012280
acct_015006,consumer_012281
acct_015007,consumer_012282
acct_015008,consumer_012283
acct_015009,consumer_012284
acct_015010,consumer_012285
acct_015011,consumer_012286
acct_015012,consumer_012287
acct_015013,consumer_012288
acct_015014,consumer_012289
acct_015015,consumer_012290
acct_015016,consumer_012291
acct_015017,consumer_012291
acct_015018,consumer_012291
acct_015019,consumer_012292
acct_015020,consumer_012293
acct_015021,consumer_012293
acct_015022,consumer_012293
acct_015023,consumer_012294
acct_015024,consumer_012295
acct_015025,consumer_012295
acct_015026,consumer_012295
acct_015027,consumer_012296
acct_015028,consumer_012297
acct_015029,consumer_012297
acct_015030,consumer_012298
acct_015031,consumer_012299
acct_015032,consumer_012300
acct_015033,consumer_012301
acct_015034,consumer_012302
acct_015035,consumer_012303
acct_015036,consumer_012304
acct_015037,consumer_012305
acct_015038,consumer_012305
acct_015039,consumer_012306
acct_015040,consumer_012307
acct_015041,consumer_012308
acct_015042,consumer_012309
acct_015043,consumer_012310
acct_015044,consumer_012310
acct_015045,consumer_012311
acct_015046,consumer_012312
acct_015047,consumer_012313
acct_015048,consumer_012314
acct_015049,consumer_012315
acct_015050,consumer_012316
acct_015051,consumer_012317
acct_015052,consumer_012317
acct_015053,consumer_012317
acct_015054,consumer_012318
acct_015055,consumer_012319
acct_015056,consumer_012320
acct_015057,consumer_012321
acct_015058,consumer_012322
acct_015059,consumer_012323
acct_015060,consumer_012324
acct_015061,consumer_012325
acct_015062,consumer_012326
acct_015063,consumer_012326
acct_015064,consumer_012326
acct_015065,consumer_012327
acct_015066,consumer_012328
acct_015067,consumer_012328
acct_015068,consumer_012329
acct_015069,consumer_012329
acct_015070,consumer_012329
acct_015071,consumer_012330
acct_015072,consumer_012331
acct_015073,consumer_012332
acct_015074,consumer_012333
acct_015075,consumer_012333
acct_015076,consumer_012334
acct_015077,consumer_012335
acct_015078,consumer_012336
acct_015079,consumer_012337
acct_015080,consumer_012338
acct_015081,consumer_012339
acct_015082,consumer_012340
acct_015083,consumer_012341
acct_015084,consumer_012342
acct_015085,consumer_012343
acct_015086,consumer_012344
acct_015087,consumer_012345
acct_015088,consumer_012346
acct_015089,consumer_012347
acct_015090,consumer_012348
acct_015091,consumer_012349
acct_015092,consumer_012350
acct_015093,consumer_012351
acct_015094,consumer_012352
acct_015095,consumer_012353
acct_015096,consumer_012353
acct_015097,consumer_012354
acct_015098,consumer_012355
acct_015099,consumer_012355
acct_015100,consumer_012355
acct_015101,consumer_012356
acct_015102,consumer_012357
acct_015103,consumer_012358
acct_015104,consumer_012359
acct_015105,consumer_012360
acct_015106,consumer_012361
acct_015107,consumer_012362
acct_015108,consumer_012363
acct_015109,consumer_012363
acct_015110,consumer_012364
acct_015111,consumer_012365
acct_015112,consumer_012366
acct_015113,consumer_012367
acct_015114,consumer_012367
acct_015115,consumer_012368
acct_015116,consumer_012369
acct_015117,consumer_012370
acct_015118,consumer_012371
acct_015119,consumer_012372
acct_015120,consumer_012373
acct_015121,consumer_012374
acct_015122,consumer_012375
acct_015123,consumer_012376
acct_015124,consumer_012377
acct_015125,consumer_012378
acct_015126,consumer_012379
acct_015127,consumer_012380
acct_015128,consumer_012381
acct_015129,consumer_012382
acct_015130,consumer_012382
acct_015131,consumer_012382
acct_015132,consumer_012383
acct_015133,consumer_012383
acct_015134,consumer_012384
acct_015135,consumer_012385
acct_015136,consumer_012386
acct_015137,consumer_012387
acct_015138,consumer_012387
acct_015139,consumer_012388
acct_015140,consumer_012389
acct_015141,consumer_012390
acct_015142,consumer_012391
acct_015143,consumer_012392
acct_015144,consumer_012393
acct_015145,consumer_012394
acct_015146,consumer_012395
acct_015147,consumer_012396
acct_015148,consumer_012397
acct_015149,consumer_012398
acct_015150,consumer_012399
acct_015151,consumer_012400
acct_015152,consumer_012401
acct_015153,consumer_012402
acct_015154,consumer_012403
acct_015155,consumer_012404
acct_015156,consumer_012404
acct_015157,consumer_012405
acct_015158,consumer_012406
acct_015159,consumer_012407
acct_015160,consumer_012408
acct_015161,consumer_012409
acct_015162,consumer_012410
acct_015163,consumer_012410
acct_015164,consumer_012410
acct_015165,consumer_012411
acct_015166,consumer_012412
acct_015167,consumer_012413
acct_015168,consumer_012413
acct_015169,consumer_012414
acct_015170,consumer_012415
acct_015171,consumer_012416
acct_015172,consumer_012417
acct_015173,consumer_012418
acct_015174,consumer_012419
acct_015175,consumer_012420
acct_015176,consumer_012421
acct_015177,consumer_012422
acct_015178,consumer_012423
acct_015179,consumer_012424
acct_015180,consumer_012425
acct_015181,consumer_012426
acct_015182,consumer_012427
acct_015183,consumer_012428
acct_015184,consumer_012429
acct_015185,consumer_012430
acct_015186,consumer_012430
acct_015187,consumer_012431
acct_015188,consumer_012432
acct_015189,consumer_012433
acct_015190,consumer_012434
acct_015191,consumer_012435
acct_015192,consumer_012436
acct_015193,consumer_012437
acct_015194,consumer_012438
acct_015195,consumer_012439
acct_015196,consumer_012439
acct_015197,consumer_012440
acct_015198,consumer_012441
acct_015199,consumer_012442
acct_015200,consumer_012443
acct_015201,consumer_012443
acct_015202,consumer_012443
acct_015203,consumer_012444
acct_015204,consumer_012445
acct_015205,consumer_012446
acct_015206,consumer_012447
acct_015207,consumer_012448
acct_015208,consumer_012449
acct_015209,consumer_012450
acct_015210,consumer_012451
acct_015211,consumer_012452
acct_015212,consumer_012453
acct_015213,consumer_012454
acct_015214,consumer_012455
acct_015215,consumer_012456
acct_015216,consumer_012457
acct_015217,consumer_012458
acct_015218,consumer_012459
acct_015219,consumer_012460
acct_015220,consumer_012460
acct_015221,consumer_012461
acct_015222,consumer_012462
acct_015223,consumer_012462
acct_015224,consumer_012463
acct_015225,consumer_012464
acct_015226,consumer_012465
acct_015227,consumer_012465
acct_015228,consumer_012466
acct_015229,consumer_012467
acct_015230,consumer_012468
acct_015231,consumer_012469
acct_015232,consumer_012470
acct_015233,consumer_012471
acct_015234,consumer_012472
acct_015235,consumer_012473
acct_015236,consumer_012474
acct_015237,consumer_012475
acct_015238,consumer_012476
acct_015239,consumer_012477
acct_015240,consumer_012477
acct_015241,consumer_012478
acct_015242,consumer_012479
acct_015243,consumer_012480
acct_015244,consumer_012481
acct_015245,consumer_012482
acct_015246,consumer_012482
acct_015247,consumer_012482
acct_015248,consumer_012483
acct_015249,consumer_012484
acct_015250,consumer_012485
acct_015251,consumer_012486
acct_015252,consumer_012487
acct_015253,consumer_012488
acct_015254,consumer_012489
acct_015255,consumer_012490
acct_015256,consumer_012491
acct_015257,consumer_012492
acct_015258,consumer_012493
acct_015259,consumer_012494
acct_015260,consumer_012495
acct_015261,consumer_012496
acct_015262,consumer_012497
acct_015263,consumer_012498
acct_015264,consumer_012499
acct_015265,consumer_012499
acct_015266,consumer_012499
acct_015267,consumer_012500
acct_015268,consumer_012501
acct_015269,consumer_012502
acct_015270,consumer_012503
acct_015271,consumer_012504
acct_015272,consumer_012505
acct_015273,consumer_012506
acct_015274,consumer_012507
acct_015275,consumer_012508
acct_015276,consumer_012509
acct_015277,consumer_012510
acct_015278,consumer_012511
acct_015279,consumer_012511
acct_015280,consumer_012512
acct_015281,consumer_012512
acct_015282,consumer_012513
acct_015283,consumer_012514
acct_015284,consumer_012515
acct_015285,consumer_012516
acct_015286,consumer_012517
acct_015287,consumer_012518
acct_015288,consumer_012519
acct_015289,consumer_012520
acct_015290,consumer_012521
acct_015291,consumer_012521
acct_015292,consumer_012522
acct_015293,consumer_012523
acct_015294,consumer_012524
acct_015295,consumer_012524
acct_015296,consumer_012524
acct_015297,consumer_012525
acct_015298,consumer_012526
acct_015299,consumer_012527
acct_015300,consumer_012528
acct_015301,consumer_012529
acct_015302,consumer_012529
acct_015303,consumer_012529
acct_015304,consumer_012530
acct_015305,consumer_012531
acct_015306,consumer_012532
acct_015307,consumer_012533
acct_015308,consumer_012533
acct_015309,consumer_012534
acct_015310,consumer_012535
acct_015311,consumer_012536
acct_015312,consumer_012537
acct_015313,consumer_012538
acct_015314,consumer_012539
acct_015315,consumer_012540
acct_015316,consumer_012540
acct_015317,consumer_012541
acct_015318,consumer_012542
acct_015319,consumer_012543
acct_015320,consumer_012544
acct_015321,consumer_012545
acct_015322,consumer_012546
acct_015323,consumer_012547
acct_015324,consumer_012548
acct_015325,consumer_012549
acct_015326,consumer_012550
acct_015327,consumer_012550
acct_015328,consumer_012550
acct_015329,consumer_012551
acct_015330,consumer_012552
acct_015331,consumer_012553
acct_015332,consumer_012554
acct_015333,consumer_012555
acct_015334,consumer_012556
acct_015335,consumer_012557
acct_015336,consumer_012558
acct_015337,consumer_012559
acct_015338,consumer_012560
acct_015339,consumer_012561
acct_015340,consumer_012562
acct_015341,consumer_012563
acct_015342,consumer_012564
acct_015343,consumer_012565
acct_015344,consumer_012566
acct_015345,consumer_012567
acct_015346,consumer_012568
acct_015347,consumer_012569
acct_015348,consumer_012570
acct_015349,consumer_012571
acct_015350,consumer_012572
acct_015351,consumer_012573
acct_015352,consumer_012574
acct_015353,consumer_012575
acct_015354,consumer_012575
acct_015355,consumer_012576
acct_015356,consumer_012577
acct_015357,consumer_012578
acct_015358,consumer_012579
acct_015359,consumer_012580
acct_015360,consumer_012581
acct_015361,consumer_012582
acct_015362,consumer_012583
acct_015363,consumer_012584
acct_015364,consumer_012585
acct_015365,consumer_012586
acct_015366,consumer_012587
acct_015367,consumer_012587
acct_015368,consumer_012587
acct_015369,consumer_012588
acct_015370,consumer_012589
acct_015371,consumer_012590
acct_015372,consumer_012591
acct_015373,consumer_012592
acct_015374,consumer_012593
acct_015375,consumer_012593
acct_015376,consumer_012593
acct_015377,consumer_012594
acct_015378,consumer_012595
acct_015379,consumer_012596
acct_015380,consumer_012597
acct_015381,consumer_012598
acct_015382,consumer_012599
acct_015383,consumer_012600
acct_015384,consumer_012601
acct_015385,consumer_012602
acct_015386,consumer_012603
acct_015387,consumer_012603
acct_015388,consumer_012604
acct_015389,consumer_012605
acct_015390,consumer_012606
acct_015391,consumer_012607
acct_015392,consumer_012608
acct_015393,consumer_012609
acct_015394,consumer_012610
acct_015395,consumer_012611
acct_015396,consumer_012611
acct_015397,consumer_012611
acct_015398,consumer_012612
acct_015399,consumer_012613
acct_015400,consumer_012614
acct_015401,consumer_012615
acct_015402,consumer_012616
acct_015403,consumer_012617
acct_015404,consumer_012618
acct_015405,consumer_012619
acct_015406,consumer_012620
acct_015407,consumer_012621
acct_015408,consumer_012622
acct_015409,consumer_012623
acct_015410,consumer_012624
acct_015411,consumer_012625
acct_015412,consumer_012626
acct_015413,consumer_012627
acct_015414,consumer_012628
acct_015415,consumer_012629
acct_015416,consumer_012630
acct_015417,consumer_012631
acct_015418,consumer_012632
acct_015419,consumer_012633
acct_015420,consumer_012633
acct_015421,consumer_012634
acct_015422,consumer_012635
acct_015423,consumer_012636
acct_015424,consumer_012637
acct_015425,consumer_012638
acct_015426,consumer_012638
acct_015427,consumer_012638
acct_015428,consumer_012639
acct_015429,consumer_012639
acct_015430,consumer_012640
acct_015431,consumer_012640
acct_015432,consumer_012641
acct_015433,consumer_012642
acct_015434,consumer_012643
acct_015435,consumer_012644
acct_015436,consumer_012645
acct_015437,consumer_012646
acct_015438,consumer_012647
acct_015439,consumer_012648
acct_015440,consumer_012649
acct_015441,consumer_012650
acct_015442,consumer_012650
acct_015443,consumer_012650
acct_015444,consumer_012651
acct_015445,consumer_012652
acct_015446,consumer_012652
acct_015447,consumer_012653
acct_015448,consumer_012654
acct_015449,consumer_012654
acct_015450,consumer_012655
acct_015451,consumer_012656
acct_015452,consumer_012656
acct_015453,consumer_012656
acct_015454,consumer_012657
acct_015455,consumer_012658
acct_015456,consumer_012659
acct_015457,consumer_012659
acct_015458,consumer_012660
acct_015459,consumer_012661
acct_015460,consumer_012662
acct_015461,consumer_012663
acct_015462,consumer_012664
acct_015463,consumer_012665
acct_015464,consumer_012666
acct_015465,consumer_012667
acct_015466,consumer_012667
acct_015467,consumer_012667
acct_015468,consumer_012668
acct_015469,consumer_012669
acct_015470,consumer_012670
acct_015471,consumer_012671
acct_015472,consumer_012672
acct_015473,consumer_012673
acct_015474,consumer_012674
acct_015475,consumer_012675
acct_015476,consumer_012676
acct_015477,consumer_012677
acct_015478,consumer_012678
acct_015479,consumer_012679
acct_015480,consumer_012679
acct_015481,consumer_012679
acct_015482,consumer_012680
acct_015483,consumer_012681
acct_015484,consumer_012681
acct_015485,consumer_012681
acct_015486,consumer_012682
acct_015487,consumer_012683
acct_015488,consumer_012683
acct_015489,consumer_012684
acct_015490,consumer_012685
acct_015491,consumer_012686
acct_015492,consumer_012687
acct_015493,consumer_012688
acct_015494,consumer_012689
acct_015495,consumer_012690
acct_015496,consumer_012691
acct_015497,consumer_012692
acct_015498,consumer_012692
acct_015499,consumer_012692
acct_015500,consumer_012693
acct_015501,consumer_012694
acct_015502,consumer_012695
acct_015503,consumer_012696
acct_015504,consumer_012696
acct_015505,consumer_012697
acct_015506,consumer_012698
acct_015507,consumer_012699
acct_015508,consumer_012700
acct_015509,consumer_012701
acct_015510,consumer_012702
acct_015511,consumer_012703
acct_015512,consumer_012704
acct_015513,consumer_012705
acct_015514,consumer_012706
acct_015515,consumer_012706
acct_015516,consumer_012706
acct_015517,consumer_012707
acct_015518,consumer_012708
acct_015519,consumer_012709
acct_015520,consumer_012710
acct_015521,consumer_012711
acct_015522,consumer_012712
acct_015523,consumer_012713
acct_015524,consumer_012714
acct_015525,consumer_012715
acct_015526,consumer_012716
acct_015527,consumer_012716
acct_015528,consumer_012717
acct_015529,consumer_012717
acct_015530,consumer_012718
acct_015531,consumer_012719
acct_015532,consumer_012719
acct_015533,consumer_012719
acct_015534,consumer_012720
acct_015535,consumer_012721
acct_015536,consumer_012722
acct_015537,consumer_012723
acct_015538,consumer_012723
acct_015539,consumer_012724
acct_015540,consumer_012725
acct_015541,consumer_012726
acct_015542,consumer_012727
acct_015543,consumer_012728
acct_015544,consumer_012729
acct_015545,consumer_012729
acct_015546,consumer_012730
acct_015547,consumer_012731
acct_015548,consumer_012732
acct_015549,consumer_012733
acct_015550,consumer_012733
acct_015551,consumer_012734
acct_015552,consumer_012734
acct_015553,consumer_012735
acct_015554,consumer_012735
acct_015555,consumer_012736
acct_015556,consumer_012737
acct_015557,consumer_012738
acct_015558,consumer_012739
acct_015559,consumer_012740
acct_015560,consumer_012741
acct_015561,consumer_012742
acct_015562,consumer_012743
acct_015563,consumer_012744
acct_015564,consumer_012745
acct_015565,consumer_012745
acct_015566,consumer_012745
acct_015567,consumer_012746
acct_015568,consumer_012747
acct_015569,consumer_012748
acct_015570,consumer_012748
acct_015571,consumer_012749
acct_015572,consumer_012750
acct_015573,consumer_012751
acct_015574,consumer_012752
acct_015575,consumer_012753
acct_015576,consumer_012754
acct_015577,consumer_012754
acct_015578,consumer_012755
acct_015579,consumer_012755
acct_015580,consumer_012756
acct_015581,consumer_012757
acct_015582,consumer_012758
acct_015583,consumer_012759
acct_015584,consumer_012760
acct_015585,consumer_012761
acct_015586,consumer_012762
acct_015587,consumer_012763
acct_015588,consumer_012764
acct_015589,consumer_012765
acct_015590,consumer_012766
acct_015591,consumer_012767
acct_015592,consumer_012768
acct_015593,consumer_012769
acct_015594,consumer_012770
acct_015595,consumer_012770
acct_015596,consumer_012771
acct_015597,consumer_012771
acct_015598,consumer_012772
acct_015599,consumer_012772
acct_015600,consumer_012773
acct_015601,consumer_012774
acct_015602,consumer_012775
acct_015603,consumer_012775
acct_015604,consumer_012775
acct_015605,consumer_012776
acct_015606,consumer_012777
acct_015607,consumer_012778
acct_015608,consumer_012779
acct_015609,consumer_012779
acct_015610,consumer_012779
acct_015611,consumer_012780
acct_015612,consumer_012781
acct_015613,consumer_012782
acct_015614,consumer_012783
acct_015615,consumer_012784
acct_015616,consumer_012785
acct_015617,consumer_012786
acct_015618,consumer_012787
acct_015619,consumer_012788
acct_015620,consumer_012788
acct_015621,consumer_012789
acct_015622,consumer_012790
acct_015623,consumer_012791
acct_015624,consumer_012792
acct_015625,consumer_012793
acct_015626,consumer_012793
acct_015627,consumer_012793
acct_015628,consumer_012794
acct_015629,consumer_012795
acct_015630,consumer_012796
acct_015631,consumer_012797
acct_015632,consumer_012797
acct_015633,consumer_012798
acct_015634,consumer_012799
acct_015635,consumer_012800
acct_015636,consumer_012801
acct_015637,consumer_012802
acct_015638,consumer_012802
acct_015639,consumer_012803
acct_015640,consumer_012804
acct_015641,consumer_012805
acct_015642,consumer_012806
acct_015643,consumer_012807
acct_015644,consumer_012808
acct_015645,consumer_012809
acct_015646,consumer_012809
acct_015647,consumer_012809
acct_015648,consumer_012810
acct_015649,consumer_012811
acct_015650,consumer_012812
acct_015651,consumer_012813
acct_015652,consumer_012814
acct_015653,consumer_012815
acct_015654,consumer_012816
acct_015655,consumer_012817
acct_015656,consumer_012818
acct_015657,consumer_012819
acct_015658,consumer_012820
acct_015659,consumer_012821
acct_015660,consumer_012822
acct_015661,consumer_012823
acct_015662,consumer_012824
acct_015663,consumer_012825
acct_015664,consumer_012826
acct_015665,consumer_012827
acct_015666,consumer_012827
acct_015667,consumer_012827
acct_015668,consumer_012828
acct_015669,consumer_012829
acct_015670,consumer_012830
acct_015671,consumer_012831
acct_015672,consumer_012832
acct_015673,consumer_012833
acct_015674,consumer_012834
acct_015675,consumer_012835
acct_015676,consumer_012836
acct_015677,consumer_012836
acct_015678,consumer_012837
acct_015679,consumer_012838
acct_015680,consumer_012839
acct_015681,consumer_012840
acct_015682,consumer_012841
acct_015683,consumer_012841
acct_015684,consumer_012841
acct_015685,consumer_012842
acct_015686,consumer_012843
acct_015687,consumer_012844
acct_015688,consumer_012845
acct_015689,consumer_012846
acct_015690,consumer_012847
acct_015691,consumer_012848
acct_015692,consumer_012849
acct_015693,consumer_012849
acct_015694,consumer_012849
acct_015695,consumer_012850
acct_015696,consumer_012851
acct_015697,consumer_012852
acct_015698,consumer_012853
acct_015699,consumer_012853
acct_015700,consumer_012854
acct_015701,consumer_012855
acct_015702,consumer_012856
acct_015703,consumer_012857
acct_015704,consumer_012858
acct_015705,consumer_012859
acct_015706,consumer_012860
acct_015707,consumer_012861
acct_015708,consumer_012861
acct_015709,consumer_012861
acct_015710,consumer_012862
acct_015711,consumer_012863
acct_015712,consumer_012863
acct_015713,consumer_012863
acct_015714,consumer_012864
acct_015715,consumer_012865
acct_015716,consumer_012866
acct_015717,consumer_012867
acct_015718,consumer_012868
acct_015719,consumer_012868
acct_015720,consumer_012869
acct_015721,consumer_012870
acct_015722,consumer_012871
acct_015723,consumer_012872
acct_015724,consumer_012873
acct_015725,consumer_012873
acct_015726,consumer_012874
acct_015727,consumer_012875
acct_015728,consumer_012876
acct_015729,consumer_012877
acct_015730,consumer_012877
acct_015731,consumer_012877
acct_015732,consumer_012878
acct_015733,consumer_012879
acct_015734,consumer_012879
acct_015735,consumer_012879
acct_015736,consumer_012880
acct_015737,consumer_012881
acct_015738,consumer_012882
acct_015739,consumer_012883
acct_015740,consumer_012884
acct_015741,consumer_012885
acct_015742,consumer_012886
acct_015743,consumer_012887
acct_015744,consumer_012888
acct_015745,consumer_012889
acct_015746,consumer_012890
acct_015747,consumer_012891
acct_015748,consumer_012892
acct_015749,consumer_012892
acct_015750,consumer_012893
acct_015751,consumer_012893
acct_015752,consumer_012893
acct_015753,consumer_012894
acct_015754,consumer_012895
acct_015755,consumer_012896
acct_015756,consumer_012897
acct_015757,consumer_012898
acct_015758,consumer_012899
acct_015759,consumer_012900
acct_015760,consumer_012901
acct_015761,consumer_012902
acct_015762,consumer_012903
acct_015763,consumer_012904
acct_015764,consumer_012905
acct_015765,consumer_012906
acct_015766,consumer_012907
acct_015767,consumer_012908
acct_015768,consumer_012909
acct_015769,consumer_012910
acct_015770,consumer_012911
acct_015771,consumer_012912
acct_015772,consumer_012913
acct_015773,consumer_012914
acct_015774,consumer_012914
acct_015775,consumer_012915
acct_015776,consumer_012916
acct_015777,consumer_012917
acct_015778,consumer_012917
acct_015779,consumer_012918
acct_015780,consumer_012919
acct_015781,consumer_012920
acct_015782,consumer_012920
acct_015783,consumer_012921
acct_015784,consumer_012922
acct_015785,consumer_012923
acct_015786,consumer_012924
acct_015787,consumer_012924
acct_015788,consumer_012925
acct_015789,consumer_012926
acct_015790,consumer_012927
acct_015791,consumer_012928
acct_015792,consumer_012929
acct_015793,consumer_012929
acct_015794,consumer_012930
acct_015795,consumer_012931
acct_015796,consumer_012932
acct_015797,consumer_012933
acct_015798,consumer_012934
acct_015799,consumer_012935
acct_015800,consumer_012936
acct_015801,consumer_012937
acct_015802,consumer_012938
acct_015803,consumer_012939
acct_015804,consumer_012940
acct_015805,consumer_012941
acct_015806,consumer_012942
acct_015807,consumer_012943
acct_015808,consumer_012943
acct_015809,consumer_012943
acct_015810,consumer_012944
acct_015811,consumer_012945
acct_015812,consumer_012945
acct_015813,consumer_012945
acct_015814,consumer_012946
acct_015815,consumer_012947
acct_015816,consumer_012947
acct_015817,consumer_012947
acct_015818,consumer_012948
acct_015819,consumer_012949
acct_015820,consumer_012950
acct_015821,consumer_012951
acct_015822,consumer_012952
acct_015823,consumer_012953
acct_015824,consumer_012954
acct_015825,consumer_012955
acct_015826,consumer_012956
acct_015827,consumer_012957
acct_015828,consumer_012958
acct_015829,consumer_012959
acct_015830,consumer_012960
acct_015831,consumer_012961
acct_015832,consumer_012961
acct_015833,consumer_012961
acct_015834,consumer_012962
acct_015835,consumer_012963
acct_015836,consumer_012964
acct_015837,consumer_012965
acct_015838,consumer_012966
acct_015839,consumer_012967
acct_015840,consumer_012968
acct_015841,consumer_012969
acct_015842,consumer_012970
acct_015843,consumer_012971
acct_015844,consumer_012971
acct_015845,consumer_012972
acct_015846,consumer_012973
acct_015847,consumer_012973
acct_015848,consumer_012974
acct_015849,consumer_012975
acct_015850,consumer_012976
acct_015851,consumer_012977
acct_015852,consumer_012978
acct_015853,consumer_012979
acct_015854,consumer_012980
acct_015855,consumer_012980
acct_015856,consumer_012981
acct_015857,consumer_012982
acct_015858,consumer_012983
acct_015859,consumer_012983
acct_015860,consumer_012984
acct_015861,consumer_012985
acct_015862,consumer_012985
acct_015863,consumer_012986
acct_015864,consumer_012987
acct_015865,consumer_012988
acct_015866,consumer_012989
acct_015867,consumer_012990
acct_015868,consumer_012991
acct_015869,consumer_012992
acct_015870,consumer_012993
acct_015871,consumer_012994
acct_015872,consumer_012995
acct_015873,consumer_012996
acct_015874,consumer_012997
acct_015875,consumer_012998
acct_015876,consumer_012999
acct_015877,consumer_013000
acct_015878,consumer_013001
acct_015879,consumer_013002
acct_015880,consumer_013002
acct_015881,consumer_013003
acct_015882,consumer_013004
acct_015883,consumer_013004
acct_015884,consumer_013004
acct_015885,consumer_013005
acct_015886,consumer_013006
acct_015887,consumer_013007
acct_015888,consumer_013008
acct_015889,consumer_013009
acct_015890,consumer_013010
acct_015891,consumer_013011
acct_015892,consumer_013011
acct_015893,consumer_013012
acct_015894,consumer_013012
acct_015895,consumer_013012
acct_015896,consumer_013013
acct_015897,consumer_013014
acct_015898,consumer_013014
acct_015899,consumer_013015
acct_015900,consumer_013016
acct_015901,consumer_013017
acct_015902,consumer_013018
acct_015903,consumer_013019
acct_015904,consumer_013020
acct_015905,consumer_013021
acct_015906,consumer_013022
acct_015907,consumer_013023
acct_015908,consumer_013024
acct_015909,consumer_013025
acct_015910,consumer_013026
acct_015911,consumer_013027
acct_015912,consumer_013028
acct_015913,consumer_013029
acct_015914,consumer_013030
acct_015915,consumer_013031
acct_015916,consumer_013032
acct_015917,consumer_013033
acct_015918,consumer_013034
acct_015919,consumer_013035
acct_015920,consumer_013036
acct_015921,consumer_013037
acct_015922,consumer_013038
acct_015923,consumer_013039
acct_015924,consumer_013040
acct_015925,consumer_013041
acct_015926,consumer_013042
acct_015927,consumer_013043
acct_015928,consumer_013043
acct_015929,consumer_013043
acct_015930,consumer_013044
acct_015931,consumer_013045
acct_015932,consumer_013046
acct_015933,consumer_013046
acct_015934,consumer_013046
acct_015935,consumer_013047
acct_015936,consumer_013048
acct_015937,consumer_013049
acct_015938,consumer_013049
acct_015939,consumer_013050
acct_015940,consumer_013051
acct_015941,consumer_013052
acct_015942,consumer_013053
acct_015943,consumer_013054
acct_015944,consumer_013055
acct_015945,consumer_013056
acct_015946,consumer_013056
acct_015947,consumer_013057
acct_015948,consumer_013058
acct_015949,consumer_013059
acct_015950,consumer_013060
acct_015951,consumer_013061
acct_015952,consumer_013062
acct_015953,consumer_013063
acct_015954,consumer_013064
acct_015955,consumer_013065
acct_015956,consumer_013066
acct_015957,consumer_013067
acct_015958,consumer_013068
acct_015959,consumer_013069
acct_015960,consumer_013069
acct_015961,consumer_013070
acct_015962,consumer_013070
acct_015963,consumer_013071
acct_015964,consumer_013072
acct_015965,consumer_013073
acct_015966,consumer_013074
acct_015967,consumer_013075
acct_015968,consumer_013076
acct_015969,consumer_013077
acct_015970,consumer_013077
acct_015971,consumer_013078
acct_015972,consumer_013079
acct_015973,consumer_013080
acct_015974,consumer_013081
acct_015975,consumer_013082
acct_015976,consumer_013083
acct_015977,consumer_013084
acct_015978,consumer_013085
acct_015979,consumer_013086
acct_015980,consumer_013087
acct_015981,consumer_013088
acct_015982,consumer_013089
acct_015983,consumer_013090
acct_015984,consumer_013091
acct_015985,consumer_013091
acct_015986,consumer_013092
acct_015987,consumer_013093
acct_015988,consumer_013093
acct_015989,consumer_013093
acct_015990,consumer_013094
acct_015991,consumer_013095
acct_015992,consumer_013096
acct_015993,consumer_013097
acct_015994,consumer_013098
acct_015995,consumer_013098
acct_015996,consumer_013099
acct_015997,consumer_013100
acct_015998,consumer_013101
acct_015999,consumer_013102
acct_016000,consumer_013103
acct_016001,consumer_013104
acct_016002,consumer_013104
acct_016003,consumer_013104
acct_016004,consumer_013105
acct_016005,consumer_013106
acct_016006,consumer_013107
acct_016007,consumer_013108
acct_016008,consumer_013109
acct_016009,consumer_013110
acct_016010,consumer_013110
acct_016011,consumer_013110
acct_016012,consumer_013111
acct_016013,consumer_013112
acct_016014,consumer_013113
acct_016015,consumer_013114
acct_016016,consumer_013115
acct_016017,consumer_013116
acct_016018,consumer_013117
acct_016019,consumer_013118
acct_016020,consumer_013119
acct_016021,consumer_013119
acct_016022,consumer_013120
acct_016023,consumer_013121
acct_016024,consumer_013122
acct_016025,consumer_013123
acct_016026,consumer_013124
acct_016027,consumer_013124
acct_016028,consumer_013125
acct_016029,consumer_013126
acct_016030,consumer_013127
acct_016031,consumer_013128
acct_016032,consumer_013128
acct_016033,consumer_013129
acct_016034,consumer_013130
acct_016035,consumer_013131
acct_016036,consumer_013132
acct_016037,consumer_013132
acct_016038,consumer_013133
acct_016039,consumer_013134
acct_016040,consumer_013134
acct_016041,consumer_013134
acct_016042,consumer_013135
acct_016043,consumer_013136
acct_016044,consumer_013137
acct_016045,consumer_013138
acct_016046,consumer_013139
acct_016047,consumer_013140
acct_016048,consumer_013141
acct_016049,consumer_013141
acct_016050,consumer_013141
acct_016051,consumer_013142
acct_016052,consumer_013143
acct_016053,consumer_013144
acct_016054,consumer_013145
acct_016055,consumer_013146
acct_016056,consumer_013147
acct_016057,consumer_013148
acct_016058,consumer_013149
acct_016059,consumer_013150
acct_016060,consumer_013151
acct_016061,consumer_013152
acct_016062,consumer_013153
acct_016063,consumer_013154
acct_016064,consumer_013154
acct_016065,consumer_013155
acct_016066,consumer_013156
acct_016067,consumer_013157
acct_016068,consumer_013158
acct_016069,consumer_013158
acct_016070,consumer_013159
acct_016071,consumer_013160
acct_016072,consumer_013160
acct_016073,consumer_013160
acct_016074,consumer_013161
acct_016075,consumer_013162
acct_016076,consumer_013163
acct_016077,consumer_013164
acct_016078,consumer_013165
acct_016079,consumer_013166
acct_016080,consumer_013167
acct_016081,consumer_013167
acct_016082,consumer_013168
acct_016083,consumer_013169
acct_016084,consumer_013170
acct_016085,consumer_013171
acct_016086,consumer_013172
acct_016087,consumer_013173
acct_016088,consumer_013174
acct_016089,consumer_013175
acct_016090,consumer_013176
acct_016091,consumer_013177
acct_016092,consumer_013178
acct_016093,consumer_013179
acct_016094,consumer_013180
acct_016095,consumer_013181
acct_016096,consumer_013182
acct_016097,consumer_013183
acct_016098,consumer_013184
acct_016099,consumer_013185
acct_016100,consumer_013186
acct_016101,consumer_013187
acct_016102,consumer_013188
acct_016103,consumer_013189
acct_016104,consumer_013189
acct_016105,consumer_013190
acct_016106,consumer_013191
acct_016107,consumer_013192
acct_016108,consumer_013193
acct_016109,consumer_013194
acct_016110,consumer_013195
acct_016111,consumer_013195
acct_016112,consumer_013195
acct_016113,consumer_013196
acct_016114,consumer_013197
acct_016115,consumer_013198
acct_016116,consumer_013199
acct_016117,consumer_013200
acct_016118,consumer_013201
acct_016119,consumer_013202
acct_016120,consumer_013203
acct_016121,consumer_013204
acct_016122,consumer_013205
acct_016123,consumer_013205
acct_016124,consumer_013206
acct_016125,consumer_013207
acct_016126,consumer_013208
acct_016127,consumer_013209
acct_016128,consumer_013210
acct_016129,consumer_013211
acct_016130,consumer_013211
acct_016131,consumer_013211
acct_016132,consumer_013212
acct_016133,consumer_013212
acct_016134,consumer_013213
acct_016135,consumer_013213
acct_016136,consumer_013214
acct_016137,consumer_013215
acct_016138,consumer_013216
acct_016139,consumer_013217
acct_016140,consumer_013218
acct_016141,consumer_013219
acct_016142,consumer_013220
acct_016143,consumer_013221
acct_016144,consumer_013221
acct_016145,consumer_013221
acct_016146,consumer_013222
acct_016147,consumer_013223
acct_016148,consumer_013224
acct_016149,consumer_013225
acct_016150,consumer_013226
acct_016151,consumer_013227
acct_016152,consumer_013228
acct_016153,consumer_013229
acct_016154,consumer_013230
acct_016155,consumer_013231
acct_016156,consumer_013232
acct_016157,consumer_013233
acct_016158,consumer_013234
acct_016159,consumer_013235
acct_016160,consumer_013235
acct_016161,consumer_013236
acct_016162,consumer_013237
acct_016163,consumer_013238
acct_016164,consumer_013239
acct_016165,consumer_013240
acct_016166,consumer_013241
acct_016167,consumer_013242
acct_016168,consumer_013242
acct_016169,consumer_013242
acct_016170,consumer_013243
acct_016171,consumer_013244
acct_016172,consumer_013245
acct_016173,consumer_013246
acct_016174,consumer_013247
acct_016175,consumer_013248
acct_016176,consumer_013249
acct_016177,consumer_013250
acct_016178,consumer_013251
acct_016179,consumer_013252
acct_016180,consumer_013253
acct_016181,consumer_013254
acct_016182,consumer_013255
acct_016183,consumer_013256
acct_016184,consumer_013257
acct_016185,consumer_013257
acct_016186,consumer_013258
acct_016187,consumer_013259
acct_016188,consumer_013260
acct_016189,consumer_013260
acct_016190,consumer_013260
acct_016191,consumer_013261
acct_016192,consumer_013262
acct_016193,consumer_013263
acct_016194,consumer_013264
acct_016195,consumer_013265
acct_016196,consumer_013266
acct_016197,consumer_013267
acct_016198,consumer_013268
acct_016199,consumer_013269
acct_016200,consumer_013270
acct_016201,consumer_013271
acct_016202,consumer_013272
acct_016203,consumer_013273
acct_016204,consumer_013274
acct_016205,consumer_013275
acct_016206,consumer_013276
acct_016207,consumer_013277
acct_016208,consumer_013278
acct_016209,consumer_013279
acct_016210,consumer_013280
acct_016211,consumer_013281
acct_016212,consumer_013282
acct_016213,consumer_013283
acct_016214,consumer_013284
acct_016215,consumer_013285
acct_016216,consumer_013286
acct_016217,consumer_013287
acct_016218,consumer_013287
acct_016219,consumer_013288
acct_016220,consumer_013289
acct_016221,consumer_013290
acct_016222,consumer_013290
acct_016223,consumer_013291
acct_016224,consumer_013292
acct_016225,consumer_013293
acct_016226,consumer_013294
acct_016227,consumer_013295
acct_016228,consumer_013296
acct_016229,consumer_013297
acct_016230,consumer_013297
acct_016231,consumer_013297
acct_016232,consumer_013298
acct_016233,consumer_013298
acct_016234,consumer_013298
acct_016235,consumer_013299
acct_016236,consumer_013300
acct_016237,consumer_013300
acct_016238,consumer_013300
acct_016239,consumer_013301
acct_016240,consumer_013302
acct_016241,consumer_013303
acct_016242,consumer_013304
acct_016243,consumer_013305
acct_016244,consumer_013306
acct_016245,consumer_013307
acct_016246,consumer_013308
acct_016247,consumer_013308
acct_016248,consumer_013308
acct_016249,consumer_013309
acct_016250,consumer_013310
acct_016251,consumer_013311
acct_016252,consumer_013312
acct_016253,consumer_013313
acct_016254,consumer_013314
acct_016255,consumer_013315
acct_016256,consumer_013316
acct_016257,consumer_013317
acct_016258,consumer_013318
acct_016259,consumer_013319
acct_016260,consumer_013320
acct_016261,consumer_013321
acct_016262,consumer_013321
acct_016263,consumer_013321
acct_016264,consumer_013322
acct_016265,consumer_013323
acct_016266,consumer_013324
acct_016267,consumer_013325
acct_016268,consumer_013326
acct_016269,consumer_013327
acct_016270,consumer_013328
acct_016271,consumer_013329
acct_016272,consumer_013330
acct_016273,consumer_013331
acct_016274,consumer_013332
acct_016275,consumer_013333
acct_016276,consumer_013334
acct_016277,consumer_013335
acct_016278,consumer_013336
acct_016279,consumer_013337
acct_016280,consumer_013337
acct_016281,consumer_013338
acct_016282,consumer_013339
acct_016283,consumer_013340
acct_016284,consumer_013341
acct_016285,consumer_013342
acct_016286,consumer_013343
acct_016287,consumer_013344
acct_016288,consumer_013345
acct_016289,consumer_013346
acct_016290,consumer_013347
acct_016291,consumer_013347
acct_016292,consumer_013347
acct_016293,consumer_013348
acct_016294,consumer_013348
acct_016295,consumer_013348
acct_016296,consumer_013349
acct_016297,consumer_013350
acct_016298,consumer_013351
acct_016299,consumer_013352
acct_016300,consumer_013353
acct_016301,consumer_013354
acct_016302,consumer_013355
acct_016303,consumer_013356
acct_016304,consumer_013357
acct_016305,consumer_013357
acct_016306,consumer_013357
acct_016307,consumer_013358
acct_016308,consumer_013359
acct_016309,consumer_013360
acct_016310,consumer_013361
acct_016311,consumer_013362
acct_016312,consumer_013363
acct_016313,consumer_013364
acct_016314,consumer_013365
acct_016315,consumer_013365
acct_016316,consumer_013366
acct_016317,consumer_013367
acct_016318,consumer_013368
acct_016319,consumer_013369
acct_016320,consumer_013369
acct_016321,consumer_013369
acct_016322,consumer_013370
acct_016323,consumer_013371
acct_016324,consumer_013371
acct_016325,consumer_013371
acct_016326,consumer_013372
acct_016327,consumer_013373
acct_016328,consumer_013374
acct_016329,consumer_013375
acct_016330,consumer_013376
acct_016331,consumer_013377
acct_016332,consumer_013378
acct_016333,consumer_013379
acct_016334,consumer_013380
acct_016335,consumer_013380
acct_016336,consumer_013380
acct_016337,consumer_013381
acct_016338,consumer_013382
acct_016339,consumer_013383
acct_016340,consumer_013383
acct_016341,consumer_013384
acct_016342,consumer_013385
acct_016343,consumer_013386
acct_016344,consumer_013387
acct_016345,consumer_013388
acct_016346,consumer_013389
acct_016347,consumer_013390
acct_016348,consumer_013391
acct_016349,consumer_013392
acct_016350,consumer_013393
acct_016351,consumer_013394
acct_016352,consumer_013395
acct_016353,consumer_013395
acct_016354,consumer_013396
acct_016355,consumer_013397
acct_016356,consumer_013398
acct_016357,consumer_013399
acct_016358,consumer_013400
acct_016359,consumer_013401
acct_016360,consumer_013402
acct_016361,consumer_013403
acct_016362,consumer_013404
acct_016363,consumer_013405
acct_016364,consumer_013406
acct_016365,consumer_013407
acct_016366,consumer_013408
acct_016367,consumer_013409
acct_016368,consumer_013410
acct_016369,consumer_013411
acct_016370,consumer_013412
acct_016371,consumer_013413
acct_016372,consumer_013414
acct_016373,consumer_013414
acct_016374,consumer_013414
acct_016375,consumer_013415
acct_016376,consumer_013416
acct_016377,consumer_013417
acct_016378,consumer_013418
acct_016379,consumer_013419
acct_016380,consumer_013420
acct_016381,consumer_013421
acct_016382,consumer_013422
acct_016383,consumer_013423
acct_016384,consumer_013424
acct_016385,consumer_013425
acct_016386,consumer_013426
acct_016387,consumer_013427
acct_016388,consumer_013428
acct_016389,consumer_013429
acct_016390,consumer_013430
acct_016391,consumer_013431
acct_016392,consumer_013432
acct_016393,consumer_013433
acct_016394,consumer_013434
acct_016395,consumer_013435
acct_016396,consumer_013436
acct_016397,consumer_013437
acct_016398,consumer_013437
acct_016399,consumer_013437
acct_016400,consumer_013438
acct_016401,consumer_013439
acct_016402,consumer_013439
acct_016403,consumer_013439
acct_016404,consumer_013440
acct_016405,consumer_013441
acct_016406,consumer_013442
acct_016407,consumer_013443
acct_016408,consumer_013444
acct_016409,consumer_013444
acct_016410,consumer_013445
acct_016411,consumer_013446
acct_016412,consumer_013447
acct_016413,consumer_013448
acct_016414,consumer_013449
acct_016415,consumer_013450
acct_016416,consumer_013451
acct_016417,consumer_013452
acct_016418,consumer_013453
acct_016419,consumer_013454
acct_016420,consumer_013455
acct_016421,consumer_013456
acct_016422,consumer_013457
acct_016423,consumer_013458
acct_016424,consumer_013459
acct_016425,consumer_013459
acct_016426,consumer_013460
acct_016427,consumer_013461
acct_016428,consumer_013462
acct_016429,consumer_013463
acct_016430,consumer_013464
acct_016431,consumer_013465
acct_016432,consumer_013465
acct_016433,consumer_013465
acct_016434,consumer_013466
acct_016435,consumer_013466
acct_016436,consumer_013467
acct_016437,consumer_013468
acct_016438,consumer_013469
acct_016439,consumer_013470
acct_016440,consumer_013471
acct_016441,consumer_013472
acct_016442,consumer_013473
acct_016443,consumer_013474
acct_016444,consumer_013475
acct_016445,consumer_013476
acct_016446,consumer_013477
acct_016447,consumer_013478
acct_016448,consumer_013479
acct_016449,consumer_013480
acct_016450,consumer_013481
acct_016451,consumer_013482
acct_016452,consumer_013483
acct_016453,consumer_013484
acct_016454,consumer_013484
acct_016455,consumer_013484
acct_016456,consumer_013485
acct_016457,consumer_013486
acct_016458,consumer_013487
acct_016459,consumer_013488
acct_016460,consumer_013488
acct_016461,consumer_013488
acct_016462,consumer_013489
acct_016463,consumer_013490
acct_016464,consumer_013491
acct_016465,consumer_013492
acct_016466,consumer_013493
acct_016467,consumer_013494
acct_016468,consumer_013495
acct_016469,consumer_013496
acct_016470,consumer_013497
acct_016471,consumer_013498
acct_016472,consumer_013499
acct_016473,consumer_013500
acct_016474,consumer_013501
acct_016475,consumer_013502
acct_016476,consumer_013503
acct_016477,consumer_013504
acct_016478,consumer_013505
acct_016479,consumer_013506
acct_016480,consumer_013507
acct_016481,consumer_013507
acct_016482,consumer_013507
acct_016483,consumer_013508
acct_016484,consumer_013509
acct_016485,consumer_013510
acct_016486,consumer_013511
acct_016487,consumer_013511
acct_016488,consumer_013512
acct_016489,consumer_013513
acct_016490,consumer_013514
acct_016491,consumer_013515
acct_016492,consumer_013515
acct_016493,consumer_013515
acct_016494,consumer_013516
acct_016495,consumer_013517
acct_016496,consumer_013518
acct_016497,consumer_013519
acct_016498,consumer_013520
acct_016499,consumer_013521
acct_016500,consumer_013522
acct_016501,consumer_013523
acct_016502,consumer_013524
acct_016503,consumer_013525
acct_016504,consumer_013526
acct_016505,consumer_013527
acct_016506,consumer_013527
acct_016507,consumer_013528
acct_016508,consumer_013529
acct_016509,consumer_013530
acct_016510,consumer_013530
acct_016511,consumer_013531
acct_016512,consumer_013532
acct_016513,consumer_013533
acct_016514,consumer_013534
acct_016515,consumer_013534
acct_016516,consumer_013534
acct_016517,consumer_013535
acct_016518,consumer_013536
acct_016519,consumer_013537
acct_016520,consumer_013537
acct_016521,consumer_013537
acct_016522,consumer_013538
acct_016523,consumer_013539
acct_016524,consumer_013540
acct_016525,consumer_013541
acct_016526,consumer_013542
acct_016527,consumer_013543
acct_016528,consumer_013544
acct_016529,consumer_013545
acct_016530,consumer_013546
acct_016531,consumer_013547
acct_016532,consumer_013548
acct_016533,consumer_013549
acct_016534,consumer_013550
acct_016535,consumer_013551
acct_016536,consumer_013552
acct_016537,consumer_013553
acct_016538,consumer_013553
acct_016539,consumer_013553
acct_016540,consumer_013554
acct_016541,consumer_013555
acct_016542,consumer_013556
acct_016543,consumer_013557
acct_016544,consumer_013558
acct_016545,consumer_013559
acct_016546,consumer_013560
acct_016547,consumer_013560
acct_016548,consumer_013561
acct_016549,consumer_013562
acct_016550,consumer_013563
acct_016551,consumer_013564
acct_016552,consumer_013565
acct_016553,consumer_013566
acct_016554,consumer_013567
acct_016555,consumer_013567
acct_016556,consumer_013567
acct_016557,consumer_013568
acct_016558,consumer_013569
acct_016559,consumer_013569
acct_016560,consumer_013569
acct_016561,consumer_013570
acct_016562,consumer_013571
acct_016563,consumer_013572
acct_016564,consumer_013573
acct_016565,consumer_013574
acct_016566,consumer_013575
acct_016567,consumer_013576
acct_016568,consumer_013576
acct_016569,consumer_013577
acct_016570,consumer_013578
acct_016571,consumer_013579
acct_016572,consumer_013580
acct_016573,consumer_013581
acct_016574,consumer_013582
acct_016575,consumer_013583
acct_016576,consumer_013584
acct_016577,consumer_013584
acct_016578,consumer_013585
acct_016579,consumer_013586
acct_016580,consumer_013587
acct_016581,consumer_013588
acct_016582,consumer_013589
acct_016583,consumer_013589
acct_016584,consumer_013589
acct_016585,consumer_013590
acct_016586,consumer_013591
acct_016587,consumer_013592
acct_016588,consumer_013592
acct_016589,consumer_013592
acct_016590,consumer_013593
acct_016591,consumer_013594
acct_016592,consumer_013595
acct_016593,consumer_013596
acct_016594,consumer_013597
acct_016595,consumer_013598
acct_016596,consumer_013599
acct_016597,consumer_013599
acct_016598,consumer_013599
acct_016599,consumer_013600
acct_016600,consumer_013601
acct_016601,consumer_013602
acct_016602,consumer_013603
acct_016603,consumer_013604
acct_016604,consumer_013605
acct_016605,consumer_013606
acct_016606,consumer_013606
acct_016607,consumer_013606
acct_016608,consumer_013607
acct_016609,consumer_013608
acct_016610,consumer_013609
acct_016611,consumer_013610
acct_016612,consumer_013611
acct_016613,consumer_013612
acct_016614,consumer_013613
acct_016615,consumer_013613
acct_016616,consumer_013614
acct_016617,consumer_013615
acct_016618,consumer_013616
acct_016619,consumer_013617
acct_016620,consumer_013618
acct_016621,consumer_013619
acct_016622,consumer_013620
acct_016623,consumer_013621
acct_016624,consumer_013621
acct_016625,consumer_013622
acct_016626,consumer_013622
acct_016627,consumer_013622
acct_016628,consumer_013623
acct_016629,consumer_013624
acct_016630,consumer_013625
acct_016631,consumer_013626
acct_016632,consumer_013627
acct_016633,consumer_013628
acct_016634,consumer_013629
acct_016635,consumer_013630
acct_016636,consumer_013631
acct_016637,consumer_013632
acct_016638,consumer_013633
acct_016639,consumer_013634
acct_016640,consumer_013635
acct_016641,consumer_013636
acct_016642,consumer_013637
acct_016643,consumer_013638
acct_016644,consumer_013639
acct_016645,consumer_013639
acct_016646,consumer_013639
acct_016647,consumer_013640
acct_016648,consumer_013641
acct_016649,consumer_013642
acct_016650,consumer_013643
acct_016651,consumer_013644
acct_016652,consumer_013645
acct_016653,consumer_013646
acct_016654,consumer_013646
acct_016655,consumer_013646
acct_016656,consumer_013647
acct_016657,consumer_013648
acct_016658,consumer_013649
acct_016659,consumer_013650
acct_016660,consumer_013651
acct_016661,consumer_013652
acct_016662,consumer_013653
acct_016663,consumer_013654
acct_016664,consumer_013655
acct_016665,consumer_013656
acct_016666,consumer_013657
acct_016667,consumer_013658
acct_016668,consumer_013659
acct_016669,consumer_013660
acct_016670,consumer_013661
acct_016671,consumer_013662
acct_016672,consumer_013663
acct_016673,consumer_013664
acct_016674,consumer_013665
acct_016675,consumer_013666
acct_016676,consumer_013667
acct_016677,consumer_013668
acct_016678,consumer_013669
acct_016679,consumer_013670
acct_016680,consumer_013671
acct_016681,consumer_013672
acct_016682,consumer_013673
acct_016683,consumer_013674
acct_016684,consumer_013675
acct_016685,consumer_013676
acct_016686,consumer_013677
acct_016687,consumer_013678
acct_016688,consumer_013679
acct_016689,consumer_013680
acct_016690,consumer_013681
acct_016691,consumer_013682
acct_016692,consumer_013683
acct_016693,consumer_013684
acct_016694,consumer_013685
acct_016695,consumer_013686
acct_016696,consumer_013687
acct_016697,consumer_013688
acct_016698,consumer_013689
acct_016699,consumer_013690
acct_016700,consumer_013691
acct_016701,consumer_013692
acct_016702,consumer_013692
acct_016703,consumer_013692
acct_016704,consumer_013693
acct_016705,consumer_013694
acct_016706,consumer_013695
acct_016707,consumer_013696
acct_016708,consumer_013697
acct_016709,consumer_013698
acct_016710,consumer_013699
acct_016711,consumer_013699
acct_016712,consumer_013699
acct_016713,consumer_013700
acct_016714,consumer_013701
acct_016715,consumer_013702
acct_016716,consumer_013703
acct_016717,consumer_013704
acct_016718,consumer_013704
acct_016719,consumer_013704
acct_016720,consumer_013705
acct_016721,consumer_013706
acct_016722,consumer_013707
acct_016723,consumer_013708
acct_016724,consumer_013709
acct_016725,consumer_013710
acct_016726,consumer_013711
acct_016727,consumer_013712
acct_016728,consumer_013713
acct_016729,consumer_013713
acct_016730,consumer_013713
acct_016731,consumer_013714
acct_016732,consumer_013715
acct_016733,consumer_013716
acct_016734,consumer_013717
acct_016735,consumer_013718
acct_016736,consumer_013719
acct_016737,consumer_013720
acct_016738,consumer_013721
acct_016739,consumer_013722
acct_016740,consumer_013723
acct_016741,consumer_013724
acct_016742,consumer_013725
acct_016743,consumer_013726
acct_016744,consumer_013726
acct_016745,consumer_013727
acct_016746,consumer_013728
acct_016747,consumer_013729
acct_016748,consumer_013730
acct_016749,consumer_013731
acct_016750,consumer_013732
acct_016751,consumer_013733
acct_016752,consumer_013733
acct_016753,consumer_013733
acct_016754,consumer_013734
acct_016755,consumer_013735
acct_016756,consumer_013735
acct_016757,consumer_013735
acct_016758,consumer_013736
acct_016759,consumer_013737
acct_016760,consumer_013738
acct_016761,consumer_013739
acct_016762,consumer_013740
acct_016763,consumer_013741
acct_016764,consumer_013742
acct_016765,consumer_013743
acct_016766,consumer_013743
acct_016767,consumer_013744
acct_016768,consumer_013745
acct_016769,consumer_013745
acct_016770,consumer_013745
acct_016771,consumer_013746
acct_016772,consumer_013747
acct_016773,consumer_013748
acct_016774,consumer_013749
acct_016775,consumer_013750
acct_016776,consumer_013751
acct_016777,consumer_013751
acct_016778,consumer_013752
acct_016779,consumer_013753
acct_016780,consumer_013754
acct_016781,consumer_013754
acct_016782,consumer_013754
acct_016783,consumer_013755
acct_016784,consumer_013756
acct_016785,consumer_013756
acct_016786,consumer_013757
acct_016787,consumer_013758
acct_016788,consumer_013759
acct_016789,consumer_013760
acct_016790,consumer_013760
acct_016791,consumer_013760
acct_016792,consumer_013761
acct_016793,consumer_013762
acct_016794,consumer_013763
acct_016795,consumer_013764
acct_016796,consumer_013765
acct_016797,consumer_013766
acct_016798,consumer_013766
acct_016799,consumer_013766
acct_016800,consumer_013767
acct_016801,consumer_013768
acct_016802,consumer_013768
acct_016803,consumer_013768
acct_016804,consumer_013769
acct_016805,consumer_013770
acct_016806,consumer_013771
acct_016807,consumer_013771
acct_016808,consumer_013772
acct_016809,consumer_013773
acct_016810,consumer_013774
acct_016811,consumer_013775
acct_016812,consumer_013775
acct_016813,consumer_013775
acct_016814,consumer_013776
acct_016815,consumer_013777
acct_016816,consumer_013778
acct_016817,consumer_013779
acct_016818,consumer_013780
acct_016819,consumer_013781
acct_016820,consumer_013782
acct_016821,consumer_013783
acct_016822,consumer_013783
acct_016823,consumer_013784
acct_016824,consumer_013785
acct_016825,consumer_013786
acct_016826,consumer_013787
acct_016827,consumer_013788
acct_016828,consumer_013789
acct_016829,consumer_013790
acct_016830,consumer_013791
acct_016831,consumer_013792
acct_016832,consumer_013792
acct_016833,consumer_013792
acct_016834,consumer_013793
acct_016835,consumer_013794
acct_016836,consumer_013794
acct_016837,consumer_013794
acct_016838,consumer_013795
acct_016839,consumer_013796
acct_016840,consumer_013797
acct_016841,consumer_013798
acct_016842,consumer_013799
acct_016843,consumer_013800
acct_016844,consumer_013801
acct_016845,consumer_013802
acct_016846,consumer_013803
acct_016847,consumer_013804
acct_016848,consumer_013804
acct_016849,consumer_013805
acct_016850,consumer_013806
acct_016851,consumer_013807
acct_016852,consumer_013807
acct_016853,consumer_013807
acct_016854,consumer_013808
acct_016855,consumer_013809
acct_016856,consumer_013810
acct_016857,consumer_013811
acct_016858,consumer_013812
acct_016859,consumer_013813
acct_016860,consumer_013813
acct_016861,consumer_013814
acct_016862,consumer_013815
acct_016863,consumer_013815
acct_016864,consumer_013815
acct_016865,consumer_013816
acct_016866,consumer_013817
acct_016867,consumer_013818
acct_016868,consumer_013819
acct_016869,consumer_013820
acct_016870,consumer_013821
acct_016871,consumer_013822
acct_016872,consumer_013823
acct_016873,consumer_013823
acct_016874,consumer_013823
acct_016875,consumer_013824
acct_016876,consumer_013825
acct_016877,consumer_013826
acct_016878,consumer_013826
acct_016879,consumer_013826
acct_016880,consumer_013827
acct_016881,consumer_013828
acct_016882,consumer_013829
acct_016883,consumer_013830
acct_016884,consumer_013831
acct_016885,consumer_013832
acct_016886,consumer_013833
acct_016887,consumer_013834
acct_016888,consumer_013835
acct_016889,consumer_013836
acct_016890,consumer_013837
acct_016891,consumer_013838
acct_016892,consumer_013839
acct_016893,consumer_013840
acct_016894,consumer_013841
acct_016895,consumer_013842
acct_016896,consumer_013843
acct_016897,consumer_013844
acct_016898,consumer_013845
acct_016899,consumer_013846
acct_016900,consumer_013847
acct_016901,consumer_013847
acct_016902,consumer_013848
acct_016903,consumer_013849
acct_016904,consumer_013849
acct_016905,consumer_013850
acct_016906,consumer_013851
acct_016907,consumer_013852
acct_016908,consumer_013853
acct_016909,consumer_013854
acct_016910,consumer_013855
acct_016911,consumer_013855
acct_016912,consumer_013855
acct_016913,consumer_013856
acct_016914,consumer_013857
acct_016915,consumer_013858
acct_016916,consumer_013859
acct_016917,consumer_013859
acct_016918,consumer_013859
acct_016919,consumer_013860
acct_016920,consumer_013861
acct_016921,consumer_013862
acct_016922,consumer_013863
acct_016923,consumer_013864
acct_016924,consumer_013865
acct_016925,consumer_013866
acct_016926,consumer_013867
acct_016927,consumer_013868
acct_016928,consumer_013869
acct_016929,consumer_013870
acct_016930,consumer_013871
acct_016931,consumer_013872
acct_016932,consumer_013873
acct_016933,consumer_013874
acct_016934,consumer_013875
acct_016935,consumer_013876
acct_016936,consumer_013877
acct_016937,consumer_013878
acct_016938,consumer_013879
acct_016939,consumer_013880
acct_016940,consumer_013881
acct_016941,consumer_013882
acct_016942,consumer_013882
acct_016943,consumer_013882
acct_016944,consumer_013883
acct_016945,consumer_013884
acct_016946,consumer_013885
acct_016947,consumer_013886
acct_016948,consumer_013887
acct_016949,consumer_013888
acct_016950,consumer_013889
acct_016951,consumer_013889
acct_016952,consumer_013890
acct_016953,consumer_013891
acct_016954,consumer_013891
acct_016955,consumer_013891
acct_016956,consumer_013892
acct_016957,consumer_013893
acct_016958,consumer_013894
acct_016959,consumer_013895
acct_016960,consumer_013896
acct_016961,consumer_013897
acct_016962,consumer_013898
acct_016963,consumer_013899
acct_016964,consumer_013900
acct_016965,consumer_013901
acct_016966,consumer_013902
acct_016967,consumer_013903
acct_016968,consumer_013904
acct_016969,consumer_013905
acct_016970,consumer_013906
acct_016971,consumer_013907
acct_016972,consumer_013907
acct_016973,consumer_013908
acct_016974,consumer_013909
acct_016975,consumer_013910
acct_016976,consumer_013911
acct_016977,consumer_013912
acct_016978,consumer_013913
acct_016979,consumer_013913
acct_016980,consumer_013913
acct_016981,consumer_013914
acct_016982,consumer_013915
acct_016983,consumer_013915
acct_016984,consumer_013916
acct_016985,consumer_013916
acct_016986,consumer_013917
acct_016987,consumer_013917
acct_016988,consumer_013918
acct_016989,consumer_013919
acct_016990,consumer_013920
acct_016991,consumer_013921
acct_016992,consumer_013922
acct_016993,consumer_013923
acct_016994,consumer_013924
acct_016995,consumer_013925
acct_016996,consumer_013926
acct_016997,consumer_013927
acct_016998,consumer_013928
acct_016999,consumer_013929
acct_017000,consumer_013930
acct_017001,consumer_013931
acct_017002,consumer_013932
acct_017003,consumer_013933
acct_017004,consumer_013934
acct_017005,consumer_013935
acct_017006,consumer_013935
acct_017007,consumer_013935
acct_017008,consumer_013936
acct_017009,consumer_013937
acct_017010,consumer_013938
acct_017011,consumer_013939
acct_017012,consumer_013940
acct_017013,consumer_013941
acct_017014,consumer_013942
acct_017015,consumer_013943
acct_017016,consumer_013944
acct_017017,consumer_013945
acct_017018,consumer_013945
acct_017019,consumer_013945
acct_017020,consumer_013946
acct_017021,consumer_013946
acct_017022,consumer_013947
acct_017023,consumer_013948
acct_017024,consumer_013949
acct_017025,consumer_013950
acct_017026,consumer_013951
acct_017027,consumer_013952
acct_017028,consumer_013953
acct_017029,consumer_013954
acct_017030,consumer_013954
acct_017031,consumer_013955
acct_017032,consumer_013956
acct_017033,consumer_013957
acct_017034,consumer_013957
acct_017035,consumer_013957
acct_017036,consumer_013958
acct_017037,consumer_013959
acct_017038,consumer_013960
acct_017039,consumer_013961
acct_017040,consumer_013962
acct_017041,consumer_013963
acct_017042,consumer_013964
acct_017043,consumer_013965
acct_017044,consumer_013966
acct_017045,consumer_013967
acct_017046,consumer_013968
acct_017047,consumer_013969
acct_017048,consumer_013969
acct_017049,consumer_013969
acct_017050,consumer_013970
acct_017051,consumer_013971
acct_017052,consumer_013972
acct_017053,consumer_013973
acct_017054,consumer_013974
acct_017055,consumer_013975
acct_017056,consumer_013975
acct_017057,consumer_013975
acct_017058,consumer_013976
acct_017059,consumer_013977
acct_017060,consumer_013978
acct_017061,consumer_013979
acct_017062,consumer_013980
acct_017063,consumer_013980
acct_017064,consumer_013980
acct_017065,consumer_013981
acct_017066,consumer_013981
acct_017067,consumer_013982
acct_017068,consumer_013983
acct_017069,consumer_013983
acct_017070,consumer_013984
acct_017071,consumer_013984
acct_017072,consumer_013985
acct_017073,consumer_013986
acct_017074,consumer_013987
acct_017075,consumer_013988
acct_017076,consumer_013989
acct_017077,consumer_013989
acct_017078,consumer_013989
acct_017079,consumer_013990
acct_017080,consumer_013991
acct_017081,consumer_013992
acct_017082,consumer_013993
acct_017083,consumer_013994
acct_017084,consumer_013995
acct_017085,consumer_013996
acct_017086,consumer_013997
acct_017087,consumer_013998
acct_017088,consumer_013999
acct_017089,consumer_014000
acct_017090,consumer_014001
acct_017091,consumer_014002
acct_017092,consumer_014003
acct_017093,consumer_014004
acct_017094,consumer_014005
acct_017095,consumer_014006
acct_017096,consumer_014007
acct_017097,consumer_014008
acct_017098,consumer_014009
acct_017099,consumer_014010
acct_017100,consumer_014011
acct_017101,consumer_014012
acct_017102,consumer_014013
acct_017103,consumer_014014
acct_017104,consumer_014015
acct_017105,consumer_014016
acct_017106,consumer_014017
acct_017107,consumer_014018
acct_017108,consumer_014019
acct_017109,consumer_014020
acct_017110,consumer_014021
acct_017111,consumer_014022
acct_017112,consumer_014023
acct_017113,consumer_014023
acct_017114,consumer_014024
acct_017115,consumer_014025
acct_017116,consumer_014026
acct_017117,consumer_014027
acct_017118,consumer_014028
acct_017119,consumer_014029
acct_017120,consumer_014030
acct_017121,consumer_014030
acct_017122,consumer_014030
acct_017123,consumer_014031
acct_017124,consumer_014032
acct_017125,consumer_014033
acct_017126,consumer_014034
acct_017127,consumer_014035
acct_017128,consumer_014036
acct_017129,consumer_014037
acct_017130,consumer_014037
acct_017131,consumer_014038
acct_017132,consumer_014039
acct_017133,consumer_014039
acct_017134,consumer_014039
acct_017135,consumer_014040
acct_017136,consumer_014040
acct_017137,consumer_014041
acct_017138,consumer_014042
acct_017139,consumer_014043
acct_017140,consumer_014044
acct_017141,consumer_014044
acct_017142,consumer_014045
acct_017143,consumer_014046
acct_017144,consumer_014047
acct_017145,consumer_014048
acct_017146,consumer_014049
acct_017147,consumer_014050
acct_017148,consumer_014051
acct_017149,consumer_014052
acct_017150,consumer_014053
acct_017151,consumer_014054
acct_017152,consumer_014055
acct_017153,consumer_014056
acct_017154,consumer_014057
acct_017155,consumer_014058
acct_017156,consumer_014059
acct_017157,consumer_014060
acct_017158,consumer_014060
acct_017159,consumer_014060
acct_017160,consumer_014061
acct_017161,consumer_014062
acct_017162,consumer_014063
acct_017163,consumer_014064
acct_017164,consumer_014065
acct_017165,consumer_014066
acct_017166,consumer_014067
acct_017167,consumer_014068
acct_017168,consumer_014069
acct_017169,consumer_014069
acct_017170,consumer_014069
acct_017171,consumer_014070
acct_017172,consumer_014071
acct_017173,consumer_014072
acct_017174,consumer_014072
acct_017175,consumer_014073
acct_017176,consumer_014074
acct_017177,consumer_014075
acct_017178,consumer_014076
acct_017179,consumer_014077
acct_017180,consumer_014078
acct_017181,consumer_014079
acct_017182,consumer_014080
acct_017183,consumer_014081
acct_017184,consumer_014082
acct_017185,consumer_014083
acct_017186,consumer_014084
acct_017187,consumer_014085
acct_017188,consumer_014086
acct_017189,consumer_014087
acct_017190,consumer_014088
acct_017191,consumer_014089
acct_017192,consumer_014090
acct_017193,consumer_014091
acct_017194,consumer_014091
acct_017195,consumer_014091
acct_017196,consumer_014092
acct_017197,consumer_014093
acct_017198,consumer_014093
acct_017199,consumer_014093
acct_017200,consumer_014094
acct_017201,consumer_014095
acct_017202,consumer_014096
acct_017203,consumer_014097
acct_017204,consumer_014097
acct_017205,consumer_014098
acct_017206,consumer_014099
acct_017207,consumer_014099
acct_017208,consumer_014099
acct_017209,consumer_014100
acct_017210,consumer_014100
acct_017211,consumer_014100
acct_017212,consumer_014101
acct_017213,consumer_014102
acct_017214,consumer_014103
acct_017215,consumer_014104
acct_017216,consumer_014104
acct_017217,consumer_014105
acct_017218,consumer_014106
acct_017219,consumer_014107
acct_017220,consumer_014108
acct_017221,consumer_014109
acct_017222,consumer_014109
acct_017223,consumer_014110
acct_017224,consumer_014111
acct_017225,consumer_014111
acct_017226,consumer_014111
acct_017227,consumer_014112
acct_017228,consumer_014113
acct_017229,consumer_014114
acct_017230,consumer_014115
acct_017231,consumer_014115
acct_017232,consumer_014116
acct_017233,consumer_014117
acct_017234,consumer_014118
acct_017235,consumer_014118
acct_017236,consumer_014119
acct_017237,consumer_014120
acct_017238,consumer_014120
acct_017239,consumer_014121
acct_017240,consumer_014121
acct_017241,consumer_014122
acct_017242,consumer_014123
acct_017243,consumer_014124
acct_017244,consumer_014125
acct_017245,consumer_014126
acct_017246,consumer_014127
acct_017247,consumer_014127
acct_017248,consumer_014127
acct_017249,consumer_014128
acct_017250,consumer_014129
acct_017251,consumer_014130
acct_017252,consumer_014131
acct_017253,consumer_014132
acct_017254,consumer_014133
acct_017255,consumer_014134
acct_017256,consumer_014135
acct_017257,consumer_014136
acct_017258,consumer_014136
acct_017259,consumer_014136
acct_017260,consumer_014137
acct_017261,consumer_014137
acct_017262,consumer_014138
acct_017263,consumer_014138
acct_017264,consumer_014138
acct_017265,consumer_014139
acct_017266,consumer_014140
acct_017267,consumer_014141
acct_017268,consumer_014142
acct_017269,consumer_014143
acct_017270,consumer_014144
acct_017271,consumer_014145
acct_017272,consumer_014146
acct_017273,consumer_014147
acct_017274,consumer_014148
acct_017275,consumer_014148
acct_017276,consumer_014148
acct_017277,consumer_014149
acct_017278,consumer_014150
acct_017279,consumer_014151
acct_017280,consumer_014152
acct_017281,consumer_014153
acct_017282,consumer_014154
acct_017283,consumer_014155
acct_017284,consumer_014156
acct_017285,consumer_014157
acct_017286,consumer_014158
acct_017287,consumer_014158
acct_017288,consumer_014158
acct_017289,consumer_014159
acct_017290,consumer_014160
acct_017291,consumer_014161
acct_017292,consumer_014162
acct_017293,consumer_014163
acct_017294,consumer_014164
acct_017295,consumer_014165
acct_017296,consumer_014166
acct_017297,consumer_014167
acct_017298,consumer_014168
acct_017299,consumer_014169
acct_017300,consumer_014170
acct_017301,consumer_014171
acct_017302,consumer_014172
acct_017303,consumer_014173
acct_017304,consumer_014173
acct_017305,consumer_014174
acct_017306,consumer_014174
acct_017307,consumer_014174
acct_017308,consumer_014175
acct_017309,consumer_014176
acct_017310,consumer_014177
acct_017311,consumer_014177
acct_017312,consumer_014178
acct_017313,consumer_014179
acct_017314,consumer_014179
acct_017315,consumer_014179
acct_017316,consumer_014180
acct_017317,consumer_014181
acct_017318,consumer_014182
acct_017319,consumer_014183
acct_017320,consumer_014184
acct_017321,consumer_014185
acct_017322,consumer_014186
acct_017323,consumer_014187
acct_017324,consumer_014188
acct_017325,consumer_014188
acct_017326,consumer_014188
acct_017327,consumer_014189
acct_017328,consumer_014189
acct_017329,consumer_014190
acct_017330,consumer_014191
acct_017331,consumer_014191
acct_017332,consumer_014191
acct_017333,consumer_014192
acct_017334,consumer_014193
acct_017335,consumer_014194
acct_017336,consumer_014194
acct_017337,consumer_014194
acct_017338,consumer_014195
acct_017339,consumer_014196
acct_017340,consumer_014197
acct_017341,consumer_014198
acct_017342,consumer_014199
acct_017343,consumer_014200
acct_017344,consumer_014201
acct_017345,consumer_014202
acct_017346,consumer_014203
acct_017347,consumer_014204
acct_017348,consumer_014205
acct_017349,consumer_014206
acct_017350,consumer_014207
acct_017351,consumer_014208
acct_017352,consumer_014209
acct_017353,consumer_014210
acct_017354,consumer_014211
acct_017355,consumer_014212
acct_017356,consumer_014213
acct_017357,consumer_014214
acct_017358,consumer_014215
acct_017359,consumer_014216
acct_017360,consumer_014217
acct_017361,consumer_014218
acct_017362,consumer_014219
acct_017363,consumer_014220
acct_017364,consumer_014221
acct_017365,consumer_014221
acct_017366,consumer_014222
acct_017367,consumer_014222
acct_017368,consumer_014223
acct_017369,consumer_014224
acct_017370,consumer_014225
acct_017371,consumer_014226
acct_017372,consumer_014227
acct_017373,consumer_014228
acct_017374,consumer_014229
acct_017375,consumer_014230
acct_017376,consumer_014231
acct_017377,consumer_014232
acct_017378,consumer_014233
acct_017379,consumer_014234
acct_017380,consumer_014235
acct_017381,consumer_014236
acct_017382,consumer_014237
acct_017383,consumer_014238
acct_017384,consumer_014238
acct_017385,consumer_014238
acct_017386,consumer_014239
acct_017387,consumer_014240
acct_017388,consumer_014240
acct_017389,consumer_014241
acct_017390,consumer_014242
acct_017391,consumer_014242
acct_017392,consumer_014243
acct_017393,consumer_014244
acct_017394,consumer_014245
acct_017395,consumer_014245
acct_017396,consumer_014245
acct_017397,consumer_014246
acct_017398,consumer_014246
acct_017399,consumer_014247
acct_017400,consumer_014248
acct_017401,consumer_014248
acct_017402,consumer_014249
acct_017403,consumer_014250
acct_017404,consumer_014251
acct_017405,consumer_014252
acct_017406,consumer_014253
acct_017407,consumer_014254
acct_017408,consumer_014254
acct_017409,consumer_014254
acct_017410,consumer_014255
acct_017411,consumer_014256
acct_017412,consumer_014256
acct_017413,consumer_014256
acct_017414,consumer_014257
acct_017415,consumer_014258
acct_017416,consumer_014259
acct_017417,consumer_014259
acct_017418,consumer_014259
acct_017419,consumer_014260
acct_017420,consumer_014261
acct_017421,consumer_014262
acct_017422,consumer_014263
acct_017423,consumer_014264
acct_017424,consumer_014265
acct_017425,consumer_014266
acct_017426,consumer_014267
acct_017427,consumer_014268
acct_017428,consumer_014269
acct_017429,consumer_014270
acct_017430,consumer_014270
acct_017431,consumer_014271
acct_017432,consumer_014272
acct_017433,consumer_014272
acct_017434,consumer_014272
acct_017435,consumer_014273
acct_017436,consumer_014273
acct_017437,consumer_014274
acct_017438,consumer_014274
acct_017439,consumer_014275
acct_017440,consumer_014276
acct_017441,consumer_014276
acct_017442,consumer_014277
acct_017443,consumer_014278
acct_017444,consumer_014279
acct_017445,consumer_014279
acct_017446,consumer_014280
acct_017447,consumer_014281
acct_017448,consumer_014282
acct_017449,consumer_014283
acct_017450,consumer_014284
acct_017451,consumer_014285
acct_017452,consumer_014286
acct_017453,consumer_014287
acct_017454,consumer_014287
acct_017455,consumer_014288
acct_017456,consumer_014288
acct_017457,consumer_014288
acct_017458,consumer_014289
acct_017459,consumer_014289
acct_017460,consumer_014290
acct_017461,consumer_014290
acct_017462,consumer_014290
acct_017463,consumer_014291
acct_017464,consumer_014292
acct_017465,consumer_014293
acct_017466,consumer_014293
acct_017467,consumer_014293
acct_017468,consumer_014294
acct_017469,consumer_014295
acct_017470,consumer_014296
acct_017471,consumer_014297
acct_017472,consumer_014298
acct_017473,consumer_014298
acct_017474,consumer_014299
acct_017475,consumer_014300
acct_017476,consumer_014301
acct_017477,consumer_014302
acct_017478,consumer_014302
acct_017479,consumer_014303
acct_017480,consumer_014304
acct_017481,consumer_014305
acct_017482,consumer_014306
acct_017483,consumer_014307
acct_017484,consumer_014308
acct_017485,consumer_014308
acct_017486,consumer_014308
acct_017487,consumer_014309
acct_017488,consumer_014310
acct_017489,consumer_014311
acct_017490,consumer_014312
acct_017491,consumer_014312
acct_017492,consumer_014313
acct_017493,consumer_014314
acct_017494,consumer_014315
acct_017495,consumer_014316
acct_017496,consumer_014317
acct_017497,consumer_014317
acct_017498,consumer_014317
acct_017499,consumer_014318
acct_017500,consumer_014318
acct_017501,consumer_014319
acct_017502,consumer_014320
acct_017503,consumer_014321
acct_017504,consumer_014322
acct_017505,consumer_014323
acct_017506,consumer_014324
acct_017507,consumer_014325
acct_017508,consumer_014326
acct_017509,consumer_014327
acct_017510,consumer_014328
acct_017511,consumer_014329
acct_017512,consumer_014330
acct_017513,consumer_014331
acct_017514,consumer_014332
acct_017515,consumer_014332
acct_017516,consumer_014333
acct_017517,consumer_014334
acct_017518,consumer_014335
acct_017519,consumer_014336
acct_017520,consumer_014337
acct_017521,consumer_014338
acct_017522,consumer_014339
acct_017523,consumer_014340
acct_017524,consumer_014341
acct_017525,consumer_014342
acct_017526,consumer_014343
acct_017527,consumer_014344
acct_017528,consumer_014345
acct_017529,consumer_014346
acct_017530,consumer_014347
acct_017531,consumer_014348
acct_017532,consumer_014349
acct_017533,consumer_014349
acct_017534,consumer_014350
acct_017535,consumer_014351
acct_017536,consumer_014352
acct_017537,consumer_014353
acct_017538,consumer_014354
acct_017539,consumer_014354
acct_017540,consumer_014354
acct_017541,consumer_014355
acct_017542,consumer_014356
acct_017543,consumer_014357
acct_017544,consumer_014357
acct_017545,consumer_014358
acct_017546,consumer_014359
acct_017547,consumer_014360
acct_017548,consumer_014361
acct_017549,consumer_014362
acct_017550,consumer_014363
acct_017551,consumer_014363
acct_017552,consumer_014363
acct_017553,consumer_014364
acct_017554,consumer_014364
acct_017555,consumer_014364
acct_017556,consumer_014365
acct_017557,consumer_014366
acct_017558,consumer_014366
acct_017559,consumer_014366
acct_017560,consumer_014367
acct_017561,consumer_014368
acct_017562,consumer_014369
acct_017563,consumer_014370
acct_017564,consumer_014371
acct_017565,consumer_014372
acct_017566,consumer_014373
acct_017567,consumer_014374
acct_017568,consumer_014375
acct_017569,consumer_014376
acct_017570,consumer_014377
acct_017571,consumer_014378
acct_017572,consumer_014379
acct_017573,consumer_014380
acct_017574,consumer_014381
acct_017575,consumer_014382
acct_017576,consumer_014383
acct_017577,consumer_014384
acct_017578,consumer_014385
acct_017579,consumer_014386
acct_017580,consumer_014386
acct_017581,consumer_014387
acct_017582,consumer_014388
acct_017583,consumer_014389
acct_017584,consumer_014389
acct_017585,consumer_014390
acct_017586,consumer_014391
acct_017587,consumer_014392
acct_017588,consumer_014393
acct_017589,consumer_014394
acct_017590,consumer_014395
acct_017591,consumer_014396
acct_017592,consumer_014397
acct_017593,consumer_014397
acct_017594,consumer_014398
acct_017595,consumer_014399
acct_017596,consumer_014400
acct_017597,consumer_014401
acct_017598,consumer_014402
acct_017599,consumer_014402
acct_017600,consumer_014403
acct_017601,consumer_014404
acct_017602,consumer_014404
acct_017603,consumer_014405
acct_017604,consumer_014406
acct_017605,consumer_014407
acct_017606,consumer_014408
acct_017607,consumer_014409
acct_017608,consumer_014410
acct_017609,consumer_014411
acct_017610,consumer_014412
acct_017611,consumer_014413
acct_017612,consumer_014414
acct_017613,consumer_014415
acct_017614,consumer_014416
acct_017615,consumer_014417
acct_017616,consumer_014418
acct_017617,consumer_014419
acct_017618,consumer_014420
acct_017619,consumer_014421
acct_017620,consumer_014422
acct_017621,consumer_014423
acct_017622,consumer_014424
acct_017623,consumer_014424
acct_017624,consumer_014424
acct_017625,consumer_014425
acct_017626,consumer_014425
acct_017627,consumer_014425
acct_017628,consumer_014426
acct_017629,consumer_014427
acct_017630,consumer_014428
acct_017631,consumer_014429
acct_017632,consumer_014430
acct_017633,consumer_014431
acct_017634,consumer_014432
acct_017635,consumer_014432
acct_017636,consumer_014432
acct_017637,consumer_014433
acct_017638,consumer_014433
acct_017639,consumer_014433
acct_017640,consumer_014434
acct_017641,consumer_014435
acct_017642,consumer_014435
acct_017643,consumer_014436
acct_017644,consumer_014437
acct_017645,consumer_014437
acct_017646,consumer_014438
acct_017647,consumer_014439
acct_017648,consumer_014440
acct_017649,consumer_014441
acct_017650,consumer_014442
acct_017651,consumer_014443
acct_017652,consumer_014444
acct_017653,consumer_014445
acct_017654,consumer_014446
acct_017655,consumer_014447
acct_017656,consumer_014448
acct_017657,consumer_014449
acct_017658,consumer_014450
acct_017659,consumer_014451
acct_017660,consumer_014452
acct_017661,consumer_014453
acct_017662,consumer_014454
acct_017663,consumer_014455
acct_017664,consumer_014456
acct_017665,consumer_014457
acct_017666,consumer_014458
acct_017667,consumer_014459
acct_017668,consumer_014460
acct_017669,consumer_014460
acct_017670,consumer_014460
acct_017671,consumer_014461
acct_017672,consumer_014462
acct_017673,consumer_014463
acct_017674,consumer_014464
acct_017675,consumer_014465
acct_017676,consumer_014466
acct_017677,consumer_014467
acct_017678,consumer_014468
acct_017679,consumer_014469
acct_017680,consumer_014469
acct_017681,consumer_014469
acct_017682,consumer_014470
acct_017683,consumer_014470
acct_017684,consumer_014471
acct_017685,consumer_014472
acct_017686,consumer_014473
acct_017687,consumer_014474
acct_017688,consumer_014475
acct_017689,consumer_014475
acct_017690,consumer_014476
acct_017691,consumer_014477
acct_017692,consumer_014478
acct_017693,consumer_014479
acct_017694,consumer_014480
acct_017695,consumer_014480
acct_017696,consumer_014481
acct_017697,consumer_014482
acct_017698,consumer_014483
acct_017699,consumer_014483
acct_017700,consumer_014483
acct_017701,consumer_014484
acct_017702,consumer_014485
acct_017703,consumer_014486
acct_017704,consumer_014487
acct_017705,consumer_014488
acct_017706,consumer_014489
acct_017707,consumer_014490
acct_017708,consumer_014491
acct_017709,consumer_014492
acct_017710,consumer_014493
acct_017711,consumer_014494
acct_017712,consumer_014494
acct_017713,consumer_014495
acct_017714,consumer_014496
acct_017715,consumer_014497
acct_017716,consumer_014498
acct_017717,consumer_014499
acct_017718,consumer_014500
acct_017719,consumer_014500
acct_017720,consumer_014501
acct_017721,consumer_014502
acct_017722,consumer_014502
acct_017723,consumer_014503
acct_017724,consumer_014504
acct_017725,consumer_014505
acct_017726,consumer_014506
acct_017727,consumer_014506
acct_017728,consumer_014507
acct_017729,consumer_014508
acct_017730,consumer_014508
acct_017731,consumer_014509
acct_017732,consumer_014510
acct_017733,consumer_014511
acct_017734,consumer_014512
acct_017735,consumer_014513
acct_017736,consumer_014514
acct_017737,consumer_014515
acct_017738,consumer_014516
acct_017739,consumer_014517
acct_017740,consumer_014518
acct_017741,consumer_014519
acct_017742,consumer_014520
acct_017743,consumer_014521
acct_017744,consumer_014522
acct_017745,consumer_014523
acct_017746,consumer_014524
acct_017747,consumer_014525
acct_017748,consumer_014526
acct_017749,consumer_014527
acct_017750,consumer_014528
acct_017751,consumer_014529
acct_017752,consumer_014529
acct_017753,consumer_014529
acct_017754,consumer_014530
acct_017755,consumer_014530
acct_017756,consumer_014531
acct_017757,consumer_014532
acct_017758,consumer_014533
acct_017759,consumer_014533
acct_017760,consumer_014534
acct_017761,consumer_014535
acct_017762,consumer_014536
acct_017763,consumer_014537
acct_017764,consumer_014538
acct_017765,consumer_014539
acct_017766,consumer_014540
acct_017767,consumer_014541
acct_017768,consumer_014542
acct_017769,consumer_014543
acct_017770,consumer_014543
acct_017771,consumer_014543
acct_017772,consumer_014544
acct_017773,consumer_014544
acct_017774,consumer_014544
acct_017775,consumer_014545
acct_017776,consumer_014546
acct_017777,consumer_014547
acct_017778,consumer_014548
acct_017779,consumer_014549
acct_017780,consumer_014550
acct_017781,consumer_014551
acct_017782,consumer_014552
acct_017783,consumer_014553
acct_017784,consumer_014554
acct_017785,consumer_014555
acct_017786,consumer_014556
acct_017787,consumer_014556
acct_017788,consumer_014557
acct_017789,consumer_014558
acct_017790,consumer_014558
acct_017791,consumer_014558
acct_017792,consumer_014559
acct_017793,consumer_014560
acct_017794,consumer_014561
acct_017795,consumer_014562
acct_017796,consumer_014563
acct_017797,consumer_014564
acct_017798,consumer_014565
acct_017799,consumer_014566
acct_017800,consumer_014567
acct_017801,consumer_014568
acct_017802,consumer_014569
acct_017803,consumer_014569
acct_017804,consumer_014570
acct_017805,consumer_014571
acct_017806,consumer_014572
acct_017807,consumer_014572
acct_017808,consumer_014573
acct_017809,consumer_014574
acct_017810,consumer_014574
acct_017811,consumer_014575
acct_017812,consumer_014576
acct_017813,consumer_014577
acct_017814,consumer_014577
acct_017815,consumer_014578
acct_017816,consumer_014579
acct_017817,consumer_014580
acct_017818,consumer_014581
acct_017819,consumer_014582
acct_017820,consumer_014583
acct_017821,consumer_014584
acct_017822,consumer_014584
acct_017823,consumer_014584
acct_017824,consumer_014585
acct_017825,consumer_014585
acct_017826,consumer_014586
acct_017827,consumer_014586
acct_017828,consumer_014587
acct_017829,consumer_014588
acct_017830,consumer_014589
acct_017831,consumer_014590
acct_017832,consumer_014590
acct_017833,consumer_014591
acct_017834,consumer_014592
acct_017835,consumer_014593
acct_017836,consumer_014594
acct_017837,consumer_014595
acct_017838,consumer_014596
acct_017839,consumer_014597
acct_017840,consumer_014598
acct_017841,consumer_014599
acct_017842,consumer_014600
acct_017843,consumer_014601
acct_017844,consumer_014602
acct_017845,consumer_014603
acct_017846,consumer_014603
acct_017847,consumer_014603
acct_017848,consumer_014604
acct_017849,consumer_014605
acct_017850,consumer_014606
acct_017851,consumer_014607
acct_017852,consumer_014608
acct_017853,consumer_014609
acct_017854,consumer_014609
acct_017855,consumer_014609
acct_017856,consumer_014610
acct_017857,consumer_014610
acct_017858,consumer_014610
acct_017859,consumer_014611
acct_017860,consumer_014611
acct_017861,consumer_014611
acct_017862,consumer_014612
acct_017863,consumer_014613
acct_017864,consumer_014614
acct_017865,consumer_014614
acct_017866,consumer_014614
acct_017867,consumer_014615
acct_017868,consumer_014616
acct_017869,consumer_014617
acct_017870,consumer_014618
acct_017871,consumer_014619
acct_017872,consumer_014620
acct_017873,consumer_014621
acct_017874,consumer_014621
acct_017875,consumer_014622
acct_017876,consumer_014623
acct_017877,consumer_014624
acct_017878,consumer_014625
acct_017879,consumer_014626
acct_017880,consumer_014626
acct_017881,consumer_014626
acct_017882,consumer_014627
acct_017883,consumer_014627
acct_017884,consumer_014627
acct_017885,consumer_014628
acct_017886,consumer_014629
acct_017887,consumer_014630
acct_017888,consumer_014631
acct_017889,consumer_014632
acct_017890,consumer_014633
acct_017891,consumer_014634
acct_017892,consumer_014635
acct_017893,consumer_014636
acct_017894,consumer_014637
acct_017895,consumer_014638
acct_017896,consumer_014639
acct_017897,consumer_014639
acct_017898,consumer_014640
acct_017899,consumer_014641
acct_017900,consumer_014641
acct_017901,consumer_014642
acct_017902,consumer_014643
acct_017903,consumer_014644
acct_017904,consumer_014645
acct_017905,consumer_014646
acct_017906,consumer_014647
acct_017907,consumer_014648
acct_017908,consumer_014649
acct_017909,consumer_014650
acct_017910,consumer_014651
acct_017911,consumer_014652
acct_017912,consumer_014653
acct_017913,consumer_014654
acct_017914,consumer_014655
acct_017915,consumer_014656
acct_017916,consumer_014657
acct_017917,consumer_014658
acct_017918,consumer_014659
acct_017919,consumer_014659
acct_017920,consumer_014660
acct_017921,consumer_014661
acct_017922,consumer_014662
acct_017923,consumer_014663
acct_017924,consumer_014664
acct_017925,consumer_014665
acct_017926,consumer_014666
acct_017927,consumer_014666
acct_017928,consumer_014667
acct_017929,consumer_014668
acct_017930,consumer_014669
acct_017931,consumer_014670
acct_017932,consumer_014671
acct_017933,consumer_014672
acct_017934,consumer_014673
acct_017935,consumer_014674
acct_017936,consumer_014674
acct_017937,consumer_014675
acct_017938,consumer_014676
acct_017939,consumer_014677
acct_017940,consumer_014678
acct_017941,consumer_014678
acct_017942,consumer_014678
acct_017943,consumer_014679
acct_017944,consumer_014680
acct_017945,consumer_014681
acct_017946,consumer_014682
acct_017947,consumer_014683
acct_017948,consumer_014684
acct_017949,consumer_014685
acct_017950,consumer_014685
acct_017951,consumer_014685
acct_017952,consumer_014686
acct_017953,consumer_014687
acct_017954,consumer_014688
acct_017955,consumer_014689
acct_017956,consumer_014690
acct_017957,consumer_014691
acct_017958,consumer_014692
acct_017959,consumer_014693
acct_017960,consumer_014694
acct_017961,consumer_014695
acct_017962,consumer_014696
acct_017963,consumer_014697
acct_017964,consumer_014698
acct_017965,consumer_014699
acct_017966,consumer_014699
acct_017967,consumer_014700
acct_017968,consumer_014701
acct_017969,consumer_014702
acct_017970,consumer_014703
acct_017971,consumer_014704
acct_017972,consumer_014705
acct_017973,consumer_014706
acct_017974,consumer_014707
acct_017975,consumer_014708
acct_017976,consumer_014709
acct_017977,consumer_014709
acct_017978,consumer_014710
acct_017979,consumer_014710
acct_017980,consumer_014710
acct_017981,consumer_014711
acct_017982,consumer_014712
acct_017983,consumer_014713
acct_017984,consumer_014713
acct_017985,consumer_014714
acct_017986,consumer_014715
acct_017987,consumer_014715
acct_017988,consumer_014715
acct_017989,consumer_014716
acct_017990,consumer_014717
acct_017991,consumer_014718
acct_017992,consumer_014719
acct_017993,consumer_014720
acct_017994,consumer_014721
acct_017995,consumer_014721
acct_017996,consumer_014722
acct_017997,consumer_014723
acct_017998,consumer_014724
acct_017999,consumer_014725
acct_018000,consumer_014726
acct_018001,consumer_014727
acct_018002,consumer_014728
acct_018003,consumer_014729
acct_018004,consumer_014730
acct_018005,consumer_014731
acct_018006,consumer_014732
acct_018007,consumer_014733
acct_018008,consumer_014734
acct_018009,consumer_014735
acct_018010,consumer_014736
acct_018011,consumer_014737
acct_018012,consumer_014738
acct_018013,consumer_014739
acct_018014,consumer_014740
acct_018015,consumer_014741
acct_018016,consumer_014742
acct_018017,consumer_014743
acct_018018,consumer_014744
acct_018019,consumer_014745
acct_018020,consumer_014746
acct_018021,consumer_014747
acct_018022,consumer_014747
acct_018023,consumer_014748
acct_018024,consumer_014749
acct_018025,consumer_014750
acct_018026,consumer_014751
acct_018027,consumer_014751
acct_018028,consumer_014752
acct_018029,consumer_014753
acct_018030,consumer_014754
acct_018031,consumer_014754
acct_018032,consumer_014754
acct_018033,consumer_014755
acct_018034,consumer_014756
acct_018035,consumer_014756
acct_018036,consumer_014757
acct_018037,consumer_014757
acct_018038,consumer_014758
acct_018039,consumer_014759
acct_018040,consumer_014760
acct_018041,consumer_014761
acct_018042,consumer_014762
acct_018043,consumer_014763
acct_018044,consumer_014764
acct_018045,consumer_014765
acct_018046,consumer_014766
acct_018047,consumer_014767
acct_018048,consumer_014768
acct_018049,consumer_014769
acct_018050,consumer_014770
acct_018051,consumer_014770
acct_018052,consumer_014771
acct_018053,consumer_014772
acct_018054,consumer_014773
acct_018055,consumer_014774
acct_018056,consumer_014775
acct_018057,consumer_014776
acct_018058,consumer_014776
acct_018059,consumer_014776
acct_018060,consumer_014777
acct_018061,consumer_014778
acct_018062,consumer_014778
acct_018063,consumer_014778
acct_018064,consumer_014779
acct_018065,consumer_014780
acct_018066,consumer_014781
acct_018067,consumer_014782
acct_018068,consumer_014783
acct_018069,consumer_014784
acct_018070,consumer_014785
acct_018071,consumer_014786
acct_018072,consumer_014786
acct_018073,consumer_014786
acct_018074,consumer_014787
acct_018075,consumer_014788
acct_018076,consumer_014789
acct_018077,consumer_014790
acct_018078,consumer_014791
acct_018079,consumer_014792
acct_018080,consumer_014793
acct_018081,consumer_014794
acct_018082,consumer_014795
acct_018083,consumer_014795
acct_018084,consumer_014796
acct_018085,consumer_014797
acct_018086,consumer_014797
acct_018087,consumer_014797
acct_018088,consumer_014798
acct_018089,consumer_014799
acct_018090,consumer_014800
acct_018091,consumer_014801
acct_018092,consumer_014802
acct_018093,consumer_014803
acct_018094,consumer_014803
acct_018095,consumer_014803
acct_018096,consumer_014804
acct_018097,consumer_014805
acct_018098,consumer_014806
acct_018099,consumer_014807
acct_018100,consumer_014808
acct_018101,consumer_014809
acct_018102,consumer_014809
acct_018103,consumer_014810
acct_018104,consumer_014810
acct_018105,consumer_014811
acct_018106,consumer_014812
acct_018107,consumer_014813
acct_018108,consumer_014814
acct_018109,consumer_014815
acct_018110,consumer_014816
acct_018111,consumer_014817
acct_018112,consumer_014818
acct_018113,consumer_014819
acct_018114,consumer_014820
acct_018115,consumer_014821
acct_018116,consumer_014822
acct_018117,consumer_014823
acct_018118,consumer_014824
acct_018119,consumer_014824
acct_018120,consumer_014825
acct_018121,consumer_014826
acct_018122,consumer_014826
acct_018123,consumer_014826
acct_018124,consumer_014827
acct_018125,consumer_014828
acct_018126,consumer_014829
acct_018127,consumer_014829
acct_018128,consumer_014829
acct_018129,consumer_014830
acct_018130,consumer_014831
acct_018131,consumer_014832
acct_018132,consumer_014832
acct_018133,consumer_014833
acct_018134,consumer_014834
acct_018135,consumer_014835
acct_018136,consumer_014836
acct_018137,consumer_014836
acct_018138,consumer_014837
acct_018139,consumer_014838
acct_018140,consumer_014839
acct_018141,consumer_014840
acct_018142,consumer_014841
acct_018143,consumer_014842
acct_018144,consumer_014843
acct_018145,consumer_014844
acct_018146,consumer_014845
acct_018147,consumer_014846
acct_018148,consumer_014847
acct_018149,consumer_014847
acct_018150,consumer_014847
acct_018151,consumer_014848
acct_018152,consumer_014849
acct_018153,consumer_014850
acct_018154,consumer_014851
acct_018155,consumer_014852
acct_018156,consumer_014853
acct_018157,consumer_014854
acct_018158,consumer_014855
acct_018159,consumer_014856
acct_018160,consumer_014857
acct_018161,consumer_014858
acct_018162,consumer_014859
acct_018163,consumer_014860
acct_018164,consumer_014861
acct_018165,consumer_014862
acct_018166,consumer_014863
acct_018167,consumer_014864
acct_018168,consumer_014865
acct_018169,consumer_014866
acct_018170,consumer_014867
acct_018171,consumer_014868
acct_018172,consumer_014869
acct_018173,consumer_014870
acct_018174,consumer_014870
acct_018175,consumer_014871
acct_018176,consumer_014872
acct_018177,consumer_014873
acct_018178,consumer_014874
acct_018179,consumer_014875
acct_018180,consumer_014876
acct_018181,consumer_014876
acct_018182,consumer_014876
acct_018183,consumer_014877
acct_018184,consumer_014878
acct_018185,consumer_014879
acct_018186,consumer_014880
acct_018187,consumer_014881
acct_018188,consumer_014882
acct_018189,consumer_014883
acct_018190,consumer_014883
acct_018191,consumer_014883
acct_018192,consumer_014884
acct_018193,consumer_014885
acct_018194,consumer_014886
acct_018195,consumer_014887
acct_018196,consumer_014888
acct_018197,consumer_014889
acct_018198,consumer_014890
acct_018199,consumer_014891
acct_018200,consumer_014892
acct_018201,consumer_014892
acct_018202,consumer_014893
acct_018203,consumer_014894
acct_018204,consumer_014894
acct_018205,consumer_014894
acct_018206,consumer_014895
acct_018207,consumer_014896
acct_018208,consumer_014897
acct_018209,consumer_014898
acct_018210,consumer_014899
acct_018211,consumer_014899
acct_018212,consumer_014900
acct_018213,consumer_014901
acct_018214,consumer_014902
acct_018215,consumer_014902
acct_018216,consumer_014902
acct_018217,consumer_014903
acct_018218,consumer_014904
acct_018219,consumer_014905
acct_018220,consumer_014906
acct_018221,consumer_014907
acct_018222,consumer_014907
acct_018223,consumer_014907
acct_018224,consumer_014908
acct_018225,consumer_014909
acct_018226,consumer_014910
acct_018227,consumer_014911
acct_018228,consumer_014912
acct_018229,consumer_014913
acct_018230,consumer_014914
acct_018231,consumer_014915
acct_018232,consumer_014916
acct_018233,consumer_014917
acct_018234,consumer_014918
acct_018235,consumer_014919
acct_018236,consumer_014919
acct_018237,consumer_014919
acct_018238,consumer_014920
acct_018239,consumer_014921
acct_018240,consumer_014922
acct_018241,consumer_014923
acct_018242,consumer_014924
acct_018243,consumer_014925
acct_018244,consumer_014926
acct_018245,consumer_014927
acct_018246,consumer_014927
acct_018247,consumer_014927
acct_018248,consumer_014928
acct_018249,consumer_014929
acct_018250,consumer_014930
acct_018251,consumer_014931
acct_018252,consumer_014932
acct_018253,consumer_014933
acct_018254,consumer_014934
acct_018255,consumer_014935
acct_018256,consumer_014936
acct_018257,consumer_014937
acct_018258,consumer_014938
acct_018259,consumer_014939
acct_018260,consumer_014940
acct_018261,consumer_014941
acct_018262,consumer_014942
acct_018263,consumer_014943
acct_018264,consumer_014944
acct_018265,consumer_014945
acct_018266,consumer_014946
acct_018267,consumer_014947
acct_018268,consumer_014948
acct_018269,consumer_014949
acct_018270,consumer_014950
acct_018271,consumer_014951
acct_018272,consumer_014952
acct_018273,consumer_014953
acct_018274,consumer_014954
acct_018275,consumer_014954
acct_018276,consumer_014954
acct_018277,consumer_014955
acct_018278,consumer_014956
acct_018279,consumer_014957
acct_018280,consumer_014958
acct_018281,consumer_014959
acct_018282,consumer_014960
acct_018283,consumer_014961
acct_018284,consumer_014962
acct_018285,consumer_014962
acct_018286,consumer_014963
acct_018287,consumer_014964
acct_018288,consumer_014965
acct_018289,consumer_014965
acct_018290,consumer_014965
acct_018291,consumer_014966
acct_018292,consumer_014967
acct_018293,consumer_014968
acct_018294,consumer_014968
acct_018295,consumer_014969
acct_018296,consumer_014970
acct_018297,consumer_014971
acct_018298,consumer_014972
acct_018299,consumer_014973
acct_018300,consumer_014974
acct_018301,consumer_014975
acct_018302,consumer_014976
acct_018303,consumer_014977
acct_018304,consumer_014978
acct_018305,consumer_014979
acct_018306,consumer_014980
acct_018307,consumer_014981
acct_018308,consumer_014981
acct_018309,consumer_014981
acct_018310,consumer_014982
acct_018311,consumer_014983
acct_018312,consumer_014984
acct_018313,consumer_014985
acct_018314,consumer_014986
acct_018315,consumer_014987
acct_018316,consumer_014988
acct_018317,consumer_014989
acct_018318,consumer_014990
acct_018319,consumer_014991
acct_018320,consumer_014992
acct_018321,consumer_014993
acct_018322,consumer_014994
acct_018323,consumer_014995
acct_018324,consumer_014996
acct_018325,consumer_014996
acct_018326,consumer_014996
acct_018327,consumer_014997
acct_018328,consumer_014998
acct_018329,consumer_014998
acct_018330,consumer_014998
acct_018331,consumer_014999
acct_018332,consumer_015000
acct_018333,consumer_015001
acct_018334,consumer_015002
acct_018335,consumer_015003
acct_018336,consumer_015004
acct_018337,consumer_015004
acct_018338,consumer_015004
acct_018339,consumer_015005
acct_018340,consumer_015005
acct_018341,consumer_015005
acct_018342,consumer_015006
acct_018343,consumer_015007
acct_018344,consumer_015008
acct_018345,consumer_015009
acct_018346,consumer_015010
acct_018347,consumer_015010
acct_018348,consumer_015011
acct_018349,consumer_015012
acct_018350,consumer_015012
acct_018351,consumer_015013
acct_018352,consumer_015014
acct_018353,consumer_015015
acct_018354,consumer_015016
acct_018355,consumer_015016
acct_018356,consumer_015016
acct_018357,consumer_015017
acct_018358,consumer_015018
acct_018359,consumer_015019
acct_018360,consumer_015020
acct_018361,consumer_015021
acct_018362,consumer_015022
acct_018363,consumer_015023
acct_018364,consumer_015024
acct_018365,consumer_015025
acct_018366,consumer_015026
acct_018367,consumer_015027
acct_018368,consumer_015028
acct_018369,consumer_015029
acct_018370,consumer_015030
acct_018371,consumer_015031
acct_018372,consumer_015032
acct_018373,consumer_015033
acct_018374,consumer_015034
acct_018375,consumer_015035
acct_018376,consumer_015036
acct_018377,consumer_015037
acct_018378,consumer_015037
acct_018379,consumer_015037
acct_018380,consumer_015038
acct_018381,consumer_015039
acct_018382,consumer_015040
acct_018383,consumer_015040
acct_018384,consumer_015040
acct_018385,consumer_015041
acct_018386,consumer_015042
acct_018387,consumer_015043
acct_018388,consumer_015044
acct_018389,consumer_015045
acct_018390,consumer_015046
acct_018391,consumer_015047
acct_018392,consumer_015047
acct_018393,consumer_015047
acct_018394,consumer_015048
acct_018395,consumer_015049
acct_018396,consumer_015050
acct_018397,consumer_015051
acct_018398,consumer_015052
acct_018399,consumer_015053
acct_018400,consumer_015054
acct_018401,consumer_015054
acct_018402,consumer_015055
acct_018403,consumer_015056
acct_018404,consumer_015057
acct_018405,consumer_015058
acct_018406,consumer_015059
acct_018407,consumer_015060
acct_018408,consumer_015061
acct_018409,consumer_015062
acct_018410,consumer_015063
acct_018411,consumer_015064
acct_018412,consumer_015065
acct_018413,consumer_015066
acct_018414,consumer_015066
acct_018415,consumer_015066
acct_018416,consumer_015067
acct_018417,consumer_015068
acct_018418,consumer_015069
acct_018419,consumer_015070
acct_018420,consumer_015070
acct_018421,consumer_015070
acct_018422,consumer_015071
acct_018423,consumer_015071
acct_018424,consumer_015071
acct_018425,consumer_015072
acct_018426,consumer_015073
acct_018427,consumer_015074
acct_018428,consumer_015075
acct_018429,consumer_015076
acct_018430,consumer_015077
acct_018431,consumer_015078
acct_018432,consumer_015078
acct_018433,consumer_015078
acct_018434,consumer_015079
acct_018435,consumer_015079
acct_018436,consumer_015080
acct_018437,consumer_015080
acct_018438,consumer_015081
acct_018439,consumer_015081
acct_018440,consumer_015081
acct_018441,consumer_015082
acct_018442,consumer_015083
acct_018443,consumer_015084
acct_018444,consumer_015085
acct_018445,consumer_015086
acct_018446,consumer_015087
acct_018447,consumer_015088
acct_018448,consumer_015089
acct_018449,consumer_015089
acct_018450,consumer_015089
acct_018451,consumer_015090
acct_018452,consumer_015091
acct_018453,consumer_015092
acct_018454,consumer_015092
acct_018455,consumer_015093
acct_018456,consumer_015094
acct_018457,consumer_015095
acct_018458,consumer_015096
acct_018459,consumer_015097
acct_018460,consumer_015097
acct_018461,consumer_015098
acct_018462,consumer_015099
acct_018463,consumer_015100
acct_018464,consumer_015101
acct_018465,consumer_015102
acct_018466,consumer_015103
acct_018467,consumer_015104
acct_018468,consumer_015105
acct_018469,consumer_015106
acct_018470,consumer_015107
acct_018471,consumer_015108
acct_018472,consumer_015109
acct_018473,consumer_015110
acct_018474,consumer_015111
acct_018475,consumer_015112
acct_018476,consumer_015113
acct_018477,consumer_015114
acct_018478,consumer_015114
acct_018479,consumer_015114
acct_018480,consumer_015115
acct_018481,consumer_015116
acct_018482,consumer_015116
acct_018483,consumer_015116
acct_018484,consumer_015117
acct_018485,consumer_015118
acct_018486,consumer_015119
acct_018487,consumer_015120
acct_018488,consumer_015120
acct_018489,consumer_015121
acct_018490,consumer_015122
acct_018491,consumer_015122
acct_018492,consumer_015122
acct_018493,consumer_015123
acct_018494,consumer_015123
acct_018495,consumer_015124
acct_018496,consumer_015125
acct_018497,consumer_015126
acct_018498,consumer_015127
acct_018499,consumer_015128
acct_018500,consumer_015129
acct_018501,consumer_015130
acct_018502,consumer_015131
acct_018503,consumer_015132
acct_018504,consumer_015133
acct_018505,consumer_015134
acct_018506,consumer_015135
acct_018507,consumer_015136
acct_018508,consumer_015136
acct_018509,consumer_015136
acct_018510,consumer_015137
acct_018511,consumer_015138
acct_018512,consumer_015139
acct_018513,consumer_015140
acct_018514,consumer_015141
acct_018515,consumer_015142
acct_018516,consumer_015143
acct_018517,consumer_015144
acct_018518,consumer_015145
acct_018519,consumer_015145
acct_018520,consumer_015146
acct_018521,consumer_015147
acct_018522,consumer_015148
acct_018523,consumer_015149
acct_018524,consumer_015150
acct_018525,consumer_015151
acct_018526,consumer_015152
acct_018527,consumer_015153
acct_018528,consumer_015154
acct_018529,consumer_015155
acct_018530,consumer_015156
acct_018531,consumer_015157
acct_018532,consumer_015158
acct_018533,consumer_015159
acct_018534,consumer_015159
acct_018535,consumer_015159
acct_018536,consumer_015160
acct_018537,consumer_015161
acct_018538,consumer_015162
acct_018539,consumer_015163
acct_018540,consumer_015164
acct_018541,consumer_015165
acct_018542,consumer_015166
acct_018543,consumer_015167
acct_018544,consumer_015168
acct_018545,consumer_015169
acct_018546,consumer_015170
acct_018547,consumer_015171
acct_018548,consumer_015172
acct_018549,consumer_015173
acct_018550,consumer_015174
acct_018551,consumer_015174
acct_018552,consumer_015175
acct_018553,consumer_015176
acct_018554,consumer_015177
acct_018555,consumer_015178
acct_018556,consumer_015179
acct_018557,consumer_015180
acct_018558,consumer_015181
acct_018559,consumer_015182
acct_018560,consumer_015182
acct_018561,consumer_015183
acct_018562,consumer_015184
acct_018563,consumer_015185
acct_018564,consumer_015186
acct_018565,consumer_015186
acct_018566,consumer_015187
acct_018567,consumer_015188
acct_018568,consumer_015189
acct_018569,consumer_015189
acct_018570,consumer_015190
acct_018571,consumer_015191
acct_018572,consumer_015191
acct_018573,consumer_015192
acct_018574,consumer_015193
acct_018575,consumer_015193
acct_018576,consumer_015193
acct_018577,consumer_015194
acct_018578,consumer_015194
acct_018579,consumer_015194
acct_018580,consumer_015195
acct_018581,consumer_015196
acct_018582,consumer_015197
acct_018583,consumer_015198
acct_018584,consumer_015198
acct_018585,consumer_015198
acct_018586,consumer_015199
acct_018587,consumer_015200
acct_018588,consumer_015201
acct_018589,consumer_015202
acct_018590,consumer_015203
acct_018591,consumer_015204
acct_018592,consumer_015205
acct_018593,consumer_015206
acct_018594,consumer_015206
acct_018595,consumer_015206
acct_018596,consumer_015207
acct_018597,consumer_015208
acct_018598,consumer_015209
acct_018599,consumer_015210
acct_018600,consumer_015211
acct_018601,consumer_015211
acct_018602,consumer_015212
acct_018603,consumer_015213
acct_018604,consumer_015214
acct_018605,consumer_015215
acct_018606,consumer_015216
acct_018607,consumer_015216
acct_018608,consumer_015217
acct_018609,consumer_015218
acct_018610,consumer_015219
acct_018611,consumer_015220
acct_018612,consumer_015221
acct_018613,consumer_015222
acct_018614,consumer_015223
acct_018615,consumer_015224
acct_018616,consumer_015225
acct_018617,consumer_015226
acct_018618,consumer_015227
acct_018619,consumer_015228
acct_018620,consumer_015228
acct_018621,consumer_015228
acct_018622,consumer_015229
acct_018623,consumer_015230
acct_018624,consumer_015231
acct_018625,consumer_015232
acct_018626,consumer_015232
acct_018627,consumer_015233
acct_018628,consumer_015234
acct_018629,consumer_015235
acct_018630,consumer_015235
acct_018631,consumer_015236
acct_018632,consumer_015237
acct_018633,consumer_015237
acct_018634,consumer_015238
acct_018635,consumer_015239
acct_018636,consumer_015240
acct_018637,consumer_015241
acct_018638,consumer_015242
acct_018639,consumer_015242
acct_018640,consumer_015243
acct_018641,consumer_015244
acct_018642,consumer_015244
acct_018643,consumer_015245
acct_018644,consumer_015246
acct_018645,consumer_015247
acct_018646,consumer_015248
acct_018647,consumer_015249
acct_018648,consumer_015250
acct_018649,consumer_015251
acct_018650,consumer_015252
acct_018651,consumer_015253
acct_018652,consumer_015254
acct_018653,consumer_015254
acct_018654,consumer_015254
acct_018655,consumer_015255
acct_018656,consumer_015256
acct_018657,consumer_015257
acct_018658,consumer_015258
acct_018659,consumer_015258
acct_018660,consumer_015259
acct_018661,consumer_015260
acct_018662,consumer_015261
acct_018663,consumer_015262
acct_018664,consumer_015263
acct_018665,consumer_015264
acct_018666,consumer_015265
acct_018667,consumer_015266
acct_018668,consumer_015267
acct_018669,consumer_015268
acct_018670,consumer_015269
acct_018671,consumer_015270
acct_018672,consumer_015271
acct_018673,consumer_015272
acct_018674,consumer_015273
acct_018675,consumer_015274
acct_018676,consumer_015275
acct_018677,consumer_015276
acct_018678,consumer_015277
acct_018679,consumer_015278
acct_018680,consumer_015279
acct_018681,consumer_015280
acct_018682,consumer_015281
acct_018683,consumer_015282
acct_018684,consumer_015283
acct_018685,consumer_015284
acct_018686,consumer_015285
acct_018687,consumer_015286
acct_018688,consumer_015286
acct_018689,consumer_015287
acct_018690,consumer_015288
acct_018691,consumer_015289
acct_018692,consumer_015290
acct_018693,consumer_015291
acct_018694,consumer_015291
acct_018695,consumer_015292
acct_018696,consumer_015293
acct_018697,consumer_015294
acct_018698,consumer_015295
acct_018699,consumer_015295
acct_018700,consumer_015295
acct_018701,consumer_015296
acct_018702,consumer_015297
acct_018703,consumer_015298
acct_018704,consumer_015299
acct_018705,consumer_015300
acct_018706,consumer_015301
acct_018707,consumer_015302
acct_018708,consumer_015303
acct_018709,consumer_015304
acct_018710,consumer_015305
acct_018711,consumer_015306
acct_018712,consumer_015307
acct_018713,consumer_015308
acct_018714,consumer_015309
acct_018715,consumer_015309
acct_018716,consumer_015309
acct_018717,consumer_015310
acct_018718,consumer_015311
acct_018719,consumer_015312
acct_018720,consumer_015313
acct_018721,consumer_015314
acct_018722,consumer_015315
acct_018723,consumer_015316
acct_018724,consumer_015316
acct_018725,consumer_015317
acct_018726,consumer_015318
acct_018727,consumer_015319
acct_018728,consumer_015320
acct_018729,consumer_015321
acct_018730,consumer_015322
acct_018731,consumer_015323
acct_018732,consumer_015324
acct_018733,consumer_015325
acct_018734,consumer_015326
acct_018735,consumer_015327
acct_018736,consumer_015328
acct_018737,consumer_015329
acct_018738,consumer_015330
acct_018739,consumer_015330
acct_018740,consumer_015330
acct_018741,consumer_015331
acct_018742,consumer_015332
acct_018743,consumer_015333
acct_018744,consumer_015334
acct_018745,consumer_015335
acct_018746,consumer_015336
acct_018747,consumer_015337
acct_018748,consumer_015338
acct_018749,consumer_015339
acct_018750,consumer_015340
acct_018751,consumer_015341
acct_018752,consumer_015342
acct_018753,consumer_015343
acct_018754,consumer_015344
acct_018755,consumer_015345
acct_018756,consumer_015345
acct_018757,consumer_015346
acct_018758,consumer_015347
acct_018759,consumer_015348
acct_018760,consumer_015349
acct_018761,consumer_015350
acct_018762,consumer_015351
acct_018763,consumer_015352
acct_018764,consumer_015353
acct_018765,consumer_015354
acct_018766,consumer_015355
acct_018767,consumer_015356
acct_018768,consumer_015357
acct_018769,consumer_015357
acct_018770,consumer_015358
acct_018771,consumer_015359
acct_018772,consumer_015360
acct_018773,consumer_015360
acct_018774,consumer_015361
acct_018775,consumer_015362
acct_018776,consumer_015363
acct_018777,consumer_015364
acct_018778,consumer_015365
acct_018779,consumer_015365
acct_018780,consumer_015366
acct_018781,consumer_015367
acct_018782,consumer_015368
acct_018783,consumer_015369
acct_018784,consumer_015370
acct_018785,consumer_015370
acct_018786,consumer_015370
acct_018787,consumer_015371
acct_018788,consumer_015372
acct_018789,consumer_015372
acct_018790,consumer_015372
acct_018791,consumer_015373
acct_018792,consumer_015374
acct_018793,consumer_015374
acct_018794,consumer_015374
acct_018795,consumer_015375
acct_018796,consumer_015375
acct_018797,consumer_015376
acct_018798,consumer_015377
acct_018799,consumer_015378
acct_018800,consumer_015379
acct_018801,consumer_015380
acct_018802,consumer_015381
acct_018803,consumer_015382
acct_018804,consumer_015383
acct_018805,consumer_015384
acct_018806,consumer_015385
acct_018807,consumer_015386
acct_018808,consumer_015387
acct_018809,consumer_015388
acct_018810,consumer_015388
acct_018811,consumer_015388
acct_018812,consumer_015389
acct_018813,consumer_015390
acct_018814,consumer_015391
acct_018815,consumer_015392
acct_018816,consumer_015393
acct_018817,consumer_015394
acct_018818,consumer_015395
acct_018819,consumer_015396
acct_018820,consumer_015397
acct_018821,consumer_015397
acct_018822,consumer_015397
acct_018823,consumer_015398
acct_018824,consumer_015399
acct_018825,consumer_015400
acct_018826,consumer_015401
acct_018827,consumer_015402
acct_018828,consumer_015403
acct_018829,consumer_015404
acct_018830,consumer_015405
acct_018831,consumer_015406
acct_018832,consumer_015407
acct_018833,consumer_015408
acct_018834,consumer_015409
acct_018835,consumer_015410
acct_018836,consumer_015411
acct_018837,consumer_015412
acct_018838,consumer_015413
acct_018839,consumer_015414
acct_018840,consumer_015415
acct_018841,consumer_015416
acct_018842,consumer_015417
acct_018843,consumer_015418
acct_018844,consumer_015419
acct_018845,consumer_015419
acct_018846,consumer_015420
acct_018847,consumer_015421
acct_018848,consumer_015421
acct_018849,consumer_015421
acct_018850,consumer_015422
acct_018851,consumer_015423
acct_018852,consumer_015424
acct_018853,consumer_015425
acct_018854,consumer_015426
acct_018855,consumer_015427
acct_018856,consumer_015428
acct_018857,consumer_015429
acct_018858,consumer_015430
acct_018859,consumer_015431
acct_018860,consumer_015432
acct_018861,consumer_015433
acct_018862,consumer_015434
acct_018863,consumer_015435
acct_018864,consumer_015436
acct_018865,consumer_015437
acct_018866,consumer_015438
acct_018867,consumer_015439
acct_018868,consumer_015440
acct_018869,consumer_015441
acct_018870,consumer_015442
acct_018871,consumer_015443
acct_018872,consumer_015444
acct_018873,consumer_015445
acct_018874,consumer_015446
acct_018875,consumer_015447
acct_018876,consumer_015448
acct_018877,consumer_015449
acct_018878,consumer_015450
acct_018879,consumer_015451
acct_018880,consumer_015452
acct_018881,consumer_015452
acct_018882,consumer_015453
acct_018883,consumer_015454
acct_018884,consumer_015455
acct_018885,consumer_015456
acct_018886,consumer_015457
acct_018887,consumer_015457
acct_018888,consumer_015458
acct_018889,consumer_015459
acct_018890,consumer_015460
acct_018891,consumer_015461
acct_018892,consumer_015462
acct_018893,consumer_015463
acct_018894,consumer_015464
acct_018895,consumer_015465
acct_018896,consumer_015466
acct_018897,consumer_015467
acct_018898,consumer_015468
acct_018899,consumer_015469
acct_018900,consumer_015470
acct_018901,consumer_015470
acct_018902,consumer_015471
acct_018903,consumer_015471
acct_018904,consumer_015471
acct_018905,consumer_015472
acct_018906,consumer_015473
acct_018907,consumer_015473
acct_018908,consumer_015474
acct_018909,consumer_015475
acct_018910,consumer_015476
acct_018911,consumer_015476
acct_018912,consumer_015477
acct_018913,consumer_015478
acct_018914,consumer_015479
acct_018915,consumer_015479
acct_018916,consumer_015479
acct_018917,consumer_015480
acct_018918,consumer_015481
acct_018919,consumer_015482
acct_018920,consumer_015483
acct_018921,consumer_015484
acct_018922,consumer_015484
acct_018923,consumer_015485
acct_018924,consumer_015486
acct_018925,consumer_015487
acct_018926,consumer_015488
acct_018927,consumer_015489
acct_018928,consumer_015490
acct_018929,consumer_015490
acct_018930,consumer_015491
acct_018931,consumer_015492
acct_018932,consumer_015493
acct_018933,consumer_015494
acct_018934,consumer_015494
acct_018935,consumer_015494
acct_018936,consumer_015495
acct_018937,consumer_015495
acct_018938,consumer_015495
acct_018939,consumer_015496
acct_018940,consumer_015497
acct_018941,consumer_015498
acct_018942,consumer_015499
acct_018943,consumer_015500
acct_018944,consumer_015501
acct_018945,consumer_015502
acct_018946,consumer_015502
acct_018947,consumer_015503
acct_018948,consumer_015504
acct_018949,consumer_015504
acct_018950,consumer_015504
acct_018951,consumer_015505
acct_018952,consumer_015506
acct_018953,consumer_015507
acct_018954,consumer_015508
acct_018955,consumer_015509
acct_018956,consumer_015510
acct_018957,consumer_015511
acct_018958,consumer_015512
acct_018959,consumer_015512
acct_018960,consumer_015513
acct_018961,consumer_015513
acct_018962,consumer_015513
acct_018963,consumer_015514
acct_018964,consumer_015515
acct_018965,consumer_015516
acct_018966,consumer_015517
acct_018967,consumer_015518
acct_018968,consumer_015518
acct_018969,consumer_015519
acct_018970,consumer_015520
acct_018971,consumer_015521
acct_018972,consumer_015522
acct_018973,consumer_015522
acct_018974,consumer_015522
acct_018975,consumer_015523
acct_018976,consumer_015524
acct_018977,consumer_015525
acct_018978,consumer_015526
acct_018979,consumer_015527
acct_018980,consumer_015528
acct_018981,consumer_015529
acct_018982,consumer_015530
acct_018983,consumer_015531
acct_018984,consumer_015532
acct_018985,consumer_015533
acct_018986,consumer_015534
acct_018987,consumer_015535
acct_018988,consumer_015536
acct_018989,consumer_015537
acct_018990,consumer_015538
acct_018991,consumer_015539
acct_018992,consumer_015540
acct_018993,consumer_015541
acct_018994,consumer_015542
acct_018995,consumer_015543
acct_018996,consumer_015544
acct_018997,consumer_015545
acct_018998,consumer_015546
acct_018999,consumer_015547
acct_019000,consumer_015547
acct_019001,consumer_015547
acct_019002,consumer_015548
acct_019003,consumer_015549
acct_019004,consumer_015550
acct_019005,consumer_015551
acct_019006,consumer_015552
acct_019007,consumer_015553
acct_019008,consumer_015554
acct_019009,consumer_015555
acct_019010,consumer_015556
acct_019011,consumer_015556
acct_019012,consumer_015557
acct_019013,consumer_015558
acct_019014,consumer_015559
acct_019015,consumer_015560
acct_019016,consumer_015561
acct_019017,consumer_015562
acct_019018,consumer_015562
acct_019019,consumer_015562
acct_019020,consumer_015563
acct_019021,consumer_015564
acct_019022,consumer_015565
acct_019023,consumer_015566
acct_019024,consumer_015567
acct_019025,consumer_015568
acct_019026,consumer_015569
acct_019027,consumer_015570
acct_019028,consumer_015571
acct_019029,consumer_015572
acct_019030,consumer_015573
acct_019031,consumer_015574
acct_019032,consumer_015575
acct_019033,consumer_015576
acct_019034,consumer_015577
acct_019035,consumer_015578
acct_019036,consumer_015579
acct_019037,consumer_015580
acct_019038,consumer_015581
acct_019039,consumer_015582
acct_019040,consumer_015583
acct_019041,consumer_015584
acct_019042,consumer_015585
acct_019043,consumer_015586
acct_019044,consumer_015586
acct_019045,consumer_015586
acct_019046,consumer_015587
acct_019047,consumer_015588
acct_019048,consumer_015589
acct_019049,consumer_015590
acct_019050,consumer_015591
acct_019051,consumer_015591
acct_019052,consumer_015591
acct_019053,consumer_015592
acct_019054,consumer_015593
acct_019055,consumer_015594
acct_019056,consumer_015595
acct_019057,consumer_015596
acct_019058,consumer_015597
acct_019059,consumer_015598
acct_019060,consumer_015599
acct_019061,consumer_015600
acct_019062,consumer_015600
acct_019063,consumer_015600
acct_019064,consumer_015601
acct_019065,consumer_015601
acct_019066,consumer_015602
acct_019067,consumer_015603
acct_019068,consumer_015603
acct_019069,consumer_015604
acct_019070,consumer_015605
acct_019071,consumer_015605
acct_019072,consumer_015606
acct_019073,consumer_015607
acct_019074,consumer_015608
acct_019075,consumer_015609
acct_019076,consumer_015610
acct_019077,consumer_015611
acct_019078,consumer_015612
acct_019079,consumer_015613
acct_019080,consumer_015614
acct_019081,consumer_015615
acct_019082,consumer_015616
acct_019083,consumer_015617
acct_019084,consumer_015617
acct_019085,consumer_015618
acct_019086,consumer_015618
acct_019087,consumer_015619
acct_019088,consumer_015620
acct_019089,consumer_015621
acct_019090,consumer_015622
acct_019091,consumer_015623
acct_019092,consumer_015624
acct_019093,consumer_015625
acct_019094,consumer_015626
acct_019095,consumer_015626
acct_019096,consumer_015627
acct_019097,consumer_015628
acct_019098,consumer_015629
acct_019099,consumer_015629
acct_019100,consumer_015630
acct_019101,consumer_015631
acct_019102,consumer_015631
acct_019103,consumer_015631
acct_019104,consumer_015632
acct_019105,consumer_015632
acct_019106,consumer_015633
acct_019107,consumer_015634
acct_019108,consumer_015635
acct_019109,consumer_015636
acct_019110,consumer_015637
acct_019111,consumer_015638
acct_019112,consumer_015639
acct_019113,consumer_015639
acct_019114,consumer_015639
acct_019115,consumer_015640
acct_019116,consumer_015641
acct_019117,consumer_015642
acct_019118,consumer_015642
acct_019119,consumer_015642
acct_019120,consumer_015643
acct_019121,consumer_015644
acct_019122,consumer_015645
acct_019123,consumer_015646
acct_019124,consumer_015647
acct_019125,consumer_015648
acct_019126,consumer_015648
acct_019127,consumer_015648
acct_019128,consumer_015649
acct_019129,consumer_015650
acct_019130,consumer_015651
acct_019131,consumer_015652
acct_019132,consumer_015653
acct_019133,consumer_015654
acct_019134,consumer_015655
acct_019135,consumer_015656
acct_019136,consumer_015657
acct_019137,consumer_015658
acct_019138,consumer_015659
acct_019139,consumer_015660
acct_019140,consumer_015661
acct_019141,consumer_015662
acct_019142,consumer_015663
acct_019143,consumer_015663
acct_019144,consumer_015664
acct_019145,consumer_015665
acct_019146,consumer_015666
acct_019147,consumer_015667
acct_019148,consumer_015667
acct_019149,consumer_015667
acct_019150,consumer_015668
acct_019151,consumer_015669
acct_019152,consumer_015670
acct_019153,consumer_015671
acct_019154,consumer_015672
acct_019155,consumer_015673
acct_019156,consumer_015673
acct_019157,consumer_015673
acct_019158,consumer_015674
acct_019159,consumer_015675
acct_019160,consumer_015676
acct_019161,consumer_015677
acct_019162,consumer_015678
acct_019163,consumer_015679
acct_019164,consumer_015680
acct_019165,consumer_015681
acct_019166,consumer_015681
acct_019167,consumer_015681
acct_019168,consumer_015682
acct_019169,consumer_015682
acct_019170,consumer_015683
acct_019171,consumer_015684
acct_019172,consumer_015685
acct_019173,consumer_015686
acct_019174,consumer_015686
acct_019175,consumer_015687
acct_019176,consumer_015688
acct_019177,consumer_015689
acct_019178,consumer_015690
acct_019179,consumer_015690
acct_019180,consumer_015690
acct_019181,consumer_015691
acct_019182,consumer_015692
acct_019183,consumer_015693
acct_019184,consumer_015694
acct_019185,consumer_015695
acct_019186,consumer_015696
acct_019187,consumer_015697
acct_019188,consumer_015698
acct_019189,consumer_015699
acct_019190,consumer_015700
acct_019191,consumer_015701
acct_019192,consumer_015702
acct_019193,consumer_015703
acct_019194,consumer_015704
acct_019195,consumer_015705
acct_019196,consumer_015706
acct_019197,consumer_015707
acct_019198,consumer_015708
acct_019199,consumer_015708
acct_019200,consumer_015708
acct_019201,consumer_015709
acct_019202,consumer_015710
acct_019203,consumer_015711
acct_019204,consumer_015712
acct_019205,consumer_015713
acct_019206,consumer_015713
acct_019207,consumer_015714
acct_019208,consumer_015715
acct_019209,consumer_015716
acct_019210,consumer_015717
acct_019211,consumer_015718
acct_019212,consumer_015719
acct_019213,consumer_015719
acct_019214,consumer_015719
acct_019215,consumer_015720
acct_019216,consumer_015721
acct_019217,consumer_015722
acct_019218,consumer_015723
acct_019219,consumer_015723
acct_019220,consumer_015723
acct_019221,consumer_015724
acct_019222,consumer_015725
acct_019223,consumer_015726
acct_019224,consumer_015727
acct_019225,consumer_015728
acct_019226,consumer_015729
acct_019227,consumer_015730
acct_019228,consumer_015731
acct_019229,consumer_015732
acct_019230,consumer_015733
acct_019231,consumer_015734
acct_019232,consumer_015735
acct_019233,consumer_015736
acct_019234,consumer_015737
acct_019235,consumer_015738
acct_019236,consumer_015739
acct_019237,consumer_015740
acct_019238,consumer_015741
acct_019239,consumer_015741
acct_019240,consumer_015741
acct_019241,consumer_015742
acct_019242,consumer_015743
acct_019243,consumer_015744
acct_019244,consumer_015745
acct_019245,consumer_015746
acct_019246,consumer_015746
acct_019247,consumer_015747
acct_019248,consumer_015748
acct_019249,consumer_015749
acct_019250,consumer_015750
acct_019251,consumer_015751
acct_019252,consumer_015752
acct_019253,consumer_015753
acct_019254,consumer_015754
acct_019255,consumer_015755
acct_019256,consumer_015756
acct_019257,consumer_015757
acct_019258,consumer_015757
acct_019259,consumer_015757
acct_019260,consumer_015758
acct_019261,consumer_015759
acct_019262,consumer_015760
acct_019263,consumer_015761
acct_019264,consumer_015762
acct_019265,consumer_015763
acct_019266,consumer_015764
acct_019267,consumer_015765
acct_019268,consumer_015766
acct_019269,consumer_015767
acct_019270,consumer_015767
acct_019271,consumer_015768
acct_019272,consumer_015769
acct_019273,consumer_015770
acct_019274,consumer_015771
acct_019275,consumer_015772
acct_019276,consumer_015773
acct_019277,consumer_015774
acct_019278,consumer_015775
acct_019279,consumer_015775
acct_019280,consumer_015776
acct_019281,consumer_015777
acct_019282,consumer_015778
acct_019283,consumer_015779
acct_019284,consumer_015779
acct_019285,consumer_015780
acct_019286,consumer_015781
acct_019287,consumer_015782
acct_019288,consumer_015783
acct_019289,consumer_015784
acct_019290,consumer_015785
acct_019291,consumer_015785
acct_019292,consumer_015786
acct_019293,consumer_015787
acct_019294,consumer_015788
acct_019295,consumer_015789
acct_019296,consumer_015790
acct_019297,consumer_015791
acct_019298,consumer_015792
acct_019299,consumer_015793
acct_019300,consumer_015794
acct_019301,consumer_015795
acct_019302,consumer_015796
acct_019303,consumer_015797
acct_019304,consumer_015798
acct_019305,consumer_015799
acct_019306,consumer_015800
acct_019307,consumer_015801
acct_019308,consumer_015802
acct_019309,consumer_015803
acct_019310,consumer_015804
acct_019311,consumer_015805
acct_019312,consumer_015806
acct_019313,consumer_015806
acct_019314,consumer_015806
acct_019315,consumer_015807
acct_019316,consumer_015808
acct_019317,consumer_015809
acct_019318,consumer_015810
acct_019319,consumer_015810
acct_019320,consumer_015810
acct_019321,consumer_015811
acct_019322,consumer_015812
acct_019323,consumer_015813
acct_019324,consumer_015814
acct_019325,consumer_015814
acct_019326,consumer_015814
acct_019327,consumer_015815
acct_019328,consumer_015816
acct_019329,consumer_015817
acct_019330,consumer_015818
acct_019331,consumer_015819
acct_019332,consumer_015820
acct_019333,consumer_015821
acct_019334,consumer_015822
acct_019335,consumer_015822
acct_019336,consumer_015822
acct_019337,consumer_015823
acct_019338,consumer_015824
acct_019339,consumer_015824
acct_019340,consumer_015825
acct_019341,consumer_015826
acct_019342,consumer_015827
acct_019343,consumer_015828
acct_019344,consumer_015829
acct_019345,consumer_015830
acct_019346,consumer_015831
acct_019347,consumer_015832
acct_019348,consumer_015833
acct_019349,consumer_015834
acct_019350,consumer_015835
acct_019351,consumer_015836
acct_019352,consumer_015836
acct_019353,consumer_015836
acct_019354,consumer_015837
acct_019355,consumer_015838
acct_019356,consumer_015839
acct_019357,consumer_015840
acct_019358,consumer_015841
acct_019359,consumer_015842
acct_019360,consumer_015842
acct_019361,consumer_015843
acct_019362,consumer_015844
acct_019363,consumer_015845
acct_019364,consumer_015846
acct_019365,consumer_015847
acct_019366,consumer_015848
acct_019367,consumer_015849
acct_019368,consumer_015849
acct_019369,consumer_015849
acct_019370,consumer_015850
acct_019371,consumer_015851
acct_019372,consumer_015852
acct_019373,consumer_015853
acct_019374,consumer_015853
acct_019375,consumer_015853
acct_019376,consumer_015854
acct_019377,consumer_015855
acct_019378,consumer_015856
acct_019379,consumer_015857
acct_019380,consumer_015858
acct_019381,consumer_015858
acct_019382,consumer_015859
acct_019383,consumer_015860
acct_019384,consumer_015861
acct_019385,consumer_015862
acct_019386,consumer_015863
acct_019387,consumer_015864
acct_019388,consumer_015865
acct_019389,consumer_015866
acct_019390,consumer_015866
acct_019391,consumer_015867
acct_019392,consumer_015868
acct_019393,consumer_015869
acct_019394,consumer_015870
acct_019395,consumer_015871
acct_019396,consumer_015871
acct_019397,consumer_015871
acct_019398,consumer_015872
acct_019399,consumer_015872
acct_019400,consumer_015872
acct_019401,consumer_015873
acct_019402,consumer_015874
acct_019403,consumer_015875
acct_019404,consumer_015876
acct_019405,consumer_015877
acct_019406,consumer_015877
acct_019407,consumer_015877
acct_019408,consumer_015878
acct_019409,consumer_015879
acct_019410,consumer_015880
acct_019411,consumer_015881
acct_019412,consumer_015882
acct_019413,consumer_015883
acct_019414,consumer_015883
acct_019415,consumer_015883
acct_019416,consumer_015884
acct_019417,consumer_015884
acct_019418,consumer_015885
acct_019419,consumer_015886
acct_019420,consumer_015887
acct_019421,consumer_015888
acct_019422,consumer_015889
acct_019423,consumer_015890
acct_019424,consumer_015891
acct_019425,consumer_015892
acct_019426,consumer_015893
acct_019427,consumer_015894
acct_019428,consumer_015895
acct_019429,consumer_015895
acct_019430,consumer_015895
acct_019431,consumer_015896
acct_019432,consumer_015897
acct_019433,consumer_015898
acct_019434,consumer_015898
acct_019435,consumer_015898
acct_019436,consumer_015899
acct_019437,consumer_015900
acct_019438,consumer_015900
acct_019439,consumer_015901
acct_019440,consumer_015902
acct_019441,consumer_015903
acct_019442,consumer_015903
acct_019443,consumer_015904
acct_019444,consumer_015905
acct_019445,consumer_015906
acct_019446,consumer_015907
acct_019447,consumer_015908
acct_019448,consumer_015909
acct_019449,consumer_015909
acct_019450,consumer_015909
acct_019451,consumer_015910
acct_019452,consumer_015911
acct_019453,consumer_015912
acct_019454,consumer_015913
acct_019455,consumer_015914
acct_019456,consumer_015915
acct_019457,consumer_015916
acct_019458,consumer_015917
acct_019459,consumer_015918
acct_019460,consumer_015919
acct_019461,consumer_015920
acct_019462,consumer_015921
acct_019463,consumer_015922
acct_019464,consumer_015923
acct_019465,consumer_015924
acct_019466,consumer_015925
acct_019467,consumer_015926
acct_019468,consumer_015927
acct_019469,consumer_015928
acct_019470,consumer_015929
acct_019471,consumer_015930
acct_019472,consumer_015931
acct_019473,consumer_015931
acct_019474,consumer_015932
acct_019475,consumer_015932
acct_019476,consumer_015932
acct_019477,consumer_015933
acct_019478,consumer_015934
acct_019479,consumer_015935
acct_019480,consumer_015936
acct_019481,consumer_015937
acct_019482,consumer_015938
acct_019483,consumer_015939
acct_019484,consumer_015940
acct_019485,consumer_015941
acct_019486,consumer_015942
acct_019487,consumer_015943
acct_019488,consumer_015943
acct_019489,consumer_015944
acct_019490,consumer_015945
acct_019491,consumer_015946
acct_019492,consumer_015946
acct_019493,consumer_015946
acct_019494,consumer_015947
acct_019495,consumer_015948
acct_019496,consumer_015949
acct_019497,consumer_015950
acct_019498,consumer_015950
acct_019499,consumer_015950
acct_019500,consumer_015951
acct_019501,consumer_015952
acct_019502,consumer_015953
acct_019503,consumer_015954
acct_019504,consumer_015955
acct_019505,consumer_015956
acct_019506,consumer_015957
acct_019507,consumer_015958
acct_019508,consumer_015959
acct_019509,consumer_015960
acct_019510,consumer_015961
acct_019511,consumer_015962
acct_019512,consumer_015963
acct_019513,consumer_015964
acct_019514,consumer_015965
acct_019515,consumer_015966
acct_019516,consumer_015966
acct_019517,consumer_015966
acct_019518,consumer_015967
acct_019519,consumer_015968
acct_019520,consumer_015969
acct_019521,consumer_015970
acct_019522,consumer_015971
acct_019523,consumer_015972
acct_019524,consumer_015973
acct_019525,consumer_015974
acct_019526,consumer_015975
acct_019527,consumer_015976
acct_019528,consumer_015977
acct_019529,consumer_015978
acct_019530,consumer_015979
acct_019531,consumer_015980
acct_019532,consumer_015981
acct_019533,consumer_015982
acct_019534,consumer_015982
acct_019535,consumer_015983
acct_019536,consumer_015984
acct_019537,consumer_015985
acct_019538,consumer_015985
acct_019539,consumer_015985
acct_019540,consumer_015986
acct_019541,consumer_015987
acct_019542,consumer_015988
acct_019543,consumer_015988
acct_019544,consumer_015988
acct_019545,consumer_015989
acct_019546,consumer_015989
acct_019547,consumer_015989
acct_019548,consumer_015990
acct_019549,consumer_015991
acct_019550,consumer_015992
acct_019551,consumer_015993
acct_019552,consumer_015994
acct_019553,consumer_015995
acct_019554,consumer_015996
acct_019555,consumer_015997
acct_019556,consumer_015998
acct_019557,consumer_015999
acct_019558,consumer_016000
acct_019559,consumer_016000
acct_019560,consumer_016000
acct_019561,consumer_016001
acct_019562,consumer_016001
acct_019563,consumer_016001
acct_019564,consumer_016002
acct_019565,consumer_016003
acct_019566,consumer_016004
acct_019567,consumer_016005
acct_019568,consumer_016006
acct_019569,consumer_016006
acct_019570,consumer_016006
acct_019571,consumer_016007
acct_019572,consumer_016008
acct_019573,consumer_016009
acct_019574,consumer_016010
acct_019575,consumer_016011
acct_019576,consumer_016012
acct_019577,consumer_016013
acct_019578,consumer_016014
acct_019579,consumer_016015
acct_019580,consumer_016016
acct_019581,consumer_016017
acct_019582,consumer_016018
acct_019583,consumer_016019
acct_019584,consumer_016020
acct_019585,consumer_016020
acct_019586,consumer_016021
acct_019587,consumer_016022
acct_019588,consumer_016023
acct_019589,consumer_016024
acct_019590,consumer_016025
acct_019591,consumer_016026
acct_019592,consumer_016027
acct_019593,consumer_016028
acct_019594,consumer_016029
acct_019595,consumer_016030
acct_019596,consumer_016031
acct_019597,consumer_016032
acct_019598,consumer_016033
acct_019599,consumer_016034
acct_019600,consumer_016035
acct_019601,consumer_016035
acct_019602,consumer_016036
acct_019603,consumer_016037
acct_019604,consumer_016038
acct_019605,consumer_016039
acct_019606,consumer_016039
acct_019607,consumer_016039
acct_019608,consumer_016040
acct_019609,consumer_016041
acct_019610,consumer_016041
acct_019611,consumer_016041
acct_019612,consumer_016042
acct_019613,consumer_016043
acct_019614,consumer_016044
acct_019615,consumer_016045
acct_019616,consumer_016046
acct_019617,consumer_016047
acct_019618,consumer_016047
acct_019619,consumer_016048
acct_019620,consumer_016049
acct_019621,consumer_016050
acct_019622,consumer_016051
acct_019623,consumer_016052
acct_019624,consumer_016053
acct_019625,consumer_016054
acct_019626,consumer_016055
acct_019627,consumer_016056
acct_019628,consumer_016057
acct_019629,consumer_016058
acct_019630,consumer_016059
acct_019631,consumer_016060
acct_019632,consumer_016061
acct_019633,consumer_016062
acct_019634,consumer_016063
acct_019635,consumer_016064
acct_019636,consumer_016064
acct_019637,consumer_016065
acct_019638,consumer_016066
acct_019639,consumer_016067
acct_019640,consumer_016068
acct_019641,consumer_016069
acct_019642,consumer_016070
acct_019643,consumer_016071
acct_019644,consumer_016072
acct_019645,consumer_016073
acct_019646,consumer_016074
acct_019647,consumer_016075
acct_019648,consumer_016076
acct_019649,consumer_016077
acct_019650,consumer_016078
acct_019651,consumer_016079
acct_019652,consumer_016080
acct_019653,consumer_016080
acct_019654,consumer_016080
acct_019655,consumer_016081
acct_019656,consumer_016082
acct_019657,consumer_016083
acct_019658,consumer_016083
acct_019659,consumer_016084
acct_019660,consumer_016085
acct_019661,consumer_016086
acct_019662,consumer_016087
acct_019663,consumer_016088
acct_019664,consumer_016089
acct_019665,consumer_016090
acct_019666,consumer_016091
acct_019667,consumer_016092
acct_019668,consumer_016093
acct_019669,consumer_016093
acct_019670,consumer_016094
acct_019671,consumer_016095
acct_019672,consumer_016096
acct_019673,consumer_016097
acct_019674,consumer_016098
acct_019675,consumer_016099
acct_019676,consumer_016100
acct_019677,consumer_016101
acct_019678,consumer_016102
acct_019679,consumer_016103
acct_019680,consumer_016104
acct_019681,consumer_016105
acct_019682,consumer_016106
acct_019683,consumer_016107
acct_019684,consumer_016108
acct_019685,consumer_016109
acct_019686,consumer_016110
acct_019687,consumer_016111
acct_019688,consumer_016112
acct_019689,consumer_016113
acct_019690,consumer_016114
acct_019691,consumer_016115
acct_019692,consumer_016116
acct_019693,consumer_016117
acct_019694,consumer_016118
acct_019695,consumer_016119
acct_019696,consumer_016120
acct_019697,consumer_016121
acct_019698,consumer_016122
acct_019699,consumer_016123
acct_019700,consumer_016124
acct_019701,consumer_016125
acct_019702,consumer_016125
acct_019703,consumer_016125
acct_019704,consumer_016126
acct_019705,consumer_016127
acct_019706,consumer_016128
acct_019707,consumer_016129
acct_019708,consumer_016130
acct_019709,consumer_016131
acct_019710,consumer_016132
acct_019711,consumer_016133
acct_019712,consumer_016134
acct_019713,consumer_016134
acct_019714,consumer_016135
acct_019715,consumer_016136
acct_019716,consumer_016137
acct_019717,consumer_016138
acct_019718,consumer_016139
acct_019719,consumer_016140
acct_019720,consumer_016141
acct_019721,consumer_016142
acct_019722,consumer_016143
acct_019723,consumer_016144
acct_019724,consumer_016145
acct_019725,consumer_016146
acct_019726,consumer_016147
acct_019727,consumer_016148
acct_019728,consumer_016149
acct_019729,consumer_016150
acct_019730,consumer_016150
acct_019731,consumer_016151
acct_019732,consumer_016152
acct_019733,consumer_016153
acct_019734,consumer_016154
acct_019735,consumer_016155
acct_019736,consumer_016156
acct_019737,consumer_016157
acct_019738,consumer_016158
acct_019739,consumer_016159
acct_019740,consumer_016160
acct_019741,consumer_016161
acct_019742,consumer_016162
acct_019743,consumer_016163
acct_019744,consumer_016164
acct_019745,consumer_016165
acct_019746,consumer_016166
acct_019747,consumer_016167
acct_019748,consumer_016168
acct_019749,consumer_016168
acct_019750,consumer_016169
acct_019751,consumer_016170
acct_019752,consumer_016171
acct_019753,consumer_016172
acct_019754,consumer_016173
acct_019755,consumer_016174
acct_019756,consumer_016175
acct_019757,consumer_016176
acct_019758,consumer_016177
acct_019759,consumer_016178
acct_019760,consumer_016179
acct_019761,consumer_016180
acct_019762,consumer_016181
acct_019763,consumer_016182
acct_019764,consumer_016182
acct_019765,consumer_016182
acct_019766,consumer_016183
acct_019767,consumer_016184
acct_019768,consumer_016185
acct_019769,consumer_016186
acct_019770,consumer_016187
acct_019771,consumer_016188
acct_019772,consumer_016188
acct_019773,consumer_016188
acct_019774,consumer_016189
acct_019775,consumer_016190
acct_019776,consumer_016191
acct_019777,consumer_016191
acct_019778,consumer_016192
acct_019779,consumer_016193
acct_019780,consumer_016194
acct_019781,consumer_016194
acct_019782,consumer_016195
acct_019783,consumer_016196
acct_019784,consumer_016197
acct_019785,consumer_016198
acct_019786,consumer_016199
acct_019787,consumer_016200
acct_019788,consumer_016200
acct_019789,consumer_016201
acct_019790,consumer_016202
acct_019791,consumer_016203
acct_019792,consumer_016204
acct_019793,consumer_016204
acct_019794,consumer_016205
acct_019795,consumer_016206
acct_019796,consumer_016207
acct_019797,consumer_016208
acct_019798,consumer_016209
acct_019799,consumer_016210
acct_019800,consumer_016210
acct_019801,consumer_016210
acct_019802,consumer_016211
acct_019803,consumer_016212
acct_019804,consumer_016213
acct_019805,consumer_016214
acct_019806,consumer_016214
acct_019807,consumer_016215
acct_019808,consumer_016216
acct_019809,consumer_016217
acct_019810,consumer_016218
acct_019811,consumer_016219
acct_019812,consumer_016220
acct_019813,consumer_016221
acct_019814,consumer_016222
acct_019815,consumer_016223
acct_019816,consumer_016224
acct_019817,consumer_016225
acct_019818,consumer_016226
acct_019819,consumer_016227
acct_019820,consumer_016227
acct_019821,consumer_016227
acct_019822,consumer_016228
acct_019823,consumer_016229
acct_019824,consumer_016230
acct_019825,consumer_016231
acct_019826,consumer_016232
acct_019827,consumer_016233
acct_019828,consumer_016233
acct_019829,consumer_016234
acct_019830,consumer_016235
acct_019831,consumer_016236
acct_019832,consumer_016237
acct_019833,consumer_016238
acct_019834,consumer_016239
acct_019835,consumer_016240
acct_019836,consumer_016241
acct_019837,consumer_016242
acct_019838,consumer_016243
acct_019839,consumer_016244
acct_019840,consumer_016244
acct_019841,consumer_016245
acct_019842,consumer_016246
acct_019843,consumer_016247
acct_019844,consumer_016247
acct_019845,consumer_016247
acct_019846,consumer_016248
acct_019847,consumer_016249
acct_019848,consumer_016250
acct_019849,consumer_016250
acct_019850,consumer_016250
acct_019851,consumer_016251
acct_019852,consumer_016252
acct_019853,consumer_016253
acct_019854,consumer_016253
acct_019855,consumer_016253
acct_019856,consumer_016254
acct_019857,consumer_016255
acct_019858,consumer_016256
acct_019859,consumer_016256
acct_019860,consumer_016257
acct_019861,consumer_016258
acct_019862,consumer_016259
acct_019863,consumer_016260
acct_019864,consumer_016261
acct_019865,consumer_016262
acct_019866,consumer_016263
acct_019867,consumer_016264
acct_019868,consumer_016264
acct_019869,consumer_016265
acct_019870,consumer_016266
acct_019871,consumer_016267
acct_019872,consumer_016268
acct_019873,consumer_016269
acct_019874,consumer_016270
acct_019875,consumer_016271
acct_019876,consumer_016272
acct_019877,consumer_016273
acct_019878,consumer_016274
acct_019879,consumer_016275
acct_019880,consumer_016276
acct_019881,consumer_016276
acct_019882,consumer_016277
acct_019883,consumer_016278
acct_019884,consumer_016278
acct_019885,consumer_016279
acct_019886,consumer_016280
acct_019887,consumer_016281
acct_019888,consumer_016281
acct_019889,consumer_016281
acct_019890,consumer_016282
acct_019891,consumer_016283
acct_019892,consumer_016284
acct_019893,consumer_016285
acct_019894,consumer_016285
acct_019895,consumer_016286
acct_019896,consumer_016287
acct_019897,consumer_016288
acct_019898,consumer_016289
acct_019899,consumer_016290
acct_019900,consumer_016291
acct_019901,consumer_016292
acct_019902,consumer_016293
acct_019903,consumer_016293
acct_019904,consumer_016294
acct_019905,consumer_016295
acct_019906,consumer_016296
acct_019907,consumer_016297
acct_019908,consumer_016298
acct_019909,consumer_016298
acct_019910,consumer_016299
acct_019911,consumer_016299
acct_019912,consumer_016299
acct_019913,consumer_016300
acct_019914,consumer_016300
acct_019915,consumer_016301
acct_019916,consumer_016301
acct_019917,consumer_016302
acct_019918,consumer_016303
acct_019919,consumer_016304
acct_019920,consumer_016305
acct_019921,consumer_016306
acct_019922,consumer_016307
acct_019923,consumer_016308
acct_019924,consumer_016308
acct_019925,consumer_016308
acct_019926,consumer_016309
acct_019927,consumer_016310
acct_019928,consumer_016311
acct_019929,consumer_016312
acct_019930,consumer_016313
acct_019931,consumer_016314
acct_019932,consumer_016315
acct_019933,consumer_016315
acct_019934,consumer_016316
acct_019935,consumer_016317
acct_019936,consumer_016318
acct_019937,consumer_016319
acct_019938,consumer_016320
acct_019939,consumer_016320
acct_019940,consumer_016321
acct_019941,consumer_016322
acct_019942,consumer_016323
acct_019943,consumer_016324
acct_019944,consumer_016325
acct_019945,consumer_016326
acct_019946,consumer_016327
acct_019947,consumer_016327
acct_019948,consumer_016327
acct_019949,consumer_016328
acct_019950,consumer_016329
acct_019951,consumer_016330
acct_019952,consumer_016331
acct_019953,consumer_016332
acct_019954,consumer_016333
acct_019955,consumer_016334
acct_019956,consumer_016334
acct_019957,consumer_016335
acct_019958,consumer_016335
acct_019959,consumer_016335
acct_019960,consumer_016336
acct_019961,consumer_016337
acct_019962,consumer_016338
acct_019963,consumer_016339
acct_019964,consumer_016340
acct_019965,consumer_016340
acct_019966,consumer_016340
acct_019967,consumer_016341
acct_019968,consumer_016342
acct_019969,consumer_016343
acct_019970,consumer_016344
acct_019971,consumer_016345
acct_019972,consumer_016346
acct_019973,consumer_016346
acct_019974,consumer_016347
acct_019975,consumer_016347
acct_019976,consumer_016348
acct_019977,consumer_016349
acct_019978,consumer_016350
acct_019979,consumer_016351
acct_019980,consumer_016352
acct_019981,consumer_016353
acct_019982,consumer_016354
acct_019983,consumer_016355
acct_019984,consumer_016355
acct_019985,consumer_016355
acct_019986,consumer_016356
acct_019987,consumer_016357
acct_019988,consumer_016358
acct_019989,consumer_016359
acct_019990,consumer_016360
acct_019991,consumer_016361
acct_019992,consumer_016362
acct_019993,consumer_016363
acct_019994,consumer_016364
acct_019995,consumer_016365
acct_019996,consumer_016366
acct_019997,consumer_016367
acct_019998,consumer_016368
acct_019999,consumer_016369
acct_020000,consumer_016370
acct_020001,consumer_016371
acct_020002,consumer_016371
acct_020003,consumer_016371
acct_020004,consumer_016372
acct_020005,consumer_016372
acct_020006,consumer_016372
acct_020007,consumer_016373
acct_020008,consumer_016374
acct_020009,consumer_016375
acct_020010,consumer_016376
acct_020011,consumer_016377
acct_020012,consumer_016378
acct_020013,consumer_016379
acct_020014,consumer_016380
acct_020015,consumer_016381
acct_020016,consumer_016382
acct_020017,consumer_016382
acct_020018,consumer_016383
acct_020019,consumer_016383
acct_020020,consumer_016384
acct_020021,consumer_016385
acct_020022,consumer_016386
acct_020023,consumer_016387
acct_020024,consumer_016387
acct_020025,consumer_016388
acct_020026,consumer_016388
acct_020027,consumer_016388
acct_020028,consumer_016389
acct_020029,consumer_016390
acct_020030,consumer_016391
acct_020031,consumer_016392
acct_020032,consumer_016393
acct_020033,consumer_016394
acct_020034,consumer_016395
acct_020035,consumer_016396
acct_020036,consumer_016397
acct_020037,consumer_016397
acct_020038,consumer_016398
acct_020039,consumer_016399
acct_020040,consumer_016400
acct_020041,consumer_016400
acct_020042,consumer_016400
acct_020043,consumer_016401
acct_020044,consumer_016401
acct_020045,consumer_016402
acct_020046,consumer_016403
acct_020047,consumer_016404
acct_020048,consumer_016405
acct_020049,consumer_016405
acct_020050,consumer_016406
acct_020051,consumer_016407
acct_020052,consumer_016408
acct_020053,consumer_016409
acct_020054,consumer_016410
acct_020055,consumer_016410
acct_020056,consumer_016411
acct_020057,consumer_016412
acct_020058,consumer_016412
acct_020059,consumer_016412
acct_020060,consumer_016413
acct_020061,consumer_016414
acct_020062,consumer_016415
acct_020063,consumer_016415
acct_020064,consumer_016415
acct_020065,consumer_016416
acct_020066,consumer_016417
acct_020067,consumer_016418
acct_020068,consumer_016419
acct_020069,consumer_016420
acct_020070,consumer_016421
acct_020071,consumer_016422
acct_020072,consumer_016423
acct_020073,consumer_016424
acct_020074,consumer_016425
acct_020075,consumer_016426
acct_020076,consumer_016427
acct_020077,consumer_016428
acct_020078,consumer_016429
acct_020079,consumer_016430
acct_020080,consumer_016431
acct_020081,consumer_016431
acct_020082,consumer_016432
acct_020083,consumer_016433
acct_020084,consumer_016433
acct_020085,consumer_016433
acct_020086,consumer_016434
acct_020087,consumer_016435
acct_020088,consumer_016436
acct_020089,consumer_016437
acct_020090,consumer_016437
acct_020091,consumer_016437
acct_020092,consumer_016438
acct_020093,consumer_016439
acct_020094,consumer_016440
acct_020095,consumer_016441
acct_020096,consumer_016442
acct_020097,consumer_016442
acct_020098,consumer_016442
acct_020099,consumer_016443
acct_020100,consumer_016444
acct_020101,consumer_016445
acct_020102,consumer_016445
acct_020103,consumer_016445
acct_020104,consumer_016446
acct_020105,consumer_016447
acct_020106,consumer_016447
acct_020107,consumer_016447
acct_020108,consumer_016448
acct_020109,consumer_016449
acct_020110,consumer_016450
acct_020111,consumer_016451
acct_020112,consumer_016452
acct_020113,consumer_016452
acct_020114,consumer_016453
acct_020115,consumer_016454
acct_020116,consumer_016455
acct_020117,consumer_016456
acct_020118,consumer_016457
acct_020119,consumer_016458
acct_020120,consumer_016459
acct_020121,consumer_016460
acct_020122,consumer_016461
acct_020123,consumer_016462
acct_020124,consumer_016463
acct_020125,consumer_016464
acct_020126,consumer_016465
acct_020127,consumer_016466
acct_020128,consumer_016467
acct_020129,consumer_016468
acct_020130,consumer_016469
acct_020131,consumer_016469
acct_020132,consumer_016470
acct_020133,consumer_016471
acct_020134,consumer_016472
acct_020135,consumer_016473
acct_020136,consumer_016473
acct_020137,consumer_016473
acct_020138,consumer_016474
acct_020139,consumer_016475
acct_020140,consumer_016476
acct_020141,consumer_016477
acct_020142,consumer_016478
acct_020143,consumer_016479
acct_020144,consumer_016479
acct_020145,consumer_016479
acct_020146,consumer_016480
acct_020147,consumer_016480
acct_020148,consumer_016481
acct_020149,consumer_016482
acct_020150,consumer_016483
acct_020151,consumer_016483
acct_020152,consumer_016483
acct_020153,consumer_016484
acct_020154,consumer_016484
acct_020155,consumer_016484
acct_020156,consumer_016485
acct_020157,consumer_016485
acct_020158,consumer_016485
acct_020159,consumer_016486
acct_020160,consumer_016487
acct_020161,consumer_016488
acct_020162,consumer_016489
acct_020163,consumer_016490
acct_020164,consumer_016491
acct_020165,consumer_016492
acct_020166,consumer_016493
acct_020167,consumer_016494
acct_020168,consumer_016495
acct_020169,consumer_016496
acct_020170,consumer_016497
acct_020171,consumer_016497
acct_020172,consumer_016497
acct_020173,consumer_016498
acct_020174,consumer_016499
acct_020175,consumer_016500
acct_020176,consumer_016501
acct_020177,consumer_016502
acct_020178,consumer_016503
acct_020179,consumer_016503
acct_020180,consumer_016504
acct_020181,consumer_016505
acct_020182,consumer_016506
acct_020183,consumer_016507
acct_020184,consumer_016508
acct_020185,consumer_016509
acct_020186,consumer_016510
acct_020187,consumer_016511
acct_020188,consumer_016512
acct_020189,consumer_016513
acct_020190,consumer_016514
acct_020191,consumer_016515
acct_020192,consumer_016516
acct_020193,consumer_016517
acct_020194,consumer_016518
acct_020195,consumer_016519
acct_020196,consumer_016520
acct_020197,consumer_016520
acct_020198,consumer_016520
acct_020199,consumer_016521
acct_020200,consumer_016522
acct_020201,consumer_016523
acct_020202,consumer_016524
acct_020203,consumer_016525
acct_020204,consumer_016526
acct_020205,consumer_016527
acct_020206,consumer_016528
acct_020207,consumer_016529
acct_020208,consumer_016530
acct_020209,consumer_016531
acct_020210,consumer_016532
acct_020211,consumer_016532
acct_020212,consumer_016532
acct_020213,consumer_016533
acct_020214,consumer_016534
acct_020215,consumer_016535
acct_020216,consumer_016536
acct_020217,consumer_016537
acct_020218,consumer_016538
acct_020219,consumer_016538
acct_020220,consumer_016539
acct_020221,consumer_016540
acct_020222,consumer_016541
acct_020223,consumer_016542
acct_020224,consumer_016543
acct_020225,consumer_016544
acct_020226,consumer_016544
acct_020227,consumer_016544
acct_020228,consumer_016545
acct_020229,consumer_016546
acct_020230,consumer_016547
acct_020231,consumer_016548
acct_020232,consumer_016549
acct_020233,consumer_016550
acct_020234,consumer_016551
acct_020235,consumer_016552
acct_020236,consumer_016553
acct_020237,consumer_016554
acct_020238,consumer_016555
acct_020239,consumer_016556
acct_020240,consumer_016557
acct_020241,consumer_016558
acct_020242,consumer_016559
acct_020243,consumer_016560
acct_020244,consumer_016561
acct_020245,consumer_016562
acct_020246,consumer_016563
acct_020247,consumer_016563
acct_020248,consumer_016563
acct_020249,consumer_016564
acct_020250,consumer_016565
acct_020251,consumer_016565
acct_020252,consumer_016565
acct_020253,consumer_016566
acct_020254,consumer_016567
acct_020255,consumer_016568
acct_020256,consumer_016569
acct_020257,consumer_016570
acct_020258,consumer_016571
acct_020259,consumer_016572
acct_020260,consumer_016573
acct_020261,consumer_016573
acct_020262,consumer_016574
acct_020263,consumer_016575
acct_020264,consumer_016576
acct_020265,consumer_016577
acct_020266,consumer_016578
acct_020267,consumer_016578
acct_020268,consumer_016579
acct_020269,consumer_016580
acct_020270,consumer_016581
acct_020271,consumer_016582
acct_020272,consumer_016583
acct_020273,consumer_016584
acct_020274,consumer_016584
acct_020275,consumer_016585
acct_020276,consumer_016586
acct_020277,consumer_016587
acct_020278,consumer_016588
acct_020279,consumer_016589
acct_020280,consumer_016590
acct_020281,consumer_016591
acct_020282,consumer_016592
acct_020283,consumer_016593
acct_020284,consumer_016594
acct_020285,consumer_016594
acct_020286,consumer_016594
acct_020287,consumer_016595
acct_020288,consumer_016595
acct_020289,consumer_016596
acct_020290,consumer_016597
acct_020291,consumer_016597
acct_020292,consumer_016598
acct_020293,consumer_016599
acct_020294,consumer_016600
acct_020295,consumer_016601
acct_020296,consumer_016602
acct_020297,consumer_016602
acct_020298,consumer_016602
acct_020299,consumer_016603
acct_020300,consumer_016604
acct_020301,consumer_016605
acct_020302,consumer_016606
acct_020303,consumer_016607
acct_020304,consumer_016608
acct_020305,consumer_016609
acct_020306,consumer_016610
acct_020307,consumer_016611
acct_020308,consumer_016612
acct_020309,consumer_016613
acct_020310,consumer_016614
acct_020311,consumer_016614
acct_020312,consumer_016614
acct_020313,consumer_016615
acct_020314,consumer_016616
acct_020315,consumer_016617
acct_020316,consumer_016618
acct_020317,consumer_016619
acct_020318,consumer_016620
acct_020319,consumer_016621
acct_020320,consumer_016622
acct_020321,consumer_016622
acct_020322,consumer_016623
acct_020323,consumer_016624
acct_020324,consumer_016625
acct_020325,consumer_016626
acct_020326,consumer_016627
acct_020327,consumer_016628
acct_020328,consumer_016629
acct_020329,consumer_016630
acct_020330,consumer_016631
acct_020331,consumer_016632
acct_020332,consumer_016633
acct_020333,consumer_016634
acct_020334,consumer_016635
acct_020335,consumer_016636
acct_020336,consumer_016637
acct_020337,consumer_016638
acct_020338,consumer_016639
acct_020339,consumer_016640
acct_020340,consumer_016641
acct_020341,consumer_016641
acct_020342,consumer_016642
acct_020343,consumer_016642
acct_020344,consumer_016643
acct_020345,consumer_016644
acct_020346,consumer_016645
acct_020347,consumer_016646
acct_020348,consumer_016647
acct_020349,consumer_016648
acct_020350,consumer_016649
acct_020351,consumer_016650
acct_020352,consumer_016650
acct_020353,consumer_016651
acct_020354,consumer_016652
acct_020355,consumer_016653
acct_020356,consumer_016654
acct_020357,consumer_016655
acct_020358,consumer_016656
acct_020359,consumer_016657
acct_020360,consumer_016657
acct_020361,consumer_016658
acct_020362,consumer_016659
acct_020363,consumer_016660
acct_020364,consumer_016661
acct_020365,consumer_016662
acct_020366,consumer_016662
acct_020367,consumer_016662
acct_020368,consumer_016663
acct_020369,consumer_016664
acct_020370,consumer_016665
acct_020371,consumer_016666
acct_020372,consumer_016667
acct_020373,consumer_016668
acct_020374,consumer_016669
acct_020375,consumer_016670
acct_020376,consumer_016671
acct_020377,consumer_016672
acct_020378,consumer_016673
acct_020379,consumer_016674
acct_020380,consumer_016675
acct_020381,consumer_016675
acct_020382,consumer_016675
acct_020383,consumer_016676
acct_020384,consumer_016677
acct_020385,consumer_016677
acct_020386,consumer_016678
acct_020387,consumer_016679
acct_020388,consumer_016680
acct_020389,consumer_016681
acct_020390,consumer_016682
acct_020391,consumer_016683
acct_020392,consumer_016684
acct_020393,consumer_016685
acct_020394,consumer_016686
acct_020395,consumer_016687
acct_020396,consumer_016688
acct_020397,consumer_016689
acct_020398,consumer_016689
acct_020399,consumer_016689
acct_020400,consumer_016690
acct_020401,consumer_016690
acct_020402,consumer_016691
acct_020403,consumer_016692
acct_020404,consumer_016693
acct_020405,consumer_016694
acct_020406,consumer_016695
acct_020407,consumer_016696
acct_020408,consumer_016697
acct_020409,consumer_016698
acct_020410,consumer_016699
acct_020411,consumer_016700
acct_020412,consumer_016701
acct_020413,consumer_016702
acct_020414,consumer_016703
acct_020415,consumer_016704
acct_020416,consumer_016705
acct_020417,consumer_016706
acct_020418,consumer_016707
acct_020419,consumer_016708
acct_020420,consumer_016708
acct_020421,consumer_016709
acct_020422,consumer_016710
acct_020423,consumer_016711
acct_020424,consumer_016712
acct_020425,consumer_016713
acct_020426,consumer_016714
acct_020427,consumer_016715
acct_020428,consumer_016716
acct_020429,consumer_016717
acct_020430,consumer_016718
acct_020431,consumer_016719
acct_020432,consumer_016720
acct_020433,consumer_016721
acct_020434,consumer_016721
acct_020435,consumer_016721
acct_020436,consumer_016722
acct_020437,consumer_016723
acct_020438,consumer_016724
acct_020439,consumer_016725
acct_020440,consumer_016726
acct_020441,consumer_016727
acct_020442,consumer_016727
acct_020443,consumer_016727
acct_020444,consumer_016728
acct_020445,consumer_016728
acct_020446,consumer_016728
acct_020447,consumer_016729
acct_020448,consumer_016730
acct_020449,consumer_016730
acct_020450,consumer_016730
acct_020451,consumer_016731
acct_020452,consumer_016732
acct_020453,consumer_016733
acct_020454,consumer_016734
acct_020455,consumer_016734
acct_020456,consumer_016735
acct_020457,consumer_016736
acct_020458,consumer_016737
acct_020459,consumer_016738
acct_020460,consumer_016739
acct_020461,consumer_016739
acct_020462,consumer_016740
acct_020463,consumer_016741
acct_020464,consumer_016742
acct_020465,consumer_016742
acct_020466,consumer_016742
acct_020467,consumer_016743
acct_020468,consumer_016744
acct_020469,consumer_016745
acct_020470,consumer_016746
acct_020471,consumer_016747
acct_020472,consumer_016748
acct_020473,consumer_016749
acct_020474,consumer_016750
acct_020475,consumer_016751
acct_020476,consumer_016752
acct_020477,consumer_016752
acct_020478,consumer_016753
acct_020479,consumer_016754
acct_020480,consumer_016755
acct_020481,consumer_016756
acct_020482,consumer_016757
acct_020483,consumer_016758
acct_020484,consumer_016759
acct_020485,consumer_016760
acct_020486,consumer_016761
acct_020487,consumer_016762
acct_020488,consumer_016762
acct_020489,consumer_016762
acct_020490,consumer_016763
acct_020491,consumer_016764
acct_020492,consumer_016765
acct_020493,consumer_016766
acct_020494,consumer_016767
acct_020495,consumer_016768
acct_020496,consumer_016769
acct_020497,consumer_016770
acct_020498,consumer_016771
acct_020499,consumer_016772
acct_020500,consumer_016773
acct_020501,consumer_016774
acct_020502,consumer_016775
acct_020503,consumer_016776
acct_020504,consumer_016776
acct_020505,consumer_016777
acct_020506,consumer_016778
acct_020507,consumer_016779
acct_020508,consumer_016780
acct_020509,consumer_016781
acct_020510,consumer_016782
acct_020511,consumer_016783
acct_020512,consumer_016784
acct_020513,consumer_016785
acct_020514,consumer_016786
acct_020515,consumer_016787
acct_020516,consumer_016788
acct_020517,consumer_016789
acct_020518,consumer_016790
acct_020519,consumer_016791
acct_020520,consumer_016792
acct_020521,consumer_016793
acct_020522,consumer_016794
acct_020523,consumer_016795
acct_020524,consumer_016796
acct_020525,consumer_016797
acct_020526,consumer_016798
acct_020527,consumer_016798
acct_020528,consumer_016798
acct_020529,consumer_016799
acct_020530,consumer_016800
acct_020531,consumer_016801
acct_020532,consumer_016802
acct_020533,consumer_016803
acct_020534,consumer_016804
acct_020535,consumer_016805
acct_020536,consumer_016806
acct_020537,consumer_016807
acct_020538,consumer_016808
acct_020539,consumer_016809
acct_020540,consumer_016810
acct_020541,consumer_016811
acct_020542,consumer_016812
acct_020543,consumer_016813
acct_020544,consumer_016814
acct_020545,consumer_016815
acct_020546,consumer_016815
acct_020547,consumer_016815
acct_020548,consumer_016816
acct_020549,consumer_016817
acct_020550,consumer_016818
acct_020551,consumer_016819
acct_020552,consumer_016820
acct_020553,consumer_016820
acct_020554,consumer_016820
acct_020555,consumer_016821
acct_020556,consumer_016822
acct_020557,consumer_016823
acct_020558,consumer_016824
acct_020559,consumer_016825
acct_020560,consumer_016826
acct_020561,consumer_016827
acct_020562,consumer_016828
acct_020563,consumer_016828
acct_020564,consumer_016828
acct_020565,consumer_016829
acct_020566,consumer_016830
acct_020567,consumer_016831
acct_020568,consumer_016832
acct_020569,consumer_016833
acct_020570,consumer_016834
acct_020571,consumer_016835
acct_020572,consumer_016836
acct_020573,consumer_016837
acct_020574,consumer_016838
acct_020575,consumer_016838
acct_020576,consumer_016839
acct_020577,consumer_016840
acct_020578,consumer_016841
acct_020579,consumer_016842
acct_020580,consumer_016842
acct_020581,consumer_016842
acct_020582,consumer_016843
acct_020583,consumer_016844
acct_020584,consumer_016845
acct_020585,consumer_016845
acct_020586,consumer_016846
acct_020587,consumer_016847
acct_020588,consumer_016848
acct_020589,consumer_016849
acct_020590,consumer_016850
acct_020591,consumer_016851
acct_020592,consumer_016852
acct_020593,consumer_016853
acct_020594,consumer_016854
acct_020595,consumer_016855
acct_020596,consumer_016856
acct_020597,consumer_016857
acct_020598,consumer_016857
acct_020599,consumer_016858
acct_020600,consumer_016859
acct_020601,consumer_016860
acct_020602,consumer_016861
acct_020603,consumer_016862
acct_020604,consumer_016863
acct_020605,consumer_016863
acct_020606,consumer_016864
acct_020607,consumer_016865
acct_020608,consumer_016866
acct_020609,consumer_016867
acct_020610,consumer_016868
acct_020611,consumer_016868
acct_020612,consumer_016869
acct_020613,consumer_016870
acct_020614,consumer_016871
acct_020615,consumer_016872
acct_020616,consumer_016873
acct_020617,consumer_016874
acct_020618,consumer_016874
acct_020619,consumer_016874
acct_020620,consumer_016875
acct_020621,consumer_016876
acct_020622,consumer_016876
acct_020623,consumer_016877
acct_020624,consumer_016878
acct_020625,consumer_016879
acct_020626,consumer_016880
acct_020627,consumer_016881
acct_020628,consumer_016882
acct_020629,consumer_016883
acct_020630,consumer_016884
acct_020631,consumer_016885
acct_020632,consumer_016886
acct_020633,consumer_016887
acct_020634,consumer_016888
acct_020635,consumer_016888
acct_020636,consumer_016888
acct_020637,consumer_016889
acct_020638,consumer_016889
acct_020639,consumer_016890
acct_020640,consumer_016891
acct_020641,consumer_016891
acct_020642,consumer_016892
acct_020643,consumer_016893
acct_020644,consumer_016893
acct_020645,consumer_016893
acct_020646,consumer_016894
acct_020647,consumer_016894
acct_020648,consumer_016895
acct_020649,consumer_016896
acct_020650,consumer_016896
acct_020651,consumer_016896
acct_020652,consumer_016897
acct_020653,consumer_016898
acct_020654,consumer_016899
acct_020655,consumer_016900
acct_020656,consumer_016901
acct_020657,consumer_016902
acct_020658,consumer_016903
acct_020659,consumer_016904
acct_020660,consumer_016905
acct_020661,consumer_016905
acct_020662,consumer_016906
acct_020663,consumer_016906
acct_020664,consumer_016907
acct_020665,consumer_016908
acct_020666,consumer_016909
acct_020667,consumer_016909
acct_020668,consumer_016910
acct_020669,consumer_016910
acct_020670,consumer_016911
acct_020671,consumer_016911
acct_020672,consumer_016911
acct_020673,consumer_016912
acct_020674,consumer_016913
acct_020675,consumer_016914
acct_020676,consumer_016915
acct_020677,consumer_016916
acct_020678,consumer_016917
acct_020679,consumer_016918
acct_020680,consumer_016919
acct_020681,consumer_016919
acct_020682,consumer_016919
acct_020683,consumer_016920
acct_020684,consumer_016921
acct_020685,consumer_016922
acct_020686,consumer_016923
acct_020687,consumer_016923
acct_020688,consumer_016924
acct_020689,consumer_016925
acct_020690,consumer_016925
acct_020691,consumer_016926
acct_020692,consumer_016927
acct_020693,consumer_016928
acct_020694,consumer_016929
acct_020695,consumer_016930
acct_020696,consumer_016930
acct_020697,consumer_016930
acct_020698,consumer_016931
acct_020699,consumer_016932
acct_020700,consumer_016933
acct_020701,consumer_016934
acct_020702,consumer_016935
acct_020703,consumer_016936
acct_020704,consumer_016937
acct_020705,consumer_016938
acct_020706,consumer_016939
acct_020707,consumer_016939
acct_020708,consumer_016940
acct_020709,consumer_016940
acct_020710,consumer_016941
acct_020711,consumer_016942
acct_020712,consumer_016943
acct_020713,consumer_016944
acct_020714,consumer_016945
acct_020715,consumer_016946
acct_020716,consumer_016947
acct_020717,consumer_016948
acct_020718,consumer_016949
acct_020719,consumer_016950
acct_020720,consumer_016951
acct_020721,consumer_016952
acct_020722,consumer_016953
acct_020723,consumer_016954
acct_020724,consumer_016955
acct_020725,consumer_016956
acct_020726,consumer_016957
acct_020727,consumer_016958
acct_020728,consumer_016959
acct_020729,consumer_016960
acct_020730,consumer_016961
acct_020731,consumer_016962
acct_020732,consumer_016963
acct_020733,consumer_016964
acct_020734,consumer_016964
acct_020735,consumer_016964
acct_020736,consumer_016965
acct_020737,consumer_016966
acct_020738,consumer_016967
acct_020739,consumer_016968
acct_020740,consumer_016968
acct_020741,consumer_016968
acct_020742,consumer_016969
acct_020743,consumer_016970
acct_020744,consumer_016971
acct_020745,consumer_016972
acct_020746,consumer_016973
acct_020747,consumer_016974
acct_020748,consumer_016975
acct_020749,consumer_016975
acct_020750,consumer_016976
acct_020751,consumer_016977
acct_020752,consumer_016978
acct_020753,consumer_016979
acct_020754,consumer_016979
acct_020755,consumer_016979
acct_020756,consumer_016980
acct_020757,consumer_016980
acct_020758,consumer_016981
acct_020759,consumer_016982
acct_020760,consumer_016983
acct_020761,consumer_016984
acct_020762,consumer_016984
acct_020763,consumer_016985
acct_020764,consumer_016986
acct_020765,consumer_016987
acct_020766,consumer_016987
acct_020767,consumer_016988
acct_020768,consumer_016989
acct_020769,consumer_016990
acct_020770,consumer_016991
acct_020771,consumer_016992
acct_020772,consumer_016993
acct_020773,consumer_016994
acct_020774,consumer_016994
acct_020775,consumer_016994
acct_020776,consumer_016995
acct_020777,consumer_016996
acct_020778,consumer_016996
acct_020779,consumer_016997
acct_020780,consumer_016998
acct_020781,consumer_016999
acct_020782,consumer_016999
acct_020783,consumer_016999
acct_020784,consumer_017000
acct_020785,consumer_017001
acct_020786,consumer_017002
acct_020787,consumer_017002
acct_020788,consumer_017003
acct_020789,consumer_017003
acct_020790,consumer_017003
acct_020791,consumer_017004
acct_020792,consumer_017005
acct_020793,consumer_017006
acct_020794,consumer_017007
acct_020795,consumer_017008
acct_020796,consumer_017009
acct_020797,consumer_017010
acct_020798,consumer_017011
acct_020799,consumer_017012
acct_020800,consumer_017013
acct_020801,consumer_017014
acct_020802,consumer_017015
acct_020803,consumer_017016
acct_020804,consumer_017017
acct_020805,consumer_017018
acct_020806,consumer_017019
acct_020807,consumer_017020
acct_020808,consumer_017021
acct_020809,consumer_017022
acct_020810,consumer_017023
acct_020811,consumer_017024
acct_020812,consumer_017025
acct_020813,consumer_017025
acct_020814,consumer_017026
acct_020815,consumer_017027
acct_020816,consumer_017028
acct_020817,consumer_017029
acct_020818,consumer_017030
acct_020819,consumer_017030
acct_020820,consumer_017031
acct_020821,consumer_017031
acct_020822,consumer_017032
acct_020823,consumer_017033
acct_020824,consumer_017033
acct_020825,consumer_017033
acct_020826,consumer_017034
acct_020827,consumer_017035
acct_020828,consumer_017036
acct_020829,consumer_017037
acct_020830,consumer_017038
acct_020831,consumer_017039
acct_020832,consumer_017039
acct_020833,consumer_017039
acct_020834,consumer_017040
acct_020835,consumer_017041
acct_020836,consumer_017042
acct_020837,consumer_017043
acct_020838,consumer_017044
acct_020839,consumer_017045
acct_020840,consumer_017046
acct_020841,consumer_017047
acct_020842,consumer_017048
acct_020843,consumer_017049
acct_020844,consumer_017050
acct_020845,consumer_017051
acct_020846,consumer_017052
acct_020847,consumer_017053
acct_020848,consumer_017054
acct_020849,consumer_017055
acct_020850,consumer_017056
acct_020851,consumer_017057
acct_020852,consumer_017057
acct_020853,consumer_017057
acct_020854,consumer_017058
acct_020855,consumer_017059
acct_020856,consumer_017060
acct_020857,consumer_017061
acct_020858,consumer_017061
acct_020859,consumer_017061
acct_020860,consumer_017062
acct_020861,consumer_017063
acct_020862,consumer_017063
acct_020863,consumer_017064
acct_020864,consumer_017065
acct_020865,consumer_017065
acct_020866,consumer_017065
acct_020867,consumer_017066
acct_020868,consumer_017067
acct_020869,consumer_017068
acct_020870,consumer_017069
acct_020871,consumer_017070
acct_020872,consumer_017071
acct_020873,consumer_017072
acct_020874,consumer_017072
acct_020875,consumer_017072
acct_020876,consumer_017073
acct_020877,consumer_017074
acct_020878,consumer_017075
acct_020879,consumer_017076
acct_020880,consumer_017077
acct_020881,consumer_017078
acct_020882,consumer_017079
acct_020883,consumer_017080
acct_020884,consumer_017081
acct_020885,consumer_017082
acct_020886,consumer_017083
acct_020887,consumer_017084
acct_020888,consumer_017085
acct_020889,consumer_017086
acct_020890,consumer_017087
acct_020891,consumer_017088
acct_020892,consumer_017089
acct_020893,consumer_017090
acct_020894,consumer_017090
acct_020895,consumer_017090
acct_020896,consumer_017091
acct_020897,consumer_017091
acct_020898,consumer_017091
acct_020899,consumer_017092
acct_020900,consumer_017093
acct_020901,consumer_017094
acct_020902,consumer_017095
acct_020903,consumer_017096
acct_020904,consumer_017097
acct_020905,consumer_017098
acct_020906,consumer_017099
acct_020907,consumer_017099
acct_020908,consumer_017100
acct_020909,consumer_017101
acct_020910,consumer_017102
acct_020911,consumer_017103
acct_020912,consumer_017104
acct_020913,consumer_017104
acct_020914,consumer_017105
acct_020915,consumer_017106
acct_020916,consumer_017107
acct_020917,consumer_017107
acct_020918,consumer_017107
acct_020919,consumer_017108
acct_020920,consumer_017109
acct_020921,consumer_017110
acct_020922,consumer_017111
acct_020923,consumer_017112
acct_020924,consumer_017113
acct_020925,consumer_017114
acct_020926,consumer_017114
acct_020927,consumer_017115
acct_020928,consumer_017116
acct_020929,consumer_017117
acct_020930,consumer_017117
acct_020931,consumer_017117
acct_020932,consumer_017118
acct_020933,consumer_017119
acct_020934,consumer_017120
acct_020935,consumer_017121
acct_020936,consumer_017122
acct_020937,consumer_017123
acct_020938,consumer_017124
acct_020939,consumer_017125
acct_020940,consumer_017125
acct_020941,consumer_017125
acct_020942,consumer_017126
acct_020943,consumer_017127
acct_020944,consumer_017128
acct_020945,consumer_017129
acct_020946,consumer_017130
acct_020947,consumer_017131
acct_020948,consumer_017132
acct_020949,consumer_017133
acct_020950,consumer_017134
acct_020951,consumer_017135
acct_020952,consumer_017136
acct_020953,consumer_017137
acct_020954,consumer_017138
acct_020955,consumer_017139
acct_020956,consumer_017140
acct_020957,consumer_017141
acct_020958,consumer_017142
acct_020959,consumer_017143
acct_020960,consumer_017144
acct_020961,consumer_017145
acct_020962,consumer_017146
acct_020963,consumer_017147
acct_020964,consumer_017147
acct_020965,consumer_017147
acct_020966,consumer_017148
acct_020967,consumer_017149
acct_020968,consumer_017150
acct_020969,consumer_017151
acct_020970,consumer_017152
acct_020971,consumer_017153
acct_020972,consumer_017154
acct_020973,consumer_017155
acct_020974,consumer_017156
acct_020975,consumer_017157
acct_020976,consumer_017158
acct_020977,consumer_017159
acct_020978,consumer_017159
acct_020979,consumer_017159
acct_020980,consumer_017160
acct_020981,consumer_017161
acct_020982,consumer_017161
acct_020983,consumer_017161
acct_020984,consumer_017162
acct_020985,consumer_017163
acct_020986,consumer_017164
acct_020987,consumer_017165
acct_020988,consumer_017166
acct_020989,consumer_017166
acct_020990,consumer_017167
acct_020991,consumer_017168
acct_020992,consumer_017168
acct_020993,consumer_017169
acct_020994,consumer_017170
acct_020995,consumer_017171
acct_020996,consumer_017172
acct_020997,consumer_017173
acct_020998,consumer_017174
acct_020999,consumer_017175
acct_021000,consumer_017176
acct_021001,consumer_017177
acct_021002,consumer_017178
acct_021003,consumer_017179
acct_021004,consumer_017180
acct_021005,consumer_017181
acct_021006,consumer_017182
acct_021007,consumer_017183
acct_021008,consumer_017184
acct_021009,consumer_017185
acct_021010,consumer_017186
acct_021011,consumer_017186
acct_021012,consumer_017186
acct_021013,consumer_017187
acct_021014,consumer_017188
acct_021015,consumer_017189
acct_021016,consumer_017190
acct_021017,consumer_017191
acct_021018,consumer_017192
acct_021019,consumer_017193
acct_021020,consumer_017194
acct_021021,consumer_017195
acct_021022,consumer_017196
acct_021023,consumer_017197
acct_021024,consumer_017198
acct_021025,consumer_017199
acct_021026,consumer_017200
acct_021027,consumer_017201
acct_021028,consumer_017202
acct_021029,consumer_017203
acct_021030,consumer_017204
acct_021031,consumer_017204
acct_021032,consumer_017205
acct_021033,consumer_017206
acct_021034,consumer_017207
acct_021035,consumer_017208
acct_021036,consumer_017208
acct_021037,consumer_017209
acct_021038,consumer_017210
acct_021039,consumer_017211
acct_021040,consumer_017212
acct_021041,consumer_017213
acct_021042,consumer_017214
acct_021043,consumer_017215
acct_021044,consumer_017216
acct_021045,consumer_017217
acct_021046,consumer_017218
acct_021047,consumer_017219
acct_021048,consumer_017220
acct_021049,consumer_017221
acct_021050,consumer_017222
acct_021051,consumer_017223
acct_021052,consumer_017224
acct_021053,consumer_017225
acct_021054,consumer_017226
acct_021055,consumer_017227
acct_021056,consumer_017228
acct_021057,consumer_017229
acct_021058,consumer_017230
acct_021059,consumer_017231
acct_021060,consumer_017232
acct_021061,consumer_017233
acct_021062,consumer_017234
acct_021063,consumer_017234
acct_021064,consumer_017235
acct_021065,consumer_017236
acct_021066,consumer_017237
acct_021067,consumer_017238
acct_021068,consumer_017239
acct_021069,consumer_017240
acct_021070,consumer_017241
acct_021071,consumer_017241
acct_021072,consumer_017241
acct_021073,consumer_017242
acct_021074,consumer_017243
acct_021075,consumer_017244
acct_021076,consumer_017245
acct_021077,consumer_017246
acct_021078,consumer_017246
acct_021079,consumer_017246
acct_021080,consumer_017247
acct_021081,consumer_017248
acct_021082,consumer_017249
acct_021083,consumer_017250
acct_021084,consumer_017251
acct_021085,consumer_017252
acct_021086,consumer_017253
acct_021087,consumer_017254
acct_021088,consumer_017254
acct_021089,consumer_017255
acct_021090,consumer_017256
acct_021091,consumer_017257
acct_021092,consumer_017258
acct_021093,consumer_017259
acct_021094,consumer_017260
acct_021095,consumer_017260
acct_021096,consumer_017260
acct_021097,consumer_017261
acct_021098,consumer_017261
acct_021099,consumer_017262
acct_021100,consumer_017263
acct_021101,consumer_017263
acct_021102,consumer_017264
acct_021103,consumer_017265
acct_021104,consumer_017266
acct_021105,consumer_017266
acct_021106,consumer_017266
acct_021107,consumer_017267
acct_021108,consumer_017268
acct_021109,consumer_017269
acct_021110,consumer_017270
acct_021111,consumer_017271
acct_021112,consumer_017272
acct_021113,consumer_017273
acct_021114,consumer_017274
acct_021115,consumer_017275
acct_021116,consumer_017276
acct_021117,consumer_017277
acct_021118,consumer_017278
acct_021119,consumer_017279
acct_021120,consumer_017280
acct_021121,consumer_017281
acct_021122,consumer_017282
acct_021123,consumer_017283
acct_021124,consumer_017284
acct_021125,consumer_017285
acct_021126,consumer_017286
acct_021127,consumer_017287
acct_021128,consumer_017288
acct_021129,consumer_017289
acct_021130,consumer_017290
acct_021131,consumer_017291
acct_021132,consumer_017292
acct_021133,consumer_017293
acct_021134,consumer_017294
acct_021135,consumer_017295
acct_021136,consumer_017296
acct_021137,consumer_017297
acct_021138,consumer_017298
acct_021139,consumer_017299
acct_021140,consumer_017300
acct_021141,consumer_017301
acct_021142,consumer_017302
acct_021143,consumer_017303
acct_021144,consumer_017303
acct_021145,consumer_017303
acct_021146,consumer_017304
acct_021147,consumer_017305
acct_021148,consumer_017305
acct_021149,consumer_017305
acct_021150,consumer_017306
acct_021151,consumer_017307
acct_021152,consumer_017307
acct_021153,consumer_017308
acct_021154,consumer_017309
acct_021155,consumer_017310
acct_021156,consumer_017311
acct_021157,consumer_017312
acct_021158,consumer_017313
acct_021159,consumer_017314
acct_021160,consumer_017315
acct_021161,consumer_017316
acct_021162,consumer_017317
acct_021163,consumer_017318
acct_021164,consumer_017319
acct_021165,consumer_017320
acct_021166,consumer_017321
acct_021167,consumer_017322
acct_021168,consumer_017323
acct_021169,consumer_017324
acct_021170,consumer_017325
acct_021171,consumer_017326
acct_021172,consumer_017326
acct_021173,consumer_017326
acct_021174,consumer_017327
acct_021175,consumer_017328
acct_021176,consumer_017329
acct_021177,consumer_017330
acct_021178,consumer_017331
acct_021179,consumer_017332
acct_021180,consumer_017333
acct_021181,consumer_017334
acct_021182,consumer_017334
acct_021183,consumer_017334
acct_021184,consumer_017335
acct_021185,consumer_017336
acct_021186,consumer_017337
acct_021187,consumer_017338
acct_021188,consumer_017339
acct_021189,consumer_017340
acct_021190,consumer_017341
acct_021191,consumer_017342
acct_021192,consumer_017343
acct_021193,consumer_017343
acct_021194,consumer_017344
acct_021195,consumer_017345
acct_021196,consumer_017346
acct_021197,consumer_017347
acct_021198,consumer_017348
acct_021199,consumer_017349
acct_021200,consumer_017350
acct_021201,consumer_017351
acct_021202,consumer_017351
acct_021203,consumer_017352
acct_021204,consumer_017353
acct_021205,consumer_017353
acct_021206,consumer_017354
acct_021207,consumer_017355
acct_021208,consumer_017356
acct_021209,consumer_017357
acct_021210,consumer_017358
acct_021211,consumer_017359
acct_021212,consumer_017360
acct_021213,consumer_017361
acct_021214,consumer_017362
acct_021215,consumer_017363
acct_021216,consumer_017363
acct_021217,consumer_017363
acct_021218,consumer_017364
acct_021219,consumer_017365
acct_021220,consumer_017365
acct_021221,consumer_017366
acct_021222,consumer_017367
acct_021223,consumer_017368
acct_021224,consumer_017369
acct_021225,consumer_017370
acct_021226,consumer_017370
acct_021227,consumer_017371
acct_021228,consumer_017372
acct_021229,consumer_017373
acct_021230,consumer_017374
acct_021231,consumer_017375
acct_021232,consumer_017376
acct_021233,consumer_017377
acct_021234,consumer_017378
acct_021235,consumer_017378
acct_021236,consumer_017379
acct_021237,consumer_017380
acct_021238,consumer_017381
acct_021239,consumer_017382
acct_021240,consumer_017383
acct_021241,consumer_017383
acct_021242,consumer_017383
acct_021243,consumer_017384
acct_021244,consumer_017384
acct_021245,consumer_017384
acct_021246,consumer_017385
acct_021247,consumer_017386
acct_021248,consumer_017387
acct_021249,consumer_017388
acct_021250,consumer_017389
acct_021251,consumer_017390
acct_021252,consumer_017391
acct_021253,consumer_017392
acct_021254,consumer_017393
acct_021255,consumer_017394
acct_021256,consumer_017395
acct_021257,consumer_017396
acct_021258,consumer_017397
acct_021259,consumer_017398
acct_021260,consumer_017399
acct_021261,consumer_017400
acct_021262,consumer_017401
acct_021263,consumer_017402
acct_021264,consumer_017403
acct_021265,consumer_017403
acct_021266,consumer_017403
acct_021267,consumer_017404
acct_021268,consumer_017404
acct_021269,consumer_017405
acct_021270,consumer_017406
acct_021271,consumer_017407
acct_021272,consumer_017407
acct_021273,consumer_017407
acct_021274,consumer_017408
acct_021275,consumer_017409
acct_021276,consumer_017410
acct_021277,consumer_017411
acct_021278,consumer_017412
acct_021279,consumer_017413
acct_021280,consumer_017414
acct_021281,consumer_017415
acct_021282,consumer_017416
acct_021283,consumer_017416
acct_021284,consumer_017416
acct_021285,consumer_017417
acct_021286,consumer_017418
acct_021287,consumer_017419
acct_021288,consumer_017420
acct_021289,consumer_017421
acct_021290,consumer_017422
acct_021291,consumer_017423
acct_021292,consumer_017424
acct_021293,consumer_017425
acct_021294,consumer_017426
acct_021295,consumer_017427
acct_021296,consumer_017428
acct_021297,consumer_017429
acct_021298,consumer_017429
acct_021299,consumer_017430
acct_021300,consumer_017431
acct_021301,consumer_017431
acct_021302,consumer_017432
acct_021303,consumer_017433
acct_021304,consumer_017434
acct_021305,consumer_017435
acct_021306,consumer_017436
acct_021307,consumer_017437
acct_021308,consumer_017438
acct_021309,consumer_017439
acct_021310,consumer_017440
acct_021311,consumer_017441
acct_021312,consumer_017442
acct_021313,consumer_017442
acct_021314,consumer_017443
acct_021315,consumer_017444
acct_021316,consumer_017445
acct_021317,consumer_017446
acct_021318,consumer_017447
acct_021319,consumer_017447
acct_021320,consumer_017447
acct_021321,consumer_017448
acct_021322,consumer_017449
acct_021323,consumer_017450
acct_021324,consumer_017451
acct_021325,consumer_017452
acct_021326,consumer_017453
acct_021327,consumer_017454
acct_021328,consumer_017455
acct_021329,consumer_017456
acct_021330,consumer_017457
acct_021331,consumer_017458
acct_021332,consumer_017458
acct_021333,consumer_017459
acct_021334,consumer_017460
acct_021335,consumer_017461
acct_021336,consumer_017462
acct_021337,consumer_017463
acct_021338,consumer_017464
acct_021339,consumer_017465
acct_021340,consumer_017466
acct_021341,consumer_017467
acct_021342,consumer_017468
acct_021343,consumer_017468
acct_021344,consumer_017468
acct_021345,consumer_017469
acct_021346,consumer_017470
acct_021347,consumer_017471
acct_021348,consumer_017472
acct_021349,consumer_017473
acct_021350,consumer_017474
acct_021351,consumer_017475
acct_021352,consumer_017476
acct_021353,consumer_017477
acct_021354,consumer_017478
acct_021355,consumer_017479
acct_021356,consumer_017479
acct_021357,consumer_017480
acct_021358,consumer_017481
acct_021359,consumer_017482
acct_021360,consumer_017483
acct_021361,consumer_017484
acct_021362,consumer_017485
acct_021363,consumer_017486
acct_021364,consumer_017487
acct_021365,consumer_017487
acct_021366,consumer_017488
acct_021367,consumer_017489
acct_021368,consumer_017490
acct_021369,consumer_017491
acct_021370,consumer_017492
acct_021371,consumer_017492
acct_021372,consumer_017492
acct_021373,consumer_017493
acct_021374,consumer_017494
acct_021375,consumer_017494
acct_021376,consumer_017494
acct_021377,consumer_017495
acct_021378,consumer_017496
acct_021379,consumer_017497
acct_021380,consumer_017498
acct_021381,consumer_017499
acct_021382,consumer_017500
acct_021383,consumer_017501
acct_021384,consumer_017501
acct_021385,consumer_017502
acct_021386,consumer_017503
acct_021387,consumer_017504
acct_021388,consumer_017505
acct_021389,consumer_017506
acct_021390,consumer_017506
acct_021391,consumer_017507
acct_021392,consumer_017507
acct_021393,consumer_017508
acct_021394,consumer_017509
acct_021395,consumer_017510
acct_021396,consumer_017511
acct_021397,consumer_017512
acct_021398,consumer_017513
acct_021399,consumer_017513
acct_021400,consumer_017514
acct_021401,consumer_017515
acct_021402,consumer_017516
acct_021403,consumer_017517
acct_021404,consumer_017518
acct_021405,consumer_017519
acct_021406,consumer_017520
acct_021407,consumer_017521
acct_021408,consumer_017522
acct_021409,consumer_017522
acct_021410,consumer_017523
acct_021411,consumer_017524
acct_021412,consumer_017525
acct_021413,consumer_017526
acct_021414,consumer_017527
acct_021415,consumer_017528
acct_021416,consumer_017529
acct_021417,consumer_017529
acct_021418,consumer_017529
acct_021419,consumer_017530
acct_021420,consumer_017531
acct_021421,consumer_017532
acct_021422,consumer_017533
acct_021423,consumer_017533
acct_021424,consumer_017534
acct_021425,consumer_017535
acct_021426,consumer_017536
acct_021427,consumer_017537
acct_021428,consumer_017537
acct_021429,consumer_017538
acct_021430,consumer_017539
acct_021431,consumer_017540
acct_021432,consumer_017541
acct_021433,consumer_017542
acct_021434,consumer_017543
acct_021435,consumer_017544
acct_021436,consumer_017545
acct_021437,consumer_017546
acct_021438,consumer_017547
acct_021439,consumer_017547
acct_021440,consumer_017548
acct_021441,consumer_017549
acct_021442,consumer_017550
acct_021443,consumer_017551
acct_021444,consumer_017552
acct_021445,consumer_017553
acct_021446,consumer_017554
acct_021447,consumer_017555
acct_021448,consumer_017556
acct_021449,consumer_017557
acct_021450,consumer_017558
acct_021451,consumer_017559
acct_021452,consumer_017559
acct_021453,consumer_017559
acct_021454,consumer_017560
acct_021455,consumer_017561
acct_021456,consumer_017561
acct_021457,consumer_017561
acct_021458,consumer_017562
acct_021459,consumer_017563
acct_021460,consumer_017564
acct_021461,consumer_017565
acct_021462,consumer_017566
acct_021463,consumer_017567
acct_021464,consumer_017568
acct_021465,consumer_017569
acct_021466,consumer_017570
acct_021467,consumer_017571
acct_021468,consumer_017572
acct_021469,consumer_017573
acct_021470,consumer_017574
acct_021471,consumer_017575
acct_021472,consumer_017576
acct_021473,consumer_017577
acct_021474,consumer_017578
acct_021475,consumer_017579
acct_021476,consumer_017580
acct_021477,consumer_017581
acct_021478,consumer_017582
acct_021479,consumer_017583
acct_021480,consumer_017584
acct_021481,consumer_017584
acct_021482,consumer_017585
acct_021483,consumer_017586
acct_021484,consumer_017587
acct_021485,consumer_017588
acct_021486,consumer_017588
acct_021487,consumer_017588
acct_021488,consumer_017589
acct_021489,consumer_017590
acct_021490,consumer_017591
acct_021491,consumer_017592
acct_021492,consumer_017593
acct_021493,consumer_017594
acct_021494,consumer_017595
acct_021495,consumer_017596
acct_021496,consumer_017596
acct_021497,consumer_017596
acct_021498,consumer_017597
acct_021499,consumer_017598
acct_021500,consumer_017599
acct_021501,consumer_017600
acct_021502,consumer_017600
acct_021503,consumer_017600
acct_021504,consumer_017601
acct_021505,consumer_017602
acct_021506,consumer_017603
acct_021507,consumer_017604
acct_021508,consumer_017605
acct_021509,consumer_017606
acct_021510,consumer_017607
acct_021511,consumer_017608
acct_021512,consumer_017609
acct_021513,consumer_017610
acct_021514,consumer_017610
acct_021515,consumer_017611
acct_021516,consumer_017611
acct_021517,consumer_017611
acct_021518,consumer_017612
acct_021519,consumer_017613
acct_021520,consumer_017614
acct_021521,consumer_017614
acct_021522,consumer_017615
acct_021523,consumer_017616
acct_021524,consumer_017616
acct_021525,consumer_017616
acct_021526,consumer_017617
acct_021527,consumer_017617
acct_021528,consumer_017618
acct_021529,consumer_017619
acct_021530,consumer_017620
acct_021531,consumer_017621
acct_021532,consumer_017622
acct_021533,consumer_017622
acct_021534,consumer_017623
acct_021535,consumer_017624
acct_021536,consumer_017625
acct_021537,consumer_017626
acct_021538,consumer_017627
acct_021539,consumer_017628
acct_021540,consumer_017628
acct_021541,consumer_017628
acct_021542,consumer_017629
acct_021543,consumer_017630
acct_021544,consumer_017631
acct_021545,consumer_017632
acct_021546,consumer_017633
acct_021547,consumer_017634
acct_021548,consumer_017634
acct_021549,consumer_017635
acct_021550,consumer_017636
acct_021551,consumer_017637
acct_021552,consumer_017638
acct_021553,consumer_017639
acct_021554,consumer_017640
acct_021555,consumer_017641
acct_021556,consumer_017642
acct_021557,consumer_017643
acct_021558,consumer_017644
acct_021559,consumer_017645
acct_021560,consumer_017646
acct_021561,consumer_017647
acct_021562,consumer_017647
acct_021563,consumer_017647
acct_021564,consumer_017648
acct_021565,consumer_017649
acct_021566,consumer_017649
acct_021567,consumer_017649
acct_021568,consumer_017650
acct_021569,consumer_017651
acct_021570,consumer_017652
acct_021571,consumer_017652
acct_021572,consumer_017653
acct_021573,consumer_017654
acct_021574,consumer_017655
acct_021575,consumer_017656
acct_021576,consumer_017657
acct_021577,consumer_017658
acct_021578,consumer_017659
acct_021579,consumer_017660
acct_021580,consumer_017661
acct_021581,consumer_017661
acct_021582,consumer_017661
acct_021583,consumer_017662
acct_021584,consumer_017663
acct_021585,consumer_017664
acct_021586,consumer_017665
acct_021587,consumer_017665
acct_021588,consumer_017665
acct_021589,consumer_017666
acct_021590,consumer_017667
acct_021591,consumer_017668
acct_021592,consumer_017669
acct_021593,consumer_017670
acct_021594,consumer_017671
acct_021595,consumer_017671
acct_021596,consumer_017671
acct_021597,consumer_017672
acct_021598,consumer_017672
acct_021599,consumer_017673
acct_021600,consumer_017674
acct_021601,consumer_017675
acct_021602,consumer_017676
acct_021603,consumer_017677
acct_021604,consumer_017678
acct_021605,consumer_017679
acct_021606,consumer_017679
acct_021607,consumer_017679
acct_021608,consumer_017680
acct_021609,consumer_017681
acct_021610,consumer_017682
acct_021611,consumer_017683
acct_021612,consumer_017684
acct_021613,consumer_017685
acct_021614,consumer_017686
acct_021615,consumer_017687
acct_021616,consumer_017688
acct_021617,consumer_017689
acct_021618,consumer_017690
acct_021619,consumer_017690
acct_021620,consumer_017690
acct_021621,consumer_017691
acct_021622,consumer_017692
acct_021623,consumer_017693
acct_021624,consumer_017693
acct_021625,consumer_017693
acct_021626,consumer_017694
acct_021627,consumer_017695
acct_021628,consumer_017696
acct_021629,consumer_017697
acct_021630,consumer_017698
acct_021631,consumer_017699
acct_021632,consumer_017700
acct_021633,consumer_017701
acct_021634,consumer_017702
acct_021635,consumer_017703
acct_021636,consumer_017704
acct_021637,consumer_017705
acct_021638,consumer_017706
acct_021639,consumer_017707
acct_021640,consumer_017708
acct_021641,consumer_017709
acct_021642,consumer_017710
acct_021643,consumer_017711
acct_021644,consumer_017712
acct_021645,consumer_017712
acct_021646,consumer_017713
acct_021647,consumer_017714
acct_021648,consumer_017715
acct_021649,consumer_017716
acct_021650,consumer_017717
acct_021651,consumer_017718
acct_021652,consumer_017719
acct_021653,consumer_017720
acct_021654,consumer_017721
acct_021655,consumer_017722
acct_021656,consumer_017722
acct_021657,consumer_017722
acct_021658,consumer_017723
acct_021659,consumer_017724
acct_021660,consumer_017724
acct_021661,consumer_017725
acct_021662,consumer_017726
acct_021663,consumer_017727
acct_021664,consumer_017727
acct_021665,consumer_017727
acct_021666,consumer_017728
acct_021667,consumer_017729
acct_021668,consumer_017729
acct_021669,consumer_017730
acct_021670,consumer_017731
acct_021671,consumer_017731
acct_021672,consumer_017731
acct_021673,consumer_017732
acct_021674,consumer_017733
acct_021675,consumer_017733
acct_021676,consumer_017734
acct_021677,consumer_017735
acct_021678,consumer_017736
acct_021679,consumer_017737
acct_021680,consumer_017738
acct_021681,consumer_017739
acct_021682,consumer_017740
acct_021683,consumer_017740
acct_021684,consumer_017740
acct_021685,consumer_017741
acct_021686,consumer_017742
acct_021687,consumer_017742
acct_021688,consumer_017743
acct_021689,consumer_017744
acct_021690,consumer_017745
acct_021691,consumer_017746
acct_021692,consumer_017746
acct_021693,consumer_017746
acct_021694,consumer_017747
acct_021695,consumer_017748
acct_021696,consumer_017749
acct_021697,consumer_017750
acct_021698,consumer_017750
acct_021699,consumer_017750
acct_021700,consumer_017751
acct_021701,consumer_017752
acct_021702,consumer_017753
acct_021703,consumer_017754
acct_021704,consumer_017754
acct_021705,consumer_017755
acct_021706,consumer_017756
acct_021707,consumer_017757
acct_021708,consumer_017757
acct_021709,consumer_017758
acct_021710,consumer_017759
acct_021711,consumer_017760
acct_021712,consumer_017761
acct_021713,consumer_017762
acct_021714,consumer_017763
acct_021715,consumer_017763
acct_021716,consumer_017763
acct_021717,consumer_017764
acct_021718,consumer_017765
acct_021719,consumer_017766
acct_021720,consumer_017767
acct_021721,consumer_017768
acct_021722,consumer_017769
acct_021723,consumer_017770
acct_021724,consumer_017771
acct_021725,consumer_017772
acct_021726,consumer_017773
acct_021727,consumer_017774
acct_021728,consumer_017775
acct_021729,consumer_017776
acct_021730,consumer_017777
acct_021731,consumer_017778
acct_021732,consumer_017779
acct_021733,consumer_017780
acct_021734,consumer_017781
acct_021735,consumer_017782
acct_021736,consumer_017782
acct_021737,consumer_017782
acct_021738,consumer_017783
acct_021739,consumer_017784
acct_021740,consumer_017785
acct_021741,consumer_017786
acct_021742,consumer_017787
acct_021743,consumer_017788
acct_021744,consumer_017789
acct_021745,consumer_017790
acct_021746,consumer_017790
acct_021747,consumer_017790
acct_021748,consumer_017791
acct_021749,consumer_017791
acct_021750,consumer_017792
acct_021751,consumer_017793
acct_021752,consumer_017794
acct_021753,consumer_017794
acct_021754,consumer_017795
acct_021755,consumer_017796
acct_021756,consumer_017797
acct_021757,consumer_017798
acct_021758,consumer_017799
acct_021759,consumer_017800
acct_021760,consumer_017801
acct_021761,consumer_017802
acct_021762,consumer_017802
acct_021763,consumer_017802
acct_021764,consumer_017803
acct_021765,consumer_017804
acct_021766,consumer_017805
acct_021767,consumer_017805
acct_021768,consumer_017806
acct_021769,consumer_017806
acct_021770,consumer_017806
acct_021771,consumer_017807
acct_021772,consumer_017808
acct_021773,consumer_017809
acct_021774,consumer_017810
acct_021775,consumer_017811
acct_021776,consumer_017812
acct_021777,consumer_017813
acct_021778,consumer_017814
acct_021779,consumer_017815
acct_021780,consumer_017816
acct_021781,consumer_017817
acct_021782,consumer_017818
acct_021783,consumer_017819
acct_021784,consumer_017820
acct_021785,consumer_017820
acct_021786,consumer_017820
acct_021787,consumer_017821
acct_021788,consumer_017822
acct_021789,consumer_017823
acct_021790,consumer_017824
acct_021791,consumer_017825
acct_021792,consumer_017826
acct_021793,consumer_017827
acct_021794,consumer_017827
acct_021795,consumer_017828
acct_021796,consumer_017829
acct_021797,consumer_017830
acct_021798,consumer_017831
acct_021799,consumer_017832
acct_021800,consumer_017833
acct_021801,consumer_017833
acct_021802,consumer_017834
acct_021803,consumer_017835
acct_021804,consumer_017836
acct_021805,consumer_017837
acct_021806,consumer_017838
acct_021807,consumer_017838
acct_021808,consumer_017839
acct_021809,consumer_017840
acct_021810,consumer_017841
acct_021811,consumer_017842
acct_021812,consumer_017843
acct_021813,consumer_017844
acct_021814,consumer_017845
acct_021815,consumer_017846
acct_021816,consumer_017847
acct_021817,consumer_017848
acct_021818,consumer_017849
acct_021819,consumer_017850
acct_021820,consumer_017851
acct_021821,consumer_017852
acct_021822,consumer_017852
acct_021823,consumer_017852
acct_021824,consumer_017853
acct_021825,consumer_017854
acct_021826,consumer_017855
acct_021827,consumer_017855
acct_021828,consumer_017856
acct_021829,consumer_017857
acct_021830,consumer_017858
acct_021831,consumer_017859
acct_021832,consumer_017860
acct_021833,consumer_017861
acct_021834,consumer_017862
acct_021835,consumer_017863
acct_021836,consumer_017863
acct_021837,consumer_017863
acct_021838,consumer_017864
acct_021839,consumer_017865
acct_021840,consumer_017866
acct_021841,consumer_017867
acct_021842,consumer_017868
acct_021843,consumer_017869
acct_021844,consumer_017870
acct_021845,consumer_017871
acct_021846,consumer_017872
acct_021847,consumer_017873
acct_021848,consumer_017873
acct_021849,consumer_017873
acct_021850,consumer_017874
acct_021851,consumer_017875
acct_021852,consumer_017876
acct_021853,consumer_017876
acct_021854,consumer_017877
acct_021855,consumer_017878
acct_021856,consumer_017879
acct_021857,consumer_017880
acct_021858,consumer_017881
acct_021859,consumer_017881
acct_021860,consumer_017881
acct_021861,consumer_017882
acct_021862,consumer_017882
acct_021863,consumer_017883
acct_021864,consumer_017884
acct_021865,consumer_017885
acct_021866,consumer_017886
acct_021867,consumer_017887
acct_021868,consumer_017888
acct_021869,consumer_017889
acct_021870,consumer_017890
acct_021871,consumer_017891
acct_021872,consumer_017892
acct_021873,consumer_017892
acct_021874,consumer_017893
acct_021875,consumer_017894
acct_021876,consumer_017895
acct_021877,consumer_017895
acct_021878,consumer_017896
acct_021879,consumer_017897
acct_021880,consumer_017898
acct_021881,consumer_017899
acct_021882,consumer_017900
acct_021883,consumer_017901
acct_021884,consumer_017902
acct_021885,consumer_017903
acct_021886,consumer_017904
acct_021887,consumer_017905
acct_021888,consumer_017906
acct_021889,consumer_017907
acct_021890,consumer_017908
acct_021891,consumer_017909
acct_021892,consumer_017909
acct_021893,consumer_017910
acct_021894,consumer_017911
acct_021895,consumer_017912
acct_021896,consumer_017913
acct_021897,consumer_017914
acct_021898,consumer_017915
acct_021899,consumer_017916
acct_021900,consumer_017917
acct_021901,consumer_017918
acct_021902,consumer_017919
acct_021903,consumer_017920
acct_021904,consumer_017920
acct_021905,consumer_017921
acct_021906,consumer_017921
acct_021907,consumer_017922
acct_021908,consumer_017922
acct_021909,consumer_017923
acct_021910,consumer_017924
acct_021911,consumer_017925
acct_021912,consumer_017926
acct_021913,consumer_017927
acct_021914,consumer_017928
acct_021915,consumer_017929
acct_021916,consumer_017930
acct_021917,consumer_017931
acct_021918,consumer_017932
acct_021919,consumer_017933
acct_021920,consumer_017934
acct_021921,consumer_017934
acct_021922,consumer_017935
acct_021923,consumer_017935
acct_021924,consumer_017936
acct_021925,consumer_017937
acct_021926,consumer_017938
acct_021927,consumer_017939
acct_021928,consumer_017939
acct_021929,consumer_017939
acct_021930,consumer_017940
acct_021931,consumer_017941
acct_021932,consumer_017942
acct_021933,consumer_017943
acct_021934,consumer_017944
acct_021935,consumer_017945
acct_021936,consumer_017946
acct_021937,consumer_017947
acct_021938,consumer_017948
acct_021939,consumer_017948
acct_021940,consumer_017949
acct_021941,consumer_017950
acct_021942,consumer_017951
acct_021943,consumer_017952
acct_021944,consumer_017953
acct_021945,consumer_017954
acct_021946,consumer_017955
acct_021947,consumer_017956
acct_021948,consumer_017957
acct_021949,consumer_017958
acct_021950,consumer_017959
acct_021951,consumer_017960
acct_021952,consumer_017961
acct_021953,consumer_017961
acct_021954,consumer_017962
acct_021955,consumer_017963
acct_021956,consumer_017964
acct_021957,consumer_017965
acct_021958,consumer_017966
acct_021959,consumer_017967
acct_021960,consumer_017968
acct_021961,consumer_017969
acct_021962,consumer_017970
acct_021963,consumer_017971
acct_021964,consumer_017972
acct_021965,consumer_017973
acct_021966,consumer_017974
acct_021967,consumer_017975
acct_021968,consumer_017976
acct_021969,consumer_017977
acct_021970,consumer_017978
acct_021971,consumer_017979
acct_021972,consumer_017980
acct_021973,consumer_017980
acct_021974,consumer_017980
acct_021975,consumer_017981
acct_021976,consumer_017982
acct_021977,consumer_017983
acct_021978,consumer_017984
acct_021979,consumer_017984
acct_021980,consumer_017985
acct_021981,consumer_017985
acct_021982,consumer_017986
acct_021983,consumer_017987
acct_021984,consumer_017988
acct_021985,consumer_017989
acct_021986,consumer_017990
acct_021987,consumer_017990
acct_021988,consumer_017990
acct_021989,consumer_017991
acct_021990,consumer_017991
acct_021991,consumer_017991
acct_021992,consumer_017992
acct_021993,consumer_017992
acct_021994,consumer_017992
acct_021995,consumer_017993
acct_021996,consumer_017994
acct_021997,consumer_017995
acct_021998,consumer_017996
acct_021999,consumer_017996
acct_022000,consumer_017997
acct_022001,consumer_017998
acct_022002,consumer_017999
acct_022003,consumer_017999
acct_022004,consumer_017999
acct_022005,consumer_018000
