case_id,opened_at,status
case_000001,2025-08-25T09:15:13,closed_no_action
case_000002,2025-02-10T15:57:01,closed_no_action
case_000003,2025-05-12T10:05:13,closed_no_action
case_000004,2025-12-16T17:37:32,closed_no_action
case_000005,2025-04-01T18:40:20,closed_no_action
case_000006,2025-03-10T11:32:03,closed_no_action
case_000007,2025-12-05T17:16:52,closed_no_action
case_000008,2025-11-03T14:38:38,closed_no_action
case_000009,2025-02-11T14:23:24,closed_no_action
case_000010,2025-11-20T16:46:29,closed_no_action
case_000011,2025-02-10T18:02:12,closed_no_action
case_000012,2025-01-30T11:25:16,closed_no_action
case_000013,2025-02-26T16:15:17,closed_no_action
case_000014,2025-02-25T18:33:34,closed_no_action
case_000015,2025-09-05T13:50:51,closed_no_action
case_000016,2025-04-14T09:59:19,closed_no_action
case_000017,2025-01-08T14:51:54,closed_no_action
case_000018,2025-12-15T12:13:27,closed_no_action
case_000019,2025-05-12T16:17:31,closed_no_action
case_000020,2025-03-03T15:54:53,closed_no_action
case_000021,2025-11-10T12:47:29,closed_no_action
case_000022,2025-02-24T12:33:02,closed_no_action
case_000023,2025-09-25T18:37:04,closed_no_action
case_000024,2025-11-04T17:34:43,closed_no_action
case_000025,2025-08-13T14:36:31,closed_no_action
case_000026,2025-01-24T17:40:09,closed_no_action
case_000027,2025-08-11T18:34:41,closed_no_action
case_000028,2025-03-17T12:48:33,closed_no_action
case_000029,2025-12-17T18:09:12,closed_no_action
case_000030,2025-03-19T17:29:16,closed_no_action
case_000031,2025-10-31T12:32:02,closed_no_action
case_000032,2025-03-31T17:53:57,closed_no_action
case_000033,2025-04-15T18:59:13,closed_no_action
case_000034,2025-07-15T18:22:16,closed_no_action
case_000035,2025-10-16T13:26:39,closed_no_action
case_000036,2025-12-03T09:24:21,closed_no_action
case_000037,2025-03-14T11:58:01,closed_no_action
case_000038,2025-03-30T18:21:29,closed_no_action
case_000039,2025-06-17T10:47:42,closed_no_action
case_000040,2025-06-05T18:47:18,closed_no_action
case_000041,2025-12-29T14:47:58,closed_no_action
case_000042,2025-05-14T12:09:38,closed_no_action
case_000043,2025-01-13T11:54:59,closed_no_action
case_000044,2025-06-27T17:36:14,closed_no_action
case_000045,2025-06-09T15:00:59,closed_no_action
case_000046,2025-09-12T18:34:10,closed_no_action
case_000047,2025-08-18T11:12:44,closed_no_action
case_000048,2025-08-26T17:26:32,closed_no_action
case_000049,2025-12-18T15:14:33,closed_no_action
case_000050,2025-08-18T14:48:22,closed_no_action
case_000051,2025-12-08T12:21:48,closed_no_action
case_000052,2025-09-17T17:30:52,closed_no_action
case_000053,2025-03-14T15:50:44,closed_no_action
case_000054,2025-06-23T17:18:42,closed_no_action
case_000055,2025-02-06T15:49:58,closed_no_action
case_000056,2025-02-24T18:14:30,closed_no_action
case_000057,2025-06-30T14:18:18,closed_no_action
case_000058,2025-12-05T09:03:46,closed_no_action
case_000059,2025-07-21T14:11:39,closed_no_action
case_000060,2025-05-15T16:08:21,closed_no_action
case_000061,2025-05-05T13:20:53,closed_no_action
case_000062,2025-10-21T10:48:57,closed_no_action
case_000063,2025-08-20T16:17:48,closed_no_action
case_000064,2025-02-20T18:29:41,closed_no_action
case_000065,2025-09-22T18:42:05,closed_no_action
case_000066,2025-08-11T12:18:00,closed_no_action
case_000067,2025-12-29T14:18:26,closed_no_action
case_000068,2025-10-20T17:15:00,closed_no_action
case_000069,2025-04-11T14:50:42,closed_no_action
case_000070,2025-01-31T14:50:19,closed_no_action
case_000071,2025-11-10T10:39:23,closed_no_action
case_000072,2025-11-17T10:37:21,closed_no_action
case_000073,2025-06-17T11:56:57,closed_no_action
case_000074,2025-08-01T11:55:49,closed_no_action
case_000075,2025-09-22T12:49:46,closed_no_action
case_000076,2025-02-25T10:19:41,closed_no_action
case_000077,2025-12-18T17:49:42,closed_no_action
case_000078,2025-08-04T12:55:15,closed_no_action
case_000079,2025-01-28T12:39:03,closed_no_action
case_000080,2025-09-07T15:35:19,closed_no_action
case_000081,2025-06-24T15:42:50,closed_no_action
case_000082,2025-03-24T15:59:00,closed_no_action
case_000083,2025-01-27T15:57:51,closed_no_action
case_000084,2025-06-16T10:55:49,closed_no_action
case_000085,2025-12-31T16:02:08,closed_no_action
case_000086,2025-01-22T09:33:44,closed_no_action
case_000087,2025-03-31T18:36:38,closed_no_action
case_000088,2025-02-14T18:03:01,closed_no_action
case_000089,2025-02-06T16:55:23,closed_no_action
case_000090,2025-02-21T10:23:19,closed_no_action
case_000091,2025-08-22T09:37:07,closed_no_action
case_000092,2025-11-27T14:10:48,closed_no_action
case_000093,2025-12-29T18:06:58,closed_no_action
case_000094,2025-03-05T09:02:13,closed_no_action
case_000095,2025-03-11T11:51:56,closed_no_action
case_000096,2025-04-22T14:19:45,closed_no_action
case_000097,2025-12-26T10:00:01,closed_no_action
case_000098,2025-07-10T11:14:19,closed_no_action
case_000099,2025-09-10T11:38:48,closed_no_action
case_000100,2025-10-03T15:13:45,closed_no_action
case_000101,2025-07-25T16:03:45,closed_no_action
case_000102,2025-10-07T09:18:44,closed_no_action
case_000103,2025-08-15T17:09:02,closed_no_action
case_000104,2025-01-20T11:29:19,closed_no_action
case_000105,2025-03-18T09:33:28,closed_no_action
case_000106,2025-07-21T14:17:14,closed_no_action
case_000107,2025-02-18T17:24:37,closed_no_action
case_000108,2025-02-17T14:12:43,closed_no_action
case_000109,2025-09-19T09:52:34,closed_no_action
case_000110,2025-03-20T16:17:40,closed_no_action
case_000111,2025-09-27T16:02:36,closed_no_action
case_000112,2025-06-26T14:04:50,closed_no_action
case_000113,2025-05-05T14:31:06,closed_no_action
case_000114,2025-06-23T10:09:38,closed_no_action
case_000115,2025-03-10T15:01:06,closed_no_action
case_000116,2025-09-15T14:24:35,closed_no_action
case_000117,2025-05-19T16:27:52,closed_no_action
case_000118,2025-06-04T09:40:31,closed_no_action
case_000119,2025-01-24T17:37:48,closed_no_action
case_000120,2025-03-10T11:49:13,closed_no_action
case_000121,2025-08-25T09:00:10,closed_no_action
case_000122,2025-07-28T10:56:58,closed_no_action
case_000123,2025-01-18T13:00:51,closed_no_action
case_000124,2025-02-24T09:05:14,closed_no_action
case_000125,2025-03-27T10:57:12,closed_no_action
case_000126,2025-10-08T09:37:39,closed_no_action
case_000127,2025-10-02T15:05:22,closed_no_action
case_000128,2025-01-13T15:02:51,closed_no_action
case_000129,2025-06-02T16:45:43,closed_no_action
case_000130,2025-09-29T10:30:04,closed_no_action
case_000131,2025-01-21T09:13:12,closed_no_action
case_000132,2025-11-11T10:15:00,closed_no_action
case_000133,2025-01-06T15:53:57,closed_no_action
case_000134,2025-12-28T12:55:32,closed_no_action
case_000135,2025-07-22T16:23:05,closed_no_action
case_000136,2025-04-14T17:19:58,closed_no_action
case_000137,2025-02-24T15:21:22,closed_no_action
case_000138,2025-11-10T15:22:25,closed_no_action
case_000139,2025-06-30T18:02:52,closed_no_action
case_000140,2025-10-13T18:36:29,closed_no_action
case_000141,2025-03-17T10:17:06,closed_no_action
case_000142,2025-05-26T13:38:39,closed_no_action
case_000143,2025-11-18T09:16:54,closed_no_action
case_000144,2025-10-21T18:30:59,closed_no_action
case_000145,2025-02-20T12:52:53,closed_no_action
case_000146,2025-03-04T09:05:52,closed_no_action
case_000147,2025-04-07T17:45:30,closed_no_action
case_000148,2025-06-23T09:19:50,closed_no_action
case_000149,2025-05-21T15:00:11,closed_no_action
case_000150,2025-06-09T18:44:37,closed_no_action
case_000151,2025-09-29T18:27:28,closed_no_action
case_000152,2025-11-27T09:37:13,closed_no_action
case_000153,2025-01-07T10:33:40,closed_no_action
case_000154,2025-09-25T16:59:29,closed_no_action
case_000155,2025-05-05T11:20:28,closed_no_action
case_000156,2025-03-17T16:19:22,closed_no_action
case_000157,2025-05-21T15:21:37,closed_no_action
case_000158,2025-03-11T17:39:33,closed_no_action
case_000159,2025-04-28T11:23:56,closed_no_action
case_000160,2025-09-03T18:21:04,closed_no_action
case_000161,2025-06-18T10:23:55,closed_no_action
case_000162,2025-10-27T17:21:34,closed_no_action
case_000163,2025-09-07T12:22:20,closed_no_action
case_000164,2025-08-21T10:10:23,closed_no_action
case_000165,2025-02-27T16:12:56,closed_no_action
case_000166,2025-12-22T09:22:13,closed_no_action
case_000167,2025-01-14T17:35:02,closed_no_action
case_000168,2025-04-26T16:29:58,closed_no_action
case_000169,2025-07-07T16:57:09,closed_no_action
case_000170,2025-05-09T11:15:51,closed_no_action
case_000171,2025-04-08T18:24:21,closed_no_action
case_000172,2025-03-31T09:55:55,closed_no_action
case_000173,2025-08-20T09:25:13,closed_no_action
case_000174,2025-12-05T16:12:19,closed_no_action
case_000175,2025-01-14T17:11:19,closed_no_action
case_000176,2025-03-17T10:08:27,closed_no_action
case_000177,2025-04-28T14:42:02,closed_no_action
case_000178,2025-10-24T17:55:40,closed_no_action
case_000179,2025-07-07T11:55:03,closed_no_action
case_000180,2025-06-04T11:12:26,closed_no_action
case_000181,2025-02-19T15:00:19,closed_no_action
case_000182,2025-05-06T16:05:26,closed_no_action
case_000183,2025-04-09T09:46:18,closed_no_action
case_000184,2025-08-18T17:58:57,closed_no_action
case_000185,2025-02-10T16:22:26,closed_no_action
case_000186,2025-08-14T16:42:47,closed_no_action
case_000187,2025-06-11T15:07:25,closed_no_action
case_000188,2025-10-22T11:13:24,closed_no_action
case_000189,2025-06-16T09:29:25,closed_no_action
case_000190,2025-01-13T09:10:54,closed_no_action
case_000191,2025-03-17T17:23:43,closed_no_action
case_000192,2025-12-04T18:32:24,closed_no_action
case_000193,2025-09-22T11:52:47,closed_no_action
case_000194,2025-07-21T13:09:49,closed_no_action
case_000195,2025-04-03T12:45:21,closed_no_action
case_000196,2025-04-11T12:39:11,closed_no_action
case_000197,2025-05-15T14:48:06,closed_no_action
case_000198,2025-01-24T09:56:11,closed_no_action
case_000199,2025-12-03T09:38:37,closed_no_action
case_000200,2025-07-23T12:59:59,closed_no_action
case_000201,2025-07-09T09:47:37,closed_no_action
case_000202,2025-05-16T14:38:46,closed_no_action
case_000203,2025-05-06T12:11:20,closed_no_action
case_000204,2025-06-17T10:11:21,closed_no_action
case_000205,2025-08-04T15:43:24,closed_no_action
case_000206,2025-01-07T15:10:08,closed_no_action
case_000207,2025-07-26T11:23:58,closed_no_action
case_000208,2025-03-25T15:11:15,closed_no_action
case_000209,2025-04-15T16:12:27,closed_no_action
case_000210,2025-07-15T14:10:52,closed_no_action
case_000211,2025-10-10T12:19:30,closed_no_action
case_000212,2025-08-11T15:52:09,closed_no_action
case_000213,2025-12-22T09:10:19,closed_no_action
case_000214,2025-08-25T13:37:19,closed_no_action
case_000215,2025-02-24T15:04:50,closed_no_action
case_000216,2025-04-30T16:05:57,closed_no_action
case_000217,2025-04-21T17:51:35,closed_no_action
case_000218,2025-03-30T14:18:22,closed_no_action
case_000219,2025-10-10T17:19:35,closed_no_action
case_000220,2025-05-02T18:28:50,closed_no_action
case_000221,2025-06-20T15:54:19,closed_no_action
case_000222,2025-08-11T15:01:35,closed_no_action
case_000223,2025-08-05T12:37:54,closed_no_action
case_000224,2025-06-24T10:57:04,closed_no_action
case_000225,2025-03-10T13:08:52,closed_no_action
case_000226,2025-01-09T11:59:54,closed_no_action
case_000227,2025-02-03T11:59:46,closed_no_action
case_000228,2025-01-24T11:50:04,closed_no_action
case_000229,2025-04-24T17:29:44,closed_no_action
case_000230,2025-08-25T11:48:26,closed_no_action
case_000231,2025-06-09T17:37:48,closed_no_action
case_000232,2025-09-12T18:27:52,closed_no_action
case_000233,2025-02-07T15:21:58,closed_no_action
case_000234,2025-09-25T09:39:10,closed_no_action
case_000235,2025-08-28T09:20:32,closed_no_action
case_000236,2025-09-01T12:01:09,closed_no_action
case_000237,2025-10-23T17:22:19,closed_no_action
case_000238,2025-03-14T16:30:11,closed_no_action
case_000239,2025-01-07T11:52:18,closed_no_action
case_000240,2025-05-11T10:46:12,closed_no_action
case_000241,2025-02-05T18:11:31,closed_no_action
case_000242,2025-05-05T15:07:33,closed_no_action
case_000243,2025-03-04T11:01:37,closed_no_action
case_000244,2025-09-25T13:56:41,closed_no_action
case_000245,2025-03-18T12:39:45,closed_no_action
case_000246,2025-12-22T11:57:13,closed_no_action
case_000247,2025-06-02T13:45:24,closed_no_action
case_000248,2025-09-01T17:28:01,closed_no_action
case_000249,2025-04-24T14:17:39,closed_no_action
case_000250,2025-10-13T16:25:54,closed_no_action
case_000251,2025-12-08T18:59:17,closed_no_action
case_000252,2025-07-18T10:34:57,closed_no_action
case_000253,2025-11-24T09:21:17,closed_no_action
case_000254,2025-05-22T10:49:40,closed_no_action
case_000255,2025-07-14T15:29:03,closed_no_action
case_000256,2025-09-01T09:06:06,closed_no_action
case_000257,2025-02-10T15:37:10,closed_no_action
case_000258,2025-03-20T14:36:32,closed_no_action
case_000259,2025-03-10T15:19:33,closed_no_action
case_000260,2025-08-22T11:24:49,closed_no_action
case_000261,2025-08-18T13:46:05,closed_no_action
case_000262,2025-08-25T14:43:40,closed_no_action
case_000263,2025-07-30T16:54:21,closed_no_action
case_000264,2025-01-07T09:26:38,closed_no_action
case_000265,2025-08-07T10:40:00,closed_no_action
case_000266,2025-12-08T09:46:07,closed_no_action
case_000267,2025-10-06T09:18:13,closed_no_action
case_000268,2025-05-28T13:43:05,closed_no_action
case_000269,2025-12-23T13:09:20,closed_no_action
case_000270,2025-09-12T12:32:33,closed_no_action
case_000271,2025-12-22T18:09:21,closed_no_action
case_000272,2025-12-01T14:29:48,closed_no_action
case_000273,2025-03-07T11:38:54,closed_no_action
case_000274,2025-10-29T16:43:46,closed_no_action
case_000275,2025-02-14T09:10:30,closed_no_action
case_000276,2025-12-01T18:20:05,closed_no_action
case_000277,2025-09-08T18:53:59,closed_no_action
case_000278,2025-11-17T12:57:53,closed_no_action
case_000279,2025-03-18T14:56:57,closed_no_action
case_000280,2025-01-29T10:20:44,closed_no_action
case_000281,2025-09-17T15:27:50,closed_no_action
case_000282,2025-09-05T09:10:25,closed_no_action
case_000283,2025-12-18T15:28:19,closed_no_action
case_000284,2025-09-01T18:55:35,closed_no_action
case_000285,2025-09-17T10:09:55,closed_no_action
case_000286,2025-06-05T10:23:13,closed_no_action
case_000287,2025-10-07T15:09:57,closed_no_action
case_000288,2025-03-03T17:51:57,closed_no_action
case_000289,2025-01-01T17:29:51,closed_no_action
case_000290,2025-04-28T17:49:55,closed_no_action
case_000291,2025-08-18T14:12:20,closed_no_action
case_000292,2025-06-09T16:59:14,closed_no_action
case_000293,2025-11-09T10:38:02,closed_no_action
case_000294,2025-03-17T12:33:24,closed_no_action
case_000295,2025-01-27T09:58:02,closed_no_action
case_000296,2025-04-21T17:34:54,closed_no_action
case_000297,2025-04-23T14:38:20,closed_no_action
case_000298,2025-01-17T13:56:45,closed_no_action
case_000299,2025-02-15T18:10:25,closed_no_action
case_000300,2025-11-19T16:39:56,closed_no_action
case_000301,2025-08-29T11:21:30,closed_no_action
case_000302,2025-05-19T11:10:44,closed_no_action
case_000303,2025-10-20T09:19:30,closed_no_action
case_000304,2025-07-14T11:33:24,closed_no_action
case_000305,2025-02-26T12:45:39,closed_no_action
case_000306,2025-11-21T10:39:27,closed_no_action
case_000307,2025-12-23T11:10:33,closed_no_action
case_000308,2025-11-26T18:19:16,closed_no_action
case_000309,2025-03-03T16:18:02,closed_no_action
case_000310,2025-09-15T14:54:11,closed_no_action
case_000311,2025-12-23T11:18:29,closed_no_action
case_000312,2025-03-31T12:15:29,closed_no_action
case_000313,2025-08-06T15:21:41,closed_no_action
case_000314,2025-12-15T11:16:22,closed_no_action
case_000315,2025-07-07T17:51:05,closed_no_action
case_000316,2025-02-28T14:53:29,closed_no_action
case_000317,2025-05-01T11:49:52,closed_no_action
case_000318,2025-02-28T16:10:54,closed_no_action
case_000319,2025-04-14T14:00:17,closed_no_action
case_000320,2025-02-03T17:06:21,closed_no_action
case_000321,2025-04-07T18:30:46,closed_no_action
case_000322,2025-04-14T13:31:38,closed_no_action
case_000323,2025-05-06T18:13:59,closed_no_action
case_000324,2025-03-05T12:57:52,closed_no_action
case_000325,2025-02-17T18:36:10,closed_no_action
case_000326,2025-05-05T16:21:52,closed_no_action
case_000327,2025-09-15T11:57:22,closed_no_action
case_000328,2025-07-23T16:20:43,closed_no_action
case_000329,2025-11-24T13:15:23,closed_no_action
case_000330,2025-06-09T15:07:18,closed_no_action
case_000331,2025-06-24T11:47:31,closed_no_action
case_000332,2025-09-23T12:37:08,closed_no_action
case_000333,2025-08-28T09:16:14,closed_no_action
case_000334,2025-03-25T13:53:47,closed_no_action
case_000335,2025-05-20T18:28:41,closed_no_action
case_000336,2025-11-10T17:36:58,closed_no_action
case_000337,2025-03-31T09:29:04,closed_no_action
case_000338,2025-03-03T13:37:46,closed_no_action
case_000339,2025-05-05T12:19:35,closed_no_action
case_000340,2025-05-29T18:27:35,closed_no_action
case_000341,2025-03-03T14:11:48,closed_no_action
case_000342,2025-04-30T12:16:22,closed_no_action
case_000343,2025-06-02T14:27:14,closed_no_action
case_000344,2025-01-14T12:06:34,closed_no_action
case_000345,2025-08-07T10:09:49,closed_no_action
case_000346,2025-12-08T17:56:48,closed_no_action
case_000347,2025-02-06T10:48:17,closed_no_action
case_000348,2025-11-18T15:25:33,closed_no_action
case_000349,2025-03-27T14:34:40,closed_no_action
case_000350,2025-02-11T17:10:59,closed_no_action
case_000351,2025-01-06T18:07:35,closed_no_action
case_000352,2025-02-10T15:16:09,closed_no_action
case_000353,2025-11-23T13:03:29,closed_no_action
case_000354,2025-10-02T11:33:21,closed_no_action
case_000355,2025-10-01T10:50:57,closed_no_action
case_000356,2025-12-12T16:24:48,closed_no_action
case_000357,2025-11-03T10:35:11,closed_no_action
case_000358,2025-07-24T09:50:03,closed_no_action
case_000359,2025-02-27T17:02:51,closed_no_action
case_000360,2025-08-14T14:00:15,closed_no_action
case_000361,2025-07-18T12:38:59,closed_no_action
case_000362,2025-04-17T15:30:44,closed_no_action
case_000363,2025-04-30T18:47:00,closed_no_action
case_000364,2025-11-10T16:43:33,closed_no_action
case_000365,2025-02-17T18:03:28,closed_no_action
case_000366,2025-06-13T10:16:45,closed_no_action
case_000367,2025-02-17T18:28:05,closed_no_action
case_000368,2025-11-14T13:01:19,closed_no_action
case_000369,2025-02-03T09:54:33,closed_no_action
case_000370,2025-12-02T10:07:17,closed_no_action
case_000371,2025-04-03T16:59:45,closed_no_action
case_000372,2025-10-08T09:21:21,closed_no_action
case_000373,2025-08-07T11:17:35,closed_no_action
case_000374,2025-04-07T17:47:08,closed_no_action
case_000375,2025-08-08T16:01:52,closed_no_action
case_000376,2025-12-22T17:33:01,closed_no_action
case_000377,2025-04-30T11:42:50,closed_no_action
case_000378,2025-09-25T16:46:11,closed_no_action
case_000379,2025-10-20T13:35:00,closed_no_action
case_000380,2025-07-28T17:01:14,closed_no_action
case_000381,2025-09-01T13:46:41,closed_no_action
case_000382,2025-04-07T16:04:20,closed_no_action
case_000383,2025-09-12T10:04:16,closed_no_action
case_000384,2025-04-09T14:09:08,closed_no_action
case_000385,2025-08-21T09:11:21,closed_no_action
case_000386,2025-02-14T16:41:16,closed_no_action
case_000387,2025-09-17T09:04:15,closed_no_action
case_000388,2025-06-25T11:44:18,closed_no_action
case_000389,2025-12-22T18:48:15,closed_no_action
case_000390,2025-07-28T09:14:41,closed_no_action
case_000391,2025-07-14T13:24:40,closed_no_action
case_000392,2025-10-09T17:20:19,closed_no_action
case_000393,2025-10-22T18:15:40,closed_no_action
case_000394,2025-01-02T16:14:36,closed_no_action
case_000395,2025-10-27T17:55:08,closed_no_action
case_000396,2025-09-23T10:07:35,closed_no_action
case_000397,2025-10-16T12:08:47,closed_no_action
case_000398,2025-02-25T17:23:47,closed_no_action
case_000399,2025-01-28T15:32:43,closed_no_action
case_000400,2025-08-21T14:31:35,closed_no_action
case_000401,2025-07-21T09:54:40,closed_no_action
case_000402,2025-09-15T17:23:42,closed_no_action
case_000403,2025-10-22T14:44:40,closed_no_action
case_000404,2025-06-09T15:48:37,closed_no_action
case_000405,2025-02-07T09:19:37,closed_no_action
case_000406,2025-09-15T11:09:59,closed_no_action
case_000407,2025-05-08T13:30:44,closed_no_action
case_000408,2025-02-04T12:33:19,closed_no_action
case_000409,2025-03-18T12:25:42,closed_no_action
case_000410,2025-06-16T15:01:19,closed_no_action
case_000411,2025-05-13T09:25:29,closed_no_action
case_000412,2025-11-03T13:55:48,closed_no_action
case_000413,2025-07-07T09:43:26,closed_no_action
case_000414,2025-10-29T11:59:06,closed_no_action
case_000415,2025-09-16T16:53:34,closed_no_action
case_000416,2025-07-10T09:10:07,closed_no_action
case_000417,2025-01-07T16:33:33,closed_no_action
case_000418,2025-04-21T11:07:56,closed_no_action
case_000419,2025-08-22T15:02:59,closed_no_action
case_000420,2025-02-26T09:46:55,closed_no_action
case_000421,2025-11-07T12:45:22,closed_no_action
case_000422,2025-02-03T16:29:55,closed_no_action
case_000423,2025-03-24T14:53:44,closed_no_action
case_000424,2025-08-20T11:37:45,closed_no_action
case_000425,2025-12-22T09:53:42,closed_no_action
case_000426,2025-08-25T18:43:06,closed_no_action
case_000427,2025-08-08T14:01:59,closed_no_action
case_000428,2025-04-01T16:59:40,closed_no_action
case_000429,2025-12-15T10:56:26,closed_no_action
case_000430,2025-05-28T12:31:39,closed_no_action
case_000431,2025-04-21T12:26:24,closed_no_action
case_000432,2025-02-14T16:53:45,closed_no_action
case_000433,2025-01-01T14:33:42,closed_no_action
case_000434,2025-07-11T13:11:28,closed_no_action
case_000435,2025-10-31T15:51:16,closed_no_action
case_000436,2025-06-03T16:15:12,closed_no_action
case_000437,2025-04-23T12:01:17,closed_no_action
case_000438,2025-04-23T14:42:15,closed_no_action
case_000439,2025-02-18T12:49:20,closed_no_action
case_000440,2025-12-02T17:53:21,closed_no_action
case_000441,2025-02-27T14:36:39,closed_no_action
case_000442,2025-01-20T10:42:27,closed_no_action
case_000443,2025-09-08T17:54:55,closed_no_action
case_000444,2025-08-18T14:49:36,closed_no_action
case_000445,2025-03-27T15:10:58,closed_no_action
case_000446,2025-12-01T11:51:38,closed_no_action
case_000447,2025-12-18T14:57:12,closed_no_action
case_000448,2025-03-19T12:36:50,closed_no_action
case_000449,2025-09-18T11:47:55,closed_no_action
case_000450,2025-06-05T15:09:22,closed_no_action
case_000451,2025-05-12T14:40:03,closed_no_action
case_000452,2025-11-05T18:21:37,closed_no_action
case_000453,2025-08-28T14:14:49,closed_no_action
case_000454,2025-02-20T11:27:39,closed_no_action
case_000455,2025-07-14T09:08:39,closed_no_action
case_000456,2025-12-09T10:26:36,closed_no_action
case_000457,2025-10-24T12:10:41,closed_no_action
case_000458,2025-01-13T16:04:22,closed_no_action
case_000459,2025-06-19T12:49:44,closed_no_action
case_000460,2025-03-17T09:51:07,closed_no_action
case_000461,2025-05-09T15:20:56,closed_no_action
case_000462,2025-07-04T15:23:48,closed_no_action
case_000463,2025-07-10T13:52:49,closed_no_action
case_000464,2025-05-06T18:43:32,closed_no_action
case_000465,2025-10-14T12:33:45,closed_no_action
case_000466,2025-02-20T11:04:51,closed_no_action
case_000467,2025-04-18T16:27:12,closed_no_action
case_000468,2025-11-24T17:09:30,closed_no_action
case_000469,2025-12-19T18:41:32,closed_no_action
case_000470,2025-05-12T14:30:33,closed_no_action
case_000471,2025-10-16T10:07:14,closed_no_action
case_000472,2025-01-02T14:11:35,closed_no_action
case_000473,2025-04-30T13:46:08,closed_no_action
case_000474,2025-02-13T17:34:16,closed_no_action
case_000475,2025-01-22T16:19:59,closed_no_action
case_000476,2025-12-19T16:03:04,closed_no_action
case_000477,2025-08-30T10:22:23,closed_no_action
case_000478,2025-01-14T11:07:54,closed_no_action
case_000479,2025-08-14T13:12:36,closed_no_action
case_000480,2025-11-13T09:38:27,closed_no_action
case_000481,2025-08-04T11:13:36,closed_no_action
case_000482,2025-06-02T18:01:27,closed_no_action
case_000483,2025-03-04T16:46:07,closed_no_action
case_000484,2025-10-20T10:06:36,closed_no_action
case_000485,2025-09-01T18:17:36,closed_no_action
case_000486,2025-05-21T09:59:11,closed_no_action
case_000487,2025-09-15T15:48:10,closed_no_action
case_000488,2025-08-07T18:10:40,closed_no_action
case_000489,2025-03-04T14:43:20,closed_no_action
case_000490,2025-09-08T18:06:14,closed_no_action
case_000491,2025-07-17T12:09:06,closed_no_action
case_000492,2025-02-20T15:38:26,closed_no_action
case_000493,2025-05-02T15:09:44,closed_no_action
case_000494,2025-09-09T16:15:14,closed_no_action
case_000495,2025-05-15T12:55:41,closed_no_action
case_000496,2025-11-10T15:09:50,closed_no_action
case_000497,2025-05-12T11:19:57,closed_no_action
case_000498,2025-03-31T16:10:25,closed_no_action
case_000499,2025-09-15T16:12:02,closed_no_action
case_000500,2025-05-06T17:30:13,closed_no_action
case_000501,2025-02-18T12:01:30,closed_no_action
case_000502,2025-10-03T13:36:19,closed_no_action
case_000503,2025-01-13T17:22:41,closed_no_action
case_000504,2025-05-07T10:43:14,closed_no_action
case_000505,2025-01-14T10:06:39,closed_no_action
case_000506,2025-06-09T15:22:39,closed_no_action
case_000507,2025-07-14T10:59:13,closed_no_action
case_000508,2025-08-05T18:03:03,closed_no_action
case_000509,2025-04-21T15:00:45,closed_no_action
case_000510,2025-10-09T11:50:10,closed_no_action
case_000511,2025-11-12T17:26:39,closed_no_action
case_000512,2025-02-26T14:17:35,closed_no_action
case_000513,2025-02-21T17:52:48,closed_no_action
case_000514,2025-08-16T12:37:13,closed_no_action
case_000515,2025-01-20T17:35:56,closed_no_action
case_000516,2025-11-06T11:35:51,closed_no_action
case_000517,2025-04-07T17:16:12,closed_no_action
case_000518,2025-09-25T18:16:19,closed_no_action
case_000519,2025-06-09T16:14:55,closed_no_action
case_000520,2025-05-02T09:21:19,closed_no_action
case_000521,2025-01-31T15:33:45,closed_no_action
case_000522,2025-11-27T10:48:44,closed_no_action
case_000523,2025-01-24T16:25:24,closed_no_action
case_000524,2025-06-02T12:25:45,closed_no_action
case_000525,2025-10-07T15:12:24,closed_no_action
case_000526,2025-04-30T14:29:05,closed_no_action
case_000527,2025-07-22T09:16:08,closed_no_action
case_000528,2025-06-06T16:11:08,closed_no_action
case_000529,2025-10-14T18:34:38,closed_no_action
case_000530,2025-10-06T12:25:36,closed_no_action
case_000531,2025-01-23T15:54:55,closed_no_action
case_000532,2025-10-06T18:40:04,closed_no_action
case_000533,2025-10-20T16:49:50,closed_no_action
case_000534,2025-03-18T09:41:10,closed_no_action
case_000535,2025-01-03T15:42:24,closed_no_action
case_000536,2025-06-18T12:28:41,closed_no_action
case_000537,2025-10-20T18:23:39,closed_no_action
case_000538,2025-03-07T13:45:32,closed_no_action
case_000539,2025-12-29T17:27:55,closed_no_action
case_000540,2025-12-03T11:37:19,closed_no_action
case_000541,2025-06-23T15:55:47,closed_no_action
case_000542,2025-11-25T17:31:23,closed_no_action
case_000543,2025-06-12T15:34:13,closed_no_action
case_000544,2025-04-02T16:41:23,closed_no_action
case_000545,2025-07-09T17:52:09,closed_no_action
case_000546,2025-06-17T14:58:25,closed_no_action
case_000547,2025-12-03T09:34:00,closed_no_action
case_000548,2025-03-25T10:04:33,closed_no_action
case_000549,2025-03-13T15:25:12,closed_no_action
case_000550,2025-02-03T09:00:31,closed_no_action
case_000551,2025-11-24T11:52:10,closed_no_action
case_000552,2025-10-29T15:02:05,closed_no_action
case_000553,2025-12-05T14:57:03,closed_no_action
case_000554,2025-03-26T17:02:06,closed_no_action
case_000555,2025-09-01T12:34:00,closed_no_action
case_000556,2025-09-08T11:54:45,closed_no_action
case_000557,2025-04-10T12:12:08,closed_no_action
case_000558,2025-01-10T09:28:47,closed_no_action
case_000559,2025-01-20T16:31:15,closed_no_action
case_000560,2025-09-29T17:35:05,closed_no_action
case_000561,2025-03-15T12:44:40,closed_no_action
case_000562,2025-02-28T14:43:59,closed_no_action
case_000563,2025-10-20T18:30:49,closed_no_action
case_000564,2025-05-12T11:20:24,closed_no_action
case_000565,2025-01-15T15:41:17,closed_no_action
case_000566,2025-08-18T10:33:37,closed_no_action
case_000567,2025-03-03T10:45:12,closed_no_action
case_000568,2025-03-17T15:49:29,closed_no_action
case_000569,2025-04-17T10:49:18,closed_no_action
case_000570,2025-11-06T12:25:11,closed_no_action
case_000571,2025-09-24T12:53:45,closed_no_action
case_000572,2025-09-11T14:42:55,closed_no_action
case_000573,2025-09-08T14:42:19,closed_no_action
case_000574,2025-08-29T13:13:57,closed_no_action
case_000575,2025-04-21T11:42:28,closed_no_action
case_000576,2025-08-28T12:45:26,closed_no_action
case_000577,2025-09-26T10:39:43,closed_no_action
case_000578,2025-07-14T11:06:15,closed_no_action
case_000579,2025-01-27T17:10:20,closed_no_action
case_000580,2025-12-25T09:37:30,closed_no_action
case_000581,2025-08-15T14:29:27,closed_no_action
case_000582,2025-05-06T18:17:14,closed_no_action
case_000583,2025-06-03T10:19:01,closed_no_action
case_000584,2025-09-29T14:57:17,closed_no_action
case_000585,2025-08-28T16:52:46,closed_no_action
case_000586,2025-04-07T16:54:19,closed_no_action
case_000587,2025-07-03T13:05:43,closed_no_action
case_000588,2025-04-04T13:38:03,closed_no_action
case_000589,2025-12-19T17:33:10,closed_no_action
case_000590,2025-08-07T14:00:51,closed_no_action
case_000591,2025-01-29T14:58:35,closed_no_action
case_000592,2025-11-28T12:36:11,closed_no_action
case_000593,2025-10-20T11:39:38,closed_no_action
case_000594,2025-12-03T13:49:27,closed_no_action
case_000595,2025-09-08T12:28:10,closed_no_action
case_000596,2025-11-24T13:14:13,closed_no_action
case_000597,2025-11-08T09:15:49,closed_no_action
case_000598,2025-06-20T10:08:49,closed_no_action
case_000599,2025-10-02T13:01:05,closed_no_action
case_000600,2025-08-11T14:17:10,closed_no_action
case_000601,2025-07-02T17:12:45,closed_no_action
case_000602,2025-02-21T15:19:21,closed_no_action
case_000603,2025-05-12T11:11:56,closed_no_action
case_000604,2025-11-24T11:45:07,closed_no_action
case_000605,2025-05-01T14:31:03,closed_no_action
case_000606,2025-06-30T11:02:16,closed_no_action
case_000607,2025-02-10T10:10:32,closed_no_action
case_000608,2025-12-15T10:18:05,closed_no_action
case_000609,2025-07-28T14:54:44,closed_no_action
case_000610,2025-09-25T10:50:55,closed_no_action
case_000611,2025-11-25T09:50:08,closed_no_action
case_000612,2025-08-26T11:50:32,closed_no_action
case_000613,2025-08-13T18:47:20,closed_no_action
case_000614,2025-06-07T15:36:44,closed_no_action
case_000615,2025-06-09T10:43:04,closed_no_action
case_000616,2025-11-05T16:16:48,closed_no_action
case_000617,2025-02-07T16:13:46,closed_no_action
case_000618,2025-03-10T12:26:59,closed_no_action
case_000619,2025-08-16T14:41:12,closed_no_action
case_000620,2025-03-19T16:01:24,closed_no_action
case_000621,2025-12-01T10:24:45,closed_no_action
case_000622,2025-03-26T18:43:36,closed_no_action
case_000623,2025-04-10T18:15:35,closed_no_action
case_000624,2025-02-05T12:09:04,closed_no_action
case_000625,2025-07-22T14:20:14,closed_no_action
case_000626,2025-11-11T18:51:07,closed_no_action
case_000627,2025-04-21T15:27:37,closed_no_action
case_000628,2025-12-03T13:16:46,closed_no_action
case_000629,2025-06-29T16:42:17,closed_no_action
case_000630,2025-09-02T17:00:49,closed_no_action
case_000631,2025-02-04T12:54:27,closed_no_action
case_000632,2025-02-03T12:34:51,closed_no_action
case_000633,2025-06-13T13:25:08,closed_no_action
case_000634,2025-05-06T11:32:02,closed_no_action
case_000635,2025-09-23T17:11:01,closed_no_action
case_000636,2025-02-21T10:13:31,closed_no_action
case_000637,2025-11-19T15:06:45,closed_no_action
case_000638,2025-09-18T11:53:44,closed_no_action
case_000639,2025-07-10T15:38:19,closed_no_action
case_000640,2025-03-31T14:34:43,closed_no_action
case_000641,2025-08-08T17:19:37,closed_no_action
case_000642,2025-07-22T14:39:27,closed_no_action
case_000643,2025-03-05T10:33:54,closed_no_action
case_000644,2025-08-15T12:38:43,closed_no_action
case_000645,2025-06-03T17:20:40,closed_no_action
case_000646,2025-11-17T15:44:32,closed_no_action
case_000647,2025-05-29T12:14:15,closed_no_action
case_000648,2025-08-08T15:18:34,closed_no_action
case_000649,2025-07-02T12:38:06,closed_no_action
case_000650,2025-11-09T18:24:39,closed_no_action
case_000651,2025-01-30T17:10:31,closed_no_action
case_000652,2025-11-18T11:37:39,closed_no_action
case_000653,2025-07-02T18:46:40,closed_no_action
case_000654,2025-09-30T16:59:49,closed_no_action
case_000655,2025-05-12T11:57:01,closed_no_action
case_000656,2025-06-10T18:10:15,closed_no_action
case_000657,2025-08-18T16:36:25,closed_no_action
case_000658,2025-11-10T13:43:39,closed_no_action
case_000659,2025-09-29T14:43:53,closed_no_action
case_000660,2025-05-20T09:29:28,closed_no_action
case_000661,2025-02-24T11:48:53,closed_no_action
case_000662,2025-12-08T14:25:07,closed_no_action
case_000663,2025-01-01T17:22:06,closed_no_action
case_000664,2025-11-10T09:53:04,closed_no_action
case_000665,2025-04-17T13:13:44,closed_no_action
case_000666,2025-07-22T09:42:56,closed_no_action
case_000667,2025-06-30T13:07:32,closed_no_action
case_000668,2025-01-01T16:07:23,closed_no_action
case_000669,2025-03-10T16:51:23,closed_no_action
case_000670,2025-02-25T17:31:40,closed_no_action
case_000671,2025-09-22T17:14:50,closed_no_action
case_000672,2025-05-23T16:30:24,closed_no_action
case_000673,2025-01-06T17:09:33,closed_no_action
case_000674,2025-05-15T12:38:05,closed_no_action
case_000675,2025-09-25T15:49:37,closed_no_action
case_000676,2025-04-05T13:31:44,closed_no_action
case_000677,2025-07-07T13:11:43,closed_no_action
case_000678,2025-03-24T15:46:02,closed_no_action
case_000679,2025-06-16T15:59:00,closed_no_action
case_000680,2025-03-20T16:56:38,closed_no_action
case_000681,2025-06-24T17:45:54,closed_no_action
case_000682,2025-09-10T10:53:44,closed_no_action
case_000683,2025-12-16T16:16:07,closed_no_action
case_000684,2025-09-16T12:10:14,closed_no_action
case_000685,2025-06-18T17:53:45,closed_no_action
case_000686,2025-12-09T14:43:10,closed_no_action
case_000687,2025-11-17T11:20:45,closed_no_action
case_000688,2025-05-26T12:10:59,closed_no_action
case_000689,2025-05-16T09:00:39,closed_no_action
case_000690,2025-08-08T15:50:59,closed_no_action
case_000691,2025-10-27T11:14:13,closed_no_action
case_000692,2025-04-24T16:32:58,closed_no_action
case_000693,2025-06-19T16:07:57,closed_no_action
case_000694,2025-11-03T17:22:50,closed_no_action
case_000695,2025-06-18T09:39:21,closed_no_action
case_000696,2025-02-03T15:00:07,closed_no_action
case_000697,2025-01-09T13:05:43,closed_no_action
case_000698,2025-08-20T12:42:19,closed_no_action
case_000699,2025-06-02T17:17:12,closed_no_action
case_000700,2025-10-28T15:21:46,closed_no_action
case_000701,2025-04-14T15:15:33,closed_no_action
case_000702,2025-08-08T18:49:25,closed_no_action
case_000703,2025-09-08T18:58:23,closed_no_action
case_000704,2025-05-28T15:41:16,closed_no_action
case_000705,2025-03-14T11:53:06,closed_no_action
case_000706,2025-06-09T10:54:27,closed_no_action
case_000707,2025-05-09T13:40:51,closed_no_action
case_000708,2025-05-31T10:04:17,closed_no_action
case_000709,2025-05-20T10:48:40,closed_no_action
case_000710,2025-06-23T15:38:15,closed_no_action
case_000711,2025-11-21T13:34:42,closed_no_action
case_000712,2025-02-03T10:58:25,closed_no_action
case_000713,2025-06-13T15:33:01,closed_no_action
case_000714,2025-06-10T13:24:47,closed_no_action
case_000715,2025-09-29T15:49:18,closed_no_action
case_000716,2025-05-05T17:23:26,closed_no_action
case_000717,2025-11-11T10:55:24,closed_no_action
case_000718,2025-01-09T09:43:15,closed_no_action
case_000719,2025-02-03T12:48:56,closed_no_action
case_000720,2025-03-24T17:46:14,closed_no_action
case_000721,2025-02-17T12:46:09,closed_no_action
case_000722,2025-05-13T13:58:06,closed_no_action
case_000723,2025-01-27T17:05:21,closed_no_action
case_000724,2025-09-23T18:39:19,closed_no_action
case_000725,2025-10-21T18:55:37,closed_no_action
case_000726,2025-06-09T15:43:15,closed_no_action
case_000727,2025-05-19T09:35:32,closed_no_action
case_000728,2025-07-04T13:45:40,closed_no_action
case_000729,2025-10-09T15:23:59,closed_no_action
case_000730,2025-07-14T09:58:27,closed_no_action
case_000731,2025-08-07T10:05:34,closed_no_action
case_000732,2025-03-10T16:43:45,closed_no_action
case_000733,2025-11-24T12:37:44,closed_no_action
case_000734,2025-01-27T10:31:41,closed_no_action
case_000735,2025-11-17T18:55:03,closed_no_action
case_000736,2025-08-07T14:25:56,closed_no_action
case_000737,2025-09-26T09:25:11,closed_no_action
case_000738,2025-08-05T09:33:20,closed_no_action
case_000739,2025-05-16T12:44:28,closed_no_action
case_000740,2025-02-10T18:07:18,closed_no_action
case_000741,2025-11-10T10:54:07,closed_no_action
case_000742,2025-04-24T09:41:12,closed_no_action
case_000743,2025-10-27T13:04:28,closed_no_action
case_000744,2025-02-26T15:50:15,closed_no_action
case_000745,2025-06-18T12:43:02,closed_no_action
case_000746,2025-03-28T14:45:15,closed_no_action
case_000747,2025-08-28T16:35:36,closed_no_action
case_000748,2025-01-20T13:18:31,closed_no_action
case_000749,2025-08-18T11:12:40,closed_no_action
case_000750,2025-11-10T16:23:03,closed_no_action
case_000751,2025-03-18T18:58:17,closed_no_action
case_000752,2025-11-03T12:52:50,closed_no_action
case_000753,2025-01-01T13:44:41,closed_no_action
case_000754,2025-03-31T13:12:54,closed_no_action
case_000755,2025-12-09T10:21:09,closed_no_action
case_000756,2025-03-07T13:23:54,closed_no_action
case_000757,2025-09-29T09:41:36,closed_no_action
case_000758,2025-11-03T16:52:49,closed_no_action
case_000759,2025-07-14T10:03:13,closed_no_action
case_000760,2025-01-09T09:41:24,closed_no_action
case_000761,2025-01-08T16:25:41,closed_no_action
case_000762,2025-11-10T16:59:49,closed_no_action
case_000763,2025-11-06T16:53:45,closed_no_action
case_000764,2025-11-25T11:55:13,closed_no_action
case_000765,2025-04-10T09:41:29,closed_no_action
case_000766,2025-08-22T18:58:36,closed_no_action
case_000767,2025-04-02T12:50:53,closed_no_action
case_000768,2025-06-27T17:24:13,closed_no_action
case_000769,2025-09-29T17:50:13,closed_no_action
case_000770,2025-12-09T16:23:12,closed_no_action
case_000771,2025-12-25T16:04:17,closed_no_action
case_000772,2025-08-27T11:07:34,closed_no_action
case_000773,2025-06-26T15:48:44,closed_no_action
case_000774,2025-06-12T14:32:59,closed_no_action
case_000775,2025-01-27T17:59:44,closed_no_action
case_000776,2025-07-16T14:35:01,closed_no_action
case_000777,2025-05-24T17:42:07,closed_no_action
case_000778,2025-09-02T11:58:19,closed_no_action
case_000779,2025-06-27T11:42:24,closed_no_action
case_000780,2025-01-07T12:33:43,closed_no_action
case_000781,2025-07-30T12:25:50,closed_no_action
case_000782,2025-06-18T13:38:46,closed_no_action
case_000783,2025-10-01T11:56:39,closed_no_action
case_000784,2025-07-03T14:56:32,closed_no_action
case_000785,2025-10-27T11:05:44,closed_no_action
case_000786,2025-12-24T12:17:21,closed_no_action
case_000787,2025-12-09T10:58:16,closed_no_action
case_000788,2025-12-12T12:05:42,closed_no_action
case_000789,2025-07-08T13:18:49,closed_no_action
case_000790,2025-11-06T13:25:18,closed_no_action
case_000791,2025-03-17T11:09:50,closed_no_action
case_000792,2025-03-11T17:55:35,closed_no_action
case_000793,2025-10-13T18:32:41,closed_no_action
case_000794,2025-06-30T11:14:19,closed_no_action
case_000795,2025-03-18T12:33:46,closed_no_action
case_000796,2025-03-31T12:52:43,closed_no_action
case_000797,2025-04-21T14:35:54,closed_no_action
case_000798,2025-09-25T09:26:47,closed_no_action
case_000799,2025-12-08T18:33:55,closed_no_action
case_000800,2025-03-17T09:52:10,closed_no_action
case_000801,2025-07-02T09:49:10,closed_no_action
case_000802,2025-06-05T11:25:09,closed_no_action
case_000803,2025-04-16T11:38:07,closed_no_action
case_000804,2025-01-29T11:03:18,closed_no_action
case_000805,2025-08-29T14:37:57,closed_no_action
case_000806,2025-11-26T16:22:08,closed_no_action
case_000807,2025-06-16T11:33:21,closed_no_action
case_000808,2025-12-26T12:57:22,closed_no_action
case_000809,2025-10-06T09:29:11,closed_no_action
case_000810,2025-05-12T15:21:52,closed_no_action
case_000811,2025-04-24T13:33:03,closed_no_action
case_000812,2025-06-16T16:36:03,closed_no_action
case_000813,2025-03-25T11:22:31,closed_no_action
case_000814,2025-10-20T12:55:18,closed_no_action
case_000815,2025-03-17T15:36:34,closed_no_action
case_000816,2025-09-15T09:48:43,closed_no_action
case_000817,2025-05-02T13:51:47,closed_no_action
case_000818,2025-10-13T10:10:56,closed_no_action
case_000819,2025-05-26T17:54:58,closed_no_action
case_000820,2025-08-10T12:33:24,closed_no_action
case_000821,2025-06-12T15:10:58,closed_no_action
case_000822,2025-01-27T16:40:57,closed_no_action
case_000823,2025-09-23T16:45:18,closed_no_action
case_000824,2025-08-07T12:08:04,closed_no_action
case_000825,2025-03-17T16:05:26,closed_no_action
case_000826,2025-12-11T14:22:23,closed_no_action
case_000827,2025-09-18T10:46:10,closed_no_action
case_000828,2025-05-28T18:51:52,closed_no_action
case_000829,2025-12-08T17:00:49,closed_no_action
case_000830,2025-06-30T09:32:25,closed_no_action
case_000831,2025-04-01T13:36:47,closed_no_action
case_000832,2025-01-06T10:59:10,closed_no_action
case_000833,2025-08-01T13:23:29,closed_no_action
case_000834,2025-11-14T09:34:23,closed_no_action
case_000835,2025-12-10T11:43:41,closed_no_action
case_000836,2025-01-21T09:05:21,closed_no_action
case_000837,2025-07-28T17:15:27,closed_no_action
case_000838,2025-07-25T12:49:41,closed_no_action
case_000839,2025-02-07T13:51:02,closed_no_action
case_000840,2025-12-13T11:04:15,closed_no_action
case_000841,2025-11-04T16:46:29,closed_no_action
case_000842,2025-10-27T18:55:09,closed_no_action
case_000843,2025-03-19T18:14:06,closed_no_action
case_000844,2025-11-28T12:11:51,closed_no_action
case_000845,2025-11-14T10:23:01,closed_no_action
case_000846,2025-11-26T10:02:25,closed_no_action
case_000847,2025-12-18T14:34:48,closed_no_action
case_000848,2025-10-27T13:58:12,closed_no_action
case_000849,2025-07-14T17:55:50,closed_no_action
case_000850,2025-06-10T09:40:47,closed_no_action
case_000851,2025-02-26T09:46:43,closed_no_action
case_000852,2025-12-15T09:28:20,closed_no_action
case_000853,2025-07-18T10:46:39,closed_no_action
case_000854,2025-12-19T13:34:16,closed_no_action
case_000855,2025-07-05T11:44:46,closed_no_action
case_000856,2025-05-08T14:29:29,closed_no_action
case_000857,2025-09-24T17:40:04,closed_no_action
case_000858,2025-04-10T16:41:12,closed_no_action
case_000859,2025-04-21T15:19:15,closed_no_action
case_000860,2025-05-02T15:52:40,closed_no_action
case_000861,2025-10-08T16:03:29,closed_no_action
case_000862,2025-10-10T11:38:23,closed_no_action
case_000863,2025-03-17T14:05:23,closed_no_action
case_000864,2025-04-12T12:00:56,closed_no_action
case_000865,2025-08-19T16:50:18,closed_no_action
case_000866,2025-04-09T18:46:06,closed_no_action
case_000867,2025-03-17T15:19:14,closed_no_action
case_000868,2025-11-12T10:51:55,closed_no_action
case_000869,2025-06-02T12:11:42,closed_no_action
case_000870,2025-12-01T12:22:02,closed_no_action
case_000871,2025-10-08T18:55:15,closed_no_action
case_000872,2025-01-13T09:49:02,closed_no_action
case_000873,2025-07-09T14:20:46,closed_no_action
case_000874,2025-05-02T10:40:00,closed_no_action
case_000875,2025-03-24T13:33:54,closed_no_action
case_000876,2025-02-07T14:32:36,closed_no_action
case_000877,2025-04-14T09:04:46,closed_no_action
case_000878,2025-04-07T09:55:35,closed_no_action
case_000879,2025-12-08T11:21:06,closed_no_action
case_000880,2025-07-11T15:18:32,closed_no_action
case_000881,2025-10-20T13:27:28,closed_no_action
case_000882,2025-07-03T15:20:16,closed_no_action
case_000883,2025-05-08T17:44:24,closed_no_action
case_000884,2025-05-19T10:17:07,closed_no_action
case_000885,2025-10-06T16:17:46,closed_no_action
case_000886,2025-08-18T13:13:18,closed_no_action
case_000887,2025-08-15T17:42:42,closed_no_action
case_000888,2025-07-04T10:14:47,closed_no_action
case_000889,2025-02-10T10:23:21,closed_no_action
case_000890,2025-11-13T15:47:17,closed_no_action
case_000891,2025-02-20T09:50:13,closed_no_action
case_000892,2025-07-28T16:32:14,closed_no_action
case_000893,2025-04-08T16:05:20,closed_no_action
case_000894,2025-04-05T16:51:27,closed_no_action
case_000895,2025-12-31T09:43:29,closed_no_action
case_000896,2025-07-07T14:27:22,closed_no_action
case_000897,2025-09-24T13:22:10,closed_no_action
case_000898,2025-06-27T14:09:35,closed_no_action
case_000899,2025-06-04T18:50:20,closed_no_action
case_000900,2025-03-13T14:20:16,closed_no_action
case_000901,2025-12-04T11:47:58,closed_no_action
case_000902,2025-07-03T09:15:09,closed_no_action
case_000903,2025-11-07T13:23:59,closed_no_action
case_000904,2025-02-04T11:36:24,closed_no_action
case_000905,2025-03-18T11:47:51,closed_no_action
case_000906,2025-02-17T13:28:02,closed_no_action
case_000907,2025-07-16T10:20:51,closed_no_action
case_000908,2025-01-28T12:19:57,closed_no_action
case_000909,2025-07-21T14:25:25,closed_no_action
case_000910,2025-10-23T13:36:29,closed_no_action
case_000911,2025-07-30T12:19:52,closed_no_action
case_000912,2025-07-28T14:13:30,closed_no_action
case_000913,2025-04-28T15:55:03,closed_no_action
case_000914,2025-02-24T18:20:33,closed_no_action
case_000915,2025-10-20T09:28:08,closed_no_action
case_000916,2025-09-22T13:47:38,closed_no_action
case_000917,2025-03-13T13:43:14,closed_no_action
case_000918,2025-05-12T12:19:50,closed_no_action
case_000919,2025-01-24T12:49:06,closed_no_action
case_000920,2025-04-09T12:45:43,closed_no_action
case_000921,2025-10-27T09:25:48,closed_no_action
case_000922,2025-10-13T12:32:43,closed_no_action
case_000923,2025-03-13T10:05:13,closed_no_action
case_000924,2025-07-07T15:11:35,closed_no_action
case_000925,2025-08-29T18:55:17,closed_no_action
case_000926,2025-07-21T14:33:34,closed_no_action
case_000927,2025-03-24T14:59:51,closed_no_action
case_000928,2025-06-16T09:04:17,closed_no_action
case_000929,2025-03-17T15:32:59,closed_no_action
case_000930,2025-06-23T18:06:05,closed_no_action
case_000931,2025-05-30T14:55:04,closed_no_action
case_000932,2025-06-20T12:35:06,closed_no_action
case_000933,2025-01-02T15:18:43,closed_no_action
case_000934,2025-03-13T11:50:50,closed_no_action
case_000935,2025-10-28T11:01:10,closed_no_action
case_000936,2025-01-06T18:32:17,closed_no_action
case_000937,2026-01-01T17:18:09,closed_no_action
case_000938,2025-07-21T16:00:08,closed_no_action
case_000939,2025-08-25T11:49:05,closed_no_action
case_000940,2025-02-28T12:03:49,closed_no_action
case_000941,2025-07-02T15:18:55,closed_no_action
case_000942,2025-02-24T10:42:45,closed_no_action
case_000943,2025-06-23T14:13:54,closed_no_action
case_000944,2025-03-10T12:38:37,closed_no_action
case_000945,2025-07-02T10:54:26,closed_no_action
case_000946,2025-04-14T10:38:26,closed_no_action
case_000947,2025-01-03T11:06:29,closed_no_action
case_000948,2025-10-13T09:41:34,closed_no_action
case_000949,2025-04-04T17:21:58,closed_no_action
case_000950,2025-12-23T17:16:52,closed_no_action
case_000951,2025-03-03T12:19:34,closed_no_action
case_000952,2025-07-21T16:34:32,closed_no_action
case_000953,2025-10-26T09:12:25,closed_no_action
case_000954,2025-11-05T16:36:31,closed_no_action
case_000955,2025-08-07T10:42:45,closed_no_action
case_000956,2025-10-21T17:03:12,closed_no_action
case_000957,2025-02-20T13:46:39,closed_no_action
case_000958,2025-07-29T17:39:45,closed_no_action
case_000959,2025-03-12T16:19:26,closed_no_action
case_000960,2025-02-10T12:10:31,closed_no_action
case_000961,2025-11-28T10:29:07,closed_no_action
case_000962,2025-05-08T12:11:56,closed_no_action
case_000963,2025-02-11T16:59:11,closed_no_action
case_000964,2025-07-17T11:41:42,closed_no_action
case_000965,2025-12-22T10:34:12,closed_no_action
case_000966,2025-11-17T13:58:14,closed_no_action
case_000967,2025-04-28T17:05:02,closed_no_action
case_000968,2025-02-10T17:17:49,closed_no_action
case_000969,2025-05-12T15:32:36,closed_no_action
case_000970,2025-02-26T15:13:51,closed_no_action
case_000971,2025-06-18T13:41:04,closed_no_action
case_000972,2025-10-13T15:28:02,closed_no_action
case_000973,2025-03-17T17:17:15,closed_no_action
case_000974,2025-07-29T09:50:24,closed_no_action
case_000975,2025-02-10T18:11:32,closed_no_action
case_000976,2025-02-10T12:07:45,closed_no_action
case_000977,2025-08-18T18:41:34,closed_no_action
case_000978,2025-02-14T17:53:54,closed_no_action
case_000979,2025-10-20T17:42:46,closed_no_action
case_000980,2025-06-26T11:25:02,closed_no_action
case_000981,2025-03-24T13:55:31,closed_no_action
case_000982,2025-04-04T11:55:21,closed_no_action
case_000983,2025-07-21T13:20:52,closed_no_action
case_000984,2025-03-31T10:20:44,closed_no_action
case_000985,2025-07-16T13:14:17,closed_no_action
case_000986,2025-07-08T10:54:54,closed_no_action
case_000987,2025-08-18T09:47:38,closed_no_action
case_000988,2025-12-23T15:00:13,closed_no_action
case_000989,2025-10-12T09:06:57,closed_no_action
case_000990,2025-06-02T11:10:00,closed_no_action
case_000991,2025-08-04T17:39:03,closed_no_action
case_000992,2025-06-09T10:30:46,closed_no_action
case_000993,2025-11-17T17:13:49,closed_no_action
case_000994,2025-07-14T11:10:30,closed_no_action
case_000995,2025-08-18T13:55:40,closed_no_action
case_000996,2025-01-30T13:16:13,closed_no_action
case_000997,2025-05-21T17:16:08,closed_no_action
case_000998,2025-03-16T18:46:47,closed_no_action
case_000999,2025-07-29T14:17:25,closed_no_action
case_001000,2025-07-21T16:08:55,closed_no_action
case_001001,2025-03-04T16:09:51,closed_no_action
case_001002,2025-03-20T12:53:59,closed_no_action
case_001003,2025-07-30T11:05:02,closed_no_action
case_001004,2025-12-26T14:16:27,closed_no_action
case_001005,2025-01-13T13:37:22,closed_no_action
case_001006,2025-05-14T09:40:54,closed_no_action
case_001007,2025-02-18T16:31:34,closed_no_action
case_001008,2025-01-27T18:11:19,closed_no_action
case_001009,2025-01-30T13:39:00,closed_no_action
case_001010,2025-12-09T13:44:18,closed_no_action
case_001011,2025-01-27T18:16:56,closed_no_action
case_001012,2025-09-15T16:46:02,closed_no_action
case_001013,2025-07-27T10:13:26,closed_no_action
case_001014,2025-07-31T17:07:47,closed_no_action
case_001015,2025-12-24T10:46:52,closed_no_action
case_001016,2025-12-04T18:21:34,closed_no_action
case_001017,2025-03-17T18:25:20,closed_no_action
case_001018,2025-10-03T12:04:36,closed_no_action
case_001019,2025-09-23T11:11:20,closed_no_action
case_001020,2025-08-18T14:22:28,closed_no_action
case_001021,2025-03-24T15:22:50,closed_no_action
case_001022,2025-03-31T17:19:04,closed_no_action
case_001023,2025-04-21T16:08:16,closed_no_action
case_001024,2025-08-11T10:13:27,closed_no_action
case_001025,2025-04-21T16:08:51,closed_no_action
case_001026,2025-08-29T11:38:14,closed_no_action
case_001027,2025-02-24T17:22:56,closed_no_action
case_001028,2025-12-25T13:02:03,closed_no_action
case_001029,2025-07-28T13:33:37,closed_no_action
case_001030,2025-05-23T17:46:17,closed_no_action
case_001031,2025-08-18T12:09:41,closed_no_action
case_001032,2025-01-20T17:26:34,closed_no_action
case_001033,2025-08-25T18:10:56,closed_no_action
case_001034,2025-07-01T16:55:27,closed_no_action
case_001035,2025-08-18T18:14:54,closed_no_action
case_001036,2025-08-13T10:23:48,closed_no_action
case_001037,2025-03-27T15:34:53,closed_no_action
case_001038,2025-06-09T09:46:05,closed_no_action
case_001039,2025-12-10T13:05:56,closed_no_action
case_001040,2025-01-29T16:06:11,closed_no_action
case_001041,2025-02-11T13:20:28,closed_no_action
case_001042,2025-01-20T15:16:49,closed_no_action
case_001043,2025-10-23T16:00:06,closed_no_action
case_001044,2025-06-11T12:34:31,closed_no_action
case_001045,2025-05-07T15:17:08,closed_no_action
case_001046,2025-07-28T12:59:35,closed_no_action
case_001047,2025-04-01T18:17:38,closed_no_action
case_001048,2025-05-09T12:24:02,closed_no_action
case_001049,2025-02-20T15:11:23,closed_no_action
case_001050,2025-04-21T11:03:15,closed_no_action
case_001051,2025-01-24T14:52:44,closed_no_action
case_001052,2025-01-03T12:36:06,closed_no_action
case_001053,2025-08-04T15:55:24,closed_no_action
case_001054,2025-07-08T10:16:29,closed_no_action
case_001055,2025-07-06T16:29:41,closed_no_action
case_001056,2025-06-23T17:44:44,closed_no_action
case_001057,2025-02-24T16:22:46,closed_no_action
case_001058,2025-06-24T15:25:38,closed_no_action
case_001059,2025-07-17T15:26:32,closed_no_action
case_001060,2025-01-10T13:42:47,closed_no_action
case_001061,2025-11-16T17:34:40,closed_no_action
case_001062,2025-10-06T10:53:24,closed_no_action
case_001063,2025-05-22T17:45:02,closed_no_action
case_001064,2025-11-17T18:48:20,closed_no_action
case_001065,2025-07-07T11:19:23,closed_no_action
case_001066,2025-05-12T18:38:42,closed_no_action
case_001067,2025-08-22T18:27:40,closed_no_action
case_001068,2025-11-05T12:46:45,closed_no_action
case_001069,2025-03-12T16:03:02,closed_no_action
case_001070,2025-03-20T10:26:26,closed_no_action
case_001071,2025-02-24T14:47:14,closed_no_action
case_001072,2025-01-16T10:47:44,closed_no_action
case_001073,2025-07-28T15:05:06,closed_no_action
case_001074,2025-12-16T11:31:18,closed_no_action
case_001075,2025-01-08T14:07:51,closed_no_action
case_001076,2025-12-08T10:55:51,closed_no_action
case_001077,2025-03-10T10:24:23,closed_no_action
case_001078,2025-11-20T13:25:02,closed_no_action
case_001079,2025-06-30T15:13:54,closed_no_action
case_001080,2025-09-18T11:01:17,closed_no_action
case_001081,2025-06-10T09:14:39,closed_no_action
case_001082,2025-03-04T11:40:01,closed_no_action
case_001083,2025-02-03T16:48:36,closed_no_action
case_001084,2025-01-30T15:56:49,closed_no_action
case_001085,2025-04-21T17:45:33,closed_no_action
case_001086,2025-10-07T14:38:13,closed_no_action
case_001087,2025-05-30T13:58:35,closed_no_action
case_001088,2025-06-30T16:12:30,closed_no_action
case_001089,2025-02-24T12:40:53,closed_no_action
case_001090,2025-09-17T14:56:14,closed_no_action
case_001091,2025-12-29T09:12:05,closed_no_action
case_001092,2025-01-08T13:49:17,closed_no_action
case_001093,2025-03-09T09:07:58,closed_no_action
case_001094,2025-03-06T17:16:13,closed_no_action
case_001095,2025-08-20T18:17:13,closed_no_action
case_001096,2025-07-02T17:20:16,closed_no_action
case_001097,2025-07-11T11:51:05,closed_no_action
case_001098,2025-04-14T17:12:23,closed_no_action
case_001099,2025-06-09T10:59:18,closed_no_action
case_001100,2025-07-07T13:19:26,closed_no_action
case_001101,2025-10-13T18:23:20,closed_no_action
case_001102,2025-09-29T12:43:22,closed_no_action
case_001103,2025-08-04T12:14:51,closed_no_action
case_001104,2025-02-17T12:16:34,closed_no_action
case_001105,2025-09-19T09:08:52,closed_no_action
case_001106,2025-01-17T17:49:07,closed_no_action
case_001107,2025-10-13T09:49:43,closed_no_action
case_001108,2025-05-20T13:57:55,closed_no_action
case_001109,2025-09-22T15:55:45,closed_no_action
case_001110,2025-07-14T15:42:39,closed_no_action
case_001111,2025-08-05T11:21:04,closed_no_action
case_001112,2025-05-05T09:58:52,closed_no_action
case_001113,2025-03-10T16:09:52,closed_no_action
case_001114,2025-09-08T16:36:39,closed_no_action
case_001115,2025-08-05T09:40:47,closed_no_action
case_001116,2025-08-20T17:40:00,closed_no_action
case_001117,2025-08-04T14:31:27,closed_no_action
case_001118,2025-08-29T14:22:21,closed_no_action
case_001119,2025-12-29T18:21:10,closed_no_action
case_001120,2025-04-01T13:38:17,closed_no_action
case_001121,2025-11-17T09:24:37,closed_no_action
case_001122,2025-09-28T11:08:49,closed_no_action
case_001123,2025-01-16T18:23:43,closed_no_action
case_001124,2025-10-09T18:53:05,closed_no_action
case_001125,2025-12-17T10:41:58,closed_no_action
case_001126,2025-02-24T17:36:24,closed_no_action
case_001127,2025-08-11T11:21:45,closed_no_action
case_001128,2025-04-30T11:06:20,closed_no_action
case_001129,2025-12-05T13:29:46,closed_no_action
case_001130,2025-01-24T09:18:37,closed_no_action
case_001131,2025-04-20T13:04:05,closed_no_action
case_001132,2025-10-27T18:34:00,closed_no_action
case_001133,2025-07-25T16:01:46,closed_no_action
case_001134,2025-07-18T15:18:34,closed_no_action
case_001135,2025-05-23T15:08:55,closed_no_action
case_001136,2025-04-21T18:31:12,closed_no_action
case_001137,2025-03-31T15:32:32,closed_no_action
case_001138,2025-10-30T10:59:48,closed_no_action
case_001139,2025-10-06T15:03:59,closed_no_action
case_001140,2025-09-19T11:42:09,closed_no_action
case_001141,2025-12-15T18:06:02,closed_no_action
case_001142,2025-03-04T12:21:50,closed_no_action
case_001143,2025-08-20T12:42:57,closed_no_action
case_001144,2025-08-26T12:36:39,closed_no_action
case_001145,2025-03-12T17:10:30,closed_no_action
case_001146,2025-10-29T17:58:46,closed_no_action
case_001147,2025-07-14T17:44:59,closed_no_action
case_001148,2025-12-10T10:29:45,closed_no_action
case_001149,2025-05-14T09:33:54,closed_no_action
case_001150,2025-11-19T14:53:16,closed_no_action
case_001151,2025-01-09T11:43:03,closed_no_action
case_001152,2025-10-15T15:39:31,closed_no_action
case_001153,2025-10-02T15:39:37,closed_no_action
case_001154,2025-03-24T12:15:21,closed_no_action
case_001155,2025-03-27T18:42:58,closed_no_action
case_001156,2025-07-08T12:58:37,closed_no_action
case_001157,2025-08-18T12:58:37,closed_no_action
case_001158,2025-06-09T12:09:45,closed_no_action
case_001159,2025-08-07T17:34:27,closed_no_action
case_001160,2025-07-22T12:51:52,closed_no_action
case_001161,2025-07-29T15:47:41,closed_no_action
case_001162,2025-01-13T15:41:10,closed_no_action
case_001163,2025-07-21T12:24:48,closed_no_action
case_001164,2025-12-24T17:16:22,closed_no_action
case_001165,2025-08-06T17:32:36,closed_no_action
case_001166,2025-07-16T14:41:50,closed_no_action
case_001167,2025-08-12T09:54:19,closed_no_action
case_001168,2025-02-14T17:07:18,closed_no_action
case_001169,2025-02-14T13:26:01,closed_no_action
case_001170,2025-09-23T16:43:16,closed_no_action
case_001171,2025-04-30T11:58:26,closed_no_action
case_001172,2025-08-11T15:25:52,closed_no_action
case_001173,2025-09-30T11:48:22,closed_no_action
case_001174,2025-01-08T15:35:26,closed_no_action
case_001175,2025-12-01T12:49:32,closed_no_action
case_001176,2025-02-19T09:10:41,closed_no_action
case_001177,2025-05-27T10:04:04,closed_no_action
case_001178,2025-10-23T14:06:05,closed_no_action
case_001179,2025-03-27T13:02:57,closed_no_action
case_001180,2025-04-28T09:33:53,closed_no_action
case_001181,2025-07-07T14:34:59,closed_no_action
case_001182,2025-12-05T18:35:59,closed_no_action
case_001183,2025-06-24T12:59:35,closed_no_action
case_001184,2025-09-01T14:41:29,closed_no_action
case_001185,2025-07-07T10:10:34,closed_no_action
case_001186,2025-07-15T12:31:23,closed_no_action
case_001187,2025-05-09T09:54:46,closed_no_action
case_001188,2025-02-03T11:30:24,closed_no_action
case_001189,2025-05-16T16:13:41,closed_no_action
case_001190,2025-11-17T16:31:33,closed_no_action
case_001191,2025-10-16T16:49:51,closed_no_action
case_001192,2025-10-16T13:39:47,closed_no_action
case_001193,2025-08-13T16:02:29,closed_no_action
case_001194,2025-11-21T10:30:39,closed_no_action
case_001195,2025-05-06T14:18:43,closed_no_action
case_001196,2025-03-06T10:01:03,closed_no_action
case_001197,2025-11-17T10:40:58,closed_no_action
case_001198,2025-05-07T11:09:46,closed_no_action
case_001199,2025-12-22T15:23:02,closed_no_action
case_001200,2025-01-03T13:06:07,closed_no_action
case_001201,2025-07-04T12:24:37,closed_no_action
case_001202,2025-07-23T17:02:04,closed_no_action
case_001203,2025-10-21T14:34:34,closed_no_action
case_001204,2025-04-14T14:23:05,closed_no_action
case_001205,2025-07-07T13:48:48,closed_no_action
case_001206,2025-07-28T10:49:41,closed_no_action
case_001207,2025-05-05T13:30:58,closed_no_action
case_001208,2025-04-10T18:52:34,closed_no_action
case_001209,2025-07-29T16:03:13,closed_no_action
case_001210,2025-01-14T18:57:12,closed_no_action
case_001211,2025-11-26T10:02:12,closed_no_action
case_001212,2025-09-22T11:38:56,closed_no_action
case_001213,2025-11-19T10:44:39,closed_no_action
case_001214,2025-02-18T16:27:11,closed_no_action
case_001215,2025-03-03T09:35:11,closed_no_action
case_001216,2025-04-16T15:13:35,closed_no_action
case_001217,2025-06-30T13:59:40,closed_no_action
case_001218,2025-05-23T16:52:55,closed_no_action
case_001219,2025-01-08T09:17:28,closed_no_action
case_001220,2025-01-13T13:38:44,closed_no_action
case_001221,2025-08-14T13:03:15,closed_no_action
case_001222,2025-02-03T16:08:29,closed_no_action
case_001223,2025-08-15T14:16:29,closed_no_action
case_001224,2025-08-11T12:09:14,closed_no_action
case_001225,2025-08-18T17:24:16,closed_no_action
case_001226,2025-02-21T16:01:02,closed_no_action
case_001227,2025-03-10T18:31:16,closed_no_action
case_001228,2025-07-24T14:35:10,closed_no_action
case_001229,2025-12-29T18:29:50,closed_no_action
case_001230,2025-06-12T14:08:58,closed_no_action
case_001231,2025-05-16T14:48:41,closed_no_action
case_001232,2025-10-21T09:27:45,closed_no_action
case_001233,2025-12-04T16:16:49,closed_no_action
case_001234,2025-10-29T10:18:00,closed_no_action
case_001235,2025-01-20T09:50:38,closed_no_action
case_001236,2025-01-08T12:13:26,closed_no_action
case_001237,2025-05-05T09:29:16,closed_no_action
case_001238,2025-01-24T13:49:03,closed_no_action
case_001239,2025-10-10T14:13:30,closed_no_action
case_001240,2025-06-02T09:30:02,closed_no_action
case_001241,2025-02-24T17:53:47,closed_no_action
case_001242,2025-05-27T15:13:00,closed_no_action
case_001243,2025-06-09T12:59:27,closed_no_action
case_001244,2025-07-18T15:45:01,closed_no_action
case_001245,2025-09-12T15:01:31,closed_no_action
case_001246,2025-12-08T14:53:59,closed_no_action
case_001247,2025-05-01T14:24:36,closed_no_action
case_001248,2025-07-17T12:04:24,closed_no_action
case_001249,2025-10-30T15:55:57,closed_no_action
case_001250,2025-06-27T16:31:28,closed_no_action
case_001251,2025-07-18T11:06:27,closed_no_action
case_001252,2025-09-18T13:03:16,closed_no_action
case_001253,2025-08-11T17:31:56,closed_no_action
case_001254,2025-12-12T09:11:13,closed_no_action
case_001255,2025-06-09T13:14:00,closed_no_action
case_001256,2025-11-10T09:41:01,closed_no_action
case_001257,2025-11-07T15:33:18,closed_no_action
case_001258,2025-07-03T09:25:00,closed_no_action
case_001259,2025-05-22T16:36:32,closed_no_action
case_001260,2025-10-20T09:36:52,closed_no_action
case_001261,2025-11-21T10:12:48,closed_no_action
case_001262,2025-04-25T12:50:54,closed_no_action
case_001263,2025-12-11T14:26:05,closed_no_action
case_001264,2025-08-07T17:11:46,closed_no_action
case_001265,2025-08-17T12:27:08,closed_no_action
case_001266,2025-03-14T15:18:19,closed_no_action
case_001267,2025-12-09T11:01:54,closed_no_action
case_001268,2025-12-30T18:16:05,closed_no_action
case_001269,2025-07-28T14:58:06,closed_no_action
case_001270,2025-03-17T11:23:13,closed_no_action
case_001271,2025-06-02T12:39:22,closed_no_action
case_001272,2025-02-19T13:23:28,closed_no_action
case_001273,2025-07-14T13:15:15,closed_no_action
case_001274,2025-07-09T17:31:38,closed_no_action
case_001275,2025-02-21T18:08:08,closed_no_action
case_001276,2025-07-30T14:55:50,closed_no_action
case_001277,2025-09-29T17:38:15,closed_no_action
case_001278,2025-06-30T10:22:59,closed_no_action
case_001279,2025-10-01T14:15:31,closed_no_action
case_001280,2025-11-05T15:01:36,closed_no_action
case_001281,2025-04-07T10:00:52,closed_no_action
case_001282,2025-02-13T12:20:28,closed_no_action
case_001283,2025-11-25T11:54:57,closed_no_action
case_001284,2025-04-27T15:54:35,closed_no_action
case_001285,2025-03-10T17:16:44,closed_no_action
case_001286,2025-06-04T12:37:05,closed_no_action
case_001287,2025-03-09T17:06:41,closed_no_action
case_001288,2025-01-06T11:21:28,closed_no_action
case_001289,2025-01-06T17:14:51,closed_no_action
case_001290,2025-10-20T15:17:28,closed_no_action
case_001291,2025-05-08T10:30:22,closed_no_action
case_001292,2025-05-06T14:54:58,closed_no_action
case_001293,2025-04-28T17:55:25,closed_no_action
case_001294,2025-08-16T11:37:45,closed_no_action
case_001295,2025-10-27T18:01:37,closed_no_action
case_001296,2025-06-23T15:12:43,closed_no_action
case_001297,2025-07-22T11:24:30,closed_no_action
case_001298,2025-05-21T17:57:03,closed_no_action
case_001299,2025-06-05T15:35:00,closed_no_action
case_001300,2025-07-11T12:23:18,closed_no_action
case_001301,2025-04-16T11:50:17,closed_no_action
case_001302,2025-04-21T11:29:53,closed_no_action
case_001303,2025-06-30T11:59:38,closed_no_action
case_001304,2025-01-27T11:53:57,closed_no_action
case_001305,2025-07-28T18:24:37,closed_no_action
case_001306,2025-05-21T09:04:38,closed_no_action
case_001307,2025-01-08T10:11:53,closed_no_action
case_001308,2025-03-20T18:52:20,closed_no_action
case_001309,2025-09-14T09:47:37,closed_no_action
case_001310,2025-05-13T16:08:25,closed_no_action
case_001311,2025-12-03T09:07:01,closed_no_action
case_001312,2025-02-17T15:13:34,closed_no_action
case_001313,2025-01-03T18:21:29,closed_no_action
case_001314,2025-11-12T10:44:36,closed_no_action
case_001315,2025-02-17T18:41:00,closed_no_action
case_001316,2025-03-24T09:02:54,closed_no_action
case_001317,2025-01-28T13:18:27,closed_no_action
case_001318,2025-07-07T12:03:58,closed_no_action
case_001319,2025-05-23T12:29:21,closed_no_action
case_001320,2025-04-07T11:13:42,closed_no_action
case_001321,2025-09-09T12:41:51,closed_no_action
case_001322,2025-10-08T12:32:54,closed_no_action
case_001323,2025-06-30T16:54:41,closed_no_action
case_001324,2025-08-08T15:18:45,closed_no_action
case_001325,2025-03-18T13:59:02,closed_no_action
case_001326,2025-12-11T13:45:02,closed_no_action
case_001327,2025-01-06T11:54:19,closed_no_action
case_001328,2025-10-17T10:35:25,closed_no_action
case_001329,2025-08-11T12:59:15,closed_no_action
case_001330,2025-05-06T13:39:21,closed_no_action
case_001331,2025-11-08T15:06:10,closed_no_action
case_001332,2025-03-14T12:14:35,closed_no_action
case_001333,2025-05-29T10:48:04,closed_no_action
case_001334,2025-12-22T13:18:57,closed_no_action
case_001335,2025-06-02T12:39:17,closed_no_action
case_001336,2025-06-30T13:51:41,closed_no_action
case_001337,2025-09-22T16:12:21,closed_no_action
case_001338,2025-04-07T16:14:07,closed_no_action
case_001339,2025-03-28T18:35:31,closed_no_action
case_001340,2025-11-03T13:57:22,closed_no_action
case_001341,2025-01-08T18:11:11,closed_no_action
case_001342,2025-12-09T15:08:58,closed_no_action
case_001343,2025-07-18T14:08:43,closed_no_action
case_001344,2025-11-27T15:31:33,closed_no_action
case_001345,2025-09-15T18:07:24,closed_no_action
case_001346,2025-09-29T09:43:04,closed_no_action
case_001347,2025-07-21T09:14:18,closed_no_action
case_001348,2025-12-09T11:39:54,closed_no_action
case_001349,2025-04-11T09:30:44,closed_no_action
case_001350,2025-03-10T10:43:15,closed_no_action
case_001351,2025-06-26T10:54:18,closed_no_action
case_001352,2025-11-10T18:54:41,closed_no_action
case_001353,2025-07-10T09:32:37,closed_no_action
case_001354,2025-03-26T09:32:27,closed_no_action
case_001355,2025-05-23T18:53:11,closed_no_action
case_001356,2025-02-17T12:16:53,closed_no_action
case_001357,2025-01-06T15:36:50,closed_no_action
case_001358,2025-04-24T14:26:50,closed_no_action
case_001359,2025-02-17T17:32:54,closed_no_action
case_001360,2025-03-14T12:53:13,closed_no_action
case_001361,2025-01-03T15:03:56,closed_no_action
case_001362,2025-11-17T15:48:26,closed_no_action
case_001363,2025-03-12T14:39:20,closed_no_action
case_001364,2025-06-10T13:24:43,closed_no_action
case_001365,2025-08-20T18:24:41,closed_no_action
case_001366,2025-08-12T10:27:16,closed_no_action
case_001367,2025-06-02T14:53:04,closed_no_action
case_001368,2025-02-11T15:46:49,closed_no_action
case_001369,2025-07-21T14:13:32,closed_no_action
case_001370,2025-10-20T12:57:11,closed_no_action
case_001371,2025-10-30T15:19:05,closed_no_action
case_001372,2025-01-22T12:03:49,closed_no_action
case_001373,2025-05-08T15:18:03,closed_no_action
case_001374,2025-03-03T11:23:13,closed_no_action
case_001375,2025-10-06T16:17:13,closed_no_action
case_001376,2025-10-29T18:16:45,closed_no_action
case_001377,2025-03-31T11:01:17,closed_no_action
case_001378,2025-11-13T12:27:49,closed_no_action
case_001379,2025-09-18T13:10:06,closed_no_action
case_001380,2025-12-18T18:45:57,closed_no_action
case_001381,2025-06-30T11:13:38,closed_no_action
case_001382,2025-10-06T09:31:16,closed_no_action
case_001383,2025-02-03T13:06:58,closed_no_action
case_001384,2025-02-24T10:29:00,closed_no_action
case_001385,2025-12-26T15:05:25,closed_no_action
case_001386,2025-03-11T12:38:28,closed_no_action
case_001387,2025-07-21T10:20:14,closed_no_action
case_001388,2025-09-18T14:48:02,closed_no_action
case_001389,2025-04-19T12:08:19,closed_no_action
case_001390,2025-01-13T15:44:52,closed_no_action
case_001391,2025-02-10T13:49:10,closed_no_action
case_001392,2025-08-10T13:01:48,closed_no_action
case_001393,2025-10-20T13:46:06,closed_no_action
case_001394,2025-02-03T15:06:35,closed_no_action
case_001395,2025-01-30T12:10:07,closed_no_action
case_001396,2025-07-07T15:43:29,closed_no_action
case_001397,2025-08-25T15:21:16,closed_no_action
case_001398,2025-04-28T16:53:33,closed_no_action
case_001399,2025-08-11T12:42:24,closed_no_action
case_001400,2025-05-19T09:47:36,closed_no_action
case_001401,2025-11-26T12:35:46,closed_no_action
case_001402,2025-04-18T09:41:07,closed_no_action
case_001403,2025-05-07T10:43:23,closed_no_action
case_001404,2025-06-09T09:28:21,closed_no_action
case_001405,2025-12-02T17:59:40,closed_no_action
case_001406,2025-09-15T11:49:03,closed_no_action
case_001407,2025-06-05T17:12:10,closed_no_action
case_001408,2025-07-04T11:22:39,closed_no_action
case_001409,2025-10-24T15:51:38,closed_no_action
case_001410,2025-12-03T15:21:04,closed_no_action
case_001411,2025-11-09T01:47:16,resolved_recovery
case_001412,2025-03-03T19:39:57,resolved_recovery
case_001413,2025-01-01T15:11:40,resolved_recovery
case_001414,2025-07-21T22:42:14,resolved_recovery
case_001415,2025-01-03T20:31:00,resolved_recovery
case_001416,2025-07-27T20:37:19,resolved_recovery
case_001417,2025-11-15T08:21:32,resolved_recovery
case_001418,2025-06-14T00:18:18,resolved_recovery
case_001419,2025-05-27T01:52:12,resolved_recovery
case_001420,2025-04-17T03:49:49,resolved_recovery
case_001421,2025-07-31T21:30:01,resolved_recovery
case_001422,2025-07-16T02:04:12,resolved_recovery
case_001423,2025-05-07T06:42:06,resolved_recovery
case_001424,2025-11-03T21:58:42,resolved_recovery
case_001425,2025-08-19T16:54:05,resolved_recovery
case_001426,2025-07-16T10:24:06,resolved_recovery
case_001427,2025-03-05T02:13:18,resolved_recovery
case_001428,2025-07-11T06:35:44,resolved_recovery
case_001429,2025-02-23T06:45:03,resolved_recovery
case_001430,2025-08-23T10:50:23,resolved_recovery
case_001431,2025-07-12T21:22:34,resolved_recovery
case_001432,2025-07-20T08:54:11,resolved_recovery
case_001433,2025-10-30T15:25:01,resolved_recovery
case_001434,2025-03-12T08:05:13,resolved_recovery
case_001435,2025-08-14T13:33:41,resolved_recovery
case_001436,2025-07-06T11:46:42,resolved_recovery
case_001437,2025-07-23T17:37:44,resolved_recovery
case_001438,2025-12-07T21:33:00,resolved_recovery
case_001439,2025-04-03T18:29:02,resolved_recovery
case_001440,2025-01-16T02:47:21,resolved_recovery
case_001441,2025-10-31T01:06:32,resolved_recovery
case_001442,2025-05-15T17:48:57,resolved_recovery
case_001443,2025-08-08T09:23:06,resolved_recovery
case_001444,2025-09-02T19:36:55,resolved_recovery
case_001445,2025-09-24T12:58:51,resolved_recovery
case_001446,2025-09-20T06:22:04,resolved_recovery
case_001447,2025-08-12T00:17:06,resolved_recovery
case_001448,2025-06-25T08:27:28,resolved_recovery
case_001449,2025-08-11T19:33:28,resolved_recovery
case_001450,2025-10-14T09:19:14,resolved_recovery
case_001451,2025-04-10T03:12:08,resolved_recovery
case_001452,2025-05-17T23:50:32,resolved_recovery
case_001453,2025-06-06T07:23:31,resolved_recovery
case_001454,2025-01-08T11:26:03,resolved_recovery
case_001455,2025-05-27T06:39:17,resolved_recovery
case_001456,2025-12-30T11:39:17,resolved_recovery
case_001457,2025-09-28T17:46:04,resolved_recovery
case_001458,2025-08-05T15:23:47,resolved_recovery
case_001459,2025-12-18T18:50:20,resolved_recovery
case_001460,2025-02-02T17:35:12,resolved_recovery
case_001461,2025-05-31T04:43:35,resolved_recovery
case_001462,2025-09-01T21:11:20,resolved_recovery
case_001463,2025-04-19T17:56:30,resolved_recovery
case_001464,2025-08-25T18:23:49,resolved_recovery
case_001465,2025-02-07T02:06:24,resolved_recovery
case_001466,2025-11-24T23:47:02,resolved_recovery
case_001467,2025-05-21T03:34:32,resolved_recovery
case_001468,2025-01-07T05:42:16,resolved_recovery
case_001469,2025-04-05T21:25:37,resolved_recovery
case_001470,2025-02-07T08:38:36,resolved_recovery
case_001471,2025-03-02T16:23:09,resolved_recovery
case_001472,2025-07-22T00:07:07,resolved_recovery
case_001473,2025-08-16T03:33:10,resolved_recovery
case_001474,2025-12-27T20:00:15,resolved_recovery
case_001475,2025-02-26T14:28:11,resolved_recovery
case_001476,2025-05-13T01:06:10,resolved_recovery
case_001477,2025-09-02T00:12:22,resolved_recovery
case_001478,2025-08-07T12:52:15,resolved_recovery
case_001479,2025-12-21T20:39:47,resolved_recovery
case_001480,2025-02-04T11:05:16,resolved_recovery
case_001481,2025-06-15T04:56:49,resolved_recovery
case_001482,2025-08-08T03:08:23,resolved_recovery
case_001483,2025-06-22T12:28:39,resolved_recovery
case_001484,2025-02-25T08:04:40,resolved_recovery
case_001485,2025-02-08T07:45:57,resolved_recovery
case_001486,2025-11-25T02:30:09,resolved_recovery
case_001487,2025-11-13T23:21:01,resolved_recovery
case_001488,2025-05-09T20:50:50,resolved_recovery
case_001489,2025-04-19T09:28:36,resolved_recovery
case_001490,2025-11-16T19:51:33,resolved_recovery
case_001491,2025-01-31T16:08:30,resolved_recovery
case_001492,2025-08-08T04:16:39,resolved_recovery
case_001493,2025-10-19T21:34:11,resolved_recovery
case_001494,2025-08-29T19:28:44,resolved_recovery
case_001495,2025-09-26T17:09:21,resolved_recovery
case_001496,2025-10-22T17:46:56,resolved_recovery
case_001497,2025-11-02T17:14:24,resolved_recovery
case_001498,2025-07-11T19:29:04,resolved_recovery
case_001499,2025-09-21T11:22:12,resolved_recovery
case_001500,2025-12-11T16:48:36,resolved_recovery
case_001501,2025-10-22T20:50:06,resolved_recovery
case_001502,2025-11-09T13:28:44,resolved_recovery
case_001503,2025-02-15T16:57:50,resolved_recovery
case_001504,2025-09-08T23:45:00,resolved_recovery
case_001505,2025-05-20T09:01:22,resolved_recovery
case_001506,2025-09-16T10:14:32,resolved_recovery
case_001507,2025-12-28T17:15:21,resolved_recovery
case_001508,2025-09-25T03:34:13,resolved_recovery
case_001509,2025-06-04T13:24:29,resolved_recovery
case_001510,2025-03-20T22:47:50,resolved_recovery
case_001511,2025-11-26T08:30:27,resolved_recovery
case_001512,2025-01-19T13:48:52,resolved_recovery
case_001513,2025-11-21T01:17:39,resolved_recovery
case_001514,2025-04-02T10:11:01,resolved_recovery
case_001515,2025-06-23T08:35:49,resolved_recovery
case_001516,2025-11-19T21:39:29,resolved_recovery
case_001517,2025-12-21T07:29:22,resolved_recovery
case_001518,2025-09-02T23:34:15,resolved_recovery
case_001519,2025-12-11T21:25:58,resolved_recovery
case_001520,2025-12-16T09:11:10,resolved_recovery
case_001521,2025-04-09T22:03:59,resolved_recovery
case_001522,2025-09-21T19:05:56,resolved_recovery
case_001523,2025-11-10T11:08:57,resolved_recovery
case_001524,2025-04-05T11:35:17,resolved_recovery
case_001525,2025-12-18T22:33:34,resolved_recovery
case_001526,2025-08-12T20:14:23,resolved_recovery
case_001527,2025-01-09T17:00:28,resolved_recovery
case_001528,2025-08-01T19:41:27,resolved_recovery
case_001529,2025-07-09T20:34:50,resolved_recovery
case_001530,2025-07-24T05:54:29,resolved_recovery
case_001531,2025-05-16T04:34:28,resolved_recovery
case_001532,2025-09-12T01:21:38,resolved_recovery
case_001533,2025-06-26T07:15:42,resolved_recovery
case_001534,2025-04-30T18:05:13,resolved_recovery
case_001535,2025-10-15T03:32:24,resolved_recovery
case_001536,2025-10-23T13:44:21,resolved_recovery
case_001537,2025-09-14T12:06:55,resolved_recovery
case_001538,2025-02-01T03:50:06,resolved_recovery
case_001539,2025-04-23T15:50:55,resolved_recovery
case_001540,2025-10-19T20:51:39,resolved_recovery
case_001541,2025-12-08T06:07:55,resolved_recovery
case_001542,2025-05-21T11:18:38,resolved_recovery
case_001543,2025-09-02T09:55:51,resolved_recovery
case_001544,2025-01-02T10:07:06,resolved_recovery
case_001545,2025-09-20T17:38:34,resolved_recovery
case_001546,2025-03-06T11:40:54,resolved_recovery
case_001547,2025-06-12T20:43:59,resolved_recovery
case_001548,2025-12-02T08:23:02,resolved_recovery
case_001549,2025-11-24T08:29:56,resolved_recovery
case_001550,2025-07-08T23:31:18,resolved_recovery
case_001551,2025-10-31T03:43:59,resolved_recovery
case_001552,2025-07-02T09:06:00,resolved_recovery
case_001553,2025-06-12T09:53:43,resolved_recovery
case_001554,2025-11-24T06:35:11,resolved_recovery
case_001555,2025-02-12T19:18:39,resolved_recovery
case_001556,2025-06-24T01:31:56,resolved_recovery
case_001557,2025-05-17T20:38:15,resolved_recovery
case_001558,2025-08-26T15:25:42,resolved_recovery
case_001559,2025-03-09T12:00:36,resolved_recovery
case_001560,2025-11-11T10:21:43,resolved_recovery
case_001561,2025-03-31T14:17:13,resolved_recovery
case_001562,2025-06-16T17:37:50,resolved_recovery
case_001563,2025-07-04T18:23:40,resolved_recovery
case_001564,2025-10-20T05:17:36,resolved_recovery
case_001565,2025-06-14T09:21:25,resolved_recovery
case_001566,2025-11-19T20:09:31,resolved_recovery
case_001567,2025-10-01T04:55:12,resolved_recovery
case_001568,2025-03-28T17:00:11,resolved_recovery
case_001569,2025-05-29T22:09:56,resolved_recovery
case_001570,2025-07-03T21:50:44,resolved_recovery
case_001571,2025-12-08T03:40:53,resolved_recovery
case_001572,2025-09-10T02:24:08,resolved_recovery
case_001573,2025-05-07T19:25:09,resolved_recovery
case_001574,2025-09-09T08:03:14,resolved_recovery
case_001575,2025-11-28T14:15:35,resolved_recovery
case_001576,2025-03-21T23:58:32,resolved_recovery
case_001577,2025-04-24T04:03:33,resolved_recovery
case_001578,2025-01-22T17:16:56,resolved_recovery
case_001579,2025-02-14T01:27:22,resolved_recovery
case_001580,2025-09-30T04:15:57,resolved_recovery
case_001581,2025-01-14T13:53:10,resolved_recovery
case_001582,2025-05-30T22:34:56,resolved_recovery
case_001583,2025-08-30T16:44:43,resolved_recovery
case_001584,2025-07-11T18:48:21,resolved_recovery
case_001585,2025-04-13T15:52:11,resolved_recovery
case_001586,2025-09-27T03:09:21,resolved_recovery
case_001587,2025-02-13T04:41:29,resolved_recovery
case_001588,2025-12-09T09:21:19,resolved_recovery
case_001589,2025-03-16T16:52:33,resolved_recovery
case_001590,2025-03-06T14:55:51,resolved_recovery
case_001591,2025-04-08T23:57:15,resolved_recovery
case_001592,2025-07-05T03:50:03,resolved_recovery
case_001593,2025-08-11T19:34:52,resolved_recovery
case_001594,2025-11-18T01:13:36,resolved_recovery
case_001595,2025-03-13T22:50:50,resolved_recovery
case_001596,2025-11-01T14:18:39,resolved_recovery
case_001597,2025-02-16T09:23:55,resolved_recovery
case_001598,2025-11-16T16:18:08,resolved_recovery
case_001599,2025-02-01T13:33:17,resolved_recovery
case_001600,2025-09-10T08:29:20,resolved_recovery
case_001601,2025-10-05T10:37:52,resolved_recovery
case_001602,2025-03-06T15:16:49,resolved_recovery
case_001603,2025-03-07T22:38:38,resolved_recovery
case_001604,2025-08-06T01:50:27,resolved_recovery
case_001605,2025-05-30T02:39:18,resolved_recovery
case_001606,2025-10-03T16:32:35,resolved_recovery
case_001607,2025-06-09T19:26:23,resolved_recovery
case_001608,2025-06-22T12:10:28,resolved_recovery
case_001609,2025-12-01T06:05:19,resolved_recovery
case_001610,2025-11-02T18:35:22,resolved_recovery
case_001611,2025-04-01T08:18:56,resolved_recovery
case_001612,2025-06-05T02:04:44,resolved_recovery
case_001613,2025-04-13T15:49:09,resolved_recovery
case_001614,2025-12-07T19:46:40,resolved_recovery
case_001615,2025-05-27T16:33:43,resolved_recovery
case_001616,2025-04-02T09:43:40,resolved_recovery
case_001617,2025-06-11T05:15:19,resolved_recovery
case_001618,2025-09-25T19:13:04,resolved_recovery
case_001619,2025-03-03T06:15:31,resolved_recovery
case_001620,2025-10-19T14:42:09,resolved_recovery
case_001621,2025-06-02T10:18:05,resolved_recovery
case_001622,2025-01-29T02:18:30,resolved_recovery
case_001623,2025-06-12T23:47:54,resolved_recovery
case_001624,2025-03-03T01:05:47,resolved_recovery
case_001625,2025-04-05T17:07:25,resolved_recovery
case_001626,2025-07-21T00:34:47,resolved_recovery
case_001627,2025-04-03T10:07:07,resolved_recovery
case_001628,2025-03-07T08:52:00,resolved_recovery
case_001629,2025-05-29T10:09:32,resolved_recovery
case_001630,2025-10-09T17:06:32,resolved_recovery
case_001631,2025-10-03T14:20:01,resolved_recovery
case_001632,2025-03-19T01:20:56,resolved_recovery
case_001633,2025-03-28T23:43:25,resolved_recovery
case_001634,2025-06-15T06:38:58,resolved_recovery
case_001635,2025-01-03T03:25:20,resolved_recovery
case_001636,2025-03-03T23:48:58,resolved_recovery
case_001637,2025-05-01T15:22:12,resolved_recovery
case_001638,2025-06-24T03:49:44,resolved_recovery
case_001639,2025-01-21T09:42:01,resolved_recovery
case_001640,2025-06-18T16:27:49,resolved_recovery
case_001641,2025-09-20T17:37:45,resolved_recovery
case_001642,2025-04-21T16:01:39,resolved_recovery
case_001643,2025-07-01T17:57:48,resolved_recovery
case_001644,2025-12-07T10:03:01,resolved_recovery
case_001645,2025-12-27T14:20:35,resolved_recovery
case_001646,2025-12-20T08:23:36,resolved_recovery
case_001647,2025-08-27T23:36:09,resolved_recovery
case_001648,2025-12-19T09:09:07,resolved_recovery
case_001649,2025-10-02T01:58:31,resolved_recovery
case_001650,2025-09-03T04:57:54,resolved_recovery
case_001651,2025-04-14T20:45:37,resolved_recovery
case_001652,2025-10-14T15:10:58,resolved_recovery
case_001653,2025-11-02T11:11:44,resolved_recovery
case_001654,2025-03-26T05:03:06,resolved_recovery
case_001655,2025-06-06T03:53:24,resolved_recovery
case_001656,2025-07-15T02:04:25,resolved_recovery
case_001657,2025-04-04T07:56:48,resolved_recovery
case_001658,2025-12-26T16:09:06,resolved_recovery
case_001659,2025-01-09T02:44:53,resolved_recovery
case_001660,2025-03-23T02:27:52,resolved_recovery
case_001661,2025-09-12T11:01:18,resolved_recovery
case_001662,2025-09-18T14:26:52,resolved_recovery
case_001663,2025-09-15T08:28:34,resolved_recovery
case_001664,2025-07-05T05:05:13,resolved_recovery
case_001665,2025-08-17T08:35:43,resolved_recovery
case_001666,2025-02-02T16:20:29,resolved_recovery
case_001667,2025-09-06T23:39:32,resolved_recovery
case_001668,2025-09-02T12:10:28,resolved_recovery
case_001669,2025-03-24T17:08:43,resolved_recovery
case_001670,2025-06-19T08:20:26,resolved_recovery
case_001671,2025-01-25T17:22:23,resolved_recovery
case_001672,2025-10-31T09:55:40,resolved_recovery
case_001673,2025-04-29T23:00:54,resolved_recovery
case_001674,2025-05-19T04:41:33,resolved_recovery
case_001675,2025-09-04T08:31:54,resolved_recovery
case_001676,2025-02-20T01:11:18,resolved_recovery
case_001677,2025-05-12T03:16:07,resolved_recovery
case_001678,2025-07-10T15:10:42,resolved_recovery
case_001679,2025-03-14T12:03:24,resolved_recovery
case_001680,2025-07-20T11:31:42,resolved_recovery
case_001681,2025-04-18T00:09:37,resolved_recovery
case_001682,2025-03-13T03:30:12,resolved_recovery
case_001683,2025-06-09T01:39:54,resolved_recovery
case_001684,2025-01-26T07:29:09,resolved_recovery
case_001685,2025-03-23T12:48:37,resolved_recovery
case_001686,2025-03-22T06:44:35,resolved_recovery
case_001687,2025-03-04T02:54:51,resolved_recovery
case_001688,2025-09-21T03:48:41,resolved_recovery
case_001689,2025-04-06T08:19:56,resolved_recovery
case_001690,2025-10-25T03:20:15,resolved_recovery
case_001691,2025-09-25T19:59:30,resolved_recovery
case_001692,2025-06-28T16:52:26,resolved_recovery
case_001693,2025-05-15T22:36:37,resolved_recovery
case_001694,2025-03-20T21:51:19,resolved_recovery
case_001695,2025-07-27T01:30:52,resolved_recovery
case_001696,2025-09-29T17:51:22,resolved_recovery
case_001697,2025-10-24T19:10:15,resolved_recovery
case_001698,2025-07-13T12:58:11,resolved_recovery
case_001699,2025-02-18T11:45:03,resolved_recovery
case_001700,2025-10-29T16:36:42,resolved_recovery
case_001701,2025-09-21T06:45:18,resolved_recovery
case_001702,2025-03-19T04:52:14,resolved_recovery
case_001703,2025-10-17T02:27:25,resolved_recovery
case_001704,2025-09-04T20:20:08,resolved_recovery
case_001705,2025-11-05T21:37:33,resolved_recovery
case_001706,2025-02-14T05:58:58,resolved_recovery
case_001707,2025-04-26T05:46:44,resolved_recovery
case_001708,2025-09-11T07:47:37,resolved_recovery
case_001709,2025-07-31T13:08:43,resolved_recovery
case_001710,2025-03-03T10:59:53,resolved_recovery
case_001711,2025-01-04T05:42:21,resolved_recovery
case_001712,2025-04-11T08:27:31,resolved_recovery
case_001713,2025-12-27T13:09:26,resolved_recovery
case_001714,2025-03-03T08:00:04,resolved_recovery
case_001715,2025-03-10T10:18:40,resolved_recovery
case_001716,2025-02-15T18:49:53,resolved_recovery
case_001717,2025-08-23T13:36:31,resolved_recovery
case_001718,2025-12-01T14:04:48,resolved_recovery
case_001719,2025-05-14T03:29:08,resolved_recovery
case_001720,2025-12-14T05:50:06,resolved_recovery
case_001721,2025-12-04T12:23:17,resolved_recovery
case_001722,2025-07-18T00:35:56,resolved_recovery
case_001723,2025-01-26T20:37:48,resolved_recovery
case_001724,2025-12-18T17:36:29,resolved_recovery
case_001725,2025-09-21T17:21:19,resolved_recovery
case_001726,2025-03-02T10:14:36,resolved_recovery
case_001727,2025-01-07T10:52:50,resolved_recovery
case_001728,2025-10-02T15:18:48,resolved_recovery
case_001729,2025-09-12T19:25:16,resolved_recovery
case_001730,2025-08-22T16:22:02,resolved_recovery
case_001731,2025-01-24T23:45:01,resolved_recovery
case_001732,2025-09-15T19:54:15,resolved_recovery
case_001733,2025-05-06T06:42:21,resolved_recovery
case_001734,2025-02-25T07:28:47,resolved_recovery
case_001735,2025-06-19T19:12:25,resolved_recovery
case_001736,2025-03-10T02:38:29,resolved_recovery
case_001737,2025-08-29T18:58:22,resolved_recovery
case_001738,2025-02-06T02:28:01,resolved_recovery
case_001739,2025-11-22T22:32:30,resolved_recovery
case_001740,2025-09-05T12:53:09,resolved_recovery
case_001741,2025-09-05T19:49:36,resolved_recovery
case_001742,2025-09-12T07:47:17,resolved_recovery
case_001743,2025-02-08T12:22:45,resolved_recovery
case_001744,2025-03-04T15:37:58,resolved_recovery
case_001745,2025-09-19T12:09:47,resolved_recovery
case_001746,2025-10-13T08:09:14,resolved_recovery
case_001747,2025-10-08T13:00:06,resolved_recovery
case_001748,2025-08-19T07:11:49,resolved_recovery
case_001749,2025-10-14T09:05:23,resolved_recovery
case_001750,2025-05-16T16:50:38,resolved_recovery
case_001751,2025-07-30T00:26:11,resolved_recovery
case_001752,2025-04-04T05:41:57,resolved_recovery
case_001753,2025-12-09T08:44:26,resolved_recovery
case_001754,2025-02-25T10:55:57,resolved_recovery
case_001755,2025-04-22T12:19:57,resolved_recovery
case_001756,2025-12-22T17:53:47,resolved_recovery
case_001757,2025-08-22T22:51:25,resolved_recovery
case_001758,2025-08-26T10:18:10,resolved_recovery
case_001759,2025-10-29T05:23:58,resolved_recovery
case_001760,2025-11-13T03:57:14,resolved_recovery
case_001761,2025-07-12T01:15:12,resolved_recovery
case_001762,2025-04-15T02:20:24,resolved_recovery
case_001763,2025-01-17T16:31:53,resolved_recovery
case_001764,2025-06-13T02:01:42,resolved_recovery
case_001765,2025-10-27T10:15:51,resolved_recovery
case_001766,2025-02-18T13:33:47,resolved_recovery
case_001767,2025-12-29T17:14:37,resolved_recovery
case_001768,2025-03-26T01:57:52,resolved_recovery
case_001769,2025-06-13T11:58:58,resolved_recovery
case_001770,2025-09-24T07:24:19,resolved_recovery
case_001771,2025-10-24T05:54:12,resolved_recovery
case_001772,2025-04-06T08:34:18,resolved_recovery
case_001773,2025-11-29T11:02:32,resolved_recovery
case_001774,2025-05-10T13:39:02,resolved_recovery
case_001775,2025-01-21T11:31:13,resolved_recovery
case_001776,2025-09-18T23:49:06,resolved_recovery
case_001777,2025-07-10T17:11:24,resolved_recovery
case_001778,2025-11-04T04:40:09,resolved_recovery
case_001779,2025-06-13T08:22:33,resolved_recovery
case_001780,2025-05-20T08:30:51,resolved_recovery
case_001781,2025-11-20T21:40:43,resolved_recovery
case_001782,2025-10-11T19:43:23,resolved_recovery
case_001783,2025-11-07T20:16:47,resolved_recovery
case_001784,2025-02-11T06:00:19,resolved_recovery
case_001785,2025-06-24T02:40:05,resolved_recovery
case_001786,2025-08-18T19:05:38,resolved_recovery
case_001787,2025-08-07T11:50:27,resolved_recovery
case_001788,2025-01-19T04:06:23,resolved_recovery
case_001789,2025-01-25T07:52:19,resolved_recovery
case_001790,2025-03-26T08:42:07,resolved_recovery
case_001791,2025-01-22T16:52:12,resolved_recovery
case_001792,2025-06-04T21:34:35,resolved_recovery
case_001793,2025-05-08T17:01:54,resolved_recovery
case_001794,2025-01-10T21:14:17,resolved_recovery
case_001795,2025-08-12T22:15:37,resolved_recovery
case_001796,2025-06-02T23:27:24,resolved_recovery
case_001797,2025-02-16T03:37:41,resolved_recovery
case_001798,2025-07-06T09:48:43,resolved_recovery
case_001799,2025-04-01T09:18:04,resolved_recovery
case_001800,2025-01-19T03:28:56,resolved_recovery
case_001801,2025-06-22T13:20:24,resolved_recovery
case_001802,2025-01-20T10:16:48,resolved_recovery
case_001803,2025-12-03T03:59:53,resolved_recovery
case_001804,2025-06-22T07:36:04,resolved_recovery
case_001805,2025-06-12T18:38:03,resolved_recovery
case_001806,2025-12-28T11:09:11,resolved_recovery
case_001807,2025-05-05T13:09:10,resolved_recovery
case_001808,2025-03-06T05:48:16,resolved_recovery
case_001809,2025-09-04T16:11:18,resolved_recovery
case_001810,2025-06-17T23:21:38,resolved_recovery
case_001811,2025-05-14T09:35:46,resolved_recovery
case_001812,2025-07-18T13:21:22,resolved_recovery
case_001813,2025-04-12T16:17:52,resolved_recovery
case_001814,2025-05-06T09:33:37,resolved_recovery
case_001815,2025-03-14T11:57:30,resolved_recovery
case_001816,2025-11-23T08:43:09,resolved_recovery
case_001817,2025-03-19T23:36:13,resolved_recovery
case_001818,2025-11-03T05:45:40,resolved_recovery
case_001819,2025-09-08T01:51:09,resolved_recovery
case_001820,2025-10-05T15:18:45,resolved_recovery
case_001821,2025-03-18T08:23:29,resolved_recovery
case_001822,2025-07-20T06:09:29,resolved_recovery
case_001823,2025-02-18T06:06:05,resolved_recovery
case_001824,2025-02-15T11:59:22,resolved_recovery
case_001825,2025-02-09T01:41:07,resolved_recovery
case_001826,2025-07-09T16:00:36,resolved_recovery
case_001827,2025-07-23T23:13:41,resolved_recovery
case_001828,2025-07-05T12:28:51,resolved_recovery
case_001829,2025-06-07T18:47:08,resolved_recovery
case_001830,2025-03-18T08:00:18,resolved_recovery
case_001831,2025-03-22T08:42:50,resolved_recovery
case_001832,2025-11-06T15:13:41,resolved_recovery
case_001833,2025-08-25T00:42:23,resolved_recovery
case_001834,2025-11-10T06:42:28,resolved_recovery
case_001835,2025-02-13T19:32:09,resolved_recovery
case_001836,2025-01-16T04:03:00,resolved_recovery
case_001837,2025-05-16T05:54:52,resolved_recovery
case_001838,2025-05-22T21:54:35,resolved_recovery
case_001839,2025-10-03T01:39:10,resolved_recovery
case_001840,2025-04-16T08:38:14,resolved_recovery
case_001841,2025-06-02T13:01:34,resolved_recovery
case_001842,2025-08-05T07:37:26,resolved_recovery
case_001843,2025-10-24T03:28:44,resolved_recovery
case_001844,2025-09-19T19:21:45,resolved_recovery
case_001845,2025-03-19T18:47:38,resolved_recovery
case_001846,2025-11-29T06:44:49,resolved_recovery
case_001847,2025-02-24T02:36:27,resolved_recovery
case_001848,2025-07-04T02:12:07,resolved_recovery
case_001849,2025-09-30T07:12:05,resolved_recovery
case_001850,2025-04-18T10:56:21,resolved_recovery
case_001851,2025-05-03T03:17:16,resolved_recovery
case_001852,2025-02-27T19:14:18,resolved_recovery
case_001853,2025-09-05T04:46:34,resolved_recovery
case_001854,2025-04-04T05:25:08,resolved_recovery
case_001855,2025-10-21T02:23:54,resolved_recovery
case_001856,2025-02-02T04:31:27,resolved_recovery
case_001857,2025-05-09T19:43:07,resolved_recovery
case_001858,2025-12-05T04:33:47,resolved_recovery
case_001859,2025-05-28T01:23:08,resolved_recovery
case_001860,2025-09-26T21:33:44,resolved_recovery
case_001861,2025-07-03T14:17:27,resolved_recovery
case_001862,2025-12-12T02:29:19,resolved_recovery
case_001863,2025-08-16T19:09:33,resolved_recovery
case_001864,2025-05-20T22:09:52,resolved_recovery
case_001865,2025-12-14T13:37:49,resolved_recovery
case_001866,2025-12-21T12:33:32,resolved_recovery
case_001867,2025-04-19T04:05:02,resolved_recovery
case_001868,2025-12-24T18:15:20,resolved_recovery
case_001869,2025-10-18T09:41:18,resolved_recovery
case_001870,2025-05-18T14:26:10,resolved_recovery
case_001871,2025-12-26T03:10:43,resolved_recovery
case_001872,2025-03-03T01:07:47,resolved_recovery
case_001873,2025-07-03T22:52:54,resolved_recovery
case_001874,2025-07-11T20:19:52,resolved_recovery
case_001875,2025-01-19T12:38:11,resolved_recovery
case_001876,2025-07-26T19:39:40,resolved_recovery
case_001877,2025-07-06T10:32:04,resolved_recovery
case_001878,2025-08-07T02:25:17,resolved_recovery
case_001879,2025-10-16T13:52:10,resolved_recovery
case_001880,2025-12-28T02:56:55,resolved_recovery
case_001881,2025-09-19T10:57:45,under_review
case_001882,2025-08-04T12:31:09,confirmed_violation
case_001883,2025-03-03T15:57:57,under_review
case_001884,2025-08-12T14:02:51,under_review
case_001885,2025-01-02T18:28:47,under_review
case_001886,2025-02-18T09:17:00,confirmed_violation
case_001887,2025-02-21T12:15:28,confirmed_violation
case_001888,2025-09-16T10:45:01,confirmed_violation
case_001889,2025-03-26T17:28:42,confirmed_violation
case_001890,2025-02-12T18:21:04,under_review
case_001891,2025-08-04T10:14:17,under_review
case_001892,2025-07-08T12:35:48,confirmed_violation
case_001893,2025-11-05T14:48:47,under_review
case_001894,2025-10-16T12:56:15,under_review
case_001895,2025-10-08T17:27:07,under_review
case_001896,2025-08-11T09:29:01,confirmed_violation
case_001897,2025-01-29T14:39:17,confirmed_violation
case_001898,2025-10-01T15:49:49,confirmed_violation
case_001899,2025-01-06T16:36:55,under_review
case_001900,2025-08-15T12:34:22,confirmed_violation
case_001901,2025-01-16T10:43:50,under_review
case_001902,2025-08-25T18:26:57,under_review
case_001903,2025-04-30T09:17:48,under_review
case_001904,2025-01-20T09:40:17,under_review
case_001905,2025-10-29T15:18:41,confirmed_violation
case_001906,2025-02-04T17:23:27,under_review
case_001907,2025-05-27T13:14:32,under_review
case_001908,2025-05-14T18:30:59,confirmed_violation
case_001909,2025-08-25T14:16:07,under_review
case_001910,2025-01-28T17:56:57,under_review
case_001911,2025-10-14T14:37:01,confirmed_violation
case_001912,2025-11-17T13:22:14,under_review
case_001913,2025-05-27T10:53:24,under_review
case_001914,2025-11-03T10:44:41,confirmed_ring
case_001915,2025-06-06T11:05:51,confirmed_ring
case_001916,2025-07-11T12:49:59,confirmed_ring
case_001917,2025-08-06T12:34:43,under_review
case_001918,2025-05-13T10:46:22,confirmed_ring
case_001919,2025-04-21T14:08:38,confirmed_ring
case_001920,2025-05-09T16:31:12,under_review
case_001921,2025-11-10T18:41:46,confirmed_ring
case_001922,2025-03-10T18:44:57,under_review
case_001923,2025-11-17T15:02:54,confirmed_ring
case_001924,2025-07-31T14:54:40,confirmed_ring
case_001925,2025-09-10T10:30:11,under_review
case_001926,2025-08-04T14:43:38,under_review
case_001927,2025-04-07T15:29:36,confirmed_ring
case_001928,2025-03-25T17:26:05,under_review
case_001929,2025-10-27T11:52:18,under_review
case_001930,2025-08-11T12:40:22,confirmed_ring
case_001931,2025-09-22T14:30:58,confirmed_ring
case_001932,2025-01-28T15:40:15,under_review
case_001933,2025-04-08T17:51:01,confirmed_ring
case_001934,2025-01-27T18:56:34,under_review
case_001935,2025-01-29T09:49:39,confirmed_ring
case_001936,2025-07-17T14:21:27,confirmed_ring
case_001937,2025-09-08T12:12:52,confirmed_ring
case_001938,2025-05-02T11:53:21,confirmed_ring
case_001939,2025-01-30T11:21:18,confirmed_ring
case_001940,2025-01-21T16:12:36,under_review
case_001941,2025-12-23T13:34:44,confirmed_ring
case_001942,2025-01-08T12:48:22,under_review
case_001943,2025-02-27T15:18:29,confirmed_ring
case_001944,2025-02-25T11:00:37,under_review
case_001945,2025-10-12T10:51:17,under_review
case_001946,2025-12-16T11:00:02,under_review
case_001947,2025-09-24T18:38:08,under_review
case_001948,2025-01-27T09:47:45,confirmed_ring
case_001949,2025-04-07T15:13:34,under_review
case_001950,2025-02-17T12:05:52,under_review
case_001951,2025-01-20T12:16:10,confirmed_ring
case_001952,2025-08-04T13:50:57,confirmed_ring
case_001953,2025-05-26T18:07:47,confirmed_ring
case_001954,2025-07-17T12:42:21,under_review
case_001955,2025-06-25T09:00:59,under_review
case_001956,2025-08-22T18:30:33,under_review
case_001957,2025-01-23T13:41:36,confirmed_ring
case_001958,2025-11-17T16:58:17,under_review
case_001959,2025-01-27T13:57:00,confirmed_ring
case_001960,2025-12-23T11:31:16,confirmed_ring
case_001961,2025-11-03T09:57:51,under_review
case_001962,2025-06-09T10:41:59,confirmed_ring
case_001963,2025-03-24T13:52:36,confirmed_ring
case_001964,2025-02-03T11:06:50,under_review
case_001965,2025-12-11T09:30:03,under_review
case_001966,2025-06-16T12:13:08,under_review
case_001967,2025-04-24T12:30:28,confirmed_ring
case_001968,2025-11-17T17:57:54,under_review
case_001969,2025-11-03T11:24:17,under_review
case_001970,2025-05-21T16:23:41,confirmed_ring
case_001971,2025-09-03T13:20:09,confirmed_ring
case_001972,2025-06-19T11:24:06,confirmed_ring
case_001973,2025-05-21T16:54:41,confirmed_ring
case_001974,2025-05-07T14:03:38,under_review
case_001975,2025-12-08T16:00:02,under_review
case_001976,2025-12-01T10:53:10,confirmed_ring
case_001977,2025-02-03T09:38:11,confirmed_ring
case_001978,2025-12-27T13:21:17,under_review
case_001979,2025-04-14T16:01:31,confirmed_ring
case_001980,2025-12-08T14:20:48,under_review
case_001981,2025-12-08T17:16:56,under_review
case_001982,2025-02-04T14:11:25,confirmed_ring
case_001983,2025-02-19T16:05:42,confirmed_ring
case_001984,2025-11-18T17:53:15,confirmed_ring
case_001985,2025-08-11T17:55:12,confirmed_ring
case_001986,2025-03-11T14:54:13,under_review
case_001987,2025-06-26T15:14:44,confirmed_ring
case_001988,2025-11-17T12:46:55,confirmed_ring
case_001989,2025-07-15T13:32:03,confirmed_ring
case_001990,2025-10-20T09:40:05,confirmed_ring
case_001991,2025-12-07T14:49:02,under_review
case_001992,2025-03-25T16:57:38,under_review
case_001993,2025-01-20T18:40:34,under_review
case_001994,2025-01-30T18:45:25,confirmed_ring
case_001995,2025-03-03T10:18:32,under_review
case_001996,2025-02-07T17:24:16,confirmed_ring
case_001997,2025-07-07T12:13:55,under_review
case_001998,2025-05-22T09:13:26,confirmed_ring
case_001999,2025-11-26T17:54:18,under_review
case_002000,2025-07-14T12:50:37,confirmed_ring
case_002001,2025-11-14T17:32:49,under_review
case_002002,2025-07-10T17:26:26,confirmed_ring
case_002003,2025-07-14T11:12:00,confirmed_ring
case_002004,2025-04-21T15:58:34,under_review
case_002005,2025-02-07T09:42:29,under_review
case_002006,2025-01-22T11:28:22,confirmed_ring
case_002007,2025-07-17T14:10:09,confirmed_ring
case_002008,2025-04-17T10:56:53,under_review
case_002009,2025-12-08T17:32:34,confirmed_ring
case_002010,2025-12-15T18:26:48,under_review
case_002011,2025-09-29T14:57:19,under_review
case_002012,2025-12-03T17:04:02,confirmed_ring
case_002013,2025-06-23T18:47:51,confirmed_ring
case_002014,2025-12-08T12:16:16,under_review
case_002015,2025-12-30T11:09:47,under_review
case_002016,2025-01-01T16:08:50,under_review
case_002017,2025-03-03T13:17:29,confirmed_ring
case_002018,2025-11-24T12:54:30,confirmed_ring
case_002019,2025-05-28T16:15:11,under_review
case_002020,2025-06-30T12:23:58,under_review
case_002021,2025-04-14T14:56:54,under_review
case_002022,2025-12-29T10:05:40,confirmed_ring
case_002023,2025-11-06T22:53:07,under_review
case_002024,2025-02-05T05:18:24,under_review
case_002025,2025-10-16T05:47:25,under_review
case_002026,2025-07-08T08:47:06,under_review
case_002027,2025-09-20T17:27:19,under_review
case_002028,2025-04-01T23:59:33,under_review
case_002029,2025-09-09T07:27:28,under_review
case_002030,2025-07-05T04:15:19,under_review
case_002031,2025-11-11T07:57:54,under_review
case_002032,2025-04-03T21:20:12,under_review
case_002033,2025-11-10T16:58:31,under_review
case_002034,2025-01-27T06:05:37,under_review
case_002035,2025-09-23T12:01:14,under_review
case_002036,2025-05-29T21:16:02,under_review
case_002037,2025-04-15T11:39:41,under_review
case_002038,2025-06-01T20:07:32,under_review
case_002039,2025-12-24T15:08:26,under_review
case_002040,2025-08-12T23:50:56,under_review
case_002041,2025-02-02T04:36:49,under_review
case_002042,2025-01-21T05:16:09,under_review
case_002043,2025-08-25T19:17:22,under_review
case_002044,2025-12-06T18:04:08,under_review
case_002045,2025-07-23T07:24:23,under_review
case_002046,2025-04-13T09:23:04,under_review
case_002047,2025-05-23T15:58:11,under_review
case_002048,2025-11-04T16:59:59,under_review
case_002049,2025-01-02T05:24:08,under_review
case_002050,2025-05-03T09:46:41,under_review
case_002051,2025-06-25T00:19:16,under_review
case_002052,2025-11-12T13:25:25,under_review
case_002053,2025-09-20T14:20:41,under_review
case_002054,2025-01-31T09:08:38,under_review
case_002055,2025-11-23T03:42:10,under_review
case_002056,2025-12-03T19:59:30,under_review
case_002057,2025-11-06T01:43:22,under_review
case_002058,2025-09-29T05:25:32,under_review
case_002059,2025-08-11T22:52:38,under_review
case_002060,2025-11-13T03:38:39,under_review
case_002061,2025-03-19T20:39:03,under_review
case_002062,2025-10-08T08:36:41,under_review
case_002063,2025-08-10T16:23:42,under_review
case_002064,2025-04-05T03:08:55,under_review
case_002065,2025-09-30T07:36:07,under_review
case_002066,2025-05-22T09:11:58,under_review
case_002067,2025-02-28T09:31:53,under_review
case_002068,2025-02-09T09:22:36,under_review
case_002069,2025-09-09T05:24:22,under_review
case_002070,2025-10-23T10:59:32,under_review
case_002071,2025-08-27T06:16:13,under_review
case_002072,2025-03-08T01:38:13,under_review
case_002073,2025-03-07T09:18:32,under_review
case_002074,2025-06-01T22:53:38,under_review
case_002075,2025-02-23T15:26:45,under_review
case_002076,2025-09-02T23:43:32,under_review
case_002077,2025-08-04T17:28:09,under_review
case_002078,2025-05-25T14:18:06,under_review
case_002079,2025-05-01T12:06:36,under_review
case_002080,2025-12-17T03:15:36,under_review
case_002081,2025-12-23T17:59:31,under_review
case_002082,2025-12-30T06:21:37,under_review
case_002083,2025-01-22T02:56:52,under_review
case_002084,2025-11-02T08:00:48,under_review
case_002085,2025-12-04T02:10:44,under_review
case_002086,2025-09-22T10:24:03,under_review
case_002087,2025-03-02T09:26:13,under_review
case_002088,2025-08-23T07:28:39,under_review
case_002089,2025-04-17T20:26:41,under_review
case_002090,2025-10-24T01:01:11,under_review
case_002091,2025-05-20T02:15:09,under_review
case_002092,2025-09-20T12:14:46,under_review
case_002093,2025-05-21T05:51:38,under_review
case_002094,2025-10-02T09:47:14,under_review
case_002095,2025-01-02T05:39:06,under_review
case_002096,2025-03-26T12:36:27,under_review
case_002097,2025-01-01T23:53:46,under_review
case_002098,2025-02-08T21:53:49,under_review
case_002099,2025-06-05T14:35:23,under_review
case_002100,2025-09-29T07:48:59,under_review
case_002101,2025-09-11T18:45:49,under_review
case_002102,2025-04-23T18:53:19,under_review
case_002103,2025-06-24T23:00:41,under_review
case_002104,2025-05-28T20:33:21,under_review
