device_id,device_type
device_000001,corporate_workstation
device_000002,desktop
device_000003,customer_service_terminal
device_000004,mobile
device_000005,mobile
device_000006,customer_service_terminal
device_000007,mobile
device_000008,customer_service_terminal
device_000009,mobile
device_000010,customer_service_terminal
device_000011,customer_service_terminal
device_000012,tablet
device_000013,corporate_workstation
device_000014,corporate_workstation
device_000015,customer_service_terminal
device_000016,desktop
device_000017,corporate_workstation
device_000018,corporate_workstation
device_000019,corporate_workstation
device_000020,tablet
device_000021,tablet
device_000022,desktop
device_000023,desktop
device_000024,customer_service_terminal
device_000025,corporate_workstation
device_000026,desktop
device_000027,mobile
device_000028,tablet
device_000029,customer_service_terminal
device_000030,tablet
device_000031,mobile
device_000032,corporate_workstation
device_000033,tablet
device_000034,tablet
device_000035,mobile
device_000036,desktop
device_000037,tablet
device_000038,mobile
device_000039,tablet
device_000040,desktop
device_000041,corporate_workstation
device_000042,customer_service_terminal
device_000043,tablet
device_000044,mobile
device_000045,tablet
device_000046,mobile
device_000047,corporate_workstation
device_000048,tablet
device_000049,desktop
device_000050,tablet
device_000051,tablet
device_000052,mobile
device_000053,desktop
device_000054,desktop
device_000055,corporate_workstation
device_000056,mobile
device_000057,corporate_workstation
device_000058,customer_service_terminal
device_000059,corporate_workstation
device_000060,mobile
device_000061,mobile
device_000062,corporate_workstation
device_000063,desktop
device_000064,mobile
device_000065,mobile
device_000066,tablet
device_000067,desktop
device_000068,mobile
device_000069,tablet
device_000070,tablet
device_000071,mobile
device_000072,corporate_workstation
device_000073,tablet
device_000074,mobile
device_000075,corporate_workstation
device_000076,customer_service_terminal
device_000077,tablet
device_000078,customer_service_terminal
device_000079,mobile
device_000080,corporate_workstation
device_000081,desktop
device_000082,desktop
device_000083,corporate_workstation
device_000084,corporate_workstation
device_000085,mobile
device_000086,desktop
device_000087,desktop
device_000088,customer_service_terminal
device_000089,corporate_workstation
device_000090,corporate_workstation
device_000091,tablet
device_000092,customer_service_terminal
device_000093,corporate_workstation
device_000094,mobile
device_000095,tablet
device_000096,corporate_workstation
device_000097,corporate_workstation
device_000098,desktop
device_000099,mobile
device_000100,corporate_workstation
device_000101,tablet
device_000102,customer_service_terminal
device_000103,mobile
device_000104,corporate_workstation
device_000105,tablet
device_000106,mobile
device_000107,customer_service_terminal
device_000108,mobile
device_000109,customer_service_terminal
device_000110,customer_service_terminal
device_000111,customer_service_terminal
device_000112,tablet
device_000113,tablet
device_000114,corporate_workstation
device_000115,tablet
device_000116,customer_service_terminal
device_000117,desktop
device_000118,tablet
device_000119,corporate_workstation
device_000120,tablet
device_000121,mobile
device_000122,customer_service_terminal
device_000123,desktop
device_000124,desktop
device_000125,corporate_workstation
device_000126,customer_service_terminal
device_000127,tablet
device_000128,corporate_workstation
device_000129,customer_service_terminal
device_000130,tablet
device_000131,tablet
device_000132,customer_service_terminal
device_000133,mobile
device_000134,corporate_workstation
device_000135,tablet
device_000136,mobile
device_000137,desktop
device_000138,desktop
device_000139,tablet
device_000140,tablet
device_000141,mobile
device_000142,customer_service_terminal
device_000143,corporate_workstation
device_000144,desktop
device_000145,mobile
device_000146,mobile
device_000147,customer_service_terminal
device_000148,desktop
device_000149,desktop
device_000150,mobile
device_000151,customer_service_terminal
device_000152,corporate_workstation
device_000153,tablet
device_000154,tablet
device_000155,desktop
device_000156,desktop
device_000157,desktop
device_000158,desktop
device_000159,customer_service_terminal
device_000160,tablet
device_000161,desktop
device_000162,desktop
device_000163,desktop
device_000164,customer_service_terminal
device_000165,tablet
device_000166,corporate_workstation
device_000167,corporate_workstation
device_000168,mobile
device_000169,desktop
device_000170,customer_service_terminal
device_000171,desktop
device_000172,corporate_workstation
device_000173,desktop
device_000174,desktop
device_000175,tablet
device_000176,tablet
device_000177,tablet
device_000178,customer_service_terminal
device_000179,customer_service_terminal
device_000180,desktop
device_000181,corporate_workstation
device_000182,desktop
device_000183,tablet
device_000184,tablet
device_000185,desktop
device_000186,customer_service_terminal
device_000187,desktop
device_000188,desktop
device_000189,customer_service_terminal
device_000190,corporate_workstation
device_000191,desktop
device_000192,mobile
device_000193,desktop
device_000194,desktop
device_000195,desktop
device_000196,mobile
device_000197,customer_service_terminal
device_000198,mobile
device_000199,corporate_workstation
device_000200,mobile
device_000201,mobile
device_000202,tablet
device_000203,customer_service_terminal
device_000204,desktop
device_000205,desktop
device_000206,desktop
device_000207,customer_service_terminal
device_000208,corporate_workstation
device_000209,corporate_workstation
device_000210,desktop
device_000211,desktop
device_000212,corporate_workstation
device_000213,tablet
device_000214,mobile
device_000215,customer_service_terminal
device_000216,customer_service_terminal
device_000217,customer_service_terminal
device_000218,desktop
device_000219,customer_service_terminal
device_000220,mobile
device_000221,tablet
device_000222,corporate_workstation
device_000223,corporate_workstation
device_000224,mobile
device_000225,corporate_workstation
device_000226,corporate_workstation
device_000227,corporate_workstation
device_000228,desktop
device_000229,tablet
device_000230,mobile
device_000231,tablet
device_000232,corporate_workstation
device_000233,tablet
device_000234,customer_service_terminal
device_000235,customer_service_terminal
device_000236,customer_service_terminal
device_000237,mobile
device_000238,desktop
device_000239,customer_service_terminal
device_000240,desktop
device_000241,mobile
device_000242,mobile
device_000243,mobile
device_000244,tablet
device_000245,corporate_workstation
device_000246,desktop
device_000247,desktop
device_000248,desktop
device_000249,desktop
device_000250,tablet
device_000251,desktop
device_000252,desktop
device_000253,tablet
device_000254,tablet
device_000255,tablet
device_000256,tablet
device_000257,desktop
device_000258,desktop
device_000259,mobile
device_000260,tablet
device_000261,customer_service_terminal
device_000262,mobile
device_000263,tablet
device_000264,tablet
device_000265,corporate_workstation
device_000266,tablet
device_000267,mobile
device_000268,tablet
device_000269,mobile
device_000270,desktop
device_000271,customer_service_terminal
device_000272,corporate_workstation
device_000273,mobile
device_000274,desktop
device_000275,tablet
device_000276,mobile
device_000277,corporate_workstation
device_000278,customer_service_terminal
device_000279,corporate_workstation
device_000280,desktop
device_000281,customer_service_terminal
device_000282,customer_service_terminal
device_000283,corporate_workstation
device_000284,desktop
device_000285,corporate_workstation
device_000286,mobile
device_000287,mobile
device_000288,tablet
device_000289,corporate_workstation
device_000290,mobile
device_000291,desktop
device_000292,tablet
device_000293,corporate_workstation
device_000294,mobile
device_000295,tablet
device_000296,tablet
device_000297,corporate_workstation
device_000298,customer_service_terminal
device_000299,desktop
device_000300,tablet
device_000301,tablet
device_000302,tablet
device_000303,desktop
device_000304,corporate_workstation
device_000305,customer_service_terminal
device_000306,mobile
device_000307,tablet
device_000308,desktop
device_000309,mobile
device_000310,mobile
device_000311,desktop
device_000312,tablet
device_000313,desktop
device_000314,customer_service_terminal
device_000315,corporate_workstation
device_000316,tablet
device_000317,corporate_workstation
device_000318,tablet
device_000319,mobile
device_000320,corporate_workstation
device_000321,customer_service_terminal
device_000322,tablet
device_000323,corporate_workstation
device_000324,corporate_workstation
device_000325,customer_service_terminal
device_000326,tablet
device_000327,customer_service_terminal
device_000328,desktop
device_000329,mobile
device_000330,customer_service_terminal
device_000331,desktop
device_000332,customer_service_terminal
device_000333,customer_service_terminal
device_000334,tablet
device_000335,customer_service_terminal
device_000336,customer_service_terminal
device_000337,corporate_workstation
device_000338,customer_service_terminal
device_000339,mobile
device_000340,corporate_workstation
device_000341,customer_service_terminal
device_000342,customer_service_terminal
device_000343,tablet
device_000344,mobile
device_000345,customer_service_terminal
device_000346,customer_service_terminal
device_000347,corporate_workstation
device_000348,corporate_workstation
device_000349,mobile
device_000350,corporate_workstation
device_000351,customer_service_terminal
device_000352,desktop
device_000353,desktop
device_000354,tablet
device_000355,tablet
device_000356,corporate_workstation
device_000357,desktop
device_000358,desktop
device_000359,desktop
device_000360,desktop
device_000361,customer_service_terminal
device_000362,corporate_workstation
device_000363,tablet
device_000364,mobile
device_000365,desktop
device_000366,mobile
device_000367,desktop
device_000368,customer_service_terminal
device_000369,customer_service_terminal
device_000370,customer_service_terminal
device_000371,mobile
device_000372,mobile
device_000373,corporate_workstation
device_000374,customer_service_terminal
device_000375,corporate_workstation
device_000376,customer_service_terminal
device_000377,corporate_workstation
device_000378,desktop
device_000379,corporate_workstation
device_000380,mobile
device_000381,mobile
device_000382,mobile
device_000383,desktop
device_000384,tablet
device_000385,tablet
device_000386,desktop
device_000387,desktop
device_000388,desktop
device_000389,customer_service_terminal
device_000390,customer_service_terminal
device_000391,corporate_workstation
device_000392,tablet
device_000393,corporate_workstation
device_000394,desktop
device_000395,desktop
device_000396,corporate_workstation
device_000397,tablet
device_000398,tablet
device_000399,customer_service_terminal
device_000400,tablet
device_000401,mobile
device_000402,customer_service_terminal
device_000403,customer_service_terminal
device_000404,customer_service_terminal
device_000405,desktop
device_000406,desktop
device_000407,desktop
device_000408,tablet
device_000409,customer_service_terminal
device_000410,customer_service_terminal
device_000411,tablet
device_000412,mobile
device_000413,corporate_workstation
device_000414,customer_service_terminal
device_000415,corporate_workstation
device_000416,mobile
device_000417,tablet
device_000418,customer_service_terminal
device_000419,mobile
device_000420,tablet
device_000421,mobile
device_000422,desktop
device_000423,corporate_workstation
device_000424,customer_service_terminal
device_000425,corporate_workstation
device_000426,tablet
device_000427,corporate_workstation
device_000428,tablet
device_000429,customer_service_terminal
device_000430,customer_service_terminal
device_000431,customer_service_terminal
device_000432,corporate_workstation
device_000433,tablet
device_000434,mobile
device_000435,corporate_workstation
device_000436,customer_service_terminal
device_000437,tablet
device_000438,tablet
device_000439,customer_service_terminal
device_000440,corporate_workstation
device_000441,customer_service_terminal
device_000442,tablet
device_000443,desktop
device_000444,customer_service_terminal
device_000445,desktop
device_000446,mobile
device_000447,customer_service_terminal
device_000448,tablet
device_000449,desktop
device_000450,desktop
device_000451,tablet
device_000452,mobile
device_000453,mobile
device_000454,customer_service_terminal
device_000455,mobile
device_000456,customer_service_terminal
device_000457,desktop
device_000458,tablet
device_000459,mobile
device_000460,tablet
device_000461,tablet
device_000462,desktop
device_000463,mobile
device_000464,mobile
device_000465,tablet
device_000466,corporate_workstation
device_000467,corporate_workstation
device_000468,corporate_workstation
device_000469,tablet
device_000470,customer_service_terminal
device_000471,tablet
device_000472,corporate_workstation
device_000473,corporate_workstation
device_000474,tablet
device_000475,customer_service_terminal
device_000476,tablet
device_000477,corporate_workstation
device_000478,corporate_workstation
device_000479,corporate_workstation
device_000480,tablet
device_000481,corporate_workstation
device_000482,mobile
device_000483,desktop
device_000484,corporate_workstation
device_000485,tablet
device_000486,tablet
device_000487,corporate_workstation
device_000488,mobile
device_000489,mobile
device_000490,mobile
device_000491,tablet
device_000492,customer_service_terminal
device_000493,tablet
device_000494,corporate_workstation
device_000495,customer_service_terminal
device_000496,tablet
device_000497,customer_service_terminal
device_000498,desktop
device_000499,corporate_workstation
device_000500,mobile
device_000501,corporate_workstation
device_000502,mobile
device_000503,tablet
device_000504,tablet
device_000505,corporate_workstation
device_000506,corporate_workstation
device_000507,corporate_workstation
device_000508,mobile
device_000509,desktop
device_000510,desktop
device_000511,corporate_workstation
device_000512,corporate_workstation
device_000513,corporate_workstation
device_000514,mobile
device_000515,customer_service_terminal
device_000516,customer_service_terminal
device_000517,customer_service_terminal
device_000518,tablet
device_000519,corporate_workstation
device_000520,mobile
device_000521,desktop
device_000522,desktop
device_000523,desktop
device_000524,customer_service_terminal
device_000525,tablet
device_000526,customer_service_terminal
device_000527,tablet
device_000528,mobile
device_000529,customer_service_terminal
device_000530,desktop
device_000531,corporate_workstation
device_000532,tablet
device_000533,mobile
device_000534,mobile
device_000535,tablet
device_000536,mobile
device_000537,desktop
device_000538,tablet
device_000539,desktop
device_000540,mobile
device_000541,customer_service_terminal
device_000542,corporate_workstation
device_000543,corporate_workstation
device_000544,desktop
device_000545,desktop
device_000546,customer_service_terminal
device_000547,tablet
device_000548,mobile
device_000549,desktop
device_000550,mobile
device_000551,corporate_workstation
device_000552,mobile
device_000553,customer_service_terminal
device_000554,customer_service_terminal
device_000555,customer_service_terminal
device_000556,desktop
device_000557,mobile
device_000558,customer_service_terminal
device_000559,corporate_workstation
device_000560,mobile
device_000561,desktop
device_000562,corporate_workstation
device_000563,customer_service_terminal
device_000564,mobile
device_000565,customer_service_terminal
device_000566,tablet
device_000567,mobile
device_000568,customer_service_terminal
device_000569,tablet
device_000570,customer_service_terminal
device_000571,tablet
device_000572,customer_service_terminal
device_000573,tablet
device_000574,desktop
device_000575,corporate_workstation
device_000576,corporate_workstation
device_000577,desktop
device_000578,customer_service_terminal
device_000579,corporate_workstation
device_000580,mobile
device_000581,desktop
device_000582,corporate_workstation
device_000583,tablet
device_000584,customer_service_terminal
device_000585,corporate_workstation
device_000586,customer_service_terminal
device_000587,mobile
device_000588,corporate_workstation
device_000589,corporate_workstation
device_000590,mobile
device_000591,tablet
device_000592,desktop
device_000593,corporate_workstation
device_000594,tablet
device_000595,tablet
device_000596,corporate_workstation
device_000597,customer_service_terminal
device_000598,mobile
device_000599,customer_service_terminal
device_000600,corporate_workstation
device_000601,tablet
device_000602,desktop
device_000603,customer_service_terminal
device_000604,corporate_workstation
device_000605,mobile
device_000606,corporate_workstation
device_000607,customer_service_terminal
device_000608,customer_service_terminal
device_000609,mobile
device_000610,desktop
device_000611,tablet
device_000612,mobile
device_000613,desktop
device_000614,customer_service_terminal
device_000615,corporate_workstation
device_000616,corporate_workstation
device_000617,desktop
device_000618,mobile
device_000619,desktop
device_000620,mobile
device_000621,corporate_workstation
device_000622,customer_service_terminal
device_000623,customer_service_terminal
device_000624,desktop
device_000625,corporate_workstation
device_000626,customer_service_terminal
device_000627,corporate_workstation
device_000628,customer_service_terminal
device_000629,mobile
device_000630,tablet
device_000631,desktop
device_000632,corporate_workstation
device_000633,desktop
device_000634,mobile
device_000635,desktop
device_000636,mobile
device_000637,customer_service_terminal
device_000638,tablet
device_000639,tablet
device_000640,tablet
device_000641,corporate_workstation
device_000642,customer_service_terminal
device_000643,tablet
device_000644,tablet
device_000645,corporate_workstation
device_000646,customer_service_terminal
device_000647,corporate_workstation
device_000648,mobile
device_000649,corporate_workstation
device_000650,mobile
device_000651,customer_service_terminal
device_000652,tablet
device_000653,corporate_workstation
device_000654,customer_service_terminal
device_000655,desktop
device_000656,desktop
device_000657,mobile
device_000658,customer_service_terminal
device_000659,customer_service_terminal
device_000660,desktop
device_000661,customer_service_terminal
device_000662,corporate_workstation
device_000663,customer_service_terminal
device_000664,tablet
device_000665,customer_service_terminal
device_000666,corporate_workstation
device_000667,mobile
device_000668,customer_service_terminal
device_000669,tablet
device_000670,desktop
device_000671,desktop
device_000672,desktop
device_000673,desktop
device_000674,tablet
device_000675,mobile
device_000676,corporate_workstation
device_000677,customer_service_terminal
device_000678,tablet
device_000679,customer_service_terminal
device_000680,corporate_workstation
device_000681,desktop
device_000682,tablet
device_000683,tablet
device_000684,tablet
device_000685,corporate_workstation
device_000686,customer_service_terminal
device_000687,desktop
device_000688,mobile
device_000689,tablet
device_000690,desktop
device_000691,mobile
device_000692,tablet
device_000693,tablet
device_000694,desktop
device_000695,customer_service_terminal
device_000696,desktop
device_000697,mobile
device_000698,corporate_workstation
device_000699,mobile
device_000700,customer_service_terminal
device_000701,mobile
device_000702,tablet
device_000703,customer_service_terminal
device_000704,customer_service_terminal
device_000705,desktop
device_000706,corporate_workstation
device_000707,desktop
device_000708,tablet
device_000709,corporate_workstation
device_000710,corporate_workstation
device_000711,customer_service_terminal
device_000712,corporate_workstation
device_000713,tablet
device_000714,customer_service_terminal
device_000715,customer_service_terminal
device_000716,customer_service_terminal
device_000717,mobile
device_000718,tablet
device_000719,desktop
device_000720,desktop
device_000721,desktop
device_000722,tablet
device_000723,desktop
device_000724,desktop
device_000725,tablet
device_000726,mobile
device_000727,tablet
device_000728,customer_service_terminal
device_000729,customer_service_terminal
device_000730,customer_service_terminal
device_000731,mobile
device_000732,desktop
device_000733,desktop
device_000734,desktop
device_000735,tablet
device_000736,customer_service_terminal
device_000737,mobile
device_000738,mobile
device_000739,tablet
device_000740,corporate_workstation
device_000741,corporate_workstation
device_000742,customer_service_terminal
device_000743,tablet
device_000744,mobile
device_000745,customer_service_terminal
device_000746,corporate_workstation
device_000747,tablet
device_000748,tablet
device_000749,customer_service_terminal
device_000750,corporate_workstation
device_000751,corporate_workstation
device_000752,mobile
device_000753,tablet
device_000754,tablet
device_000755,tablet
device_000756,corporate_workstation
device_000757,corporate_workstation
device_000758,desktop
device_000759,customer_service_terminal
device_000760,customer_service_terminal
device_000761,mobile
device_000762,customer_service_terminal
device_000763,customer_service_terminal
device_000764,customer_service_terminal
device_000765,mobile
device_000766,tablet
device_000767,desktop
device_000768,tablet
device_000769,customer_service_terminal
device_000770,mobile
device_000771,corporate_workstation
device_000772,customer_service_terminal
device_000773,mobile
device_000774,corporate_workstation
device_000775,tablet
device_000776,customer_service_terminal
device_000777,mobile
device_000778,customer_service_terminal
device_000779,customer_service_terminal
device_000780,corporate_workstation
device_000781,corporate_workstation
device_000782,customer_service_terminal
device_000783,customer_service_terminal
device_000784,tablet
device_000785,desktop
device_000786,tablet
device_000787,customer_service_terminal
device_000788,desktop
device_000789,customer_service_terminal
device_000790,corporate_workstation
device_000791,customer_service_terminal
device_000792,customer_service_terminal
device_000793,tablet
device_000794,tablet
device_000795,desktop
device_000796,customer_service_terminal
device_000797,mobile
device_000798,desktop
device_000799,mobile
device_000800,tablet
device_000801,tablet
device_000802,mobile
device_000803,desktop
device_000804,desktop
device_000805,customer_service_terminal
device_000806,tablet
device_000807,mobile
device_000808,desktop
device_000809,mobile
device_000810,customer_service_terminal
device_000811,mobile
device_000812,corporate_workstation
device_000813,mobile
device_000814,customer_service_terminal
device_000815,customer_service_terminal
device_000816,mobile
device_000817,desktop
device_000818,customer_service_terminal
device_000819,customer_service_terminal
device_000820,customer_service_terminal
device_000821,tablet
device_000822,mobile
device_000823,customer_service_terminal
device_000824,desktop
device_000825,mobile
device_000826,tablet
device_000827,mobile
device_000828,tablet
device_000829,tablet
device_000830,customer_service_terminal
device_000831,mobile
device_000832,mobile
device_000833,mobile
device_000834,tablet
device_000835,customer_service_terminal
device_000836,desktop
device_000837,desktop
device_000838,tablet
device_000839,desktop
device_000840,customer_service_terminal
device_000841,customer_service_terminal
device_000842,desktop
device_000843,tablet
device_000844,customer_service_terminal
device_000845,customer_service_terminal
device_000846,desktop
device_000847,desktop
device_000848,corporate_workstation
device_000849,customer_service_terminal
device_000850,tablet
device_000851,corporate_workstation
device_000852,customer_service_terminal
device_000853,tablet
device_000854,mobile
device_000855,desktop
device_000856,corporate_workstation
device_000857,mobile
device_000858,tablet
device_000859,tablet
device_000860,corporate_workstation
device_000861,tablet
device_000862,customer_service_terminal
device_000863,customer_service_terminal
device_000864,tablet
device_000865,customer_service_terminal
device_000866,desktop
device_000867,desktop
device_000868,corporate_workstation
device_000869,corporate_workstation
device_000870,tablet
device_000871,mobile
device_000872,tablet
device_000873,tablet
device_000874,desktop
device_000875,mobile
device_000876,desktop
device_000877,desktop
device_000878,mobile
device_000879,corporate_workstation
device_000880,corporate_workstation
device_000881,corporate_workstation
device_000882,mobile
device_000883,corporate_workstation
device_000884,tablet
device_000885,mobile
device_000886,corporate_workstation
device_000887,desktop
device_000888,mobile
device_000889,customer_service_terminal
device_000890,tablet
device_000891,customer_service_terminal
device_000892,customer_service_terminal
device_000893,desktop
device_000894,customer_service_terminal
device_000895,corporate_workstation
device_000896,corporate_workstation
device_000897,corporate_workstation
device_000898,mobile
device_000899,corporate_workstation
device_000900,corporate_workstation
device_000901,customer_service_terminal
device_000902,customer_service_terminal
device_000903,desktop
device_000904,mobile
device_000905,mobile
device_000906,corporate_workstation
device_000907,mobile
device_000908,corporate_workstation
device_000909,tablet
device_000910,mobile
device_000911,mobile
device_000912,desktop
device_000913,desktop
device_000914,corporate_workstation
device_000915,mobile
device_000916,desktop
device_000917,tablet
device_000918,customer_service_terminal
device_000919,tablet
device_000920,mobile
device_000921,corporate_workstation
device_000922,tablet
device_000923,customer_service_terminal
device_000924,customer_service_terminal
device_000925,mobile
device_000926,mobile
device_000927,customer_service_terminal
device_000928,tablet
device_000929,tablet
device_000930,customer_service_terminal
device_000931,tablet
device_000932,customer_service_terminal
device_000933,mobile
device_000934,desktop
device_000935,desktop
device_000936,corporate_workstation
device_000937,corporate_workstation
device_000938,corporate_workstation
device_000939,tablet
device_000940,customer_service_terminal
device_000941,corporate_workstation
device_000942,corporate_workstation
device_000943,tablet
device_000944,tablet
device_000945,customer_service_terminal
device_000946,corporate_workstation
device_000947,mobile
device_000948,desktop
device_000949,tablet
device_000950,tablet
device_000951,corporate_workstation
device_000952,mobile
device_000953,mobile
device_000954,tablet
device_000955,desktop
device_000956,desktop
device_000957,customer_service_terminal
device_000958,corporate_workstation
device_000959,tablet
device_000960,desktop
device_000961,tablet
device_000962,customer_service_terminal
device_000963,desktop
device_000964,mobile
device_000965,corporate_workstation
device_000966,customer_service_terminal
device_000967,tablet
device_000968,corporate_workstation
device_000969,tablet
device_000970,desktop
device_000971,customer_service_terminal
device_000972,desktop
device_000973,tablet
device_000974,desktop
device_000975,mobile
device_000976,customer_service_terminal
device_000977,tablet
device_000978,customer_service_terminal
device_000979,desktop
device_000980,mobile
device_000981,desktop
device_000982,customer_service_terminal
device_000983,mobile
device_000984,corporate_workstation
device_000985,customer_service_terminal
device_000986,corporate_workstation
device_000987,corporate_workstation
device_000988,desktop
device_000989,desktop
device_000990,desktop
device_000991,desktop
device_000992,corporate_workstation
device_000993,mobile
device_000994,tablet
device_000995,corporate_workstation
device_000996,mobile
device_000997,customer_service_terminal
device_000998,corporate_workstation
device_000999,corporate_workstation
device_001000,customer_service_terminal
device_001001,desktop
device_001002,customer_service_terminal
device_001003,tablet
device_001004,tablet
device_001005,mobile
device_001006,tablet
device_001007,desktop
device_001008,corporate_workstation
device_001009,corporate_workstation
device_001010,tablet
device_001011,tablet
device_001012,corporate_workstation
device_001013,tablet
device_001014,desktop
device_001015,mobile
device_001016,corporate_workstation
device_001017,customer_service_terminal
device_001018,corporate_workstation
device_001019,customer_service_terminal
device_001020,corporate_workstation
device_001021,mobile
device_001022,tablet
device_001023,corporate_workstation
device_001024,customer_service_terminal
device_001025,mobile
device_001026,tablet
device_001027,mobile
device_001028,tablet
device_001029,mobile
device_001030,corporate_workstation
device_001031,mobile
device_001032,desktop
device_001033,desktop
device_001034,mobile
device_001035,customer_service_terminal
device_001036,mobile
device_001037,tablet
device_001038,customer_service_terminal
device_001039,customer_service_terminal
device_001040,mobile
device_001041,corporate_workstation
device_001042,mobile
device_001043,desktop
device_001044,corporate_workstation
device_001045,corporate_workstation
device_001046,tablet
device_001047,tablet
device_001048,mobile
device_001049,customer_service_terminal
device_001050,corporate_workstation
device_001051,customer_service_terminal
device_001052,desktop
device_001053,tablet
device_001054,tablet
device_001055,corporate_workstation
device_001056,mobile
device_001057,desktop
device_001058,customer_service_terminal
device_001059,desktop
device_001060,customer_service_terminal
device_001061,tablet
device_001062,corporate_workstation
device_001063,desktop
device_001064,desktop
device_001065,mobile
device_001066,desktop
device_001067,tablet
device_001068,corporate_workstation
device_001069,mobile
device_001070,customer_service_terminal
device_001071,customer_service_terminal
device_001072,tablet
device_001073,desktop
device_001074,mobile
device_001075,customer_service_terminal
device_001076,desktop
device_001077,tablet
device_001078,tablet
device_001079,tablet
device_001080,tablet
device_001081,mobile
device_001082,customer_service_terminal
device_001083,tablet
device_001084,tablet
device_001085,tablet
device_001086,tablet
device_001087,mobile
device_001088,mobile
device_001089,desktop
device_001090,corporate_workstation
device_001091,tablet
device_001092,desktop
device_001093,corporate_workstation
device_001094,desktop
device_001095,mobile
device_001096,desktop
device_001097,desktop
device_001098,desktop
device_001099,desktop
device_001100,corporate_workstation
device_001101,customer_service_terminal
device_001102,customer_service_terminal
device_001103,customer_service_terminal
device_001104,mobile
device_001105,mobile
device_001106,desktop
device_001107,tablet
device_001108,tablet
device_001109,customer_service_terminal
device_001110,desktop
device_001111,tablet
device_001112,tablet
device_001113,corporate_workstation
device_001114,customer_service_terminal
device_001115,mobile
device_001116,mobile
device_001117,tablet
device_001118,tablet
device_001119,customer_service_terminal
device_001120,mobile
device_001121,corporate_workstation
device_001122,desktop
device_001123,corporate_workstation
device_001124,corporate_workstation
device_001125,tablet
device_001126,mobile
device_001127,corporate_workstation
device_001128,corporate_workstation
device_001129,mobile
device_001130,customer_service_terminal
device_001131,desktop
device_001132,desktop
device_001133,desktop
device_001134,corporate_workstation
device_001135,mobile
device_001136,tablet
device_001137,corporate_workstation
device_001138,tablet
device_001139,corporate_workstation
device_001140,tablet
device_001141,corporate_workstation
device_001142,desktop
device_001143,tablet
device_001144,mobile
device_001145,mobile
device_001146,customer_service_terminal
device_001147,tablet
device_001148,desktop
device_001149,tablet
device_001150,desktop
device_001151,tablet
device_001152,desktop
device_001153,mobile
device_001154,customer_service_terminal
device_001155,customer_service_terminal
device_001156,corporate_workstation
device_001157,tablet
device_001158,customer_service_terminal
device_001159,corporate_workstation
device_001160,corporate_workstation
device_001161,customer_service_terminal
device_001162,desktop
device_001163,desktop
device_001164,tablet
device_001165,tablet
device_001166,tablet
device_001167,corporate_workstation
device_001168,mobile
device_001169,corporate_workstation
device_001170,customer_service_terminal
device_001171,mobile
device_001172,mobile
device_001173,desktop
device_001174,customer_service_terminal
device_001175,corporate_workstation
device_001176,mobile
device_001177,desktop
device_001178,corporate_workstation
device_001179,corporate_workstation
device_001180,mobile
device_001181,desktop
device_001182,corporate_workstation
device_001183,corporate_workstation
device_001184,corporate_workstation
device_001185,customer_service_terminal
device_001186,tablet
device_001187,tablet
device_001188,desktop
device_001189,desktop
device_001190,customer_service_terminal
device_001191,customer_service_terminal
device_001192,desktop
device_001193,customer_service_terminal
device_001194,mobile
device_001195,corporate_workstation
device_001196,tablet
device_001197,desktop
device_001198,desktop
device_001199,mobile
device_001200,corporate_workstation
device_001201,corporate_workstation
device_001202,corporate_workstation
device_001203,tablet
device_001204,mobile
device_001205,corporate_workstation
device_001206,tablet
device_001207,corporate_workstation
device_001208,customer_service_terminal
device_001209,desktop
device_001210,desktop
device_001211,corporate_workstation
device_001212,mobile
device_001213,mobile
device_001214,corporate_workstation
device_001215,customer_service_terminal
device_001216,tablet
device_001217,customer_service_terminal
device_001218,customer_service_terminal
device_001219,tablet
device_001220,customer_service_terminal
device_001221,corporate_workstation
device_001222,desktop
device_001223,mobile
device_001224,desktop
device_001225,mobile
device_001226,corporate_workstation
device_001227,mobile
device_001228,customer_service_terminal
device_001229,corporate_workstation
device_001230,corporate_workstation
device_001231,desktop
device_001232,tablet
device_001233,tablet
device_001234,tablet
device_001235,tablet
device_001236,mobile
device_001237,customer_service_terminal
device_001238,desktop
device_001239,mobile
device_001240,customer_service_terminal
device_001241,corporate_workstation
device_001242,customer_service_terminal
device_001243,mobile
device_001244,mobile
device_001245,mobile
device_001246,customer_service_terminal
device_001247,tablet
device_001248,desktop
device_001249,mobile
device_001250,corporate_workstation
device_001251,desktop
device_001252,customer_service_terminal
device_001253,mobile
device_001254,corporate_workstation
device_001255,mobile
device_001256,mobile
device_001257,corporate_workstation
device_001258,desktop
device_001259,tablet
device_001260,tablet
device_001261,customer_service_terminal
device_001262,tablet
device_001263,desktop
device_001264,mobile
device_001265,mobile
device_001266,tablet
device_001267,customer_service_terminal
device_001268,mobile
device_001269,customer_service_terminal
device_001270,tablet
device_001271,mobile
device_001272,mobile
device_001273,customer_service_terminal
device_001274,tablet
device_001275,customer_service_terminal
device_001276,corporate_workstation
device_001277,tablet
device_001278,corporate_workstation
device_001279,desktop
device_001280,corporate_workstation
device_001281,tablet
device_001282,mobile
device_001283,tablet
device_001284,customer_service_terminal
device_001285,mobile
device_001286,desktop
device_001287,tablet
device_001288,customer_service_terminal
device_001289,desktop
device_001290,desktop
device_001291,mobile
device_001292,corporate_workstation
device_001293,corporate_workstation
device_001294,desktop
device_001295,desktop
device_001296,mobile
device_001297,tablet
device_001298,mobile
device_001299,mobile
device_001300,desktop
device_001301,desktop
device_001302,mobile
device_001303,desktop
device_001304,customer_service_terminal
device_001305,tablet
device_001306,corporate_workstation
device_001307,corporate_workstation
device_001308,mobile
device_001309,corporate_workstation
device_001310,desktop
device_001311,desktop
device_001312,corporate_workstation
device_001313,mobile
device_001314,mobile
device_001315,corporate_workstation
device_001316,desktop
device_001317,mobile
device_001318,tablet
device_001319,tablet
device_001320,tablet
device_001321,mobile
device_001322,mobile
device_001323,corporate_workstation
device_001324,mobile
device_001325,corporate_workstation
device_001326,corporate_workstation
device_001327,customer_service_terminal
device_001328,customer_service_terminal
device_001329,desktop
device_001330,mobile
device_001331,mobile
device_001332,tablet
device_001333,tablet
device_001334,desktop
device_001335,desktop
device_001336,customer_service_terminal
device_001337,desktop
device_001338,desktop
device_001339,desktop
device_001340,desktop
device_001341,corporate_workstation
device_001342,mobile
device_001343,mobile
device_001344,corporate_workstation
device_001345,desktop
device_001346,customer_service_terminal
device_001347,desktop
device_001348,desktop
device_001349,desktop
device_001350,mobile
device_001351,corporate_workstation
device_001352,tablet
device_001353,desktop
device_001354,mobile
device_001355,mobile
device_001356,customer_service_terminal
device_001357,mobile
device_001358,mobile
device_001359,mobile
device_001360,desktop
device_001361,corporate_workstation
device_001362,customer_service_terminal
device_001363,corporate_workstation
device_001364,desktop
device_001365,desktop
device_001366,customer_service_terminal
device_001367,mobile
device_001368,desktop
device_001369,desktop
device_001370,desktop
device_001371,corporate_workstation
device_001372,desktop
device_001373,customer_service_terminal
device_001374,tablet
device_001375,mobile
device_001376,desktop
device_001377,desktop
device_001378,desktop
device_001379,customer_service_terminal
device_001380,corporate_workstation
device_001381,corporate_workstation
device_001382,tablet
device_001383,corporate_workstation
device_001384,corporate_workstation
device_001385,desktop
device_001386,desktop
device_001387,corporate_workstation
device_001388,desktop
device_001389,customer_service_terminal
device_001390,tablet
device_001391,corporate_workstation
device_001392,corporate_workstation
device_001393,customer_service_terminal
device_001394,tablet
device_001395,tablet
device_001396,mobile
device_001397,desktop
device_001398,corporate_workstation
device_001399,customer_service_terminal
device_001400,customer_service_terminal
device_001401,tablet
device_001402,tablet
device_001403,desktop
device_001404,corporate_workstation
device_001405,desktop
device_001406,mobile
device_001407,customer_service_terminal
device_001408,corporate_workstation
device_001409,desktop
device_001410,tablet
device_001411,tablet
device_001412,tablet
device_001413,desktop
device_001414,corporate_workstation
device_001415,customer_service_terminal
device_001416,customer_service_terminal
device_001417,corporate_workstation
device_001418,desktop
device_001419,customer_service_terminal
device_001420,tablet
device_001421,desktop
device_001422,corporate_workstation
device_001423,tablet
device_001424,mobile
device_001425,corporate_workstation
device_001426,desktop
device_001427,tablet
device_001428,tablet
device_001429,corporate_workstation
device_001430,corporate_workstation
device_001431,customer_service_terminal
device_001432,mobile
device_001433,corporate_workstation
device_001434,tablet
device_001435,tablet
device_001436,desktop
device_001437,corporate_workstation
device_001438,desktop
device_001439,customer_service_terminal
device_001440,mobile
device_001441,customer_service_terminal
device_001442,tablet
device_001443,tablet
device_001444,corporate_workstation
device_001445,mobile
device_001446,corporate_workstation
device_001447,tablet
device_001448,corporate_workstation
device_001449,desktop
device_001450,desktop
device_001451,tablet
device_001452,customer_service_terminal
device_001453,corporate_workstation
device_001454,desktop
device_001455,corporate_workstation
device_001456,tablet
device_001457,corporate_workstation
device_001458,tablet
device_001459,tablet
device_001460,corporate_workstation
device_001461,desktop
device_001462,corporate_workstation
device_001463,desktop
device_001464,customer_service_terminal
device_001465,customer_service_terminal
device_001466,tablet
device_001467,desktop
device_001468,customer_service_terminal
device_001469,customer_service_terminal
device_001470,corporate_workstation
device_001471,desktop
device_001472,desktop
device_001473,corporate_workstation
device_001474,desktop
device_001475,tablet
device_001476,tablet
device_001477,customer_service_terminal
device_001478,desktop
device_001479,corporate_workstation
device_001480,mobile
device_001481,corporate_workstation
device_001482,tablet
device_001483,mobile
device_001484,desktop
device_001485,tablet
device_001486,tablet
device_001487,desktop
device_001488,customer_service_terminal
device_001489,desktop
device_001490,corporate_workstation
device_001491,corporate_workstation
device_001492,desktop
device_001493,corporate_workstation
device_001494,tablet
device_001495,customer_service_terminal
device_001496,corporate_workstation
device_001497,customer_service_terminal
device_001498,tablet
device_001499,desktop
device_001500,customer_service_terminal
device_001501,mobile
device_001502,tablet
device_001503,mobile
device_001504,tablet
device_001505,customer_service_terminal
device_001506,desktop
device_001507,corporate_workstation
device_001508,customer_service_terminal
device_001509,tablet
device_001510,customer_service_terminal
device_001511,desktop
device_001512,customer_service_terminal
device_001513,customer_service_terminal
device_001514,customer_service_terminal
device_001515,mobile
device_001516,tablet
device_001517,mobile
device_001518,corporate_workstation
device_001519,desktop
device_001520,customer_service_terminal
device_001521,mobile
device_001522,mobile
device_001523,tablet
device_001524,customer_service_terminal
device_001525,desktop
device_001526,tablet
device_001527,mobile
device_001528,mobile
device_001529,desktop
device_001530,mobile
device_001531,tablet
device_001532,desktop
device_001533,tablet
device_001534,desktop
device_001535,tablet
device_001536,mobile
device_001537,tablet
device_001538,desktop
device_001539,mobile
device_001540,mobile
device_001541,corporate_workstation
device_001542,customer_service_terminal
device_001543,customer_service_terminal
device_001544,tablet
device_001545,tablet
device_001546,customer_service_terminal
device_001547,mobile
device_001548,customer_service_terminal
device_001549,desktop
device_001550,tablet
device_001551,corporate_workstation
device_001552,customer_service_terminal
device_001553,desktop
device_001554,mobile
device_001555,desktop
device_001556,mobile
device_001557,corporate_workstation
device_001558,tablet
device_001559,desktop
device_001560,customer_service_terminal
device_001561,corporate_workstation
device_001562,tablet
device_001563,tablet
device_001564,desktop
device_001565,corporate_workstation
device_001566,corporate_workstation
device_001567,desktop
device_001568,customer_service_terminal
device_001569,desktop
device_001570,tablet
device_001571,corporate_workstation
device_001572,corporate_workstation
device_001573,tablet
device_001574,desktop
device_001575,desktop
device_001576,customer_service_terminal
device_001577,mobile
device_001578,tablet
device_001579,desktop
device_001580,customer_service_terminal
device_001581,customer_service_terminal
device_001582,corporate_workstation
device_001583,mobile
device_001584,desktop
device_001585,tablet
device_001586,customer_service_terminal
device_001587,corporate_workstation
device_001588,customer_service_terminal
device_001589,mobile
device_001590,mobile
device_001591,desktop
device_001592,tablet
device_001593,tablet
device_001594,corporate_workstation
device_001595,customer_service_terminal
device_001596,tablet
device_001597,mobile
device_001598,customer_service_terminal
device_001599,tablet
device_001600,tablet
device_001601,mobile
device_001602,tablet
device_001603,customer_service_terminal
device_001604,desktop
device_001605,desktop
device_001606,corporate_workstation
device_001607,desktop
device_001608,customer_service_terminal
device_001609,mobile
device_001610,mobile
device_001611,mobile
device_001612,tablet
device_001613,mobile
device_001614,desktop
device_001615,corporate_workstation
device_001616,customer_service_terminal
device_001617,mobile
device_001618,mobile
device_001619,tablet
device_001620,desktop
device_001621,customer_service_terminal
device_001622,customer_service_terminal
device_001623,corporate_workstation
device_001624,customer_service_terminal
device_001625,mobile
device_001626,mobile
device_001627,desktop
device_001628,desktop
device_001629,desktop
device_001630,corporate_workstation
device_001631,corporate_workstation
device_001632,desktop
device_001633,tablet
device_001634,tablet
device_001635,tablet
device_001636,desktop
device_001637,corporate_workstation
device_001638,customer_service_terminal
device_001639,mobile
device_001640,corporate_workstation
device_001641,mobile
device_001642,customer_service_terminal
device_001643,customer_service_terminal
device_001644,corporate_workstation
device_001645,mobile
device_001646,mobile
device_001647,mobile
device_001648,tablet
device_001649,tablet
device_001650,customer_service_terminal
device_001651,desktop
device_001652,mobile
device_001653,mobile
device_001654,corporate_workstation
device_001655,customer_service_terminal
device_001656,mobile
device_001657,mobile
device_001658,tablet
device_001659,mobile
device_001660,corporate_workstation
device_001661,customer_service_terminal
device_001662,customer_service_terminal
device_001663,mobile
device_001664,mobile
device_001665,mobile
device_001666,corporate_workstation
device_001667,desktop
device_001668,mobile
device_001669,desktop
device_001670,customer_service_terminal
device_001671,customer_service_terminal
device_001672,tablet
device_001673,tablet
device_001674,mobile
device_001675,tablet
device_001676,customer_service_terminal
device_001677,mobile
device_001678,mobile
device_001679,customer_service_terminal
device_001680,customer_service_terminal
device_001681,mobile
device_001682,desktop
device_001683,corporate_workstation
device_001684,desktop
device_001685,mobile
device_001686,desktop
device_001687,corporate_workstation
device_001688,customer_service_terminal
device_001689,corporate_workstation
device_001690,corporate_workstation
device_001691,customer_service_terminal
device_001692,corporate_workstation
device_001693,desktop
device_001694,mobile
device_001695,desktop
device_001696,corporate_workstation
device_001697,desktop
device_001698,mobile
device_001699,tablet
device_001700,mobile
device_001701,tablet
device_001702,customer_service_terminal
device_001703,mobile
device_001704,tablet
device_001705,customer_service_terminal
device_001706,mobile
device_001707,desktop
device_001708,customer_service_terminal
device_001709,tablet
device_001710,mobile
device_001711,mobile
device_001712,corporate_workstation
device_001713,tablet
device_001714,mobile
device_001715,mobile
device_001716,tablet
device_001717,mobile
device_001718,desktop
device_001719,desktop
device_001720,mobile
device_001721,customer_service_terminal
device_001722,corporate_workstation
device_001723,mobile
device_001724,desktop
device_001725,corporate_workstation
device_001726,tablet
device_001727,mobile
device_001728,desktop
device_001729,customer_service_terminal
device_001730,customer_service_terminal
device_001731,mobile
device_001732,corporate_workstation
device_001733,mobile
device_001734,mobile
device_001735,desktop
device_001736,customer_service_terminal
device_001737,tablet
device_001738,corporate_workstation
device_001739,corporate_workstation
device_001740,desktop
device_001741,tablet
device_001742,mobile
device_001743,customer_service_terminal
device_001744,desktop
device_001745,tablet
device_001746,tablet
device_001747,customer_service_terminal
device_001748,corporate_workstation
device_001749,tablet
device_001750,tablet
device_001751,corporate_workstation
device_001752,tablet
device_001753,desktop
device_001754,customer_service_terminal
device_001755,mobile
device_001756,desktop
device_001757,customer_service_terminal
device_001758,mobile
device_001759,mobile
device_001760,tablet
device_001761,corporate_workstation
device_001762,customer_service_terminal
device_001763,mobile
device_001764,tablet
device_001765,mobile
device_001766,customer_service_terminal
device_001767,corporate_workstation
device_001768,desktop
device_001769,desktop
device_001770,desktop
device_001771,mobile
device_001772,corporate_workstation
device_001773,corporate_workstation
device_001774,mobile
device_001775,mobile
device_001776,desktop
device_001777,mobile
device_001778,corporate_workstation
device_001779,desktop
device_001780,corporate_workstation
device_001781,mobile
device_001782,tablet
device_001783,customer_service_terminal
device_001784,tablet
device_001785,desktop
device_001786,tablet
device_001787,mobile
device_001788,tablet
device_001789,customer_service_terminal
device_001790,corporate_workstation
device_001791,corporate_workstation
device_001792,corporate_workstation
device_001793,desktop
device_001794,corporate_workstation
device_001795,desktop
device_001796,tablet
device_001797,corporate_workstation
device_001798,mobile
device_001799,mobile
device_001800,desktop
device_001801,corporate_workstation
device_001802,corporate_workstation
device_001803,tablet
device_001804,mobile
device_001805,tablet
device_001806,customer_service_terminal
device_001807,customer_service_terminal
device_001808,customer_service_terminal
device_001809,customer_service_terminal
device_001810,corporate_workstation
device_001811,customer_service_terminal
device_001812,customer_service_terminal
device_001813,corporate_workstation
device_001814,tablet
device_001815,tablet
device_001816,customer_service_terminal
device_001817,corporate_workstation
device_001818,customer_service_terminal
device_001819,customer_service_terminal
device_001820,customer_service_terminal
device_001821,desktop
device_001822,mobile
device_001823,mobile
device_001824,corporate_workstation
device_001825,mobile
device_001826,customer_service_terminal
device_001827,corporate_workstation
device_001828,tablet
device_001829,tablet
device_001830,corporate_workstation
device_001831,tablet
device_001832,desktop
device_001833,corporate_workstation
device_001834,corporate_workstation
device_001835,customer_service_terminal
device_001836,corporate_workstation
device_001837,desktop
device_001838,desktop
device_001839,tablet
device_001840,mobile
device_001841,tablet
device_001842,desktop
device_001843,tablet
device_001844,tablet
device_001845,desktop
device_001846,corporate_workstation
device_001847,tablet
device_001848,corporate_workstation
device_001849,mobile
device_001850,corporate_workstation
device_001851,tablet
device_001852,mobile
device_001853,tablet
device_001854,mobile
device_001855,mobile
device_001856,mobile
device_001857,corporate_workstation
device_001858,corporate_workstation
device_001859,mobile
device_001860,desktop
device_001861,mobile
device_001862,tablet
device_001863,customer_service_terminal
device_001864,tablet
device_001865,desktop
device_001866,corporate_workstation
device_001867,mobile
device_001868,customer_service_terminal
device_001869,tablet
device_001870,mobile
device_001871,mobile
device_001872,mobile
device_001873,tablet
device_001874,tablet
device_001875,customer_service_terminal
device_001876,customer_service_terminal
device_001877,mobile
device_001878,corporate_workstation
device_001879,mobile
device_001880,tablet
device_001881,desktop
device_001882,customer_service_terminal
device_001883,desktop
device_001884,mobile
device_001885,tablet
device_001886,tablet
device_001887,desktop
device_001888,desktop
device_001889,customer_service_terminal
device_001890,mobile
device_001891,mobile
device_001892,corporate_workstation
device_001893,desktop
device_001894,desktop
device_001895,desktop
device_001896,desktop
device_001897,customer_service_terminal
device_001898,desktop
device_001899,desktop
device_001900,desktop
device_001901,customer_service_terminal
device_001902,desktop
device_001903,corporate_workstation
device_001904,mobile
device_001905,customer_service_terminal
device_001906,corporate_workstation
device_001907,tablet
device_001908,corporate_workstation
device_001909,desktop
device_001910,customer_service_terminal
device_001911,desktop
device_001912,corporate_workstation
device_001913,customer_service_terminal
device_001914,customer_service_terminal
device_001915,customer_service_terminal
device_001916,corporate_workstation
device_001917,mobile
device_001918,mobile
device_001919,corporate_workstation
device_001920,mobile
device_001921,mobile
device_001922,customer_service_terminal
device_001923,corporate_workstation
device_001924,tablet
device_001925,customer_service_terminal
device_001926,mobile
device_001927,desktop
device_001928,corporate_workstation
device_001929,mobile
device_001930,mobile
device_001931,desktop
device_001932,corporate_workstation
device_001933,mobile
device_001934,corporate_workstation
device_001935,desktop
device_001936,corporate_workstation
device_001937,tablet
device_001938,desktop
device_001939,desktop
device_001940,customer_service_terminal
device_001941,customer_service_terminal
device_001942,desktop
device_001943,mobile
device_001944,tablet
device_001945,corporate_workstation
device_001946,mobile
device_001947,corporate_workstation
device_001948,tablet
device_001949,customer_service_terminal
device_001950,mobile
device_001951,customer_service_terminal
device_001952,tablet
device_001953,customer_service_terminal
device_001954,desktop
device_001955,mobile
device_001956,desktop
device_001957,customer_service_terminal
device_001958,mobile
device_001959,mobile
device_001960,mobile
device_001961,corporate_workstation
device_001962,mobile
device_001963,customer_service_terminal
device_001964,corporate_workstation
device_001965,corporate_workstation
device_001966,desktop
device_001967,corporate_workstation
device_001968,mobile
device_001969,customer_service_terminal
device_001970,corporate_workstation
device_001971,desktop
device_001972,customer_service_terminal
device_001973,mobile
device_001974,corporate_workstation
device_001975,corporate_workstation
device_001976,tablet
device_001977,customer_service_terminal
device_001978,tablet
device_001979,tablet
device_001980,corporate_workstation
device_001981,desktop
device_001982,customer_service_terminal
device_001983,mobile
device_001984,desktop
device_001985,mobile
device_001986,customer_service_terminal
device_001987,customer_service_terminal
device_001988,customer_service_terminal
device_001989,desktop
device_001990,mobile
device_001991,tablet
device_001992,desktop
device_001993,corporate_workstation
device_001994,tablet
device_001995,customer_service_terminal
device_001996,mobile
device_001997,desktop
device_001998,tablet
device_001999,customer_service_terminal
device_002000,customer_service_terminal
device_002001,mobile
device_002002,desktop
device_002003,mobile
device_002004,desktop
device_002005,customer_service_terminal
device_002006,tablet
device_002007,corporate_workstation
device_002008,desktop
device_002009,tablet
device_002010,customer_service_terminal
device_002011,customer_service_terminal
device_002012,mobile
device_002013,corporate_workstation
device_002014,corporate_workstation
device_002015,customer_service_terminal
device_002016,corporate_workstation
device_002017,corporate_workstation
device_002018,tablet
device_002019,corporate_workstation
device_002020,customer_service_terminal
device_002021,customer_service_terminal
device_002022,corporate_workstation
device_002023,mobile
device_002024,customer_service_terminal
device_002025,corporate_workstation
device_002026,desktop
device_002027,customer_service_terminal
device_002028,mobile
device_002029,tablet
device_002030,customer_service_terminal
device_002031,tablet
device_002032,customer_service_terminal
device_002033,mobile
device_002034,corporate_workstation
device_002035,corporate_workstation
device_002036,desktop
device_002037,customer_service_terminal
device_002038,customer_service_terminal
device_002039,customer_service_terminal
device_002040,tablet
device_002041,mobile
device_002042,tablet
device_002043,mobile
device_002044,mobile
device_002045,tablet
device_002046,corporate_workstation
device_002047,tablet
device_002048,tablet
device_002049,desktop
device_002050,desktop
device_002051,tablet
device_002052,corporate_workstation
device_002053,corporate_workstation
device_002054,tablet
device_002055,mobile
device_002056,mobile
device_002057,tablet
device_002058,corporate_workstation
device_002059,desktop
device_002060,tablet
device_002061,tablet
device_002062,mobile
device_002063,desktop
device_002064,tablet
device_002065,customer_service_terminal
device_002066,mobile
device_002067,corporate_workstation
device_002068,customer_service_terminal
device_002069,customer_service_terminal
device_002070,mobile
device_002071,desktop
device_002072,corporate_workstation
device_002073,desktop
device_002074,mobile
device_002075,customer_service_terminal
device_002076,corporate_workstation
device_002077,desktop
device_002078,tablet
device_002079,tablet
device_002080,customer_service_terminal
device_002081,customer_service_terminal
device_002082,desktop
device_002083,customer_service_terminal
device_002084,tablet
device_002085,corporate_workstation
device_002086,corporate_workstation
device_002087,corporate_workstation
device_002088,tablet
device_002089,tablet
device_002090,desktop
device_002091,corporate_workstation
device_002092,mobile
device_002093,customer_service_terminal
device_002094,corporate_workstation
device_002095,desktop
device_002096,desktop
device_002097,desktop
device_002098,corporate_workstation
device_002099,desktop
device_002100,desktop
device_002101,corporate_workstation
device_002102,customer_service_terminal
device_002103,mobile
device_002104,mobile
device_002105,corporate_workstation
device_002106,mobile
device_002107,tablet
device_002108,desktop
device_002109,corporate_workstation
device_002110,mobile
device_002111,corporate_workstation
device_002112,corporate_workstation
device_002113,desktop
device_002114,tablet
device_002115,customer_service_terminal
device_002116,mobile
device_002117,corporate_workstation
device_002118,customer_service_terminal
device_002119,corporate_workstation
device_002120,corporate_workstation
device_002121,tablet
device_002122,corporate_workstation
device_002123,customer_service_terminal
device_002124,mobile
device_002125,tablet
device_002126,desktop
device_002127,tablet
device_002128,customer_service_terminal
device_002129,tablet
device_002130,mobile
device_002131,desktop
device_002132,corporate_workstation
device_002133,desktop
device_002134,corporate_workstation
device_002135,tablet
device_002136,mobile
device_002137,desktop
device_002138,desktop
device_002139,desktop
device_002140,desktop
device_002141,customer_service_terminal
device_002142,corporate_workstation
device_002143,customer_service_terminal
device_002144,corporate_workstation
device_002145,corporate_workstation
device_002146,desktop
device_002147,desktop
device_002148,mobile
device_002149,corporate_workstation
device_002150,customer_service_terminal
device_002151,desktop
device_002152,customer_service_terminal
device_002153,tablet
device_002154,desktop
device_002155,mobile
device_002156,corporate_workstation
device_002157,mobile
device_002158,desktop
device_002159,customer_service_terminal
device_002160,tablet
device_002161,tablet
device_002162,desktop
device_002163,customer_service_terminal
device_002164,customer_service_terminal
device_002165,mobile
device_002166,tablet
device_002167,desktop
device_002168,mobile
device_002169,tablet
device_002170,corporate_workstation
device_002171,desktop
device_002172,customer_service_terminal
device_002173,desktop
device_002174,desktop
device_002175,mobile
device_002176,corporate_workstation
device_002177,mobile
device_002178,tablet
device_002179,tablet
device_002180,customer_service_terminal
device_002181,desktop
device_002182,mobile
device_002183,corporate_workstation
device_002184,desktop
device_002185,customer_service_terminal
device_002186,desktop
device_002187,tablet
device_002188,tablet
device_002189,customer_service_terminal
device_002190,desktop
device_002191,tablet
device_002192,mobile
device_002193,tablet
device_002194,desktop
device_002195,desktop
device_002196,corporate_workstation
device_002197,mobile
device_002198,desktop
device_002199,mobile
device_002200,desktop
device_002201,customer_service_terminal
device_002202,desktop
device_002203,customer_service_terminal
device_002204,mobile
device_002205,corporate_workstation
device_002206,customer_service_terminal
device_002207,corporate_workstation
device_002208,mobile
device_002209,desktop
device_002210,desktop
device_002211,mobile
device_002212,tablet
device_002213,mobile
device_002214,customer_service_terminal
device_002215,mobile
device_002216,mobile
device_002217,customer_service_terminal
device_002218,desktop
device_002219,desktop
device_002220,desktop
device_002221,corporate_workstation
device_002222,customer_service_terminal
device_002223,desktop
device_002224,tablet
device_002225,customer_service_terminal
device_002226,tablet
device_002227,mobile
device_002228,customer_service_terminal
device_002229,mobile
device_002230,mobile
device_002231,mobile
device_002232,mobile
device_002233,desktop
device_002234,customer_service_terminal
device_002235,corporate_workstation
device_002236,tablet
device_002237,mobile
device_002238,tablet
device_002239,desktop
device_002240,desktop
device_002241,corporate_workstation
device_002242,tablet
device_002243,corporate_workstation
device_002244,tablet
device_002245,mobile
device_002246,customer_service_terminal
device_002247,corporate_workstation
device_002248,corporate_workstation
device_002249,customer_service_terminal
device_002250,corporate_workstation
device_002251,mobile
device_002252,tablet
device_002253,customer_service_terminal
device_002254,customer_service_terminal
device_002255,desktop
device_002256,desktop
device_002257,mobile
device_002258,corporate_workstation
device_002259,corporate_workstation
device_002260,desktop
device_002261,desktop
device_002262,desktop
device_002263,mobile
device_002264,tablet
device_002265,tablet
device_002266,tablet
device_002267,customer_service_terminal
device_002268,mobile
device_002269,corporate_workstation
device_002270,corporate_workstation
device_002271,tablet
device_002272,corporate_workstation
device_002273,tablet
device_002274,corporate_workstation
device_002275,desktop
device_002276,tablet
device_002277,mobile
device_002278,mobile
device_002279,customer_service_terminal
device_002280,corporate_workstation
device_002281,corporate_workstation
device_002282,desktop
device_002283,customer_service_terminal
device_002284,mobile
device_002285,mobile
device_002286,tablet
device_002287,tablet
device_002288,tablet
device_002289,tablet
device_002290,tablet
device_002291,corporate_workstation
device_002292,mobile
device_002293,corporate_workstation
device_002294,desktop
device_002295,tablet
device_002296,tablet
device_002297,mobile
device_002298,desktop
device_002299,mobile
device_002300,customer_service_terminal
device_002301,desktop
device_002302,customer_service_terminal
device_002303,mobile
device_002304,corporate_workstation
device_002305,tablet
device_002306,customer_service_terminal
device_002307,mobile
device_002308,tablet
device_002309,mobile
device_002310,customer_service_terminal
device_002311,mobile
device_002312,desktop
device_002313,desktop
device_002314,desktop
device_002315,mobile
device_002316,mobile
device_002317,tablet
device_002318,tablet
device_002319,customer_service_terminal
device_002320,tablet
device_002321,mobile
device_002322,tablet
device_002323,tablet
device_002324,tablet
device_002325,desktop
device_002326,corporate_workstation
device_002327,desktop
device_002328,desktop
device_002329,desktop
device_002330,desktop
device_002331,tablet
device_002332,mobile
device_002333,customer_service_terminal
device_002334,corporate_workstation
device_002335,customer_service_terminal
device_002336,desktop
device_002337,mobile
device_002338,desktop
device_002339,tablet
device_002340,customer_service_terminal
device_002341,corporate_workstation
device_002342,customer_service_terminal
device_002343,corporate_workstation
device_002344,tablet
device_002345,desktop
device_002346,tablet
device_002347,mobile
device_002348,mobile
device_002349,corporate_workstation
device_002350,desktop
device_002351,customer_service_terminal
device_002352,corporate_workstation
device_002353,desktop
device_002354,mobile
device_002355,mobile
device_002356,mobile
device_002357,desktop
device_002358,tablet
device_002359,corporate_workstation
device_002360,desktop
device_002361,customer_service_terminal
device_002362,customer_service_terminal
device_002363,customer_service_terminal
device_002364,desktop
device_002365,desktop
device_002366,mobile
device_002367,desktop
device_002368,desktop
device_002369,corporate_workstation
device_002370,tablet
device_002371,corporate_workstation
device_002372,customer_service_terminal
device_002373,customer_service_terminal
device_002374,tablet
device_002375,tablet
device_002376,customer_service_terminal
device_002377,desktop
device_002378,desktop
device_002379,tablet
device_002380,customer_service_terminal
device_002381,corporate_workstation
device_002382,mobile
device_002383,tablet
device_002384,customer_service_terminal
device_002385,desktop
device_002386,tablet
device_002387,tablet
device_002388,corporate_workstation
device_002389,customer_service_terminal
device_002390,mobile
device_002391,corporate_workstation
device_002392,desktop
device_002393,customer_service_terminal
device_002394,desktop
device_002395,mobile
device_002396,mobile
device_002397,mobile
device_002398,corporate_workstation
device_002399,mobile
device_002400,tablet
device_002401,corporate_workstation
device_002402,desktop
device_002403,tablet
device_002404,tablet
device_002405,corporate_workstation
device_002406,desktop
device_002407,tablet
device_002408,tablet
device_002409,desktop
device_002410,corporate_workstation
device_002411,mobile
device_002412,desktop
device_002413,tablet
device_002414,desktop
device_002415,corporate_workstation
device_002416,corporate_workstation
device_002417,corporate_workstation
device_002418,desktop
device_002419,desktop
device_002420,tablet
device_002421,corporate_workstation
device_002422,tablet
device_002423,corporate_workstation
device_002424,tablet
device_002425,customer_service_terminal
device_002426,tablet
device_002427,tablet
device_002428,corporate_workstation
device_002429,customer_service_terminal
device_002430,tablet
device_002431,customer_service_terminal
device_002432,corporate_workstation
device_002433,customer_service_terminal
device_002434,tablet
device_002435,desktop
device_002436,desktop
device_002437,corporate_workstation
device_002438,customer_service_terminal
device_002439,corporate_workstation
device_002440,corporate_workstation
device_002441,mobile
device_002442,mobile
device_002443,corporate_workstation
device_002444,tablet
device_002445,desktop
device_002446,corporate_workstation
device_002447,mobile
device_002448,tablet
device_002449,customer_service_terminal
device_002450,desktop
device_002451,customer_service_terminal
device_002452,tablet
device_002453,corporate_workstation
device_002454,tablet
device_002455,customer_service_terminal
device_002456,corporate_workstation
device_002457,mobile
device_002458,desktop
device_002459,mobile
device_002460,tablet
device_002461,desktop
device_002462,tablet
device_002463,tablet
device_002464,tablet
device_002465,desktop
device_002466,customer_service_terminal
device_002467,desktop
device_002468,corporate_workstation
device_002469,mobile
device_002470,customer_service_terminal
device_002471,tablet
device_002472,customer_service_terminal
device_002473,desktop
device_002474,corporate_workstation
device_002475,corporate_workstation
device_002476,desktop
device_002477,mobile
device_002478,desktop
device_002479,customer_service_terminal
device_002480,mobile
device_002481,corporate_workstation
device_002482,tablet
device_002483,corporate_workstation
device_002484,mobile
device_002485,desktop
device_002486,desktop
device_002487,desktop
device_002488,corporate_workstation
device_002489,tablet
device_002490,tablet
device_002491,customer_service_terminal
device_002492,mobile
device_002493,corporate_workstation
device_002494,corporate_workstation
device_002495,tablet
device_002496,customer_service_terminal
device_002497,tablet
device_002498,desktop
device_002499,corporate_workstation
device_002500,mobile
device_002501,customer_service_terminal
device_002502,corporate_workstation
device_002503,mobile
device_002504,tablet
device_002505,mobile
device_002506,desktop
device_002507,desktop
device_002508,customer_service_terminal
device_002509,customer_service_terminal
device_002510,desktop
device_002511,mobile
device_002512,corporate_workstation
device_002513,tablet
device_002514,customer_service_terminal
device_002515,desktop
device_002516,desktop
device_002517,desktop
device_002518,tablet
device_002519,desktop
device_002520,mobile
device_002521,customer_service_terminal
device_002522,corporate_workstation
device_002523,corporate_workstation
device_002524,mobile
device_002525,tablet
device_002526,tablet
device_002527,tablet
device_002528,tablet
device_002529,mobile
device_002530,tablet
device_002531,desktop
device_002532,tablet
device_002533,desktop
device_002534,desktop
device_002535,customer_service_terminal
device_002536,tablet
device_002537,desktop
device_002538,mobile
device_002539,mobile
device_002540,mobile
device_002541,desktop
device_002542,desktop
device_002543,mobile
device_002544,mobile
device_002545,customer_service_terminal
device_002546,corporate_workstation
device_002547,customer_service_terminal
device_002548,corporate_workstation
device_002549,desktop
device_002550,tablet
device_002551,corporate_workstation
device_002552,customer_service_terminal
device_002553,desktop
device_002554,desktop
device_002555,desktop
device_002556,tablet
device_002557,tablet
device_002558,customer_service_terminal
device_002559,tablet
device_002560,mobile
device_002561,customer_service_terminal
device_002562,desktop
device_002563,customer_service_terminal
device_002564,customer_service_terminal
device_002565,tablet
device_002566,tablet
device_002567,mobile
device_002568,desktop
device_002569,tablet
device_002570,mobile
device_002571,corporate_workstation
device_002572,corporate_workstation
device_002573,customer_service_terminal
device_002574,corporate_workstation
device_002575,tablet
device_002576,customer_service_terminal
device_002577,desktop
device_002578,mobile
device_002579,customer_service_terminal
device_002580,corporate_workstation
device_002581,tablet
device_002582,corporate_workstation
device_002583,customer_service_terminal
device_002584,mobile
device_002585,mobile
device_002586,desktop
device_002587,desktop
device_002588,corporate_workstation
device_002589,customer_service_terminal
device_002590,corporate_workstation
device_002591,mobile
device_002592,customer_service_terminal
device_002593,desktop
device_002594,corporate_workstation
device_002595,mobile
device_002596,mobile
device_002597,mobile
device_002598,mobile
device_002599,corporate_workstation
device_002600,corporate_workstation
device_002601,tablet
device_002602,mobile
device_002603,tablet
device_002604,corporate_workstation
device_002605,customer_service_terminal
device_002606,mobile
device_002607,customer_service_terminal
device_002608,mobile
device_002609,desktop
device_002610,customer_service_terminal
device_002611,customer_service_terminal
device_002612,customer_service_terminal
device_002613,mobile
device_002614,corporate_workstation
device_002615,corporate_workstation
device_002616,mobile
device_002617,mobile
device_002618,corporate_workstation
device_002619,mobile
device_002620,corporate_workstation
device_002621,desktop
device_002622,mobile
device_002623,corporate_workstation
device_002624,tablet
device_002625,tablet
device_002626,customer_service_terminal
device_002627,corporate_workstation
device_002628,mobile
device_002629,desktop
device_002630,corporate_workstation
device_002631,desktop
device_002632,customer_service_terminal
device_002633,mobile
device_002634,corporate_workstation
device_002635,customer_service_terminal
device_002636,desktop
device_002637,tablet
device_002638,corporate_workstation
device_002639,tablet
device_002640,corporate_workstation
device_002641,corporate_workstation
device_002642,customer_service_terminal
device_002643,mobile
device_002644,desktop
device_002645,mobile
device_002646,customer_service_terminal
device_002647,mobile
device_002648,mobile
device_002649,tablet
device_002650,customer_service_terminal
device_002651,corporate_workstation
device_002652,tablet
device_002653,corporate_workstation
device_002654,tablet
device_002655,mobile
device_002656,tablet
device_002657,tablet
device_002658,customer_service_terminal
device_002659,corporate_workstation
device_002660,mobile
device_002661,mobile
device_002662,customer_service_terminal
device_002663,mobile
device_002664,desktop
device_002665,tablet
device_002666,mobile
device_002667,tablet
device_002668,customer_service_terminal
device_002669,customer_service_terminal
device_002670,customer_service_terminal
device_002671,desktop
device_002672,tablet
device_002673,mobile
device_002674,tablet
device_002675,mobile
device_002676,mobile
device_002677,corporate_workstation
device_002678,customer_service_terminal
device_002679,tablet
device_002680,tablet
device_002681,customer_service_terminal
device_002682,tablet
device_002683,mobile
device_002684,mobile
device_002685,customer_service_terminal
device_002686,customer_service_terminal
device_002687,tablet
device_002688,tablet
device_002689,tablet
device_002690,corporate_workstation
device_002691,customer_service_terminal
device_002692,customer_service_terminal
device_002693,desktop
device_002694,desktop
device_002695,desktop
device_002696,tablet
device_002697,mobile
device_002698,tablet
device_002699,mobile
device_002700,corporate_workstation
device_002701,mobile
device_002702,corporate_workstation
device_002703,customer_service_terminal
device_002704,desktop
device_002705,corporate_workstation
device_002706,desktop
device_002707,corporate_workstation
device_002708,corporate_workstation
device_002709,customer_service_terminal
device_002710,mobile
device_002711,customer_service_terminal
device_002712,corporate_workstation
device_002713,tablet
device_002714,corporate_workstation
device_002715,tablet
device_002716,desktop
device_002717,customer_service_terminal
device_002718,corporate_workstation
device_002719,desktop
device_002720,corporate_workstation
device_002721,desktop
device_002722,desktop
device_002723,customer_service_terminal
device_002724,customer_service_terminal
device_002725,customer_service_terminal
device_002726,desktop
device_002727,corporate_workstation
device_002728,desktop
device_002729,tablet
device_002730,tablet
device_002731,desktop
device_002732,mobile
device_002733,tablet
device_002734,tablet
device_002735,corporate_workstation
device_002736,customer_service_terminal
device_002737,mobile
device_002738,mobile
device_002739,corporate_workstation
device_002740,customer_service_terminal
device_002741,corporate_workstation
device_002742,tablet
device_002743,tablet
device_002744,customer_service_terminal
device_002745,tablet
device_002746,customer_service_terminal
device_002747,desktop
device_002748,mobile
device_002749,desktop
device_002750,mobile
device_002751,desktop
device_002752,customer_service_terminal
device_002753,corporate_workstation
device_002754,desktop
device_002755,desktop
device_002756,tablet
device_002757,desktop
device_002758,tablet
device_002759,tablet
device_002760,tablet
device_002761,customer_service_terminal
device_002762,customer_service_terminal
device_002763,desktop
device_002764,corporate_workstation
device_002765,corporate_workstation
device_002766,mobile
device_002767,corporate_workstation
device_002768,mobile
device_002769,desktop
device_002770,corporate_workstation
device_002771,desktop
device_002772,customer_service_terminal
device_002773,corporate_workstation
device_002774,corporate_workstation
device_002775,tablet
device_002776,mobile
device_002777,desktop
device_002778,mobile
device_002779,customer_service_terminal
device_002780,tablet
device_002781,desktop
device_002782,mobile
device_002783,customer_service_terminal
device_002784,customer_service_terminal
device_002785,tablet
device_002786,desktop
device_002787,mobile
device_002788,tablet
device_002789,desktop
device_002790,customer_service_terminal
device_002791,desktop
device_002792,tablet
device_002793,tablet
device_002794,tablet
device_002795,tablet
device_002796,mobile
device_002797,mobile
device_002798,customer_service_terminal
device_002799,corporate_workstation
device_002800,desktop
device_002801,corporate_workstation
device_002802,desktop
device_002803,tablet
device_002804,customer_service_terminal
device_002805,tablet
device_002806,desktop
device_002807,mobile
device_002808,customer_service_terminal
device_002809,mobile
device_002810,mobile
device_002811,tablet
device_002812,mobile
device_002813,desktop
device_002814,mobile
device_002815,mobile
device_002816,desktop
device_002817,corporate_workstation
device_002818,desktop
device_002819,desktop
device_002820,corporate_workstation
device_002821,corporate_workstation
device_002822,tablet
device_002823,desktop
device_002824,mobile
device_002825,corporate_workstation
device_002826,tablet
device_002827,tablet
device_002828,tablet
device_002829,mobile
device_002830,customer_service_terminal
device_002831,tablet
device_002832,mobile
device_002833,customer_service_terminal
device_002834,customer_service_terminal
device_002835,tablet
device_002836,mobile
device_002837,tablet
device_002838,corporate_workstation
device_002839,customer_service_terminal
device_002840,tablet
device_002841,corporate_workstation
device_002842,tablet
device_002843,tablet
device_002844,tablet
device_002845,tablet
device_002846,corporate_workstation
device_002847,mobile
device_002848,customer_service_terminal
device_002849,customer_service_terminal
device_002850,tablet
device_002851,customer_service_terminal
device_002852,desktop
device_002853,desktop
device_002854,corporate_workstation
device_002855,corporate_workstation
device_002856,mobile
device_002857,mobile
device_002858,customer_service_terminal
device_002859,corporate_workstation
device_002860,desktop
device_002861,desktop
device_002862,corporate_workstation
device_002863,desktop
device_002864,tablet
device_002865,corporate_workstation
device_002866,desktop
device_002867,tablet
device_002868,customer_service_terminal
device_002869,desktop
device_002870,desktop
device_002871,desktop
device_002872,mobile
device_002873,customer_service_terminal
device_002874,mobile
device_002875,corporate_workstation
device_002876,desktop
device_002877,customer_service_terminal
device_002878,mobile
device_002879,tablet
device_002880,mobile
device_002881,corporate_workstation
device_002882,corporate_workstation
device_002883,tablet
device_002884,desktop
device_002885,tablet
device_002886,mobile
device_002887,mobile
device_002888,corporate_workstation
device_002889,tablet
device_002890,customer_service_terminal
device_002891,mobile
device_002892,mobile
device_002893,corporate_workstation
device_002894,mobile
device_002895,mobile
device_002896,mobile
device_002897,mobile
device_002898,tablet
device_002899,desktop
device_002900,tablet
device_002901,mobile
device_002902,mobile
device_002903,customer_service_terminal
device_002904,mobile
device_002905,desktop
device_002906,tablet
device_002907,corporate_workstation
device_002908,customer_service_terminal
device_002909,customer_service_terminal
device_002910,desktop
device_002911,corporate_workstation
device_002912,tablet
device_002913,corporate_workstation
device_002914,customer_service_terminal
device_002915,tablet
device_002916,customer_service_terminal
device_002917,desktop
device_002918,desktop
device_002919,corporate_workstation
device_002920,corporate_workstation
device_002921,customer_service_terminal
device_002922,customer_service_terminal
device_002923,desktop
device_002924,corporate_workstation
device_002925,tablet
device_002926,mobile
device_002927,customer_service_terminal
device_002928,desktop
device_002929,mobile
device_002930,corporate_workstation
device_002931,customer_service_terminal
device_002932,tablet
device_002933,tablet
device_002934,customer_service_terminal
device_002935,mobile
device_002936,corporate_workstation
device_002937,tablet
device_002938,desktop
device_002939,customer_service_terminal
device_002940,tablet
device_002941,tablet
device_002942,corporate_workstation
device_002943,desktop
device_002944,desktop
device_002945,mobile
device_002946,desktop
device_002947,mobile
device_002948,tablet
device_002949,desktop
device_002950,tablet
device_002951,tablet
device_002952,corporate_workstation
device_002953,desktop
device_002954,customer_service_terminal
device_002955,desktop
device_002956,corporate_workstation
device_002957,tablet
device_002958,customer_service_terminal
device_002959,corporate_workstation
device_002960,corporate_workstation
device_002961,customer_service_terminal
device_002962,desktop
device_002963,tablet
device_002964,desktop
device_002965,corporate_workstation
device_002966,mobile
device_002967,mobile
device_002968,mobile
device_002969,desktop
device_002970,mobile
device_002971,customer_service_terminal
device_002972,tablet
device_002973,mobile
device_002974,mobile
device_002975,corporate_workstation
device_002976,tablet
device_002977,mobile
device_002978,corporate_workstation
device_002979,mobile
device_002980,customer_service_terminal
device_002981,mobile
device_002982,customer_service_terminal
device_002983,corporate_workstation
device_002984,corporate_workstation
device_002985,desktop
device_002986,desktop
device_002987,tablet
device_002988,mobile
device_002989,tablet
device_002990,desktop
device_002991,mobile
device_002992,desktop
device_002993,desktop
device_002994,corporate_workstation
device_002995,tablet
device_002996,desktop
device_002997,tablet
device_002998,customer_service_terminal
device_002999,desktop
device_003000,mobile
device_003001,mobile
device_003002,mobile
device_003003,mobile
device_003004,mobile
device_003005,customer_service_terminal
device_003006,mobile
device_003007,customer_service_terminal
device_003008,customer_service_terminal
device_003009,customer_service_terminal
device_003010,desktop
device_003011,mobile
device_003012,customer_service_terminal
device_003013,tablet
device_003014,customer_service_terminal
device_003015,mobile
device_003016,mobile
device_003017,corporate_workstation
device_003018,customer_service_terminal
device_003019,mobile
device_003020,desktop
device_003021,customer_service_terminal
device_003022,desktop
device_003023,corporate_workstation
device_003024,corporate_workstation
device_003025,mobile
device_003026,corporate_workstation
device_003027,customer_service_terminal
device_003028,customer_service_terminal
device_003029,desktop
device_003030,customer_service_terminal
device_003031,mobile
device_003032,customer_service_terminal
device_003033,desktop
device_003034,mobile
device_003035,corporate_workstation
device_003036,desktop
device_003037,tablet
device_003038,tablet
device_003039,tablet
device_003040,mobile
device_003041,desktop
device_003042,tablet
device_003043,tablet
device_003044,desktop
device_003045,customer_service_terminal
device_003046,mobile
device_003047,customer_service_terminal
device_003048,mobile
device_003049,desktop
device_003050,desktop
device_003051,tablet
device_003052,customer_service_terminal
device_003053,mobile
device_003054,corporate_workstation
device_003055,customer_service_terminal
device_003056,corporate_workstation
device_003057,tablet
device_003058,corporate_workstation
device_003059,tablet
device_003060,mobile
device_003061,corporate_workstation
device_003062,desktop
device_003063,mobile
device_003064,mobile
device_003065,mobile
device_003066,corporate_workstation
device_003067,customer_service_terminal
device_003068,desktop
device_003069,desktop
device_003070,mobile
device_003071,customer_service_terminal
device_003072,tablet
device_003073,tablet
device_003074,desktop
device_003075,customer_service_terminal
device_003076,tablet
device_003077,customer_service_terminal
device_003078,customer_service_terminal
device_003079,corporate_workstation
device_003080,desktop
device_003081,mobile
device_003082,customer_service_terminal
device_003083,customer_service_terminal
device_003084,mobile
device_003085,corporate_workstation
device_003086,desktop
device_003087,tablet
device_003088,customer_service_terminal
device_003089,desktop
device_003090,tablet
device_003091,tablet
device_003092,corporate_workstation
device_003093,mobile
device_003094,mobile
device_003095,tablet
device_003096,tablet
device_003097,tablet
device_003098,tablet
device_003099,mobile
device_003100,customer_service_terminal
device_003101,tablet
device_003102,tablet
device_003103,tablet
device_003104,desktop
device_003105,customer_service_terminal
device_003106,customer_service_terminal
device_003107,desktop
device_003108,tablet
device_003109,desktop
device_003110,tablet
device_003111,customer_service_terminal
device_003112,customer_service_terminal
device_003113,corporate_workstation
device_003114,mobile
device_003115,mobile
device_003116,tablet
device_003117,desktop
device_003118,tablet
device_003119,tablet
device_003120,desktop
device_003121,customer_service_terminal
device_003122,desktop
device_003123,desktop
device_003124,tablet
device_003125,tablet
device_003126,tablet
device_003127,tablet
device_003128,customer_service_terminal
device_003129,customer_service_terminal
device_003130,mobile
device_003131,customer_service_terminal
device_003132,desktop
device_003133,tablet
device_003134,tablet
device_003135,mobile
device_003136,tablet
device_003137,corporate_workstation
device_003138,desktop
device_003139,desktop
device_003140,customer_service_terminal
device_003141,customer_service_terminal
device_003142,customer_service_terminal
device_003143,customer_service_terminal
device_003144,mobile
device_003145,tablet
device_003146,corporate_workstation
device_003147,customer_service_terminal
device_003148,customer_service_terminal
device_003149,desktop
device_003150,corporate_workstation
device_003151,customer_service_terminal
device_003152,customer_service_terminal
device_003153,mobile
device_003154,desktop
device_003155,corporate_workstation
device_003156,corporate_workstation
device_003157,customer_service_terminal
device_003158,tablet
device_003159,tablet
device_003160,tablet
device_003161,desktop
device_003162,tablet
device_003163,corporate_workstation
device_003164,customer_service_terminal
device_003165,tablet
device_003166,tablet
device_003167,corporate_workstation
device_003168,mobile
device_003169,customer_service_terminal
device_003170,desktop
device_003171,customer_service_terminal
device_003172,corporate_workstation
device_003173,customer_service_terminal
device_003174,mobile
device_003175,corporate_workstation
device_003176,mobile
device_003177,mobile
device_003178,corporate_workstation
device_003179,mobile
device_003180,tablet
device_003181,mobile
device_003182,tablet
device_003183,corporate_workstation
device_003184,tablet
device_003185,customer_service_terminal
device_003186,customer_service_terminal
device_003187,desktop
device_003188,customer_service_terminal
device_003189,mobile
device_003190,desktop
device_003191,customer_service_terminal
device_003192,corporate_workstation
device_003193,tablet
device_003194,corporate_workstation
device_003195,mobile
device_003196,customer_service_terminal
device_003197,customer_service_terminal
device_003198,tablet
device_003199,mobile
device_003200,mobile
device_003201,corporate_workstation
device_003202,customer_service_terminal
device_003203,tablet
device_003204,mobile
device_003205,mobile
device_003206,corporate_workstation
device_003207,mobile
device_003208,mobile
device_003209,customer_service_terminal
device_003210,desktop
device_003211,corporate_workstation
device_003212,corporate_workstation
device_003213,customer_service_terminal
device_003214,desktop
device_003215,customer_service_terminal
device_003216,tablet
device_003217,customer_service_terminal
device_003218,tablet
device_003219,corporate_workstation
device_003220,tablet
device_003221,mobile
device_003222,desktop
device_003223,mobile
device_003224,desktop
device_003225,customer_service_terminal
device_003226,desktop
device_003227,mobile
device_003228,mobile
device_003229,mobile
device_003230,desktop
device_003231,corporate_workstation
device_003232,mobile
device_003233,mobile
device_003234,customer_service_terminal
device_003235,tablet
device_003236,mobile
device_003237,tablet
device_003238,corporate_workstation
device_003239,desktop
device_003240,customer_service_terminal
device_003241,mobile
device_003242,tablet
device_003243,customer_service_terminal
device_003244,corporate_workstation
device_003245,desktop
device_003246,desktop
device_003247,desktop
device_003248,desktop
device_003249,desktop
device_003250,tablet
device_003251,customer_service_terminal
device_003252,desktop
device_003253,mobile
device_003254,customer_service_terminal
device_003255,mobile
device_003256,tablet
device_003257,desktop
device_003258,mobile
device_003259,mobile
device_003260,tablet
device_003261,desktop
device_003262,mobile
device_003263,desktop
device_003264,corporate_workstation
device_003265,desktop
device_003266,tablet
device_003267,tablet
device_003268,desktop
device_003269,corporate_workstation
device_003270,customer_service_terminal
device_003271,tablet
device_003272,corporate_workstation
device_003273,desktop
device_003274,tablet
device_003275,corporate_workstation
device_003276,mobile
device_003277,corporate_workstation
device_003278,tablet
device_003279,mobile
device_003280,corporate_workstation
device_003281,corporate_workstation
device_003282,tablet
device_003283,customer_service_terminal
device_003284,corporate_workstation
device_003285,tablet
device_003286,tablet
device_003287,corporate_workstation
device_003288,mobile
device_003289,tablet
device_003290,customer_service_terminal
device_003291,tablet
device_003292,desktop
device_003293,corporate_workstation
device_003294,corporate_workstation
device_003295,corporate_workstation
device_003296,corporate_workstation
device_003297,desktop
device_003298,corporate_workstation
device_003299,corporate_workstation
device_003300,mobile
device_003301,corporate_workstation
device_003302,tablet
device_003303,tablet
device_003304,customer_service_terminal
device_003305,customer_service_terminal
device_003306,tablet
device_003307,corporate_workstation
device_003308,customer_service_terminal
device_003309,desktop
device_003310,corporate_workstation
device_003311,customer_service_terminal
device_003312,desktop
device_003313,corporate_workstation
device_003314,customer_service_terminal
device_003315,desktop
device_003316,corporate_workstation
device_003317,customer_service_terminal
device_003318,tablet
device_003319,desktop
device_003320,tablet
device_003321,tablet
device_003322,desktop
device_003323,tablet
device_003324,tablet
device_003325,corporate_workstation
device_003326,customer_service_terminal
device_003327,corporate_workstation
device_003328,desktop
device_003329,desktop
device_003330,mobile
device_003331,tablet
device_003332,tablet
device_003333,corporate_workstation
device_003334,customer_service_terminal
device_003335,tablet
device_003336,mobile
device_003337,customer_service_terminal
device_003338,customer_service_terminal
device_003339,corporate_workstation
device_003340,desktop
device_003341,desktop
device_003342,tablet
device_003343,customer_service_terminal
device_003344,customer_service_terminal
device_003345,desktop
device_003346,corporate_workstation
device_003347,corporate_workstation
device_003348,desktop
device_003349,tablet
device_003350,customer_service_terminal
device_003351,corporate_workstation
device_003352,customer_service_terminal
device_003353,mobile
device_003354,corporate_workstation
device_003355,mobile
device_003356,corporate_workstation
device_003357,corporate_workstation
device_003358,mobile
device_003359,corporate_workstation
device_003360,mobile
device_003361,customer_service_terminal
device_003362,desktop
device_003363,customer_service_terminal
device_003364,corporate_workstation
device_003365,tablet
device_003366,tablet
device_003367,desktop
device_003368,mobile
device_003369,mobile
device_003370,tablet
device_003371,desktop
device_003372,corporate_workstation
device_003373,desktop
device_003374,customer_service_terminal
device_003375,desktop
device_003376,customer_service_terminal
device_003377,mobile
device_003378,tablet
device_003379,tablet
device_003380,desktop
device_003381,tablet
device_003382,desktop
device_003383,customer_service_terminal
device_003384,corporate_workstation
device_003385,corporate_workstation
device_003386,corporate_workstation
device_003387,mobile
device_003388,desktop
device_003389,customer_service_terminal
device_003390,mobile
device_003391,mobile
device_003392,tablet
device_003393,desktop
device_003394,corporate_workstation
device_003395,customer_service_terminal
device_003396,corporate_workstation
device_003397,mobile
device_003398,corporate_workstation
device_003399,mobile
device_003400,desktop
device_003401,mobile
device_003402,corporate_workstation
device_003403,corporate_workstation
device_003404,mobile
device_003405,desktop
device_003406,customer_service_terminal
device_003407,mobile
device_003408,corporate_workstation
device_003409,desktop
device_003410,corporate_workstation
device_003411,desktop
device_003412,mobile
device_003413,desktop
device_003414,tablet
device_003415,customer_service_terminal
device_003416,corporate_workstation
device_003417,desktop
device_003418,desktop
device_003419,tablet
device_003420,customer_service_terminal
device_003421,corporate_workstation
device_003422,desktop
device_003423,mobile
device_003424,mobile
device_003425,mobile
device_003426,desktop
device_003427,desktop
device_003428,corporate_workstation
device_003429,customer_service_terminal
device_003430,mobile
device_003431,corporate_workstation
device_003432,desktop
device_003433,tablet
device_003434,corporate_workstation
device_003435,desktop
device_003436,tablet
device_003437,corporate_workstation
device_003438,desktop
device_003439,customer_service_terminal
device_003440,tablet
device_003441,tablet
device_003442,desktop
device_003443,corporate_workstation
device_003444,mobile
device_003445,mobile
device_003446,customer_service_terminal
device_003447,corporate_workstation
device_003448,tablet
device_003449,desktop
device_003450,customer_service_terminal
device_003451,desktop
device_003452,customer_service_terminal
device_003453,corporate_workstation
device_003454,corporate_workstation
device_003455,corporate_workstation
device_003456,corporate_workstation
device_003457,mobile
device_003458,corporate_workstation
device_003459,tablet
device_003460,mobile
device_003461,customer_service_terminal
device_003462,mobile
device_003463,customer_service_terminal
device_003464,desktop
device_003465,corporate_workstation
device_003466,mobile
device_003467,mobile
device_003468,tablet
device_003469,corporate_workstation
device_003470,corporate_workstation
device_003471,corporate_workstation
device_003472,corporate_workstation
device_003473,desktop
device_003474,tablet
device_003475,mobile
device_003476,tablet
device_003477,desktop
device_003478,tablet
device_003479,desktop
device_003480,customer_service_terminal
device_003481,mobile
device_003482,tablet
device_003483,tablet
device_003484,desktop
device_003485,desktop
device_003486,tablet
device_003487,corporate_workstation
device_003488,tablet
device_003489,mobile
device_003490,desktop
device_003491,mobile
device_003492,corporate_workstation
device_003493,tablet
device_003494,corporate_workstation
device_003495,tablet
device_003496,desktop
device_003497,tablet
device_003498,corporate_workstation
device_003499,mobile
device_003500,desktop
device_003501,tablet
device_003502,mobile
device_003503,customer_service_terminal
device_003504,corporate_workstation
device_003505,customer_service_terminal
device_003506,mobile
device_003507,customer_service_terminal
device_003508,tablet
device_003509,tablet
device_003510,desktop
device_003511,mobile
device_003512,customer_service_terminal
device_003513,customer_service_terminal
device_003514,mobile
device_003515,tablet
device_003516,customer_service_terminal
device_003517,desktop
device_003518,mobile
device_003519,customer_service_terminal
device_003520,tablet
device_003521,desktop
device_003522,mobile
device_003523,desktop
device_003524,customer_service_terminal
device_003525,customer_service_terminal
device_003526,corporate_workstation
device_003527,mobile
device_003528,tablet
device_003529,tablet
device_003530,mobile
device_003531,corporate_workstation
device_003532,corporate_workstation
device_003533,mobile
device_003534,corporate_workstation
device_003535,customer_service_terminal
device_003536,customer_service_terminal
device_003537,customer_service_terminal
device_003538,desktop
device_003539,desktop
device_003540,tablet
device_003541,tablet
device_003542,desktop
device_003543,mobile
device_003544,desktop
device_003545,desktop
device_003546,corporate_workstation
device_003547,desktop
device_003548,customer_service_terminal
device_003549,customer_service_terminal
device_003550,customer_service_terminal
device_003551,mobile
device_003552,corporate_workstation
device_003553,customer_service_terminal
device_003554,corporate_workstation
device_003555,mobile
device_003556,corporate_workstation
device_003557,desktop
device_003558,mobile
device_003559,desktop
device_003560,corporate_workstation
device_003561,customer_service_terminal
device_003562,desktop
device_003563,tablet
device_003564,corporate_workstation
device_003565,corporate_workstation
device_003566,mobile
device_003567,desktop
device_003568,customer_service_terminal
device_003569,desktop
device_003570,desktop
device_003571,mobile
device_003572,desktop
device_003573,corporate_workstation
device_003574,desktop
device_003575,tablet
device_003576,corporate_workstation
device_003577,corporate_workstation
device_003578,tablet
device_003579,tablet
device_003580,tablet
device_003581,desktop
device_003582,customer_service_terminal
device_003583,customer_service_terminal
device_003584,mobile
device_003585,mobile
device_003586,corporate_workstation
device_003587,corporate_workstation
device_003588,customer_service_terminal
device_003589,mobile
device_003590,corporate_workstation
device_003591,corporate_workstation
device_003592,desktop
device_003593,mobile
device_003594,customer_service_terminal
device_003595,desktop
device_003596,corporate_workstation
device_003597,desktop
device_003598,tablet
device_003599,customer_service_terminal
device_003600,corporate_workstation
device_003601,desktop
device_003602,mobile
device_003603,mobile
device_003604,desktop
device_003605,customer_service_terminal
device_003606,tablet
device_003607,tablet
device_003608,mobile
device_003609,mobile
device_003610,corporate_workstation
device_003611,mobile
device_003612,tablet
device_003613,desktop
device_003614,customer_service_terminal
device_003615,mobile
device_003616,tablet
device_003617,customer_service_terminal
device_003618,desktop
device_003619,tablet
device_003620,corporate_workstation
device_003621,mobile
device_003622,tablet
device_003623,desktop
device_003624,desktop
device_003625,customer_service_terminal
device_003626,mobile
device_003627,tablet
device_003628,desktop
device_003629,customer_service_terminal
device_003630,mobile
device_003631,mobile
device_003632,customer_service_terminal
device_003633,tablet
device_003634,desktop
device_003635,customer_service_terminal
device_003636,desktop
device_003637,desktop
device_003638,mobile
device_003639,customer_service_terminal
device_003640,customer_service_terminal
device_003641,desktop
device_003642,tablet
device_003643,customer_service_terminal
device_003644,mobile
device_003645,corporate_workstation
device_003646,tablet
device_003647,desktop
device_003648,tablet
device_003649,tablet
device_003650,tablet
device_003651,mobile
device_003652,mobile
device_003653,corporate_workstation
device_003654,desktop
device_003655,customer_service_terminal
device_003656,customer_service_terminal
device_003657,tablet
device_003658,tablet
device_003659,mobile
device_003660,tablet
device_003661,corporate_workstation
device_003662,corporate_workstation
device_003663,customer_service_terminal
device_003664,customer_service_terminal
device_003665,mobile
device_003666,corporate_workstation
device_003667,desktop
device_003668,mobile
device_003669,corporate_workstation
device_003670,corporate_workstation
device_003671,corporate_workstation
device_003672,mobile
device_003673,mobile
device_003674,desktop
device_003675,mobile
device_003676,desktop
device_003677,tablet
device_003678,customer_service_terminal
device_003679,desktop
device_003680,customer_service_terminal
device_003681,tablet
device_003682,customer_service_terminal
device_003683,customer_service_terminal
device_003684,mobile
device_003685,desktop
device_003686,corporate_workstation
device_003687,corporate_workstation
device_003688,mobile
device_003689,desktop
device_003690,customer_service_terminal
device_003691,corporate_workstation
device_003692,customer_service_terminal
device_003693,tablet
device_003694,tablet
device_003695,tablet
device_003696,mobile
device_003697,desktop
device_003698,mobile
device_003699,corporate_workstation
device_003700,mobile
device_003701,customer_service_terminal
device_003702,desktop
device_003703,corporate_workstation
device_003704,tablet
device_003705,tablet
device_003706,corporate_workstation
device_003707,corporate_workstation
device_003708,mobile
device_003709,customer_service_terminal
device_003710,desktop
device_003711,desktop
device_003712,tablet
device_003713,customer_service_terminal
device_003714,customer_service_terminal
device_003715,mobile
device_003716,mobile
device_003717,mobile
device_003718,desktop
device_003719,customer_service_terminal
device_003720,desktop
device_003721,tablet
device_003722,desktop
device_003723,mobile
device_003724,mobile
device_003725,corporate_workstation
device_003726,mobile
device_003727,desktop
device_003728,desktop
device_003729,corporate_workstation
device_003730,tablet
device_003731,mobile
device_003732,mobile
device_003733,customer_service_terminal
device_003734,corporate_workstation
device_003735,desktop
device_003736,desktop
device_003737,mobile
device_003738,mobile
device_003739,desktop
device_003740,customer_service_terminal
device_003741,customer_service_terminal
device_003742,desktop
device_003743,corporate_workstation
device_003744,desktop
device_003745,desktop
device_003746,mobile
device_003747,customer_service_terminal
device_003748,desktop
device_003749,mobile
device_003750,tablet
device_003751,customer_service_terminal
device_003752,mobile
device_003753,tablet
device_003754,desktop
device_003755,tablet
device_003756,mobile
device_003757,desktop
device_003758,customer_service_terminal
device_003759,customer_service_terminal
device_003760,mobile
device_003761,tablet
device_003762,desktop
device_003763,tablet
device_003764,customer_service_terminal
device_003765,mobile
device_003766,tablet
device_003767,customer_service_terminal
device_003768,customer_service_terminal
device_003769,corporate_workstation
device_003770,tablet
device_003771,tablet
device_003772,tablet
device_003773,desktop
device_003774,mobile
device_003775,mobile
device_003776,mobile
device_003777,corporate_workstation
device_003778,desktop
device_003779,mobile
device_003780,corporate_workstation
device_003781,mobile
device_003782,mobile
device_003783,tablet
device_003784,mobile
device_003785,tablet
device_003786,mobile
device_003787,tablet
device_003788,desktop
device_003789,corporate_workstation
device_003790,customer_service_terminal
device_003791,corporate_workstation
device_003792,mobile
device_003793,customer_service_terminal
device_003794,customer_service_terminal
device_003795,corporate_workstation
device_003796,mobile
device_003797,desktop
device_003798,desktop
device_003799,tablet
device_003800,mobile
device_003801,customer_service_terminal
device_003802,corporate_workstation
device_003803,mobile
device_003804,mobile
device_003805,customer_service_terminal
device_003806,mobile
device_003807,customer_service_terminal
device_003808,corporate_workstation
device_003809,corporate_workstation
device_003810,corporate_workstation
device_003811,corporate_workstation
device_003812,corporate_workstation
device_003813,tablet
device_003814,customer_service_terminal
device_003815,tablet
device_003816,desktop
device_003817,customer_service_terminal
device_003818,tablet
device_003819,corporate_workstation
device_003820,corporate_workstation
device_003821,tablet
device_003822,mobile
device_003823,customer_service_terminal
device_003824,desktop
device_003825,tablet
device_003826,tablet
device_003827,tablet
device_003828,mobile
device_003829,desktop
device_003830,tablet
device_003831,tablet
device_003832,mobile
device_003833,customer_service_terminal
device_003834,customer_service_terminal
device_003835,tablet
device_003836,desktop
device_003837,tablet
device_003838,desktop
device_003839,customer_service_terminal
device_003840,corporate_workstation
device_003841,tablet
device_003842,mobile
device_003843,desktop
device_003844,tablet
device_003845,tablet
device_003846,tablet
device_003847,customer_service_terminal
device_003848,desktop
device_003849,mobile
device_003850,corporate_workstation
device_003851,corporate_workstation
device_003852,tablet
device_003853,desktop
device_003854,tablet
device_003855,mobile
device_003856,desktop
device_003857,customer_service_terminal
device_003858,customer_service_terminal
device_003859,tablet
device_003860,corporate_workstation
device_003861,mobile
device_003862,desktop
device_003863,desktop
device_003864,desktop
device_003865,corporate_workstation
device_003866,tablet
device_003867,mobile
device_003868,corporate_workstation
device_003869,corporate_workstation
device_003870,tablet
device_003871,tablet
device_003872,desktop
device_003873,tablet
device_003874,tablet
device_003875,desktop
device_003876,desktop
device_003877,mobile
device_003878,corporate_workstation
device_003879,mobile
device_003880,mobile
device_003881,tablet
device_003882,tablet
device_003883,mobile
device_003884,corporate_workstation
device_003885,desktop
device_003886,mobile
device_003887,corporate_workstation
device_003888,desktop
device_003889,corporate_workstation
device_003890,customer_service_terminal
device_003891,desktop
device_003892,mobile
device_003893,customer_service_terminal
device_003894,tablet
device_003895,customer_service_terminal
device_003896,tablet
device_003897,desktop
device_003898,tablet
device_003899,corporate_workstation
device_003900,tablet
device_003901,mobile
device_003902,corporate_workstation
device_003903,tablet
device_003904,corporate_workstation
device_003905,tablet
device_003906,customer_service_terminal
device_003907,customer_service_terminal
device_003908,tablet
device_003909,customer_service_terminal
device_003910,customer_service_terminal
device_003911,tablet
device_003912,mobile
device_003913,desktop
device_003914,tablet
device_003915,customer_service_terminal
device_003916,customer_service_terminal
device_003917,desktop
device_003918,mobile
device_003919,mobile
device_003920,corporate_workstation
device_003921,customer_service_terminal
device_003922,desktop
device_003923,tablet
device_003924,customer_service_terminal
device_003925,desktop
device_003926,tablet
device_003927,desktop
device_003928,mobile
device_003929,corporate_workstation
device_003930,customer_service_terminal
device_003931,desktop
device_003932,desktop
device_003933,customer_service_terminal
device_003934,mobile
device_003935,desktop
device_003936,tablet
device_003937,mobile
device_003938,tablet
device_003939,corporate_workstation
device_003940,customer_service_terminal
device_003941,desktop
device_003942,corporate_workstation
device_003943,mobile
device_003944,mobile
device_003945,corporate_workstation
device_003946,mobile
device_003947,tablet
device_003948,desktop
device_003949,customer_service_terminal
device_003950,mobile
device_003951,mobile
device_003952,customer_service_terminal
device_003953,tablet
device_003954,desktop
device_003955,desktop
device_003956,customer_service_terminal
device_003957,desktop
device_003958,corporate_workstation
device_003959,tablet
device_003960,mobile
device_003961,customer_service_terminal
device_003962,desktop
device_003963,mobile
device_003964,mobile
device_003965,customer_service_terminal
device_003966,mobile
device_003967,tablet
device_003968,customer_service_terminal
device_003969,tablet
device_003970,mobile
device_003971,tablet
device_003972,corporate_workstation
device_003973,tablet
device_003974,customer_service_terminal
device_003975,customer_service_terminal
device_003976,customer_service_terminal
device_003977,corporate_workstation
device_003978,customer_service_terminal
device_003979,tablet
device_003980,corporate_workstation
device_003981,customer_service_terminal
device_003982,customer_service_terminal
device_003983,tablet
device_003984,customer_service_terminal
device_003985,customer_service_terminal
device_003986,mobile
device_003987,corporate_workstation
device_003988,desktop
device_003989,desktop
device_003990,mobile
device_003991,tablet
device_003992,mobile
device_003993,mobile
device_003994,corporate_workstation
device_003995,customer_service_terminal
device_003996,tablet
device_003997,corporate_workstation
device_003998,tablet
device_003999,corporate_workstation
device_004000,customer_service_terminal
device_004001,mobile
device_004002,customer_service_terminal
device_004003,customer_service_terminal
device_004004,customer_service_terminal
device_004005,mobile
device_004006,mobile
device_004007,tablet
device_004008,mobile
device_004009,tablet
device_004010,desktop
device_004011,corporate_workstation
device_004012,tablet
device_004013,desktop
device_004014,mobile
device_004015,tablet
device_004016,desktop
device_004017,mobile
device_004018,desktop
device_004019,customer_service_terminal
device_004020,tablet
device_004021,corporate_workstation
device_004022,corporate_workstation
device_004023,tablet
device_004024,desktop
device_004025,tablet
device_004026,mobile
device_004027,tablet
device_004028,customer_service_terminal
device_004029,corporate_workstation
device_004030,customer_service_terminal
device_004031,tablet
device_004032,desktop
device_004033,tablet
device_004034,customer_service_terminal
device_004035,customer_service_terminal
device_004036,mobile
device_004037,mobile
device_004038,customer_service_terminal
device_004039,desktop
device_004040,customer_service_terminal
device_004041,customer_service_terminal
device_004042,customer_service_terminal
device_004043,customer_service_terminal
device_004044,mobile
device_004045,tablet
device_004046,customer_service_terminal
device_004047,desktop
device_004048,mobile
device_004049,mobile
device_004050,desktop
device_004051,mobile
device_004052,tablet
device_004053,mobile
device_004054,tablet
device_004055,tablet
device_004056,corporate_workstation
device_004057,desktop
device_004058,desktop
device_004059,mobile
device_004060,tablet
device_004061,desktop
device_004062,desktop
device_004063,tablet
device_004064,mobile
device_004065,desktop
device_004066,mobile
device_004067,tablet
device_004068,customer_service_terminal
device_004069,customer_service_terminal
device_004070,corporate_workstation
device_004071,corporate_workstation
device_004072,customer_service_terminal
device_004073,mobile
device_004074,mobile
device_004075,corporate_workstation
device_004076,customer_service_terminal
device_004077,mobile
device_004078,desktop
device_004079,tablet
device_004080,desktop
device_004081,customer_service_terminal
device_004082,corporate_workstation
device_004083,corporate_workstation
device_004084,corporate_workstation
device_004085,customer_service_terminal
device_004086,corporate_workstation
device_004087,customer_service_terminal
device_004088,desktop
device_004089,corporate_workstation
device_004090,tablet
device_004091,desktop
device_004092,customer_service_terminal
device_004093,customer_service_terminal
device_004094,customer_service_terminal
device_004095,mobile
device_004096,desktop
device_004097,tablet
device_004098,corporate_workstation
device_004099,desktop
device_004100,customer_service_terminal
device_004101,desktop
device_004102,desktop
device_004103,corporate_workstation
device_004104,corporate_workstation
device_004105,mobile
device_004106,tablet
device_004107,corporate_workstation
device_004108,mobile
device_004109,customer_service_terminal
device_004110,desktop
device_004111,corporate_workstation
device_004112,customer_service_terminal
device_004113,mobile
device_004114,corporate_workstation
device_004115,tablet
device_004116,tablet
device_004117,desktop
device_004118,mobile
device_004119,desktop
device_004120,desktop
device_004121,tablet
device_004122,mobile
device_004123,mobile
device_004124,customer_service_terminal
device_004125,tablet
device_004126,desktop
device_004127,customer_service_terminal
device_004128,customer_service_terminal
device_004129,corporate_workstation
device_004130,corporate_workstation
device_004131,corporate_workstation
device_004132,mobile
device_004133,desktop
device_004134,customer_service_terminal
device_004135,corporate_workstation
device_004136,corporate_workstation
device_004137,desktop
device_004138,mobile
device_004139,corporate_workstation
device_004140,tablet
device_004141,desktop
device_004142,mobile
device_004143,customer_service_terminal
device_004144,desktop
device_004145,mobile
device_004146,tablet
device_004147,customer_service_terminal
device_004148,tablet
device_004149,customer_service_terminal
device_004150,corporate_workstation
device_004151,customer_service_terminal
device_004152,mobile
device_004153,customer_service_terminal
device_004154,tablet
device_004155,corporate_workstation
device_004156,corporate_workstation
device_004157,customer_service_terminal
device_004158,customer_service_terminal
device_004159,tablet
device_004160,desktop
device_004161,corporate_workstation
device_004162,mobile
device_004163,customer_service_terminal
device_004164,customer_service_terminal
device_004165,customer_service_terminal
device_004166,desktop
device_004167,mobile
device_004168,tablet
device_004169,tablet
device_004170,desktop
device_004171,corporate_workstation
device_004172,mobile
device_004173,tablet
device_004174,tablet
device_004175,customer_service_terminal
device_004176,mobile
device_004177,mobile
device_004178,desktop
device_004179,desktop
device_004180,customer_service_terminal
device_004181,tablet
device_004182,desktop
device_004183,tablet
device_004184,tablet
device_004185,mobile
device_004186,tablet
device_004187,desktop
device_004188,mobile
device_004189,tablet
device_004190,desktop
device_004191,corporate_workstation
device_004192,mobile
device_004193,desktop
device_004194,corporate_workstation
device_004195,desktop
device_004196,desktop
device_004197,desktop
device_004198,corporate_workstation
device_004199,mobile
device_004200,customer_service_terminal
device_004201,customer_service_terminal
device_004202,desktop
device_004203,mobile
device_004204,tablet
device_004205,desktop
device_004206,desktop
device_004207,desktop
device_004208,tablet
device_004209,corporate_workstation
device_004210,corporate_workstation
device_004211,mobile
device_004212,mobile
device_004213,customer_service_terminal
device_004214,mobile
device_004215,corporate_workstation
device_004216,corporate_workstation
device_004217,corporate_workstation
device_004218,desktop
device_004219,corporate_workstation
device_004220,customer_service_terminal
device_004221,corporate_workstation
device_004222,desktop
device_004223,mobile
device_004224,desktop
device_004225,corporate_workstation
device_004226,desktop
device_004227,corporate_workstation
device_004228,mobile
device_004229,customer_service_terminal
device_004230,corporate_workstation
device_004231,tablet
device_004232,tablet
device_004233,corporate_workstation
device_004234,mobile
device_004235,mobile
device_004236,customer_service_terminal
device_004237,tablet
device_004238,mobile
device_004239,corporate_workstation
device_004240,tablet
device_004241,corporate_workstation
device_004242,mobile
device_004243,customer_service_terminal
device_004244,customer_service_terminal
device_004245,corporate_workstation
device_004246,mobile
device_004247,corporate_workstation
device_004248,tablet
device_004249,corporate_workstation
device_004250,desktop
device_004251,customer_service_terminal
device_004252,customer_service_terminal
device_004253,customer_service_terminal
device_004254,mobile
device_004255,desktop
device_004256,tablet
device_004257,mobile
device_004258,corporate_workstation
device_004259,corporate_workstation
device_004260,desktop
device_004261,corporate_workstation
device_004262,corporate_workstation
device_004263,mobile
device_004264,customer_service_terminal
device_004265,mobile
device_004266,customer_service_terminal
device_004267,desktop
device_004268,tablet
device_004269,mobile
device_004270,mobile
device_004271,mobile
device_004272,desktop
device_004273,corporate_workstation
device_004274,tablet
device_004275,corporate_workstation
device_004276,customer_service_terminal
device_004277,corporate_workstation
device_004278,desktop
device_004279,customer_service_terminal
device_004280,customer_service_terminal
device_004281,desktop
device_004282,mobile
device_004283,desktop
device_004284,desktop
device_004285,tablet
device_004286,tablet
device_004287,tablet
device_004288,tablet
device_004289,customer_service_terminal
device_004290,tablet
device_004291,customer_service_terminal
device_004292,desktop
device_004293,desktop
device_004294,customer_service_terminal
device_004295,corporate_workstation
device_004296,desktop
device_004297,desktop
device_004298,customer_service_terminal
device_004299,tablet
device_004300,mobile
device_004301,customer_service_terminal
device_004302,corporate_workstation
device_004303,mobile
device_004304,mobile
device_004305,customer_service_terminal
device_004306,desktop
device_004307,customer_service_terminal
device_004308,mobile
device_004309,customer_service_terminal
device_004310,desktop
device_004311,corporate_workstation
device_004312,desktop
device_004313,corporate_workstation
device_004314,desktop
device_004315,corporate_workstation
device_004316,mobile
device_004317,tablet
device_004318,tablet
device_004319,desktop
device_004320,customer_service_terminal
device_004321,desktop
device_004322,corporate_workstation
device_004323,tablet
device_004324,desktop
device_004325,desktop
device_004326,corporate_workstation
device_004327,customer_service_terminal
device_004328,customer_service_terminal
device_004329,customer_service_terminal
device_004330,desktop
device_004331,desktop
device_004332,corporate_workstation
device_004333,desktop
device_004334,tablet
device_004335,corporate_workstation
device_004336,mobile
device_004337,customer_service_terminal
device_004338,tablet
device_004339,tablet
device_004340,customer_service_terminal
device_004341,corporate_workstation
device_004342,mobile
device_004343,customer_service_terminal
device_004344,tablet
device_004345,corporate_workstation
device_004346,corporate_workstation
device_004347,desktop
device_004348,corporate_workstation
device_004349,desktop
device_004350,customer_service_terminal
device_004351,desktop
device_004352,tablet
device_004353,customer_service_terminal
device_004354,desktop
device_004355,customer_service_terminal
device_004356,corporate_workstation
device_004357,corporate_workstation
device_004358,mobile
device_004359,tablet
device_004360,corporate_workstation
device_004361,desktop
device_004362,corporate_workstation
device_004363,mobile
device_004364,customer_service_terminal
device_004365,corporate_workstation
device_004366,desktop
device_004367,customer_service_terminal
device_004368,customer_service_terminal
device_004369,customer_service_terminal
device_004370,corporate_workstation
device_004371,customer_service_terminal
device_004372,corporate_workstation
device_004373,tablet
device_004374,mobile
device_004375,desktop
device_004376,customer_service_terminal
device_004377,tablet
device_004378,customer_service_terminal
device_004379,tablet
device_004380,corporate_workstation
device_004381,corporate_workstation
device_004382,desktop
device_004383,corporate_workstation
device_004384,customer_service_terminal
device_004385,mobile
device_004386,tablet
device_004387,tablet
device_004388,corporate_workstation
device_004389,mobile
device_004390,corporate_workstation
device_004391,tablet
device_004392,mobile
device_004393,customer_service_terminal
device_004394,customer_service_terminal
device_004395,desktop
device_004396,mobile
device_004397,mobile
device_004398,customer_service_terminal
device_004399,customer_service_terminal
device_004400,corporate_workstation
device_004401,corporate_workstation
device_004402,desktop
device_004403,customer_service_terminal
device_004404,customer_service_terminal
device_004405,tablet
device_004406,desktop
device_004407,corporate_workstation
device_004408,corporate_workstation
device_004409,customer_service_terminal
device_004410,tablet
device_004411,tablet
device_004412,customer_service_terminal
device_004413,tablet
device_004414,tablet
device_004415,tablet
device_004416,customer_service_terminal
device_004417,customer_service_terminal
device_004418,customer_service_terminal
device_004419,customer_service_terminal
device_004420,corporate_workstation
device_004421,tablet
device_004422,mobile
device_004423,tablet
device_004424,mobile
device_004425,tablet
device_004426,mobile
device_004427,tablet
device_004428,customer_service_terminal
device_004429,mobile
device_004430,mobile
device_004431,corporate_workstation
device_004432,customer_service_terminal
device_004433,tablet
device_004434,mobile
device_004435,mobile
device_004436,mobile
device_004437,desktop
device_004438,customer_service_terminal
device_004439,corporate_workstation
device_004440,tablet
device_004441,mobile
device_004442,corporate_workstation
device_004443,tablet
device_004444,tablet
device_004445,corporate_workstation
device_004446,tablet
device_004447,tablet
device_004448,corporate_workstation
device_004449,mobile
device_004450,corporate_workstation
device_004451,mobile
device_004452,customer_service_terminal
device_004453,customer_service_terminal
device_004454,tablet
device_004455,mobile
device_004456,mobile
device_004457,tablet
device_004458,tablet
device_004459,corporate_workstation
device_004460,corporate_workstation
device_004461,customer_service_terminal
device_004462,desktop
device_004463,desktop
device_004464,corporate_workstation
device_004465,desktop
device_004466,corporate_workstation
device_004467,customer_service_terminal
device_004468,tablet
device_004469,customer_service_terminal
device_004470,customer_service_terminal
device_004471,corporate_workstation
device_004472,mobile
device_004473,corporate_workstation
device_004474,corporate_workstation
device_004475,mobile
device_004476,corporate_workstation
device_004477,tablet
device_004478,tablet
device_004479,customer_service_terminal
device_004480,desktop
device_004481,tablet
device_004482,corporate_workstation
device_004483,corporate_workstation
device_004484,mobile
device_004485,desktop
device_004486,corporate_workstation
device_004487,desktop
device_004488,customer_service_terminal
device_004489,tablet
device_004490,mobile
device_004491,tablet
device_004492,customer_service_terminal
device_004493,customer_service_terminal
device_004494,desktop
device_004495,corporate_workstation
device_004496,tablet
device_004497,mobile
device_004498,corporate_workstation
device_004499,mobile
device_004500,desktop
device_004501,corporate_workstation
device_004502,mobile
device_004503,desktop
device_004504,customer_service_terminal
device_004505,corporate_workstation
device_004506,tablet
device_004507,tablet
device_004508,desktop
device_004509,tablet
device_004510,corporate_workstation
device_004511,customer_service_terminal
device_004512,mobile
device_004513,tablet
device_004514,desktop
device_004515,customer_service_terminal
device_004516,corporate_workstation
device_004517,customer_service_terminal
device_004518,desktop
device_004519,tablet
device_004520,customer_service_terminal
device_004521,mobile
device_004522,tablet
device_004523,desktop
device_004524,corporate_workstation
device_004525,customer_service_terminal
device_004526,corporate_workstation
device_004527,desktop
device_004528,mobile
device_004529,mobile
device_004530,mobile
device_004531,mobile
device_004532,desktop
device_004533,tablet
device_004534,customer_service_terminal
device_004535,customer_service_terminal
device_004536,tablet
device_004537,customer_service_terminal
device_004538,corporate_workstation
device_004539,mobile
device_004540,customer_service_terminal
device_004541,desktop
device_004542,mobile
device_004543,corporate_workstation
device_004544,customer_service_terminal
device_004545,corporate_workstation
device_004546,desktop
device_004547,tablet
device_004548,tablet
device_004549,corporate_workstation
device_004550,customer_service_terminal
device_004551,tablet
device_004552,tablet
device_004553,mobile
device_004554,desktop
device_004555,tablet
device_004556,corporate_workstation
device_004557,tablet
device_004558,desktop
device_004559,mobile
device_004560,desktop
device_004561,tablet
device_004562,desktop
device_004563,corporate_workstation
device_004564,corporate_workstation
device_004565,corporate_workstation
device_004566,desktop
device_004567,customer_service_terminal
device_004568,corporate_workstation
device_004569,tablet
device_004570,customer_service_terminal
device_004571,customer_service_terminal
device_004572,tablet
device_004573,desktop
device_004574,desktop
device_004575,mobile
device_004576,customer_service_terminal
device_004577,mobile
device_004578,desktop
device_004579,desktop
device_004580,desktop
device_004581,corporate_workstation
device_004582,tablet
device_004583,tablet
device_004584,mobile
device_004585,tablet
device_004586,mobile
device_004587,tablet
device_004588,desktop
device_004589,mobile
device_004590,tablet
device_004591,corporate_workstation
device_004592,corporate_workstation
device_004593,corporate_workstation
device_004594,tablet
device_004595,tablet
device_004596,tablet
device_004597,desktop
device_004598,tablet
device_004599,desktop
device_004600,tablet
device_004601,desktop
device_004602,tablet
device_004603,tablet
device_004604,customer_service_terminal
device_004605,corporate_workstation
device_004606,mobile
device_004607,customer_service_terminal
device_004608,customer_service_terminal
device_004609,customer_service_terminal
device_004610,customer_service_terminal
device_004611,tablet
device_004612,tablet
device_004613,corporate_workstation
device_004614,tablet
device_004615,corporate_workstation
device_004616,customer_service_terminal
device_004617,corporate_workstation
device_004618,corporate_workstation
device_004619,desktop
device_004620,corporate_workstation
device_004621,customer_service_terminal
device_004622,corporate_workstation
device_004623,desktop
device_004624,customer_service_terminal
device_004625,corporate_workstation
device_004626,desktop
device_004627,tablet
device_004628,tablet
device_004629,corporate_workstation
device_004630,mobile
device_004631,desktop
device_004632,tablet
device_004633,tablet
device_004634,tablet
device_004635,tablet
device_004636,customer_service_terminal
device_004637,tablet
device_004638,corporate_workstation
device_004639,mobile
device_004640,corporate_workstation
device_004641,desktop
device_004642,mobile
device_004643,tablet
device_004644,tablet
device_004645,tablet
device_004646,corporate_workstation
device_004647,mobile
device_004648,corporate_workstation
device_004649,customer_service_terminal
device_004650,tablet
device_004651,corporate_workstation
device_004652,desktop
device_004653,corporate_workstation
device_004654,mobile
device_004655,mobile
device_004656,corporate_workstation
device_004657,tablet
device_004658,desktop
device_004659,desktop
device_004660,mobile
device_004661,customer_service_terminal
device_004662,customer_service_terminal
device_004663,mobile
device_004664,mobile
device_004665,mobile
device_004666,customer_service_terminal
device_004667,corporate_workstation
device_004668,mobile
device_004669,tablet
device_004670,corporate_workstation
device_004671,tablet
device_004672,corporate_workstation
device_004673,customer_service_terminal
device_004674,desktop
device_004675,desktop
device_004676,corporate_workstation
device_004677,corporate_workstation
device_004678,corporate_workstation
device_004679,desktop
device_004680,customer_service_terminal
device_004681,corporate_workstation
device_004682,tablet
device_004683,corporate_workstation
device_004684,desktop
device_004685,corporate_workstation
device_004686,desktop
device_004687,desktop
device_004688,desktop
device_004689,tablet
device_004690,tablet
device_004691,mobile
device_004692,mobile
device_004693,mobile
device_004694,corporate_workstation
device_004695,tablet
device_004696,mobile
device_004697,customer_service_terminal
device_004698,mobile
device_004699,mobile
device_004700,mobile
device_004701,desktop
device_004702,corporate_workstation
device_004703,customer_service_terminal
device_004704,corporate_workstation
device_004705,tablet
device_004706,mobile
device_004707,mobile
device_004708,customer_service_terminal
device_004709,customer_service_terminal
device_004710,customer_service_terminal
device_004711,customer_service_terminal
device_004712,customer_service_terminal
device_004713,tablet
device_004714,corporate_workstation
device_004715,mobile
device_004716,mobile
device_004717,customer_service_terminal
device_004718,mobile
device_004719,corporate_workstation
device_004720,customer_service_terminal
device_004721,desktop
device_004722,tablet
device_004723,corporate_workstation
device_004724,tablet
device_004725,tablet
device_004726,mobile
device_004727,corporate_workstation
device_004728,corporate_workstation
device_004729,tablet
device_004730,tablet
device_004731,tablet
device_004732,mobile
device_004733,customer_service_terminal
device_004734,tablet
device_004735,customer_service_terminal
device_004736,tablet
device_004737,mobile
device_004738,corporate_workstation
device_004739,tablet
device_004740,customer_service_terminal
device_004741,tablet
device_004742,tablet
device_004743,tablet
device_004744,customer_service_terminal
device_004745,desktop
device_004746,customer_service_terminal
device_004747,mobile
device_004748,corporate_workstation
device_004749,desktop
device_004750,corporate_workstation
device_004751,tablet
device_004752,corporate_workstation
device_004753,customer_service_terminal
device_004754,customer_service_terminal
device_004755,corporate_workstation
device_004756,mobile
device_004757,customer_service_terminal
device_004758,customer_service_terminal
device_004759,mobile
device_004760,corporate_workstation
device_004761,desktop
device_004762,desktop
device_004763,desktop
device_004764,mobile
device_004765,desktop
device_004766,customer_service_terminal
device_004767,desktop
device_004768,tablet
device_004769,tablet
device_004770,corporate_workstation
device_004771,mobile
device_004772,corporate_workstation
device_004773,corporate_workstation
device_004774,tablet
device_004775,desktop
device_004776,customer_service_terminal
device_004777,customer_service_terminal
device_004778,tablet
device_004779,desktop
device_004780,desktop
device_004781,mobile
device_004782,corporate_workstation
device_004783,mobile
device_004784,corporate_workstation
device_004785,mobile
device_004786,desktop
device_004787,mobile
device_004788,customer_service_terminal
device_004789,tablet
device_004790,tablet
device_004791,mobile
device_004792,corporate_workstation
device_004793,tablet
device_004794,corporate_workstation
device_004795,tablet
device_004796,desktop
device_004797,desktop
device_004798,customer_service_terminal
device_004799,customer_service_terminal
device_004800,mobile
device_004801,corporate_workstation
device_004802,tablet
device_004803,customer_service_terminal
device_004804,corporate_workstation
device_004805,desktop
device_004806,corporate_workstation
device_004807,tablet
device_004808,corporate_workstation
device_004809,corporate_workstation
device_004810,desktop
device_004811,mobile
device_004812,desktop
device_004813,corporate_workstation
device_004814,customer_service_terminal
device_004815,corporate_workstation
device_004816,corporate_workstation
device_004817,mobile
device_004818,mobile
device_004819,desktop
device_004820,desktop
device_004821,customer_service_terminal
device_004822,tablet
device_004823,desktop
device_004824,corporate_workstation
device_004825,mobile
device_004826,customer_service_terminal
device_004827,tablet
device_004828,tablet
device_004829,corporate_workstation
device_004830,tablet
device_004831,tablet
device_004832,corporate_workstation
device_004833,mobile
device_004834,desktop
device_004835,mobile
device_004836,desktop
device_004837,corporate_workstation
device_004838,mobile
device_004839,customer_service_terminal
device_004840,desktop
device_004841,mobile
device_004842,desktop
device_004843,corporate_workstation
device_004844,customer_service_terminal
device_004845,corporate_workstation
device_004846,desktop
device_004847,corporate_workstation
device_004848,tablet
device_004849,corporate_workstation
device_004850,customer_service_terminal
device_004851,mobile
device_004852,corporate_workstation
device_004853,desktop
device_004854,customer_service_terminal
device_004855,customer_service_terminal
device_004856,customer_service_terminal
device_004857,corporate_workstation
device_004858,desktop
device_004859,mobile
device_004860,tablet
device_004861,customer_service_terminal
device_004862,customer_service_terminal
device_004863,corporate_workstation
device_004864,corporate_workstation
device_004865,customer_service_terminal
device_004866,customer_service_terminal
device_004867,mobile
device_004868,customer_service_terminal
device_004869,customer_service_terminal
device_004870,corporate_workstation
device_004871,mobile
device_004872,desktop
device_004873,customer_service_terminal
device_004874,tablet
device_004875,corporate_workstation
device_004876,corporate_workstation
device_004877,customer_service_terminal
device_004878,mobile
device_004879,tablet
device_004880,tablet
device_004881,corporate_workstation
device_004882,customer_service_terminal
device_004883,desktop
device_004884,desktop
device_004885,customer_service_terminal
device_004886,desktop
device_004887,mobile
device_004888,customer_service_terminal
device_004889,desktop
device_004890,corporate_workstation
device_004891,customer_service_terminal
device_004892,customer_service_terminal
device_004893,mobile
device_004894,customer_service_terminal
device_004895,mobile
device_004896,mobile
device_004897,desktop
device_004898,customer_service_terminal
device_004899,mobile
device_004900,corporate_workstation
device_004901,tablet
device_004902,desktop
device_004903,corporate_workstation
device_004904,desktop
device_004905,customer_service_terminal
device_004906,desktop
device_004907,corporate_workstation
device_004908,desktop
device_004909,mobile
device_004910,customer_service_terminal
device_004911,corporate_workstation
device_004912,customer_service_terminal
device_004913,tablet
device_004914,desktop
device_004915,mobile
device_004916,customer_service_terminal
device_004917,mobile
device_004918,desktop
device_004919,mobile
device_004920,customer_service_terminal
device_004921,corporate_workstation
device_004922,desktop
device_004923,tablet
device_004924,desktop
device_004925,corporate_workstation
device_004926,mobile
device_004927,mobile
device_004928,corporate_workstation
device_004929,tablet
device_004930,mobile
device_004931,desktop
device_004932,desktop
device_004933,mobile
device_004934,corporate_workstation
device_004935,corporate_workstation
device_004936,corporate_workstation
device_004937,desktop
device_004938,mobile
device_004939,mobile
device_004940,corporate_workstation
device_004941,desktop
device_004942,mobile
device_004943,desktop
device_004944,mobile
device_004945,corporate_workstation
device_004946,corporate_workstation
device_004947,mobile
device_004948,tablet
device_004949,tablet
device_004950,customer_service_terminal
device_004951,mobile
device_004952,mobile
device_004953,mobile
device_004954,customer_service_terminal
device_004955,tablet
device_004956,corporate_workstation
device_004957,customer_service_terminal
device_004958,customer_service_terminal
device_004959,corporate_workstation
device_004960,corporate_workstation
device_004961,corporate_workstation
device_004962,tablet
device_004963,tablet
device_004964,tablet
device_004965,desktop
device_004966,corporate_workstation
device_004967,corporate_workstation
device_004968,corporate_workstation
device_004969,mobile
device_004970,customer_service_terminal
device_004971,desktop
device_004972,customer_service_terminal
device_004973,customer_service_terminal
device_004974,mobile
device_004975,desktop
device_004976,tablet
device_004977,customer_service_terminal
device_004978,customer_service_terminal
device_004979,corporate_workstation
device_004980,corporate_workstation
device_004981,desktop
device_004982,mobile
device_004983,tablet
device_004984,corporate_workstation
device_004985,mobile
device_004986,customer_service_terminal
device_004987,mobile
device_004988,mobile
device_004989,tablet
device_004990,mobile
device_004991,tablet
device_004992,tablet
device_004993,customer_service_terminal
device_004994,mobile
device_004995,mobile
device_004996,mobile
device_004997,customer_service_terminal
device_004998,desktop
device_004999,desktop
device_005000,corporate_workstation
device_005001,desktop
device_005002,mobile
device_005003,tablet
device_005004,customer_service_terminal
device_005005,desktop
device_005006,tablet
device_005007,customer_service_terminal
device_005008,desktop
device_005009,desktop
device_005010,mobile
device_005011,tablet
device_005012,corporate_workstation
device_005013,tablet
device_005014,desktop
device_005015,tablet
device_005016,customer_service_terminal
device_005017,customer_service_terminal
device_005018,tablet
device_005019,desktop
device_005020,mobile
device_005021,customer_service_terminal
device_005022,desktop
device_005023,corporate_workstation
device_005024,tablet
device_005025,customer_service_terminal
device_005026,mobile
device_005027,mobile
device_005028,mobile
device_005029,corporate_workstation
device_005030,customer_service_terminal
device_005031,desktop
device_005032,desktop
device_005033,corporate_workstation
device_005034,tablet
device_005035,desktop
device_005036,desktop
device_005037,customer_service_terminal
device_005038,tablet
device_005039,mobile
device_005040,desktop
device_005041,desktop
device_005042,desktop
device_005043,mobile
device_005044,mobile
device_005045,tablet
device_005046,corporate_workstation
device_005047,customer_service_terminal
device_005048,corporate_workstation
device_005049,customer_service_terminal
device_005050,tablet
device_005051,desktop
device_005052,corporate_workstation
device_005053,desktop
device_005054,customer_service_terminal
device_005055,tablet
device_005056,mobile
device_005057,desktop
device_005058,customer_service_terminal
device_005059,corporate_workstation
device_005060,mobile
device_005061,corporate_workstation
device_005062,corporate_workstation
device_005063,desktop
device_005064,mobile
device_005065,corporate_workstation
device_005066,customer_service_terminal
device_005067,mobile
device_005068,desktop
device_005069,customer_service_terminal
device_005070,tablet
device_005071,mobile
device_005072,tablet
device_005073,mobile
device_005074,corporate_workstation
device_005075,customer_service_terminal
device_005076,mobile
device_005077,desktop
device_005078,desktop
device_005079,corporate_workstation
device_005080,mobile
device_005081,tablet
device_005082,corporate_workstation
device_005083,corporate_workstation
device_005084,tablet
device_005085,corporate_workstation
device_005086,tablet
device_005087,tablet
device_005088,customer_service_terminal
device_005089,corporate_workstation
device_005090,mobile
device_005091,customer_service_terminal
device_005092,mobile
device_005093,corporate_workstation
device_005094,mobile
device_005095,customer_service_terminal
device_005096,customer_service_terminal
device_005097,customer_service_terminal
device_005098,corporate_workstation
device_005099,tablet
device_005100,tablet
device_005101,corporate_workstation
device_005102,desktop
device_005103,mobile
device_005104,mobile
device_005105,tablet
device_005106,corporate_workstation
device_005107,corporate_workstation
device_005108,tablet
device_005109,desktop
device_005110,desktop
device_005111,customer_service_terminal
device_005112,customer_service_terminal
device_005113,tablet
device_005114,customer_service_terminal
device_005115,customer_service_terminal
device_005116,customer_service_terminal
device_005117,tablet
device_005118,tablet
device_005119,corporate_workstation
device_005120,tablet
device_005121,customer_service_terminal
device_005122,customer_service_terminal
device_005123,desktop
device_005124,mobile
device_005125,desktop
device_005126,tablet
device_005127,mobile
device_005128,tablet
device_005129,desktop
device_005130,desktop
device_005131,customer_service_terminal
device_005132,mobile
device_005133,mobile
device_005134,mobile
device_005135,desktop
device_005136,customer_service_terminal
device_005137,tablet
device_005138,mobile
device_005139,corporate_workstation
device_005140,tablet
device_005141,customer_service_terminal
device_005142,corporate_workstation
device_005143,tablet
device_005144,mobile
device_005145,customer_service_terminal
device_005146,customer_service_terminal
device_005147,mobile
device_005148,desktop
device_005149,customer_service_terminal
device_005150,mobile
device_005151,desktop
device_005152,corporate_workstation
device_005153,mobile
device_005154,corporate_workstation
device_005155,customer_service_terminal
device_005156,customer_service_terminal
device_005157,corporate_workstation
device_005158,desktop
device_005159,customer_service_terminal
device_005160,desktop
device_005161,customer_service_terminal
device_005162,corporate_workstation
device_005163,corporate_workstation
device_005164,mobile
device_005165,customer_service_terminal
device_005166,mobile
device_005167,corporate_workstation
device_005168,tablet
device_005169,customer_service_terminal
device_005170,mobile
device_005171,corporate_workstation
device_005172,desktop
device_005173,corporate_workstation
device_005174,tablet
device_005175,desktop
device_005176,customer_service_terminal
device_005177,desktop
device_005178,customer_service_terminal
device_005179,corporate_workstation
device_005180,mobile
device_005181,tablet
device_005182,tablet
device_005183,desktop
device_005184,mobile
device_005185,customer_service_terminal
device_005186,corporate_workstation
device_005187,desktop
device_005188,desktop
device_005189,tablet
device_005190,tablet
device_005191,mobile
device_005192,customer_service_terminal
device_005193,corporate_workstation
device_005194,customer_service_terminal
device_005195,customer_service_terminal
device_005196,tablet
device_005197,customer_service_terminal
device_005198,tablet
device_005199,corporate_workstation
device_005200,tablet
device_005201,desktop
device_005202,customer_service_terminal
device_005203,desktop
device_005204,corporate_workstation
device_005205,customer_service_terminal
device_005206,desktop
device_005207,desktop
device_005208,customer_service_terminal
device_005209,desktop
device_005210,customer_service_terminal
device_005211,mobile
device_005212,mobile
device_005213,customer_service_terminal
device_005214,desktop
device_005215,desktop
device_005216,desktop
device_005217,corporate_workstation
device_005218,desktop
device_005219,mobile
device_005220,tablet
device_005221,customer_service_terminal
device_005222,customer_service_terminal
device_005223,corporate_workstation
device_005224,tablet
device_005225,customer_service_terminal
device_005226,corporate_workstation
device_005227,tablet
device_005228,tablet
device_005229,tablet
device_005230,tablet
device_005231,customer_service_terminal
device_005232,mobile
device_005233,customer_service_terminal
device_005234,tablet
device_005235,corporate_workstation
device_005236,corporate_workstation
device_005237,customer_service_terminal
device_005238,desktop
device_005239,tablet
device_005240,corporate_workstation
device_005241,corporate_workstation
device_005242,customer_service_terminal
device_005243,corporate_workstation
device_005244,customer_service_terminal
device_005245,tablet
device_005246,corporate_workstation
device_005247,desktop
device_005248,mobile
device_005249,desktop
device_005250,corporate_workstation
device_005251,desktop
device_005252,mobile
device_005253,tablet
device_005254,corporate_workstation
device_005255,corporate_workstation
device_005256,corporate_workstation
device_005257,customer_service_terminal
device_005258,desktop
device_005259,customer_service_terminal
device_005260,customer_service_terminal
device_005261,tablet
device_005262,corporate_workstation
device_005263,customer_service_terminal
device_005264,tablet
device_005265,corporate_workstation
device_005266,mobile
device_005267,mobile
device_005268,corporate_workstation
device_005269,customer_service_terminal
device_005270,tablet
device_005271,desktop
device_005272,tablet
device_005273,tablet
device_005274,corporate_workstation
device_005275,mobile
device_005276,mobile
device_005277,customer_service_terminal
device_005278,customer_service_terminal
device_005279,tablet
device_005280,tablet
device_005281,corporate_workstation
device_005282,corporate_workstation
device_005283,desktop
device_005284,corporate_workstation
device_005285,customer_service_terminal
device_005286,tablet
device_005287,corporate_workstation
device_005288,corporate_workstation
device_005289,mobile
device_005290,corporate_workstation
device_005291,tablet
device_005292,corporate_workstation
device_005293,mobile
device_005294,customer_service_terminal
device_005295,tablet
device_005296,tablet
device_005297,customer_service_terminal
device_005298,customer_service_terminal
device_005299,tablet
device_005300,desktop
device_005301,mobile
device_005302,mobile
device_005303,customer_service_terminal
device_005304,desktop
device_005305,corporate_workstation
device_005306,customer_service_terminal
device_005307,desktop
device_005308,mobile
device_005309,mobile
device_005310,tablet
device_005311,desktop
device_005312,mobile
device_005313,mobile
device_005314,corporate_workstation
device_005315,customer_service_terminal
device_005316,tablet
device_005317,desktop
device_005318,desktop
device_005319,corporate_workstation
device_005320,desktop
device_005321,desktop
device_005322,customer_service_terminal
device_005323,corporate_workstation
device_005324,customer_service_terminal
device_005325,desktop
device_005326,corporate_workstation
device_005327,customer_service_terminal
device_005328,desktop
device_005329,tablet
device_005330,tablet
device_005331,tablet
device_005332,customer_service_terminal
device_005333,mobile
device_005334,customer_service_terminal
device_005335,customer_service_terminal
device_005336,corporate_workstation
device_005337,tablet
device_005338,mobile
device_005339,mobile
device_005340,customer_service_terminal
device_005341,mobile
device_005342,corporate_workstation
device_005343,mobile
device_005344,desktop
device_005345,desktop
device_005346,corporate_workstation
device_005347,customer_service_terminal
device_005348,mobile
device_005349,mobile
device_005350,corporate_workstation
device_005351,desktop
device_005352,tablet
device_005353,desktop
device_005354,corporate_workstation
device_005355,customer_service_terminal
device_005356,tablet
device_005357,tablet
device_005358,tablet
device_005359,mobile
device_005360,corporate_workstation
device_005361,corporate_workstation
device_005362,corporate_workstation
device_005363,corporate_workstation
device_005364,tablet
device_005365,mobile
device_005366,corporate_workstation
device_005367,desktop
device_005368,customer_service_terminal
device_005369,desktop
device_005370,tablet
device_005371,mobile
device_005372,customer_service_terminal
device_005373,tablet
device_005374,tablet
device_005375,corporate_workstation
device_005376,tablet
device_005377,desktop
device_005378,tablet
device_005379,desktop
device_005380,mobile
device_005381,corporate_workstation
device_005382,desktop
device_005383,tablet
device_005384,corporate_workstation
device_005385,customer_service_terminal
device_005386,customer_service_terminal
device_005387,mobile
device_005388,mobile
device_005389,customer_service_terminal
device_005390,desktop
device_005391,customer_service_terminal
device_005392,corporate_workstation
device_005393,tablet
device_005394,tablet
device_005395,desktop
device_005396,customer_service_terminal
device_005397,corporate_workstation
device_005398,mobile
device_005399,desktop
device_005400,mobile
device_005401,corporate_workstation
device_005402,corporate_workstation
device_005403,desktop
device_005404,customer_service_terminal
device_005405,desktop
device_005406,mobile
device_005407,tablet
device_005408,tablet
device_005409,corporate_workstation
device_005410,corporate_workstation
device_005411,customer_service_terminal
device_005412,desktop
device_005413,mobile
device_005414,desktop
device_005415,tablet
device_005416,desktop
device_005417,tablet
device_005418,corporate_workstation
device_005419,desktop
device_005420,customer_service_terminal
device_005421,corporate_workstation
device_005422,tablet
device_005423,tablet
device_005424,customer_service_terminal
device_005425,corporate_workstation
device_005426,corporate_workstation
device_005427,tablet
device_005428,mobile
device_005429,tablet
device_005430,customer_service_terminal
device_005431,customer_service_terminal
device_005432,mobile
device_005433,tablet
device_005434,corporate_workstation
device_005435,mobile
device_005436,customer_service_terminal
device_005437,customer_service_terminal
device_005438,mobile
device_005439,customer_service_terminal
device_005440,customer_service_terminal
device_005441,mobile
device_005442,tablet
device_005443,tablet
device_005444,corporate_workstation
device_005445,corporate_workstation
device_005446,mobile
device_005447,desktop
device_005448,customer_service_terminal
device_005449,corporate_workstation
device_005450,corporate_workstation
device_005451,mobile
device_005452,corporate_workstation
device_005453,customer_service_terminal
device_005454,desktop
device_005455,corporate_workstation
device_005456,desktop
device_005457,mobile
device_005458,tablet
device_005459,corporate_workstation
device_005460,customer_service_terminal
device_005461,customer_service_terminal
device_005462,desktop
device_005463,customer_service_terminal
device_005464,desktop
device_005465,customer_service_terminal
device_005466,corporate_workstation
device_005467,customer_service_terminal
device_005468,tablet
device_005469,corporate_workstation
device_005470,tablet
device_005471,tablet
device_005472,tablet
device_005473,corporate_workstation
device_005474,tablet
device_005475,corporate_workstation
device_005476,customer_service_terminal
device_005477,mobile
device_005478,tablet
device_005479,mobile
device_005480,corporate_workstation
device_005481,corporate_workstation
device_005482,corporate_workstation
device_005483,customer_service_terminal
device_005484,corporate_workstation
device_005485,desktop
device_005486,corporate_workstation
device_005487,desktop
device_005488,tablet
device_005489,customer_service_terminal
device_005490,tablet
device_005491,tablet
device_005492,mobile
device_005493,corporate_workstation
device_005494,tablet
device_005495,customer_service_terminal
device_005496,desktop
device_005497,desktop
device_005498,mobile
device_005499,customer_service_terminal
device_005500,corporate_workstation
device_005501,customer_service_terminal
device_005502,mobile
device_005503,tablet
device_005504,tablet
device_005505,desktop
device_005506,corporate_workstation
device_005507,mobile
device_005508,corporate_workstation
device_005509,desktop
device_005510,corporate_workstation
device_005511,customer_service_terminal
device_005512,tablet
device_005513,tablet
device_005514,mobile
device_005515,mobile
device_005516,mobile
device_005517,mobile
device_005518,mobile
device_005519,corporate_workstation
device_005520,corporate_workstation
device_005521,tablet
device_005522,tablet
device_005523,desktop
device_005524,corporate_workstation
device_005525,customer_service_terminal
device_005526,corporate_workstation
device_005527,desktop
device_005528,mobile
device_005529,corporate_workstation
device_005530,customer_service_terminal
device_005531,tablet
device_005532,desktop
device_005533,desktop
device_005534,corporate_workstation
device_005535,corporate_workstation
device_005536,tablet
device_005537,customer_service_terminal
device_005538,corporate_workstation
device_005539,tablet
device_005540,corporate_workstation
device_005541,mobile
device_005542,desktop
device_005543,corporate_workstation
device_005544,corporate_workstation
device_005545,tablet
device_005546,corporate_workstation
device_005547,mobile
device_005548,tablet
device_005549,customer_service_terminal
device_005550,corporate_workstation
device_005551,corporate_workstation
device_005552,tablet
device_005553,desktop
device_005554,customer_service_terminal
device_005555,corporate_workstation
device_005556,desktop
device_005557,desktop
device_005558,desktop
device_005559,customer_service_terminal
device_005560,corporate_workstation
device_005561,corporate_workstation
device_005562,corporate_workstation
device_005563,customer_service_terminal
device_005564,mobile
device_005565,customer_service_terminal
device_005566,corporate_workstation
device_005567,tablet
device_005568,customer_service_terminal
device_005569,corporate_workstation
device_005570,tablet
device_005571,corporate_workstation
device_005572,customer_service_terminal
device_005573,mobile
device_005574,tablet
device_005575,tablet
device_005576,mobile
device_005577,desktop
device_005578,customer_service_terminal
device_005579,corporate_workstation
device_005580,mobile
device_005581,desktop
device_005582,tablet
device_005583,desktop
device_005584,desktop
device_005585,desktop
device_005586,corporate_workstation
device_005587,tablet
device_005588,mobile
device_005589,corporate_workstation
device_005590,mobile
device_005591,tablet
device_005592,mobile
device_005593,corporate_workstation
device_005594,tablet
device_005595,customer_service_terminal
device_005596,tablet
device_005597,mobile
device_005598,corporate_workstation
device_005599,tablet
device_005600,customer_service_terminal
device_005601,tablet
device_005602,desktop
device_005603,corporate_workstation
device_005604,mobile
device_005605,customer_service_terminal
device_005606,corporate_workstation
device_005607,corporate_workstation
device_005608,customer_service_terminal
device_005609,corporate_workstation
device_005610,mobile
device_005611,customer_service_terminal
device_005612,desktop
device_005613,tablet
device_005614,corporate_workstation
device_005615,corporate_workstation
device_005616,tablet
device_005617,mobile
device_005618,mobile
device_005619,tablet
device_005620,mobile
device_005621,desktop
device_005622,customer_service_terminal
device_005623,tablet
device_005624,mobile
device_005625,mobile
device_005626,mobile
device_005627,tablet
device_005628,corporate_workstation
device_005629,customer_service_terminal
device_005630,mobile
device_005631,mobile
device_005632,mobile
device_005633,tablet
device_005634,mobile
device_005635,tablet
device_005636,tablet
device_005637,customer_service_terminal
device_005638,corporate_workstation
device_005639,customer_service_terminal
device_005640,mobile
device_005641,tablet
device_005642,customer_service_terminal
device_005643,tablet
device_005644,customer_service_terminal
device_005645,desktop
device_005646,customer_service_terminal
device_005647,corporate_workstation
device_005648,corporate_workstation
device_005649,mobile
device_005650,tablet
device_005651,desktop
device_005652,mobile
device_005653,corporate_workstation
device_005654,customer_service_terminal
device_005655,desktop
device_005656,customer_service_terminal
device_005657,customer_service_terminal
device_005658,tablet
device_005659,tablet
device_005660,tablet
device_005661,desktop
device_005662,corporate_workstation
device_005663,desktop
device_005664,tablet
device_005665,tablet
device_005666,desktop
device_005667,corporate_workstation
device_005668,corporate_workstation
device_005669,customer_service_terminal
device_005670,customer_service_terminal
device_005671,tablet
device_005672,mobile
device_005673,tablet
device_005674,mobile
device_005675,tablet
device_005676,desktop
device_005677,desktop
device_005678,customer_service_terminal
device_005679,customer_service_terminal
device_005680,desktop
device_005681,corporate_workstation
device_005682,mobile
device_005683,desktop
device_005684,desktop
device_005685,corporate_workstation
device_005686,mobile
device_005687,desktop
device_005688,customer_service_terminal
device_005689,mobile
device_005690,mobile
device_005691,corporate_workstation
device_005692,desktop
device_005693,mobile
device_005694,customer_service_terminal
device_005695,tablet
device_005696,corporate_workstation
device_005697,desktop
device_005698,tablet
device_005699,corporate_workstation
device_005700,customer_service_terminal
device_005701,desktop
device_005702,tablet
device_005703,tablet
device_005704,desktop
device_005705,corporate_workstation
device_005706,tablet
device_005707,customer_service_terminal
device_005708,tablet
device_005709,tablet
device_005710,mobile
device_005711,corporate_workstation
device_005712,customer_service_terminal
device_005713,mobile
device_005714,desktop
device_005715,mobile
device_005716,mobile
device_005717,tablet
device_005718,desktop
device_005719,corporate_workstation
device_005720,tablet
device_005721,corporate_workstation
device_005722,customer_service_terminal
device_005723,desktop
device_005724,tablet
device_005725,mobile
device_005726,customer_service_terminal
device_005727,desktop
device_005728,corporate_workstation
device_005729,desktop
device_005730,tablet
device_005731,desktop
device_005732,tablet
device_005733,customer_service_terminal
device_005734,corporate_workstation
device_005735,mobile
device_005736,desktop
device_005737,customer_service_terminal
device_005738,customer_service_terminal
device_005739,tablet
device_005740,tablet
device_005741,customer_service_terminal
device_005742,mobile
device_005743,mobile
device_005744,desktop
device_005745,desktop
device_005746,desktop
device_005747,desktop
device_005748,mobile
device_005749,corporate_workstation
device_005750,desktop
device_005751,corporate_workstation
device_005752,desktop
device_005753,tablet
device_005754,mobile
device_005755,mobile
device_005756,customer_service_terminal
device_005757,tablet
device_005758,customer_service_terminal
device_005759,customer_service_terminal
device_005760,desktop
device_005761,corporate_workstation
device_005762,customer_service_terminal
device_005763,corporate_workstation
device_005764,tablet
device_005765,corporate_workstation
device_005766,tablet
device_005767,corporate_workstation
device_005768,corporate_workstation
device_005769,tablet
device_005770,corporate_workstation
device_005771,desktop
device_005772,desktop
device_005773,corporate_workstation
device_005774,corporate_workstation
device_005775,corporate_workstation
device_005776,corporate_workstation
device_005777,mobile
device_005778,mobile
device_005779,customer_service_terminal
device_005780,mobile
device_005781,customer_service_terminal
device_005782,corporate_workstation
device_005783,mobile
device_005784,desktop
device_005785,tablet
device_005786,tablet
device_005787,desktop
device_005788,customer_service_terminal
device_005789,mobile
device_005790,corporate_workstation
device_005791,desktop
device_005792,mobile
device_005793,desktop
device_005794,customer_service_terminal
device_005795,customer_service_terminal
device_005796,mobile
device_005797,customer_service_terminal
device_005798,desktop
device_005799,tablet
device_005800,tablet
device_005801,customer_service_terminal
device_005802,corporate_workstation
device_005803,mobile
device_005804,customer_service_terminal
device_005805,corporate_workstation
device_005806,tablet
device_005807,mobile
device_005808,corporate_workstation
device_005809,tablet
device_005810,desktop
device_005811,desktop
device_005812,mobile
device_005813,mobile
device_005814,corporate_workstation
device_005815,customer_service_terminal
device_005816,desktop
device_005817,desktop
device_005818,desktop
device_005819,corporate_workstation
device_005820,corporate_workstation
device_005821,mobile
device_005822,mobile
device_005823,mobile
device_005824,desktop
device_005825,tablet
device_005826,desktop
device_005827,customer_service_terminal
device_005828,desktop
device_005829,tablet
device_005830,mobile
device_005831,desktop
device_005832,mobile
device_005833,customer_service_terminal
device_005834,tablet
device_005835,tablet
device_005836,corporate_workstation
device_005837,tablet
device_005838,tablet
device_005839,mobile
device_005840,customer_service_terminal
device_005841,mobile
device_005842,tablet
device_005843,tablet
device_005844,tablet
device_005845,mobile
device_005846,customer_service_terminal
device_005847,desktop
device_005848,tablet
device_005849,tablet
device_005850,desktop
device_005851,customer_service_terminal
device_005852,corporate_workstation
device_005853,mobile
device_005854,tablet
device_005855,tablet
device_005856,tablet
device_005857,mobile
device_005858,tablet
device_005859,desktop
device_005860,mobile
device_005861,tablet
device_005862,desktop
device_005863,mobile
device_005864,corporate_workstation
device_005865,customer_service_terminal
device_005866,customer_service_terminal
device_005867,customer_service_terminal
device_005868,tablet
device_005869,customer_service_terminal
device_005870,mobile
device_005871,corporate_workstation
device_005872,mobile
device_005873,customer_service_terminal
device_005874,tablet
device_005875,customer_service_terminal
device_005876,desktop
device_005877,mobile
device_005878,desktop
device_005879,desktop
device_005880,tablet
device_005881,corporate_workstation
device_005882,corporate_workstation
device_005883,tablet
device_005884,corporate_workstation
device_005885,customer_service_terminal
device_005886,tablet
device_005887,tablet
device_005888,corporate_workstation
device_005889,mobile
device_005890,customer_service_terminal
device_005891,customer_service_terminal
device_005892,mobile
device_005893,tablet
device_005894,mobile
device_005895,corporate_workstation
device_005896,desktop
device_005897,customer_service_terminal
device_005898,mobile
device_005899,tablet
device_005900,corporate_workstation
device_005901,customer_service_terminal
device_005902,mobile
device_005903,customer_service_terminal
device_005904,tablet
device_005905,mobile
device_005906,desktop
device_005907,corporate_workstation
device_005908,desktop
device_005909,corporate_workstation
device_005910,mobile
device_005911,customer_service_terminal
device_005912,tablet
device_005913,mobile
device_005914,mobile
device_005915,customer_service_terminal
device_005916,mobile
device_005917,corporate_workstation
device_005918,customer_service_terminal
device_005919,customer_service_terminal
device_005920,mobile
device_005921,desktop
device_005922,tablet
device_005923,customer_service_terminal
device_005924,desktop
device_005925,customer_service_terminal
device_005926,tablet
device_005927,tablet
device_005928,mobile
device_005929,tablet
device_005930,corporate_workstation
device_005931,desktop
device_005932,mobile
device_005933,corporate_workstation
device_005934,desktop
device_005935,mobile
device_005936,customer_service_terminal
device_005937,desktop
device_005938,tablet
device_005939,desktop
device_005940,corporate_workstation
device_005941,desktop
device_005942,tablet
device_005943,mobile
device_005944,desktop
device_005945,desktop
device_005946,mobile
device_005947,tablet
device_005948,customer_service_terminal
device_005949,mobile
device_005950,customer_service_terminal
device_005951,customer_service_terminal
device_005952,tablet
device_005953,corporate_workstation
device_005954,corporate_workstation
device_005955,customer_service_terminal
device_005956,mobile
device_005957,desktop
device_005958,customer_service_terminal
device_005959,desktop
device_005960,desktop
device_005961,corporate_workstation
device_005962,customer_service_terminal
device_005963,desktop
device_005964,customer_service_terminal
device_005965,corporate_workstation
device_005966,desktop
device_005967,customer_service_terminal
device_005968,mobile
device_005969,mobile
device_005970,tablet
device_005971,corporate_workstation
device_005972,tablet
device_005973,desktop
device_005974,corporate_workstation
device_005975,mobile
device_005976,tablet
device_005977,corporate_workstation
device_005978,corporate_workstation
device_005979,corporate_workstation
device_005980,tablet
device_005981,customer_service_terminal
device_005982,desktop
device_005983,corporate_workstation
device_005984,mobile
device_005985,mobile
device_005986,desktop
device_005987,mobile
device_005988,corporate_workstation
device_005989,mobile
device_005990,mobile
device_005991,desktop
device_005992,customer_service_terminal
device_005993,desktop
device_005994,desktop
device_005995,mobile
device_005996,customer_service_terminal
device_005997,corporate_workstation
device_005998,corporate_workstation
device_005999,customer_service_terminal
device_006000,customer_service_terminal
device_006001,tablet
device_006002,customer_service_terminal
device_006003,customer_service_terminal
device_006004,mobile
device_006005,desktop
device_006006,corporate_workstation
device_006007,customer_service_terminal
device_006008,tablet
device_006009,mobile
device_006010,tablet
device_006011,tablet
device_006012,mobile
device_006013,tablet
device_006014,mobile
device_006015,desktop
device_006016,mobile
device_006017,corporate_workstation
device_006018,tablet
device_006019,customer_service_terminal
device_006020,tablet
device_006021,mobile
device_006022,customer_service_terminal
device_006023,corporate_workstation
device_006024,mobile
device_006025,desktop
device_006026,corporate_workstation
device_006027,tablet
device_006028,mobile
device_006029,corporate_workstation
device_006030,mobile
device_006031,tablet
device_006032,corporate_workstation
device_006033,customer_service_terminal
device_006034,desktop
device_006035,customer_service_terminal
device_006036,customer_service_terminal
device_006037,corporate_workstation
device_006038,desktop
device_006039,desktop
device_006040,tablet
device_006041,tablet
device_006042,customer_service_terminal
device_006043,corporate_workstation
device_006044,mobile
device_006045,customer_service_terminal
device_006046,tablet
device_006047,tablet
device_006048,tablet
device_006049,tablet
device_006050,tablet
device_006051,mobile
device_006052,mobile
device_006053,tablet
device_006054,corporate_workstation
device_006055,desktop
device_006056,corporate_workstation
device_006057,corporate_workstation
device_006058,customer_service_terminal
device_006059,tablet
device_006060,desktop
device_006061,mobile
device_006062,tablet
device_006063,desktop
device_006064,mobile
device_006065,desktop
device_006066,desktop
device_006067,desktop
device_006068,corporate_workstation
device_006069,customer_service_terminal
device_006070,tablet
device_006071,tablet
device_006072,corporate_workstation
device_006073,tablet
device_006074,corporate_workstation
device_006075,corporate_workstation
device_006076,mobile
device_006077,mobile
device_006078,corporate_workstation
device_006079,customer_service_terminal
device_006080,corporate_workstation
device_006081,customer_service_terminal
device_006082,mobile
device_006083,customer_service_terminal
device_006084,corporate_workstation
device_006085,tablet
device_006086,desktop
device_006087,mobile
device_006088,customer_service_terminal
device_006089,mobile
device_006090,corporate_workstation
device_006091,tablet
device_006092,mobile
device_006093,corporate_workstation
device_006094,corporate_workstation
device_006095,desktop
device_006096,tablet
device_006097,mobile
device_006098,tablet
device_006099,customer_service_terminal
device_006100,customer_service_terminal
device_006101,corporate_workstation
device_006102,customer_service_terminal
device_006103,corporate_workstation
device_006104,tablet
device_006105,tablet
device_006106,mobile
device_006107,mobile
device_006108,mobile
device_006109,mobile
device_006110,tablet
device_006111,customer_service_terminal
device_006112,tablet
device_006113,tablet
device_006114,corporate_workstation
device_006115,tablet
device_006116,corporate_workstation
device_006117,corporate_workstation
device_006118,corporate_workstation
device_006119,tablet
device_006120,corporate_workstation
device_006121,tablet
device_006122,desktop
device_006123,customer_service_terminal
device_006124,customer_service_terminal
device_006125,tablet
device_006126,desktop
device_006127,desktop
device_006128,tablet
device_006129,customer_service_terminal
device_006130,desktop
device_006131,corporate_workstation
device_006132,customer_service_terminal
device_006133,corporate_workstation
device_006134,corporate_workstation
device_006135,mobile
device_006136,desktop
device_006137,customer_service_terminal
device_006138,mobile
device_006139,customer_service_terminal
device_006140,customer_service_terminal
device_006141,corporate_workstation
device_006142,tablet
device_006143,customer_service_terminal
device_006144,corporate_workstation
device_006145,tablet
device_006146,mobile
device_006147,tablet
device_006148,tablet
device_006149,customer_service_terminal
device_006150,customer_service_terminal
device_006151,desktop
device_006152,tablet
device_006153,mobile
device_006154,desktop
device_006155,customer_service_terminal
device_006156,desktop
device_006157,tablet
device_006158,customer_service_terminal
device_006159,tablet
device_006160,mobile
device_006161,customer_service_terminal
device_006162,tablet
device_006163,tablet
device_006164,tablet
device_006165,tablet
device_006166,customer_service_terminal
device_006167,corporate_workstation
device_006168,tablet
device_006169,mobile
device_006170,desktop
device_006171,customer_service_terminal
device_006172,customer_service_terminal
device_006173,tablet
device_006174,desktop
device_006175,tablet
device_006176,desktop
device_006177,tablet
device_006178,tablet
device_006179,customer_service_terminal
device_006180,desktop
device_006181,tablet
device_006182,mobile
device_006183,mobile
device_006184,mobile
device_006185,tablet
device_006186,desktop
device_006187,corporate_workstation
device_006188,mobile
device_006189,desktop
device_006190,customer_service_terminal
device_006191,customer_service_terminal
device_006192,tablet
device_006193,desktop
device_006194,desktop
device_006195,mobile
device_006196,tablet
device_006197,customer_service_terminal
device_006198,desktop
device_006199,corporate_workstation
device_006200,desktop
device_006201,desktop
device_006202,desktop
device_006203,desktop
device_006204,desktop
device_006205,mobile
device_006206,desktop
device_006207,desktop
device_006208,customer_service_terminal
device_006209,customer_service_terminal
device_006210,desktop
device_006211,corporate_workstation
device_006212,corporate_workstation
device_006213,tablet
device_006214,mobile
device_006215,tablet
device_006216,mobile
device_006217,tablet
device_006218,customer_service_terminal
device_006219,corporate_workstation
device_006220,desktop
device_006221,mobile
device_006222,tablet
device_006223,customer_service_terminal
device_006224,corporate_workstation
device_006225,desktop
device_006226,desktop
device_006227,corporate_workstation
device_006228,tablet
device_006229,customer_service_terminal
device_006230,tablet
device_006231,corporate_workstation
device_006232,desktop
device_006233,customer_service_terminal
device_006234,corporate_workstation
device_006235,mobile
device_006236,desktop
device_006237,customer_service_terminal
device_006238,corporate_workstation
device_006239,desktop
device_006240,tablet
device_006241,mobile
device_006242,mobile
device_006243,tablet
device_006244,corporate_workstation
device_006245,corporate_workstation
device_006246,customer_service_terminal
device_006247,customer_service_terminal
device_006248,corporate_workstation
device_006249,corporate_workstation
device_006250,customer_service_terminal
device_006251,tablet
device_006252,corporate_workstation
device_006253,desktop
device_006254,mobile
device_006255,mobile
device_006256,customer_service_terminal
device_006257,customer_service_terminal
device_006258,mobile
device_006259,corporate_workstation
device_006260,desktop
device_006261,corporate_workstation
device_006262,corporate_workstation
device_006263,corporate_workstation
device_006264,desktop
device_006265,customer_service_terminal
device_006266,mobile
device_006267,corporate_workstation
device_006268,desktop
device_006269,tablet
device_006270,tablet
device_006271,corporate_workstation
device_006272,desktop
device_006273,corporate_workstation
device_006274,corporate_workstation
device_006275,mobile
device_006276,tablet
device_006277,customer_service_terminal
device_006278,tablet
device_006279,customer_service_terminal
device_006280,customer_service_terminal
device_006281,tablet
device_006282,customer_service_terminal
device_006283,tablet
device_006284,mobile
device_006285,desktop
device_006286,mobile
device_006287,desktop
device_006288,customer_service_terminal
device_006289,desktop
device_006290,desktop
device_006291,mobile
device_006292,desktop
device_006293,mobile
device_006294,tablet
device_006295,mobile
device_006296,mobile
device_006297,customer_service_terminal
device_006298,corporate_workstation
device_006299,customer_service_terminal
device_006300,tablet
device_006301,tablet
device_006302,desktop
device_006303,customer_service_terminal
device_006304,customer_service_terminal
device_006305,desktop
device_006306,customer_service_terminal
device_006307,tablet
device_006308,customer_service_terminal
device_006309,customer_service_terminal
device_006310,tablet
device_006311,desktop
device_006312,customer_service_terminal
device_006313,tablet
device_006314,desktop
device_006315,mobile
device_006316,corporate_workstation
device_006317,desktop
device_006318,corporate_workstation
device_006319,customer_service_terminal
device_006320,corporate_workstation
device_006321,tablet
device_006322,desktop
device_006323,customer_service_terminal
device_006324,mobile
device_006325,tablet
device_006326,customer_service_terminal
device_006327,tablet
device_006328,corporate_workstation
device_006329,corporate_workstation
device_006330,mobile
device_006331,tablet
device_006332,mobile
device_006333,desktop
device_006334,desktop
device_006335,desktop
device_006336,customer_service_terminal
device_006337,customer_service_terminal
device_006338,customer_service_terminal
device_006339,mobile
device_006340,tablet
device_006341,mobile
device_006342,mobile
device_006343,corporate_workstation
device_006344,mobile
device_006345,mobile
device_006346,desktop
device_006347,customer_service_terminal
device_006348,tablet
device_006349,corporate_workstation
device_006350,corporate_workstation
device_006351,mobile
device_006352,desktop
device_006353,mobile
device_006354,desktop
device_006355,desktop
device_006356,mobile
device_006357,mobile
device_006358,tablet
device_006359,corporate_workstation
device_006360,corporate_workstation
device_006361,corporate_workstation
device_006362,corporate_workstation
device_006363,mobile
device_006364,tablet
device_006365,corporate_workstation
device_006366,customer_service_terminal
device_006367,tablet
device_006368,customer_service_terminal
device_006369,desktop
device_006370,mobile
device_006371,mobile
device_006372,corporate_workstation
device_006373,tablet
device_006374,tablet
device_006375,desktop
device_006376,tablet
device_006377,corporate_workstation
device_006378,mobile
device_006379,mobile
device_006380,corporate_workstation
device_006381,desktop
device_006382,tablet
device_006383,customer_service_terminal
device_006384,tablet
device_006385,corporate_workstation
device_006386,corporate_workstation
device_006387,desktop
device_006388,mobile
device_006389,desktop
device_006390,tablet
device_006391,mobile
device_006392,tablet
device_006393,customer_service_terminal
device_006394,corporate_workstation
device_006395,corporate_workstation
device_006396,customer_service_terminal
device_006397,desktop
device_006398,desktop
device_006399,mobile
device_006400,customer_service_terminal
device_006401,corporate_workstation
device_006402,customer_service_terminal
device_006403,tablet
device_006404,desktop
device_006405,desktop
device_006406,customer_service_terminal
device_006407,desktop
device_006408,tablet
device_006409,customer_service_terminal
device_006410,mobile
device_006411,tablet
device_006412,mobile
device_006413,mobile
device_006414,corporate_workstation
device_006415,corporate_workstation
device_006416,tablet
device_006417,customer_service_terminal
device_006418,desktop
device_006419,desktop
device_006420,desktop
device_006421,tablet
device_006422,tablet
device_006423,mobile
device_006424,corporate_workstation
device_006425,customer_service_terminal
device_006426,corporate_workstation
device_006427,customer_service_terminal
device_006428,mobile
device_006429,customer_service_terminal
device_006430,tablet
device_006431,mobile
device_006432,mobile
device_006433,corporate_workstation
device_006434,mobile
device_006435,mobile
device_006436,customer_service_terminal
device_006437,tablet
device_006438,tablet
device_006439,customer_service_terminal
device_006440,tablet
device_006441,desktop
device_006442,mobile
device_006443,customer_service_terminal
device_006444,desktop
device_006445,corporate_workstation
device_006446,mobile
device_006447,customer_service_terminal
device_006448,desktop
device_006449,mobile
device_006450,mobile
device_006451,customer_service_terminal
device_006452,desktop
device_006453,customer_service_terminal
device_006454,corporate_workstation
device_006455,desktop
device_006456,desktop
device_006457,desktop
device_006458,desktop
device_006459,customer_service_terminal
device_006460,tablet
device_006461,mobile
device_006462,corporate_workstation
device_006463,customer_service_terminal
device_006464,desktop
device_006465,tablet
device_006466,customer_service_terminal
device_006467,corporate_workstation
device_006468,customer_service_terminal
device_006469,desktop
device_006470,customer_service_terminal
device_006471,mobile
device_006472,corporate_workstation
device_006473,customer_service_terminal
device_006474,corporate_workstation
device_006475,corporate_workstation
device_006476,mobile
device_006477,mobile
device_006478,tablet
device_006479,desktop
device_006480,customer_service_terminal
device_006481,tablet
device_006482,mobile
device_006483,corporate_workstation
device_006484,customer_service_terminal
device_006485,desktop
device_006486,mobile
device_006487,tablet
device_006488,corporate_workstation
device_006489,tablet
device_006490,corporate_workstation
device_006491,mobile
device_006492,corporate_workstation
device_006493,desktop
device_006494,corporate_workstation
device_006495,customer_service_terminal
device_006496,tablet
device_006497,desktop
device_006498,customer_service_terminal
device_006499,tablet
device_006500,desktop
device_006501,tablet
device_006502,desktop
device_006503,corporate_workstation
device_006504,customer_service_terminal
device_006505,mobile
device_006506,customer_service_terminal
device_006507,customer_service_terminal
device_006508,desktop
device_006509,mobile
device_006510,desktop
device_006511,corporate_workstation
device_006512,customer_service_terminal
device_006513,tablet
device_006514,tablet
device_006515,desktop
device_006516,tablet
device_006517,tablet
device_006518,tablet
device_006519,desktop
device_006520,corporate_workstation
device_006521,corporate_workstation
device_006522,desktop
device_006523,corporate_workstation
device_006524,desktop
device_006525,corporate_workstation
device_006526,corporate_workstation
device_006527,customer_service_terminal
device_006528,tablet
device_006529,customer_service_terminal
device_006530,tablet
device_006531,desktop
device_006532,customer_service_terminal
device_006533,tablet
device_006534,corporate_workstation
device_006535,tablet
device_006536,mobile
device_006537,corporate_workstation
device_006538,tablet
device_006539,corporate_workstation
device_006540,desktop
device_006541,customer_service_terminal
device_006542,mobile
device_006543,desktop
device_006544,customer_service_terminal
device_006545,customer_service_terminal
device_006546,mobile
device_006547,desktop
device_006548,corporate_workstation
device_006549,customer_service_terminal
device_006550,mobile
device_006551,corporate_workstation
device_006552,desktop
device_006553,corporate_workstation
device_006554,tablet
device_006555,customer_service_terminal
device_006556,tablet
device_006557,mobile
device_006558,mobile
device_006559,mobile
device_006560,customer_service_terminal
device_006561,corporate_workstation
device_006562,mobile
device_006563,customer_service_terminal
device_006564,mobile
device_006565,tablet
device_006566,corporate_workstation
device_006567,tablet
device_006568,desktop
device_006569,tablet
device_006570,tablet
device_006571,desktop
device_006572,corporate_workstation
device_006573,desktop
device_006574,tablet
device_006575,tablet
device_006576,desktop
device_006577,desktop
device_006578,corporate_workstation
device_006579,corporate_workstation
device_006580,customer_service_terminal
device_006581,desktop
device_006582,mobile
device_006583,desktop
device_006584,tablet
device_006585,customer_service_terminal
device_006586,desktop
device_006587,mobile
device_006588,customer_service_terminal
device_006589,mobile
device_006590,corporate_workstation
device_006591,mobile
device_006592,mobile
device_006593,corporate_workstation
device_006594,desktop
device_006595,tablet
device_006596,desktop
device_006597,mobile
device_006598,mobile
device_006599,tablet
device_006600,desktop
device_006601,desktop
device_006602,tablet
device_006603,corporate_workstation
device_006604,mobile
device_006605,corporate_workstation
device_006606,tablet
device_006607,corporate_workstation
device_006608,tablet
device_006609,customer_service_terminal
device_006610,mobile
device_006611,mobile
device_006612,mobile
device_006613,customer_service_terminal
device_006614,corporate_workstation
device_006615,desktop
device_006616,customer_service_terminal
device_006617,desktop
device_006618,desktop
device_006619,corporate_workstation
device_006620,customer_service_terminal
device_006621,customer_service_terminal
device_006622,corporate_workstation
device_006623,tablet
device_006624,corporate_workstation
device_006625,desktop
device_006626,desktop
device_006627,customer_service_terminal
device_006628,customer_service_terminal
device_006629,desktop
device_006630,corporate_workstation
device_006631,customer_service_terminal
device_006632,tablet
device_006633,tablet
device_006634,tablet
device_006635,tablet
device_006636,mobile
device_006637,corporate_workstation
device_006638,desktop
device_006639,customer_service_terminal
device_006640,mobile
device_006641,desktop
device_006642,desktop
device_006643,tablet
device_006644,desktop
device_006645,corporate_workstation
device_006646,tablet
device_006647,desktop
device_006648,tablet
device_006649,corporate_workstation
device_006650,mobile
device_006651,mobile
device_006652,desktop
device_006653,desktop
device_006654,customer_service_terminal
device_006655,customer_service_terminal
device_006656,mobile
device_006657,customer_service_terminal
device_006658,mobile
device_006659,mobile
device_006660,tablet
device_006661,corporate_workstation
device_006662,tablet
device_006663,tablet
device_006664,mobile
device_006665,corporate_workstation
device_006666,corporate_workstation
device_006667,desktop
device_006668,tablet
device_006669,customer_service_terminal
device_006670,tablet
device_006671,desktop
device_006672,corporate_workstation
device_006673,corporate_workstation
device_006674,corporate_workstation
device_006675,mobile
device_006676,corporate_workstation
device_006677,desktop
device_006678,desktop
device_006679,mobile
device_006680,tablet
device_006681,customer_service_terminal
device_006682,tablet
device_006683,customer_service_terminal
device_006684,desktop
device_006685,mobile
device_006686,tablet
device_006687,tablet
device_006688,corporate_workstation
device_006689,corporate_workstation
device_006690,customer_service_terminal
device_006691,desktop
device_006692,customer_service_terminal
device_006693,desktop
device_006694,corporate_workstation
device_006695,desktop
device_006696,customer_service_terminal
device_006697,tablet
device_006698,customer_service_terminal
device_006699,mobile
device_006700,corporate_workstation
device_006701,corporate_workstation
device_006702,desktop
device_006703,customer_service_terminal
device_006704,desktop
device_006705,corporate_workstation
device_006706,desktop
device_006707,customer_service_terminal
device_006708,tablet
device_006709,customer_service_terminal
device_006710,desktop
device_006711,corporate_workstation
device_006712,tablet
device_006713,desktop
device_006714,desktop
device_006715,customer_service_terminal
device_006716,mobile
device_006717,desktop
device_006718,desktop
device_006719,mobile
device_006720,tablet
device_006721,desktop
device_006722,corporate_workstation
device_006723,corporate_workstation
device_006724,desktop
device_006725,desktop
device_006726,mobile
device_006727,desktop
device_006728,desktop
device_006729,tablet
device_006730,corporate_workstation
device_006731,mobile
device_006732,desktop
device_006733,desktop
device_006734,corporate_workstation
device_006735,tablet
device_006736,corporate_workstation
device_006737,mobile
device_006738,customer_service_terminal
device_006739,customer_service_terminal
device_006740,corporate_workstation
device_006741,desktop
device_006742,tablet
device_006743,desktop
device_006744,mobile
device_006745,desktop
device_006746,desktop
device_006747,corporate_workstation
device_006748,mobile
device_006749,corporate_workstation
device_006750,mobile
device_006751,tablet
device_006752,mobile
device_006753,desktop
device_006754,desktop
device_006755,desktop
device_006756,corporate_workstation
device_006757,mobile
device_006758,mobile
device_006759,tablet
device_006760,mobile
device_006761,corporate_workstation
device_006762,corporate_workstation
device_006763,corporate_workstation
device_006764,customer_service_terminal
device_006765,tablet
device_006766,mobile
device_006767,customer_service_terminal
device_006768,corporate_workstation
device_006769,mobile
device_006770,corporate_workstation
device_006771,desktop
device_006772,desktop
device_006773,corporate_workstation
device_006774,corporate_workstation
device_006775,tablet
device_006776,corporate_workstation
device_006777,mobile
device_006778,mobile
device_006779,customer_service_terminal
device_006780,customer_service_terminal
device_006781,desktop
device_006782,corporate_workstation
device_006783,corporate_workstation
device_006784,mobile
device_006785,desktop
device_006786,corporate_workstation
device_006787,desktop
device_006788,customer_service_terminal
device_006789,mobile
device_006790,tablet
device_006791,customer_service_terminal
device_006792,mobile
device_006793,customer_service_terminal
device_006794,mobile
device_006795,desktop
device_006796,corporate_workstation
device_006797,mobile
device_006798,corporate_workstation
device_006799,desktop
device_006800,corporate_workstation
device_006801,customer_service_terminal
device_006802,corporate_workstation
device_006803,mobile
device_006804,customer_service_terminal
device_006805,tablet
device_006806,mobile
device_006807,corporate_workstation
device_006808,tablet
device_006809,corporate_workstation
device_006810,corporate_workstation
device_006811,tablet
device_006812,mobile
device_006813,tablet
device_006814,tablet
device_006815,desktop
device_006816,desktop
device_006817,customer_service_terminal
device_006818,desktop
device_006819,corporate_workstation
device_006820,tablet
device_006821,desktop
device_006822,mobile
device_006823,tablet
device_006824,mobile
device_006825,tablet
device_006826,desktop
device_006827,mobile
device_006828,customer_service_terminal
device_006829,corporate_workstation
device_006830,tablet
device_006831,desktop
device_006832,corporate_workstation
device_006833,desktop
device_006834,mobile
device_006835,mobile
device_006836,tablet
device_006837,tablet
device_006838,mobile
device_006839,corporate_workstation
device_006840,mobile
device_006841,corporate_workstation
device_006842,desktop
device_006843,mobile
device_006844,corporate_workstation
device_006845,customer_service_terminal
device_006846,customer_service_terminal
device_006847,tablet
device_006848,customer_service_terminal
device_006849,corporate_workstation
device_006850,tablet
device_006851,customer_service_terminal
device_006852,tablet
device_006853,tablet
device_006854,mobile
device_006855,corporate_workstation
device_006856,desktop
device_006857,desktop
device_006858,tablet
device_006859,mobile
device_006860,customer_service_terminal
device_006861,mobile
device_006862,customer_service_terminal
device_006863,mobile
device_006864,mobile
device_006865,mobile
device_006866,mobile
device_006867,corporate_workstation
device_006868,tablet
device_006869,mobile
device_006870,mobile
device_006871,desktop
device_006872,customer_service_terminal
device_006873,desktop
device_006874,tablet
device_006875,customer_service_terminal
device_006876,customer_service_terminal
device_006877,customer_service_terminal
device_006878,customer_service_terminal
device_006879,mobile
device_006880,customer_service_terminal
device_006881,customer_service_terminal
device_006882,desktop
device_006883,mobile
device_006884,corporate_workstation
device_006885,tablet
device_006886,mobile
device_006887,tablet
device_006888,desktop
device_006889,customer_service_terminal
device_006890,customer_service_terminal
device_006891,mobile
device_006892,tablet
device_006893,customer_service_terminal
device_006894,tablet
device_006895,customer_service_terminal
device_006896,corporate_workstation
device_006897,mobile
device_006898,customer_service_terminal
device_006899,corporate_workstation
device_006900,tablet
device_006901,customer_service_terminal
device_006902,mobile
device_006903,corporate_workstation
device_006904,mobile
device_006905,customer_service_terminal
device_006906,tablet
device_006907,corporate_workstation
device_006908,tablet
device_006909,customer_service_terminal
device_006910,customer_service_terminal
device_006911,desktop
device_006912,tablet
device_006913,tablet
device_006914,desktop
device_006915,customer_service_terminal
device_006916,mobile
device_006917,mobile
device_006918,tablet
device_006919,desktop
device_006920,tablet
device_006921,desktop
device_006922,mobile
device_006923,customer_service_terminal
device_006924,mobile
device_006925,corporate_workstation
device_006926,tablet
device_006927,desktop
device_006928,desktop
device_006929,tablet
device_006930,desktop
device_006931,corporate_workstation
device_006932,tablet
device_006933,corporate_workstation
device_006934,mobile
device_006935,tablet
device_006936,customer_service_terminal
device_006937,desktop
device_006938,mobile
device_006939,customer_service_terminal
device_006940,desktop
device_006941,mobile
device_006942,tablet
device_006943,customer_service_terminal
device_006944,tablet
device_006945,customer_service_terminal
device_006946,customer_service_terminal
device_006947,customer_service_terminal
device_006948,customer_service_terminal
device_006949,corporate_workstation
device_006950,mobile
device_006951,corporate_workstation
device_006952,corporate_workstation
device_006953,corporate_workstation
device_006954,customer_service_terminal
device_006955,customer_service_terminal
device_006956,desktop
device_006957,tablet
device_006958,tablet
device_006959,mobile
device_006960,corporate_workstation
device_006961,tablet
device_006962,tablet
device_006963,corporate_workstation
device_006964,customer_service_terminal
device_006965,mobile
device_006966,tablet
device_006967,tablet
device_006968,customer_service_terminal
device_006969,customer_service_terminal
device_006970,tablet
device_006971,tablet
device_006972,corporate_workstation
device_006973,mobile
device_006974,customer_service_terminal
device_006975,corporate_workstation
device_006976,tablet
device_006977,mobile
device_006978,mobile
device_006979,tablet
device_006980,corporate_workstation
device_006981,corporate_workstation
device_006982,tablet
device_006983,mobile
device_006984,corporate_workstation
device_006985,customer_service_terminal
device_006986,corporate_workstation
device_006987,tablet
device_006988,desktop
device_006989,corporate_workstation
device_006990,desktop
device_006991,mobile
device_006992,customer_service_terminal
device_006993,mobile
device_006994,tablet
device_006995,desktop
device_006996,customer_service_terminal
device_006997,desktop
device_006998,mobile
device_006999,mobile
device_007000,desktop
device_007001,corporate_workstation
device_007002,customer_service_terminal
device_007003,corporate_workstation
device_007004,tablet
device_007005,corporate_workstation
device_007006,desktop
device_007007,desktop
device_007008,tablet
device_007009,tablet
device_007010,tablet
device_007011,desktop
device_007012,mobile
device_007013,desktop
device_007014,mobile
device_007015,tablet
device_007016,tablet
device_007017,customer_service_terminal
device_007018,tablet
device_007019,mobile
device_007020,customer_service_terminal
device_007021,desktop
device_007022,tablet
device_007023,mobile
device_007024,corporate_workstation
device_007025,corporate_workstation
device_007026,customer_service_terminal
device_007027,tablet
device_007028,desktop
device_007029,mobile
device_007030,mobile
device_007031,desktop
device_007032,corporate_workstation
device_007033,mobile
device_007034,desktop
device_007035,corporate_workstation
device_007036,corporate_workstation
device_007037,corporate_workstation
device_007038,corporate_workstation
device_007039,mobile
device_007040,mobile
device_007041,corporate_workstation
device_007042,corporate_workstation
device_007043,customer_service_terminal
device_007044,mobile
device_007045,customer_service_terminal
device_007046,mobile
device_007047,customer_service_terminal
device_007048,customer_service_terminal
device_007049,customer_service_terminal
device_007050,desktop
device_007051,customer_service_terminal
device_007052,tablet
device_007053,tablet
device_007054,tablet
device_007055,desktop
device_007056,customer_service_terminal
device_007057,customer_service_terminal
device_007058,tablet
device_007059,desktop
device_007060,corporate_workstation
device_007061,tablet
device_007062,mobile
device_007063,tablet
device_007064,desktop
device_007065,mobile
device_007066,desktop
device_007067,corporate_workstation
device_007068,desktop
device_007069,customer_service_terminal
device_007070,desktop
device_007071,mobile
device_007072,mobile
device_007073,mobile
device_007074,customer_service_terminal
device_007075,mobile
device_007076,corporate_workstation
device_007077,desktop
device_007078,corporate_workstation
device_007079,desktop
device_007080,customer_service_terminal
device_007081,corporate_workstation
device_007082,customer_service_terminal
device_007083,desktop
device_007084,mobile
device_007085,tablet
device_007086,corporate_workstation
device_007087,mobile
device_007088,tablet
device_007089,customer_service_terminal
device_007090,customer_service_terminal
device_007091,tablet
device_007092,corporate_workstation
device_007093,corporate_workstation
device_007094,tablet
device_007095,tablet
device_007096,desktop
device_007097,customer_service_terminal
device_007098,customer_service_terminal
device_007099,tablet
device_007100,desktop
device_007101,corporate_workstation
device_007102,mobile
device_007103,customer_service_terminal
device_007104,customer_service_terminal
device_007105,tablet
device_007106,desktop
device_007107,desktop
device_007108,corporate_workstation
device_007109,desktop
device_007110,tablet
device_007111,corporate_workstation
device_007112,tablet
device_007113,mobile
device_007114,mobile
device_007115,desktop
device_007116,desktop
device_007117,desktop
device_007118,mobile
device_007119,desktop
device_007120,desktop
device_007121,corporate_workstation
device_007122,mobile
device_007123,corporate_workstation
device_007124,tablet
device_007125,tablet
device_007126,tablet
device_007127,mobile
device_007128,desktop
device_007129,corporate_workstation
device_007130,mobile
device_007131,corporate_workstation
device_007132,customer_service_terminal
device_007133,customer_service_terminal
device_007134,mobile
device_007135,corporate_workstation
device_007136,mobile
device_007137,customer_service_terminal
device_007138,desktop
device_007139,customer_service_terminal
device_007140,mobile
device_007141,corporate_workstation
device_007142,mobile
device_007143,tablet
device_007144,tablet
device_007145,tablet
device_007146,mobile
device_007147,customer_service_terminal
device_007148,mobile
device_007149,desktop
device_007150,desktop
device_007151,customer_service_terminal
device_007152,desktop
device_007153,tablet
device_007154,customer_service_terminal
device_007155,customer_service_terminal
device_007156,corporate_workstation
device_007157,corporate_workstation
device_007158,tablet
device_007159,customer_service_terminal
device_007160,mobile
device_007161,customer_service_terminal
device_007162,customer_service_terminal
device_007163,tablet
device_007164,desktop
device_007165,tablet
device_007166,mobile
device_007167,corporate_workstation
device_007168,desktop
device_007169,tablet
device_007170,tablet
device_007171,customer_service_terminal
device_007172,corporate_workstation
device_007173,customer_service_terminal
device_007174,corporate_workstation
device_007175,corporate_workstation
device_007176,corporate_workstation
device_007177,desktop
device_007178,mobile
device_007179,desktop
device_007180,desktop
device_007181,corporate_workstation
device_007182,customer_service_terminal
device_007183,desktop
device_007184,corporate_workstation
device_007185,customer_service_terminal
device_007186,customer_service_terminal
device_007187,tablet
device_007188,desktop
device_007189,mobile
device_007190,desktop
device_007191,tablet
device_007192,desktop
device_007193,tablet
device_007194,mobile
device_007195,corporate_workstation
device_007196,corporate_workstation
device_007197,mobile
device_007198,desktop
device_007199,mobile
device_007200,mobile
device_007201,customer_service_terminal
device_007202,mobile
device_007203,desktop
device_007204,tablet
device_007205,tablet
device_007206,customer_service_terminal
device_007207,mobile
device_007208,corporate_workstation
device_007209,mobile
device_007210,customer_service_terminal
device_007211,desktop
device_007212,customer_service_terminal
device_007213,tablet
device_007214,mobile
device_007215,tablet
device_007216,mobile
device_007217,mobile
device_007218,corporate_workstation
device_007219,tablet
device_007220,mobile
device_007221,customer_service_terminal
device_007222,customer_service_terminal
device_007223,mobile
device_007224,mobile
device_007225,customer_service_terminal
device_007226,customer_service_terminal
device_007227,desktop
device_007228,corporate_workstation
device_007229,tablet
device_007230,customer_service_terminal
device_007231,desktop
device_007232,corporate_workstation
device_007233,tablet
device_007234,tablet
device_007235,customer_service_terminal
device_007236,customer_service_terminal
device_007237,desktop
device_007238,corporate_workstation
device_007239,mobile
device_007240,mobile
device_007241,desktop
device_007242,corporate_workstation
device_007243,mobile
device_007244,corporate_workstation
device_007245,mobile
device_007246,desktop
device_007247,mobile
device_007248,customer_service_terminal
device_007249,mobile
device_007250,mobile
device_007251,customer_service_terminal
device_007252,mobile
device_007253,corporate_workstation
device_007254,mobile
device_007255,corporate_workstation
device_007256,mobile
device_007257,desktop
device_007258,desktop
device_007259,corporate_workstation
device_007260,mobile
device_007261,tablet
device_007262,customer_service_terminal
device_007263,mobile
device_007264,corporate_workstation
device_007265,corporate_workstation
device_007266,tablet
device_007267,mobile
device_007268,customer_service_terminal
device_007269,corporate_workstation
device_007270,tablet
device_007271,mobile
device_007272,customer_service_terminal
device_007273,corporate_workstation
device_007274,mobile
device_007275,tablet
device_007276,tablet
device_007277,mobile
device_007278,corporate_workstation
device_007279,customer_service_terminal
device_007280,tablet
device_007281,customer_service_terminal
device_007282,desktop
device_007283,mobile
device_007284,mobile
device_007285,desktop
device_007286,mobile
device_007287,corporate_workstation
device_007288,corporate_workstation
device_007289,tablet
device_007290,corporate_workstation
device_007291,corporate_workstation
device_007292,tablet
device_007293,desktop
device_007294,desktop
device_007295,tablet
device_007296,corporate_workstation
device_007297,tablet
device_007298,customer_service_terminal
device_007299,corporate_workstation
device_007300,mobile
device_007301,tablet
device_007302,corporate_workstation
device_007303,mobile
device_007304,desktop
device_007305,desktop
device_007306,tablet
device_007307,corporate_workstation
device_007308,corporate_workstation
device_007309,customer_service_terminal
device_007310,customer_service_terminal
device_007311,customer_service_terminal
device_007312,customer_service_terminal
device_007313,tablet
device_007314,mobile
device_007315,customer_service_terminal
device_007316,desktop
device_007317,desktop
device_007318,customer_service_terminal
device_007319,mobile
device_007320,desktop
device_007321,tablet
device_007322,customer_service_terminal
device_007323,corporate_workstation
device_007324,mobile
device_007325,desktop
device_007326,tablet
device_007327,corporate_workstation
device_007328,mobile
device_007329,mobile
device_007330,tablet
device_007331,mobile
device_007332,desktop
device_007333,desktop
device_007334,tablet
device_007335,tablet
device_007336,corporate_workstation
device_007337,desktop
device_007338,mobile
device_007339,customer_service_terminal
device_007340,mobile
device_007341,corporate_workstation
device_007342,tablet
device_007343,tablet
device_007344,desktop
device_007345,mobile
device_007346,mobile
device_007347,mobile
device_007348,mobile
device_007349,customer_service_terminal
device_007350,customer_service_terminal
device_007351,tablet
device_007352,corporate_workstation
device_007353,corporate_workstation
device_007354,tablet
device_007355,mobile
device_007356,desktop
device_007357,corporate_workstation
device_007358,desktop
device_007359,tablet
device_007360,mobile
device_007361,tablet
device_007362,corporate_workstation
device_007363,mobile
device_007364,mobile
device_007365,corporate_workstation
device_007366,tablet
device_007367,corporate_workstation
device_007368,customer_service_terminal
device_007369,tablet
device_007370,tablet
device_007371,customer_service_terminal
device_007372,corporate_workstation
device_007373,customer_service_terminal
device_007374,tablet
device_007375,customer_service_terminal
device_007376,customer_service_terminal
device_007377,customer_service_terminal
device_007378,corporate_workstation
device_007379,customer_service_terminal
device_007380,corporate_workstation
device_007381,customer_service_terminal
device_007382,mobile
device_007383,tablet
device_007384,mobile
device_007385,desktop
device_007386,tablet
device_007387,mobile
device_007388,mobile
device_007389,mobile
device_007390,tablet
device_007391,tablet
device_007392,mobile
device_007393,mobile
device_007394,tablet
device_007395,tablet
device_007396,desktop
device_007397,tablet
device_007398,corporate_workstation
device_007399,customer_service_terminal
device_007400,corporate_workstation
device_007401,customer_service_terminal
device_007402,desktop
device_007403,desktop
device_007404,mobile
device_007405,tablet
device_007406,customer_service_terminal
device_007407,mobile
device_007408,mobile
device_007409,mobile
device_007410,tablet
device_007411,mobile
device_007412,customer_service_terminal
device_007413,tablet
device_007414,mobile
device_007415,mobile
device_007416,corporate_workstation
device_007417,customer_service_terminal
device_007418,mobile
device_007419,desktop
device_007420,mobile
device_007421,corporate_workstation
device_007422,corporate_workstation
device_007423,corporate_workstation
device_007424,mobile
device_007425,corporate_workstation
device_007426,corporate_workstation
device_007427,customer_service_terminal
device_007428,tablet
device_007429,tablet
device_007430,corporate_workstation
device_007431,desktop
device_007432,desktop
device_007433,desktop
device_007434,customer_service_terminal
device_007435,corporate_workstation
device_007436,customer_service_terminal
device_007437,tablet
device_007438,corporate_workstation
device_007439,corporate_workstation
device_007440,desktop
device_007441,desktop
device_007442,customer_service_terminal
device_007443,mobile
device_007444,tablet
device_007445,mobile
device_007446,desktop
device_007447,desktop
device_007448,corporate_workstation
device_007449,desktop
device_007450,mobile
device_007451,mobile
device_007452,corporate_workstation
device_007453,customer_service_terminal
device_007454,customer_service_terminal
device_007455,customer_service_terminal
device_007456,desktop
device_007457,tablet
device_007458,tablet
device_007459,corporate_workstation
device_007460,desktop
device_007461,tablet
device_007462,mobile
device_007463,customer_service_terminal
device_007464,tablet
device_007465,tablet
device_007466,desktop
device_007467,mobile
device_007468,tablet
device_007469,desktop
device_007470,customer_service_terminal
device_007471,corporate_workstation
device_007472,tablet
device_007473,desktop
device_007474,corporate_workstation
device_007475,customer_service_terminal
device_007476,tablet
device_007477,desktop
device_007478,desktop
device_007479,customer_service_terminal
device_007480,corporate_workstation
device_007481,customer_service_terminal
device_007482,tablet
device_007483,corporate_workstation
device_007484,desktop
device_007485,customer_service_terminal
device_007486,desktop
device_007487,tablet
device_007488,tablet
device_007489,customer_service_terminal
device_007490,tablet
device_007491,mobile
device_007492,corporate_workstation
device_007493,mobile
device_007494,desktop
device_007495,corporate_workstation
device_007496,customer_service_terminal
device_007497,desktop
device_007498,mobile
device_007499,tablet
device_007500,customer_service_terminal
device_007501,tablet
device_007502,tablet
device_007503,mobile
device_007504,tablet
device_007505,mobile
device_007506,corporate_workstation
device_007507,corporate_workstation
device_007508,customer_service_terminal
device_007509,mobile
device_007510,tablet
device_007511,desktop
device_007512,corporate_workstation
device_007513,tablet
device_007514,customer_service_terminal
device_007515,desktop
device_007516,mobile
device_007517,mobile
device_007518,tablet
device_007519,desktop
device_007520,corporate_workstation
device_007521,mobile
device_007522,tablet
device_007523,customer_service_terminal
device_007524,customer_service_terminal
device_007525,customer_service_terminal
device_007526,desktop
device_007527,corporate_workstation
device_007528,corporate_workstation
device_007529,tablet
device_007530,corporate_workstation
device_007531,tablet
device_007532,desktop
device_007533,customer_service_terminal
device_007534,customer_service_terminal
device_007535,customer_service_terminal
device_007536,tablet
device_007537,mobile
device_007538,mobile
device_007539,corporate_workstation
device_007540,corporate_workstation
device_007541,corporate_workstation
device_007542,tablet
device_007543,mobile
device_007544,desktop
device_007545,customer_service_terminal
device_007546,desktop
device_007547,corporate_workstation
device_007548,desktop
device_007549,tablet
device_007550,mobile
device_007551,customer_service_terminal
device_007552,tablet
device_007553,tablet
device_007554,customer_service_terminal
device_007555,desktop
device_007556,corporate_workstation
device_007557,corporate_workstation
device_007558,desktop
device_007559,customer_service_terminal
device_007560,mobile
device_007561,corporate_workstation
device_007562,mobile
device_007563,customer_service_terminal
device_007564,desktop
device_007565,tablet
device_007566,mobile
device_007567,mobile
device_007568,mobile
device_007569,mobile
device_007570,mobile
device_007571,mobile
device_007572,mobile
device_007573,corporate_workstation
device_007574,tablet
device_007575,mobile
device_007576,tablet
device_007577,mobile
device_007578,customer_service_terminal
device_007579,tablet
device_007580,desktop
device_007581,customer_service_terminal
device_007582,corporate_workstation
device_007583,corporate_workstation
device_007584,customer_service_terminal
device_007585,customer_service_terminal
device_007586,mobile
device_007587,desktop
device_007588,mobile
device_007589,desktop
device_007590,mobile
device_007591,mobile
device_007592,customer_service_terminal
device_007593,customer_service_terminal
device_007594,desktop
device_007595,desktop
device_007596,customer_service_terminal
device_007597,corporate_workstation
device_007598,tablet
device_007599,customer_service_terminal
device_007600,customer_service_terminal
device_007601,mobile
device_007602,customer_service_terminal
device_007603,tablet
device_007604,tablet
device_007605,desktop
device_007606,desktop
device_007607,desktop
device_007608,mobile
device_007609,mobile
device_007610,corporate_workstation
device_007611,corporate_workstation
device_007612,customer_service_terminal
device_007613,mobile
device_007614,tablet
device_007615,tablet
device_007616,desktop
device_007617,tablet
device_007618,corporate_workstation
device_007619,corporate_workstation
device_007620,tablet
device_007621,mobile
device_007622,customer_service_terminal
device_007623,desktop
device_007624,desktop
device_007625,mobile
device_007626,customer_service_terminal
device_007627,customer_service_terminal
device_007628,desktop
device_007629,desktop
device_007630,mobile
device_007631,tablet
device_007632,desktop
device_007633,mobile
device_007634,customer_service_terminal
device_007635,tablet
device_007636,corporate_workstation
device_007637,mobile
device_007638,tablet
device_007639,tablet
device_007640,mobile
device_007641,desktop
device_007642,mobile
device_007643,desktop
device_007644,desktop
device_007645,tablet
device_007646,corporate_workstation
device_007647,mobile
device_007648,tablet
device_007649,customer_service_terminal
device_007650,desktop
device_007651,tablet
device_007652,customer_service_terminal
device_007653,desktop
device_007654,corporate_workstation
device_007655,customer_service_terminal
device_007656,customer_service_terminal
device_007657,mobile
device_007658,tablet
device_007659,tablet
device_007660,tablet
device_007661,corporate_workstation
device_007662,mobile
device_007663,desktop
device_007664,desktop
device_007665,desktop
device_007666,customer_service_terminal
device_007667,mobile
device_007668,customer_service_terminal
device_007669,desktop
device_007670,desktop
device_007671,corporate_workstation
device_007672,desktop
device_007673,customer_service_terminal
device_007674,desktop
device_007675,tablet
device_007676,tablet
device_007677,mobile
device_007678,desktop
device_007679,tablet
device_007680,customer_service_terminal
device_007681,desktop
device_007682,tablet
device_007683,customer_service_terminal
device_007684,corporate_workstation
device_007685,customer_service_terminal
device_007686,customer_service_terminal
device_007687,customer_service_terminal
device_007688,corporate_workstation
device_007689,desktop
device_007690,desktop
device_007691,corporate_workstation
device_007692,desktop
device_007693,customer_service_terminal
device_007694,tablet
device_007695,corporate_workstation
device_007696,corporate_workstation
device_007697,corporate_workstation
device_007698,customer_service_terminal
device_007699,corporate_workstation
device_007700,desktop
device_007701,tablet
device_007702,customer_service_terminal
device_007703,tablet
device_007704,customer_service_terminal
device_007705,mobile
device_007706,mobile
device_007707,mobile
device_007708,corporate_workstation
device_007709,desktop
device_007710,desktop
device_007711,mobile
device_007712,tablet
device_007713,corporate_workstation
device_007714,mobile
device_007715,customer_service_terminal
device_007716,customer_service_terminal
device_007717,mobile
device_007718,corporate_workstation
device_007719,customer_service_terminal
device_007720,tablet
device_007721,tablet
device_007722,mobile
device_007723,corporate_workstation
device_007724,corporate_workstation
device_007725,corporate_workstation
device_007726,customer_service_terminal
device_007727,mobile
device_007728,tablet
device_007729,desktop
device_007730,tablet
device_007731,customer_service_terminal
device_007732,tablet
device_007733,customer_service_terminal
device_007734,mobile
device_007735,desktop
device_007736,corporate_workstation
device_007737,customer_service_terminal
device_007738,mobile
device_007739,desktop
device_007740,mobile
device_007741,corporate_workstation
device_007742,tablet
device_007743,desktop
device_007744,tablet
device_007745,desktop
device_007746,mobile
device_007747,tablet
device_007748,desktop
device_007749,tablet
device_007750,tablet
device_007751,mobile
device_007752,desktop
device_007753,desktop
device_007754,desktop
device_007755,corporate_workstation
device_007756,customer_service_terminal
device_007757,corporate_workstation
device_007758,mobile
device_007759,customer_service_terminal
device_007760,mobile
device_007761,desktop
device_007762,customer_service_terminal
device_007763,corporate_workstation
device_007764,corporate_workstation
device_007765,customer_service_terminal
device_007766,customer_service_terminal
device_007767,customer_service_terminal
device_007768,tablet
device_007769,tablet
device_007770,desktop
device_007771,tablet
device_007772,customer_service_terminal
device_007773,desktop
device_007774,customer_service_terminal
device_007775,corporate_workstation
device_007776,tablet
device_007777,customer_service_terminal
device_007778,corporate_workstation
device_007779,corporate_workstation
device_007780,mobile
device_007781,customer_service_terminal
device_007782,desktop
device_007783,corporate_workstation
device_007784,tablet
device_007785,corporate_workstation
device_007786,mobile
device_007787,mobile
device_007788,mobile
device_007789,tablet
device_007790,desktop
device_007791,tablet
device_007792,tablet
device_007793,mobile
device_007794,desktop
device_007795,customer_service_terminal
device_007796,tablet
device_007797,desktop
device_007798,corporate_workstation
device_007799,tablet
device_007800,tablet
device_007801,tablet
device_007802,mobile
device_007803,mobile
device_007804,desktop
device_007805,corporate_workstation
device_007806,customer_service_terminal
device_007807,corporate_workstation
device_007808,desktop
device_007809,desktop
device_007810,desktop
device_007811,mobile
device_007812,mobile
device_007813,customer_service_terminal
device_007814,mobile
device_007815,corporate_workstation
device_007816,tablet
device_007817,desktop
device_007818,mobile
device_007819,customer_service_terminal
device_007820,desktop
device_007821,customer_service_terminal
device_007822,desktop
device_007823,corporate_workstation
device_007824,customer_service_terminal
device_007825,desktop
device_007826,customer_service_terminal
device_007827,tablet
device_007828,desktop
device_007829,desktop
device_007830,mobile
device_007831,mobile
device_007832,tablet
device_007833,customer_service_terminal
device_007834,customer_service_terminal
device_007835,desktop
device_007836,mobile
device_007837,desktop
device_007838,tablet
device_007839,desktop
device_007840,tablet
device_007841,corporate_workstation
device_007842,corporate_workstation
device_007843,customer_service_terminal
device_007844,corporate_workstation
device_007845,desktop
device_007846,desktop
device_007847,mobile
device_007848,tablet
device_007849,desktop
device_007850,mobile
device_007851,mobile
device_007852,customer_service_terminal
device_007853,tablet
device_007854,mobile
device_007855,customer_service_terminal
device_007856,corporate_workstation
device_007857,desktop
device_007858,customer_service_terminal
device_007859,tablet
device_007860,corporate_workstation
device_007861,mobile
device_007862,tablet
device_007863,desktop
device_007864,tablet
device_007865,customer_service_terminal
device_007866,tablet
device_007867,desktop
device_007868,tablet
device_007869,corporate_workstation
device_007870,mobile
device_007871,desktop
device_007872,customer_service_terminal
device_007873,corporate_workstation
device_007874,corporate_workstation
device_007875,corporate_workstation
device_007876,mobile
device_007877,mobile
device_007878,mobile
device_007879,corporate_workstation
device_007880,mobile
device_007881,mobile
device_007882,customer_service_terminal
device_007883,mobile
device_007884,customer_service_terminal
device_007885,corporate_workstation
device_007886,customer_service_terminal
device_007887,corporate_workstation
device_007888,desktop
device_007889,desktop
device_007890,tablet
device_007891,desktop
device_007892,desktop
device_007893,mobile
device_007894,mobile
device_007895,desktop
device_007896,tablet
device_007897,mobile
device_007898,tablet
device_007899,desktop
device_007900,desktop
device_007901,desktop
device_007902,corporate_workstation
device_007903,mobile
device_007904,desktop
device_007905,customer_service_terminal
device_007906,desktop
device_007907,mobile
device_007908,desktop
device_007909,corporate_workstation
device_007910,desktop
device_007911,corporate_workstation
device_007912,desktop
device_007913,tablet
device_007914,corporate_workstation
device_007915,desktop
device_007916,customer_service_terminal
device_007917,mobile
device_007918,tablet
device_007919,customer_service_terminal
device_007920,desktop
device_007921,customer_service_terminal
device_007922,mobile
device_007923,customer_service_terminal
device_007924,mobile
device_007925,tablet
device_007926,tablet
device_007927,desktop
device_007928,mobile
device_007929,tablet
device_007930,tablet
device_007931,customer_service_terminal
device_007932,tablet
device_007933,customer_service_terminal
device_007934,tablet
device_007935,corporate_workstation
device_007936,mobile
device_007937,desktop
device_007938,desktop
device_007939,mobile
device_007940,corporate_workstation
device_007941,corporate_workstation
device_007942,corporate_workstation
device_007943,corporate_workstation
device_007944,mobile
device_007945,mobile
device_007946,tablet
device_007947,mobile
device_007948,tablet
device_007949,tablet
device_007950,corporate_workstation
device_007951,customer_service_terminal
device_007952,tablet
device_007953,mobile
device_007954,mobile
device_007955,customer_service_terminal
device_007956,corporate_workstation
device_007957,corporate_workstation
device_007958,corporate_workstation
device_007959,customer_service_terminal
device_007960,mobile
device_007961,mobile
device_007962,corporate_workstation
device_007963,mobile
device_007964,tablet
device_007965,tablet
device_007966,corporate_workstation
device_007967,desktop
device_007968,customer_service_terminal
device_007969,tablet
device_007970,desktop
device_007971,customer_service_terminal
device_007972,mobile
device_007973,customer_service_terminal
device_007974,desktop
device_007975,corporate_workstation
device_007976,mobile
device_007977,mobile
device_007978,corporate_workstation
device_007979,mobile
device_007980,corporate_workstation
device_007981,mobile
device_007982,customer_service_terminal
device_007983,tablet
device_007984,customer_service_terminal
device_007985,customer_service_terminal
device_007986,tablet
device_007987,mobile
device_007988,desktop
device_007989,mobile
device_007990,corporate_workstation
device_007991,desktop
device_007992,corporate_workstation
device_007993,corporate_workstation
device_007994,desktop
device_007995,desktop
device_007996,desktop
device_007997,desktop
device_007998,customer_service_terminal
device_007999,mobile
device_008000,corporate_workstation
device_008001,customer_service_terminal
device_008002,customer_service_terminal
device_008003,desktop
device_008004,tablet
device_008005,tablet
device_008006,corporate_workstation
device_008007,desktop
device_008008,corporate_workstation
device_008009,corporate_workstation
device_008010,mobile
device_008011,corporate_workstation
device_008012,tablet
device_008013,tablet
device_008014,desktop
device_008015,corporate_workstation
device_008016,desktop
device_008017,customer_service_terminal
device_008018,corporate_workstation
device_008019,mobile
device_008020,mobile
device_008021,mobile
device_008022,mobile
device_008023,corporate_workstation
device_008024,desktop
device_008025,corporate_workstation
device_008026,corporate_workstation
device_008027,customer_service_terminal
device_008028,tablet
device_008029,desktop
device_008030,tablet
device_008031,tablet
device_008032,customer_service_terminal
device_008033,customer_service_terminal
device_008034,customer_service_terminal
device_008035,desktop
device_008036,tablet
device_008037,mobile
device_008038,desktop
device_008039,mobile
device_008040,tablet
device_008041,corporate_workstation
device_008042,customer_service_terminal
device_008043,customer_service_terminal
device_008044,mobile
device_008045,desktop
device_008046,mobile
device_008047,corporate_workstation
device_008048,corporate_workstation
device_008049,customer_service_terminal
device_008050,customer_service_terminal
device_008051,mobile
device_008052,customer_service_terminal
device_008053,tablet
device_008054,mobile
device_008055,customer_service_terminal
device_008056,tablet
device_008057,mobile
device_008058,corporate_workstation
device_008059,desktop
device_008060,desktop
device_008061,customer_service_terminal
device_008062,desktop
device_008063,corporate_workstation
device_008064,corporate_workstation
device_008065,corporate_workstation
device_008066,corporate_workstation
device_008067,customer_service_terminal
device_008068,desktop
device_008069,mobile
device_008070,corporate_workstation
device_008071,corporate_workstation
device_008072,customer_service_terminal
device_008073,tablet
device_008074,tablet
device_008075,corporate_workstation
device_008076,tablet
device_008077,tablet
device_008078,customer_service_terminal
device_008079,customer_service_terminal
device_008080,mobile
device_008081,mobile
device_008082,desktop
device_008083,tablet
device_008084,customer_service_terminal
device_008085,customer_service_terminal
device_008086,desktop
device_008087,mobile
device_008088,corporate_workstation
device_008089,corporate_workstation
device_008090,tablet
device_008091,tablet
device_008092,desktop
device_008093,tablet
device_008094,corporate_workstation
device_008095,corporate_workstation
device_008096,mobile
device_008097,mobile
device_008098,tablet
device_008099,mobile
device_008100,customer_service_terminal
device_008101,customer_service_terminal
device_008102,corporate_workstation
device_008103,customer_service_terminal
device_008104,customer_service_terminal
device_008105,tablet
device_008106,mobile
device_008107,mobile
device_008108,corporate_workstation
device_008109,desktop
device_008110,desktop
device_008111,mobile
device_008112,desktop
device_008113,desktop
device_008114,tablet
device_008115,customer_service_terminal
device_008116,customer_service_terminal
device_008117,tablet
device_008118,mobile
device_008119,mobile
device_008120,customer_service_terminal
device_008121,desktop
device_008122,corporate_workstation
device_008123,tablet
device_008124,tablet
device_008125,mobile
device_008126,desktop
device_008127,customer_service_terminal
device_008128,customer_service_terminal
device_008129,customer_service_terminal
device_008130,customer_service_terminal
device_008131,customer_service_terminal
device_008132,desktop
device_008133,mobile
device_008134,tablet
device_008135,corporate_workstation
device_008136,tablet
device_008137,mobile
device_008138,mobile
device_008139,desktop
device_008140,customer_service_terminal
device_008141,customer_service_terminal
device_008142,tablet
device_008143,customer_service_terminal
device_008144,customer_service_terminal
device_008145,desktop
device_008146,tablet
device_008147,mobile
device_008148,corporate_workstation
device_008149,tablet
device_008150,mobile
device_008151,desktop
device_008152,desktop
device_008153,customer_service_terminal
device_008154,tablet
device_008155,customer_service_terminal
device_008156,customer_service_terminal
device_008157,corporate_workstation
device_008158,desktop
device_008159,customer_service_terminal
device_008160,corporate_workstation
device_008161,customer_service_terminal
device_008162,customer_service_terminal
device_008163,customer_service_terminal
device_008164,tablet
device_008165,customer_service_terminal
device_008166,mobile
device_008167,customer_service_terminal
device_008168,corporate_workstation
device_008169,desktop
device_008170,customer_service_terminal
device_008171,tablet
device_008172,tablet
device_008173,desktop
device_008174,mobile
device_008175,customer_service_terminal
device_008176,mobile
device_008177,mobile
device_008178,tablet
device_008179,desktop
device_008180,tablet
device_008181,customer_service_terminal
device_008182,corporate_workstation
device_008183,customer_service_terminal
device_008184,customer_service_terminal
device_008185,customer_service_terminal
device_008186,corporate_workstation
device_008187,corporate_workstation
device_008188,corporate_workstation
device_008189,tablet
device_008190,corporate_workstation
device_008191,corporate_workstation
device_008192,corporate_workstation
device_008193,mobile
device_008194,mobile
device_008195,tablet
device_008196,tablet
device_008197,customer_service_terminal
device_008198,desktop
device_008199,tablet
device_008200,desktop
device_008201,tablet
device_008202,corporate_workstation
device_008203,corporate_workstation
device_008204,desktop
device_008205,corporate_workstation
device_008206,tablet
device_008207,corporate_workstation
device_008208,customer_service_terminal
device_008209,mobile
device_008210,tablet
device_008211,mobile
device_008212,corporate_workstation
device_008213,desktop
device_008214,corporate_workstation
device_008215,customer_service_terminal
device_008216,customer_service_terminal
device_008217,desktop
device_008218,customer_service_terminal
device_008219,customer_service_terminal
device_008220,corporate_workstation
device_008221,customer_service_terminal
device_008222,mobile
device_008223,tablet
device_008224,customer_service_terminal
device_008225,customer_service_terminal
device_008226,tablet
device_008227,corporate_workstation
device_008228,customer_service_terminal
device_008229,corporate_workstation
device_008230,tablet
device_008231,customer_service_terminal
device_008232,desktop
device_008233,tablet
device_008234,corporate_workstation
device_008235,tablet
device_008236,customer_service_terminal
device_008237,mobile
device_008238,tablet
device_008239,tablet
device_008240,customer_service_terminal
device_008241,corporate_workstation
device_008242,desktop
device_008243,corporate_workstation
device_008244,mobile
device_008245,tablet
device_008246,desktop
device_008247,mobile
device_008248,tablet
device_008249,mobile
device_008250,tablet
device_008251,tablet
device_008252,tablet
device_008253,mobile
device_008254,desktop
device_008255,corporate_workstation
device_008256,mobile
device_008257,mobile
device_008258,tablet
device_008259,customer_service_terminal
device_008260,customer_service_terminal
device_008261,desktop
device_008262,tablet
device_008263,customer_service_terminal
device_008264,desktop
device_008265,desktop
device_008266,desktop
device_008267,desktop
device_008268,customer_service_terminal
device_008269,corporate_workstation
device_008270,corporate_workstation
device_008271,mobile
device_008272,desktop
device_008273,desktop
device_008274,tablet
device_008275,customer_service_terminal
device_008276,customer_service_terminal
device_008277,customer_service_terminal
device_008278,corporate_workstation
device_008279,desktop
device_008280,customer_service_terminal
device_008281,corporate_workstation
device_008282,mobile
device_008283,desktop
device_008284,desktop
device_008285,mobile
device_008286,desktop
device_008287,tablet
device_008288,corporate_workstation
device_008289,desktop
device_008290,desktop
device_008291,tablet
device_008292,desktop
device_008293,corporate_workstation
device_008294,corporate_workstation
device_008295,mobile
device_008296,corporate_workstation
device_008297,customer_service_terminal
device_008298,tablet
device_008299,desktop
device_008300,corporate_workstation
device_008301,customer_service_terminal
device_008302,mobile
device_008303,desktop
device_008304,desktop
device_008305,desktop
device_008306,desktop
device_008307,corporate_workstation
device_008308,tablet
device_008309,tablet
device_008310,mobile
device_008311,corporate_workstation
device_008312,tablet
device_008313,customer_service_terminal
device_008314,corporate_workstation
device_008315,mobile
device_008316,customer_service_terminal
device_008317,desktop
device_008318,corporate_workstation
device_008319,corporate_workstation
device_008320,corporate_workstation
device_008321,corporate_workstation
device_008322,tablet
device_008323,mobile
device_008324,desktop
device_008325,mobile
device_008326,mobile
device_008327,tablet
device_008328,mobile
device_008329,tablet
device_008330,corporate_workstation
device_008331,mobile
device_008332,desktop
device_008333,tablet
device_008334,corporate_workstation
device_008335,corporate_workstation
device_008336,corporate_workstation
device_008337,customer_service_terminal
device_008338,corporate_workstation
device_008339,tablet
device_008340,tablet
device_008341,mobile
device_008342,desktop
device_008343,mobile
device_008344,customer_service_terminal
device_008345,customer_service_terminal
device_008346,desktop
device_008347,customer_service_terminal
device_008348,mobile
device_008349,desktop
device_008350,tablet
device_008351,mobile
device_008352,tablet
device_008353,corporate_workstation
device_008354,mobile
device_008355,tablet
device_008356,tablet
device_008357,mobile
device_008358,desktop
device_008359,desktop
device_008360,desktop
device_008361,customer_service_terminal
device_008362,desktop
device_008363,mobile
device_008364,corporate_workstation
device_008365,tablet
device_008366,corporate_workstation
device_008367,corporate_workstation
device_008368,tablet
device_008369,customer_service_terminal
device_008370,corporate_workstation
device_008371,desktop
device_008372,mobile
device_008373,corporate_workstation
device_008374,corporate_workstation
device_008375,corporate_workstation
device_008376,corporate_workstation
device_008377,corporate_workstation
device_008378,customer_service_terminal
device_008379,corporate_workstation
device_008380,mobile
device_008381,desktop
device_008382,tablet
device_008383,desktop
device_008384,corporate_workstation
device_008385,tablet
device_008386,mobile
device_008387,tablet
device_008388,tablet
device_008389,tablet
device_008390,customer_service_terminal
device_008391,customer_service_terminal
device_008392,corporate_workstation
device_008393,desktop
device_008394,desktop
device_008395,desktop
device_008396,tablet
device_008397,tablet
device_008398,desktop
device_008399,customer_service_terminal
device_008400,customer_service_terminal
device_008401,mobile
device_008402,corporate_workstation
device_008403,tablet
device_008404,mobile
device_008405,mobile
device_008406,customer_service_terminal
device_008407,desktop
device_008408,desktop
device_008409,tablet
device_008410,customer_service_terminal
device_008411,tablet
device_008412,desktop
device_008413,tablet
device_008414,customer_service_terminal
device_008415,mobile
device_008416,desktop
device_008417,desktop
device_008418,desktop
device_008419,mobile
device_008420,customer_service_terminal
device_008421,tablet
device_008422,corporate_workstation
device_008423,corporate_workstation
device_008424,mobile
device_008425,tablet
device_008426,mobile
device_008427,tablet
device_008428,customer_service_terminal
device_008429,mobile
device_008430,tablet
device_008431,tablet
device_008432,mobile
device_008433,mobile
device_008434,corporate_workstation
device_008435,mobile
device_008436,desktop
device_008437,mobile
device_008438,mobile
device_008439,desktop
device_008440,customer_service_terminal
device_008441,desktop
device_008442,corporate_workstation
device_008443,corporate_workstation
device_008444,customer_service_terminal
device_008445,mobile
device_008446,tablet
device_008447,tablet
device_008448,customer_service_terminal
device_008449,tablet
device_008450,desktop
device_008451,mobile
device_008452,tablet
device_008453,desktop
device_008454,mobile
device_008455,customer_service_terminal
device_008456,desktop
device_008457,desktop
device_008458,desktop
device_008459,customer_service_terminal
device_008460,mobile
device_008461,customer_service_terminal
device_008462,desktop
device_008463,customer_service_terminal
device_008464,tablet
device_008465,customer_service_terminal
device_008466,desktop
device_008467,mobile
device_008468,mobile
device_008469,corporate_workstation
device_008470,desktop
device_008471,mobile
device_008472,tablet
device_008473,mobile
device_008474,desktop
device_008475,desktop
device_008476,tablet
device_008477,mobile
device_008478,mobile
device_008479,customer_service_terminal
device_008480,desktop
device_008481,desktop
device_008482,customer_service_terminal
device_008483,desktop
device_008484,tablet
device_008485,tablet
device_008486,corporate_workstation
device_008487,desktop
device_008488,tablet
device_008489,mobile
device_008490,corporate_workstation
device_008491,corporate_workstation
device_008492,customer_service_terminal
device_008493,customer_service_terminal
device_008494,corporate_workstation
device_008495,tablet
device_008496,customer_service_terminal
device_008497,customer_service_terminal
device_008498,tablet
device_008499,desktop
device_008500,customer_service_terminal
device_008501,desktop
device_008502,mobile
device_008503,tablet
device_008504,desktop
device_008505,desktop
device_008506,desktop
device_008507,customer_service_terminal
device_008508,mobile
device_008509,mobile
device_008510,desktop
device_008511,tablet
device_008512,customer_service_terminal
device_008513,customer_service_terminal
device_008514,mobile
device_008515,corporate_workstation
device_008516,corporate_workstation
device_008517,tablet
device_008518,tablet
device_008519,corporate_workstation
device_008520,customer_service_terminal
device_008521,customer_service_terminal
device_008522,corporate_workstation
device_008523,desktop
device_008524,corporate_workstation
device_008525,tablet
device_008526,tablet
device_008527,mobile
device_008528,customer_service_terminal
device_008529,tablet
device_008530,mobile
device_008531,tablet
device_008532,corporate_workstation
device_008533,tablet
device_008534,desktop
device_008535,corporate_workstation
device_008536,corporate_workstation
device_008537,desktop
device_008538,corporate_workstation
device_008539,tablet
device_008540,desktop
device_008541,tablet
device_008542,customer_service_terminal
device_008543,tablet
device_008544,corporate_workstation
device_008545,tablet
device_008546,tablet
device_008547,customer_service_terminal
device_008548,customer_service_terminal
device_008549,corporate_workstation
device_008550,mobile
device_008551,tablet
device_008552,mobile
device_008553,customer_service_terminal
device_008554,corporate_workstation
device_008555,tablet
device_008556,corporate_workstation
device_008557,tablet
device_008558,tablet
device_008559,tablet
device_008560,mobile
device_008561,tablet
device_008562,mobile
device_008563,desktop
device_008564,customer_service_terminal
device_008565,customer_service_terminal
device_008566,customer_service_terminal
device_008567,customer_service_terminal
device_008568,tablet
device_008569,desktop
device_008570,customer_service_terminal
device_008571,corporate_workstation
device_008572,desktop
device_008573,tablet
device_008574,customer_service_terminal
device_008575,mobile
device_008576,customer_service_terminal
device_008577,desktop
device_008578,customer_service_terminal
device_008579,desktop
device_008580,tablet
device_008581,mobile
device_008582,tablet
device_008583,corporate_workstation
device_008584,mobile
device_008585,tablet
device_008586,mobile
device_008587,mobile
device_008588,corporate_workstation
device_008589,desktop
device_008590,tablet
device_008591,mobile
device_008592,customer_service_terminal
device_008593,tablet
device_008594,mobile
device_008595,corporate_workstation
device_008596,tablet
device_008597,tablet
device_008598,customer_service_terminal
device_008599,customer_service_terminal
device_008600,mobile
device_008601,desktop
device_008602,mobile
device_008603,tablet
device_008604,tablet
device_008605,corporate_workstation
device_008606,tablet
device_008607,customer_service_terminal
device_008608,corporate_workstation
device_008609,mobile
device_008610,desktop
device_008611,tablet
device_008612,customer_service_terminal
device_008613,customer_service_terminal
device_008614,desktop
device_008615,mobile
device_008616,desktop
device_008617,corporate_workstation
device_008618,desktop
device_008619,customer_service_terminal
device_008620,corporate_workstation
device_008621,desktop
device_008622,corporate_workstation
device_008623,corporate_workstation
device_008624,mobile
device_008625,tablet
device_008626,mobile
device_008627,mobile
device_008628,customer_service_terminal
device_008629,customer_service_terminal
device_008630,mobile
device_008631,customer_service_terminal
device_008632,customer_service_terminal
device_008633,corporate_workstation
device_008634,customer_service_terminal
device_008635,mobile
device_008636,customer_service_terminal
device_008637,tablet
device_008638,mobile
device_008639,mobile
device_008640,tablet
device_008641,mobile
device_008642,customer_service_terminal
device_008643,tablet
device_008644,tablet
device_008645,mobile
device_008646,corporate_workstation
device_008647,desktop
device_008648,mobile
device_008649,tablet
device_008650,tablet
device_008651,mobile
device_008652,mobile
device_008653,tablet
device_008654,corporate_workstation
device_008655,mobile
device_008656,corporate_workstation
device_008657,desktop
device_008658,desktop
device_008659,tablet
device_008660,customer_service_terminal
device_008661,customer_service_terminal
device_008662,corporate_workstation
device_008663,tablet
device_008664,customer_service_terminal
device_008665,tablet
device_008666,tablet
device_008667,desktop
device_008668,corporate_workstation
device_008669,tablet
device_008670,mobile
device_008671,mobile
device_008672,corporate_workstation
device_008673,mobile
device_008674,mobile
device_008675,mobile
device_008676,customer_service_terminal
device_008677,mobile
device_008678,mobile
device_008679,tablet
device_008680,mobile
device_008681,mobile
device_008682,tablet
device_008683,customer_service_terminal
device_008684,corporate_workstation
device_008685,mobile
device_008686,desktop
device_008687,mobile
device_008688,corporate_workstation
device_008689,mobile
device_008690,desktop
device_008691,corporate_workstation
device_008692,corporate_workstation
device_008693,customer_service_terminal
device_008694,tablet
device_008695,desktop
device_008696,desktop
device_008697,customer_service_terminal
device_008698,desktop
device_008699,mobile
device_008700,mobile
device_008701,mobile
device_008702,desktop
device_008703,customer_service_terminal
device_008704,tablet
device_008705,corporate_workstation
device_008706,customer_service_terminal
device_008707,customer_service_terminal
device_008708,tablet
device_008709,corporate_workstation
device_008710,tablet
device_008711,corporate_workstation
device_008712,desktop
device_008713,customer_service_terminal
device_008714,tablet
device_008715,corporate_workstation
device_008716,customer_service_terminal
device_008717,tablet
device_008718,corporate_workstation
device_008719,corporate_workstation
device_008720,desktop
device_008721,corporate_workstation
device_008722,desktop
device_008723,tablet
device_008724,customer_service_terminal
device_008725,corporate_workstation
device_008726,desktop
device_008727,mobile
device_008728,corporate_workstation
device_008729,mobile
device_008730,tablet
device_008731,corporate_workstation
device_008732,mobile
device_008733,corporate_workstation
device_008734,desktop
device_008735,tablet
device_008736,corporate_workstation
device_008737,mobile
device_008738,corporate_workstation
device_008739,mobile
device_008740,desktop
device_008741,desktop
device_008742,tablet
device_008743,customer_service_terminal
device_008744,desktop
device_008745,tablet
device_008746,tablet
device_008747,tablet
device_008748,customer_service_terminal
device_008749,customer_service_terminal
device_008750,tablet
device_008751,tablet
device_008752,customer_service_terminal
device_008753,mobile
device_008754,tablet
device_008755,mobile
device_008756,customer_service_terminal
device_008757,corporate_workstation
device_008758,corporate_workstation
device_008759,tablet
device_008760,mobile
device_008761,tablet
device_008762,corporate_workstation
device_008763,customer_service_terminal
device_008764,mobile
device_008765,corporate_workstation
device_008766,customer_service_terminal
device_008767,corporate_workstation
device_008768,customer_service_terminal
device_008769,tablet
device_008770,customer_service_terminal
device_008771,customer_service_terminal
device_008772,mobile
device_008773,corporate_workstation
device_008774,corporate_workstation
device_008775,customer_service_terminal
device_008776,customer_service_terminal
device_008777,mobile
device_008778,customer_service_terminal
device_008779,mobile
device_008780,desktop
device_008781,corporate_workstation
device_008782,customer_service_terminal
device_008783,tablet
device_008784,desktop
device_008785,corporate_workstation
device_008786,mobile
device_008787,corporate_workstation
device_008788,tablet
device_008789,corporate_workstation
device_008790,corporate_workstation
device_008791,corporate_workstation
device_008792,mobile
device_008793,customer_service_terminal
device_008794,customer_service_terminal
device_008795,customer_service_terminal
device_008796,customer_service_terminal
device_008797,tablet
device_008798,desktop
device_008799,desktop
device_008800,corporate_workstation
device_008801,corporate_workstation
device_008802,desktop
device_008803,corporate_workstation
device_008804,desktop
device_008805,tablet
device_008806,customer_service_terminal
device_008807,mobile
device_008808,mobile
device_008809,mobile
device_008810,mobile
device_008811,mobile
device_008812,customer_service_terminal
device_008813,corporate_workstation
device_008814,mobile
device_008815,customer_service_terminal
device_008816,corporate_workstation
device_008817,tablet
device_008818,tablet
device_008819,customer_service_terminal
device_008820,customer_service_terminal
device_008821,customer_service_terminal
device_008822,corporate_workstation
device_008823,customer_service_terminal
device_008824,desktop
device_008825,desktop
device_008826,mobile
device_008827,desktop
device_008828,corporate_workstation
device_008829,customer_service_terminal
device_008830,tablet
device_008831,mobile
device_008832,customer_service_terminal
device_008833,desktop
device_008834,mobile
device_008835,tablet
device_008836,desktop
device_008837,corporate_workstation
device_008838,customer_service_terminal
device_008839,mobile
device_008840,mobile
device_008841,desktop
device_008842,desktop
device_008843,tablet
device_008844,corporate_workstation
device_008845,desktop
device_008846,corporate_workstation
device_008847,customer_service_terminal
device_008848,tablet
device_008849,desktop
device_008850,mobile
device_008851,corporate_workstation
device_008852,corporate_workstation
device_008853,corporate_workstation
device_008854,customer_service_terminal
device_008855,desktop
device_008856,customer_service_terminal
device_008857,customer_service_terminal
device_008858,tablet
device_008859,customer_service_terminal
device_008860,mobile
device_008861,customer_service_terminal
device_008862,desktop
device_008863,mobile
device_008864,corporate_workstation
device_008865,tablet
device_008866,corporate_workstation
device_008867,customer_service_terminal
device_008868,customer_service_terminal
device_008869,corporate_workstation
device_008870,tablet
device_008871,corporate_workstation
device_008872,tablet
device_008873,mobile
device_008874,corporate_workstation
device_008875,desktop
device_008876,customer_service_terminal
device_008877,desktop
device_008878,tablet
device_008879,mobile
device_008880,tablet
device_008881,customer_service_terminal
device_008882,corporate_workstation
device_008883,tablet
device_008884,desktop
device_008885,mobile
device_008886,corporate_workstation
device_008887,tablet
device_008888,mobile
device_008889,tablet
device_008890,desktop
device_008891,tablet
device_008892,corporate_workstation
device_008893,customer_service_terminal
device_008894,mobile
device_008895,corporate_workstation
device_008896,corporate_workstation
device_008897,desktop
device_008898,customer_service_terminal
device_008899,desktop
device_008900,tablet
device_008901,tablet
device_008902,tablet
device_008903,customer_service_terminal
device_008904,customer_service_terminal
device_008905,customer_service_terminal
device_008906,customer_service_terminal
device_008907,tablet
device_008908,customer_service_terminal
device_008909,customer_service_terminal
device_008910,customer_service_terminal
device_008911,tablet
device_008912,tablet
device_008913,corporate_workstation
device_008914,corporate_workstation
device_008915,corporate_workstation
device_008916,corporate_workstation
device_008917,customer_service_terminal
device_008918,corporate_workstation
device_008919,tablet
device_008920,corporate_workstation
device_008921,mobile
device_008922,desktop
device_008923,corporate_workstation
device_008924,mobile
device_008925,mobile
device_008926,customer_service_terminal
device_008927,desktop
device_008928,customer_service_terminal
device_008929,desktop
device_008930,tablet
device_008931,mobile
device_008932,corporate_workstation
device_008933,customer_service_terminal
device_008934,tablet
device_008935,desktop
device_008936,tablet
device_008937,corporate_workstation
device_008938,mobile
device_008939,customer_service_terminal
device_008940,desktop
device_008941,corporate_workstation
device_008942,tablet
device_008943,desktop
device_008944,customer_service_terminal
device_008945,customer_service_terminal
device_008946,mobile
device_008947,mobile
device_008948,desktop
device_008949,corporate_workstation
device_008950,customer_service_terminal
device_008951,corporate_workstation
device_008952,corporate_workstation
device_008953,tablet
device_008954,customer_service_terminal
device_008955,desktop
device_008956,tablet
device_008957,corporate_workstation
device_008958,tablet
device_008959,mobile
device_008960,mobile
device_008961,corporate_workstation
device_008962,tablet
device_008963,customer_service_terminal
device_008964,tablet
device_008965,desktop
device_008966,desktop
device_008967,desktop
device_008968,mobile
device_008969,tablet
device_008970,mobile
device_008971,tablet
device_008972,corporate_workstation
device_008973,customer_service_terminal
device_008974,corporate_workstation
device_008975,customer_service_terminal
device_008976,mobile
device_008977,corporate_workstation
device_008978,desktop
device_008979,mobile
device_008980,tablet
device_008981,mobile
device_008982,desktop
device_008983,desktop
device_008984,tablet
device_008985,corporate_workstation
device_008986,desktop
device_008987,desktop
device_008988,mobile
device_008989,desktop
device_008990,tablet
device_008991,desktop
device_008992,tablet
device_008993,mobile
device_008994,customer_service_terminal
device_008995,tablet
device_008996,desktop
device_008997,corporate_workstation
device_008998,corporate_workstation
device_008999,tablet
device_009000,corporate_workstation
device_009001,tablet
device_009002,desktop
device_009003,mobile
device_009004,mobile
device_009005,desktop
device_009006,mobile
device_009007,desktop
device_009008,customer_service_terminal
device_009009,mobile
device_009010,tablet
device_009011,customer_service_terminal
device_009012,desktop
device_009013,customer_service_terminal
device_009014,tablet
device_009015,customer_service_terminal
device_009016,mobile
device_009017,tablet
device_009018,tablet
device_009019,mobile
device_009020,corporate_workstation
device_009021,corporate_workstation
device_009022,corporate_workstation
device_009023,customer_service_terminal
device_009024,customer_service_terminal
device_009025,corporate_workstation
device_009026,customer_service_terminal
device_009027,tablet
device_009028,tablet
device_009029,desktop
device_009030,corporate_workstation
device_009031,tablet
device_009032,corporate_workstation
device_009033,corporate_workstation
device_009034,mobile
device_009035,customer_service_terminal
device_009036,mobile
device_009037,desktop
device_009038,customer_service_terminal
device_009039,customer_service_terminal
device_009040,desktop
device_009041,corporate_workstation
device_009042,desktop
device_009043,mobile
device_009044,desktop
device_009045,customer_service_terminal
device_009046,customer_service_terminal
device_009047,tablet
device_009048,tablet
device_009049,customer_service_terminal
device_009050,mobile
device_009051,corporate_workstation
device_009052,customer_service_terminal
device_009053,corporate_workstation
device_009054,tablet
device_009055,customer_service_terminal
device_009056,customer_service_terminal
device_009057,customer_service_terminal
device_009058,corporate_workstation
device_009059,desktop
device_009060,customer_service_terminal
device_009061,customer_service_terminal
device_009062,desktop
device_009063,customer_service_terminal
device_009064,corporate_workstation
device_009065,tablet
device_009066,mobile
device_009067,corporate_workstation
device_009068,desktop
device_009069,mobile
device_009070,desktop
device_009071,mobile
device_009072,desktop
device_009073,desktop
device_009074,customer_service_terminal
device_009075,customer_service_terminal
device_009076,customer_service_terminal
device_009077,tablet
device_009078,mobile
device_009079,desktop
device_009080,desktop
device_009081,desktop
device_009082,mobile
device_009083,desktop
device_009084,tablet
device_009085,tablet
device_009086,customer_service_terminal
device_009087,tablet
device_009088,corporate_workstation
device_009089,desktop
device_009090,tablet
device_009091,tablet
device_009092,customer_service_terminal
device_009093,tablet
device_009094,desktop
device_009095,tablet
device_009096,customer_service_terminal
device_009097,corporate_workstation
device_009098,desktop
device_009099,tablet
device_009100,desktop
device_009101,customer_service_terminal
device_009102,tablet
device_009103,tablet
device_009104,mobile
device_009105,desktop
device_009106,desktop
device_009107,mobile
device_009108,customer_service_terminal
device_009109,tablet
device_009110,tablet
device_009111,customer_service_terminal
device_009112,desktop
device_009113,corporate_workstation
device_009114,tablet
device_009115,mobile
device_009116,mobile
device_009117,tablet
device_009118,desktop
device_009119,customer_service_terminal
device_009120,desktop
device_009121,desktop
device_009122,corporate_workstation
device_009123,corporate_workstation
device_009124,corporate_workstation
device_009125,tablet
device_009126,desktop
device_009127,corporate_workstation
device_009128,tablet
device_009129,desktop
device_009130,desktop
device_009131,desktop
device_009132,tablet
device_009133,tablet
device_009134,mobile
device_009135,mobile
device_009136,corporate_workstation
device_009137,corporate_workstation
device_009138,desktop
device_009139,corporate_workstation
device_009140,customer_service_terminal
device_009141,corporate_workstation
device_009142,customer_service_terminal
device_009143,tablet
device_009144,desktop
device_009145,mobile
device_009146,desktop
device_009147,tablet
device_009148,desktop
device_009149,desktop
device_009150,desktop
device_009151,customer_service_terminal
device_009152,corporate_workstation
device_009153,tablet
device_009154,mobile
device_009155,corporate_workstation
device_009156,desktop
device_009157,corporate_workstation
device_009158,mobile
device_009159,desktop
device_009160,corporate_workstation
device_009161,corporate_workstation
device_009162,corporate_workstation
device_009163,corporate_workstation
device_009164,tablet
device_009165,customer_service_terminal
device_009166,customer_service_terminal
device_009167,desktop
device_009168,customer_service_terminal
device_009169,tablet
device_009170,tablet
device_009171,mobile
device_009172,corporate_workstation
device_009173,mobile
device_009174,mobile
device_009175,tablet
device_009176,tablet
device_009177,customer_service_terminal
device_009178,customer_service_terminal
device_009179,mobile
device_009180,corporate_workstation
device_009181,customer_service_terminal
device_009182,tablet
device_009183,corporate_workstation
device_009184,tablet
device_009185,tablet
device_009186,desktop
device_009187,customer_service_terminal
device_009188,tablet
device_009189,corporate_workstation
device_009190,tablet
device_009191,customer_service_terminal
device_009192,mobile
device_009193,corporate_workstation
device_009194,corporate_workstation
device_009195,customer_service_terminal
device_009196,corporate_workstation
device_009197,tablet
device_009198,tablet
device_009199,desktop
device_009200,desktop
device_009201,desktop
device_009202,desktop
device_009203,customer_service_terminal
device_009204,mobile
device_009205,desktop
device_009206,corporate_workstation
device_009207,customer_service_terminal
device_009208,customer_service_terminal
device_009209,corporate_workstation
device_009210,corporate_workstation
device_009211,customer_service_terminal
device_009212,tablet
device_009213,tablet
device_009214,mobile
device_009215,mobile
device_009216,tablet
device_009217,desktop
device_009218,desktop
device_009219,customer_service_terminal
device_009220,corporate_workstation
device_009221,corporate_workstation
device_009222,customer_service_terminal
device_009223,customer_service_terminal
device_009224,corporate_workstation
device_009225,desktop
device_009226,tablet
device_009227,corporate_workstation
device_009228,mobile
device_009229,tablet
device_009230,tablet
device_009231,mobile
device_009232,customer_service_terminal
device_009233,customer_service_terminal
device_009234,corporate_workstation
device_009235,desktop
device_009236,mobile
device_009237,mobile
device_009238,desktop
device_009239,mobile
device_009240,desktop
device_009241,desktop
device_009242,customer_service_terminal
device_009243,customer_service_terminal
device_009244,mobile
device_009245,mobile
device_009246,desktop
device_009247,customer_service_terminal
device_009248,tablet
device_009249,mobile
device_009250,tablet
device_009251,desktop
device_009252,customer_service_terminal
device_009253,desktop
device_009254,desktop
device_009255,corporate_workstation
device_009256,tablet
device_009257,customer_service_terminal
device_009258,customer_service_terminal
device_009259,mobile
device_009260,corporate_workstation
device_009261,customer_service_terminal
device_009262,mobile
device_009263,mobile
device_009264,customer_service_terminal
device_009265,mobile
device_009266,mobile
device_009267,corporate_workstation
device_009268,desktop
device_009269,desktop
device_009270,tablet
device_009271,corporate_workstation
device_009272,desktop
device_009273,corporate_workstation
device_009274,tablet
device_009275,tablet
device_009276,mobile
device_009277,desktop
device_009278,tablet
device_009279,tablet
device_009280,desktop
device_009281,customer_service_terminal
device_009282,tablet
device_009283,mobile
device_009284,corporate_workstation
device_009285,tablet
device_009286,corporate_workstation
device_009287,customer_service_terminal
device_009288,tablet
device_009289,customer_service_terminal
device_009290,corporate_workstation
device_009291,tablet
device_009292,customer_service_terminal
device_009293,corporate_workstation
device_009294,corporate_workstation
device_009295,tablet
device_009296,corporate_workstation
device_009297,customer_service_terminal
device_009298,corporate_workstation
device_009299,customer_service_terminal
device_009300,customer_service_terminal
device_009301,corporate_workstation
device_009302,corporate_workstation
device_009303,mobile
device_009304,corporate_workstation
device_009305,corporate_workstation
device_009306,desktop
device_009307,tablet
device_009308,desktop
device_009309,customer_service_terminal
device_009310,mobile
device_009311,tablet
device_009312,mobile
device_009313,corporate_workstation
device_009314,customer_service_terminal
device_009315,corporate_workstation
device_009316,corporate_workstation
device_009317,mobile
device_009318,customer_service_terminal
device_009319,desktop
device_009320,customer_service_terminal
device_009321,corporate_workstation
device_009322,desktop
device_009323,corporate_workstation
device_009324,desktop
device_009325,corporate_workstation
device_009326,desktop
device_009327,mobile
device_009328,tablet
device_009329,customer_service_terminal
device_009330,customer_service_terminal
device_009331,desktop
device_009332,mobile
device_009333,tablet
device_009334,corporate_workstation
device_009335,mobile
device_009336,mobile
device_009337,customer_service_terminal
device_009338,desktop
device_009339,mobile
device_009340,corporate_workstation
device_009341,corporate_workstation
device_009342,tablet
device_009343,corporate_workstation
device_009344,corporate_workstation
device_009345,corporate_workstation
device_009346,desktop
device_009347,mobile
device_009348,desktop
device_009349,mobile
device_009350,desktop
device_009351,tablet
device_009352,tablet
device_009353,customer_service_terminal
device_009354,corporate_workstation
device_009355,tablet
device_009356,desktop
device_009357,mobile
device_009358,customer_service_terminal
device_009359,customer_service_terminal
device_009360,desktop
device_009361,corporate_workstation
device_009362,mobile
device_009363,desktop
device_009364,corporate_workstation
device_009365,desktop
device_009366,desktop
device_009367,mobile
device_009368,desktop
device_009369,corporate_workstation
device_009370,corporate_workstation
device_009371,mobile
device_009372,desktop
device_009373,customer_service_terminal
device_009374,desktop
device_009375,tablet
device_009376,desktop
device_009377,corporate_workstation
device_009378,mobile
device_009379,customer_service_terminal
device_009380,corporate_workstation
device_009381,mobile
device_009382,desktop
device_009383,mobile
device_009384,customer_service_terminal
device_009385,mobile
device_009386,corporate_workstation
device_009387,desktop
device_009388,corporate_workstation
device_009389,tablet
device_009390,customer_service_terminal
device_009391,corporate_workstation
device_009392,customer_service_terminal
device_009393,customer_service_terminal
device_009394,mobile
device_009395,mobile
device_009396,corporate_workstation
device_009397,tablet
device_009398,customer_service_terminal
device_009399,corporate_workstation
device_009400,mobile
device_009401,desktop
device_009402,desktop
device_009403,desktop
device_009404,corporate_workstation
device_009405,corporate_workstation
device_009406,tablet
device_009407,mobile
device_009408,mobile
device_009409,customer_service_terminal
device_009410,customer_service_terminal
device_009411,mobile
device_009412,mobile
device_009413,desktop
device_009414,corporate_workstation
device_009415,desktop
device_009416,corporate_workstation
device_009417,customer_service_terminal
device_009418,corporate_workstation
device_009419,tablet
device_009420,mobile
device_009421,desktop
device_009422,desktop
device_009423,customer_service_terminal
device_009424,customer_service_terminal
device_009425,tablet
device_009426,desktop
device_009427,tablet
device_009428,tablet
device_009429,customer_service_terminal
device_009430,tablet
device_009431,mobile
device_009432,desktop
device_009433,tablet
device_009434,desktop
device_009435,corporate_workstation
device_009436,desktop
device_009437,mobile
device_009438,mobile
device_009439,desktop
device_009440,mobile
device_009441,desktop
device_009442,customer_service_terminal
device_009443,mobile
device_009444,desktop
device_009445,customer_service_terminal
device_009446,mobile
device_009447,desktop
device_009448,mobile
device_009449,mobile
device_009450,corporate_workstation
device_009451,customer_service_terminal
device_009452,corporate_workstation
device_009453,customer_service_terminal
device_009454,mobile
device_009455,desktop
device_009456,customer_service_terminal
device_009457,customer_service_terminal
device_009458,customer_service_terminal
device_009459,mobile
device_009460,customer_service_terminal
device_009461,customer_service_terminal
device_009462,customer_service_terminal
device_009463,mobile
device_009464,customer_service_terminal
device_009465,tablet
device_009466,tablet
device_009467,corporate_workstation
device_009468,corporate_workstation
device_009469,desktop
device_009470,desktop
device_009471,mobile
device_009472,customer_service_terminal
device_009473,mobile
device_009474,customer_service_terminal
device_009475,customer_service_terminal
device_009476,mobile
device_009477,customer_service_terminal
device_009478,desktop
device_009479,mobile
device_009480,desktop
device_009481,desktop
device_009482,corporate_workstation
device_009483,tablet
device_009484,customer_service_terminal
device_009485,desktop
device_009486,mobile
device_009487,tablet
device_009488,desktop
device_009489,desktop
device_009490,tablet
device_009491,tablet
device_009492,tablet
device_009493,mobile
device_009494,corporate_workstation
device_009495,mobile
device_009496,tablet
device_009497,mobile
device_009498,mobile
device_009499,desktop
device_009500,customer_service_terminal
device_009501,customer_service_terminal
device_009502,mobile
device_009503,customer_service_terminal
device_009504,mobile
device_009505,customer_service_terminal
device_009506,tablet
device_009507,corporate_workstation
device_009508,mobile
device_009509,corporate_workstation
device_009510,mobile
device_009511,mobile
device_009512,desktop
device_009513,desktop
device_009514,desktop
device_009515,mobile
device_009516,desktop
device_009517,corporate_workstation
device_009518,corporate_workstation
device_009519,customer_service_terminal
device_009520,corporate_workstation
device_009521,tablet
device_009522,mobile
device_009523,tablet
device_009524,mobile
device_009525,corporate_workstation
device_009526,customer_service_terminal
device_009527,tablet
device_009528,tablet
device_009529,corporate_workstation
device_009530,mobile
device_009531,tablet
device_009532,tablet
device_009533,corporate_workstation
device_009534,desktop
device_009535,corporate_workstation
device_009536,tablet
device_009537,desktop
device_009538,desktop
device_009539,mobile
device_009540,tablet
device_009541,desktop
device_009542,mobile
device_009543,tablet
device_009544,mobile
device_009545,desktop
device_009546,tablet
device_009547,customer_service_terminal
device_009548,mobile
device_009549,mobile
device_009550,mobile
device_009551,corporate_workstation
device_009552,tablet
device_009553,mobile
device_009554,desktop
device_009555,customer_service_terminal
device_009556,customer_service_terminal
device_009557,tablet
device_009558,desktop
device_009559,mobile
device_009560,tablet
device_009561,tablet
device_009562,tablet
device_009563,mobile
device_009564,mobile
device_009565,corporate_workstation
device_009566,customer_service_terminal
device_009567,customer_service_terminal
device_009568,corporate_workstation
device_009569,tablet
device_009570,customer_service_terminal
device_009571,tablet
device_009572,tablet
device_009573,customer_service_terminal
device_009574,desktop
device_009575,desktop
device_009576,desktop
device_009577,desktop
device_009578,tablet
device_009579,mobile
device_009580,mobile
device_009581,tablet
device_009582,mobile
device_009583,corporate_workstation
device_009584,customer_service_terminal
device_009585,mobile
device_009586,mobile
device_009587,customer_service_terminal
device_009588,tablet
device_009589,mobile
device_009590,corporate_workstation
device_009591,mobile
device_009592,customer_service_terminal
device_009593,tablet
device_009594,desktop
device_009595,desktop
device_009596,desktop
device_009597,desktop
device_009598,corporate_workstation
device_009599,desktop
device_009600,mobile
device_009601,tablet
device_009602,corporate_workstation
device_009603,customer_service_terminal
device_009604,tablet
device_009605,corporate_workstation
device_009606,corporate_workstation
device_009607,customer_service_terminal
device_009608,customer_service_terminal
device_009609,customer_service_terminal
device_009610,desktop
device_009611,customer_service_terminal
device_009612,desktop
device_009613,desktop
device_009614,tablet
device_009615,corporate_workstation
device_009616,customer_service_terminal
device_009617,mobile
device_009618,customer_service_terminal
device_009619,tablet
device_009620,desktop
device_009621,desktop
device_009622,customer_service_terminal
device_009623,corporate_workstation
device_009624,customer_service_terminal
device_009625,desktop
device_009626,corporate_workstation
device_009627,customer_service_terminal
device_009628,corporate_workstation
device_009629,corporate_workstation
device_009630,corporate_workstation
device_009631,corporate_workstation
device_009632,mobile
device_009633,desktop
device_009634,customer_service_terminal
device_009635,mobile
device_009636,customer_service_terminal
device_009637,tablet
device_009638,mobile
device_009639,desktop
device_009640,corporate_workstation
device_009641,customer_service_terminal
device_009642,desktop
device_009643,desktop
device_009644,tablet
device_009645,tablet
device_009646,customer_service_terminal
device_009647,customer_service_terminal
device_009648,desktop
device_009649,customer_service_terminal
device_009650,tablet
device_009651,desktop
device_009652,tablet
device_009653,customer_service_terminal
device_009654,desktop
device_009655,desktop
device_009656,desktop
device_009657,customer_service_terminal
device_009658,mobile
device_009659,mobile
device_009660,corporate_workstation
device_009661,desktop
device_009662,tablet
device_009663,corporate_workstation
device_009664,tablet
device_009665,corporate_workstation
device_009666,customer_service_terminal
device_009667,corporate_workstation
device_009668,tablet
device_009669,tablet
device_009670,corporate_workstation
device_009671,customer_service_terminal
device_009672,tablet
device_009673,tablet
device_009674,corporate_workstation
device_009675,mobile
device_009676,tablet
device_009677,desktop
device_009678,tablet
device_009679,mobile
device_009680,desktop
device_009681,mobile
device_009682,tablet
device_009683,desktop
device_009684,mobile
device_009685,tablet
device_009686,corporate_workstation
device_009687,corporate_workstation
device_009688,desktop
device_009689,customer_service_terminal
device_009690,tablet
device_009691,tablet
device_009692,tablet
device_009693,mobile
device_009694,mobile
device_009695,corporate_workstation
device_009696,corporate_workstation
device_009697,customer_service_terminal
device_009698,corporate_workstation
device_009699,mobile
device_009700,customer_service_terminal
device_009701,mobile
device_009702,mobile
device_009703,corporate_workstation
device_009704,corporate_workstation
device_009705,mobile
device_009706,corporate_workstation
device_009707,tablet
device_009708,desktop
device_009709,customer_service_terminal
device_009710,mobile
device_009711,corporate_workstation
device_009712,desktop
device_009713,tablet
device_009714,mobile
device_009715,mobile
device_009716,tablet
device_009717,customer_service_terminal
device_009718,tablet
device_009719,mobile
device_009720,mobile
device_009721,corporate_workstation
device_009722,tablet
device_009723,mobile
device_009724,desktop
device_009725,tablet
device_009726,mobile
device_009727,mobile
device_009728,customer_service_terminal
device_009729,customer_service_terminal
device_009730,desktop
device_009731,tablet
device_009732,mobile
device_009733,corporate_workstation
device_009734,corporate_workstation
device_009735,corporate_workstation
device_009736,corporate_workstation
device_009737,tablet
device_009738,corporate_workstation
device_009739,corporate_workstation
device_009740,desktop
device_009741,tablet
device_009742,customer_service_terminal
device_009743,desktop
device_009744,tablet
device_009745,customer_service_terminal
device_009746,corporate_workstation
device_009747,desktop
device_009748,tablet
device_009749,tablet
device_009750,mobile
device_009751,corporate_workstation
device_009752,mobile
device_009753,desktop
device_009754,corporate_workstation
device_009755,corporate_workstation
device_009756,corporate_workstation
device_009757,corporate_workstation
device_009758,corporate_workstation
device_009759,customer_service_terminal
device_009760,corporate_workstation
device_009761,tablet
device_009762,tablet
device_009763,mobile
device_009764,mobile
device_009765,desktop
device_009766,mobile
device_009767,mobile
device_009768,mobile
device_009769,customer_service_terminal
device_009770,tablet
device_009771,desktop
device_009772,desktop
device_009773,tablet
device_009774,desktop
device_009775,desktop
device_009776,customer_service_terminal
device_009777,tablet
device_009778,customer_service_terminal
device_009779,tablet
device_009780,corporate_workstation
device_009781,desktop
device_009782,mobile
device_009783,tablet
device_009784,desktop
device_009785,tablet
device_009786,customer_service_terminal
device_009787,desktop
device_009788,customer_service_terminal
device_009789,corporate_workstation
device_009790,mobile
device_009791,customer_service_terminal
device_009792,corporate_workstation
device_009793,tablet
device_009794,mobile
device_009795,customer_service_terminal
device_009796,desktop
device_009797,corporate_workstation
device_009798,mobile
device_009799,customer_service_terminal
device_009800,customer_service_terminal
device_009801,mobile
device_009802,tablet
device_009803,corporate_workstation
device_009804,mobile
device_009805,customer_service_terminal
device_009806,mobile
device_009807,mobile
device_009808,desktop
device_009809,tablet
device_009810,corporate_workstation
device_009811,mobile
device_009812,desktop
device_009813,corporate_workstation
device_009814,customer_service_terminal
device_009815,corporate_workstation
device_009816,customer_service_terminal
device_009817,corporate_workstation
device_009818,desktop
device_009819,tablet
device_009820,tablet
device_009821,mobile
device_009822,mobile
device_009823,tablet
device_009824,desktop
device_009825,tablet
device_009826,customer_service_terminal
device_009827,corporate_workstation
device_009828,customer_service_terminal
device_009829,corporate_workstation
device_009830,mobile
device_009831,corporate_workstation
device_009832,desktop
device_009833,customer_service_terminal
device_009834,corporate_workstation
device_009835,corporate_workstation
device_009836,corporate_workstation
device_009837,customer_service_terminal
device_009838,tablet
device_009839,tablet
device_009840,customer_service_terminal
device_009841,corporate_workstation
device_009842,corporate_workstation
device_009843,desktop
device_009844,mobile
device_009845,tablet
device_009846,corporate_workstation
device_009847,tablet
device_009848,desktop
device_009849,tablet
device_009850,corporate_workstation
device_009851,desktop
device_009852,customer_service_terminal
device_009853,mobile
device_009854,mobile
device_009855,mobile
device_009856,tablet
device_009857,mobile
device_009858,tablet
device_009859,desktop
device_009860,corporate_workstation
device_009861,corporate_workstation
device_009862,tablet
device_009863,customer_service_terminal
device_009864,corporate_workstation
device_009865,corporate_workstation
device_009866,customer_service_terminal
device_009867,desktop
device_009868,desktop
device_009869,corporate_workstation
device_009870,mobile
device_009871,tablet
device_009872,desktop
device_009873,customer_service_terminal
device_009874,desktop
device_009875,desktop
device_009876,tablet
device_009877,corporate_workstation
device_009878,customer_service_terminal
device_009879,customer_service_terminal
device_009880,tablet
device_009881,mobile
device_009882,mobile
device_009883,mobile
device_009884,mobile
device_009885,tablet
device_009886,mobile
device_009887,tablet
device_009888,customer_service_terminal
device_009889,mobile
device_009890,desktop
device_009891,customer_service_terminal
device_009892,corporate_workstation
device_009893,corporate_workstation
device_009894,tablet
device_009895,tablet
device_009896,mobile
device_009897,desktop
device_009898,mobile
device_009899,corporate_workstation
device_009900,customer_service_terminal
device_009901,corporate_workstation
device_009902,customer_service_terminal
device_009903,corporate_workstation
device_009904,mobile
device_009905,corporate_workstation
device_009906,desktop
device_009907,desktop
device_009908,corporate_workstation
device_009909,corporate_workstation
device_009910,desktop
device_009911,customer_service_terminal
device_009912,desktop
device_009913,desktop
device_009914,tablet
device_009915,desktop
device_009916,customer_service_terminal
device_009917,tablet
device_009918,corporate_workstation
device_009919,tablet
device_009920,tablet
device_009921,customer_service_terminal
device_009922,customer_service_terminal
device_009923,mobile
device_009924,desktop
device_009925,mobile
device_009926,desktop
device_009927,tablet
device_009928,corporate_workstation
device_009929,tablet
device_009930,corporate_workstation
device_009931,tablet
device_009932,tablet
device_009933,mobile
device_009934,mobile
device_009935,corporate_workstation
device_009936,customer_service_terminal
device_009937,customer_service_terminal
device_009938,desktop
device_009939,mobile
device_009940,customer_service_terminal
device_009941,tablet
device_009942,mobile
device_009943,customer_service_terminal
device_009944,customer_service_terminal
device_009945,corporate_workstation
device_009946,mobile
device_009947,mobile
device_009948,tablet
device_009949,customer_service_terminal
device_009950,mobile
device_009951,mobile
device_009952,tablet
device_009953,mobile
device_009954,mobile
device_009955,corporate_workstation
device_009956,tablet
device_009957,corporate_workstation
device_009958,corporate_workstation
device_009959,tablet
device_009960,mobile
device_009961,mobile
device_009962,customer_service_terminal
device_009963,customer_service_terminal
device_009964,desktop
device_009965,mobile
device_009966,customer_service_terminal
device_009967,tablet
device_009968,corporate_workstation
device_009969,corporate_workstation
device_009970,desktop
device_009971,corporate_workstation
device_009972,tablet
device_009973,desktop
device_009974,customer_service_terminal
device_009975,customer_service_terminal
device_009976,corporate_workstation
device_009977,desktop
device_009978,desktop
device_009979,tablet
device_009980,tablet
device_009981,corporate_workstation
device_009982,customer_service_terminal
device_009983,tablet
device_009984,tablet
device_009985,mobile
device_009986,mobile
device_009987,tablet
device_009988,customer_service_terminal
device_009989,customer_service_terminal
device_009990,mobile
device_009991,desktop
device_009992,corporate_workstation
device_009993,desktop
device_009994,desktop
device_009995,corporate_workstation
device_009996,mobile
device_009997,desktop
device_009998,mobile
device_009999,customer_service_terminal
device_010000,mobile
device_010001,customer_service_terminal
device_010002,desktop
device_010003,desktop
device_010004,tablet
device_010005,tablet
device_010006,customer_service_terminal
device_010007,customer_service_terminal
device_010008,mobile
device_010009,customer_service_terminal
device_010010,tablet
device_010011,tablet
device_010012,tablet
device_010013,mobile
device_010014,desktop
device_010015,customer_service_terminal
device_010016,tablet
device_010017,corporate_workstation
device_010018,desktop
device_010019,customer_service_terminal
device_010020,desktop
device_010021,customer_service_terminal
device_010022,corporate_workstation
device_010023,tablet
device_010024,mobile
device_010025,tablet
device_010026,corporate_workstation
device_010027,tablet
device_010028,customer_service_terminal
device_010029,desktop
device_010030,mobile
device_010031,mobile
device_010032,mobile
device_010033,desktop
device_010034,tablet
device_010035,mobile
device_010036,customer_service_terminal
device_010037,mobile
device_010038,tablet
device_010039,mobile
device_010040,desktop
device_010041,tablet
device_010042,customer_service_terminal
device_010043,mobile
device_010044,customer_service_terminal
device_010045,customer_service_terminal
device_010046,tablet
device_010047,tablet
device_010048,customer_service_terminal
device_010049,desktop
device_010050,desktop
device_010051,mobile
device_010052,tablet
device_010053,mobile
device_010054,customer_service_terminal
device_010055,customer_service_terminal
device_010056,desktop
device_010057,corporate_workstation
device_010058,customer_service_terminal
device_010059,corporate_workstation
device_010060,customer_service_terminal
device_010061,desktop
device_010062,tablet
device_010063,tablet
device_010064,corporate_workstation
device_010065,customer_service_terminal
device_010066,tablet
device_010067,tablet
device_010068,desktop
device_010069,customer_service_terminal
device_010070,tablet
device_010071,corporate_workstation
device_010072,mobile
device_010073,tablet
device_010074,corporate_workstation
device_010075,corporate_workstation
device_010076,corporate_workstation
device_010077,tablet
device_010078,corporate_workstation
device_010079,tablet
device_010080,desktop
device_010081,tablet
device_010082,tablet
device_010083,tablet
device_010084,corporate_workstation
device_010085,corporate_workstation
device_010086,mobile
device_010087,customer_service_terminal
device_010088,customer_service_terminal
device_010089,desktop
device_010090,customer_service_terminal
device_010091,mobile
device_010092,tablet
device_010093,customer_service_terminal
device_010094,corporate_workstation
device_010095,tablet
device_010096,tablet
device_010097,customer_service_terminal
device_010098,corporate_workstation
device_010099,mobile
device_010100,mobile
device_010101,desktop
device_010102,corporate_workstation
device_010103,corporate_workstation
device_010104,desktop
device_010105,desktop
device_010106,mobile
device_010107,desktop
device_010108,tablet
device_010109,desktop
device_010110,tablet
device_010111,customer_service_terminal
device_010112,desktop
device_010113,mobile
device_010114,desktop
device_010115,desktop
device_010116,tablet
device_010117,corporate_workstation
device_010118,corporate_workstation
device_010119,desktop
device_010120,corporate_workstation
device_010121,tablet
device_010122,desktop
device_010123,desktop
device_010124,mobile
device_010125,customer_service_terminal
device_010126,mobile
device_010127,tablet
device_010128,corporate_workstation
device_010129,mobile
device_010130,tablet
device_010131,desktop
device_010132,corporate_workstation
device_010133,mobile
device_010134,tablet
device_010135,customer_service_terminal
device_010136,corporate_workstation
device_010137,desktop
device_010138,desktop
device_010139,corporate_workstation
device_010140,tablet
device_010141,tablet
device_010142,tablet
device_010143,corporate_workstation
device_010144,mobile
device_010145,desktop
device_010146,corporate_workstation
device_010147,customer_service_terminal
device_010148,desktop
device_010149,tablet
device_010150,customer_service_terminal
device_010151,customer_service_terminal
device_010152,mobile
device_010153,mobile
device_010154,corporate_workstation
device_010155,desktop
device_010156,tablet
device_010157,tablet
device_010158,customer_service_terminal
device_010159,desktop
device_010160,desktop
device_010161,desktop
device_010162,tablet
device_010163,tablet
device_010164,desktop
device_010165,desktop
device_010166,corporate_workstation
device_010167,desktop
device_010168,desktop
device_010169,customer_service_terminal
device_010170,corporate_workstation
device_010171,tablet
device_010172,desktop
device_010173,customer_service_terminal
device_010174,desktop
device_010175,tablet
device_010176,desktop
device_010177,desktop
device_010178,tablet
device_010179,desktop
device_010180,desktop
device_010181,corporate_workstation
device_010182,customer_service_terminal
device_010183,desktop
device_010184,mobile
device_010185,mobile
device_010186,desktop
device_010187,desktop
device_010188,tablet
device_010189,mobile
device_010190,mobile
device_010191,customer_service_terminal
device_010192,customer_service_terminal
device_010193,corporate_workstation
device_010194,desktop
device_010195,desktop
device_010196,corporate_workstation
device_010197,mobile
device_010198,desktop
device_010199,tablet
device_010200,mobile
device_010201,corporate_workstation
device_010202,desktop
device_010203,desktop
device_010204,desktop
device_010205,desktop
device_010206,mobile
device_010207,customer_service_terminal
device_010208,customer_service_terminal
device_010209,desktop
device_010210,customer_service_terminal
device_010211,corporate_workstation
device_010212,corporate_workstation
device_010213,tablet
device_010214,mobile
device_010215,desktop
device_010216,corporate_workstation
device_010217,tablet
device_010218,customer_service_terminal
device_010219,mobile
device_010220,corporate_workstation
device_010221,tablet
device_010222,desktop
device_010223,tablet
device_010224,mobile
device_010225,customer_service_terminal
device_010226,customer_service_terminal
device_010227,corporate_workstation
device_010228,mobile
device_010229,tablet
device_010230,tablet
device_010231,customer_service_terminal
device_010232,tablet
device_010233,customer_service_terminal
device_010234,mobile
device_010235,tablet
device_010236,corporate_workstation
device_010237,corporate_workstation
device_010238,corporate_workstation
device_010239,corporate_workstation
device_010240,corporate_workstation
device_010241,desktop
device_010242,mobile
device_010243,corporate_workstation
device_010244,tablet
device_010245,customer_service_terminal
device_010246,desktop
device_010247,tablet
device_010248,customer_service_terminal
device_010249,desktop
device_010250,tablet
device_010251,corporate_workstation
device_010252,mobile
device_010253,corporate_workstation
device_010254,desktop
device_010255,desktop
device_010256,tablet
device_010257,desktop
device_010258,customer_service_terminal
device_010259,tablet
device_010260,customer_service_terminal
device_010261,customer_service_terminal
device_010262,corporate_workstation
device_010263,customer_service_terminal
device_010264,desktop
device_010265,corporate_workstation
device_010266,desktop
device_010267,customer_service_terminal
device_010268,customer_service_terminal
device_010269,desktop
device_010270,customer_service_terminal
device_010271,mobile
device_010272,desktop
device_010273,customer_service_terminal
device_010274,tablet
device_010275,customer_service_terminal
device_010276,customer_service_terminal
device_010277,tablet
device_010278,customer_service_terminal
device_010279,desktop
device_010280,desktop
device_010281,mobile
device_010282,corporate_workstation
device_010283,mobile
device_010284,desktop
device_010285,desktop
device_010286,mobile
device_010287,customer_service_terminal
device_010288,customer_service_terminal
device_010289,corporate_workstation
device_010290,customer_service_terminal
device_010291,tablet
device_010292,corporate_workstation
device_010293,corporate_workstation
device_010294,mobile
device_010295,mobile
device_010296,desktop
device_010297,corporate_workstation
device_010298,mobile
device_010299,tablet
device_010300,tablet
device_010301,tablet
device_010302,customer_service_terminal
device_010303,tablet
device_010304,mobile
device_010305,tablet
device_010306,tablet
device_010307,desktop
device_010308,corporate_workstation
device_010309,tablet
device_010310,tablet
device_010311,tablet
device_010312,mobile
device_010313,corporate_workstation
device_010314,customer_service_terminal
device_010315,customer_service_terminal
device_010316,customer_service_terminal
device_010317,tablet
device_010318,desktop
device_010319,desktop
device_010320,customer_service_terminal
device_010321,customer_service_terminal
device_010322,corporate_workstation
device_010323,customer_service_terminal
device_010324,mobile
device_010325,mobile
device_010326,desktop
device_010327,customer_service_terminal
device_010328,corporate_workstation
device_010329,desktop
device_010330,corporate_workstation
device_010331,desktop
device_010332,tablet
device_010333,tablet
device_010334,desktop
device_010335,desktop
device_010336,mobile
device_010337,corporate_workstation
device_010338,corporate_workstation
device_010339,customer_service_terminal
device_010340,tablet
device_010341,desktop
device_010342,tablet
device_010343,corporate_workstation
device_010344,desktop
device_010345,customer_service_terminal
device_010346,tablet
device_010347,desktop
device_010348,customer_service_terminal
device_010349,customer_service_terminal
device_010350,corporate_workstation
device_010351,customer_service_terminal
device_010352,corporate_workstation
device_010353,customer_service_terminal
device_010354,corporate_workstation
device_010355,mobile
device_010356,desktop
device_010357,customer_service_terminal
device_010358,customer_service_terminal
device_010359,corporate_workstation
device_010360,corporate_workstation
device_010361,corporate_workstation
device_010362,tablet
device_010363,corporate_workstation
device_010364,tablet
device_010365,corporate_workstation
device_010366,desktop
device_010367,mobile
device_010368,tablet
device_010369,mobile
device_010370,customer_service_terminal
device_010371,tablet
device_010372,desktop
device_010373,mobile
device_010374,mobile
device_010375,desktop
device_010376,mobile
device_010377,mobile
device_010378,desktop
device_010379,tablet
device_010380,desktop
device_010381,tablet
device_010382,tablet
device_010383,desktop
device_010384,desktop
device_010385,corporate_workstation
device_010386,tablet
device_010387,tablet
device_010388,desktop
device_010389,desktop
device_010390,desktop
device_010391,desktop
device_010392,corporate_workstation
device_010393,customer_service_terminal
device_010394,tablet
device_010395,corporate_workstation
device_010396,customer_service_terminal
device_010397,desktop
device_010398,customer_service_terminal
device_010399,mobile
device_010400,tablet
device_010401,tablet
device_010402,mobile
device_010403,mobile
device_010404,customer_service_terminal
device_010405,mobile
device_010406,mobile
device_010407,customer_service_terminal
device_010408,mobile
device_010409,corporate_workstation
device_010410,customer_service_terminal
device_010411,customer_service_terminal
device_010412,tablet
device_010413,tablet
device_010414,mobile
device_010415,tablet
device_010416,desktop
device_010417,desktop
device_010418,tablet
device_010419,corporate_workstation
device_010420,corporate_workstation
device_010421,tablet
device_010422,customer_service_terminal
device_010423,customer_service_terminal
device_010424,desktop
device_010425,tablet
device_010426,customer_service_terminal
device_010427,corporate_workstation
device_010428,customer_service_terminal
device_010429,corporate_workstation
device_010430,corporate_workstation
device_010431,mobile
device_010432,tablet
device_010433,tablet
device_010434,mobile
device_010435,customer_service_terminal
device_010436,mobile
device_010437,customer_service_terminal
device_010438,desktop
device_010439,tablet
device_010440,mobile
device_010441,tablet
device_010442,corporate_workstation
device_010443,corporate_workstation
device_010444,customer_service_terminal
device_010445,mobile
device_010446,mobile
device_010447,corporate_workstation
device_010448,corporate_workstation
device_010449,tablet
device_010450,desktop
device_010451,corporate_workstation
device_010452,tablet
device_010453,tablet
device_010454,customer_service_terminal
device_010455,corporate_workstation
device_010456,corporate_workstation
device_010457,tablet
device_010458,desktop
device_010459,desktop
device_010460,customer_service_terminal
device_010461,tablet
device_010462,customer_service_terminal
device_010463,mobile
device_010464,corporate_workstation
device_010465,desktop
device_010466,customer_service_terminal
device_010467,customer_service_terminal
device_010468,mobile
device_010469,corporate_workstation
device_010470,tablet
device_010471,tablet
device_010472,corporate_workstation
device_010473,mobile
device_010474,customer_service_terminal
device_010475,desktop
device_010476,tablet
device_010477,customer_service_terminal
device_010478,corporate_workstation
device_010479,tablet
device_010480,tablet
device_010481,mobile
device_010482,customer_service_terminal
device_010483,customer_service_terminal
device_010484,customer_service_terminal
device_010485,customer_service_terminal
device_010486,desktop
device_010487,tablet
device_010488,corporate_workstation
device_010489,desktop
device_010490,corporate_workstation
device_010491,corporate_workstation
device_010492,mobile
device_010493,customer_service_terminal
device_010494,tablet
device_010495,customer_service_terminal
device_010496,corporate_workstation
device_010497,customer_service_terminal
device_010498,desktop
device_010499,customer_service_terminal
device_010500,mobile
device_010501,tablet
device_010502,desktop
device_010503,corporate_workstation
device_010504,mobile
device_010505,desktop
device_010506,desktop
device_010507,mobile
device_010508,customer_service_terminal
device_010509,customer_service_terminal
device_010510,customer_service_terminal
device_010511,tablet
device_010512,corporate_workstation
device_010513,tablet
device_010514,customer_service_terminal
device_010515,desktop
device_010516,corporate_workstation
device_010517,desktop
device_010518,corporate_workstation
device_010519,desktop
device_010520,corporate_workstation
device_010521,corporate_workstation
device_010522,customer_service_terminal
device_010523,tablet
device_010524,customer_service_terminal
device_010525,corporate_workstation
device_010526,desktop
device_010527,mobile
device_010528,desktop
device_010529,mobile
device_010530,corporate_workstation
device_010531,tablet
device_010532,mobile
device_010533,desktop
device_010534,customer_service_terminal
device_010535,tablet
device_010536,mobile
device_010537,mobile
device_010538,customer_service_terminal
device_010539,customer_service_terminal
device_010540,mobile
device_010541,desktop
device_010542,corporate_workstation
device_010543,corporate_workstation
device_010544,tablet
device_010545,customer_service_terminal
device_010546,corporate_workstation
device_010547,tablet
device_010548,tablet
device_010549,mobile
device_010550,corporate_workstation
device_010551,customer_service_terminal
device_010552,mobile
device_010553,desktop
device_010554,tablet
device_010555,tablet
device_010556,corporate_workstation
device_010557,tablet
device_010558,corporate_workstation
device_010559,tablet
device_010560,tablet
device_010561,customer_service_terminal
device_010562,mobile
device_010563,mobile
device_010564,tablet
device_010565,mobile
device_010566,desktop
device_010567,desktop
device_010568,mobile
device_010569,corporate_workstation
device_010570,mobile
device_010571,desktop
device_010572,customer_service_terminal
device_010573,tablet
device_010574,corporate_workstation
device_010575,corporate_workstation
device_010576,customer_service_terminal
device_010577,tablet
device_010578,customer_service_terminal
device_010579,mobile
device_010580,customer_service_terminal
device_010581,mobile
device_010582,mobile
device_010583,corporate_workstation
device_010584,mobile
device_010585,corporate_workstation
device_010586,customer_service_terminal
device_010587,customer_service_terminal
device_010588,desktop
device_010589,desktop
device_010590,desktop
device_010591,corporate_workstation
device_010592,desktop
device_010593,customer_service_terminal
device_010594,tablet
device_010595,tablet
device_010596,mobile
device_010597,mobile
device_010598,desktop
device_010599,customer_service_terminal
device_010600,corporate_workstation
device_010601,corporate_workstation
device_010602,mobile
device_010603,mobile
device_010604,desktop
device_010605,customer_service_terminal
device_010606,corporate_workstation
device_010607,tablet
device_010608,desktop
device_010609,customer_service_terminal
device_010610,mobile
device_010611,mobile
device_010612,mobile
device_010613,mobile
device_010614,desktop
device_010615,corporate_workstation
device_010616,corporate_workstation
device_010617,tablet
device_010618,mobile
device_010619,customer_service_terminal
device_010620,mobile
device_010621,corporate_workstation
device_010622,customer_service_terminal
device_010623,mobile
device_010624,tablet
device_010625,mobile
device_010626,customer_service_terminal
device_010627,corporate_workstation
device_010628,customer_service_terminal
device_010629,customer_service_terminal
device_010630,customer_service_terminal
device_010631,mobile
device_010632,desktop
device_010633,tablet
device_010634,corporate_workstation
device_010635,mobile
device_010636,corporate_workstation
device_010637,corporate_workstation
device_010638,mobile
device_010639,customer_service_terminal
device_010640,mobile
device_010641,customer_service_terminal
device_010642,desktop
device_010643,customer_service_terminal
device_010644,tablet
device_010645,customer_service_terminal
device_010646,tablet
device_010647,mobile
device_010648,customer_service_terminal
device_010649,tablet
device_010650,tablet
device_010651,mobile
device_010652,tablet
device_010653,mobile
device_010654,customer_service_terminal
device_010655,mobile
device_010656,corporate_workstation
device_010657,customer_service_terminal
device_010658,desktop
device_010659,customer_service_terminal
device_010660,desktop
device_010661,desktop
device_010662,customer_service_terminal
device_010663,corporate_workstation
device_010664,mobile
device_010665,tablet
device_010666,mobile
device_010667,customer_service_terminal
device_010668,tablet
device_010669,mobile
device_010670,desktop
device_010671,customer_service_terminal
device_010672,desktop
device_010673,desktop
device_010674,desktop
device_010675,mobile
device_010676,desktop
device_010677,corporate_workstation
device_010678,customer_service_terminal
device_010679,corporate_workstation
device_010680,desktop
device_010681,desktop
device_010682,mobile
device_010683,customer_service_terminal
device_010684,corporate_workstation
device_010685,mobile
device_010686,mobile
device_010687,desktop
device_010688,tablet
device_010689,mobile
device_010690,tablet
device_010691,tablet
device_010692,corporate_workstation
device_010693,customer_service_terminal
device_010694,customer_service_terminal
device_010695,corporate_workstation
device_010696,tablet
device_010697,desktop
device_010698,tablet
device_010699,corporate_workstation
device_010700,customer_service_terminal
device_010701,mobile
device_010702,tablet
device_010703,tablet
device_010704,mobile
device_010705,mobile
device_010706,desktop
device_010707,tablet
device_010708,desktop
device_010709,mobile
device_010710,desktop
device_010711,mobile
device_010712,tablet
device_010713,customer_service_terminal
device_010714,corporate_workstation
device_010715,mobile
device_010716,tablet
device_010717,corporate_workstation
device_010718,tablet
device_010719,mobile
device_010720,desktop
device_010721,mobile
device_010722,mobile
device_010723,customer_service_terminal
device_010724,tablet
device_010725,mobile
device_010726,mobile
device_010727,customer_service_terminal
device_010728,mobile
device_010729,mobile
device_010730,desktop
device_010731,desktop
device_010732,customer_service_terminal
device_010733,customer_service_terminal
device_010734,desktop
device_010735,desktop
device_010736,mobile
device_010737,desktop
device_010738,corporate_workstation
device_010739,corporate_workstation
device_010740,customer_service_terminal
device_010741,customer_service_terminal
device_010742,tablet
device_010743,customer_service_terminal
device_010744,desktop
device_010745,mobile
device_010746,tablet
device_010747,desktop
device_010748,desktop
device_010749,mobile
device_010750,corporate_workstation
device_010751,corporate_workstation
device_010752,customer_service_terminal
device_010753,tablet
device_010754,customer_service_terminal
device_010755,customer_service_terminal
device_010756,customer_service_terminal
device_010757,mobile
device_010758,mobile
device_010759,customer_service_terminal
device_010760,tablet
device_010761,mobile
device_010762,customer_service_terminal
device_010763,tablet
device_010764,customer_service_terminal
device_010765,mobile
device_010766,corporate_workstation
device_010767,corporate_workstation
device_010768,mobile
device_010769,corporate_workstation
device_010770,desktop
device_010771,mobile
device_010772,mobile
device_010773,desktop
device_010774,mobile
device_010775,desktop
device_010776,tablet
device_010777,mobile
device_010778,customer_service_terminal
device_010779,mobile
device_010780,tablet
device_010781,corporate_workstation
device_010782,mobile
device_010783,customer_service_terminal
device_010784,mobile
device_010785,corporate_workstation
device_010786,corporate_workstation
device_010787,tablet
device_010788,mobile
device_010789,customer_service_terminal
device_010790,mobile
device_010791,customer_service_terminal
device_010792,tablet
device_010793,mobile
device_010794,corporate_workstation
device_010795,mobile
device_010796,customer_service_terminal
device_010797,desktop
device_010798,corporate_workstation
device_010799,tablet
device_010800,customer_service_terminal
device_010801,corporate_workstation
device_010802,corporate_workstation
device_010803,corporate_workstation
device_010804,customer_service_terminal
device_010805,corporate_workstation
device_010806,mobile
device_010807,tablet
device_010808,mobile
device_010809,customer_service_terminal
device_010810,corporate_workstation
device_010811,customer_service_terminal
device_010812,mobile
device_010813,tablet
device_010814,desktop
device_010815,tablet
device_010816,corporate_workstation
device_010817,corporate_workstation
device_010818,tablet
device_010819,tablet
device_010820,customer_service_terminal
device_010821,customer_service_terminal
device_010822,desktop
device_010823,customer_service_terminal
device_010824,customer_service_terminal
device_010825,corporate_workstation
device_010826,customer_service_terminal
device_010827,mobile
device_010828,tablet
device_010829,corporate_workstation
device_010830,desktop
device_010831,customer_service_terminal
device_010832,corporate_workstation
device_010833,mobile
device_010834,corporate_workstation
device_010835,desktop
device_010836,customer_service_terminal
device_010837,mobile
device_010838,corporate_workstation
device_010839,customer_service_terminal
device_010840,corporate_workstation
device_010841,tablet
device_010842,tablet
device_010843,tablet
device_010844,desktop
device_010845,corporate_workstation
device_010846,desktop
device_010847,customer_service_terminal
device_010848,corporate_workstation
device_010849,tablet
device_010850,tablet
device_010851,tablet
device_010852,customer_service_terminal
device_010853,mobile
device_010854,customer_service_terminal
device_010855,corporate_workstation
device_010856,desktop
device_010857,mobile
device_010858,mobile
device_010859,tablet
device_010860,corporate_workstation
device_010861,tablet
device_010862,desktop
device_010863,customer_service_terminal
device_010864,tablet
device_010865,mobile
device_010866,tablet
device_010867,corporate_workstation
device_010868,tablet
device_010869,customer_service_terminal
device_010870,corporate_workstation
device_010871,customer_service_terminal
device_010872,mobile
device_010873,desktop
device_010874,tablet
device_010875,desktop
device_010876,customer_service_terminal
device_010877,tablet
device_010878,tablet
device_010879,mobile
device_010880,mobile
device_010881,tablet
device_010882,tablet
device_010883,desktop
device_010884,customer_service_terminal
device_010885,tablet
device_010886,tablet
device_010887,mobile
device_010888,desktop
device_010889,corporate_workstation
device_010890,customer_service_terminal
device_010891,customer_service_terminal
device_010892,desktop
device_010893,corporate_workstation
device_010894,tablet
device_010895,customer_service_terminal
device_010896,customer_service_terminal
device_010897,tablet
device_010898,tablet
device_010899,mobile
device_010900,mobile
device_010901,tablet
device_010902,corporate_workstation
device_010903,tablet
device_010904,desktop
device_010905,tablet
device_010906,tablet
device_010907,corporate_workstation
device_010908,mobile
device_010909,desktop
device_010910,mobile
device_010911,corporate_workstation
device_010912,tablet
device_010913,desktop
device_010914,desktop
device_010915,mobile
device_010916,desktop
device_010917,corporate_workstation
device_010918,desktop
device_010919,corporate_workstation
device_010920,desktop
device_010921,desktop
device_010922,corporate_workstation
device_010923,desktop
device_010924,corporate_workstation
device_010925,tablet
device_010926,mobile
device_010927,mobile
device_010928,customer_service_terminal
device_010929,corporate_workstation
device_010930,customer_service_terminal
device_010931,customer_service_terminal
device_010932,corporate_workstation
device_010933,customer_service_terminal
device_010934,tablet
device_010935,mobile
device_010936,tablet
device_010937,desktop
device_010938,mobile
device_010939,corporate_workstation
device_010940,mobile
device_010941,corporate_workstation
device_010942,desktop
device_010943,mobile
device_010944,corporate_workstation
device_010945,desktop
device_010946,corporate_workstation
device_010947,desktop
device_010948,mobile
device_010949,desktop
device_010950,mobile
device_010951,customer_service_terminal
device_010952,corporate_workstation
device_010953,corporate_workstation
device_010954,tablet
device_010955,mobile
device_010956,corporate_workstation
device_010957,customer_service_terminal
device_010958,customer_service_terminal
device_010959,desktop
device_010960,corporate_workstation
device_010961,desktop
device_010962,desktop
device_010963,desktop
device_010964,desktop
device_010965,mobile
device_010966,mobile
device_010967,customer_service_terminal
device_010968,mobile
device_010969,desktop
device_010970,customer_service_terminal
device_010971,corporate_workstation
device_010972,corporate_workstation
device_010973,desktop
device_010974,mobile
device_010975,corporate_workstation
device_010976,mobile
device_010977,corporate_workstation
device_010978,mobile
device_010979,customer_service_terminal
device_010980,tablet
device_010981,customer_service_terminal
device_010982,desktop
device_010983,corporate_workstation
device_010984,desktop
device_010985,tablet
device_010986,tablet
device_010987,customer_service_terminal
device_010988,customer_service_terminal
device_010989,desktop
device_010990,corporate_workstation
device_010991,mobile
device_010992,desktop
device_010993,mobile
device_010994,mobile
device_010995,tablet
device_010996,customer_service_terminal
device_010997,desktop
device_010998,desktop
device_010999,mobile
device_011000,desktop
device_011001,tablet
device_011002,customer_service_terminal
device_011003,customer_service_terminal
device_011004,customer_service_terminal
device_011005,mobile
device_011006,customer_service_terminal
device_011007,mobile
device_011008,mobile
device_011009,mobile
device_011010,customer_service_terminal
device_011011,tablet
device_011012,desktop
device_011013,corporate_workstation
device_011014,desktop
device_011015,tablet
device_011016,corporate_workstation
device_011017,tablet
device_011018,customer_service_terminal
device_011019,customer_service_terminal
device_011020,tablet
device_011021,desktop
device_011022,corporate_workstation
device_011023,corporate_workstation
device_011024,customer_service_terminal
device_011025,tablet
device_011026,tablet
device_011027,corporate_workstation
device_011028,corporate_workstation
device_011029,desktop
device_011030,tablet
device_011031,desktop
device_011032,corporate_workstation
device_011033,customer_service_terminal
device_011034,customer_service_terminal
device_011035,customer_service_terminal
device_011036,desktop
device_011037,desktop
device_011038,tablet
device_011039,desktop
device_011040,corporate_workstation
device_011041,corporate_workstation
device_011042,corporate_workstation
device_011043,desktop
device_011044,desktop
device_011045,corporate_workstation
device_011046,desktop
device_011047,corporate_workstation
device_011048,mobile
device_011049,mobile
device_011050,tablet
device_011051,customer_service_terminal
device_011052,customer_service_terminal
device_011053,desktop
device_011054,customer_service_terminal
device_011055,mobile
device_011056,corporate_workstation
device_011057,mobile
device_011058,desktop
device_011059,corporate_workstation
device_011060,corporate_workstation
device_011061,corporate_workstation
device_011062,desktop
device_011063,customer_service_terminal
device_011064,customer_service_terminal
device_011065,desktop
device_011066,customer_service_terminal
device_011067,tablet
device_011068,desktop
device_011069,mobile
device_011070,corporate_workstation
device_011071,tablet
device_011072,tablet
device_011073,tablet
device_011074,tablet
device_011075,tablet
device_011076,tablet
device_011077,mobile
device_011078,customer_service_terminal
device_011079,desktop
device_011080,customer_service_terminal
device_011081,customer_service_terminal
device_011082,tablet
device_011083,corporate_workstation
device_011084,corporate_workstation
device_011085,customer_service_terminal
device_011086,tablet
device_011087,mobile
device_011088,desktop
device_011089,mobile
device_011090,tablet
device_011091,corporate_workstation
device_011092,desktop
device_011093,mobile
device_011094,desktop
device_011095,tablet
device_011096,customer_service_terminal
device_011097,corporate_workstation
device_011098,customer_service_terminal
device_011099,desktop
device_011100,mobile
device_011101,corporate_workstation
device_011102,desktop
device_011103,tablet
device_011104,desktop
device_011105,mobile
device_011106,mobile
device_011107,tablet
device_011108,corporate_workstation
device_011109,mobile
device_011110,corporate_workstation
device_011111,corporate_workstation
device_011112,desktop
device_011113,mobile
device_011114,mobile
device_011115,mobile
device_011116,tablet
device_011117,mobile
device_011118,corporate_workstation
device_011119,corporate_workstation
device_011120,corporate_workstation
device_011121,desktop
device_011122,customer_service_terminal
device_011123,customer_service_terminal
device_011124,tablet
device_011125,corporate_workstation
device_011126,corporate_workstation
device_011127,tablet
device_011128,corporate_workstation
device_011129,corporate_workstation
device_011130,desktop
device_011131,desktop
device_011132,mobile
device_011133,customer_service_terminal
device_011134,customer_service_terminal
device_011135,tablet
device_011136,mobile
device_011137,mobile
device_011138,corporate_workstation
device_011139,desktop
device_011140,desktop
device_011141,desktop
device_011142,corporate_workstation
device_011143,customer_service_terminal
device_011144,tablet
device_011145,desktop
device_011146,customer_service_terminal
device_011147,tablet
device_011148,customer_service_terminal
device_011149,tablet
device_011150,mobile
device_011151,mobile
device_011152,mobile
device_011153,mobile
device_011154,desktop
device_011155,corporate_workstation
device_011156,desktop
device_011157,corporate_workstation
device_011158,corporate_workstation
device_011159,customer_service_terminal
device_011160,customer_service_terminal
device_011161,tablet
device_011162,corporate_workstation
device_011163,customer_service_terminal
device_011164,corporate_workstation
device_011165,customer_service_terminal
device_011166,tablet
device_011167,mobile
device_011168,customer_service_terminal
device_011169,customer_service_terminal
device_011170,customer_service_terminal
device_011171,mobile
device_011172,tablet
device_011173,customer_service_terminal
device_011174,tablet
device_011175,mobile
device_011176,desktop
device_011177,mobile
device_011178,corporate_workstation
device_011179,customer_service_terminal
device_011180,customer_service_terminal
device_011181,desktop
device_011182,tablet
device_011183,customer_service_terminal
device_011184,corporate_workstation
device_011185,desktop
device_011186,tablet
device_011187,tablet
device_011188,desktop
device_011189,customer_service_terminal
device_011190,desktop
device_011191,tablet
device_011192,corporate_workstation
device_011193,customer_service_terminal
device_011194,mobile
device_011195,desktop
device_011196,desktop
device_011197,mobile
device_011198,desktop
device_011199,desktop
device_011200,desktop
device_011201,desktop
device_011202,customer_service_terminal
device_011203,corporate_workstation
device_011204,corporate_workstation
device_011205,customer_service_terminal
device_011206,mobile
device_011207,tablet
device_011208,mobile
device_011209,corporate_workstation
device_011210,tablet
device_011211,desktop
device_011212,mobile
device_011213,corporate_workstation
device_011214,customer_service_terminal
device_011215,desktop
device_011216,tablet
device_011217,customer_service_terminal
device_011218,tablet
device_011219,corporate_workstation
device_011220,tablet
device_011221,tablet
device_011222,tablet
device_011223,corporate_workstation
device_011224,mobile
device_011225,tablet
device_011226,mobile
device_011227,desktop
device_011228,tablet
device_011229,tablet
device_011230,tablet
device_011231,corporate_workstation
device_011232,tablet
device_011233,mobile
device_011234,mobile
device_011235,tablet
device_011236,tablet
device_011237,desktop
device_011238,desktop
device_011239,customer_service_terminal
device_011240,desktop
device_011241,mobile
device_011242,desktop
device_011243,customer_service_terminal
device_011244,desktop
device_011245,mobile
device_011246,customer_service_terminal
device_011247,desktop
device_011248,customer_service_terminal
device_011249,tablet
device_011250,customer_service_terminal
device_011251,desktop
device_011252,tablet
device_011253,customer_service_terminal
device_011254,corporate_workstation
device_011255,tablet
device_011256,desktop
device_011257,tablet
device_011258,corporate_workstation
device_011259,desktop
device_011260,customer_service_terminal
device_011261,desktop
device_011262,desktop
device_011263,mobile
device_011264,corporate_workstation
device_011265,corporate_workstation
device_011266,customer_service_terminal
device_011267,tablet
device_011268,customer_service_terminal
device_011269,desktop
device_011270,mobile
device_011271,tablet
device_011272,tablet
device_011273,tablet
device_011274,mobile
device_011275,corporate_workstation
device_011276,customer_service_terminal
device_011277,corporate_workstation
device_011278,desktop
device_011279,mobile
device_011280,desktop
device_011281,desktop
device_011282,corporate_workstation
device_011283,corporate_workstation
device_011284,desktop
device_011285,corporate_workstation
device_011286,customer_service_terminal
device_011287,corporate_workstation
device_011288,customer_service_terminal
device_011289,customer_service_terminal
device_011290,mobile
device_011291,mobile
device_011292,customer_service_terminal
device_011293,corporate_workstation
device_011294,tablet
device_011295,corporate_workstation
device_011296,mobile
device_011297,desktop
device_011298,corporate_workstation
device_011299,desktop
device_011300,mobile
device_011301,mobile
device_011302,tablet
device_011303,desktop
device_011304,tablet
device_011305,customer_service_terminal
device_011306,mobile
device_011307,tablet
device_011308,mobile
device_011309,corporate_workstation
device_011310,customer_service_terminal
device_011311,desktop
device_011312,tablet
device_011313,corporate_workstation
device_011314,customer_service_terminal
device_011315,mobile
device_011316,mobile
device_011317,tablet
device_011318,corporate_workstation
device_011319,customer_service_terminal
device_011320,corporate_workstation
device_011321,corporate_workstation
device_011322,customer_service_terminal
device_011323,corporate_workstation
device_011324,customer_service_terminal
device_011325,corporate_workstation
device_011326,desktop
device_011327,mobile
device_011328,customer_service_terminal
device_011329,desktop
device_011330,tablet
device_011331,customer_service_terminal
device_011332,desktop
device_011333,mobile
device_011334,desktop
device_011335,tablet
device_011336,desktop
device_011337,tablet
device_011338,corporate_workstation
device_011339,customer_service_terminal
device_011340,tablet
device_011341,desktop
device_011342,tablet
device_011343,tablet
device_011344,tablet
device_011345,tablet
device_011346,customer_service_terminal
device_011347,tablet
device_011348,tablet
device_011349,tablet
device_011350,corporate_workstation
device_011351,customer_service_terminal
device_011352,desktop
device_011353,corporate_workstation
device_011354,customer_service_terminal
device_011355,tablet
device_011356,mobile
device_011357,desktop
device_011358,corporate_workstation
device_011359,mobile
device_011360,tablet
device_011361,corporate_workstation
device_011362,customer_service_terminal
device_011363,mobile
device_011364,customer_service_terminal
device_011365,corporate_workstation
device_011366,desktop
device_011367,customer_service_terminal
device_011368,mobile
device_011369,customer_service_terminal
device_011370,customer_service_terminal
device_011371,corporate_workstation
device_011372,desktop
device_011373,tablet
device_011374,tablet
device_011375,desktop
device_011376,desktop
device_011377,desktop
device_011378,customer_service_terminal
device_011379,customer_service_terminal
device_011380,mobile
device_011381,tablet
device_011382,tablet
device_011383,mobile
device_011384,corporate_workstation
device_011385,mobile
device_011386,mobile
device_011387,mobile
device_011388,mobile
device_011389,mobile
device_011390,desktop
device_011391,customer_service_terminal
device_011392,mobile
device_011393,corporate_workstation
device_011394,corporate_workstation
device_011395,customer_service_terminal
device_011396,mobile
device_011397,corporate_workstation
device_011398,corporate_workstation
device_011399,desktop
device_011400,desktop
device_011401,tablet
device_011402,corporate_workstation
device_011403,tablet
device_011404,customer_service_terminal
device_011405,desktop
device_011406,mobile
device_011407,corporate_workstation
device_011408,customer_service_terminal
device_011409,customer_service_terminal
device_011410,mobile
device_011411,mobile
device_011412,mobile
device_011413,customer_service_terminal
device_011414,tablet
device_011415,mobile
device_011416,tablet
device_011417,corporate_workstation
device_011418,tablet
device_011419,customer_service_terminal
device_011420,mobile
device_011421,corporate_workstation
device_011422,customer_service_terminal
device_011423,customer_service_terminal
device_011424,mobile
device_011425,corporate_workstation
device_011426,tablet
device_011427,desktop
device_011428,customer_service_terminal
device_011429,mobile
device_011430,tablet
device_011431,tablet
device_011432,customer_service_terminal
device_011433,customer_service_terminal
device_011434,tablet
device_011435,tablet
device_011436,desktop
device_011437,tablet
device_011438,tablet
device_011439,desktop
device_011440,mobile
device_011441,customer_service_terminal
device_011442,tablet
device_011443,mobile
device_011444,mobile
device_011445,desktop
device_011446,desktop
device_011447,tablet
device_011448,desktop
device_011449,tablet
device_011450,corporate_workstation
device_011451,desktop
device_011452,desktop
device_011453,mobile
device_011454,corporate_workstation
device_011455,customer_service_terminal
device_011456,tablet
device_011457,customer_service_terminal
device_011458,customer_service_terminal
device_011459,tablet
device_011460,desktop
device_011461,corporate_workstation
device_011462,corporate_workstation
device_011463,customer_service_terminal
device_011464,tablet
device_011465,mobile
device_011466,corporate_workstation
device_011467,corporate_workstation
device_011468,tablet
device_011469,customer_service_terminal
device_011470,desktop
device_011471,desktop
device_011472,tablet
device_011473,tablet
device_011474,mobile
device_011475,mobile
device_011476,mobile
device_011477,corporate_workstation
device_011478,corporate_workstation
device_011479,customer_service_terminal
device_011480,mobile
device_011481,tablet
device_011482,tablet
device_011483,desktop
device_011484,desktop
device_011485,tablet
device_011486,mobile
device_011487,customer_service_terminal
device_011488,tablet
device_011489,customer_service_terminal
device_011490,corporate_workstation
device_011491,tablet
device_011492,customer_service_terminal
device_011493,customer_service_terminal
device_011494,customer_service_terminal
device_011495,customer_service_terminal
device_011496,tablet
device_011497,mobile
device_011498,mobile
device_011499,customer_service_terminal
device_011500,corporate_workstation
device_011501,customer_service_terminal
device_011502,tablet
device_011503,desktop
device_011504,corporate_workstation
device_011505,customer_service_terminal
device_011506,tablet
device_011507,tablet
device_011508,customer_service_terminal
device_011509,corporate_workstation
device_011510,desktop
device_011511,desktop
device_011512,tablet
device_011513,corporate_workstation
device_011514,corporate_workstation
device_011515,tablet
device_011516,mobile
device_011517,desktop
device_011518,tablet
device_011519,desktop
device_011520,desktop
device_011521,tablet
device_011522,tablet
device_011523,tablet
device_011524,tablet
device_011525,corporate_workstation
device_011526,customer_service_terminal
device_011527,tablet
device_011528,corporate_workstation
device_011529,corporate_workstation
device_011530,customer_service_terminal
device_011531,tablet
device_011532,tablet
device_011533,tablet
device_011534,customer_service_terminal
device_011535,corporate_workstation
device_011536,customer_service_terminal
device_011537,corporate_workstation
device_011538,tablet
device_011539,mobile
device_011540,corporate_workstation
device_011541,corporate_workstation
device_011542,desktop
device_011543,corporate_workstation
device_011544,tablet
device_011545,corporate_workstation
device_011546,corporate_workstation
device_011547,mobile
device_011548,desktop
device_011549,corporate_workstation
device_011550,mobile
device_011551,corporate_workstation
device_011552,desktop
device_011553,tablet
device_011554,tablet
device_011555,desktop
device_011556,customer_service_terminal
device_011557,mobile
device_011558,customer_service_terminal
device_011559,corporate_workstation
device_011560,customer_service_terminal
device_011561,customer_service_terminal
device_011562,tablet
device_011563,corporate_workstation
device_011564,desktop
device_011565,customer_service_terminal
device_011566,corporate_workstation
device_011567,corporate_workstation
device_011568,mobile
device_011569,desktop
device_011570,tablet
device_011571,corporate_workstation
device_011572,corporate_workstation
device_011573,customer_service_terminal
device_011574,mobile
device_011575,tablet
device_011576,customer_service_terminal
device_011577,mobile
device_011578,corporate_workstation
device_011579,desktop
device_011580,customer_service_terminal
device_011581,desktop
device_011582,desktop
device_011583,customer_service_terminal
device_011584,corporate_workstation
device_011585,tablet
device_011586,customer_service_terminal
device_011587,desktop
device_011588,desktop
device_011589,customer_service_terminal
device_011590,mobile
device_011591,desktop
device_011592,tablet
device_011593,customer_service_terminal
device_011594,tablet
device_011595,corporate_workstation
device_011596,customer_service_terminal
device_011597,mobile
device_011598,corporate_workstation
device_011599,mobile
device_011600,tablet
device_011601,desktop
device_011602,tablet
device_011603,desktop
device_011604,mobile
device_011605,corporate_workstation
device_011606,mobile
device_011607,corporate_workstation
device_011608,mobile
device_011609,tablet
device_011610,desktop
device_011611,desktop
device_011612,corporate_workstation
device_011613,mobile
device_011614,corporate_workstation
device_011615,mobile
device_011616,mobile
device_011617,desktop
device_011618,tablet
device_011619,corporate_workstation
device_011620,customer_service_terminal
device_011621,desktop
device_011622,customer_service_terminal
device_011623,tablet
device_011624,customer_service_terminal
device_011625,tablet
device_011626,desktop
device_011627,desktop
device_011628,corporate_workstation
device_011629,tablet
device_011630,tablet
device_011631,corporate_workstation
device_011632,tablet
device_011633,corporate_workstation
device_011634,tablet
device_011635,tablet
device_011636,mobile
device_011637,desktop
device_011638,desktop
device_011639,desktop
device_011640,tablet
device_011641,desktop
device_011642,customer_service_terminal
device_011643,customer_service_terminal
device_011644,tablet
device_011645,corporate_workstation
device_011646,mobile
device_011647,corporate_workstation
device_011648,customer_service_terminal
device_011649,desktop
device_011650,mobile
device_011651,customer_service_terminal
device_011652,corporate_workstation
device_011653,mobile
device_011654,mobile
device_011655,mobile
device_011656,mobile
device_011657,desktop
device_011658,tablet
device_011659,tablet
device_011660,mobile
device_011661,tablet
device_011662,customer_service_terminal
device_011663,mobile
device_011664,customer_service_terminal
device_011665,corporate_workstation
device_011666,mobile
device_011667,tablet
device_011668,corporate_workstation
device_011669,customer_service_terminal
device_011670,corporate_workstation
device_011671,customer_service_terminal
device_011672,tablet
device_011673,tablet
device_011674,customer_service_terminal
device_011675,tablet
device_011676,desktop
device_011677,customer_service_terminal
device_011678,desktop
device_011679,desktop
device_011680,mobile
device_011681,tablet
device_011682,mobile
device_011683,corporate_workstation
device_011684,corporate_workstation
device_011685,desktop
device_011686,corporate_workstation
device_011687,tablet
device_011688,corporate_workstation
device_011689,corporate_workstation
device_011690,tablet
device_011691,customer_service_terminal
device_011692,customer_service_terminal
device_011693,desktop
device_011694,corporate_workstation
device_011695,mobile
device_011696,corporate_workstation
device_011697,desktop
device_011698,tablet
device_011699,mobile
device_011700,desktop
