ip_id,ip_type
ip_000001,datacenter_proxy
ip_000002,residential
ip_000003,datacenter_proxy
ip_000004,unknown
ip_000005,datacenter_proxy
ip_000006,mobile_carrier
ip_000007,datacenter_proxy
ip_000008,datacenter_proxy
ip_000009,residential
ip_000010,datacenter_proxy
ip_000011,residential
ip_000012,unknown
ip_000013,residential
ip_000014,corporate_nat
ip_000015,unknown
ip_000016,corporate_nat
ip_000017,corporate_nat
ip_000018,datacenter_proxy
ip_000019,residential
ip_000020,corporate_nat
ip_000021,unknown
ip_000022,residential
ip_000023,corporate_nat
ip_000024,corporate_nat
ip_000025,datacenter_proxy
ip_000026,datacenter_proxy
ip_000027,mobile_carrier
ip_000028,mobile_carrier
ip_000029,unknown
ip_000030,unknown
ip_000031,unknown
ip_000032,mobile_carrier
ip_000033,residential
ip_000034,corporate_nat
ip_000035,corporate_nat
ip_000036,datacenter_proxy
ip_000037,datacenter_proxy
ip_000038,unknown
ip_000039,datacenter_proxy
ip_000040,residential
ip_000041,mobile_carrier
ip_000042,unknown
ip_000043,residential
ip_000044,datacenter_proxy
ip_000045,unknown
ip_000046,residential
ip_000047,residential
ip_000048,datacenter_proxy
ip_000049,mobile_carrier
ip_000050,residential
ip_000051,residential
ip_000052,datacenter_proxy
ip_000053,mobile_carrier
ip_000054,residential
ip_000055,datacenter_proxy
ip_000056,residential
ip_000057,datacenter_proxy
ip_000058,unknown
ip_000059,corporate_nat
ip_000060,unknown
ip_000061,mobile_carrier
ip_000062,datacenter_proxy
ip_000063,unknown
ip_000064,mobile_carrier
ip_000065,unknown
ip_000066,corporate_nat
ip_000067,residential
ip_000068,corporate_nat
ip_000069,mobile_carrier
ip_000070,unknown
ip_000071,mobile_carrier
ip_000072,datacenter_proxy
ip_000073,corporate_nat
ip_000074,datacenter_proxy
ip_000075,mobile_carrier
ip_000076,mobile_carrier
ip_000077,residential
ip_000078,mobile_carrier
ip_000079,mobile_carrier
ip_000080,unknown
ip_000081,corporate_nat
ip_000082,datacenter_proxy
ip_000083,corporate_nat
ip_000084,unknown
ip_000085,residential
ip_000086,unknown
ip_000087,residential
ip_000088,corporate_nat
ip_000089,residential
ip_000090,datacenter_proxy
ip_000091,unknown
ip_000092,unknown
ip_000093,corporate_nat
ip_000094,datacenter_proxy
ip_000095,mobile_carrier
ip_000096,corporate_nat
ip_000097,residential
ip_000098,datacenter_proxy
ip_000099,datacenter_proxy
ip_000100,unknown
ip_000101,mobile_carrier
ip_000102,unknown
ip_000103,unknown
ip_000104,mobile_carrier
ip_000105,mobile_carrier
ip_000106,mobile_carrier
ip_000107,residential
ip_000108,unknown
ip_000109,unknown
ip_000110,unknown
ip_000111,mobile_carrier
ip_000112,unknown
ip_000113,corporate_nat
ip_000114,residential
ip_000115,corporate_nat
ip_000116,corporate_nat
ip_000117,residential
ip_000118,datacenter_proxy
ip_000119,mobile_carrier
ip_000120,datacenter_proxy
ip_000121,residential
ip_000122,mobile_carrier
ip_000123,corporate_nat
ip_000124,datacenter_proxy
ip_000125,unknown
ip_000126,unknown
ip_000127,residential
ip_000128,residential
ip_000129,mobile_carrier
ip_000130,corporate_nat
ip_000131,corporate_nat
ip_000132,residential
ip_000133,corporate_nat
ip_000134,unknown
ip_000135,unknown
ip_000136,unknown
ip_000137,datacenter_proxy
ip_000138,datacenter_proxy
ip_000139,corporate_nat
ip_000140,corporate_nat
ip_000141,residential
ip_000142,unknown
ip_000143,corporate_nat
ip_000144,corporate_nat
ip_000145,mobile_carrier
ip_000146,datacenter_proxy
ip_000147,mobile_carrier
ip_000148,mobile_carrier
ip_000149,residential
ip_000150,corporate_nat
ip_000151,residential
ip_000152,datacenter_proxy
ip_000153,unknown
ip_000154,unknown
ip_000155,residential
ip_000156,mobile_carrier
ip_000157,mobile_carrier
ip_000158,residential
ip_000159,corporate_nat
ip_000160,datacenter_proxy
ip_000161,corporate_nat
ip_000162,corporate_nat
ip_000163,residential
ip_000164,residential
ip_000165,corporate_nat
ip_000166,unknown
ip_000167,mobile_carrier
ip_000168,corporate_nat
ip_000169,residential
ip_000170,unknown
ip_000171,mobile_carrier
ip_000172,residential
ip_000173,residential
ip_000174,mobile_carrier
ip_000175,corporate_nat
ip_000176,corporate_nat
ip_000177,residential
ip_000178,unknown
ip_000179,corporate_nat
ip_000180,residential
ip_000181,datacenter_proxy
ip_000182,unknown
ip_000183,corporate_nat
ip_000184,residential
ip_000185,mobile_carrier
ip_000186,unknown
ip_000187,residential
ip_000188,residential
ip_000189,unknown
ip_000190,corporate_nat
ip_000191,residential
ip_000192,mobile_carrier
ip_000193,mobile_carrier
ip_000194,unknown
ip_000195,mobile_carrier
ip_000196,datacenter_proxy
ip_000197,corporate_nat
ip_000198,unknown
ip_000199,mobile_carrier
ip_000200,datacenter_proxy
ip_000201,datacenter_proxy
ip_000202,unknown
ip_000203,datacenter_proxy
ip_000204,corporate_nat
ip_000205,unknown
ip_000206,unknown
ip_000207,corporate_nat
ip_000208,mobile_carrier
ip_000209,mobile_carrier
ip_000210,mobile_carrier
ip_000211,corporate_nat
ip_000212,unknown
ip_000213,residential
ip_000214,mobile_carrier
ip_000215,residential
ip_000216,unknown
ip_000217,corporate_nat
ip_000218,datacenter_proxy
ip_000219,corporate_nat
ip_000220,corporate_nat
ip_000221,unknown
ip_000222,corporate_nat
ip_000223,datacenter_proxy
ip_000224,mobile_carrier
ip_000225,corporate_nat
ip_000226,unknown
ip_000227,mobile_carrier
ip_000228,residential
ip_000229,unknown
ip_000230,mobile_carrier
ip_000231,corporate_nat
ip_000232,mobile_carrier
ip_000233,mobile_carrier
ip_000234,datacenter_proxy
ip_000235,datacenter_proxy
ip_000236,unknown
ip_000237,unknown
ip_000238,residential
ip_000239,mobile_carrier
ip_000240,mobile_carrier
ip_000241,unknown
ip_000242,residential
ip_000243,corporate_nat
ip_000244,residential
ip_000245,unknown
ip_000246,residential
ip_000247,unknown
ip_000248,datacenter_proxy
ip_000249,unknown
ip_000250,mobile_carrier
ip_000251,mobile_carrier
ip_000252,mobile_carrier
ip_000253,unknown
ip_000254,datacenter_proxy
ip_000255,datacenter_proxy
ip_000256,residential
ip_000257,mobile_carrier
ip_000258,residential
ip_000259,mobile_carrier
ip_000260,unknown
ip_000261,unknown
ip_000262,mobile_carrier
ip_000263,unknown
ip_000264,residential
ip_000265,mobile_carrier
ip_000266,residential
ip_000267,unknown
ip_000268,unknown
ip_000269,corporate_nat
ip_000270,mobile_carrier
ip_000271,mobile_carrier
ip_000272,datacenter_proxy
ip_000273,mobile_carrier
ip_000274,residential
ip_000275,corporate_nat
ip_000276,mobile_carrier
ip_000277,residential
ip_000278,datacenter_proxy
ip_000279,datacenter_proxy
ip_000280,unknown
ip_000281,mobile_carrier
ip_000282,mobile_carrier
ip_000283,mobile_carrier
ip_000284,unknown
ip_000285,corporate_nat
ip_000286,mobile_carrier
ip_000287,mobile_carrier
ip_000288,unknown
ip_000289,unknown
ip_000290,residential
ip_000291,residential
ip_000292,unknown
ip_000293,corporate_nat
ip_000294,corporate_nat
ip_000295,datacenter_proxy
ip_000296,datacenter_proxy
ip_000297,mobile_carrier
ip_000298,mobile_carrier
ip_000299,datacenter_proxy
ip_000300,datacenter_proxy
ip_000301,datacenter_proxy
ip_000302,datacenter_proxy
ip_000303,mobile_carrier
ip_000304,mobile_carrier
ip_000305,unknown
ip_000306,corporate_nat
ip_000307,mobile_carrier
ip_000308,mobile_carrier
ip_000309,residential
ip_000310,corporate_nat
ip_000311,corporate_nat
ip_000312,unknown
ip_000313,datacenter_proxy
ip_000314,corporate_nat
ip_000315,mobile_carrier
ip_000316,unknown
ip_000317,corporate_nat
ip_000318,datacenter_proxy
ip_000319,unknown
ip_000320,datacenter_proxy
ip_000321,unknown
ip_000322,residential
ip_000323,residential
ip_000324,datacenter_proxy
ip_000325,residential
ip_000326,mobile_carrier
ip_000327,mobile_carrier
ip_000328,mobile_carrier
ip_000329,unknown
ip_000330,mobile_carrier
ip_000331,unknown
ip_000332,mobile_carrier
ip_000333,unknown
ip_000334,datacenter_proxy
ip_000335,datacenter_proxy
ip_000336,mobile_carrier
ip_000337,residential
ip_000338,datacenter_proxy
ip_000339,datacenter_proxy
ip_000340,corporate_nat
ip_000341,corporate_nat
ip_000342,unknown
ip_000343,mobile_carrier
ip_000344,datacenter_proxy
ip_000345,datacenter_proxy
ip_000346,residential
ip_000347,corporate_nat
ip_000348,mobile_carrier
ip_000349,mobile_carrier
ip_000350,unknown
ip_000351,corporate_nat
ip_000352,mobile_carrier
ip_000353,residential
ip_000354,corporate_nat
ip_000355,datacenter_proxy
ip_000356,datacenter_proxy
ip_000357,datacenter_proxy
ip_000358,mobile_carrier
ip_000359,unknown
ip_000360,residential
ip_000361,datacenter_proxy
ip_000362,mobile_carrier
ip_000363,residential
ip_000364,corporate_nat
ip_000365,corporate_nat
ip_000366,datacenter_proxy
ip_000367,corporate_nat
ip_000368,datacenter_proxy
ip_000369,datacenter_proxy
ip_000370,mobile_carrier
ip_000371,corporate_nat
ip_000372,residential
ip_000373,mobile_carrier
ip_000374,mobile_carrier
ip_000375,residential
ip_000376,corporate_nat
ip_000377,mobile_carrier
ip_000378,residential
ip_000379,datacenter_proxy
ip_000380,residential
ip_000381,residential
ip_000382,mobile_carrier
ip_000383,mobile_carrier
ip_000384,mobile_carrier
ip_000385,mobile_carrier
ip_000386,unknown
ip_000387,corporate_nat
ip_000388,mobile_carrier
ip_000389,mobile_carrier
ip_000390,mobile_carrier
ip_000391,unknown
ip_000392,mobile_carrier
ip_000393,mobile_carrier
ip_000394,datacenter_proxy
ip_000395,corporate_nat
ip_000396,residential
ip_000397,datacenter_proxy
ip_000398,unknown
ip_000399,corporate_nat
ip_000400,corporate_nat
ip_000401,mobile_carrier
ip_000402,datacenter_proxy
ip_000403,datacenter_proxy
ip_000404,datacenter_proxy
ip_000405,unknown
ip_000406,residential
ip_000407,unknown
ip_000408,unknown
ip_000409,mobile_carrier
ip_000410,residential
ip_000411,mobile_carrier
ip_000412,unknown
ip_000413,residential
ip_000414,residential
ip_000415,unknown
ip_000416,datacenter_proxy
ip_000417,residential
ip_000418,mobile_carrier
ip_000419,corporate_nat
ip_000420,residential
ip_000421,datacenter_proxy
ip_000422,residential
ip_000423,mobile_carrier
ip_000424,mobile_carrier
ip_000425,datacenter_proxy
ip_000426,unknown
ip_000427,mobile_carrier
ip_000428,corporate_nat
ip_000429,residential
ip_000430,unknown
ip_000431,datacenter_proxy
ip_000432,unknown
ip_000433,corporate_nat
ip_000434,corporate_nat
ip_000435,datacenter_proxy
ip_000436,unknown
ip_000437,datacenter_proxy
ip_000438,residential
ip_000439,unknown
ip_000440,corporate_nat
ip_000441,residential
ip_000442,datacenter_proxy
ip_000443,residential
ip_000444,unknown
ip_000445,unknown
ip_000446,unknown
ip_000447,unknown
ip_000448,unknown
ip_000449,mobile_carrier
ip_000450,residential
ip_000451,residential
ip_000452,residential
ip_000453,mobile_carrier
ip_000454,mobile_carrier
ip_000455,unknown
ip_000456,corporate_nat
ip_000457,unknown
ip_000458,residential
ip_000459,residential
ip_000460,residential
ip_000461,mobile_carrier
ip_000462,corporate_nat
ip_000463,corporate_nat
ip_000464,residential
ip_000465,corporate_nat
ip_000466,datacenter_proxy
ip_000467,mobile_carrier
ip_000468,residential
ip_000469,residential
ip_000470,unknown
ip_000471,corporate_nat
ip_000472,corporate_nat
ip_000473,corporate_nat
ip_000474,unknown
ip_000475,datacenter_proxy
ip_000476,corporate_nat
ip_000477,datacenter_proxy
ip_000478,unknown
ip_000479,residential
ip_000480,corporate_nat
ip_000481,residential
ip_000482,corporate_nat
ip_000483,unknown
ip_000484,unknown
ip_000485,datacenter_proxy
ip_000486,unknown
ip_000487,corporate_nat
ip_000488,residential
ip_000489,unknown
ip_000490,unknown
ip_000491,unknown
ip_000492,corporate_nat
ip_000493,unknown
ip_000494,mobile_carrier
ip_000495,mobile_carrier
ip_000496,datacenter_proxy
ip_000497,unknown
ip_000498,residential
ip_000499,datacenter_proxy
ip_000500,datacenter_proxy
ip_000501,datacenter_proxy
ip_000502,datacenter_proxy
ip_000503,corporate_nat
ip_000504,mobile_carrier
ip_000505,corporate_nat
ip_000506,residential
ip_000507,unknown
ip_000508,corporate_nat
ip_000509,mobile_carrier
ip_000510,unknown
ip_000511,residential
ip_000512,corporate_nat
ip_000513,mobile_carrier
ip_000514,corporate_nat
ip_000515,datacenter_proxy
ip_000516,datacenter_proxy
ip_000517,mobile_carrier
ip_000518,datacenter_proxy
ip_000519,mobile_carrier
ip_000520,corporate_nat
ip_000521,datacenter_proxy
ip_000522,mobile_carrier
ip_000523,mobile_carrier
ip_000524,residential
ip_000525,mobile_carrier
ip_000526,datacenter_proxy
ip_000527,unknown
ip_000528,corporate_nat
ip_000529,corporate_nat
ip_000530,datacenter_proxy
ip_000531,unknown
ip_000532,datacenter_proxy
ip_000533,datacenter_proxy
ip_000534,corporate_nat
ip_000535,datacenter_proxy
ip_000536,unknown
ip_000537,mobile_carrier
ip_000538,unknown
ip_000539,residential
ip_000540,unknown
ip_000541,datacenter_proxy
ip_000542,datacenter_proxy
ip_000543,mobile_carrier
ip_000544,mobile_carrier
ip_000545,unknown
ip_000546,unknown
ip_000547,corporate_nat
ip_000548,mobile_carrier
ip_000549,datacenter_proxy
ip_000550,unknown
ip_000551,datacenter_proxy
ip_000552,residential
ip_000553,mobile_carrier
ip_000554,mobile_carrier
ip_000555,datacenter_proxy
ip_000556,unknown
ip_000557,corporate_nat
ip_000558,unknown
ip_000559,unknown
ip_000560,mobile_carrier
ip_000561,corporate_nat
ip_000562,residential
ip_000563,mobile_carrier
ip_000564,mobile_carrier
ip_000565,datacenter_proxy
ip_000566,datacenter_proxy
ip_000567,mobile_carrier
ip_000568,corporate_nat
ip_000569,corporate_nat
ip_000570,unknown
ip_000571,mobile_carrier
ip_000572,residential
ip_000573,corporate_nat
ip_000574,datacenter_proxy
ip_000575,unknown
ip_000576,residential
ip_000577,unknown
ip_000578,unknown
ip_000579,datacenter_proxy
ip_000580,mobile_carrier
ip_000581,unknown
ip_000582,datacenter_proxy
ip_000583,datacenter_proxy
ip_000584,datacenter_proxy
ip_000585,unknown
ip_000586,residential
ip_000587,residential
ip_000588,unknown
ip_000589,corporate_nat
ip_000590,corporate_nat
ip_000591,unknown
ip_000592,corporate_nat
ip_000593,corporate_nat
ip_000594,corporate_nat
ip_000595,mobile_carrier
ip_000596,datacenter_proxy
ip_000597,unknown
ip_000598,datacenter_proxy
ip_000599,corporate_nat
ip_000600,corporate_nat
ip_000601,residential
ip_000602,corporate_nat
ip_000603,datacenter_proxy
ip_000604,corporate_nat
ip_000605,corporate_nat
ip_000606,datacenter_proxy
ip_000607,unknown
ip_000608,mobile_carrier
ip_000609,residential
ip_000610,datacenter_proxy
ip_000611,residential
ip_000612,corporate_nat
ip_000613,unknown
ip_000614,datacenter_proxy
ip_000615,datacenter_proxy
ip_000616,mobile_carrier
ip_000617,unknown
ip_000618,mobile_carrier
ip_000619,datacenter_proxy
ip_000620,unknown
ip_000621,corporate_nat
ip_000622,residential
ip_000623,mobile_carrier
ip_000624,mobile_carrier
ip_000625,mobile_carrier
ip_000626,unknown
ip_000627,datacenter_proxy
ip_000628,mobile_carrier
ip_000629,datacenter_proxy
ip_000630,datacenter_proxy
ip_000631,mobile_carrier
ip_000632,datacenter_proxy
ip_000633,unknown
ip_000634,datacenter_proxy
ip_000635,unknown
ip_000636,residential
ip_000637,residential
ip_000638,mobile_carrier
ip_000639,mobile_carrier
ip_000640,residential
ip_000641,corporate_nat
ip_000642,datacenter_proxy
ip_000643,datacenter_proxy
ip_000644,datacenter_proxy
ip_000645,mobile_carrier
ip_000646,mobile_carrier
ip_000647,unknown
ip_000648,mobile_carrier
ip_000649,corporate_nat
ip_000650,datacenter_proxy
ip_000651,corporate_nat
ip_000652,corporate_nat
ip_000653,datacenter_proxy
ip_000654,residential
ip_000655,mobile_carrier
ip_000656,datacenter_proxy
ip_000657,residential
ip_000658,mobile_carrier
ip_000659,datacenter_proxy
ip_000660,mobile_carrier
ip_000661,corporate_nat
ip_000662,mobile_carrier
ip_000663,mobile_carrier
ip_000664,corporate_nat
ip_000665,residential
ip_000666,residential
ip_000667,mobile_carrier
ip_000668,corporate_nat
ip_000669,residential
ip_000670,unknown
ip_000671,datacenter_proxy
ip_000672,datacenter_proxy
ip_000673,mobile_carrier
ip_000674,datacenter_proxy
ip_000675,residential
ip_000676,mobile_carrier
ip_000677,corporate_nat
ip_000678,residential
ip_000679,corporate_nat
ip_000680,mobile_carrier
ip_000681,residential
ip_000682,unknown
ip_000683,residential
ip_000684,unknown
ip_000685,unknown
ip_000686,mobile_carrier
ip_000687,residential
ip_000688,mobile_carrier
ip_000689,datacenter_proxy
ip_000690,mobile_carrier
ip_000691,residential
ip_000692,corporate_nat
ip_000693,corporate_nat
ip_000694,mobile_carrier
ip_000695,unknown
ip_000696,mobile_carrier
ip_000697,residential
ip_000698,unknown
ip_000699,residential
ip_000700,mobile_carrier
ip_000701,corporate_nat
ip_000702,corporate_nat
ip_000703,corporate_nat
ip_000704,unknown
ip_000705,unknown
ip_000706,datacenter_proxy
ip_000707,datacenter_proxy
ip_000708,datacenter_proxy
ip_000709,corporate_nat
ip_000710,corporate_nat
ip_000711,datacenter_proxy
ip_000712,unknown
ip_000713,residential
ip_000714,mobile_carrier
ip_000715,corporate_nat
ip_000716,corporate_nat
ip_000717,corporate_nat
ip_000718,unknown
ip_000719,residential
ip_000720,residential
ip_000721,datacenter_proxy
ip_000722,residential
ip_000723,unknown
ip_000724,unknown
ip_000725,residential
ip_000726,datacenter_proxy
ip_000727,residential
ip_000728,residential
ip_000729,mobile_carrier
ip_000730,corporate_nat
ip_000731,corporate_nat
ip_000732,unknown
ip_000733,residential
ip_000734,unknown
ip_000735,mobile_carrier
ip_000736,mobile_carrier
ip_000737,datacenter_proxy
ip_000738,mobile_carrier
ip_000739,unknown
ip_000740,datacenter_proxy
ip_000741,mobile_carrier
ip_000742,unknown
ip_000743,unknown
ip_000744,residential
ip_000745,mobile_carrier
ip_000746,corporate_nat
ip_000747,datacenter_proxy
ip_000748,residential
ip_000749,corporate_nat
ip_000750,mobile_carrier
ip_000751,unknown
ip_000752,unknown
ip_000753,datacenter_proxy
ip_000754,residential
ip_000755,residential
ip_000756,mobile_carrier
ip_000757,corporate_nat
ip_000758,mobile_carrier
ip_000759,unknown
ip_000760,corporate_nat
ip_000761,residential
ip_000762,mobile_carrier
ip_000763,residential
ip_000764,datacenter_proxy
ip_000765,datacenter_proxy
ip_000766,mobile_carrier
ip_000767,residential
ip_000768,corporate_nat
ip_000769,residential
ip_000770,datacenter_proxy
ip_000771,residential
ip_000772,residential
ip_000773,unknown
ip_000774,corporate_nat
ip_000775,corporate_nat
ip_000776,residential
ip_000777,datacenter_proxy
ip_000778,unknown
ip_000779,unknown
ip_000780,datacenter_proxy
ip_000781,mobile_carrier
ip_000782,mobile_carrier
ip_000783,corporate_nat
ip_000784,datacenter_proxy
ip_000785,residential
ip_000786,mobile_carrier
ip_000787,datacenter_proxy
ip_000788,corporate_nat
ip_000789,corporate_nat
ip_000790,residential
ip_000791,mobile_carrier
ip_000792,corporate_nat
ip_000793,residential
ip_000794,unknown
ip_000795,corporate_nat
ip_000796,datacenter_proxy
ip_000797,mobile_carrier
ip_000798,corporate_nat
ip_000799,residential
ip_000800,corporate_nat
ip_000801,datacenter_proxy
ip_000802,datacenter_proxy
ip_000803,datacenter_proxy
ip_000804,mobile_carrier
ip_000805,datacenter_proxy
ip_000806,residential
ip_000807,corporate_nat
ip_000808,corporate_nat
ip_000809,corporate_nat
ip_000810,datacenter_proxy
ip_000811,residential
ip_000812,datacenter_proxy
ip_000813,mobile_carrier
ip_000814,mobile_carrier
ip_000815,unknown
ip_000816,residential
ip_000817,datacenter_proxy
ip_000818,corporate_nat
ip_000819,mobile_carrier
ip_000820,datacenter_proxy
ip_000821,mobile_carrier
ip_000822,mobile_carrier
ip_000823,mobile_carrier
ip_000824,corporate_nat
ip_000825,datacenter_proxy
ip_000826,datacenter_proxy
ip_000827,corporate_nat
ip_000828,residential
ip_000829,corporate_nat
ip_000830,datacenter_proxy
ip_000831,datacenter_proxy
ip_000832,residential
ip_000833,corporate_nat
ip_000834,datacenter_proxy
ip_000835,mobile_carrier
ip_000836,residential
ip_000837,residential
ip_000838,residential
ip_000839,mobile_carrier
ip_000840,datacenter_proxy
ip_000841,unknown
ip_000842,datacenter_proxy
ip_000843,residential
ip_000844,datacenter_proxy
ip_000845,unknown
ip_000846,residential
ip_000847,mobile_carrier
ip_000848,datacenter_proxy
ip_000849,residential
ip_000850,residential
ip_000851,corporate_nat
ip_000852,residential
ip_000853,unknown
ip_000854,residential
ip_000855,datacenter_proxy
ip_000856,datacenter_proxy
ip_000857,unknown
ip_000858,corporate_nat
ip_000859,corporate_nat
ip_000860,corporate_nat
ip_000861,mobile_carrier
ip_000862,corporate_nat
ip_000863,unknown
ip_000864,corporate_nat
ip_000865,corporate_nat
ip_000866,residential
ip_000867,mobile_carrier
ip_000868,mobile_carrier
ip_000869,unknown
ip_000870,mobile_carrier
ip_000871,unknown
ip_000872,mobile_carrier
ip_000873,residential
ip_000874,datacenter_proxy
ip_000875,mobile_carrier
ip_000876,datacenter_proxy
ip_000877,residential
ip_000878,datacenter_proxy
ip_000879,unknown
ip_000880,mobile_carrier
ip_000881,corporate_nat
ip_000882,corporate_nat
ip_000883,residential
ip_000884,unknown
ip_000885,corporate_nat
ip_000886,residential
ip_000887,corporate_nat
ip_000888,mobile_carrier
ip_000889,corporate_nat
ip_000890,datacenter_proxy
ip_000891,mobile_carrier
ip_000892,datacenter_proxy
ip_000893,unknown
ip_000894,mobile_carrier
ip_000895,mobile_carrier
ip_000896,residential
ip_000897,unknown
ip_000898,residential
ip_000899,corporate_nat
ip_000900,residential
ip_000901,mobile_carrier
ip_000902,residential
ip_000903,residential
ip_000904,mobile_carrier
ip_000905,mobile_carrier
ip_000906,unknown
ip_000907,unknown
ip_000908,residential
ip_000909,mobile_carrier
ip_000910,residential
ip_000911,residential
ip_000912,unknown
ip_000913,corporate_nat
ip_000914,corporate_nat
ip_000915,mobile_carrier
ip_000916,datacenter_proxy
ip_000917,mobile_carrier
ip_000918,corporate_nat
ip_000919,corporate_nat
ip_000920,datacenter_proxy
ip_000921,corporate_nat
ip_000922,corporate_nat
ip_000923,residential
ip_000924,mobile_carrier
ip_000925,datacenter_proxy
ip_000926,mobile_carrier
ip_000927,mobile_carrier
ip_000928,corporate_nat
ip_000929,datacenter_proxy
ip_000930,residential
ip_000931,residential
ip_000932,unknown
ip_000933,unknown
ip_000934,mobile_carrier
ip_000935,residential
ip_000936,datacenter_proxy
ip_000937,mobile_carrier
ip_000938,corporate_nat
ip_000939,datacenter_proxy
ip_000940,datacenter_proxy
ip_000941,residential
ip_000942,corporate_nat
ip_000943,residential
ip_000944,datacenter_proxy
ip_000945,residential
ip_000946,mobile_carrier
ip_000947,datacenter_proxy
ip_000948,residential
ip_000949,residential
ip_000950,corporate_nat
ip_000951,mobile_carrier
ip_000952,unknown
ip_000953,corporate_nat
ip_000954,unknown
ip_000955,corporate_nat
ip_000956,corporate_nat
ip_000957,unknown
ip_000958,datacenter_proxy
ip_000959,residential
ip_000960,datacenter_proxy
ip_000961,unknown
ip_000962,mobile_carrier
ip_000963,datacenter_proxy
ip_000964,unknown
ip_000965,residential
ip_000966,datacenter_proxy
ip_000967,datacenter_proxy
ip_000968,unknown
ip_000969,datacenter_proxy
ip_000970,mobile_carrier
ip_000971,residential
ip_000972,mobile_carrier
ip_000973,unknown
ip_000974,residential
ip_000975,datacenter_proxy
ip_000976,corporate_nat
ip_000977,unknown
ip_000978,corporate_nat
ip_000979,residential
ip_000980,residential
ip_000981,residential
ip_000982,mobile_carrier
ip_000983,mobile_carrier
ip_000984,unknown
ip_000985,residential
ip_000986,datacenter_proxy
ip_000987,unknown
ip_000988,unknown
ip_000989,corporate_nat
ip_000990,corporate_nat
ip_000991,residential
ip_000992,datacenter_proxy
ip_000993,unknown
ip_000994,corporate_nat
ip_000995,datacenter_proxy
ip_000996,mobile_carrier
ip_000997,datacenter_proxy
ip_000998,residential
ip_000999,unknown
ip_001000,unknown
ip_001001,mobile_carrier
ip_001002,mobile_carrier
ip_001003,residential
ip_001004,datacenter_proxy
ip_001005,mobile_carrier
ip_001006,mobile_carrier
ip_001007,mobile_carrier
ip_001008,corporate_nat
ip_001009,mobile_carrier
ip_001010,unknown
ip_001011,corporate_nat
ip_001012,mobile_carrier
ip_001013,datacenter_proxy
ip_001014,residential
ip_001015,datacenter_proxy
ip_001016,datacenter_proxy
ip_001017,mobile_carrier
ip_001018,residential
ip_001019,unknown
ip_001020,mobile_carrier
ip_001021,datacenter_proxy
ip_001022,corporate_nat
ip_001023,residential
ip_001024,datacenter_proxy
ip_001025,unknown
ip_001026,mobile_carrier
ip_001027,datacenter_proxy
ip_001028,corporate_nat
ip_001029,corporate_nat
ip_001030,datacenter_proxy
ip_001031,residential
ip_001032,unknown
ip_001033,corporate_nat
ip_001034,datacenter_proxy
ip_001035,residential
ip_001036,corporate_nat
ip_001037,datacenter_proxy
ip_001038,residential
ip_001039,residential
ip_001040,unknown
ip_001041,datacenter_proxy
ip_001042,unknown
ip_001043,residential
ip_001044,residential
ip_001045,residential
ip_001046,unknown
ip_001047,corporate_nat
ip_001048,datacenter_proxy
ip_001049,residential
ip_001050,unknown
ip_001051,residential
ip_001052,unknown
ip_001053,mobile_carrier
ip_001054,unknown
ip_001055,residential
ip_001056,unknown
ip_001057,residential
ip_001058,datacenter_proxy
ip_001059,residential
ip_001060,residential
ip_001061,corporate_nat
ip_001062,corporate_nat
ip_001063,datacenter_proxy
ip_001064,datacenter_proxy
ip_001065,corporate_nat
ip_001066,unknown
ip_001067,residential
ip_001068,mobile_carrier
ip_001069,unknown
ip_001070,datacenter_proxy
ip_001071,datacenter_proxy
ip_001072,datacenter_proxy
ip_001073,datacenter_proxy
ip_001074,residential
ip_001075,residential
ip_001076,mobile_carrier
ip_001077,unknown
ip_001078,datacenter_proxy
ip_001079,corporate_nat
ip_001080,datacenter_proxy
ip_001081,unknown
ip_001082,corporate_nat
ip_001083,residential
ip_001084,residential
ip_001085,unknown
ip_001086,mobile_carrier
ip_001087,datacenter_proxy
ip_001088,unknown
ip_001089,datacenter_proxy
ip_001090,mobile_carrier
ip_001091,datacenter_proxy
ip_001092,residential
ip_001093,datacenter_proxy
ip_001094,datacenter_proxy
ip_001095,corporate_nat
ip_001096,mobile_carrier
ip_001097,unknown
ip_001098,mobile_carrier
ip_001099,datacenter_proxy
ip_001100,unknown
ip_001101,residential
ip_001102,unknown
ip_001103,corporate_nat
ip_001104,corporate_nat
ip_001105,residential
ip_001106,mobile_carrier
ip_001107,residential
ip_001108,corporate_nat
ip_001109,mobile_carrier
ip_001110,datacenter_proxy
ip_001111,corporate_nat
ip_001112,unknown
ip_001113,datacenter_proxy
ip_001114,mobile_carrier
ip_001115,unknown
ip_001116,unknown
ip_001117,corporate_nat
ip_001118,mobile_carrier
ip_001119,residential
ip_001120,residential
ip_001121,datacenter_proxy
ip_001122,mobile_carrier
ip_001123,residential
ip_001124,datacenter_proxy
ip_001125,datacenter_proxy
ip_001126,mobile_carrier
ip_001127,unknown
ip_001128,datacenter_proxy
ip_001129,datacenter_proxy
ip_001130,corporate_nat
ip_001131,mobile_carrier
ip_001132,unknown
ip_001133,residential
ip_001134,unknown
ip_001135,corporate_nat
ip_001136,residential
ip_001137,datacenter_proxy
ip_001138,datacenter_proxy
ip_001139,mobile_carrier
ip_001140,unknown
ip_001141,datacenter_proxy
ip_001142,mobile_carrier
ip_001143,datacenter_proxy
ip_001144,datacenter_proxy
ip_001145,unknown
ip_001146,corporate_nat
ip_001147,mobile_carrier
ip_001148,unknown
ip_001149,unknown
ip_001150,mobile_carrier
ip_001151,unknown
ip_001152,mobile_carrier
ip_001153,corporate_nat
ip_001154,unknown
ip_001155,corporate_nat
ip_001156,mobile_carrier
ip_001157,datacenter_proxy
ip_001158,unknown
ip_001159,unknown
ip_001160,unknown
ip_001161,datacenter_proxy
ip_001162,residential
ip_001163,corporate_nat
ip_001164,mobile_carrier
ip_001165,corporate_nat
ip_001166,residential
ip_001167,residential
ip_001168,unknown
ip_001169,corporate_nat
ip_001170,residential
ip_001171,datacenter_proxy
ip_001172,mobile_carrier
ip_001173,datacenter_proxy
ip_001174,unknown
ip_001175,residential
ip_001176,corporate_nat
ip_001177,datacenter_proxy
ip_001178,datacenter_proxy
ip_001179,residential
ip_001180,unknown
ip_001181,residential
ip_001182,unknown
ip_001183,datacenter_proxy
ip_001184,unknown
ip_001185,unknown
ip_001186,corporate_nat
ip_001187,corporate_nat
ip_001188,mobile_carrier
ip_001189,corporate_nat
ip_001190,residential
ip_001191,corporate_nat
ip_001192,residential
ip_001193,corporate_nat
ip_001194,unknown
ip_001195,datacenter_proxy
ip_001196,unknown
ip_001197,corporate_nat
ip_001198,residential
ip_001199,mobile_carrier
ip_001200,datacenter_proxy
ip_001201,unknown
ip_001202,corporate_nat
ip_001203,unknown
ip_001204,datacenter_proxy
ip_001205,mobile_carrier
ip_001206,corporate_nat
ip_001207,corporate_nat
ip_001208,mobile_carrier
ip_001209,mobile_carrier
ip_001210,corporate_nat
ip_001211,datacenter_proxy
ip_001212,corporate_nat
ip_001213,residential
ip_001214,corporate_nat
ip_001215,unknown
ip_001216,mobile_carrier
ip_001217,unknown
ip_001218,datacenter_proxy
ip_001219,mobile_carrier
ip_001220,datacenter_proxy
ip_001221,unknown
ip_001222,residential
ip_001223,residential
ip_001224,corporate_nat
ip_001225,unknown
ip_001226,corporate_nat
ip_001227,datacenter_proxy
ip_001228,unknown
ip_001229,unknown
ip_001230,corporate_nat
ip_001231,mobile_carrier
ip_001232,mobile_carrier
ip_001233,residential
ip_001234,datacenter_proxy
ip_001235,corporate_nat
ip_001236,unknown
ip_001237,corporate_nat
ip_001238,corporate_nat
ip_001239,corporate_nat
ip_001240,unknown
ip_001241,corporate_nat
ip_001242,residential
ip_001243,datacenter_proxy
ip_001244,datacenter_proxy
ip_001245,unknown
ip_001246,datacenter_proxy
ip_001247,mobile_carrier
ip_001248,residential
ip_001249,corporate_nat
ip_001250,unknown
ip_001251,mobile_carrier
ip_001252,datacenter_proxy
ip_001253,mobile_carrier
ip_001254,residential
ip_001255,mobile_carrier
ip_001256,mobile_carrier
ip_001257,datacenter_proxy
ip_001258,datacenter_proxy
ip_001259,datacenter_proxy
ip_001260,unknown
ip_001261,residential
ip_001262,datacenter_proxy
ip_001263,mobile_carrier
ip_001264,corporate_nat
ip_001265,residential
ip_001266,corporate_nat
ip_001267,mobile_carrier
ip_001268,corporate_nat
ip_001269,mobile_carrier
ip_001270,mobile_carrier
ip_001271,corporate_nat
ip_001272,mobile_carrier
ip_001273,corporate_nat
ip_001274,unknown
ip_001275,residential
ip_001276,residential
ip_001277,mobile_carrier
ip_001278,datacenter_proxy
ip_001279,mobile_carrier
ip_001280,residential
ip_001281,unknown
ip_001282,corporate_nat
ip_001283,datacenter_proxy
ip_001284,corporate_nat
ip_001285,residential
ip_001286,unknown
ip_001287,mobile_carrier
ip_001288,unknown
ip_001289,residential
ip_001290,corporate_nat
ip_001291,datacenter_proxy
ip_001292,unknown
ip_001293,mobile_carrier
ip_001294,datacenter_proxy
ip_001295,mobile_carrier
ip_001296,datacenter_proxy
ip_001297,corporate_nat
ip_001298,unknown
ip_001299,mobile_carrier
ip_001300,corporate_nat
ip_001301,corporate_nat
ip_001302,unknown
ip_001303,residential
ip_001304,datacenter_proxy
ip_001305,unknown
ip_001306,datacenter_proxy
ip_001307,datacenter_proxy
ip_001308,residential
ip_001309,unknown
ip_001310,unknown
ip_001311,mobile_carrier
ip_001312,mobile_carrier
ip_001313,residential
ip_001314,datacenter_proxy
ip_001315,unknown
ip_001316,mobile_carrier
ip_001317,corporate_nat
ip_001318,unknown
ip_001319,mobile_carrier
ip_001320,mobile_carrier
ip_001321,residential
ip_001322,residential
ip_001323,residential
ip_001324,residential
ip_001325,mobile_carrier
ip_001326,corporate_nat
ip_001327,datacenter_proxy
ip_001328,unknown
ip_001329,datacenter_proxy
ip_001330,mobile_carrier
ip_001331,unknown
ip_001332,corporate_nat
ip_001333,mobile_carrier
ip_001334,mobile_carrier
ip_001335,unknown
ip_001336,corporate_nat
ip_001337,residential
ip_001338,residential
ip_001339,residential
ip_001340,unknown
ip_001341,residential
ip_001342,unknown
ip_001343,unknown
ip_001344,unknown
ip_001345,datacenter_proxy
ip_001346,unknown
ip_001347,unknown
ip_001348,residential
ip_001349,corporate_nat
ip_001350,corporate_nat
ip_001351,unknown
ip_001352,corporate_nat
ip_001353,mobile_carrier
ip_001354,datacenter_proxy
ip_001355,mobile_carrier
ip_001356,corporate_nat
ip_001357,unknown
ip_001358,mobile_carrier
ip_001359,unknown
ip_001360,residential
ip_001361,residential
ip_001362,residential
ip_001363,mobile_carrier
ip_001364,datacenter_proxy
ip_001365,residential
ip_001366,corporate_nat
ip_001367,mobile_carrier
ip_001368,datacenter_proxy
ip_001369,mobile_carrier
ip_001370,datacenter_proxy
ip_001371,residential
ip_001372,residential
ip_001373,datacenter_proxy
ip_001374,mobile_carrier
ip_001375,corporate_nat
ip_001376,datacenter_proxy
ip_001377,corporate_nat
ip_001378,mobile_carrier
ip_001379,mobile_carrier
ip_001380,mobile_carrier
ip_001381,mobile_carrier
ip_001382,datacenter_proxy
ip_001383,corporate_nat
ip_001384,residential
ip_001385,corporate_nat
ip_001386,residential
ip_001387,corporate_nat
ip_001388,mobile_carrier
ip_001389,mobile_carrier
ip_001390,datacenter_proxy
ip_001391,unknown
ip_001392,corporate_nat
ip_001393,corporate_nat
ip_001394,corporate_nat
ip_001395,unknown
ip_001396,mobile_carrier
ip_001397,residential
ip_001398,datacenter_proxy
ip_001399,residential
ip_001400,datacenter_proxy
ip_001401,corporate_nat
ip_001402,mobile_carrier
ip_001403,corporate_nat
ip_001404,mobile_carrier
ip_001405,datacenter_proxy
ip_001406,datacenter_proxy
ip_001407,residential
ip_001408,unknown
ip_001409,mobile_carrier
ip_001410,mobile_carrier
ip_001411,datacenter_proxy
ip_001412,residential
ip_001413,residential
ip_001414,datacenter_proxy
ip_001415,residential
ip_001416,corporate_nat
ip_001417,unknown
ip_001418,unknown
ip_001419,residential
ip_001420,residential
ip_001421,datacenter_proxy
ip_001422,unknown
ip_001423,mobile_carrier
ip_001424,residential
ip_001425,datacenter_proxy
ip_001426,corporate_nat
ip_001427,mobile_carrier
ip_001428,corporate_nat
ip_001429,residential
ip_001430,mobile_carrier
ip_001431,residential
ip_001432,corporate_nat
ip_001433,residential
ip_001434,corporate_nat
ip_001435,corporate_nat
ip_001436,mobile_carrier
ip_001437,residential
ip_001438,datacenter_proxy
ip_001439,mobile_carrier
ip_001440,datacenter_proxy
ip_001441,residential
ip_001442,datacenter_proxy
ip_001443,unknown
ip_001444,residential
ip_001445,unknown
ip_001446,mobile_carrier
ip_001447,datacenter_proxy
ip_001448,mobile_carrier
ip_001449,residential
ip_001450,unknown
ip_001451,mobile_carrier
ip_001452,mobile_carrier
ip_001453,residential
ip_001454,corporate_nat
ip_001455,corporate_nat
ip_001456,corporate_nat
ip_001457,datacenter_proxy
ip_001458,datacenter_proxy
ip_001459,mobile_carrier
ip_001460,residential
ip_001461,corporate_nat
ip_001462,unknown
ip_001463,mobile_carrier
ip_001464,unknown
ip_001465,residential
ip_001466,mobile_carrier
ip_001467,datacenter_proxy
ip_001468,mobile_carrier
ip_001469,unknown
ip_001470,residential
ip_001471,datacenter_proxy
ip_001472,unknown
ip_001473,residential
ip_001474,mobile_carrier
ip_001475,datacenter_proxy
ip_001476,unknown
ip_001477,corporate_nat
ip_001478,unknown
ip_001479,residential
ip_001480,mobile_carrier
ip_001481,corporate_nat
ip_001482,mobile_carrier
ip_001483,unknown
ip_001484,corporate_nat
ip_001485,corporate_nat
ip_001486,residential
ip_001487,unknown
ip_001488,residential
ip_001489,residential
ip_001490,mobile_carrier
ip_001491,corporate_nat
ip_001492,unknown
ip_001493,unknown
ip_001494,unknown
ip_001495,mobile_carrier
ip_001496,unknown
ip_001497,residential
ip_001498,mobile_carrier
ip_001499,residential
ip_001500,mobile_carrier
ip_001501,residential
ip_001502,residential
ip_001503,corporate_nat
ip_001504,unknown
ip_001505,mobile_carrier
ip_001506,datacenter_proxy
ip_001507,unknown
ip_001508,unknown
ip_001509,corporate_nat
ip_001510,unknown
ip_001511,residential
ip_001512,mobile_carrier
ip_001513,corporate_nat
ip_001514,datacenter_proxy
ip_001515,mobile_carrier
ip_001516,corporate_nat
ip_001517,residential
ip_001518,residential
ip_001519,corporate_nat
ip_001520,residential
ip_001521,residential
ip_001522,datacenter_proxy
ip_001523,mobile_carrier
ip_001524,residential
ip_001525,corporate_nat
ip_001526,residential
ip_001527,unknown
ip_001528,unknown
ip_001529,mobile_carrier
ip_001530,mobile_carrier
ip_001531,datacenter_proxy
ip_001532,unknown
ip_001533,unknown
ip_001534,unknown
ip_001535,unknown
ip_001536,datacenter_proxy
ip_001537,datacenter_proxy
ip_001538,mobile_carrier
ip_001539,unknown
ip_001540,mobile_carrier
ip_001541,unknown
ip_001542,residential
ip_001543,unknown
ip_001544,corporate_nat
ip_001545,datacenter_proxy
ip_001546,corporate_nat
ip_001547,unknown
ip_001548,residential
ip_001549,corporate_nat
ip_001550,datacenter_proxy
ip_001551,datacenter_proxy
ip_001552,mobile_carrier
ip_001553,unknown
ip_001554,residential
ip_001555,datacenter_proxy
ip_001556,mobile_carrier
ip_001557,mobile_carrier
ip_001558,unknown
ip_001559,residential
ip_001560,mobile_carrier
ip_001561,corporate_nat
ip_001562,corporate_nat
ip_001563,residential
ip_001564,unknown
ip_001565,residential
ip_001566,residential
ip_001567,residential
ip_001568,corporate_nat
ip_001569,residential
ip_001570,unknown
ip_001571,mobile_carrier
ip_001572,corporate_nat
ip_001573,corporate_nat
ip_001574,residential
ip_001575,mobile_carrier
ip_001576,datacenter_proxy
ip_001577,unknown
ip_001578,corporate_nat
ip_001579,corporate_nat
ip_001580,mobile_carrier
ip_001581,corporate_nat
ip_001582,unknown
ip_001583,mobile_carrier
ip_001584,residential
ip_001585,corporate_nat
ip_001586,corporate_nat
ip_001587,mobile_carrier
ip_001588,datacenter_proxy
ip_001589,corporate_nat
ip_001590,datacenter_proxy
ip_001591,datacenter_proxy
ip_001592,residential
ip_001593,corporate_nat
ip_001594,corporate_nat
ip_001595,residential
ip_001596,corporate_nat
ip_001597,mobile_carrier
ip_001598,corporate_nat
ip_001599,mobile_carrier
ip_001600,corporate_nat
ip_001601,corporate_nat
ip_001602,unknown
ip_001603,datacenter_proxy
ip_001604,datacenter_proxy
ip_001605,residential
ip_001606,datacenter_proxy
ip_001607,datacenter_proxy
ip_001608,datacenter_proxy
ip_001609,residential
ip_001610,mobile_carrier
ip_001611,corporate_nat
ip_001612,unknown
ip_001613,corporate_nat
ip_001614,unknown
ip_001615,unknown
ip_001616,datacenter_proxy
ip_001617,datacenter_proxy
ip_001618,datacenter_proxy
ip_001619,datacenter_proxy
ip_001620,mobile_carrier
ip_001621,residential
ip_001622,unknown
ip_001623,datacenter_proxy
ip_001624,datacenter_proxy
ip_001625,corporate_nat
ip_001626,residential
ip_001627,residential
ip_001628,datacenter_proxy
ip_001629,mobile_carrier
ip_001630,corporate_nat
ip_001631,mobile_carrier
ip_001632,residential
ip_001633,residential
ip_001634,corporate_nat
ip_001635,corporate_nat
ip_001636,residential
ip_001637,mobile_carrier
ip_001638,residential
ip_001639,residential
ip_001640,unknown
ip_001641,datacenter_proxy
ip_001642,corporate_nat
ip_001643,mobile_carrier
ip_001644,datacenter_proxy
ip_001645,corporate_nat
ip_001646,mobile_carrier
ip_001647,mobile_carrier
ip_001648,corporate_nat
ip_001649,datacenter_proxy
ip_001650,mobile_carrier
ip_001651,mobile_carrier
ip_001652,residential
ip_001653,datacenter_proxy
ip_001654,unknown
ip_001655,unknown
ip_001656,corporate_nat
ip_001657,unknown
ip_001658,corporate_nat
ip_001659,datacenter_proxy
ip_001660,datacenter_proxy
ip_001661,corporate_nat
ip_001662,unknown
ip_001663,unknown
ip_001664,mobile_carrier
ip_001665,corporate_nat
ip_001666,corporate_nat
ip_001667,unknown
ip_001668,residential
ip_001669,unknown
ip_001670,corporate_nat
ip_001671,unknown
ip_001672,unknown
ip_001673,corporate_nat
ip_001674,datacenter_proxy
ip_001675,corporate_nat
ip_001676,corporate_nat
ip_001677,datacenter_proxy
ip_001678,unknown
ip_001679,datacenter_proxy
ip_001680,unknown
ip_001681,residential
ip_001682,datacenter_proxy
ip_001683,residential
ip_001684,mobile_carrier
ip_001685,corporate_nat
ip_001686,corporate_nat
ip_001687,mobile_carrier
ip_001688,datacenter_proxy
ip_001689,corporate_nat
ip_001690,residential
ip_001691,unknown
ip_001692,unknown
ip_001693,unknown
ip_001694,mobile_carrier
ip_001695,unknown
ip_001696,corporate_nat
ip_001697,residential
ip_001698,residential
ip_001699,datacenter_proxy
ip_001700,unknown
ip_001701,unknown
ip_001702,corporate_nat
ip_001703,residential
ip_001704,corporate_nat
ip_001705,mobile_carrier
ip_001706,corporate_nat
ip_001707,mobile_carrier
ip_001708,datacenter_proxy
ip_001709,residential
ip_001710,mobile_carrier
ip_001711,residential
ip_001712,datacenter_proxy
ip_001713,residential
ip_001714,datacenter_proxy
ip_001715,datacenter_proxy
ip_001716,mobile_carrier
ip_001717,residential
ip_001718,unknown
ip_001719,unknown
ip_001720,mobile_carrier
ip_001721,unknown
ip_001722,mobile_carrier
ip_001723,unknown
ip_001724,unknown
ip_001725,unknown
ip_001726,datacenter_proxy
ip_001727,corporate_nat
ip_001728,mobile_carrier
ip_001729,datacenter_proxy
ip_001730,datacenter_proxy
ip_001731,unknown
ip_001732,datacenter_proxy
ip_001733,datacenter_proxy
ip_001734,corporate_nat
ip_001735,residential
ip_001736,corporate_nat
ip_001737,unknown
ip_001738,residential
ip_001739,mobile_carrier
ip_001740,unknown
ip_001741,mobile_carrier
ip_001742,residential
ip_001743,unknown
ip_001744,mobile_carrier
ip_001745,unknown
ip_001746,mobile_carrier
ip_001747,mobile_carrier
ip_001748,mobile_carrier
ip_001749,corporate_nat
ip_001750,corporate_nat
ip_001751,mobile_carrier
ip_001752,unknown
ip_001753,mobile_carrier
ip_001754,mobile_carrier
ip_001755,residential
ip_001756,corporate_nat
ip_001757,corporate_nat
ip_001758,residential
ip_001759,mobile_carrier
ip_001760,unknown
ip_001761,residential
ip_001762,mobile_carrier
ip_001763,mobile_carrier
ip_001764,residential
ip_001765,unknown
ip_001766,datacenter_proxy
ip_001767,corporate_nat
ip_001768,mobile_carrier
ip_001769,residential
ip_001770,residential
ip_001771,residential
ip_001772,unknown
ip_001773,datacenter_proxy
ip_001774,datacenter_proxy
ip_001775,mobile_carrier
ip_001776,mobile_carrier
ip_001777,residential
ip_001778,corporate_nat
ip_001779,datacenter_proxy
ip_001780,corporate_nat
ip_001781,datacenter_proxy
ip_001782,mobile_carrier
ip_001783,unknown
ip_001784,residential
ip_001785,mobile_carrier
ip_001786,residential
ip_001787,mobile_carrier
ip_001788,residential
ip_001789,datacenter_proxy
ip_001790,corporate_nat
ip_001791,datacenter_proxy
ip_001792,corporate_nat
ip_001793,corporate_nat
ip_001794,corporate_nat
ip_001795,mobile_carrier
ip_001796,corporate_nat
ip_001797,datacenter_proxy
ip_001798,datacenter_proxy
ip_001799,unknown
ip_001800,datacenter_proxy
ip_001801,residential
ip_001802,corporate_nat
ip_001803,corporate_nat
ip_001804,corporate_nat
ip_001805,unknown
ip_001806,residential
ip_001807,corporate_nat
ip_001808,unknown
ip_001809,residential
ip_001810,datacenter_proxy
ip_001811,residential
ip_001812,unknown
ip_001813,unknown
ip_001814,unknown
ip_001815,corporate_nat
ip_001816,mobile_carrier
ip_001817,mobile_carrier
ip_001818,datacenter_proxy
ip_001819,mobile_carrier
ip_001820,corporate_nat
ip_001821,residential
ip_001822,residential
ip_001823,corporate_nat
ip_001824,datacenter_proxy
ip_001825,mobile_carrier
ip_001826,unknown
ip_001827,datacenter_proxy
ip_001828,corporate_nat
ip_001829,datacenter_proxy
ip_001830,corporate_nat
ip_001831,residential
ip_001832,residential
ip_001833,mobile_carrier
ip_001834,unknown
ip_001835,corporate_nat
ip_001836,corporate_nat
ip_001837,residential
ip_001838,residential
ip_001839,unknown
ip_001840,unknown
ip_001841,datacenter_proxy
ip_001842,corporate_nat
ip_001843,corporate_nat
ip_001844,residential
ip_001845,datacenter_proxy
ip_001846,mobile_carrier
ip_001847,unknown
ip_001848,mobile_carrier
ip_001849,residential
ip_001850,residential
ip_001851,corporate_nat
ip_001852,unknown
ip_001853,residential
ip_001854,unknown
ip_001855,residential
ip_001856,corporate_nat
ip_001857,datacenter_proxy
ip_001858,mobile_carrier
ip_001859,unknown
ip_001860,mobile_carrier
ip_001861,residential
ip_001862,residential
ip_001863,residential
ip_001864,corporate_nat
ip_001865,residential
ip_001866,unknown
ip_001867,corporate_nat
ip_001868,mobile_carrier
ip_001869,residential
ip_001870,mobile_carrier
ip_001871,residential
ip_001872,unknown
ip_001873,residential
ip_001874,datacenter_proxy
ip_001875,residential
ip_001876,corporate_nat
ip_001877,unknown
ip_001878,mobile_carrier
ip_001879,datacenter_proxy
ip_001880,residential
ip_001881,datacenter_proxy
ip_001882,unknown
ip_001883,datacenter_proxy
ip_001884,unknown
ip_001885,datacenter_proxy
ip_001886,corporate_nat
ip_001887,corporate_nat
ip_001888,residential
ip_001889,mobile_carrier
ip_001890,unknown
ip_001891,unknown
ip_001892,unknown
ip_001893,datacenter_proxy
ip_001894,residential
ip_001895,corporate_nat
ip_001896,corporate_nat
ip_001897,residential
ip_001898,mobile_carrier
ip_001899,corporate_nat
ip_001900,mobile_carrier
ip_001901,datacenter_proxy
ip_001902,mobile_carrier
ip_001903,corporate_nat
ip_001904,corporate_nat
ip_001905,mobile_carrier
ip_001906,mobile_carrier
ip_001907,corporate_nat
ip_001908,residential
ip_001909,residential
ip_001910,datacenter_proxy
ip_001911,mobile_carrier
ip_001912,residential
ip_001913,residential
ip_001914,residential
ip_001915,mobile_carrier
ip_001916,datacenter_proxy
ip_001917,residential
ip_001918,residential
ip_001919,residential
ip_001920,mobile_carrier
ip_001921,residential
ip_001922,corporate_nat
ip_001923,residential
ip_001924,corporate_nat
ip_001925,mobile_carrier
ip_001926,mobile_carrier
ip_001927,mobile_carrier
ip_001928,datacenter_proxy
ip_001929,unknown
ip_001930,mobile_carrier
ip_001931,corporate_nat
ip_001932,residential
ip_001933,datacenter_proxy
ip_001934,corporate_nat
ip_001935,corporate_nat
ip_001936,corporate_nat
ip_001937,unknown
ip_001938,mobile_carrier
ip_001939,datacenter_proxy
ip_001940,datacenter_proxy
ip_001941,corporate_nat
ip_001942,residential
ip_001943,datacenter_proxy
ip_001944,datacenter_proxy
ip_001945,residential
ip_001946,unknown
ip_001947,unknown
ip_001948,unknown
ip_001949,unknown
ip_001950,unknown
ip_001951,datacenter_proxy
ip_001952,unknown
ip_001953,datacenter_proxy
ip_001954,datacenter_proxy
ip_001955,datacenter_proxy
ip_001956,datacenter_proxy
ip_001957,datacenter_proxy
ip_001958,mobile_carrier
ip_001959,residential
ip_001960,corporate_nat
ip_001961,unknown
ip_001962,datacenter_proxy
ip_001963,datacenter_proxy
ip_001964,residential
ip_001965,corporate_nat
ip_001966,corporate_nat
ip_001967,unknown
ip_001968,unknown
ip_001969,residential
ip_001970,unknown
ip_001971,unknown
ip_001972,corporate_nat
ip_001973,unknown
ip_001974,datacenter_proxy
ip_001975,corporate_nat
ip_001976,residential
ip_001977,mobile_carrier
ip_001978,unknown
ip_001979,datacenter_proxy
ip_001980,corporate_nat
ip_001981,residential
ip_001982,mobile_carrier
ip_001983,mobile_carrier
ip_001984,residential
ip_001985,unknown
ip_001986,mobile_carrier
ip_001987,mobile_carrier
ip_001988,mobile_carrier
ip_001989,unknown
ip_001990,datacenter_proxy
ip_001991,unknown
ip_001992,residential
ip_001993,datacenter_proxy
ip_001994,corporate_nat
ip_001995,mobile_carrier
ip_001996,residential
ip_001997,unknown
ip_001998,unknown
ip_001999,residential
ip_002000,datacenter_proxy
ip_002001,unknown
ip_002002,datacenter_proxy
ip_002003,mobile_carrier
ip_002004,residential
ip_002005,corporate_nat
ip_002006,residential
ip_002007,mobile_carrier
ip_002008,datacenter_proxy
ip_002009,mobile_carrier
ip_002010,unknown
ip_002011,mobile_carrier
ip_002012,unknown
ip_002013,corporate_nat
ip_002014,unknown
ip_002015,residential
ip_002016,unknown
ip_002017,mobile_carrier
ip_002018,corporate_nat
ip_002019,datacenter_proxy
ip_002020,corporate_nat
ip_002021,residential
ip_002022,mobile_carrier
ip_002023,mobile_carrier
ip_002024,mobile_carrier
ip_002025,unknown
ip_002026,corporate_nat
ip_002027,corporate_nat
ip_002028,unknown
ip_002029,corporate_nat
ip_002030,datacenter_proxy
ip_002031,residential
ip_002032,unknown
ip_002033,mobile_carrier
ip_002034,mobile_carrier
ip_002035,residential
ip_002036,datacenter_proxy
ip_002037,corporate_nat
ip_002038,unknown
ip_002039,mobile_carrier
ip_002040,datacenter_proxy
ip_002041,datacenter_proxy
ip_002042,residential
ip_002043,corporate_nat
ip_002044,residential
ip_002045,datacenter_proxy
ip_002046,residential
ip_002047,mobile_carrier
ip_002048,corporate_nat
ip_002049,datacenter_proxy
ip_002050,unknown
ip_002051,mobile_carrier
ip_002052,corporate_nat
ip_002053,residential
ip_002054,mobile_carrier
ip_002055,mobile_carrier
ip_002056,mobile_carrier
ip_002057,mobile_carrier
ip_002058,corporate_nat
ip_002059,mobile_carrier
ip_002060,mobile_carrier
ip_002061,mobile_carrier
ip_002062,residential
ip_002063,datacenter_proxy
ip_002064,unknown
ip_002065,unknown
ip_002066,datacenter_proxy
ip_002067,datacenter_proxy
ip_002068,datacenter_proxy
ip_002069,unknown
ip_002070,unknown
ip_002071,unknown
ip_002072,unknown
ip_002073,corporate_nat
ip_002074,corporate_nat
ip_002075,residential
ip_002076,residential
ip_002077,residential
ip_002078,datacenter_proxy
ip_002079,corporate_nat
ip_002080,residential
ip_002081,mobile_carrier
ip_002082,residential
ip_002083,unknown
ip_002084,mobile_carrier
ip_002085,datacenter_proxy
ip_002086,residential
ip_002087,residential
ip_002088,corporate_nat
ip_002089,mobile_carrier
ip_002090,datacenter_proxy
ip_002091,residential
ip_002092,datacenter_proxy
ip_002093,mobile_carrier
ip_002094,datacenter_proxy
ip_002095,unknown
ip_002096,residential
ip_002097,mobile_carrier
ip_002098,residential
ip_002099,residential
ip_002100,mobile_carrier
ip_002101,unknown
ip_002102,datacenter_proxy
ip_002103,datacenter_proxy
ip_002104,datacenter_proxy
ip_002105,residential
ip_002106,unknown
ip_002107,datacenter_proxy
ip_002108,mobile_carrier
ip_002109,mobile_carrier
ip_002110,corporate_nat
ip_002111,datacenter_proxy
ip_002112,corporate_nat
ip_002113,mobile_carrier
ip_002114,mobile_carrier
ip_002115,datacenter_proxy
ip_002116,residential
ip_002117,mobile_carrier
ip_002118,unknown
ip_002119,unknown
ip_002120,datacenter_proxy
ip_002121,datacenter_proxy
ip_002122,residential
ip_002123,residential
ip_002124,residential
ip_002125,residential
ip_002126,unknown
ip_002127,datacenter_proxy
ip_002128,datacenter_proxy
ip_002129,residential
ip_002130,corporate_nat
ip_002131,corporate_nat
ip_002132,corporate_nat
ip_002133,mobile_carrier
ip_002134,datacenter_proxy
ip_002135,residential
ip_002136,mobile_carrier
ip_002137,mobile_carrier
ip_002138,corporate_nat
ip_002139,residential
ip_002140,datacenter_proxy
ip_002141,corporate_nat
ip_002142,corporate_nat
ip_002143,mobile_carrier
ip_002144,datacenter_proxy
ip_002145,datacenter_proxy
ip_002146,unknown
ip_002147,unknown
ip_002148,unknown
ip_002149,datacenter_proxy
ip_002150,mobile_carrier
ip_002151,unknown
ip_002152,residential
ip_002153,corporate_nat
ip_002154,residential
ip_002155,mobile_carrier
ip_002156,corporate_nat
ip_002157,unknown
ip_002158,residential
ip_002159,datacenter_proxy
ip_002160,datacenter_proxy
ip_002161,unknown
ip_002162,unknown
ip_002163,unknown
ip_002164,unknown
ip_002165,unknown
ip_002166,corporate_nat
ip_002167,mobile_carrier
ip_002168,datacenter_proxy
ip_002169,unknown
ip_002170,corporate_nat
ip_002171,mobile_carrier
ip_002172,datacenter_proxy
ip_002173,residential
ip_002174,mobile_carrier
ip_002175,unknown
ip_002176,residential
ip_002177,residential
ip_002178,corporate_nat
ip_002179,residential
ip_002180,residential
ip_002181,unknown
ip_002182,datacenter_proxy
ip_002183,mobile_carrier
ip_002184,corporate_nat
ip_002185,corporate_nat
ip_002186,corporate_nat
ip_002187,residential
ip_002188,mobile_carrier
ip_002189,mobile_carrier
ip_002190,datacenter_proxy
ip_002191,mobile_carrier
ip_002192,residential
ip_002193,unknown
ip_002194,residential
ip_002195,corporate_nat
ip_002196,datacenter_proxy
ip_002197,mobile_carrier
ip_002198,unknown
ip_002199,residential
ip_002200,datacenter_proxy
ip_002201,residential
ip_002202,residential
ip_002203,corporate_nat
ip_002204,mobile_carrier
ip_002205,corporate_nat
ip_002206,datacenter_proxy
ip_002207,mobile_carrier
ip_002208,corporate_nat
ip_002209,corporate_nat
ip_002210,mobile_carrier
ip_002211,datacenter_proxy
ip_002212,datacenter_proxy
ip_002213,mobile_carrier
ip_002214,residential
ip_002215,mobile_carrier
ip_002216,corporate_nat
ip_002217,datacenter_proxy
ip_002218,corporate_nat
ip_002219,mobile_carrier
ip_002220,residential
ip_002221,corporate_nat
ip_002222,corporate_nat
ip_002223,residential
ip_002224,residential
ip_002225,mobile_carrier
ip_002226,mobile_carrier
ip_002227,residential
ip_002228,residential
ip_002229,residential
ip_002230,unknown
ip_002231,residential
ip_002232,corporate_nat
ip_002233,residential
ip_002234,datacenter_proxy
ip_002235,residential
ip_002236,datacenter_proxy
ip_002237,residential
ip_002238,corporate_nat
ip_002239,datacenter_proxy
ip_002240,unknown
ip_002241,corporate_nat
ip_002242,residential
ip_002243,residential
ip_002244,mobile_carrier
ip_002245,corporate_nat
ip_002246,corporate_nat
ip_002247,residential
ip_002248,mobile_carrier
ip_002249,mobile_carrier
ip_002250,corporate_nat
ip_002251,datacenter_proxy
ip_002252,datacenter_proxy
ip_002253,corporate_nat
ip_002254,mobile_carrier
ip_002255,corporate_nat
ip_002256,unknown
ip_002257,mobile_carrier
ip_002258,corporate_nat
ip_002259,mobile_carrier
ip_002260,datacenter_proxy
ip_002261,residential
ip_002262,residential
ip_002263,datacenter_proxy
ip_002264,residential
ip_002265,mobile_carrier
ip_002266,unknown
ip_002267,unknown
ip_002268,unknown
ip_002269,mobile_carrier
ip_002270,mobile_carrier
ip_002271,corporate_nat
ip_002272,datacenter_proxy
ip_002273,residential
ip_002274,unknown
ip_002275,mobile_carrier
ip_002276,mobile_carrier
ip_002277,mobile_carrier
ip_002278,corporate_nat
ip_002279,datacenter_proxy
ip_002280,mobile_carrier
ip_002281,unknown
ip_002282,corporate_nat
ip_002283,datacenter_proxy
ip_002284,unknown
ip_002285,corporate_nat
ip_002286,unknown
ip_002287,mobile_carrier
ip_002288,residential
ip_002289,unknown
ip_002290,residential
ip_002291,mobile_carrier
ip_002292,unknown
ip_002293,unknown
ip_002294,mobile_carrier
ip_002295,residential
ip_002296,corporate_nat
ip_002297,corporate_nat
ip_002298,corporate_nat
ip_002299,corporate_nat
ip_002300,mobile_carrier
ip_002301,unknown
ip_002302,mobile_carrier
ip_002303,unknown
ip_002304,corporate_nat
ip_002305,mobile_carrier
ip_002306,unknown
ip_002307,residential
ip_002308,corporate_nat
ip_002309,mobile_carrier
ip_002310,corporate_nat
ip_002311,unknown
ip_002312,unknown
ip_002313,residential
ip_002314,mobile_carrier
ip_002315,residential
ip_002316,datacenter_proxy
ip_002317,mobile_carrier
ip_002318,residential
ip_002319,datacenter_proxy
ip_002320,unknown
ip_002321,residential
ip_002322,unknown
ip_002323,datacenter_proxy
ip_002324,corporate_nat
ip_002325,mobile_carrier
ip_002326,mobile_carrier
ip_002327,mobile_carrier
ip_002328,corporate_nat
ip_002329,mobile_carrier
ip_002330,corporate_nat
ip_002331,mobile_carrier
ip_002332,datacenter_proxy
ip_002333,datacenter_proxy
ip_002334,datacenter_proxy
ip_002335,datacenter_proxy
ip_002336,mobile_carrier
ip_002337,mobile_carrier
ip_002338,mobile_carrier
ip_002339,unknown
ip_002340,datacenter_proxy
ip_002341,mobile_carrier
ip_002342,unknown
ip_002343,corporate_nat
ip_002344,residential
ip_002345,mobile_carrier
ip_002346,datacenter_proxy
ip_002347,mobile_carrier
ip_002348,residential
ip_002349,residential
ip_002350,datacenter_proxy
ip_002351,residential
ip_002352,datacenter_proxy
ip_002353,unknown
ip_002354,unknown
ip_002355,unknown
ip_002356,corporate_nat
ip_002357,datacenter_proxy
ip_002358,mobile_carrier
ip_002359,unknown
ip_002360,datacenter_proxy
ip_002361,corporate_nat
ip_002362,datacenter_proxy
ip_002363,mobile_carrier
ip_002364,mobile_carrier
ip_002365,corporate_nat
ip_002366,datacenter_proxy
ip_002367,datacenter_proxy
ip_002368,unknown
ip_002369,corporate_nat
ip_002370,unknown
ip_002371,mobile_carrier
ip_002372,mobile_carrier
ip_002373,datacenter_proxy
ip_002374,residential
ip_002375,unknown
ip_002376,residential
ip_002377,corporate_nat
ip_002378,residential
ip_002379,residential
ip_002380,mobile_carrier
ip_002381,residential
ip_002382,datacenter_proxy
ip_002383,corporate_nat
ip_002384,mobile_carrier
ip_002385,mobile_carrier
ip_002386,mobile_carrier
ip_002387,corporate_nat
ip_002388,unknown
ip_002389,datacenter_proxy
ip_002390,residential
ip_002391,residential
ip_002392,datacenter_proxy
ip_002393,residential
ip_002394,unknown
ip_002395,unknown
ip_002396,corporate_nat
ip_002397,corporate_nat
ip_002398,mobile_carrier
ip_002399,datacenter_proxy
ip_002400,residential
ip_002401,datacenter_proxy
ip_002402,unknown
ip_002403,corporate_nat
ip_002404,datacenter_proxy
ip_002405,corporate_nat
ip_002406,mobile_carrier
ip_002407,residential
ip_002408,datacenter_proxy
ip_002409,mobile_carrier
ip_002410,corporate_nat
ip_002411,residential
ip_002412,datacenter_proxy
ip_002413,residential
ip_002414,corporate_nat
ip_002415,corporate_nat
ip_002416,mobile_carrier
ip_002417,residential
ip_002418,corporate_nat
ip_002419,unknown
ip_002420,mobile_carrier
ip_002421,corporate_nat
ip_002422,unknown
ip_002423,unknown
ip_002424,unknown
ip_002425,mobile_carrier
ip_002426,mobile_carrier
ip_002427,corporate_nat
ip_002428,datacenter_proxy
ip_002429,unknown
ip_002430,unknown
ip_002431,mobile_carrier
ip_002432,corporate_nat
ip_002433,corporate_nat
ip_002434,datacenter_proxy
ip_002435,residential
ip_002436,datacenter_proxy
ip_002437,unknown
ip_002438,mobile_carrier
ip_002439,unknown
ip_002440,datacenter_proxy
ip_002441,mobile_carrier
ip_002442,mobile_carrier
ip_002443,mobile_carrier
ip_002444,unknown
ip_002445,mobile_carrier
ip_002446,unknown
ip_002447,mobile_carrier
ip_002448,datacenter_proxy
ip_002449,unknown
ip_002450,residential
ip_002451,corporate_nat
ip_002452,datacenter_proxy
ip_002453,corporate_nat
ip_002454,residential
ip_002455,datacenter_proxy
ip_002456,mobile_carrier
ip_002457,corporate_nat
ip_002458,datacenter_proxy
ip_002459,residential
ip_002460,unknown
ip_002461,corporate_nat
ip_002462,corporate_nat
ip_002463,corporate_nat
ip_002464,mobile_carrier
ip_002465,residential
ip_002466,corporate_nat
ip_002467,corporate_nat
ip_002468,unknown
ip_002469,corporate_nat
ip_002470,datacenter_proxy
ip_002471,corporate_nat
ip_002472,datacenter_proxy
ip_002473,datacenter_proxy
ip_002474,residential
ip_002475,datacenter_proxy
ip_002476,datacenter_proxy
ip_002477,mobile_carrier
ip_002478,residential
ip_002479,mobile_carrier
ip_002480,residential
ip_002481,mobile_carrier
ip_002482,datacenter_proxy
ip_002483,mobile_carrier
ip_002484,mobile_carrier
ip_002485,residential
ip_002486,residential
ip_002487,corporate_nat
ip_002488,unknown
ip_002489,datacenter_proxy
ip_002490,corporate_nat
ip_002491,unknown
ip_002492,residential
ip_002493,residential
ip_002494,residential
ip_002495,mobile_carrier
ip_002496,residential
ip_002497,corporate_nat
ip_002498,corporate_nat
ip_002499,unknown
ip_002500,unknown
ip_002501,corporate_nat
ip_002502,residential
ip_002503,datacenter_proxy
ip_002504,mobile_carrier
ip_002505,mobile_carrier
ip_002506,unknown
ip_002507,mobile_carrier
ip_002508,corporate_nat
ip_002509,unknown
ip_002510,corporate_nat
ip_002511,datacenter_proxy
ip_002512,datacenter_proxy
ip_002513,datacenter_proxy
ip_002514,datacenter_proxy
ip_002515,mobile_carrier
ip_002516,corporate_nat
ip_002517,corporate_nat
ip_002518,unknown
ip_002519,corporate_nat
ip_002520,mobile_carrier
ip_002521,mobile_carrier
ip_002522,corporate_nat
ip_002523,corporate_nat
ip_002524,datacenter_proxy
ip_002525,corporate_nat
ip_002526,corporate_nat
ip_002527,datacenter_proxy
ip_002528,unknown
ip_002529,corporate_nat
ip_002530,unknown
ip_002531,datacenter_proxy
ip_002532,unknown
ip_002533,corporate_nat
ip_002534,residential
ip_002535,mobile_carrier
ip_002536,residential
ip_002537,residential
ip_002538,residential
ip_002539,corporate_nat
ip_002540,datacenter_proxy
ip_002541,residential
ip_002542,datacenter_proxy
ip_002543,datacenter_proxy
ip_002544,corporate_nat
ip_002545,residential
ip_002546,mobile_carrier
ip_002547,corporate_nat
ip_002548,mobile_carrier
ip_002549,unknown
ip_002550,datacenter_proxy
ip_002551,unknown
ip_002552,datacenter_proxy
ip_002553,mobile_carrier
ip_002554,corporate_nat
ip_002555,datacenter_proxy
ip_002556,residential
ip_002557,mobile_carrier
ip_002558,mobile_carrier
ip_002559,datacenter_proxy
ip_002560,corporate_nat
ip_002561,residential
ip_002562,residential
ip_002563,mobile_carrier
ip_002564,corporate_nat
ip_002565,residential
ip_002566,unknown
ip_002567,unknown
ip_002568,unknown
ip_002569,corporate_nat
ip_002570,residential
ip_002571,unknown
ip_002572,datacenter_proxy
ip_002573,corporate_nat
ip_002574,residential
ip_002575,unknown
ip_002576,mobile_carrier
ip_002577,residential
ip_002578,datacenter_proxy
ip_002579,unknown
ip_002580,corporate_nat
ip_002581,corporate_nat
ip_002582,datacenter_proxy
ip_002583,datacenter_proxy
ip_002584,corporate_nat
ip_002585,residential
ip_002586,corporate_nat
ip_002587,unknown
ip_002588,datacenter_proxy
ip_002589,corporate_nat
ip_002590,mobile_carrier
ip_002591,residential
ip_002592,mobile_carrier
ip_002593,unknown
ip_002594,mobile_carrier
ip_002595,residential
ip_002596,corporate_nat
ip_002597,datacenter_proxy
ip_002598,mobile_carrier
ip_002599,unknown
ip_002600,residential
ip_002601,unknown
ip_002602,corporate_nat
ip_002603,datacenter_proxy
ip_002604,unknown
ip_002605,residential
ip_002606,residential
ip_002607,unknown
ip_002608,residential
ip_002609,datacenter_proxy
ip_002610,corporate_nat
ip_002611,corporate_nat
ip_002612,residential
ip_002613,unknown
ip_002614,datacenter_proxy
ip_002615,residential
ip_002616,corporate_nat
ip_002617,residential
ip_002618,unknown
ip_002619,unknown
ip_002620,mobile_carrier
ip_002621,mobile_carrier
ip_002622,corporate_nat
ip_002623,corporate_nat
ip_002624,unknown
ip_002625,mobile_carrier
ip_002626,unknown
ip_002627,datacenter_proxy
ip_002628,residential
ip_002629,corporate_nat
ip_002630,corporate_nat
ip_002631,corporate_nat
ip_002632,residential
ip_002633,mobile_carrier
ip_002634,unknown
ip_002635,unknown
ip_002636,unknown
ip_002637,datacenter_proxy
ip_002638,mobile_carrier
ip_002639,residential
ip_002640,datacenter_proxy
ip_002641,mobile_carrier
ip_002642,datacenter_proxy
ip_002643,unknown
ip_002644,residential
ip_002645,corporate_nat
ip_002646,corporate_nat
ip_002647,corporate_nat
ip_002648,residential
ip_002649,unknown
ip_002650,unknown
ip_002651,unknown
ip_002652,residential
ip_002653,datacenter_proxy
ip_002654,residential
ip_002655,unknown
ip_002656,mobile_carrier
ip_002657,residential
ip_002658,datacenter_proxy
ip_002659,mobile_carrier
ip_002660,residential
ip_002661,corporate_nat
ip_002662,mobile_carrier
ip_002663,residential
ip_002664,corporate_nat
ip_002665,residential
ip_002666,residential
ip_002667,datacenter_proxy
ip_002668,unknown
ip_002669,unknown
ip_002670,datacenter_proxy
ip_002671,datacenter_proxy
ip_002672,mobile_carrier
ip_002673,unknown
ip_002674,datacenter_proxy
ip_002675,mobile_carrier
ip_002676,mobile_carrier
ip_002677,unknown
ip_002678,mobile_carrier
ip_002679,residential
ip_002680,unknown
ip_002681,mobile_carrier
ip_002682,unknown
ip_002683,residential
ip_002684,mobile_carrier
ip_002685,mobile_carrier
ip_002686,residential
ip_002687,mobile_carrier
ip_002688,unknown
ip_002689,datacenter_proxy
ip_002690,corporate_nat
ip_002691,corporate_nat
ip_002692,datacenter_proxy
ip_002693,datacenter_proxy
ip_002694,unknown
ip_002695,mobile_carrier
ip_002696,datacenter_proxy
ip_002697,corporate_nat
ip_002698,datacenter_proxy
ip_002699,corporate_nat
ip_002700,unknown
ip_002701,datacenter_proxy
ip_002702,mobile_carrier
ip_002703,residential
ip_002704,unknown
ip_002705,residential
ip_002706,mobile_carrier
ip_002707,corporate_nat
ip_002708,residential
ip_002709,mobile_carrier
ip_002710,corporate_nat
ip_002711,unknown
ip_002712,mobile_carrier
ip_002713,mobile_carrier
ip_002714,residential
ip_002715,mobile_carrier
ip_002716,datacenter_proxy
ip_002717,corporate_nat
ip_002718,residential
ip_002719,datacenter_proxy
ip_002720,datacenter_proxy
ip_002721,mobile_carrier
ip_002722,corporate_nat
ip_002723,mobile_carrier
ip_002724,unknown
ip_002725,corporate_nat
ip_002726,unknown
ip_002727,mobile_carrier
ip_002728,residential
ip_002729,datacenter_proxy
ip_002730,datacenter_proxy
ip_002731,datacenter_proxy
ip_002732,mobile_carrier
ip_002733,residential
ip_002734,datacenter_proxy
ip_002735,unknown
ip_002736,unknown
ip_002737,datacenter_proxy
ip_002738,unknown
ip_002739,unknown
ip_002740,mobile_carrier
ip_002741,unknown
ip_002742,mobile_carrier
ip_002743,datacenter_proxy
ip_002744,mobile_carrier
ip_002745,unknown
ip_002746,residential
ip_002747,residential
ip_002748,residential
ip_002749,datacenter_proxy
ip_002750,datacenter_proxy
ip_002751,datacenter_proxy
ip_002752,corporate_nat
ip_002753,datacenter_proxy
ip_002754,mobile_carrier
ip_002755,residential
ip_002756,unknown
ip_002757,datacenter_proxy
ip_002758,unknown
ip_002759,corporate_nat
ip_002760,unknown
ip_002761,datacenter_proxy
ip_002762,unknown
ip_002763,unknown
ip_002764,mobile_carrier
ip_002765,corporate_nat
ip_002766,datacenter_proxy
ip_002767,datacenter_proxy
ip_002768,residential
ip_002769,residential
ip_002770,corporate_nat
ip_002771,mobile_carrier
ip_002772,unknown
ip_002773,corporate_nat
ip_002774,residential
ip_002775,datacenter_proxy
ip_002776,mobile_carrier
ip_002777,mobile_carrier
ip_002778,unknown
ip_002779,unknown
ip_002780,corporate_nat
ip_002781,mobile_carrier
ip_002782,corporate_nat
ip_002783,datacenter_proxy
ip_002784,unknown
ip_002785,residential
ip_002786,mobile_carrier
ip_002787,datacenter_proxy
ip_002788,residential
ip_002789,mobile_carrier
ip_002790,residential
ip_002791,datacenter_proxy
ip_002792,unknown
ip_002793,corporate_nat
ip_002794,datacenter_proxy
ip_002795,mobile_carrier
ip_002796,residential
ip_002797,unknown
ip_002798,datacenter_proxy
ip_002799,mobile_carrier
ip_002800,datacenter_proxy
ip_002801,unknown
ip_002802,corporate_nat
ip_002803,datacenter_proxy
ip_002804,unknown
ip_002805,corporate_nat
ip_002806,residential
ip_002807,corporate_nat
ip_002808,corporate_nat
ip_002809,datacenter_proxy
ip_002810,corporate_nat
ip_002811,mobile_carrier
ip_002812,datacenter_proxy
ip_002813,residential
ip_002814,corporate_nat
ip_002815,mobile_carrier
ip_002816,datacenter_proxy
ip_002817,datacenter_proxy
ip_002818,corporate_nat
ip_002819,residential
ip_002820,corporate_nat
ip_002821,corporate_nat
ip_002822,residential
ip_002823,residential
ip_002824,unknown
ip_002825,mobile_carrier
ip_002826,datacenter_proxy
ip_002827,unknown
ip_002828,unknown
ip_002829,mobile_carrier
ip_002830,unknown
ip_002831,residential
ip_002832,mobile_carrier
ip_002833,corporate_nat
ip_002834,corporate_nat
ip_002835,mobile_carrier
ip_002836,corporate_nat
ip_002837,mobile_carrier
ip_002838,datacenter_proxy
ip_002839,datacenter_proxy
ip_002840,residential
ip_002841,residential
ip_002842,unknown
ip_002843,unknown
ip_002844,residential
ip_002845,mobile_carrier
ip_002846,datacenter_proxy
ip_002847,unknown
ip_002848,corporate_nat
ip_002849,datacenter_proxy
ip_002850,unknown
ip_002851,residential
ip_002852,corporate_nat
ip_002853,residential
ip_002854,corporate_nat
ip_002855,mobile_carrier
ip_002856,residential
ip_002857,corporate_nat
ip_002858,datacenter_proxy
ip_002859,mobile_carrier
ip_002860,corporate_nat
ip_002861,corporate_nat
ip_002862,unknown
ip_002863,unknown
ip_002864,mobile_carrier
ip_002865,datacenter_proxy
ip_002866,unknown
ip_002867,mobile_carrier
ip_002868,unknown
ip_002869,unknown
ip_002870,datacenter_proxy
ip_002871,datacenter_proxy
ip_002872,residential
ip_002873,datacenter_proxy
ip_002874,residential
ip_002875,datacenter_proxy
ip_002876,residential
ip_002877,residential
ip_002878,datacenter_proxy
ip_002879,mobile_carrier
ip_002880,datacenter_proxy
ip_002881,residential
ip_002882,mobile_carrier
ip_002883,corporate_nat
ip_002884,corporate_nat
ip_002885,datacenter_proxy
ip_002886,residential
ip_002887,residential
ip_002888,mobile_carrier
ip_002889,unknown
ip_002890,residential
ip_002891,datacenter_proxy
ip_002892,mobile_carrier
ip_002893,mobile_carrier
ip_002894,corporate_nat
ip_002895,datacenter_proxy
ip_002896,unknown
ip_002897,datacenter_proxy
ip_002898,residential
ip_002899,datacenter_proxy
ip_002900,corporate_nat
ip_002901,unknown
ip_002902,datacenter_proxy
ip_002903,datacenter_proxy
ip_002904,corporate_nat
ip_002905,residential
ip_002906,mobile_carrier
ip_002907,datacenter_proxy
ip_002908,datacenter_proxy
ip_002909,mobile_carrier
ip_002910,residential
ip_002911,mobile_carrier
ip_002912,mobile_carrier
ip_002913,mobile_carrier
ip_002914,unknown
ip_002915,datacenter_proxy
ip_002916,datacenter_proxy
ip_002917,residential
ip_002918,unknown
ip_002919,corporate_nat
ip_002920,mobile_carrier
ip_002921,unknown
ip_002922,datacenter_proxy
ip_002923,mobile_carrier
ip_002924,residential
ip_002925,mobile_carrier
ip_002926,corporate_nat
ip_002927,datacenter_proxy
ip_002928,unknown
ip_002929,mobile_carrier
ip_002930,corporate_nat
ip_002931,residential
ip_002932,mobile_carrier
ip_002933,residential
ip_002934,unknown
ip_002935,unknown
ip_002936,unknown
ip_002937,datacenter_proxy
ip_002938,corporate_nat
ip_002939,datacenter_proxy
ip_002940,corporate_nat
ip_002941,mobile_carrier
ip_002942,unknown
ip_002943,corporate_nat
ip_002944,residential
ip_002945,corporate_nat
ip_002946,corporate_nat
ip_002947,corporate_nat
ip_002948,corporate_nat
ip_002949,unknown
ip_002950,unknown
ip_002951,unknown
ip_002952,corporate_nat
ip_002953,residential
ip_002954,mobile_carrier
ip_002955,unknown
ip_002956,residential
ip_002957,residential
ip_002958,datacenter_proxy
ip_002959,residential
ip_002960,corporate_nat
ip_002961,corporate_nat
ip_002962,residential
ip_002963,mobile_carrier
ip_002964,mobile_carrier
ip_002965,unknown
ip_002966,mobile_carrier
ip_002967,mobile_carrier
ip_002968,datacenter_proxy
ip_002969,datacenter_proxy
ip_002970,datacenter_proxy
ip_002971,residential
ip_002972,mobile_carrier
ip_002973,mobile_carrier
ip_002974,residential
ip_002975,datacenter_proxy
ip_002976,datacenter_proxy
ip_002977,datacenter_proxy
ip_002978,residential
ip_002979,mobile_carrier
ip_002980,mobile_carrier
ip_002981,datacenter_proxy
ip_002982,unknown
ip_002983,unknown
ip_002984,corporate_nat
ip_002985,unknown
ip_002986,residential
ip_002987,residential
ip_002988,datacenter_proxy
ip_002989,mobile_carrier
ip_002990,mobile_carrier
ip_002991,datacenter_proxy
ip_002992,datacenter_proxy
ip_002993,datacenter_proxy
ip_002994,datacenter_proxy
ip_002995,datacenter_proxy
ip_002996,mobile_carrier
ip_002997,datacenter_proxy
ip_002998,datacenter_proxy
ip_002999,datacenter_proxy
ip_003000,datacenter_proxy
ip_003001,mobile_carrier
ip_003002,datacenter_proxy
ip_003003,datacenter_proxy
ip_003004,residential
ip_003005,unknown
ip_003006,mobile_carrier
ip_003007,corporate_nat
ip_003008,residential
ip_003009,unknown
ip_003010,mobile_carrier
ip_003011,corporate_nat
ip_003012,unknown
ip_003013,datacenter_proxy
ip_003014,mobile_carrier
ip_003015,mobile_carrier
ip_003016,mobile_carrier
ip_003017,corporate_nat
ip_003018,residential
ip_003019,datacenter_proxy
ip_003020,mobile_carrier
ip_003021,residential
ip_003022,mobile_carrier
ip_003023,unknown
ip_003024,unknown
ip_003025,unknown
ip_003026,unknown
ip_003027,datacenter_proxy
ip_003028,unknown
ip_003029,corporate_nat
ip_003030,unknown
ip_003031,unknown
ip_003032,unknown
ip_003033,datacenter_proxy
ip_003034,corporate_nat
ip_003035,datacenter_proxy
ip_003036,mobile_carrier
ip_003037,mobile_carrier
ip_003038,mobile_carrier
ip_003039,corporate_nat
ip_003040,corporate_nat
ip_003041,residential
ip_003042,datacenter_proxy
ip_003043,residential
ip_003044,unknown
ip_003045,mobile_carrier
ip_003046,residential
ip_003047,datacenter_proxy
ip_003048,unknown
ip_003049,corporate_nat
ip_003050,unknown
ip_003051,unknown
ip_003052,datacenter_proxy
ip_003053,corporate_nat
ip_003054,unknown
ip_003055,datacenter_proxy
ip_003056,mobile_carrier
ip_003057,residential
ip_003058,residential
ip_003059,datacenter_proxy
ip_003060,datacenter_proxy
ip_003061,corporate_nat
ip_003062,mobile_carrier
ip_003063,datacenter_proxy
ip_003064,datacenter_proxy
ip_003065,corporate_nat
ip_003066,unknown
ip_003067,residential
ip_003068,corporate_nat
ip_003069,corporate_nat
ip_003070,residential
ip_003071,mobile_carrier
ip_003072,corporate_nat
ip_003073,residential
ip_003074,corporate_nat
ip_003075,residential
ip_003076,unknown
ip_003077,corporate_nat
ip_003078,unknown
ip_003079,corporate_nat
ip_003080,corporate_nat
ip_003081,residential
ip_003082,residential
ip_003083,residential
ip_003084,residential
ip_003085,unknown
ip_003086,mobile_carrier
ip_003087,residential
ip_003088,datacenter_proxy
ip_003089,mobile_carrier
ip_003090,mobile_carrier
ip_003091,unknown
ip_003092,unknown
ip_003093,mobile_carrier
ip_003094,mobile_carrier
ip_003095,unknown
ip_003096,datacenter_proxy
ip_003097,mobile_carrier
ip_003098,mobile_carrier
ip_003099,corporate_nat
ip_003100,mobile_carrier
ip_003101,mobile_carrier
ip_003102,corporate_nat
ip_003103,unknown
ip_003104,datacenter_proxy
ip_003105,residential
ip_003106,mobile_carrier
ip_003107,residential
ip_003108,mobile_carrier
ip_003109,corporate_nat
ip_003110,datacenter_proxy
ip_003111,unknown
ip_003112,datacenter_proxy
ip_003113,mobile_carrier
ip_003114,mobile_carrier
ip_003115,datacenter_proxy
ip_003116,unknown
ip_003117,corporate_nat
ip_003118,mobile_carrier
ip_003119,residential
ip_003120,datacenter_proxy
ip_003121,unknown
ip_003122,unknown
ip_003123,corporate_nat
ip_003124,unknown
ip_003125,datacenter_proxy
ip_003126,residential
ip_003127,corporate_nat
ip_003128,mobile_carrier
ip_003129,mobile_carrier
ip_003130,datacenter_proxy
ip_003131,datacenter_proxy
ip_003132,unknown
ip_003133,datacenter_proxy
ip_003134,corporate_nat
ip_003135,corporate_nat
ip_003136,unknown
ip_003137,unknown
ip_003138,mobile_carrier
ip_003139,unknown
ip_003140,datacenter_proxy
ip_003141,mobile_carrier
ip_003142,residential
ip_003143,datacenter_proxy
ip_003144,unknown
ip_003145,corporate_nat
ip_003146,mobile_carrier
ip_003147,datacenter_proxy
ip_003148,residential
ip_003149,residential
ip_003150,unknown
ip_003151,unknown
ip_003152,unknown
ip_003153,residential
ip_003154,datacenter_proxy
ip_003155,corporate_nat
ip_003156,mobile_carrier
ip_003157,datacenter_proxy
ip_003158,unknown
ip_003159,mobile_carrier
ip_003160,datacenter_proxy
ip_003161,datacenter_proxy
ip_003162,corporate_nat
ip_003163,unknown
ip_003164,corporate_nat
ip_003165,datacenter_proxy
ip_003166,unknown
ip_003167,mobile_carrier
ip_003168,corporate_nat
ip_003169,datacenter_proxy
ip_003170,unknown
ip_003171,mobile_carrier
ip_003172,residential
ip_003173,datacenter_proxy
ip_003174,unknown
ip_003175,datacenter_proxy
ip_003176,corporate_nat
ip_003177,datacenter_proxy
ip_003178,datacenter_proxy
ip_003179,unknown
ip_003180,unknown
ip_003181,residential
ip_003182,residential
ip_003183,residential
ip_003184,corporate_nat
ip_003185,datacenter_proxy
ip_003186,residential
ip_003187,unknown
ip_003188,residential
ip_003189,unknown
ip_003190,mobile_carrier
ip_003191,corporate_nat
ip_003192,residential
ip_003193,corporate_nat
ip_003194,unknown
ip_003195,datacenter_proxy
ip_003196,corporate_nat
ip_003197,residential
ip_003198,corporate_nat
ip_003199,residential
ip_003200,mobile_carrier
ip_003201,residential
ip_003202,unknown
ip_003203,residential
ip_003204,mobile_carrier
ip_003205,mobile_carrier
ip_003206,datacenter_proxy
ip_003207,corporate_nat
ip_003208,mobile_carrier
ip_003209,mobile_carrier
ip_003210,datacenter_proxy
ip_003211,corporate_nat
ip_003212,corporate_nat
ip_003213,residential
ip_003214,residential
ip_003215,datacenter_proxy
ip_003216,mobile_carrier
ip_003217,datacenter_proxy
ip_003218,datacenter_proxy
ip_003219,corporate_nat
ip_003220,corporate_nat
ip_003221,unknown
ip_003222,corporate_nat
ip_003223,mobile_carrier
ip_003224,residential
ip_003225,unknown
ip_003226,corporate_nat
ip_003227,mobile_carrier
ip_003228,corporate_nat
ip_003229,corporate_nat
ip_003230,datacenter_proxy
ip_003231,corporate_nat
ip_003232,mobile_carrier
ip_003233,corporate_nat
ip_003234,unknown
ip_003235,residential
ip_003236,mobile_carrier
ip_003237,residential
ip_003238,corporate_nat
ip_003239,residential
ip_003240,datacenter_proxy
ip_003241,mobile_carrier
ip_003242,mobile_carrier
ip_003243,unknown
ip_003244,unknown
ip_003245,mobile_carrier
ip_003246,residential
ip_003247,mobile_carrier
ip_003248,corporate_nat
ip_003249,residential
ip_003250,corporate_nat
ip_003251,mobile_carrier
ip_003252,unknown
ip_003253,mobile_carrier
ip_003254,corporate_nat
ip_003255,mobile_carrier
ip_003256,residential
ip_003257,datacenter_proxy
ip_003258,mobile_carrier
ip_003259,mobile_carrier
ip_003260,residential
ip_003261,unknown
ip_003262,corporate_nat
ip_003263,corporate_nat
ip_003264,corporate_nat
ip_003265,unknown
ip_003266,residential
ip_003267,unknown
ip_003268,unknown
ip_003269,unknown
ip_003270,datacenter_proxy
ip_003271,residential
ip_003272,corporate_nat
ip_003273,mobile_carrier
ip_003274,mobile_carrier
ip_003275,residential
ip_003276,mobile_carrier
ip_003277,corporate_nat
ip_003278,residential
ip_003279,residential
ip_003280,unknown
ip_003281,residential
ip_003282,datacenter_proxy
ip_003283,datacenter_proxy
ip_003284,residential
ip_003285,unknown
ip_003286,corporate_nat
ip_003287,corporate_nat
ip_003288,mobile_carrier
ip_003289,corporate_nat
ip_003290,corporate_nat
ip_003291,datacenter_proxy
ip_003292,datacenter_proxy
ip_003293,corporate_nat
ip_003294,datacenter_proxy
ip_003295,datacenter_proxy
ip_003296,mobile_carrier
ip_003297,mobile_carrier
ip_003298,mobile_carrier
ip_003299,datacenter_proxy
ip_003300,datacenter_proxy
ip_003301,residential
ip_003302,datacenter_proxy
ip_003303,corporate_nat
ip_003304,datacenter_proxy
ip_003305,mobile_carrier
ip_003306,datacenter_proxy
ip_003307,corporate_nat
ip_003308,mobile_carrier
ip_003309,mobile_carrier
ip_003310,mobile_carrier
ip_003311,unknown
ip_003312,residential
ip_003313,mobile_carrier
ip_003314,datacenter_proxy
ip_003315,residential
ip_003316,corporate_nat
ip_003317,datacenter_proxy
ip_003318,datacenter_proxy
ip_003319,datacenter_proxy
ip_003320,residential
ip_003321,mobile_carrier
ip_003322,corporate_nat
ip_003323,unknown
ip_003324,corporate_nat
ip_003325,unknown
ip_003326,corporate_nat
ip_003327,unknown
ip_003328,mobile_carrier
ip_003329,corporate_nat
ip_003330,datacenter_proxy
ip_003331,residential
ip_003332,corporate_nat
ip_003333,residential
ip_003334,mobile_carrier
ip_003335,residential
ip_003336,residential
ip_003337,corporate_nat
ip_003338,mobile_carrier
ip_003339,corporate_nat
ip_003340,corporate_nat
ip_003341,unknown
ip_003342,residential
ip_003343,datacenter_proxy
ip_003344,corporate_nat
ip_003345,datacenter_proxy
ip_003346,unknown
ip_003347,unknown
ip_003348,unknown
ip_003349,mobile_carrier
ip_003350,unknown
ip_003351,corporate_nat
ip_003352,mobile_carrier
ip_003353,datacenter_proxy
ip_003354,datacenter_proxy
ip_003355,corporate_nat
ip_003356,corporate_nat
ip_003357,unknown
ip_003358,residential
ip_003359,corporate_nat
ip_003360,unknown
ip_003361,unknown
ip_003362,residential
ip_003363,corporate_nat
ip_003364,datacenter_proxy
ip_003365,residential
ip_003366,unknown
ip_003367,residential
ip_003368,corporate_nat
ip_003369,datacenter_proxy
ip_003370,mobile_carrier
ip_003371,unknown
ip_003372,corporate_nat
ip_003373,unknown
ip_003374,mobile_carrier
ip_003375,mobile_carrier
ip_003376,datacenter_proxy
ip_003377,residential
ip_003378,mobile_carrier
ip_003379,corporate_nat
ip_003380,residential
ip_003381,residential
ip_003382,datacenter_proxy
ip_003383,corporate_nat
ip_003384,corporate_nat
ip_003385,residential
ip_003386,datacenter_proxy
ip_003387,mobile_carrier
ip_003388,unknown
ip_003389,residential
ip_003390,residential
ip_003391,residential
ip_003392,mobile_carrier
ip_003393,mobile_carrier
ip_003394,corporate_nat
ip_003395,datacenter_proxy
ip_003396,mobile_carrier
ip_003397,corporate_nat
ip_003398,datacenter_proxy
ip_003399,mobile_carrier
ip_003400,mobile_carrier
ip_003401,mobile_carrier
ip_003402,corporate_nat
ip_003403,corporate_nat
ip_003404,unknown
ip_003405,datacenter_proxy
ip_003406,unknown
ip_003407,residential
ip_003408,mobile_carrier
ip_003409,corporate_nat
ip_003410,corporate_nat
ip_003411,residential
ip_003412,residential
ip_003413,datacenter_proxy
ip_003414,corporate_nat
ip_003415,corporate_nat
ip_003416,datacenter_proxy
ip_003417,datacenter_proxy
ip_003418,unknown
ip_003419,corporate_nat
ip_003420,mobile_carrier
ip_003421,corporate_nat
ip_003422,datacenter_proxy
ip_003423,unknown
ip_003424,residential
ip_003425,unknown
ip_003426,datacenter_proxy
ip_003427,unknown
ip_003428,mobile_carrier
ip_003429,datacenter_proxy
ip_003430,residential
ip_003431,residential
ip_003432,unknown
ip_003433,corporate_nat
ip_003434,corporate_nat
ip_003435,unknown
ip_003436,mobile_carrier
ip_003437,corporate_nat
ip_003438,residential
ip_003439,residential
ip_003440,residential
ip_003441,unknown
ip_003442,residential
ip_003443,residential
ip_003444,datacenter_proxy
ip_003445,corporate_nat
ip_003446,corporate_nat
ip_003447,mobile_carrier
ip_003448,unknown
ip_003449,datacenter_proxy
ip_003450,datacenter_proxy
ip_003451,datacenter_proxy
ip_003452,mobile_carrier
ip_003453,mobile_carrier
ip_003454,datacenter_proxy
ip_003455,mobile_carrier
ip_003456,unknown
ip_003457,datacenter_proxy
ip_003458,residential
ip_003459,datacenter_proxy
ip_003460,corporate_nat
ip_003461,unknown
ip_003462,mobile_carrier
ip_003463,datacenter_proxy
ip_003464,residential
ip_003465,corporate_nat
ip_003466,mobile_carrier
ip_003467,mobile_carrier
ip_003468,datacenter_proxy
ip_003469,corporate_nat
ip_003470,corporate_nat
ip_003471,corporate_nat
ip_003472,mobile_carrier
ip_003473,datacenter_proxy
ip_003474,mobile_carrier
ip_003475,datacenter_proxy
ip_003476,unknown
ip_003477,mobile_carrier
ip_003478,residential
ip_003479,mobile_carrier
ip_003480,mobile_carrier
ip_003481,datacenter_proxy
ip_003482,corporate_nat
ip_003483,mobile_carrier
ip_003484,residential
ip_003485,datacenter_proxy
ip_003486,mobile_carrier
ip_003487,datacenter_proxy
ip_003488,corporate_nat
ip_003489,mobile_carrier
ip_003490,residential
ip_003491,unknown
ip_003492,mobile_carrier
ip_003493,residential
ip_003494,datacenter_proxy
ip_003495,datacenter_proxy
ip_003496,unknown
ip_003497,datacenter_proxy
ip_003498,mobile_carrier
ip_003499,unknown
ip_003500,mobile_carrier
ip_003501,unknown
ip_003502,datacenter_proxy
ip_003503,mobile_carrier
ip_003504,datacenter_proxy
ip_003505,residential
ip_003506,residential
ip_003507,corporate_nat
ip_003508,corporate_nat
ip_003509,datacenter_proxy
ip_003510,mobile_carrier
ip_003511,corporate_nat
ip_003512,corporate_nat
ip_003513,unknown
ip_003514,datacenter_proxy
ip_003515,mobile_carrier
ip_003516,unknown
ip_003517,mobile_carrier
ip_003518,corporate_nat
ip_003519,residential
ip_003520,residential
ip_003521,unknown
ip_003522,corporate_nat
ip_003523,corporate_nat
ip_003524,corporate_nat
ip_003525,mobile_carrier
ip_003526,residential
ip_003527,mobile_carrier
ip_003528,mobile_carrier
ip_003529,mobile_carrier
ip_003530,datacenter_proxy
ip_003531,unknown
ip_003532,mobile_carrier
ip_003533,corporate_nat
ip_003534,datacenter_proxy
ip_003535,corporate_nat
ip_003536,corporate_nat
ip_003537,datacenter_proxy
ip_003538,datacenter_proxy
ip_003539,datacenter_proxy
ip_003540,residential
ip_003541,mobile_carrier
ip_003542,residential
ip_003543,mobile_carrier
ip_003544,corporate_nat
ip_003545,datacenter_proxy
ip_003546,mobile_carrier
ip_003547,corporate_nat
ip_003548,residential
ip_003549,corporate_nat
ip_003550,unknown
ip_003551,datacenter_proxy
ip_003552,residential
ip_003553,unknown
ip_003554,residential
ip_003555,corporate_nat
ip_003556,datacenter_proxy
ip_003557,corporate_nat
ip_003558,corporate_nat
ip_003559,unknown
ip_003560,unknown
ip_003561,corporate_nat
ip_003562,residential
ip_003563,residential
ip_003564,unknown
ip_003565,corporate_nat
ip_003566,mobile_carrier
ip_003567,corporate_nat
ip_003568,mobile_carrier
ip_003569,corporate_nat
ip_003570,unknown
ip_003571,corporate_nat
ip_003572,corporate_nat
ip_003573,unknown
ip_003574,mobile_carrier
ip_003575,residential
ip_003576,residential
ip_003577,mobile_carrier
ip_003578,unknown
ip_003579,datacenter_proxy
ip_003580,corporate_nat
ip_003581,unknown
ip_003582,mobile_carrier
ip_003583,residential
ip_003584,datacenter_proxy
ip_003585,datacenter_proxy
ip_003586,unknown
ip_003587,mobile_carrier
ip_003588,corporate_nat
ip_003589,unknown
ip_003590,residential
ip_003591,unknown
ip_003592,datacenter_proxy
ip_003593,unknown
ip_003594,corporate_nat
ip_003595,mobile_carrier
ip_003596,datacenter_proxy
ip_003597,datacenter_proxy
ip_003598,datacenter_proxy
ip_003599,unknown
ip_003600,residential
ip_003601,residential
ip_003602,datacenter_proxy
ip_003603,unknown
ip_003604,corporate_nat
ip_003605,mobile_carrier
ip_003606,mobile_carrier
ip_003607,datacenter_proxy
ip_003608,datacenter_proxy
ip_003609,datacenter_proxy
ip_003610,datacenter_proxy
ip_003611,unknown
ip_003612,mobile_carrier
ip_003613,unknown
ip_003614,corporate_nat
ip_003615,datacenter_proxy
ip_003616,residential
ip_003617,unknown
ip_003618,mobile_carrier
ip_003619,corporate_nat
ip_003620,unknown
ip_003621,datacenter_proxy
ip_003622,unknown
ip_003623,corporate_nat
ip_003624,mobile_carrier
ip_003625,residential
ip_003626,unknown
ip_003627,mobile_carrier
ip_003628,mobile_carrier
ip_003629,unknown
ip_003630,corporate_nat
ip_003631,mobile_carrier
ip_003632,datacenter_proxy
ip_003633,corporate_nat
ip_003634,unknown
ip_003635,datacenter_proxy
ip_003636,corporate_nat
ip_003637,datacenter_proxy
ip_003638,datacenter_proxy
ip_003639,unknown
ip_003640,corporate_nat
ip_003641,corporate_nat
ip_003642,corporate_nat
ip_003643,mobile_carrier
ip_003644,datacenter_proxy
ip_003645,corporate_nat
ip_003646,datacenter_proxy
ip_003647,corporate_nat
ip_003648,mobile_carrier
ip_003649,datacenter_proxy
ip_003650,unknown
ip_003651,unknown
ip_003652,corporate_nat
ip_003653,datacenter_proxy
ip_003654,residential
ip_003655,mobile_carrier
ip_003656,datacenter_proxy
ip_003657,corporate_nat
ip_003658,corporate_nat
ip_003659,corporate_nat
ip_003660,mobile_carrier
ip_003661,mobile_carrier
ip_003662,datacenter_proxy
ip_003663,datacenter_proxy
ip_003664,datacenter_proxy
ip_003665,residential
ip_003666,residential
ip_003667,mobile_carrier
ip_003668,residential
ip_003669,mobile_carrier
ip_003670,unknown
ip_003671,datacenter_proxy
ip_003672,residential
ip_003673,unknown
ip_003674,residential
ip_003675,datacenter_proxy
ip_003676,unknown
ip_003677,datacenter_proxy
ip_003678,corporate_nat
ip_003679,unknown
ip_003680,unknown
ip_003681,datacenter_proxy
ip_003682,unknown
ip_003683,unknown
ip_003684,datacenter_proxy
ip_003685,unknown
ip_003686,corporate_nat
ip_003687,mobile_carrier
ip_003688,mobile_carrier
ip_003689,unknown
ip_003690,mobile_carrier
ip_003691,residential
ip_003692,corporate_nat
ip_003693,unknown
ip_003694,mobile_carrier
ip_003695,residential
ip_003696,unknown
ip_003697,datacenter_proxy
ip_003698,unknown
ip_003699,mobile_carrier
ip_003700,datacenter_proxy
ip_003701,residential
ip_003702,corporate_nat
ip_003703,mobile_carrier
ip_003704,mobile_carrier
ip_003705,residential
ip_003706,unknown
ip_003707,unknown
ip_003708,corporate_nat
ip_003709,corporate_nat
ip_003710,residential
ip_003711,unknown
ip_003712,corporate_nat
ip_003713,unknown
ip_003714,residential
ip_003715,residential
ip_003716,datacenter_proxy
ip_003717,unknown
ip_003718,corporate_nat
ip_003719,mobile_carrier
ip_003720,datacenter_proxy
ip_003721,datacenter_proxy
ip_003722,unknown
ip_003723,residential
ip_003724,corporate_nat
ip_003725,corporate_nat
ip_003726,datacenter_proxy
ip_003727,datacenter_proxy
ip_003728,unknown
ip_003729,corporate_nat
ip_003730,unknown
ip_003731,unknown
ip_003732,residential
ip_003733,residential
ip_003734,corporate_nat
ip_003735,corporate_nat
ip_003736,residential
ip_003737,residential
ip_003738,datacenter_proxy
ip_003739,corporate_nat
ip_003740,residential
ip_003741,unknown
ip_003742,mobile_carrier
ip_003743,corporate_nat
ip_003744,residential
ip_003745,residential
ip_003746,corporate_nat
ip_003747,corporate_nat
ip_003748,unknown
ip_003749,residential
ip_003750,mobile_carrier
ip_003751,corporate_nat
ip_003752,corporate_nat
ip_003753,residential
ip_003754,corporate_nat
ip_003755,corporate_nat
ip_003756,datacenter_proxy
ip_003757,corporate_nat
ip_003758,residential
ip_003759,mobile_carrier
ip_003760,residential
ip_003761,unknown
ip_003762,unknown
ip_003763,corporate_nat
ip_003764,residential
ip_003765,corporate_nat
ip_003766,datacenter_proxy
ip_003767,residential
ip_003768,corporate_nat
ip_003769,corporate_nat
ip_003770,residential
ip_003771,unknown
ip_003772,unknown
ip_003773,datacenter_proxy
ip_003774,datacenter_proxy
ip_003775,corporate_nat
ip_003776,residential
ip_003777,residential
ip_003778,corporate_nat
ip_003779,unknown
ip_003780,mobile_carrier
ip_003781,unknown
ip_003782,residential
ip_003783,corporate_nat
ip_003784,residential
ip_003785,datacenter_proxy
ip_003786,datacenter_proxy
ip_003787,mobile_carrier
ip_003788,datacenter_proxy
ip_003789,unknown
ip_003790,residential
ip_003791,residential
ip_003792,residential
ip_003793,residential
ip_003794,unknown
ip_003795,residential
ip_003796,datacenter_proxy
ip_003797,datacenter_proxy
ip_003798,mobile_carrier
ip_003799,corporate_nat
ip_003800,corporate_nat
ip_003801,mobile_carrier
ip_003802,mobile_carrier
ip_003803,unknown
ip_003804,corporate_nat
ip_003805,mobile_carrier
ip_003806,corporate_nat
ip_003807,unknown
ip_003808,datacenter_proxy
ip_003809,residential
ip_003810,mobile_carrier
ip_003811,residential
ip_003812,mobile_carrier
ip_003813,mobile_carrier
ip_003814,datacenter_proxy
ip_003815,mobile_carrier
ip_003816,datacenter_proxy
ip_003817,unknown
ip_003818,residential
ip_003819,residential
ip_003820,datacenter_proxy
ip_003821,residential
ip_003822,unknown
ip_003823,datacenter_proxy
ip_003824,residential
ip_003825,corporate_nat
ip_003826,datacenter_proxy
ip_003827,corporate_nat
ip_003828,unknown
ip_003829,corporate_nat
ip_003830,residential
ip_003831,mobile_carrier
ip_003832,residential
ip_003833,residential
ip_003834,unknown
ip_003835,corporate_nat
ip_003836,unknown
ip_003837,residential
ip_003838,unknown
ip_003839,corporate_nat
ip_003840,mobile_carrier
ip_003841,unknown
ip_003842,residential
ip_003843,corporate_nat
ip_003844,corporate_nat
ip_003845,corporate_nat
ip_003846,residential
ip_003847,datacenter_proxy
ip_003848,residential
ip_003849,residential
ip_003850,mobile_carrier
ip_003851,unknown
ip_003852,corporate_nat
ip_003853,corporate_nat
ip_003854,mobile_carrier
ip_003855,residential
ip_003856,unknown
ip_003857,corporate_nat
ip_003858,corporate_nat
ip_003859,mobile_carrier
ip_003860,corporate_nat
ip_003861,datacenter_proxy
ip_003862,datacenter_proxy
ip_003863,corporate_nat
ip_003864,mobile_carrier
ip_003865,corporate_nat
ip_003866,residential
ip_003867,corporate_nat
ip_003868,residential
ip_003869,corporate_nat
ip_003870,residential
ip_003871,residential
ip_003872,datacenter_proxy
ip_003873,datacenter_proxy
ip_003874,unknown
ip_003875,mobile_carrier
ip_003876,mobile_carrier
ip_003877,corporate_nat
ip_003878,unknown
ip_003879,corporate_nat
ip_003880,corporate_nat
ip_003881,datacenter_proxy
ip_003882,datacenter_proxy
ip_003883,residential
ip_003884,residential
ip_003885,residential
ip_003886,datacenter_proxy
ip_003887,datacenter_proxy
ip_003888,unknown
ip_003889,residential
ip_003890,residential
ip_003891,datacenter_proxy
ip_003892,datacenter_proxy
ip_003893,unknown
ip_003894,datacenter_proxy
ip_003895,corporate_nat
ip_003896,unknown
ip_003897,residential
ip_003898,corporate_nat
ip_003899,mobile_carrier
ip_003900,residential
ip_003901,mobile_carrier
ip_003902,corporate_nat
ip_003903,unknown
ip_003904,datacenter_proxy
ip_003905,mobile_carrier
ip_003906,corporate_nat
ip_003907,datacenter_proxy
ip_003908,datacenter_proxy
ip_003909,corporate_nat
ip_003910,residential
ip_003911,corporate_nat
ip_003912,corporate_nat
ip_003913,residential
ip_003914,unknown
ip_003915,unknown
ip_003916,mobile_carrier
ip_003917,residential
ip_003918,datacenter_proxy
ip_003919,mobile_carrier
ip_003920,corporate_nat
ip_003921,residential
ip_003922,mobile_carrier
ip_003923,residential
ip_003924,mobile_carrier
ip_003925,corporate_nat
ip_003926,residential
ip_003927,unknown
ip_003928,unknown
ip_003929,mobile_carrier
ip_003930,residential
ip_003931,residential
ip_003932,mobile_carrier
ip_003933,residential
ip_003934,datacenter_proxy
ip_003935,mobile_carrier
ip_003936,mobile_carrier
ip_003937,residential
ip_003938,unknown
ip_003939,mobile_carrier
ip_003940,unknown
ip_003941,mobile_carrier
ip_003942,corporate_nat
ip_003943,unknown
ip_003944,mobile_carrier
ip_003945,datacenter_proxy
ip_003946,datacenter_proxy
ip_003947,datacenter_proxy
ip_003948,residential
ip_003949,corporate_nat
ip_003950,datacenter_proxy
ip_003951,unknown
ip_003952,mobile_carrier
ip_003953,datacenter_proxy
ip_003954,datacenter_proxy
ip_003955,unknown
ip_003956,datacenter_proxy
ip_003957,residential
ip_003958,residential
ip_003959,unknown
ip_003960,corporate_nat
ip_003961,residential
ip_003962,datacenter_proxy
ip_003963,datacenter_proxy
ip_003964,mobile_carrier
ip_003965,mobile_carrier
ip_003966,residential
ip_003967,mobile_carrier
ip_003968,unknown
ip_003969,corporate_nat
ip_003970,mobile_carrier
ip_003971,mobile_carrier
ip_003972,residential
ip_003973,residential
ip_003974,datacenter_proxy
ip_003975,corporate_nat
ip_003976,datacenter_proxy
ip_003977,corporate_nat
ip_003978,datacenter_proxy
ip_003979,unknown
ip_003980,datacenter_proxy
ip_003981,corporate_nat
ip_003982,corporate_nat
ip_003983,unknown
ip_003984,corporate_nat
ip_003985,unknown
ip_003986,residential
ip_003987,residential
ip_003988,unknown
ip_003989,corporate_nat
ip_003990,corporate_nat
ip_003991,residential
ip_003992,mobile_carrier
ip_003993,residential
ip_003994,residential
ip_003995,corporate_nat
ip_003996,residential
ip_003997,corporate_nat
ip_003998,mobile_carrier
ip_003999,residential
ip_004000,datacenter_proxy
ip_004001,corporate_nat
ip_004002,datacenter_proxy
ip_004003,unknown
ip_004004,residential
ip_004005,residential
ip_004006,unknown
ip_004007,unknown
ip_004008,residential
ip_004009,mobile_carrier
ip_004010,residential
ip_004011,corporate_nat
ip_004012,mobile_carrier
ip_004013,residential
ip_004014,datacenter_proxy
ip_004015,mobile_carrier
ip_004016,residential
ip_004017,residential
ip_004018,datacenter_proxy
ip_004019,mobile_carrier
ip_004020,datacenter_proxy
ip_004021,residential
ip_004022,residential
ip_004023,datacenter_proxy
ip_004024,residential
ip_004025,datacenter_proxy
ip_004026,mobile_carrier
ip_004027,unknown
ip_004028,mobile_carrier
ip_004029,datacenter_proxy
ip_004030,unknown
ip_004031,datacenter_proxy
ip_004032,unknown
ip_004033,unknown
ip_004034,datacenter_proxy
ip_004035,corporate_nat
ip_004036,residential
ip_004037,corporate_nat
ip_004038,mobile_carrier
ip_004039,residential
ip_004040,datacenter_proxy
ip_004041,unknown
ip_004042,residential
ip_004043,mobile_carrier
ip_004044,mobile_carrier
ip_004045,unknown
ip_004046,residential
ip_004047,corporate_nat
ip_004048,unknown
ip_004049,unknown
ip_004050,residential
ip_004051,unknown
ip_004052,residential
ip_004053,residential
ip_004054,residential
ip_004055,mobile_carrier
ip_004056,mobile_carrier
ip_004057,datacenter_proxy
ip_004058,datacenter_proxy
ip_004059,datacenter_proxy
ip_004060,datacenter_proxy
ip_004061,datacenter_proxy
ip_004062,datacenter_proxy
ip_004063,residential
ip_004064,unknown
ip_004065,mobile_carrier
ip_004066,corporate_nat
ip_004067,mobile_carrier
ip_004068,unknown
ip_004069,datacenter_proxy
ip_004070,residential
ip_004071,residential
ip_004072,datacenter_proxy
ip_004073,residential
ip_004074,unknown
ip_004075,corporate_nat
ip_004076,residential
ip_004077,datacenter_proxy
ip_004078,datacenter_proxy
ip_004079,mobile_carrier
ip_004080,mobile_carrier
ip_004081,residential
ip_004082,datacenter_proxy
ip_004083,datacenter_proxy
ip_004084,residential
ip_004085,corporate_nat
ip_004086,corporate_nat
ip_004087,corporate_nat
ip_004088,unknown
ip_004089,residential
ip_004090,mobile_carrier
ip_004091,mobile_carrier
ip_004092,corporate_nat
ip_004093,mobile_carrier
ip_004094,datacenter_proxy
ip_004095,unknown
ip_004096,corporate_nat
ip_004097,datacenter_proxy
ip_004098,datacenter_proxy
ip_004099,corporate_nat
ip_004100,mobile_carrier
ip_004101,corporate_nat
ip_004102,corporate_nat
ip_004103,residential
ip_004104,unknown
ip_004105,mobile_carrier
ip_004106,unknown
ip_004107,corporate_nat
ip_004108,unknown
ip_004109,mobile_carrier
ip_004110,unknown
ip_004111,unknown
ip_004112,unknown
ip_004113,datacenter_proxy
ip_004114,corporate_nat
ip_004115,mobile_carrier
ip_004116,unknown
ip_004117,datacenter_proxy
ip_004118,corporate_nat
ip_004119,datacenter_proxy
ip_004120,corporate_nat
ip_004121,unknown
ip_004122,unknown
ip_004123,corporate_nat
ip_004124,corporate_nat
ip_004125,mobile_carrier
ip_004126,datacenter_proxy
ip_004127,residential
ip_004128,corporate_nat
ip_004129,mobile_carrier
ip_004130,residential
ip_004131,unknown
ip_004132,corporate_nat
ip_004133,unknown
ip_004134,unknown
ip_004135,datacenter_proxy
ip_004136,datacenter_proxy
ip_004137,corporate_nat
ip_004138,unknown
ip_004139,unknown
ip_004140,mobile_carrier
ip_004141,datacenter_proxy
ip_004142,mobile_carrier
ip_004143,unknown
ip_004144,mobile_carrier
ip_004145,mobile_carrier
ip_004146,corporate_nat
ip_004147,datacenter_proxy
ip_004148,corporate_nat
ip_004149,unknown
ip_004150,unknown
ip_004151,corporate_nat
ip_004152,mobile_carrier
ip_004153,datacenter_proxy
ip_004154,mobile_carrier
ip_004155,corporate_nat
ip_004156,corporate_nat
ip_004157,unknown
ip_004158,residential
ip_004159,unknown
ip_004160,unknown
ip_004161,datacenter_proxy
ip_004162,datacenter_proxy
ip_004163,datacenter_proxy
ip_004164,corporate_nat
ip_004165,corporate_nat
ip_004166,datacenter_proxy
ip_004167,corporate_nat
ip_004168,mobile_carrier
ip_004169,corporate_nat
ip_004170,corporate_nat
ip_004171,mobile_carrier
ip_004172,residential
ip_004173,datacenter_proxy
ip_004174,corporate_nat
ip_004175,residential
ip_004176,residential
ip_004177,datacenter_proxy
ip_004178,datacenter_proxy
ip_004179,corporate_nat
ip_004180,corporate_nat
ip_004181,mobile_carrier
ip_004182,residential
ip_004183,residential
ip_004184,mobile_carrier
ip_004185,corporate_nat
ip_004186,residential
ip_004187,mobile_carrier
ip_004188,datacenter_proxy
ip_004189,corporate_nat
ip_004190,mobile_carrier
ip_004191,mobile_carrier
ip_004192,corporate_nat
ip_004193,datacenter_proxy
ip_004194,corporate_nat
ip_004195,datacenter_proxy
ip_004196,corporate_nat
ip_004197,unknown
ip_004198,unknown
ip_004199,datacenter_proxy
ip_004200,corporate_nat
ip_004201,corporate_nat
ip_004202,corporate_nat
ip_004203,mobile_carrier
ip_004204,datacenter_proxy
ip_004205,residential
ip_004206,mobile_carrier
ip_004207,mobile_carrier
ip_004208,mobile_carrier
ip_004209,mobile_carrier
ip_004210,mobile_carrier
ip_004211,residential
ip_004212,mobile_carrier
ip_004213,corporate_nat
ip_004214,mobile_carrier
ip_004215,mobile_carrier
ip_004216,corporate_nat
ip_004217,residential
ip_004218,residential
ip_004219,residential
ip_004220,datacenter_proxy
ip_004221,mobile_carrier
ip_004222,mobile_carrier
ip_004223,unknown
ip_004224,mobile_carrier
ip_004225,mobile_carrier
ip_004226,unknown
ip_004227,mobile_carrier
ip_004228,datacenter_proxy
ip_004229,mobile_carrier
ip_004230,corporate_nat
ip_004231,residential
ip_004232,unknown
ip_004233,unknown
ip_004234,mobile_carrier
ip_004235,corporate_nat
ip_004236,mobile_carrier
ip_004237,datacenter_proxy
ip_004238,corporate_nat
ip_004239,unknown
ip_004240,residential
ip_004241,mobile_carrier
ip_004242,residential
ip_004243,corporate_nat
ip_004244,unknown
ip_004245,residential
ip_004246,residential
ip_004247,datacenter_proxy
ip_004248,mobile_carrier
ip_004249,datacenter_proxy
ip_004250,unknown
ip_004251,corporate_nat
ip_004252,mobile_carrier
ip_004253,datacenter_proxy
ip_004254,mobile_carrier
ip_004255,corporate_nat
ip_004256,unknown
ip_004257,unknown
ip_004258,unknown
ip_004259,datacenter_proxy
ip_004260,corporate_nat
ip_004261,mobile_carrier
ip_004262,datacenter_proxy
ip_004263,corporate_nat
ip_004264,mobile_carrier
ip_004265,corporate_nat
ip_004266,unknown
ip_004267,unknown
ip_004268,unknown
ip_004269,datacenter_proxy
ip_004270,mobile_carrier
ip_004271,unknown
ip_004272,residential
ip_004273,mobile_carrier
ip_004274,corporate_nat
ip_004275,residential
ip_004276,residential
ip_004277,datacenter_proxy
ip_004278,mobile_carrier
ip_004279,residential
ip_004280,mobile_carrier
ip_004281,mobile_carrier
ip_004282,residential
ip_004283,unknown
ip_004284,corporate_nat
ip_004285,mobile_carrier
ip_004286,datacenter_proxy
ip_004287,unknown
ip_004288,corporate_nat
ip_004289,corporate_nat
ip_004290,residential
ip_004291,mobile_carrier
ip_004292,datacenter_proxy
ip_004293,unknown
ip_004294,corporate_nat
ip_004295,mobile_carrier
ip_004296,mobile_carrier
ip_004297,corporate_nat
ip_004298,residential
ip_004299,residential
ip_004300,unknown
ip_004301,residential
ip_004302,corporate_nat
ip_004303,mobile_carrier
ip_004304,datacenter_proxy
ip_004305,mobile_carrier
ip_004306,corporate_nat
ip_004307,datacenter_proxy
ip_004308,unknown
ip_004309,datacenter_proxy
ip_004310,corporate_nat
ip_004311,mobile_carrier
ip_004312,corporate_nat
ip_004313,residential
ip_004314,residential
ip_004315,mobile_carrier
ip_004316,datacenter_proxy
ip_004317,residential
ip_004318,datacenter_proxy
ip_004319,datacenter_proxy
ip_004320,unknown
ip_004321,datacenter_proxy
ip_004322,residential
ip_004323,residential
ip_004324,datacenter_proxy
ip_004325,unknown
ip_004326,datacenter_proxy
ip_004327,corporate_nat
ip_004328,datacenter_proxy
ip_004329,mobile_carrier
ip_004330,unknown
ip_004331,residential
ip_004332,corporate_nat
ip_004333,residential
ip_004334,unknown
ip_004335,datacenter_proxy
ip_004336,unknown
ip_004337,residential
ip_004338,datacenter_proxy
ip_004339,mobile_carrier
ip_004340,residential
ip_004341,datacenter_proxy
ip_004342,residential
ip_004343,mobile_carrier
ip_004344,datacenter_proxy
ip_004345,residential
ip_004346,mobile_carrier
ip_004347,unknown
ip_004348,residential
ip_004349,residential
ip_004350,residential
ip_004351,corporate_nat
ip_004352,mobile_carrier
ip_004353,residential
ip_004354,corporate_nat
ip_004355,corporate_nat
ip_004356,residential
ip_004357,datacenter_proxy
ip_004358,residential
ip_004359,residential
ip_004360,mobile_carrier
ip_004361,residential
ip_004362,corporate_nat
ip_004363,datacenter_proxy
ip_004364,corporate_nat
ip_004365,unknown
ip_004366,unknown
ip_004367,unknown
ip_004368,datacenter_proxy
ip_004369,unknown
ip_004370,corporate_nat
ip_004371,corporate_nat
ip_004372,residential
ip_004373,corporate_nat
ip_004374,residential
ip_004375,unknown
ip_004376,datacenter_proxy
ip_004377,residential
ip_004378,mobile_carrier
ip_004379,unknown
ip_004380,unknown
ip_004381,mobile_carrier
ip_004382,corporate_nat
ip_004383,mobile_carrier
ip_004384,residential
ip_004385,datacenter_proxy
ip_004386,unknown
ip_004387,datacenter_proxy
ip_004388,datacenter_proxy
ip_004389,unknown
ip_004390,unknown
ip_004391,datacenter_proxy
ip_004392,unknown
ip_004393,mobile_carrier
ip_004394,corporate_nat
ip_004395,residential
ip_004396,residential
ip_004397,residential
ip_004398,mobile_carrier
ip_004399,residential
ip_004400,mobile_carrier
ip_004401,mobile_carrier
ip_004402,corporate_nat
ip_004403,mobile_carrier
ip_004404,datacenter_proxy
ip_004405,residential
ip_004406,datacenter_proxy
ip_004407,corporate_nat
ip_004408,datacenter_proxy
ip_004409,corporate_nat
ip_004410,corporate_nat
ip_004411,unknown
ip_004412,datacenter_proxy
ip_004413,residential
ip_004414,mobile_carrier
ip_004415,unknown
ip_004416,mobile_carrier
ip_004417,corporate_nat
ip_004418,unknown
ip_004419,mobile_carrier
ip_004420,unknown
ip_004421,unknown
ip_004422,mobile_carrier
ip_004423,datacenter_proxy
ip_004424,mobile_carrier
ip_004425,datacenter_proxy
ip_004426,datacenter_proxy
ip_004427,corporate_nat
ip_004428,datacenter_proxy
ip_004429,unknown
ip_004430,unknown
ip_004431,corporate_nat
ip_004432,unknown
ip_004433,corporate_nat
ip_004434,residential
ip_004435,mobile_carrier
ip_004436,mobile_carrier
ip_004437,datacenter_proxy
ip_004438,datacenter_proxy
ip_004439,unknown
ip_004440,datacenter_proxy
ip_004441,unknown
ip_004442,unknown
ip_004443,corporate_nat
ip_004444,datacenter_proxy
ip_004445,datacenter_proxy
ip_004446,datacenter_proxy
ip_004447,residential
ip_004448,datacenter_proxy
ip_004449,mobile_carrier
ip_004450,residential
ip_004451,residential
ip_004452,mobile_carrier
ip_004453,unknown
ip_004454,corporate_nat
ip_004455,unknown
ip_004456,mobile_carrier
ip_004457,unknown
ip_004458,residential
ip_004459,mobile_carrier
ip_004460,residential
ip_004461,mobile_carrier
ip_004462,corporate_nat
ip_004463,unknown
ip_004464,residential
ip_004465,corporate_nat
ip_004466,mobile_carrier
ip_004467,datacenter_proxy
ip_004468,residential
ip_004469,corporate_nat
ip_004470,unknown
ip_004471,mobile_carrier
ip_004472,unknown
ip_004473,datacenter_proxy
ip_004474,unknown
ip_004475,datacenter_proxy
ip_004476,datacenter_proxy
ip_004477,residential
ip_004478,unknown
ip_004479,datacenter_proxy
ip_004480,corporate_nat
ip_004481,mobile_carrier
ip_004482,mobile_carrier
ip_004483,datacenter_proxy
ip_004484,datacenter_proxy
ip_004485,residential
ip_004486,datacenter_proxy
ip_004487,mobile_carrier
ip_004488,residential
ip_004489,corporate_nat
ip_004490,residential
ip_004491,residential
ip_004492,residential
ip_004493,unknown
ip_004494,mobile_carrier
ip_004495,corporate_nat
ip_004496,datacenter_proxy
ip_004497,corporate_nat
ip_004498,corporate_nat
ip_004499,datacenter_proxy
ip_004500,mobile_carrier
ip_004501,mobile_carrier
ip_004502,residential
ip_004503,unknown
ip_004504,residential
ip_004505,corporate_nat
ip_004506,mobile_carrier
ip_004507,mobile_carrier
ip_004508,unknown
ip_004509,mobile_carrier
ip_004510,residential
ip_004511,unknown
ip_004512,mobile_carrier
ip_004513,unknown
ip_004514,corporate_nat
ip_004515,mobile_carrier
ip_004516,datacenter_proxy
ip_004517,mobile_carrier
ip_004518,corporate_nat
ip_004519,mobile_carrier
ip_004520,corporate_nat
ip_004521,mobile_carrier
ip_004522,corporate_nat
ip_004523,datacenter_proxy
ip_004524,datacenter_proxy
ip_004525,unknown
ip_004526,mobile_carrier
ip_004527,residential
ip_004528,datacenter_proxy
ip_004529,datacenter_proxy
ip_004530,mobile_carrier
ip_004531,mobile_carrier
ip_004532,datacenter_proxy
ip_004533,corporate_nat
ip_004534,datacenter_proxy
ip_004535,mobile_carrier
ip_004536,unknown
ip_004537,mobile_carrier
ip_004538,corporate_nat
ip_004539,mobile_carrier
ip_004540,residential
ip_004541,corporate_nat
ip_004542,corporate_nat
ip_004543,mobile_carrier
ip_004544,unknown
ip_004545,mobile_carrier
ip_004546,datacenter_proxy
ip_004547,datacenter_proxy
ip_004548,unknown
ip_004549,residential
ip_004550,residential
ip_004551,datacenter_proxy
ip_004552,mobile_carrier
ip_004553,corporate_nat
ip_004554,corporate_nat
ip_004555,datacenter_proxy
ip_004556,unknown
ip_004557,corporate_nat
ip_004558,unknown
ip_004559,mobile_carrier
ip_004560,unknown
ip_004561,datacenter_proxy
ip_004562,mobile_carrier
ip_004563,corporate_nat
ip_004564,corporate_nat
ip_004565,unknown
ip_004566,datacenter_proxy
ip_004567,datacenter_proxy
ip_004568,mobile_carrier
ip_004569,unknown
ip_004570,unknown
ip_004571,unknown
ip_004572,residential
ip_004573,corporate_nat
ip_004574,residential
ip_004575,corporate_nat
ip_004576,unknown
ip_004577,mobile_carrier
ip_004578,mobile_carrier
ip_004579,residential
ip_004580,datacenter_proxy
ip_004581,residential
ip_004582,residential
ip_004583,unknown
ip_004584,mobile_carrier
ip_004585,residential
ip_004586,mobile_carrier
ip_004587,unknown
ip_004588,residential
ip_004589,corporate_nat
ip_004590,mobile_carrier
ip_004591,corporate_nat
ip_004592,datacenter_proxy
ip_004593,unknown
ip_004594,mobile_carrier
ip_004595,datacenter_proxy
ip_004596,mobile_carrier
ip_004597,corporate_nat
ip_004598,unknown
ip_004599,mobile_carrier
ip_004600,residential
ip_004601,corporate_nat
ip_004602,unknown
ip_004603,datacenter_proxy
ip_004604,datacenter_proxy
ip_004605,corporate_nat
ip_004606,mobile_carrier
ip_004607,corporate_nat
ip_004608,unknown
ip_004609,mobile_carrier
ip_004610,datacenter_proxy
ip_004611,residential
ip_004612,mobile_carrier
ip_004613,corporate_nat
ip_004614,datacenter_proxy
ip_004615,corporate_nat
ip_004616,residential
ip_004617,mobile_carrier
ip_004618,residential
ip_004619,unknown
ip_004620,mobile_carrier
ip_004621,corporate_nat
ip_004622,residential
ip_004623,datacenter_proxy
ip_004624,corporate_nat
ip_004625,corporate_nat
ip_004626,mobile_carrier
ip_004627,datacenter_proxy
ip_004628,residential
ip_004629,residential
ip_004630,unknown
ip_004631,unknown
ip_004632,datacenter_proxy
ip_004633,unknown
ip_004634,datacenter_proxy
ip_004635,corporate_nat
ip_004636,datacenter_proxy
ip_004637,corporate_nat
ip_004638,unknown
ip_004639,corporate_nat
ip_004640,datacenter_proxy
ip_004641,mobile_carrier
ip_004642,unknown
ip_004643,corporate_nat
ip_004644,corporate_nat
ip_004645,unknown
ip_004646,residential
ip_004647,mobile_carrier
ip_004648,residential
ip_004649,unknown
ip_004650,residential
ip_004651,datacenter_proxy
ip_004652,residential
ip_004653,datacenter_proxy
ip_004654,residential
ip_004655,corporate_nat
ip_004656,corporate_nat
ip_004657,corporate_nat
ip_004658,residential
ip_004659,unknown
ip_004660,mobile_carrier
ip_004661,mobile_carrier
ip_004662,mobile_carrier
ip_004663,residential
ip_004664,unknown
ip_004665,mobile_carrier
ip_004666,corporate_nat
ip_004667,datacenter_proxy
ip_004668,datacenter_proxy
ip_004669,residential
ip_004670,corporate_nat
ip_004671,residential
ip_004672,unknown
ip_004673,corporate_nat
ip_004674,residential
ip_004675,corporate_nat
ip_004676,datacenter_proxy
ip_004677,unknown
ip_004678,unknown
ip_004679,residential
ip_004680,corporate_nat
ip_004681,residential
ip_004682,residential
ip_004683,unknown
ip_004684,corporate_nat
ip_004685,datacenter_proxy
ip_004686,datacenter_proxy
ip_004687,datacenter_proxy
ip_004688,datacenter_proxy
ip_004689,datacenter_proxy
ip_004690,datacenter_proxy
ip_004691,datacenter_proxy
ip_004692,corporate_nat
ip_004693,datacenter_proxy
ip_004694,mobile_carrier
ip_004695,datacenter_proxy
ip_004696,datacenter_proxy
ip_004697,mobile_carrier
ip_004698,mobile_carrier
ip_004699,mobile_carrier
ip_004700,mobile_carrier
ip_004701,mobile_carrier
ip_004702,unknown
ip_004703,residential
ip_004704,corporate_nat
ip_004705,mobile_carrier
ip_004706,unknown
ip_004707,residential
ip_004708,unknown
ip_004709,mobile_carrier
ip_004710,mobile_carrier
ip_004711,corporate_nat
ip_004712,mobile_carrier
ip_004713,residential
ip_004714,residential
ip_004715,residential
ip_004716,corporate_nat
ip_004717,datacenter_proxy
ip_004718,unknown
ip_004719,corporate_nat
ip_004720,unknown
ip_004721,mobile_carrier
ip_004722,mobile_carrier
ip_004723,corporate_nat
ip_004724,corporate_nat
ip_004725,residential
ip_004726,unknown
ip_004727,unknown
ip_004728,corporate_nat
ip_004729,corporate_nat
ip_004730,corporate_nat
ip_004731,corporate_nat
ip_004732,residential
ip_004733,corporate_nat
ip_004734,mobile_carrier
ip_004735,residential
ip_004736,mobile_carrier
ip_004737,unknown
ip_004738,mobile_carrier
ip_004739,mobile_carrier
ip_004740,residential
ip_004741,datacenter_proxy
ip_004742,residential
ip_004743,corporate_nat
ip_004744,datacenter_proxy
ip_004745,mobile_carrier
ip_004746,residential
ip_004747,datacenter_proxy
ip_004748,corporate_nat
ip_004749,datacenter_proxy
ip_004750,residential
ip_004751,datacenter_proxy
ip_004752,datacenter_proxy
ip_004753,mobile_carrier
ip_004754,residential
ip_004755,mobile_carrier
ip_004756,residential
ip_004757,mobile_carrier
ip_004758,mobile_carrier
ip_004759,unknown
ip_004760,datacenter_proxy
ip_004761,datacenter_proxy
ip_004762,corporate_nat
ip_004763,residential
ip_004764,datacenter_proxy
ip_004765,mobile_carrier
ip_004766,unknown
ip_004767,corporate_nat
ip_004768,mobile_carrier
ip_004769,corporate_nat
ip_004770,datacenter_proxy
ip_004771,unknown
ip_004772,datacenter_proxy
ip_004773,corporate_nat
ip_004774,residential
ip_004775,corporate_nat
ip_004776,unknown
ip_004777,mobile_carrier
ip_004778,residential
ip_004779,datacenter_proxy
ip_004780,unknown
ip_004781,mobile_carrier
ip_004782,datacenter_proxy
ip_004783,corporate_nat
ip_004784,mobile_carrier
ip_004785,corporate_nat
ip_004786,residential
ip_004787,corporate_nat
ip_004788,corporate_nat
ip_004789,mobile_carrier
ip_004790,unknown
ip_004791,unknown
ip_004792,corporate_nat
ip_004793,datacenter_proxy
ip_004794,datacenter_proxy
ip_004795,residential
ip_004796,corporate_nat
ip_004797,mobile_carrier
ip_004798,unknown
ip_004799,corporate_nat
ip_004800,unknown
ip_004801,mobile_carrier
ip_004802,unknown
ip_004803,unknown
ip_004804,unknown
ip_004805,residential
ip_004806,unknown
ip_004807,unknown
ip_004808,mobile_carrier
ip_004809,unknown
ip_004810,mobile_carrier
ip_004811,residential
ip_004812,datacenter_proxy
ip_004813,mobile_carrier
ip_004814,unknown
ip_004815,unknown
ip_004816,residential
ip_004817,unknown
ip_004818,mobile_carrier
ip_004819,mobile_carrier
ip_004820,datacenter_proxy
ip_004821,mobile_carrier
ip_004822,mobile_carrier
ip_004823,datacenter_proxy
ip_004824,mobile_carrier
ip_004825,mobile_carrier
ip_004826,corporate_nat
ip_004827,corporate_nat
ip_004828,unknown
ip_004829,residential
ip_004830,residential
ip_004831,mobile_carrier
ip_004832,residential
ip_004833,mobile_carrier
ip_004834,corporate_nat
ip_004835,mobile_carrier
ip_004836,corporate_nat
ip_004837,unknown
ip_004838,datacenter_proxy
ip_004839,datacenter_proxy
ip_004840,unknown
ip_004841,mobile_carrier
ip_004842,mobile_carrier
ip_004843,mobile_carrier
ip_004844,datacenter_proxy
ip_004845,residential
ip_004846,residential
ip_004847,unknown
ip_004848,unknown
ip_004849,datacenter_proxy
ip_004850,datacenter_proxy
ip_004851,unknown
ip_004852,mobile_carrier
ip_004853,residential
ip_004854,residential
ip_004855,mobile_carrier
ip_004856,datacenter_proxy
ip_004857,datacenter_proxy
ip_004858,residential
ip_004859,unknown
ip_004860,corporate_nat
ip_004861,datacenter_proxy
ip_004862,datacenter_proxy
ip_004863,corporate_nat
ip_004864,mobile_carrier
ip_004865,residential
ip_004866,corporate_nat
ip_004867,unknown
ip_004868,residential
ip_004869,residential
ip_004870,mobile_carrier
ip_004871,residential
ip_004872,datacenter_proxy
ip_004873,datacenter_proxy
ip_004874,residential
ip_004875,datacenter_proxy
ip_004876,corporate_nat
ip_004877,mobile_carrier
ip_004878,datacenter_proxy
ip_004879,residential
ip_004880,corporate_nat
ip_004881,residential
ip_004882,datacenter_proxy
ip_004883,residential
ip_004884,corporate_nat
ip_004885,mobile_carrier
ip_004886,residential
ip_004887,datacenter_proxy
ip_004888,unknown
ip_004889,unknown
ip_004890,corporate_nat
ip_004891,residential
ip_004892,datacenter_proxy
ip_004893,mobile_carrier
ip_004894,mobile_carrier
ip_004895,datacenter_proxy
ip_004896,mobile_carrier
ip_004897,corporate_nat
ip_004898,datacenter_proxy
ip_004899,mobile_carrier
ip_004900,mobile_carrier
ip_004901,corporate_nat
ip_004902,unknown
ip_004903,corporate_nat
ip_004904,corporate_nat
ip_004905,unknown
ip_004906,datacenter_proxy
ip_004907,datacenter_proxy
ip_004908,unknown
ip_004909,mobile_carrier
ip_004910,residential
ip_004911,mobile_carrier
ip_004912,residential
ip_004913,datacenter_proxy
ip_004914,datacenter_proxy
ip_004915,unknown
ip_004916,unknown
ip_004917,residential
ip_004918,mobile_carrier
ip_004919,mobile_carrier
ip_004920,datacenter_proxy
ip_004921,residential
ip_004922,mobile_carrier
ip_004923,mobile_carrier
ip_004924,datacenter_proxy
ip_004925,datacenter_proxy
ip_004926,residential
ip_004927,datacenter_proxy
ip_004928,datacenter_proxy
ip_004929,unknown
ip_004930,unknown
ip_004931,mobile_carrier
ip_004932,residential
ip_004933,unknown
ip_004934,corporate_nat
ip_004935,datacenter_proxy
ip_004936,corporate_nat
ip_004937,datacenter_proxy
ip_004938,mobile_carrier
ip_004939,datacenter_proxy
ip_004940,residential
ip_004941,mobile_carrier
ip_004942,unknown
ip_004943,mobile_carrier
ip_004944,mobile_carrier
ip_004945,residential
ip_004946,datacenter_proxy
ip_004947,residential
ip_004948,residential
ip_004949,corporate_nat
ip_004950,corporate_nat
ip_004951,unknown
ip_004952,mobile_carrier
ip_004953,datacenter_proxy
ip_004954,corporate_nat
ip_004955,corporate_nat
ip_004956,corporate_nat
ip_004957,mobile_carrier
ip_004958,mobile_carrier
ip_004959,residential
ip_004960,unknown
ip_004961,corporate_nat
ip_004962,mobile_carrier
ip_004963,datacenter_proxy
ip_004964,unknown
ip_004965,datacenter_proxy
ip_004966,residential
ip_004967,unknown
ip_004968,corporate_nat
ip_004969,residential
ip_004970,corporate_nat
ip_004971,datacenter_proxy
ip_004972,unknown
ip_004973,datacenter_proxy
ip_004974,mobile_carrier
ip_004975,unknown
ip_004976,datacenter_proxy
ip_004977,unknown
ip_004978,datacenter_proxy
ip_004979,unknown
ip_004980,mobile_carrier
ip_004981,unknown
ip_004982,datacenter_proxy
ip_004983,unknown
ip_004984,unknown
ip_004985,unknown
ip_004986,datacenter_proxy
ip_004987,corporate_nat
ip_004988,residential
ip_004989,unknown
ip_004990,datacenter_proxy
ip_004991,corporate_nat
ip_004992,residential
ip_004993,mobile_carrier
ip_004994,corporate_nat
ip_004995,datacenter_proxy
ip_004996,residential
ip_004997,mobile_carrier
ip_004998,corporate_nat
ip_004999,datacenter_proxy
ip_005000,unknown
ip_005001,corporate_nat
ip_005002,corporate_nat
ip_005003,mobile_carrier
ip_005004,unknown
ip_005005,residential
ip_005006,datacenter_proxy
ip_005007,mobile_carrier
ip_005008,corporate_nat
ip_005009,corporate_nat
ip_005010,residential
ip_005011,residential
ip_005012,corporate_nat
ip_005013,datacenter_proxy
ip_005014,mobile_carrier
ip_005015,datacenter_proxy
ip_005016,unknown
ip_005017,residential
ip_005018,residential
ip_005019,datacenter_proxy
ip_005020,datacenter_proxy
ip_005021,corporate_nat
ip_005022,residential
ip_005023,unknown
ip_005024,residential
ip_005025,unknown
ip_005026,unknown
ip_005027,datacenter_proxy
ip_005028,corporate_nat
ip_005029,datacenter_proxy
ip_005030,residential
ip_005031,unknown
ip_005032,mobile_carrier
ip_005033,mobile_carrier
ip_005034,corporate_nat
ip_005035,datacenter_proxy
ip_005036,residential
ip_005037,datacenter_proxy
ip_005038,corporate_nat
ip_005039,corporate_nat
ip_005040,corporate_nat
ip_005041,residential
ip_005042,datacenter_proxy
ip_005043,corporate_nat
ip_005044,mobile_carrier
ip_005045,datacenter_proxy
ip_005046,datacenter_proxy
ip_005047,corporate_nat
ip_005048,mobile_carrier
ip_005049,datacenter_proxy
ip_005050,datacenter_proxy
ip_005051,mobile_carrier
ip_005052,datacenter_proxy
ip_005053,unknown
ip_005054,mobile_carrier
ip_005055,corporate_nat
ip_005056,unknown
ip_005057,unknown
ip_005058,mobile_carrier
ip_005059,residential
ip_005060,residential
ip_005061,mobile_carrier
ip_005062,residential
ip_005063,residential
ip_005064,corporate_nat
ip_005065,corporate_nat
ip_005066,datacenter_proxy
ip_005067,corporate_nat
ip_005068,residential
ip_005069,corporate_nat
ip_005070,corporate_nat
ip_005071,mobile_carrier
ip_005072,unknown
ip_005073,corporate_nat
ip_005074,datacenter_proxy
ip_005075,mobile_carrier
ip_005076,datacenter_proxy
ip_005077,corporate_nat
ip_005078,mobile_carrier
ip_005079,corporate_nat
ip_005080,corporate_nat
ip_005081,mobile_carrier
ip_005082,datacenter_proxy
ip_005083,residential
ip_005084,residential
ip_005085,unknown
ip_005086,unknown
ip_005087,corporate_nat
ip_005088,residential
ip_005089,corporate_nat
ip_005090,unknown
ip_005091,residential
ip_005092,datacenter_proxy
ip_005093,unknown
ip_005094,mobile_carrier
ip_005095,unknown
ip_005096,datacenter_proxy
ip_005097,corporate_nat
ip_005098,residential
ip_005099,unknown
ip_005100,mobile_carrier
ip_005101,corporate_nat
ip_005102,residential
ip_005103,residential
ip_005104,residential
ip_005105,corporate_nat
ip_005106,unknown
ip_005107,residential
ip_005108,datacenter_proxy
ip_005109,datacenter_proxy
ip_005110,unknown
ip_005111,residential
ip_005112,corporate_nat
ip_005113,datacenter_proxy
ip_005114,datacenter_proxy
ip_005115,datacenter_proxy
ip_005116,datacenter_proxy
ip_005117,corporate_nat
ip_005118,datacenter_proxy
ip_005119,unknown
ip_005120,mobile_carrier
ip_005121,datacenter_proxy
ip_005122,corporate_nat
ip_005123,unknown
ip_005124,residential
ip_005125,corporate_nat
ip_005126,corporate_nat
ip_005127,datacenter_proxy
ip_005128,mobile_carrier
ip_005129,unknown
ip_005130,unknown
ip_005131,mobile_carrier
ip_005132,mobile_carrier
ip_005133,residential
ip_005134,corporate_nat
ip_005135,corporate_nat
ip_005136,datacenter_proxy
ip_005137,unknown
ip_005138,residential
ip_005139,corporate_nat
ip_005140,unknown
ip_005141,mobile_carrier
ip_005142,residential
ip_005143,corporate_nat
ip_005144,datacenter_proxy
ip_005145,mobile_carrier
ip_005146,corporate_nat
ip_005147,mobile_carrier
ip_005148,corporate_nat
ip_005149,residential
ip_005150,corporate_nat
ip_005151,corporate_nat
ip_005152,mobile_carrier
ip_005153,mobile_carrier
ip_005154,corporate_nat
ip_005155,datacenter_proxy
ip_005156,mobile_carrier
ip_005157,datacenter_proxy
ip_005158,datacenter_proxy
ip_005159,residential
ip_005160,unknown
ip_005161,mobile_carrier
ip_005162,residential
ip_005163,corporate_nat
ip_005164,residential
ip_005165,mobile_carrier
ip_005166,datacenter_proxy
ip_005167,unknown
ip_005168,datacenter_proxy
ip_005169,unknown
ip_005170,residential
ip_005171,datacenter_proxy
ip_005172,residential
ip_005173,corporate_nat
ip_005174,datacenter_proxy
ip_005175,mobile_carrier
ip_005176,corporate_nat
ip_005177,mobile_carrier
ip_005178,unknown
ip_005179,mobile_carrier
ip_005180,unknown
ip_005181,unknown
ip_005182,residential
ip_005183,unknown
ip_005184,mobile_carrier
ip_005185,corporate_nat
ip_005186,unknown
ip_005187,unknown
ip_005188,corporate_nat
ip_005189,unknown
ip_005190,unknown
ip_005191,corporate_nat
ip_005192,residential
ip_005193,residential
ip_005194,mobile_carrier
ip_005195,residential
ip_005196,mobile_carrier
ip_005197,unknown
ip_005198,datacenter_proxy
ip_005199,datacenter_proxy
ip_005200,datacenter_proxy
ip_005201,datacenter_proxy
ip_005202,mobile_carrier
ip_005203,unknown
ip_005204,residential
ip_005205,corporate_nat
ip_005206,datacenter_proxy
ip_005207,residential
ip_005208,datacenter_proxy
ip_005209,mobile_carrier
ip_005210,datacenter_proxy
ip_005211,datacenter_proxy
ip_005212,mobile_carrier
ip_005213,corporate_nat
ip_005214,unknown
ip_005215,corporate_nat
ip_005216,corporate_nat
ip_005217,datacenter_proxy
ip_005218,residential
ip_005219,unknown
ip_005220,mobile_carrier
ip_005221,mobile_carrier
ip_005222,unknown
ip_005223,residential
ip_005224,corporate_nat
ip_005225,unknown
ip_005226,mobile_carrier
ip_005227,unknown
ip_005228,mobile_carrier
ip_005229,unknown
ip_005230,mobile_carrier
ip_005231,corporate_nat
ip_005232,mobile_carrier
ip_005233,mobile_carrier
ip_005234,datacenter_proxy
ip_005235,datacenter_proxy
ip_005236,datacenter_proxy
ip_005237,datacenter_proxy
ip_005238,residential
ip_005239,corporate_nat
ip_005240,unknown
ip_005241,unknown
ip_005242,datacenter_proxy
ip_005243,mobile_carrier
ip_005244,mobile_carrier
ip_005245,residential
ip_005246,residential
ip_005247,unknown
ip_005248,residential
ip_005249,mobile_carrier
ip_005250,unknown
ip_005251,mobile_carrier
ip_005252,datacenter_proxy
ip_005253,datacenter_proxy
ip_005254,unknown
ip_005255,corporate_nat
ip_005256,corporate_nat
ip_005257,corporate_nat
ip_005258,unknown
ip_005259,mobile_carrier
ip_005260,unknown
ip_005261,corporate_nat
ip_005262,datacenter_proxy
ip_005263,residential
ip_005264,residential
ip_005265,unknown
ip_005266,mobile_carrier
ip_005267,residential
ip_005268,corporate_nat
ip_005269,datacenter_proxy
ip_005270,residential
ip_005271,datacenter_proxy
ip_005272,datacenter_proxy
ip_005273,residential
ip_005274,unknown
ip_005275,mobile_carrier
ip_005276,corporate_nat
ip_005277,datacenter_proxy
ip_005278,residential
ip_005279,unknown
ip_005280,datacenter_proxy
ip_005281,unknown
ip_005282,residential
ip_005283,datacenter_proxy
ip_005284,corporate_nat
ip_005285,residential
ip_005286,corporate_nat
ip_005287,residential
ip_005288,corporate_nat
ip_005289,corporate_nat
ip_005290,unknown
ip_005291,unknown
ip_005292,residential
ip_005293,residential
ip_005294,corporate_nat
ip_005295,residential
ip_005296,unknown
ip_005297,unknown
ip_005298,datacenter_proxy
ip_005299,datacenter_proxy
ip_005300,datacenter_proxy
ip_005301,datacenter_proxy
ip_005302,corporate_nat
ip_005303,datacenter_proxy
ip_005304,corporate_nat
ip_005305,residential
ip_005306,corporate_nat
ip_005307,datacenter_proxy
ip_005308,corporate_nat
ip_005309,mobile_carrier
ip_005310,mobile_carrier
ip_005311,unknown
ip_005312,corporate_nat
ip_005313,datacenter_proxy
ip_005314,mobile_carrier
ip_005315,datacenter_proxy
ip_005316,datacenter_proxy
ip_005317,residential
ip_005318,datacenter_proxy
ip_005319,residential
ip_005320,unknown
ip_005321,residential
ip_005322,mobile_carrier
ip_005323,datacenter_proxy
ip_005324,mobile_carrier
ip_005325,datacenter_proxy
ip_005326,mobile_carrier
ip_005327,corporate_nat
ip_005328,unknown
ip_005329,datacenter_proxy
ip_005330,datacenter_proxy
ip_005331,datacenter_proxy
ip_005332,residential
ip_005333,mobile_carrier
ip_005334,mobile_carrier
ip_005335,datacenter_proxy
ip_005336,datacenter_proxy
ip_005337,corporate_nat
ip_005338,unknown
ip_005339,corporate_nat
ip_005340,residential
ip_005341,datacenter_proxy
ip_005342,mobile_carrier
ip_005343,unknown
ip_005344,residential
ip_005345,unknown
ip_005346,mobile_carrier
ip_005347,mobile_carrier
ip_005348,datacenter_proxy
ip_005349,unknown
ip_005350,unknown
ip_005351,datacenter_proxy
ip_005352,corporate_nat
ip_005353,residential
ip_005354,mobile_carrier
ip_005355,unknown
ip_005356,unknown
ip_005357,datacenter_proxy
ip_005358,unknown
ip_005359,residential
ip_005360,residential
ip_005361,corporate_nat
ip_005362,mobile_carrier
ip_005363,corporate_nat
ip_005364,residential
ip_005365,corporate_nat
ip_005366,unknown
ip_005367,corporate_nat
ip_005368,datacenter_proxy
ip_005369,datacenter_proxy
ip_005370,corporate_nat
ip_005371,mobile_carrier
ip_005372,mobile_carrier
ip_005373,datacenter_proxy
ip_005374,unknown
ip_005375,residential
ip_005376,residential
ip_005377,unknown
ip_005378,mobile_carrier
ip_005379,unknown
ip_005380,residential
ip_005381,mobile_carrier
ip_005382,residential
ip_005383,residential
ip_005384,mobile_carrier
ip_005385,datacenter_proxy
ip_005386,residential
ip_005387,mobile_carrier
ip_005388,unknown
ip_005389,datacenter_proxy
ip_005390,residential
ip_005391,residential
ip_005392,residential
ip_005393,residential
ip_005394,unknown
ip_005395,residential
ip_005396,residential
ip_005397,datacenter_proxy
ip_005398,corporate_nat
ip_005399,unknown
ip_005400,unknown
ip_005401,mobile_carrier
ip_005402,mobile_carrier
ip_005403,datacenter_proxy
ip_005404,datacenter_proxy
ip_005405,corporate_nat
ip_005406,mobile_carrier
ip_005407,datacenter_proxy
ip_005408,mobile_carrier
ip_005409,corporate_nat
ip_005410,datacenter_proxy
ip_005411,unknown
ip_005412,corporate_nat
ip_005413,unknown
ip_005414,residential
ip_005415,unknown
ip_005416,unknown
ip_005417,mobile_carrier
ip_005418,residential
ip_005419,corporate_nat
ip_005420,residential
ip_005421,unknown
ip_005422,unknown
ip_005423,mobile_carrier
ip_005424,unknown
ip_005425,datacenter_proxy
ip_005426,datacenter_proxy
ip_005427,residential
ip_005428,unknown
ip_005429,corporate_nat
ip_005430,corporate_nat
ip_005431,residential
ip_005432,corporate_nat
ip_005433,residential
ip_005434,mobile_carrier
ip_005435,mobile_carrier
ip_005436,corporate_nat
ip_005437,unknown
ip_005438,mobile_carrier
ip_005439,corporate_nat
ip_005440,mobile_carrier
ip_005441,residential
ip_005442,residential
ip_005443,residential
ip_005444,unknown
ip_005445,residential
ip_005446,corporate_nat
ip_005447,mobile_carrier
ip_005448,unknown
ip_005449,mobile_carrier
ip_005450,residential
ip_005451,unknown
ip_005452,mobile_carrier
ip_005453,corporate_nat
ip_005454,unknown
ip_005455,mobile_carrier
ip_005456,residential
ip_005457,corporate_nat
ip_005458,mobile_carrier
ip_005459,unknown
ip_005460,datacenter_proxy
ip_005461,unknown
ip_005462,unknown
ip_005463,unknown
ip_005464,residential
ip_005465,corporate_nat
ip_005466,corporate_nat
ip_005467,corporate_nat
ip_005468,unknown
ip_005469,unknown
ip_005470,datacenter_proxy
ip_005471,datacenter_proxy
ip_005472,datacenter_proxy
ip_005473,datacenter_proxy
ip_005474,datacenter_proxy
ip_005475,residential
ip_005476,datacenter_proxy
ip_005477,corporate_nat
ip_005478,unknown
ip_005479,unknown
ip_005480,mobile_carrier
ip_005481,residential
ip_005482,corporate_nat
ip_005483,mobile_carrier
ip_005484,residential
ip_005485,corporate_nat
ip_005486,unknown
ip_005487,unknown
ip_005488,datacenter_proxy
ip_005489,unknown
ip_005490,corporate_nat
ip_005491,unknown
ip_005492,datacenter_proxy
ip_005493,mobile_carrier
ip_005494,mobile_carrier
ip_005495,corporate_nat
ip_005496,residential
ip_005497,unknown
ip_005498,residential
ip_005499,unknown
ip_005500,corporate_nat
ip_005501,datacenter_proxy
ip_005502,corporate_nat
ip_005503,corporate_nat
ip_005504,unknown
ip_005505,corporate_nat
ip_005506,unknown
ip_005507,datacenter_proxy
ip_005508,residential
ip_005509,corporate_nat
ip_005510,datacenter_proxy
ip_005511,datacenter_proxy
ip_005512,corporate_nat
ip_005513,unknown
ip_005514,corporate_nat
ip_005515,residential
ip_005516,datacenter_proxy
ip_005517,residential
ip_005518,mobile_carrier
ip_005519,mobile_carrier
ip_005520,unknown
ip_005521,residential
ip_005522,unknown
ip_005523,mobile_carrier
ip_005524,residential
ip_005525,corporate_nat
ip_005526,corporate_nat
ip_005527,residential
ip_005528,residential
ip_005529,datacenter_proxy
ip_005530,unknown
ip_005531,datacenter_proxy
ip_005532,residential
ip_005533,mobile_carrier
ip_005534,datacenter_proxy
ip_005535,datacenter_proxy
ip_005536,datacenter_proxy
ip_005537,datacenter_proxy
ip_005538,datacenter_proxy
ip_005539,residential
ip_005540,unknown
ip_005541,corporate_nat
ip_005542,unknown
ip_005543,unknown
ip_005544,unknown
ip_005545,corporate_nat
ip_005546,residential
ip_005547,corporate_nat
ip_005548,residential
ip_005549,corporate_nat
ip_005550,unknown
ip_005551,datacenter_proxy
ip_005552,mobile_carrier
ip_005553,datacenter_proxy
ip_005554,mobile_carrier
ip_005555,residential
ip_005556,mobile_carrier
ip_005557,unknown
ip_005558,unknown
ip_005559,corporate_nat
ip_005560,corporate_nat
ip_005561,residential
ip_005562,corporate_nat
ip_005563,datacenter_proxy
ip_005564,residential
ip_005565,datacenter_proxy
ip_005566,datacenter_proxy
ip_005567,datacenter_proxy
ip_005568,unknown
ip_005569,datacenter_proxy
ip_005570,residential
ip_005571,unknown
ip_005572,corporate_nat
ip_005573,mobile_carrier
ip_005574,unknown
ip_005575,datacenter_proxy
ip_005576,corporate_nat
ip_005577,datacenter_proxy
ip_005578,mobile_carrier
ip_005579,mobile_carrier
ip_005580,datacenter_proxy
ip_005581,residential
ip_005582,corporate_nat
ip_005583,datacenter_proxy
ip_005584,mobile_carrier
ip_005585,unknown
ip_005586,datacenter_proxy
ip_005587,datacenter_proxy
ip_005588,mobile_carrier
ip_005589,mobile_carrier
ip_005590,residential
ip_005591,mobile_carrier
ip_005592,mobile_carrier
ip_005593,corporate_nat
ip_005594,datacenter_proxy
ip_005595,mobile_carrier
ip_005596,corporate_nat
ip_005597,mobile_carrier
ip_005598,datacenter_proxy
ip_005599,mobile_carrier
ip_005600,mobile_carrier
ip_005601,unknown
ip_005602,unknown
ip_005603,corporate_nat
ip_005604,mobile_carrier
ip_005605,corporate_nat
ip_005606,datacenter_proxy
ip_005607,unknown
ip_005608,unknown
ip_005609,residential
ip_005610,residential
ip_005611,unknown
ip_005612,mobile_carrier
ip_005613,residential
ip_005614,residential
ip_005615,residential
ip_005616,mobile_carrier
ip_005617,datacenter_proxy
ip_005618,datacenter_proxy
ip_005619,corporate_nat
ip_005620,corporate_nat
ip_005621,unknown
ip_005622,mobile_carrier
ip_005623,residential
ip_005624,mobile_carrier
ip_005625,datacenter_proxy
ip_005626,datacenter_proxy
ip_005627,mobile_carrier
ip_005628,datacenter_proxy
ip_005629,datacenter_proxy
ip_005630,residential
ip_005631,mobile_carrier
ip_005632,residential
ip_005633,datacenter_proxy
ip_005634,unknown
ip_005635,residential
ip_005636,unknown
ip_005637,unknown
ip_005638,corporate_nat
ip_005639,unknown
ip_005640,corporate_nat
ip_005641,residential
ip_005642,unknown
ip_005643,corporate_nat
ip_005644,mobile_carrier
ip_005645,datacenter_proxy
ip_005646,mobile_carrier
ip_005647,residential
ip_005648,corporate_nat
ip_005649,datacenter_proxy
ip_005650,mobile_carrier
ip_005651,unknown
ip_005652,datacenter_proxy
ip_005653,residential
ip_005654,corporate_nat
ip_005655,mobile_carrier
ip_005656,mobile_carrier
ip_005657,datacenter_proxy
ip_005658,corporate_nat
ip_005659,corporate_nat
ip_005660,corporate_nat
ip_005661,unknown
ip_005662,unknown
ip_005663,corporate_nat
ip_005664,corporate_nat
ip_005665,mobile_carrier
ip_005666,unknown
ip_005667,mobile_carrier
ip_005668,corporate_nat
ip_005669,mobile_carrier
ip_005670,mobile_carrier
ip_005671,datacenter_proxy
ip_005672,residential
ip_005673,mobile_carrier
ip_005674,residential
ip_005675,mobile_carrier
ip_005676,mobile_carrier
ip_005677,datacenter_proxy
ip_005678,unknown
ip_005679,corporate_nat
ip_005680,datacenter_proxy
ip_005681,corporate_nat
ip_005682,unknown
ip_005683,unknown
ip_005684,residential
ip_005685,corporate_nat
ip_005686,corporate_nat
ip_005687,mobile_carrier
ip_005688,corporate_nat
ip_005689,datacenter_proxy
ip_005690,residential
ip_005691,datacenter_proxy
ip_005692,residential
ip_005693,unknown
ip_005694,datacenter_proxy
ip_005695,corporate_nat
ip_005696,unknown
ip_005697,datacenter_proxy
ip_005698,unknown
ip_005699,datacenter_proxy
ip_005700,mobile_carrier
ip_005701,datacenter_proxy
ip_005702,datacenter_proxy
ip_005703,corporate_nat
ip_005704,corporate_nat
ip_005705,datacenter_proxy
ip_005706,residential
ip_005707,corporate_nat
ip_005708,unknown
ip_005709,mobile_carrier
ip_005710,mobile_carrier
ip_005711,datacenter_proxy
ip_005712,unknown
ip_005713,datacenter_proxy
ip_005714,corporate_nat
ip_005715,datacenter_proxy
ip_005716,unknown
ip_005717,residential
ip_005718,unknown
ip_005719,corporate_nat
ip_005720,residential
ip_005721,unknown
ip_005722,corporate_nat
ip_005723,corporate_nat
ip_005724,unknown
ip_005725,mobile_carrier
ip_005726,residential
ip_005727,corporate_nat
ip_005728,corporate_nat
ip_005729,corporate_nat
ip_005730,unknown
ip_005731,residential
ip_005732,datacenter_proxy
ip_005733,corporate_nat
ip_005734,mobile_carrier
ip_005735,corporate_nat
ip_005736,unknown
ip_005737,mobile_carrier
ip_005738,residential
ip_005739,unknown
ip_005740,mobile_carrier
ip_005741,mobile_carrier
ip_005742,mobile_carrier
ip_005743,mobile_carrier
ip_005744,mobile_carrier
ip_005745,residential
ip_005746,unknown
ip_005747,unknown
ip_005748,corporate_nat
ip_005749,mobile_carrier
ip_005750,unknown
ip_005751,unknown
ip_005752,corporate_nat
ip_005753,residential
ip_005754,mobile_carrier
ip_005755,residential
ip_005756,residential
ip_005757,corporate_nat
ip_005758,mobile_carrier
ip_005759,datacenter_proxy
ip_005760,corporate_nat
ip_005761,residential
ip_005762,corporate_nat
ip_005763,corporate_nat
ip_005764,unknown
ip_005765,corporate_nat
ip_005766,datacenter_proxy
ip_005767,datacenter_proxy
ip_005768,corporate_nat
ip_005769,mobile_carrier
ip_005770,mobile_carrier
ip_005771,unknown
ip_005772,residential
ip_005773,mobile_carrier
ip_005774,datacenter_proxy
ip_005775,unknown
ip_005776,unknown
ip_005777,datacenter_proxy
ip_005778,mobile_carrier
ip_005779,datacenter_proxy
ip_005780,residential
ip_005781,datacenter_proxy
ip_005782,unknown
ip_005783,unknown
ip_005784,datacenter_proxy
ip_005785,corporate_nat
ip_005786,residential
ip_005787,corporate_nat
ip_005788,corporate_nat
ip_005789,mobile_carrier
ip_005790,residential
ip_005791,unknown
ip_005792,datacenter_proxy
ip_005793,corporate_nat
ip_005794,unknown
ip_005795,datacenter_proxy
ip_005796,unknown
ip_005797,mobile_carrier
ip_005798,datacenter_proxy
ip_005799,mobile_carrier
ip_005800,corporate_nat
ip_005801,mobile_carrier
ip_005802,datacenter_proxy
ip_005803,datacenter_proxy
ip_005804,residential
ip_005805,unknown
ip_005806,unknown
ip_005807,corporate_nat
ip_005808,corporate_nat
ip_005809,residential
ip_005810,unknown
ip_005811,corporate_nat
ip_005812,mobile_carrier
ip_005813,unknown
ip_005814,datacenter_proxy
ip_005815,corporate_nat
ip_005816,unknown
ip_005817,unknown
ip_005818,mobile_carrier
ip_005819,datacenter_proxy
ip_005820,datacenter_proxy
ip_005821,corporate_nat
ip_005822,datacenter_proxy
ip_005823,corporate_nat
ip_005824,residential
ip_005825,datacenter_proxy
ip_005826,corporate_nat
ip_005827,corporate_nat
ip_005828,residential
ip_005829,unknown
ip_005830,mobile_carrier
ip_005831,datacenter_proxy
ip_005832,residential
ip_005833,residential
ip_005834,datacenter_proxy
ip_005835,corporate_nat
ip_005836,datacenter_proxy
ip_005837,corporate_nat
ip_005838,unknown
ip_005839,residential
ip_005840,corporate_nat
ip_005841,corporate_nat
ip_005842,datacenter_proxy
ip_005843,mobile_carrier
ip_005844,unknown
ip_005845,residential
ip_005846,unknown
ip_005847,mobile_carrier
ip_005848,datacenter_proxy
ip_005849,mobile_carrier
ip_005850,unknown
ip_005851,residential
ip_005852,residential
ip_005853,datacenter_proxy
ip_005854,corporate_nat
ip_005855,mobile_carrier
ip_005856,corporate_nat
ip_005857,residential
ip_005858,corporate_nat
ip_005859,residential
ip_005860,residential
ip_005861,residential
ip_005862,datacenter_proxy
ip_005863,datacenter_proxy
ip_005864,corporate_nat
ip_005865,datacenter_proxy
ip_005866,datacenter_proxy
ip_005867,corporate_nat
ip_005868,corporate_nat
ip_005869,unknown
ip_005870,mobile_carrier
ip_005871,mobile_carrier
ip_005872,mobile_carrier
ip_005873,mobile_carrier
ip_005874,residential
ip_005875,mobile_carrier
ip_005876,residential
ip_005877,unknown
ip_005878,mobile_carrier
ip_005879,datacenter_proxy
ip_005880,unknown
ip_005881,datacenter_proxy
ip_005882,corporate_nat
ip_005883,corporate_nat
ip_005884,unknown
ip_005885,mobile_carrier
ip_005886,residential
ip_005887,residential
ip_005888,residential
ip_005889,unknown
ip_005890,mobile_carrier
ip_005891,unknown
ip_005892,datacenter_proxy
ip_005893,residential
ip_005894,residential
ip_005895,datacenter_proxy
ip_005896,datacenter_proxy
ip_005897,residential
ip_005898,residential
ip_005899,corporate_nat
ip_005900,datacenter_proxy
ip_005901,residential
ip_005902,mobile_carrier
ip_005903,datacenter_proxy
ip_005904,unknown
ip_005905,residential
ip_005906,residential
ip_005907,datacenter_proxy
ip_005908,mobile_carrier
ip_005909,unknown
ip_005910,mobile_carrier
ip_005911,corporate_nat
ip_005912,unknown
ip_005913,unknown
ip_005914,residential
ip_005915,datacenter_proxy
ip_005916,corporate_nat
ip_005917,mobile_carrier
ip_005918,mobile_carrier
ip_005919,residential
ip_005920,residential
ip_005921,datacenter_proxy
ip_005922,datacenter_proxy
ip_005923,datacenter_proxy
ip_005924,unknown
ip_005925,unknown
ip_005926,mobile_carrier
ip_005927,mobile_carrier
ip_005928,datacenter_proxy
ip_005929,corporate_nat
ip_005930,corporate_nat
ip_005931,residential
ip_005932,datacenter_proxy
ip_005933,mobile_carrier
ip_005934,residential
ip_005935,corporate_nat
ip_005936,mobile_carrier
ip_005937,corporate_nat
ip_005938,corporate_nat
ip_005939,unknown
ip_005940,unknown
ip_005941,corporate_nat
ip_005942,mobile_carrier
ip_005943,mobile_carrier
ip_005944,mobile_carrier
ip_005945,residential
ip_005946,datacenter_proxy
ip_005947,residential
ip_005948,residential
ip_005949,residential
ip_005950,datacenter_proxy
ip_005951,corporate_nat
ip_005952,unknown
ip_005953,unknown
ip_005954,mobile_carrier
ip_005955,residential
ip_005956,corporate_nat
ip_005957,corporate_nat
ip_005958,residential
ip_005959,mobile_carrier
ip_005960,residential
ip_005961,datacenter_proxy
ip_005962,datacenter_proxy
ip_005963,datacenter_proxy
ip_005964,residential
ip_005965,mobile_carrier
ip_005966,unknown
ip_005967,mobile_carrier
ip_005968,corporate_nat
ip_005969,corporate_nat
ip_005970,corporate_nat
ip_005971,residential
ip_005972,datacenter_proxy
ip_005973,residential
ip_005974,mobile_carrier
ip_005975,datacenter_proxy
ip_005976,unknown
ip_005977,mobile_carrier
ip_005978,mobile_carrier
ip_005979,mobile_carrier
ip_005980,residential
ip_005981,corporate_nat
ip_005982,unknown
ip_005983,unknown
ip_005984,corporate_nat
ip_005985,mobile_carrier
ip_005986,unknown
ip_005987,corporate_nat
ip_005988,corporate_nat
ip_005989,residential
ip_005990,corporate_nat
ip_005991,unknown
ip_005992,unknown
ip_005993,residential
ip_005994,mobile_carrier
ip_005995,corporate_nat
ip_005996,residential
ip_005997,unknown
ip_005998,unknown
ip_005999,mobile_carrier
ip_006000,corporate_nat
ip_006001,residential
ip_006002,datacenter_proxy
ip_006003,datacenter_proxy
ip_006004,unknown
ip_006005,residential
ip_006006,residential
ip_006007,corporate_nat
ip_006008,datacenter_proxy
ip_006009,unknown
ip_006010,datacenter_proxy
ip_006011,corporate_nat
ip_006012,mobile_carrier
ip_006013,residential
ip_006014,mobile_carrier
ip_006015,residential
ip_006016,datacenter_proxy
ip_006017,corporate_nat
ip_006018,corporate_nat
ip_006019,mobile_carrier
ip_006020,unknown
ip_006021,residential
ip_006022,corporate_nat
ip_006023,unknown
ip_006024,mobile_carrier
ip_006025,corporate_nat
ip_006026,residential
ip_006027,corporate_nat
ip_006028,corporate_nat
ip_006029,mobile_carrier
ip_006030,residential
ip_006031,corporate_nat
ip_006032,datacenter_proxy
ip_006033,mobile_carrier
ip_006034,unknown
ip_006035,datacenter_proxy
ip_006036,corporate_nat
ip_006037,corporate_nat
ip_006038,unknown
ip_006039,corporate_nat
ip_006040,unknown
ip_006041,mobile_carrier
ip_006042,mobile_carrier
ip_006043,residential
ip_006044,corporate_nat
ip_006045,datacenter_proxy
ip_006046,datacenter_proxy
ip_006047,mobile_carrier
ip_006048,mobile_carrier
ip_006049,corporate_nat
ip_006050,unknown
ip_006051,unknown
ip_006052,unknown
ip_006053,mobile_carrier
ip_006054,corporate_nat
ip_006055,unknown
ip_006056,mobile_carrier
ip_006057,unknown
ip_006058,residential
ip_006059,corporate_nat
ip_006060,corporate_nat
ip_006061,residential
ip_006062,unknown
ip_006063,datacenter_proxy
ip_006064,mobile_carrier
ip_006065,residential
ip_006066,mobile_carrier
ip_006067,unknown
ip_006068,datacenter_proxy
ip_006069,corporate_nat
ip_006070,corporate_nat
ip_006071,unknown
ip_006072,residential
ip_006073,unknown
ip_006074,mobile_carrier
ip_006075,residential
ip_006076,mobile_carrier
ip_006077,residential
ip_006078,mobile_carrier
ip_006079,unknown
ip_006080,datacenter_proxy
ip_006081,residential
ip_006082,mobile_carrier
ip_006083,unknown
ip_006084,residential
ip_006085,mobile_carrier
ip_006086,residential
ip_006087,unknown
ip_006088,corporate_nat
ip_006089,corporate_nat
ip_006090,datacenter_proxy
ip_006091,datacenter_proxy
ip_006092,corporate_nat
ip_006093,residential
ip_006094,residential
ip_006095,unknown
ip_006096,residential
ip_006097,datacenter_proxy
ip_006098,mobile_carrier
ip_006099,mobile_carrier
ip_006100,mobile_carrier
ip_006101,datacenter_proxy
ip_006102,unknown
ip_006103,corporate_nat
ip_006104,unknown
ip_006105,residential
ip_006106,residential
ip_006107,datacenter_proxy
ip_006108,residential
ip_006109,datacenter_proxy
ip_006110,mobile_carrier
ip_006111,residential
ip_006112,residential
ip_006113,corporate_nat
ip_006114,mobile_carrier
ip_006115,mobile_carrier
ip_006116,datacenter_proxy
ip_006117,unknown
ip_006118,unknown
ip_006119,mobile_carrier
ip_006120,unknown
ip_006121,datacenter_proxy
ip_006122,mobile_carrier
ip_006123,datacenter_proxy
ip_006124,corporate_nat
ip_006125,datacenter_proxy
ip_006126,mobile_carrier
ip_006127,mobile_carrier
ip_006128,unknown
ip_006129,datacenter_proxy
ip_006130,datacenter_proxy
ip_006131,datacenter_proxy
ip_006132,residential
ip_006133,datacenter_proxy
ip_006134,corporate_nat
ip_006135,corporate_nat
ip_006136,datacenter_proxy
ip_006137,datacenter_proxy
ip_006138,residential
ip_006139,mobile_carrier
ip_006140,datacenter_proxy
ip_006141,mobile_carrier
ip_006142,residential
ip_006143,corporate_nat
ip_006144,residential
ip_006145,unknown
ip_006146,residential
ip_006147,unknown
ip_006148,residential
ip_006149,corporate_nat
ip_006150,datacenter_proxy
ip_006151,unknown
ip_006152,unknown
ip_006153,corporate_nat
ip_006154,unknown
ip_006155,corporate_nat
ip_006156,mobile_carrier
ip_006157,corporate_nat
ip_006158,unknown
ip_006159,unknown
ip_006160,mobile_carrier
ip_006161,residential
ip_006162,mobile_carrier
ip_006163,corporate_nat
ip_006164,unknown
ip_006165,corporate_nat
ip_006166,mobile_carrier
ip_006167,residential
ip_006168,datacenter_proxy
ip_006169,residential
ip_006170,corporate_nat
ip_006171,datacenter_proxy
ip_006172,unknown
ip_006173,mobile_carrier
ip_006174,datacenter_proxy
ip_006175,datacenter_proxy
ip_006176,mobile_carrier
ip_006177,corporate_nat
ip_006178,datacenter_proxy
ip_006179,datacenter_proxy
ip_006180,unknown
ip_006181,mobile_carrier
ip_006182,unknown
ip_006183,residential
ip_006184,corporate_nat
ip_006185,residential
ip_006186,datacenter_proxy
ip_006187,corporate_nat
ip_006188,datacenter_proxy
ip_006189,datacenter_proxy
ip_006190,unknown
ip_006191,residential
ip_006192,datacenter_proxy
ip_006193,mobile_carrier
ip_006194,corporate_nat
ip_006195,mobile_carrier
ip_006196,unknown
ip_006197,residential
ip_006198,corporate_nat
ip_006199,mobile_carrier
ip_006200,corporate_nat
ip_006201,datacenter_proxy
ip_006202,datacenter_proxy
ip_006203,mobile_carrier
ip_006204,corporate_nat
ip_006205,unknown
ip_006206,unknown
ip_006207,corporate_nat
ip_006208,unknown
ip_006209,corporate_nat
ip_006210,residential
ip_006211,corporate_nat
ip_006212,unknown
ip_006213,mobile_carrier
ip_006214,corporate_nat
ip_006215,unknown
ip_006216,mobile_carrier
ip_006217,corporate_nat
ip_006218,datacenter_proxy
ip_006219,residential
ip_006220,unknown
ip_006221,unknown
ip_006222,mobile_carrier
ip_006223,corporate_nat
ip_006224,corporate_nat
ip_006225,unknown
ip_006226,unknown
ip_006227,datacenter_proxy
ip_006228,corporate_nat
ip_006229,mobile_carrier
ip_006230,residential
ip_006231,residential
ip_006232,residential
ip_006233,mobile_carrier
ip_006234,unknown
ip_006235,unknown
ip_006236,datacenter_proxy
ip_006237,mobile_carrier
ip_006238,datacenter_proxy
ip_006239,mobile_carrier
ip_006240,mobile_carrier
ip_006241,datacenter_proxy
ip_006242,corporate_nat
ip_006243,datacenter_proxy
ip_006244,datacenter_proxy
ip_006245,residential
ip_006246,mobile_carrier
ip_006247,unknown
ip_006248,unknown
ip_006249,residential
ip_006250,unknown
ip_006251,datacenter_proxy
ip_006252,datacenter_proxy
ip_006253,unknown
ip_006254,residential
ip_006255,unknown
ip_006256,mobile_carrier
ip_006257,mobile_carrier
ip_006258,datacenter_proxy
ip_006259,mobile_carrier
ip_006260,unknown
ip_006261,datacenter_proxy
ip_006262,datacenter_proxy
ip_006263,corporate_nat
ip_006264,unknown
ip_006265,datacenter_proxy
ip_006266,residential
ip_006267,residential
ip_006268,corporate_nat
ip_006269,mobile_carrier
ip_006270,residential
ip_006271,mobile_carrier
ip_006272,datacenter_proxy
ip_006273,corporate_nat
ip_006274,datacenter_proxy
ip_006275,unknown
ip_006276,unknown
ip_006277,residential
ip_006278,residential
ip_006279,unknown
ip_006280,residential
ip_006281,mobile_carrier
ip_006282,residential
ip_006283,datacenter_proxy
ip_006284,mobile_carrier
ip_006285,datacenter_proxy
ip_006286,unknown
ip_006287,mobile_carrier
ip_006288,corporate_nat
ip_006289,residential
ip_006290,datacenter_proxy
ip_006291,corporate_nat
ip_006292,residential
ip_006293,unknown
ip_006294,unknown
ip_006295,datacenter_proxy
ip_006296,datacenter_proxy
ip_006297,residential
ip_006298,datacenter_proxy
ip_006299,unknown
ip_006300,unknown
ip_006301,residential
ip_006302,datacenter_proxy
ip_006303,mobile_carrier
ip_006304,unknown
ip_006305,datacenter_proxy
ip_006306,corporate_nat
ip_006307,corporate_nat
ip_006308,datacenter_proxy
ip_006309,corporate_nat
ip_006310,mobile_carrier
ip_006311,residential
ip_006312,residential
ip_006313,residential
ip_006314,mobile_carrier
ip_006315,unknown
ip_006316,mobile_carrier
ip_006317,datacenter_proxy
ip_006318,unknown
ip_006319,datacenter_proxy
ip_006320,datacenter_proxy
ip_006321,residential
ip_006322,corporate_nat
ip_006323,datacenter_proxy
ip_006324,mobile_carrier
ip_006325,datacenter_proxy
ip_006326,corporate_nat
ip_006327,unknown
ip_006328,residential
ip_006329,unknown
ip_006330,corporate_nat
ip_006331,unknown
ip_006332,residential
ip_006333,corporate_nat
ip_006334,datacenter_proxy
ip_006335,unknown
ip_006336,unknown
ip_006337,unknown
ip_006338,unknown
ip_006339,mobile_carrier
ip_006340,corporate_nat
ip_006341,mobile_carrier
ip_006342,unknown
ip_006343,unknown
ip_006344,residential
ip_006345,unknown
ip_006346,datacenter_proxy
ip_006347,residential
ip_006348,unknown
ip_006349,mobile_carrier
ip_006350,residential
ip_006351,mobile_carrier
ip_006352,unknown
ip_006353,mobile_carrier
ip_006354,mobile_carrier
ip_006355,corporate_nat
ip_006356,datacenter_proxy
ip_006357,corporate_nat
ip_006358,residential
ip_006359,mobile_carrier
ip_006360,corporate_nat
ip_006361,datacenter_proxy
ip_006362,datacenter_proxy
ip_006363,corporate_nat
ip_006364,residential
ip_006365,unknown
ip_006366,mobile_carrier
ip_006367,mobile_carrier
ip_006368,unknown
ip_006369,datacenter_proxy
ip_006370,datacenter_proxy
ip_006371,residential
ip_006372,datacenter_proxy
ip_006373,residential
ip_006374,datacenter_proxy
ip_006375,unknown
ip_006376,mobile_carrier
ip_006377,mobile_carrier
ip_006378,unknown
ip_006379,residential
ip_006380,mobile_carrier
ip_006381,mobile_carrier
ip_006382,residential
ip_006383,residential
ip_006384,residential
ip_006385,mobile_carrier
ip_006386,residential
ip_006387,datacenter_proxy
ip_006388,mobile_carrier
ip_006389,datacenter_proxy
ip_006390,residential
ip_006391,corporate_nat
ip_006392,corporate_nat
ip_006393,residential
ip_006394,residential
ip_006395,datacenter_proxy
ip_006396,mobile_carrier
ip_006397,residential
ip_006398,datacenter_proxy
ip_006399,unknown
ip_006400,datacenter_proxy
ip_006401,corporate_nat
ip_006402,unknown
ip_006403,datacenter_proxy
ip_006404,unknown
ip_006405,corporate_nat
ip_006406,corporate_nat
ip_006407,unknown
ip_006408,unknown
ip_006409,mobile_carrier
ip_006410,mobile_carrier
ip_006411,corporate_nat
ip_006412,datacenter_proxy
ip_006413,corporate_nat
ip_006414,mobile_carrier
ip_006415,mobile_carrier
ip_006416,unknown
ip_006417,datacenter_proxy
ip_006418,unknown
ip_006419,unknown
ip_006420,corporate_nat
ip_006421,mobile_carrier
ip_006422,residential
ip_006423,unknown
ip_006424,datacenter_proxy
ip_006425,corporate_nat
ip_006426,datacenter_proxy
ip_006427,datacenter_proxy
ip_006428,mobile_carrier
ip_006429,mobile_carrier
ip_006430,datacenter_proxy
ip_006431,mobile_carrier
ip_006432,unknown
ip_006433,datacenter_proxy
ip_006434,unknown
ip_006435,corporate_nat
ip_006436,datacenter_proxy
ip_006437,residential
ip_006438,residential
ip_006439,mobile_carrier
ip_006440,corporate_nat
ip_006441,unknown
ip_006442,corporate_nat
ip_006443,mobile_carrier
ip_006444,unknown
ip_006445,residential
ip_006446,datacenter_proxy
ip_006447,datacenter_proxy
ip_006448,datacenter_proxy
ip_006449,residential
ip_006450,unknown
ip_006451,mobile_carrier
ip_006452,corporate_nat
ip_006453,datacenter_proxy
ip_006454,residential
ip_006455,residential
ip_006456,datacenter_proxy
ip_006457,mobile_carrier
ip_006458,corporate_nat
ip_006459,residential
ip_006460,mobile_carrier
ip_006461,residential
ip_006462,corporate_nat
ip_006463,mobile_carrier
ip_006464,datacenter_proxy
ip_006465,residential
ip_006466,residential
ip_006467,mobile_carrier
ip_006468,residential
ip_006469,corporate_nat
ip_006470,residential
ip_006471,datacenter_proxy
ip_006472,datacenter_proxy
ip_006473,datacenter_proxy
ip_006474,datacenter_proxy
ip_006475,mobile_carrier
ip_006476,corporate_nat
ip_006477,datacenter_proxy
ip_006478,residential
ip_006479,datacenter_proxy
ip_006480,residential
ip_006481,corporate_nat
ip_006482,datacenter_proxy
ip_006483,unknown
ip_006484,datacenter_proxy
ip_006485,residential
ip_006486,datacenter_proxy
ip_006487,datacenter_proxy
ip_006488,corporate_nat
ip_006489,mobile_carrier
ip_006490,residential
ip_006491,datacenter_proxy
ip_006492,mobile_carrier
ip_006493,corporate_nat
ip_006494,datacenter_proxy
ip_006495,corporate_nat
ip_006496,unknown
ip_006497,unknown
ip_006498,residential
ip_006499,mobile_carrier
ip_006500,corporate_nat
ip_006501,unknown
ip_006502,unknown
ip_006503,residential
ip_006504,datacenter_proxy
ip_006505,datacenter_proxy
ip_006506,datacenter_proxy
ip_006507,datacenter_proxy
ip_006508,corporate_nat
ip_006509,corporate_nat
ip_006510,datacenter_proxy
ip_006511,residential
ip_006512,corporate_nat
ip_006513,mobile_carrier
ip_006514,mobile_carrier
ip_006515,corporate_nat
ip_006516,residential
ip_006517,datacenter_proxy
ip_006518,corporate_nat
ip_006519,unknown
ip_006520,residential
ip_006521,mobile_carrier
ip_006522,unknown
ip_006523,mobile_carrier
ip_006524,datacenter_proxy
ip_006525,mobile_carrier
ip_006526,datacenter_proxy
ip_006527,corporate_nat
ip_006528,mobile_carrier
ip_006529,datacenter_proxy
ip_006530,residential
ip_006531,mobile_carrier
ip_006532,datacenter_proxy
ip_006533,datacenter_proxy
ip_006534,unknown
ip_006535,corporate_nat
ip_006536,residential
ip_006537,corporate_nat
ip_006538,datacenter_proxy
ip_006539,unknown
ip_006540,residential
ip_006541,datacenter_proxy
ip_006542,residential
ip_006543,mobile_carrier
ip_006544,mobile_carrier
ip_006545,residential
ip_006546,corporate_nat
ip_006547,datacenter_proxy
ip_006548,residential
ip_006549,corporate_nat
ip_006550,mobile_carrier
ip_006551,residential
ip_006552,unknown
ip_006553,datacenter_proxy
ip_006554,corporate_nat
ip_006555,residential
ip_006556,corporate_nat
ip_006557,corporate_nat
ip_006558,residential
ip_006559,datacenter_proxy
ip_006560,datacenter_proxy
ip_006561,datacenter_proxy
ip_006562,datacenter_proxy
ip_006563,datacenter_proxy
ip_006564,mobile_carrier
ip_006565,mobile_carrier
ip_006566,residential
ip_006567,mobile_carrier
ip_006568,corporate_nat
ip_006569,corporate_nat
ip_006570,mobile_carrier
ip_006571,corporate_nat
ip_006572,residential
ip_006573,datacenter_proxy
ip_006574,unknown
ip_006575,mobile_carrier
ip_006576,corporate_nat
ip_006577,mobile_carrier
ip_006578,corporate_nat
ip_006579,corporate_nat
ip_006580,unknown
ip_006581,datacenter_proxy
ip_006582,residential
ip_006583,datacenter_proxy
ip_006584,unknown
ip_006585,residential
ip_006586,mobile_carrier
ip_006587,unknown
ip_006588,residential
ip_006589,corporate_nat
ip_006590,unknown
ip_006591,residential
ip_006592,mobile_carrier
ip_006593,datacenter_proxy
ip_006594,corporate_nat
ip_006595,corporate_nat
ip_006596,residential
ip_006597,corporate_nat
ip_006598,datacenter_proxy
ip_006599,datacenter_proxy
ip_006600,unknown
ip_006601,unknown
ip_006602,datacenter_proxy
ip_006603,mobile_carrier
ip_006604,mobile_carrier
ip_006605,mobile_carrier
ip_006606,mobile_carrier
ip_006607,corporate_nat
ip_006608,datacenter_proxy
ip_006609,residential
ip_006610,mobile_carrier
ip_006611,residential
ip_006612,residential
ip_006613,datacenter_proxy
ip_006614,residential
ip_006615,mobile_carrier
ip_006616,mobile_carrier
ip_006617,datacenter_proxy
ip_006618,residential
ip_006619,mobile_carrier
ip_006620,corporate_nat
ip_006621,unknown
ip_006622,mobile_carrier
ip_006623,residential
ip_006624,unknown
ip_006625,datacenter_proxy
ip_006626,unknown
ip_006627,datacenter_proxy
ip_006628,mobile_carrier
ip_006629,mobile_carrier
ip_006630,residential
ip_006631,corporate_nat
ip_006632,corporate_nat
ip_006633,mobile_carrier
ip_006634,unknown
ip_006635,unknown
ip_006636,unknown
ip_006637,unknown
ip_006638,datacenter_proxy
ip_006639,corporate_nat
ip_006640,mobile_carrier
ip_006641,unknown
ip_006642,datacenter_proxy
ip_006643,unknown
ip_006644,corporate_nat
ip_006645,datacenter_proxy
ip_006646,corporate_nat
ip_006647,mobile_carrier
ip_006648,datacenter_proxy
ip_006649,residential
ip_006650,residential
ip_006651,datacenter_proxy
ip_006652,corporate_nat
ip_006653,mobile_carrier
ip_006654,mobile_carrier
ip_006655,residential
ip_006656,mobile_carrier
ip_006657,residential
ip_006658,datacenter_proxy
ip_006659,unknown
ip_006660,datacenter_proxy
ip_006661,mobile_carrier
ip_006662,residential
ip_006663,unknown
ip_006664,corporate_nat
ip_006665,datacenter_proxy
ip_006666,unknown
ip_006667,mobile_carrier
ip_006668,unknown
ip_006669,mobile_carrier
ip_006670,corporate_nat
ip_006671,residential
ip_006672,corporate_nat
ip_006673,datacenter_proxy
ip_006674,corporate_nat
ip_006675,mobile_carrier
ip_006676,mobile_carrier
ip_006677,mobile_carrier
ip_006678,unknown
ip_006679,residential
ip_006680,residential
ip_006681,unknown
ip_006682,datacenter_proxy
ip_006683,datacenter_proxy
ip_006684,corporate_nat
ip_006685,residential
ip_006686,corporate_nat
ip_006687,mobile_carrier
ip_006688,datacenter_proxy
ip_006689,residential
ip_006690,datacenter_proxy
ip_006691,mobile_carrier
ip_006692,datacenter_proxy
ip_006693,residential
ip_006694,mobile_carrier
ip_006695,corporate_nat
ip_006696,datacenter_proxy
ip_006697,mobile_carrier
ip_006698,corporate_nat
ip_006699,corporate_nat
ip_006700,corporate_nat
ip_006701,corporate_nat
ip_006702,mobile_carrier
ip_006703,datacenter_proxy
ip_006704,residential
ip_006705,unknown
ip_006706,residential
ip_006707,residential
ip_006708,residential
ip_006709,mobile_carrier
ip_006710,unknown
ip_006711,residential
ip_006712,corporate_nat
ip_006713,unknown
ip_006714,datacenter_proxy
ip_006715,residential
ip_006716,unknown
ip_006717,unknown
ip_006718,unknown
ip_006719,mobile_carrier
ip_006720,residential
ip_006721,unknown
ip_006722,unknown
ip_006723,mobile_carrier
ip_006724,corporate_nat
ip_006725,datacenter_proxy
ip_006726,mobile_carrier
ip_006727,unknown
ip_006728,residential
ip_006729,corporate_nat
ip_006730,datacenter_proxy
ip_006731,unknown
ip_006732,residential
ip_006733,datacenter_proxy
ip_006734,unknown
ip_006735,corporate_nat
ip_006736,residential
ip_006737,residential
ip_006738,unknown
ip_006739,residential
ip_006740,mobile_carrier
ip_006741,unknown
ip_006742,unknown
ip_006743,unknown
ip_006744,unknown
ip_006745,residential
ip_006746,mobile_carrier
ip_006747,unknown
ip_006748,residential
ip_006749,unknown
ip_006750,residential
ip_006751,mobile_carrier
ip_006752,residential
ip_006753,corporate_nat
ip_006754,corporate_nat
ip_006755,mobile_carrier
ip_006756,residential
ip_006757,mobile_carrier
ip_006758,residential
ip_006759,unknown
ip_006760,residential
ip_006761,residential
ip_006762,mobile_carrier
ip_006763,datacenter_proxy
ip_006764,corporate_nat
ip_006765,mobile_carrier
ip_006766,unknown
ip_006767,datacenter_proxy
ip_006768,unknown
ip_006769,unknown
ip_006770,residential
ip_006771,corporate_nat
ip_006772,residential
ip_006773,corporate_nat
ip_006774,residential
ip_006775,residential
ip_006776,datacenter_proxy
ip_006777,datacenter_proxy
ip_006778,unknown
ip_006779,mobile_carrier
ip_006780,datacenter_proxy
ip_006781,residential
ip_006782,corporate_nat
ip_006783,residential
ip_006784,corporate_nat
ip_006785,mobile_carrier
ip_006786,datacenter_proxy
ip_006787,datacenter_proxy
ip_006788,datacenter_proxy
ip_006789,mobile_carrier
ip_006790,corporate_nat
ip_006791,unknown
ip_006792,residential
ip_006793,corporate_nat
ip_006794,mobile_carrier
ip_006795,unknown
ip_006796,unknown
ip_006797,corporate_nat
ip_006798,datacenter_proxy
ip_006799,corporate_nat
ip_006800,residential
ip_006801,datacenter_proxy
ip_006802,mobile_carrier
ip_006803,unknown
ip_006804,unknown
ip_006805,unknown
ip_006806,mobile_carrier
ip_006807,unknown
ip_006808,mobile_carrier
ip_006809,unknown
ip_006810,residential
ip_006811,corporate_nat
ip_006812,datacenter_proxy
ip_006813,residential
ip_006814,unknown
ip_006815,corporate_nat
ip_006816,residential
ip_006817,corporate_nat
ip_006818,corporate_nat
ip_006819,residential
ip_006820,mobile_carrier
ip_006821,datacenter_proxy
ip_006822,mobile_carrier
ip_006823,datacenter_proxy
ip_006824,mobile_carrier
ip_006825,datacenter_proxy
ip_006826,residential
ip_006827,datacenter_proxy
ip_006828,datacenter_proxy
ip_006829,mobile_carrier
ip_006830,datacenter_proxy
ip_006831,unknown
ip_006832,residential
ip_006833,corporate_nat
ip_006834,residential
ip_006835,mobile_carrier
ip_006836,unknown
ip_006837,unknown
ip_006838,mobile_carrier
ip_006839,residential
ip_006840,mobile_carrier
ip_006841,corporate_nat
ip_006842,unknown
ip_006843,unknown
ip_006844,datacenter_proxy
ip_006845,mobile_carrier
ip_006846,residential
ip_006847,datacenter_proxy
ip_006848,mobile_carrier
ip_006849,mobile_carrier
ip_006850,residential
ip_006851,unknown
ip_006852,datacenter_proxy
ip_006853,corporate_nat
ip_006854,unknown
ip_006855,mobile_carrier
ip_006856,corporate_nat
ip_006857,corporate_nat
ip_006858,corporate_nat
ip_006859,corporate_nat
ip_006860,residential
ip_006861,datacenter_proxy
ip_006862,corporate_nat
ip_006863,mobile_carrier
ip_006864,unknown
ip_006865,datacenter_proxy
ip_006866,datacenter_proxy
ip_006867,mobile_carrier
ip_006868,residential
ip_006869,corporate_nat
ip_006870,datacenter_proxy
ip_006871,residential
ip_006872,corporate_nat
ip_006873,unknown
ip_006874,mobile_carrier
ip_006875,mobile_carrier
ip_006876,datacenter_proxy
ip_006877,mobile_carrier
ip_006878,mobile_carrier
ip_006879,unknown
ip_006880,datacenter_proxy
ip_006881,residential
ip_006882,unknown
ip_006883,residential
ip_006884,mobile_carrier
ip_006885,unknown
ip_006886,corporate_nat
ip_006887,unknown
ip_006888,corporate_nat
ip_006889,mobile_carrier
ip_006890,residential
ip_006891,unknown
ip_006892,corporate_nat
ip_006893,mobile_carrier
ip_006894,mobile_carrier
ip_006895,mobile_carrier
ip_006896,corporate_nat
ip_006897,datacenter_proxy
ip_006898,unknown
ip_006899,unknown
ip_006900,mobile_carrier
ip_006901,unknown
ip_006902,unknown
ip_006903,unknown
ip_006904,residential
ip_006905,unknown
ip_006906,corporate_nat
ip_006907,residential
ip_006908,datacenter_proxy
ip_006909,unknown
ip_006910,datacenter_proxy
ip_006911,mobile_carrier
ip_006912,datacenter_proxy
ip_006913,unknown
ip_006914,corporate_nat
ip_006915,corporate_nat
ip_006916,mobile_carrier
ip_006917,unknown
ip_006918,datacenter_proxy
ip_006919,corporate_nat
ip_006920,datacenter_proxy
ip_006921,datacenter_proxy
ip_006922,corporate_nat
ip_006923,corporate_nat
ip_006924,corporate_nat
ip_006925,datacenter_proxy
ip_006926,unknown
ip_006927,corporate_nat
ip_006928,residential
ip_006929,corporate_nat
ip_006930,datacenter_proxy
ip_006931,mobile_carrier
ip_006932,corporate_nat
ip_006933,mobile_carrier
ip_006934,residential
ip_006935,unknown
ip_006936,corporate_nat
ip_006937,unknown
ip_006938,unknown
ip_006939,mobile_carrier
ip_006940,mobile_carrier
ip_006941,datacenter_proxy
ip_006942,unknown
ip_006943,residential
ip_006944,corporate_nat
ip_006945,corporate_nat
ip_006946,unknown
ip_006947,residential
ip_006948,residential
ip_006949,datacenter_proxy
ip_006950,datacenter_proxy
ip_006951,residential
ip_006952,residential
ip_006953,datacenter_proxy
ip_006954,corporate_nat
ip_006955,unknown
ip_006956,mobile_carrier
ip_006957,mobile_carrier
ip_006958,residential
ip_006959,corporate_nat
ip_006960,datacenter_proxy
ip_006961,unknown
ip_006962,mobile_carrier
ip_006963,mobile_carrier
ip_006964,datacenter_proxy
ip_006965,corporate_nat
ip_006966,mobile_carrier
ip_006967,corporate_nat
ip_006968,mobile_carrier
ip_006969,residential
ip_006970,mobile_carrier
ip_006971,corporate_nat
ip_006972,unknown
ip_006973,residential
ip_006974,residential
ip_006975,corporate_nat
ip_006976,corporate_nat
ip_006977,corporate_nat
ip_006978,residential
ip_006979,unknown
ip_006980,datacenter_proxy
ip_006981,datacenter_proxy
ip_006982,datacenter_proxy
ip_006983,unknown
ip_006984,residential
ip_006985,datacenter_proxy
ip_006986,datacenter_proxy
ip_006987,datacenter_proxy
ip_006988,mobile_carrier
ip_006989,datacenter_proxy
ip_006990,datacenter_proxy
ip_006991,corporate_nat
ip_006992,residential
ip_006993,residential
ip_006994,residential
ip_006995,residential
ip_006996,mobile_carrier
ip_006997,residential
ip_006998,unknown
ip_006999,corporate_nat
ip_007000,unknown
ip_007001,mobile_carrier
ip_007002,corporate_nat
ip_007003,datacenter_proxy
ip_007004,unknown
ip_007005,corporate_nat
ip_007006,datacenter_proxy
ip_007007,residential
ip_007008,residential
ip_007009,unknown
ip_007010,datacenter_proxy
ip_007011,datacenter_proxy
ip_007012,datacenter_proxy
ip_007013,unknown
ip_007014,mobile_carrier
ip_007015,corporate_nat
ip_007016,corporate_nat
ip_007017,mobile_carrier
ip_007018,corporate_nat
ip_007019,corporate_nat
ip_007020,mobile_carrier
ip_007021,corporate_nat
ip_007022,unknown
ip_007023,corporate_nat
ip_007024,unknown
ip_007025,corporate_nat
ip_007026,corporate_nat
ip_007027,mobile_carrier
ip_007028,corporate_nat
ip_007029,mobile_carrier
ip_007030,datacenter_proxy
ip_007031,datacenter_proxy
ip_007032,datacenter_proxy
ip_007033,corporate_nat
ip_007034,datacenter_proxy
ip_007035,datacenter_proxy
ip_007036,mobile_carrier
ip_007037,mobile_carrier
ip_007038,datacenter_proxy
ip_007039,mobile_carrier
ip_007040,residential
ip_007041,corporate_nat
ip_007042,residential
ip_007043,unknown
ip_007044,unknown
ip_007045,mobile_carrier
ip_007046,corporate_nat
ip_007047,residential
ip_007048,residential
ip_007049,mobile_carrier
ip_007050,unknown
ip_007051,mobile_carrier
ip_007052,datacenter_proxy
ip_007053,residential
ip_007054,corporate_nat
ip_007055,datacenter_proxy
ip_007056,corporate_nat
ip_007057,unknown
ip_007058,corporate_nat
ip_007059,unknown
ip_007060,datacenter_proxy
ip_007061,unknown
ip_007062,datacenter_proxy
ip_007063,unknown
ip_007064,unknown
ip_007065,mobile_carrier
ip_007066,corporate_nat
ip_007067,residential
ip_007068,mobile_carrier
ip_007069,datacenter_proxy
ip_007070,mobile_carrier
ip_007071,unknown
ip_007072,unknown
ip_007073,corporate_nat
ip_007074,mobile_carrier
ip_007075,unknown
ip_007076,unknown
ip_007077,mobile_carrier
ip_007078,datacenter_proxy
ip_007079,datacenter_proxy
ip_007080,residential
ip_007081,datacenter_proxy
ip_007082,unknown
ip_007083,corporate_nat
ip_007084,unknown
ip_007085,corporate_nat
ip_007086,unknown
ip_007087,mobile_carrier
ip_007088,corporate_nat
ip_007089,corporate_nat
ip_007090,residential
ip_007091,corporate_nat
ip_007092,mobile_carrier
ip_007093,mobile_carrier
ip_007094,datacenter_proxy
ip_007095,residential
ip_007096,datacenter_proxy
ip_007097,datacenter_proxy
ip_007098,unknown
ip_007099,mobile_carrier
ip_007100,datacenter_proxy
ip_007101,datacenter_proxy
ip_007102,datacenter_proxy
ip_007103,unknown
ip_007104,residential
ip_007105,unknown
ip_007106,unknown
ip_007107,unknown
ip_007108,datacenter_proxy
ip_007109,corporate_nat
ip_007110,datacenter_proxy
ip_007111,residential
ip_007112,corporate_nat
ip_007113,unknown
ip_007114,mobile_carrier
ip_007115,unknown
ip_007116,mobile_carrier
ip_007117,mobile_carrier
ip_007118,unknown
ip_007119,corporate_nat
ip_007120,residential
ip_007121,residential
ip_007122,unknown
ip_007123,mobile_carrier
ip_007124,datacenter_proxy
ip_007125,corporate_nat
ip_007126,corporate_nat
ip_007127,mobile_carrier
ip_007128,residential
ip_007129,residential
ip_007130,unknown
ip_007131,mobile_carrier
ip_007132,datacenter_proxy
ip_007133,corporate_nat
ip_007134,datacenter_proxy
ip_007135,datacenter_proxy
ip_007136,unknown
ip_007137,datacenter_proxy
ip_007138,corporate_nat
ip_007139,datacenter_proxy
ip_007140,corporate_nat
ip_007141,unknown
ip_007142,unknown
ip_007143,datacenter_proxy
ip_007144,mobile_carrier
ip_007145,mobile_carrier
ip_007146,unknown
ip_007147,unknown
ip_007148,datacenter_proxy
ip_007149,datacenter_proxy
ip_007150,unknown
ip_007151,residential
ip_007152,datacenter_proxy
ip_007153,unknown
ip_007154,corporate_nat
ip_007155,corporate_nat
ip_007156,residential
ip_007157,residential
ip_007158,unknown
ip_007159,residential
ip_007160,residential
ip_007161,residential
ip_007162,residential
ip_007163,mobile_carrier
ip_007164,corporate_nat
ip_007165,unknown
ip_007166,datacenter_proxy
ip_007167,datacenter_proxy
ip_007168,unknown
ip_007169,residential
ip_007170,datacenter_proxy
ip_007171,corporate_nat
ip_007172,mobile_carrier
ip_007173,residential
ip_007174,mobile_carrier
ip_007175,datacenter_proxy
ip_007176,mobile_carrier
ip_007177,unknown
ip_007178,mobile_carrier
ip_007179,residential
ip_007180,mobile_carrier
ip_007181,unknown
ip_007182,residential
ip_007183,unknown
ip_007184,datacenter_proxy
ip_007185,datacenter_proxy
ip_007186,residential
ip_007187,residential
ip_007188,unknown
ip_007189,residential
ip_007190,residential
ip_007191,mobile_carrier
ip_007192,mobile_carrier
ip_007193,unknown
ip_007194,datacenter_proxy
ip_007195,corporate_nat
ip_007196,mobile_carrier
ip_007197,corporate_nat
ip_007198,corporate_nat
ip_007199,datacenter_proxy
ip_007200,mobile_carrier
ip_007201,unknown
ip_007202,datacenter_proxy
ip_007203,datacenter_proxy
ip_007204,mobile_carrier
ip_007205,corporate_nat
ip_007206,unknown
ip_007207,mobile_carrier
ip_007208,unknown
ip_007209,corporate_nat
ip_007210,residential
ip_007211,mobile_carrier
ip_007212,residential
ip_007213,datacenter_proxy
ip_007214,residential
ip_007215,unknown
ip_007216,datacenter_proxy
ip_007217,corporate_nat
ip_007218,mobile_carrier
ip_007219,residential
ip_007220,corporate_nat
ip_007221,corporate_nat
ip_007222,mobile_carrier
ip_007223,corporate_nat
ip_007224,corporate_nat
ip_007225,mobile_carrier
ip_007226,corporate_nat
ip_007227,datacenter_proxy
ip_007228,datacenter_proxy
ip_007229,mobile_carrier
ip_007230,datacenter_proxy
ip_007231,datacenter_proxy
ip_007232,datacenter_proxy
ip_007233,datacenter_proxy
ip_007234,corporate_nat
ip_007235,mobile_carrier
ip_007236,corporate_nat
ip_007237,datacenter_proxy
ip_007238,mobile_carrier
ip_007239,unknown
ip_007240,datacenter_proxy
ip_007241,mobile_carrier
ip_007242,residential
ip_007243,corporate_nat
ip_007244,residential
ip_007245,residential
ip_007246,mobile_carrier
ip_007247,unknown
ip_007248,datacenter_proxy
ip_007249,unknown
ip_007250,residential
ip_007251,mobile_carrier
ip_007252,residential
ip_007253,datacenter_proxy
ip_007254,datacenter_proxy
ip_007255,residential
ip_007256,corporate_nat
ip_007257,unknown
ip_007258,residential
ip_007259,datacenter_proxy
ip_007260,residential
ip_007261,unknown
ip_007262,unknown
ip_007263,residential
ip_007264,datacenter_proxy
ip_007265,mobile_carrier
ip_007266,datacenter_proxy
ip_007267,datacenter_proxy
ip_007268,datacenter_proxy
ip_007269,unknown
ip_007270,datacenter_proxy
ip_007271,mobile_carrier
ip_007272,datacenter_proxy
ip_007273,corporate_nat
ip_007274,residential
ip_007275,datacenter_proxy
ip_007276,residential
ip_007277,corporate_nat
ip_007278,mobile_carrier
ip_007279,corporate_nat
ip_007280,mobile_carrier
ip_007281,datacenter_proxy
ip_007282,datacenter_proxy
ip_007283,unknown
ip_007284,corporate_nat
ip_007285,residential
ip_007286,corporate_nat
ip_007287,corporate_nat
ip_007288,mobile_carrier
ip_007289,corporate_nat
ip_007290,datacenter_proxy
ip_007291,unknown
ip_007292,mobile_carrier
ip_007293,corporate_nat
ip_007294,mobile_carrier
ip_007295,mobile_carrier
ip_007296,unknown
ip_007297,datacenter_proxy
ip_007298,datacenter_proxy
ip_007299,datacenter_proxy
ip_007300,corporate_nat
ip_007301,mobile_carrier
ip_007302,residential
ip_007303,datacenter_proxy
ip_007304,unknown
ip_007305,residential
ip_007306,residential
ip_007307,datacenter_proxy
ip_007308,corporate_nat
ip_007309,unknown
ip_007310,corporate_nat
ip_007311,unknown
ip_007312,mobile_carrier
ip_007313,datacenter_proxy
ip_007314,datacenter_proxy
ip_007315,mobile_carrier
ip_007316,datacenter_proxy
ip_007317,residential
ip_007318,corporate_nat
ip_007319,datacenter_proxy
ip_007320,residential
ip_007321,mobile_carrier
ip_007322,unknown
ip_007323,unknown
ip_007324,corporate_nat
ip_007325,datacenter_proxy
ip_007326,corporate_nat
ip_007327,residential
ip_007328,unknown
ip_007329,datacenter_proxy
ip_007330,corporate_nat
ip_007331,datacenter_proxy
ip_007332,mobile_carrier
ip_007333,datacenter_proxy
ip_007334,mobile_carrier
ip_007335,mobile_carrier
ip_007336,corporate_nat
ip_007337,unknown
ip_007338,residential
ip_007339,unknown
ip_007340,mobile_carrier
ip_007341,residential
ip_007342,unknown
ip_007343,mobile_carrier
ip_007344,datacenter_proxy
ip_007345,datacenter_proxy
ip_007346,corporate_nat
ip_007347,residential
ip_007348,residential
ip_007349,datacenter_proxy
ip_007350,corporate_nat
ip_007351,datacenter_proxy
ip_007352,corporate_nat
ip_007353,residential
ip_007354,residential
ip_007355,mobile_carrier
ip_007356,residential
ip_007357,datacenter_proxy
ip_007358,mobile_carrier
ip_007359,residential
ip_007360,datacenter_proxy
ip_007361,unknown
ip_007362,datacenter_proxy
ip_007363,residential
ip_007364,mobile_carrier
ip_007365,unknown
ip_007366,residential
ip_007367,residential
ip_007368,corporate_nat
ip_007369,mobile_carrier
ip_007370,corporate_nat
ip_007371,datacenter_proxy
ip_007372,corporate_nat
ip_007373,unknown
ip_007374,datacenter_proxy
ip_007375,mobile_carrier
ip_007376,corporate_nat
ip_007377,datacenter_proxy
ip_007378,corporate_nat
ip_007379,unknown
ip_007380,mobile_carrier
ip_007381,unknown
ip_007382,unknown
ip_007383,datacenter_proxy
ip_007384,datacenter_proxy
ip_007385,datacenter_proxy
ip_007386,datacenter_proxy
ip_007387,residential
ip_007388,mobile_carrier
ip_007389,mobile_carrier
ip_007390,mobile_carrier
ip_007391,unknown
ip_007392,unknown
ip_007393,unknown
ip_007394,residential
ip_007395,datacenter_proxy
ip_007396,residential
ip_007397,corporate_nat
ip_007398,unknown
ip_007399,unknown
ip_007400,datacenter_proxy
ip_007401,unknown
ip_007402,unknown
ip_007403,residential
ip_007404,mobile_carrier
ip_007405,mobile_carrier
ip_007406,unknown
ip_007407,corporate_nat
ip_007408,datacenter_proxy
ip_007409,residential
ip_007410,residential
ip_007411,corporate_nat
ip_007412,unknown
ip_007413,corporate_nat
ip_007414,corporate_nat
ip_007415,residential
ip_007416,corporate_nat
ip_007417,corporate_nat
ip_007418,datacenter_proxy
ip_007419,unknown
ip_007420,unknown
ip_007421,corporate_nat
ip_007422,datacenter_proxy
ip_007423,mobile_carrier
ip_007424,datacenter_proxy
ip_007425,residential
ip_007426,corporate_nat
ip_007427,residential
ip_007428,corporate_nat
ip_007429,datacenter_proxy
ip_007430,unknown
ip_007431,unknown
ip_007432,mobile_carrier
ip_007433,residential
ip_007434,mobile_carrier
ip_007435,datacenter_proxy
ip_007436,datacenter_proxy
ip_007437,residential
ip_007438,corporate_nat
ip_007439,unknown
ip_007440,residential
ip_007441,unknown
ip_007442,mobile_carrier
ip_007443,corporate_nat
ip_007444,mobile_carrier
ip_007445,residential
ip_007446,unknown
ip_007447,mobile_carrier
ip_007448,datacenter_proxy
ip_007449,residential
ip_007450,datacenter_proxy
ip_007451,datacenter_proxy
ip_007452,mobile_carrier
ip_007453,mobile_carrier
ip_007454,unknown
ip_007455,unknown
ip_007456,corporate_nat
ip_007457,corporate_nat
ip_007458,corporate_nat
ip_007459,mobile_carrier
ip_007460,mobile_carrier
ip_007461,corporate_nat
ip_007462,unknown
ip_007463,mobile_carrier
ip_007464,unknown
ip_007465,datacenter_proxy
ip_007466,residential
ip_007467,datacenter_proxy
ip_007468,corporate_nat
ip_007469,residential
ip_007470,corporate_nat
ip_007471,corporate_nat
ip_007472,unknown
ip_007473,corporate_nat
ip_007474,unknown
ip_007475,corporate_nat
ip_007476,corporate_nat
ip_007477,mobile_carrier
ip_007478,corporate_nat
ip_007479,unknown
ip_007480,datacenter_proxy
ip_007481,unknown
ip_007482,unknown
ip_007483,datacenter_proxy
ip_007484,residential
ip_007485,mobile_carrier
ip_007486,corporate_nat
ip_007487,mobile_carrier
ip_007488,unknown
ip_007489,datacenter_proxy
ip_007490,mobile_carrier
ip_007491,datacenter_proxy
ip_007492,corporate_nat
ip_007493,datacenter_proxy
ip_007494,unknown
ip_007495,mobile_carrier
ip_007496,datacenter_proxy
ip_007497,mobile_carrier
ip_007498,datacenter_proxy
ip_007499,mobile_carrier
ip_007500,mobile_carrier
ip_007501,mobile_carrier
ip_007502,residential
ip_007503,datacenter_proxy
ip_007504,corporate_nat
ip_007505,unknown
ip_007506,corporate_nat
ip_007507,residential
ip_007508,residential
ip_007509,residential
ip_007510,unknown
ip_007511,mobile_carrier
ip_007512,residential
ip_007513,unknown
ip_007514,unknown
ip_007515,residential
ip_007516,unknown
ip_007517,datacenter_proxy
ip_007518,mobile_carrier
ip_007519,datacenter_proxy
ip_007520,mobile_carrier
ip_007521,mobile_carrier
ip_007522,residential
ip_007523,mobile_carrier
ip_007524,unknown
ip_007525,residential
ip_007526,residential
ip_007527,mobile_carrier
ip_007528,unknown
ip_007529,residential
ip_007530,residential
ip_007531,residential
ip_007532,unknown
ip_007533,unknown
ip_007534,datacenter_proxy
ip_007535,datacenter_proxy
ip_007536,unknown
ip_007537,datacenter_proxy
ip_007538,mobile_carrier
ip_007539,mobile_carrier
ip_007540,datacenter_proxy
ip_007541,datacenter_proxy
ip_007542,residential
ip_007543,unknown
ip_007544,corporate_nat
ip_007545,datacenter_proxy
ip_007546,unknown
ip_007547,unknown
ip_007548,datacenter_proxy
ip_007549,datacenter_proxy
ip_007550,corporate_nat
ip_007551,datacenter_proxy
ip_007552,mobile_carrier
ip_007553,datacenter_proxy
ip_007554,mobile_carrier
ip_007555,corporate_nat
ip_007556,corporate_nat
ip_007557,corporate_nat
ip_007558,mobile_carrier
ip_007559,datacenter_proxy
ip_007560,datacenter_proxy
ip_007561,mobile_carrier
ip_007562,unknown
ip_007563,datacenter_proxy
ip_007564,corporate_nat
ip_007565,corporate_nat
ip_007566,datacenter_proxy
ip_007567,unknown
ip_007568,corporate_nat
ip_007569,corporate_nat
ip_007570,datacenter_proxy
ip_007571,corporate_nat
ip_007572,unknown
ip_007573,residential
ip_007574,unknown
ip_007575,residential
ip_007576,mobile_carrier
ip_007577,residential
ip_007578,corporate_nat
ip_007579,corporate_nat
ip_007580,datacenter_proxy
ip_007581,mobile_carrier
ip_007582,corporate_nat
ip_007583,unknown
ip_007584,datacenter_proxy
ip_007585,corporate_nat
ip_007586,mobile_carrier
ip_007587,mobile_carrier
ip_007588,residential
ip_007589,mobile_carrier
ip_007590,corporate_nat
ip_007591,residential
ip_007592,unknown
ip_007593,mobile_carrier
ip_007594,residential
ip_007595,mobile_carrier
ip_007596,residential
ip_007597,mobile_carrier
ip_007598,datacenter_proxy
ip_007599,corporate_nat
ip_007600,datacenter_proxy
ip_007601,residential
ip_007602,unknown
ip_007603,datacenter_proxy
ip_007604,unknown
ip_007605,datacenter_proxy
ip_007606,corporate_nat
ip_007607,unknown
ip_007608,residential
ip_007609,mobile_carrier
ip_007610,mobile_carrier
ip_007611,unknown
ip_007612,datacenter_proxy
ip_007613,datacenter_proxy
ip_007614,corporate_nat
ip_007615,datacenter_proxy
ip_007616,datacenter_proxy
ip_007617,residential
ip_007618,unknown
ip_007619,unknown
ip_007620,mobile_carrier
ip_007621,unknown
ip_007622,residential
ip_007623,unknown
ip_007624,unknown
ip_007625,residential
ip_007626,datacenter_proxy
ip_007627,mobile_carrier
ip_007628,datacenter_proxy
ip_007629,corporate_nat
ip_007630,datacenter_proxy
ip_007631,datacenter_proxy
ip_007632,mobile_carrier
ip_007633,corporate_nat
ip_007634,unknown
ip_007635,datacenter_proxy
ip_007636,unknown
ip_007637,unknown
ip_007638,mobile_carrier
ip_007639,unknown
ip_007640,datacenter_proxy
ip_007641,mobile_carrier
ip_007642,unknown
ip_007643,unknown
ip_007644,mobile_carrier
ip_007645,mobile_carrier
ip_007646,datacenter_proxy
ip_007647,residential
ip_007648,corporate_nat
ip_007649,residential
ip_007650,unknown
ip_007651,unknown
ip_007652,mobile_carrier
ip_007653,mobile_carrier
ip_007654,mobile_carrier
ip_007655,unknown
ip_007656,datacenter_proxy
ip_007657,residential
ip_007658,datacenter_proxy
ip_007659,corporate_nat
ip_007660,unknown
ip_007661,mobile_carrier
ip_007662,corporate_nat
ip_007663,mobile_carrier
ip_007664,datacenter_proxy
ip_007665,mobile_carrier
ip_007666,datacenter_proxy
ip_007667,datacenter_proxy
ip_007668,datacenter_proxy
ip_007669,mobile_carrier
ip_007670,corporate_nat
ip_007671,datacenter_proxy
ip_007672,corporate_nat
ip_007673,residential
ip_007674,corporate_nat
ip_007675,corporate_nat
ip_007676,unknown
ip_007677,mobile_carrier
ip_007678,unknown
ip_007679,datacenter_proxy
ip_007680,datacenter_proxy
ip_007681,mobile_carrier
ip_007682,datacenter_proxy
ip_007683,residential
ip_007684,unknown
ip_007685,residential
ip_007686,unknown
ip_007687,unknown
ip_007688,unknown
ip_007689,datacenter_proxy
ip_007690,mobile_carrier
ip_007691,mobile_carrier
ip_007692,datacenter_proxy
ip_007693,unknown
ip_007694,unknown
ip_007695,corporate_nat
ip_007696,corporate_nat
ip_007697,corporate_nat
ip_007698,unknown
ip_007699,residential
ip_007700,residential
ip_007701,residential
ip_007702,mobile_carrier
ip_007703,unknown
ip_007704,residential
ip_007705,mobile_carrier
ip_007706,mobile_carrier
ip_007707,mobile_carrier
ip_007708,residential
ip_007709,datacenter_proxy
ip_007710,corporate_nat
ip_007711,datacenter_proxy
ip_007712,mobile_carrier
ip_007713,unknown
ip_007714,mobile_carrier
ip_007715,mobile_carrier
ip_007716,residential
ip_007717,mobile_carrier
ip_007718,unknown
ip_007719,residential
ip_007720,unknown
ip_007721,corporate_nat
ip_007722,mobile_carrier
ip_007723,mobile_carrier
ip_007724,corporate_nat
ip_007725,mobile_carrier
ip_007726,datacenter_proxy
ip_007727,corporate_nat
ip_007728,datacenter_proxy
ip_007729,residential
ip_007730,corporate_nat
ip_007731,corporate_nat
ip_007732,unknown
ip_007733,corporate_nat
ip_007734,corporate_nat
ip_007735,residential
ip_007736,datacenter_proxy
ip_007737,mobile_carrier
ip_007738,corporate_nat
ip_007739,corporate_nat
ip_007740,mobile_carrier
ip_007741,corporate_nat
ip_007742,mobile_carrier
ip_007743,unknown
ip_007744,datacenter_proxy
ip_007745,mobile_carrier
ip_007746,unknown
ip_007747,unknown
ip_007748,residential
ip_007749,unknown
ip_007750,datacenter_proxy
ip_007751,corporate_nat
ip_007752,unknown
ip_007753,corporate_nat
ip_007754,residential
ip_007755,unknown
ip_007756,datacenter_proxy
ip_007757,residential
ip_007758,unknown
ip_007759,datacenter_proxy
ip_007760,unknown
ip_007761,datacenter_proxy
ip_007762,mobile_carrier
ip_007763,datacenter_proxy
ip_007764,unknown
ip_007765,unknown
ip_007766,corporate_nat
ip_007767,datacenter_proxy
ip_007768,corporate_nat
ip_007769,datacenter_proxy
ip_007770,datacenter_proxy
ip_007771,corporate_nat
ip_007772,residential
ip_007773,unknown
ip_007774,datacenter_proxy
ip_007775,datacenter_proxy
ip_007776,corporate_nat
ip_007777,unknown
ip_007778,unknown
ip_007779,corporate_nat
ip_007780,datacenter_proxy
ip_007781,datacenter_proxy
ip_007782,datacenter_proxy
ip_007783,residential
ip_007784,unknown
ip_007785,datacenter_proxy
ip_007786,unknown
ip_007787,datacenter_proxy
ip_007788,unknown
ip_007789,mobile_carrier
ip_007790,mobile_carrier
ip_007791,residential
ip_007792,residential
ip_007793,mobile_carrier
ip_007794,mobile_carrier
ip_007795,mobile_carrier
ip_007796,residential
ip_007797,datacenter_proxy
ip_007798,corporate_nat
ip_007799,unknown
ip_007800,datacenter_proxy
ip_007801,corporate_nat
ip_007802,unknown
ip_007803,residential
ip_007804,residential
ip_007805,residential
ip_007806,datacenter_proxy
ip_007807,unknown
ip_007808,corporate_nat
ip_007809,corporate_nat
ip_007810,corporate_nat
ip_007811,datacenter_proxy
ip_007812,mobile_carrier
ip_007813,corporate_nat
ip_007814,datacenter_proxy
ip_007815,unknown
ip_007816,corporate_nat
ip_007817,mobile_carrier
ip_007818,mobile_carrier
ip_007819,datacenter_proxy
ip_007820,corporate_nat
ip_007821,residential
ip_007822,mobile_carrier
ip_007823,unknown
ip_007824,mobile_carrier
ip_007825,residential
ip_007826,mobile_carrier
ip_007827,datacenter_proxy
ip_007828,datacenter_proxy
ip_007829,residential
ip_007830,residential
ip_007831,datacenter_proxy
ip_007832,datacenter_proxy
ip_007833,mobile_carrier
ip_007834,corporate_nat
ip_007835,unknown
ip_007836,unknown
ip_007837,datacenter_proxy
ip_007838,corporate_nat
ip_007839,mobile_carrier
ip_007840,mobile_carrier
ip_007841,unknown
ip_007842,residential
ip_007843,unknown
ip_007844,unknown
ip_007845,datacenter_proxy
ip_007846,residential
ip_007847,unknown
ip_007848,unknown
ip_007849,mobile_carrier
ip_007850,residential
ip_007851,datacenter_proxy
ip_007852,mobile_carrier
ip_007853,mobile_carrier
ip_007854,corporate_nat
ip_007855,unknown
ip_007856,residential
ip_007857,mobile_carrier
ip_007858,corporate_nat
ip_007859,datacenter_proxy
ip_007860,mobile_carrier
ip_007861,unknown
ip_007862,datacenter_proxy
ip_007863,corporate_nat
ip_007864,datacenter_proxy
ip_007865,unknown
ip_007866,corporate_nat
ip_007867,unknown
ip_007868,mobile_carrier
ip_007869,residential
ip_007870,datacenter_proxy
ip_007871,residential
ip_007872,mobile_carrier
ip_007873,residential
ip_007874,corporate_nat
ip_007875,residential
ip_007876,datacenter_proxy
ip_007877,unknown
ip_007878,datacenter_proxy
ip_007879,datacenter_proxy
ip_007880,corporate_nat
ip_007881,residential
ip_007882,corporate_nat
ip_007883,unknown
ip_007884,residential
ip_007885,mobile_carrier
ip_007886,datacenter_proxy
ip_007887,unknown
ip_007888,corporate_nat
ip_007889,unknown
ip_007890,datacenter_proxy
ip_007891,residential
ip_007892,corporate_nat
ip_007893,datacenter_proxy
ip_007894,unknown
ip_007895,mobile_carrier
ip_007896,corporate_nat
ip_007897,datacenter_proxy
ip_007898,unknown
ip_007899,unknown
ip_007900,corporate_nat
ip_007901,residential
ip_007902,mobile_carrier
ip_007903,unknown
ip_007904,corporate_nat
ip_007905,mobile_carrier
ip_007906,residential
ip_007907,corporate_nat
ip_007908,datacenter_proxy
ip_007909,residential
ip_007910,datacenter_proxy
ip_007911,corporate_nat
ip_007912,residential
ip_007913,datacenter_proxy
ip_007914,corporate_nat
ip_007915,unknown
ip_007916,residential
ip_007917,unknown
ip_007918,mobile_carrier
ip_007919,unknown
ip_007920,corporate_nat
ip_007921,residential
ip_007922,datacenter_proxy
ip_007923,unknown
ip_007924,mobile_carrier
ip_007925,unknown
ip_007926,corporate_nat
ip_007927,datacenter_proxy
ip_007928,unknown
ip_007929,residential
ip_007930,datacenter_proxy
ip_007931,datacenter_proxy
ip_007932,corporate_nat
ip_007933,corporate_nat
ip_007934,unknown
ip_007935,datacenter_proxy
ip_007936,datacenter_proxy
ip_007937,mobile_carrier
ip_007938,datacenter_proxy
ip_007939,residential
ip_007940,datacenter_proxy
ip_007941,datacenter_proxy
ip_007942,datacenter_proxy
ip_007943,mobile_carrier
ip_007944,mobile_carrier
ip_007945,unknown
ip_007946,mobile_carrier
ip_007947,datacenter_proxy
ip_007948,corporate_nat
ip_007949,mobile_carrier
ip_007950,mobile_carrier
ip_007951,residential
ip_007952,residential
ip_007953,mobile_carrier
ip_007954,datacenter_proxy
ip_007955,datacenter_proxy
ip_007956,corporate_nat
ip_007957,mobile_carrier
ip_007958,residential
ip_007959,mobile_carrier
ip_007960,residential
ip_007961,corporate_nat
ip_007962,mobile_carrier
ip_007963,unknown
ip_007964,unknown
ip_007965,unknown
ip_007966,unknown
ip_007967,residential
ip_007968,residential
ip_007969,unknown
ip_007970,mobile_carrier
ip_007971,mobile_carrier
ip_007972,unknown
ip_007973,datacenter_proxy
ip_007974,corporate_nat
ip_007975,corporate_nat
ip_007976,mobile_carrier
ip_007977,datacenter_proxy
ip_007978,unknown
ip_007979,mobile_carrier
ip_007980,mobile_carrier
ip_007981,datacenter_proxy
ip_007982,corporate_nat
ip_007983,residential
ip_007984,unknown
ip_007985,residential
ip_007986,corporate_nat
ip_007987,mobile_carrier
ip_007988,residential
ip_007989,residential
ip_007990,mobile_carrier
ip_007991,residential
ip_007992,mobile_carrier
ip_007993,residential
ip_007994,datacenter_proxy
ip_007995,mobile_carrier
ip_007996,unknown
ip_007997,corporate_nat
ip_007998,residential
ip_007999,datacenter_proxy
ip_008000,datacenter_proxy
ip_008001,residential
ip_008002,unknown
ip_008003,residential
ip_008004,datacenter_proxy
ip_008005,residential
ip_008006,residential
ip_008007,mobile_carrier
ip_008008,mobile_carrier
ip_008009,datacenter_proxy
ip_008010,datacenter_proxy
ip_008011,residential
ip_008012,corporate_nat
ip_008013,mobile_carrier
ip_008014,residential
ip_008015,mobile_carrier
ip_008016,datacenter_proxy
ip_008017,mobile_carrier
ip_008018,residential
ip_008019,residential
ip_008020,residential
ip_008021,mobile_carrier
ip_008022,mobile_carrier
ip_008023,unknown
ip_008024,mobile_carrier
ip_008025,residential
ip_008026,unknown
ip_008027,unknown
ip_008028,corporate_nat
ip_008029,corporate_nat
ip_008030,datacenter_proxy
ip_008031,residential
ip_008032,datacenter_proxy
ip_008033,unknown
ip_008034,unknown
ip_008035,residential
ip_008036,datacenter_proxy
ip_008037,mobile_carrier
ip_008038,unknown
ip_008039,mobile_carrier
ip_008040,unknown
ip_008041,corporate_nat
ip_008042,mobile_carrier
ip_008043,datacenter_proxy
ip_008044,mobile_carrier
ip_008045,unknown
ip_008046,residential
ip_008047,corporate_nat
ip_008048,datacenter_proxy
ip_008049,corporate_nat
ip_008050,unknown
ip_008051,corporate_nat
ip_008052,datacenter_proxy
ip_008053,mobile_carrier
ip_008054,datacenter_proxy
ip_008055,corporate_nat
ip_008056,corporate_nat
ip_008057,mobile_carrier
ip_008058,mobile_carrier
ip_008059,mobile_carrier
ip_008060,unknown
ip_008061,residential
ip_008062,datacenter_proxy
ip_008063,residential
ip_008064,unknown
ip_008065,corporate_nat
ip_008066,corporate_nat
ip_008067,mobile_carrier
ip_008068,residential
ip_008069,mobile_carrier
ip_008070,corporate_nat
ip_008071,mobile_carrier
ip_008072,mobile_carrier
ip_008073,unknown
ip_008074,datacenter_proxy
ip_008075,datacenter_proxy
ip_008076,corporate_nat
ip_008077,unknown
ip_008078,residential
ip_008079,residential
ip_008080,residential
ip_008081,mobile_carrier
ip_008082,mobile_carrier
ip_008083,corporate_nat
ip_008084,unknown
ip_008085,unknown
ip_008086,residential
ip_008087,mobile_carrier
ip_008088,unknown
ip_008089,unknown
ip_008090,datacenter_proxy
ip_008091,datacenter_proxy
ip_008092,corporate_nat
ip_008093,mobile_carrier
ip_008094,residential
ip_008095,mobile_carrier
ip_008096,residential
ip_008097,unknown
ip_008098,datacenter_proxy
ip_008099,residential
ip_008100,datacenter_proxy
ip_008101,residential
ip_008102,unknown
ip_008103,unknown
ip_008104,unknown
ip_008105,datacenter_proxy
ip_008106,corporate_nat
ip_008107,residential
ip_008108,datacenter_proxy
ip_008109,residential
ip_008110,unknown
ip_008111,unknown
ip_008112,residential
ip_008113,datacenter_proxy
ip_008114,datacenter_proxy
ip_008115,unknown
ip_008116,unknown
ip_008117,residential
ip_008118,corporate_nat
ip_008119,residential
ip_008120,corporate_nat
ip_008121,unknown
ip_008122,mobile_carrier
ip_008123,datacenter_proxy
ip_008124,unknown
ip_008125,residential
ip_008126,corporate_nat
ip_008127,unknown
ip_008128,residential
ip_008129,mobile_carrier
ip_008130,residential
ip_008131,residential
ip_008132,datacenter_proxy
ip_008133,mobile_carrier
ip_008134,mobile_carrier
ip_008135,mobile_carrier
ip_008136,datacenter_proxy
ip_008137,datacenter_proxy
ip_008138,corporate_nat
ip_008139,mobile_carrier
ip_008140,datacenter_proxy
ip_008141,corporate_nat
ip_008142,residential
ip_008143,corporate_nat
ip_008144,mobile_carrier
ip_008145,corporate_nat
ip_008146,datacenter_proxy
ip_008147,residential
ip_008148,corporate_nat
ip_008149,datacenter_proxy
ip_008150,datacenter_proxy
ip_008151,unknown
ip_008152,unknown
ip_008153,datacenter_proxy
ip_008154,datacenter_proxy
ip_008155,corporate_nat
ip_008156,corporate_nat
ip_008157,unknown
ip_008158,mobile_carrier
ip_008159,datacenter_proxy
ip_008160,unknown
ip_008161,mobile_carrier
ip_008162,datacenter_proxy
ip_008163,mobile_carrier
ip_008164,mobile_carrier
ip_008165,residential
ip_008166,unknown
ip_008167,residential
ip_008168,unknown
ip_008169,unknown
ip_008170,unknown
ip_008171,datacenter_proxy
ip_008172,residential
ip_008173,datacenter_proxy
ip_008174,corporate_nat
ip_008175,corporate_nat
ip_008176,residential
ip_008177,mobile_carrier
ip_008178,datacenter_proxy
ip_008179,residential
ip_008180,datacenter_proxy
ip_008181,residential
ip_008182,mobile_carrier
ip_008183,corporate_nat
ip_008184,datacenter_proxy
ip_008185,residential
ip_008186,mobile_carrier
ip_008187,mobile_carrier
ip_008188,datacenter_proxy
ip_008189,residential
ip_008190,datacenter_proxy
ip_008191,mobile_carrier
ip_008192,residential
ip_008193,mobile_carrier
ip_008194,mobile_carrier
ip_008195,residential
ip_008196,mobile_carrier
ip_008197,corporate_nat
ip_008198,datacenter_proxy
ip_008199,mobile_carrier
ip_008200,mobile_carrier
ip_008201,mobile_carrier
ip_008202,unknown
ip_008203,corporate_nat
ip_008204,unknown
ip_008205,datacenter_proxy
ip_008206,unknown
ip_008207,mobile_carrier
ip_008208,mobile_carrier
ip_008209,mobile_carrier
ip_008210,residential
ip_008211,unknown
ip_008212,residential
ip_008213,corporate_nat
ip_008214,datacenter_proxy
ip_008215,unknown
ip_008216,residential
ip_008217,mobile_carrier
ip_008218,unknown
ip_008219,unknown
ip_008220,datacenter_proxy
ip_008221,datacenter_proxy
ip_008222,corporate_nat
ip_008223,residential
ip_008224,unknown
ip_008225,corporate_nat
ip_008226,unknown
ip_008227,corporate_nat
ip_008228,datacenter_proxy
ip_008229,corporate_nat
ip_008230,unknown
ip_008231,datacenter_proxy
ip_008232,mobile_carrier
ip_008233,corporate_nat
ip_008234,mobile_carrier
ip_008235,corporate_nat
ip_008236,datacenter_proxy
ip_008237,datacenter_proxy
ip_008238,residential
ip_008239,datacenter_proxy
ip_008240,mobile_carrier
ip_008241,residential
ip_008242,mobile_carrier
ip_008243,datacenter_proxy
ip_008244,mobile_carrier
ip_008245,mobile_carrier
ip_008246,residential
ip_008247,corporate_nat
ip_008248,datacenter_proxy
ip_008249,residential
ip_008250,corporate_nat
ip_008251,mobile_carrier
ip_008252,corporate_nat
ip_008253,mobile_carrier
ip_008254,corporate_nat
ip_008255,mobile_carrier
ip_008256,mobile_carrier
ip_008257,mobile_carrier
ip_008258,datacenter_proxy
ip_008259,residential
ip_008260,unknown
ip_008261,corporate_nat
ip_008262,corporate_nat
ip_008263,datacenter_proxy
ip_008264,corporate_nat
ip_008265,residential
ip_008266,corporate_nat
ip_008267,unknown
ip_008268,mobile_carrier
ip_008269,residential
ip_008270,mobile_carrier
ip_008271,mobile_carrier
ip_008272,residential
ip_008273,residential
ip_008274,unknown
ip_008275,mobile_carrier
ip_008276,mobile_carrier
ip_008277,corporate_nat
ip_008278,mobile_carrier
ip_008279,corporate_nat
ip_008280,datacenter_proxy
ip_008281,mobile_carrier
ip_008282,residential
ip_008283,mobile_carrier
ip_008284,datacenter_proxy
ip_008285,unknown
ip_008286,unknown
ip_008287,residential
ip_008288,unknown
ip_008289,mobile_carrier
ip_008290,unknown
ip_008291,corporate_nat
ip_008292,residential
ip_008293,datacenter_proxy
ip_008294,corporate_nat
ip_008295,datacenter_proxy
ip_008296,residential
ip_008297,corporate_nat
ip_008298,datacenter_proxy
ip_008299,corporate_nat
ip_008300,corporate_nat
ip_008301,mobile_carrier
ip_008302,residential
ip_008303,corporate_nat
ip_008304,unknown
ip_008305,corporate_nat
ip_008306,datacenter_proxy
ip_008307,unknown
ip_008308,residential
ip_008309,corporate_nat
ip_008310,corporate_nat
ip_008311,datacenter_proxy
ip_008312,datacenter_proxy
ip_008313,corporate_nat
ip_008314,datacenter_proxy
ip_008315,corporate_nat
ip_008316,corporate_nat
ip_008317,corporate_nat
ip_008318,datacenter_proxy
ip_008319,corporate_nat
ip_008320,datacenter_proxy
ip_008321,datacenter_proxy
ip_008322,datacenter_proxy
ip_008323,datacenter_proxy
ip_008324,mobile_carrier
ip_008325,datacenter_proxy
ip_008326,unknown
ip_008327,mobile_carrier
ip_008328,unknown
ip_008329,unknown
ip_008330,residential
ip_008331,unknown
ip_008332,mobile_carrier
ip_008333,datacenter_proxy
ip_008334,unknown
ip_008335,datacenter_proxy
ip_008336,datacenter_proxy
ip_008337,mobile_carrier
ip_008338,unknown
ip_008339,corporate_nat
ip_008340,unknown
ip_008341,mobile_carrier
ip_008342,mobile_carrier
ip_008343,unknown
ip_008344,unknown
ip_008345,corporate_nat
ip_008346,residential
ip_008347,corporate_nat
ip_008348,datacenter_proxy
ip_008349,datacenter_proxy
ip_008350,mobile_carrier
ip_008351,datacenter_proxy
ip_008352,corporate_nat
ip_008353,datacenter_proxy
ip_008354,datacenter_proxy
ip_008355,unknown
ip_008356,mobile_carrier
ip_008357,unknown
ip_008358,residential
ip_008359,mobile_carrier
ip_008360,corporate_nat
ip_008361,datacenter_proxy
ip_008362,datacenter_proxy
ip_008363,datacenter_proxy
ip_008364,unknown
ip_008365,corporate_nat
ip_008366,corporate_nat
ip_008367,residential
ip_008368,corporate_nat
ip_008369,residential
ip_008370,datacenter_proxy
ip_008371,residential
ip_008372,corporate_nat
ip_008373,residential
ip_008374,datacenter_proxy
ip_008375,datacenter_proxy
ip_008376,unknown
ip_008377,residential
ip_008378,mobile_carrier
ip_008379,corporate_nat
ip_008380,mobile_carrier
ip_008381,residential
ip_008382,corporate_nat
ip_008383,unknown
ip_008384,unknown
ip_008385,corporate_nat
ip_008386,corporate_nat
ip_008387,corporate_nat
ip_008388,residential
ip_008389,mobile_carrier
ip_008390,residential
ip_008391,unknown
ip_008392,residential
ip_008393,residential
ip_008394,datacenter_proxy
ip_008395,datacenter_proxy
ip_008396,mobile_carrier
ip_008397,unknown
ip_008398,residential
ip_008399,corporate_nat
ip_008400,corporate_nat
ip_008401,datacenter_proxy
ip_008402,corporate_nat
ip_008403,unknown
ip_008404,residential
ip_008405,residential
ip_008406,unknown
ip_008407,corporate_nat
ip_008408,unknown
ip_008409,unknown
ip_008410,unknown
ip_008411,mobile_carrier
ip_008412,corporate_nat
ip_008413,residential
ip_008414,residential
ip_008415,mobile_carrier
ip_008416,mobile_carrier
ip_008417,corporate_nat
ip_008418,unknown
ip_008419,datacenter_proxy
ip_008420,unknown
ip_008421,residential
ip_008422,mobile_carrier
ip_008423,datacenter_proxy
ip_008424,corporate_nat
ip_008425,mobile_carrier
ip_008426,residential
ip_008427,mobile_carrier
ip_008428,unknown
ip_008429,residential
ip_008430,residential
ip_008431,datacenter_proxy
ip_008432,datacenter_proxy
ip_008433,residential
ip_008434,unknown
ip_008435,datacenter_proxy
ip_008436,corporate_nat
ip_008437,corporate_nat
ip_008438,datacenter_proxy
ip_008439,mobile_carrier
ip_008440,residential
ip_008441,mobile_carrier
ip_008442,datacenter_proxy
ip_008443,residential
ip_008444,corporate_nat
ip_008445,datacenter_proxy
ip_008446,corporate_nat
ip_008447,corporate_nat
ip_008448,mobile_carrier
ip_008449,datacenter_proxy
ip_008450,unknown
ip_008451,unknown
ip_008452,corporate_nat
ip_008453,corporate_nat
ip_008454,mobile_carrier
ip_008455,residential
ip_008456,unknown
ip_008457,corporate_nat
ip_008458,datacenter_proxy
ip_008459,residential
ip_008460,corporate_nat
ip_008461,mobile_carrier
ip_008462,residential
ip_008463,datacenter_proxy
ip_008464,corporate_nat
ip_008465,residential
ip_008466,residential
ip_008467,unknown
ip_008468,mobile_carrier
ip_008469,residential
ip_008470,residential
ip_008471,mobile_carrier
ip_008472,datacenter_proxy
ip_008473,unknown
ip_008474,unknown
ip_008475,datacenter_proxy
ip_008476,residential
ip_008477,datacenter_proxy
ip_008478,corporate_nat
ip_008479,unknown
ip_008480,unknown
ip_008481,residential
ip_008482,residential
ip_008483,unknown
ip_008484,unknown
ip_008485,datacenter_proxy
ip_008486,mobile_carrier
ip_008487,corporate_nat
ip_008488,datacenter_proxy
ip_008489,unknown
ip_008490,datacenter_proxy
ip_008491,datacenter_proxy
ip_008492,mobile_carrier
ip_008493,residential
ip_008494,unknown
ip_008495,corporate_nat
ip_008496,datacenter_proxy
ip_008497,unknown
ip_008498,residential
ip_008499,datacenter_proxy
ip_008500,unknown
ip_008501,corporate_nat
ip_008502,residential
ip_008503,mobile_carrier
ip_008504,residential
ip_008505,datacenter_proxy
ip_008506,corporate_nat
ip_008507,datacenter_proxy
ip_008508,corporate_nat
ip_008509,residential
ip_008510,unknown
ip_008511,datacenter_proxy
ip_008512,residential
ip_008513,mobile_carrier
ip_008514,corporate_nat
ip_008515,unknown
ip_008516,residential
ip_008517,corporate_nat
ip_008518,unknown
ip_008519,residential
ip_008520,unknown
ip_008521,corporate_nat
ip_008522,residential
ip_008523,residential
ip_008524,mobile_carrier
ip_008525,datacenter_proxy
ip_008526,corporate_nat
ip_008527,datacenter_proxy
ip_008528,residential
ip_008529,datacenter_proxy
ip_008530,residential
ip_008531,corporate_nat
ip_008532,mobile_carrier
ip_008533,datacenter_proxy
ip_008534,mobile_carrier
ip_008535,unknown
ip_008536,mobile_carrier
ip_008537,datacenter_proxy
ip_008538,unknown
ip_008539,unknown
ip_008540,unknown
ip_008541,unknown
ip_008542,unknown
ip_008543,corporate_nat
ip_008544,residential
ip_008545,corporate_nat
ip_008546,corporate_nat
ip_008547,datacenter_proxy
ip_008548,corporate_nat
ip_008549,unknown
ip_008550,residential
ip_008551,mobile_carrier
ip_008552,corporate_nat
ip_008553,corporate_nat
ip_008554,unknown
ip_008555,corporate_nat
ip_008556,corporate_nat
ip_008557,corporate_nat
ip_008558,unknown
ip_008559,datacenter_proxy
ip_008560,corporate_nat
ip_008561,mobile_carrier
ip_008562,mobile_carrier
ip_008563,residential
ip_008564,residential
ip_008565,mobile_carrier
ip_008566,unknown
ip_008567,corporate_nat
ip_008568,unknown
ip_008569,mobile_carrier
ip_008570,datacenter_proxy
ip_008571,mobile_carrier
ip_008572,mobile_carrier
ip_008573,corporate_nat
ip_008574,residential
ip_008575,unknown
ip_008576,unknown
ip_008577,datacenter_proxy
ip_008578,mobile_carrier
ip_008579,mobile_carrier
ip_008580,unknown
ip_008581,mobile_carrier
ip_008582,datacenter_proxy
ip_008583,unknown
ip_008584,residential
ip_008585,residential
ip_008586,datacenter_proxy
ip_008587,unknown
ip_008588,corporate_nat
ip_008589,mobile_carrier
ip_008590,datacenter_proxy
ip_008591,corporate_nat
ip_008592,datacenter_proxy
ip_008593,datacenter_proxy
ip_008594,unknown
ip_008595,unknown
ip_008596,corporate_nat
ip_008597,datacenter_proxy
ip_008598,mobile_carrier
ip_008599,mobile_carrier
ip_008600,mobile_carrier
ip_008601,residential
ip_008602,mobile_carrier
ip_008603,mobile_carrier
ip_008604,unknown
ip_008605,corporate_nat
ip_008606,unknown
ip_008607,datacenter_proxy
ip_008608,mobile_carrier
ip_008609,residential
ip_008610,residential
ip_008611,datacenter_proxy
ip_008612,datacenter_proxy
ip_008613,residential
ip_008614,unknown
ip_008615,unknown
ip_008616,residential
ip_008617,corporate_nat
ip_008618,residential
ip_008619,datacenter_proxy
ip_008620,corporate_nat
ip_008621,residential
ip_008622,residential
ip_008623,corporate_nat
ip_008624,mobile_carrier
ip_008625,unknown
ip_008626,unknown
ip_008627,residential
ip_008628,mobile_carrier
ip_008629,corporate_nat
ip_008630,corporate_nat
ip_008631,corporate_nat
ip_008632,residential
ip_008633,mobile_carrier
ip_008634,datacenter_proxy
ip_008635,unknown
ip_008636,datacenter_proxy
ip_008637,mobile_carrier
ip_008638,residential
ip_008639,residential
ip_008640,residential
ip_008641,residential
ip_008642,mobile_carrier
ip_008643,datacenter_proxy
ip_008644,residential
ip_008645,residential
ip_008646,unknown
ip_008647,corporate_nat
ip_008648,corporate_nat
ip_008649,mobile_carrier
ip_008650,corporate_nat
ip_008651,residential
ip_008652,datacenter_proxy
ip_008653,corporate_nat
ip_008654,corporate_nat
ip_008655,datacenter_proxy
ip_008656,residential
ip_008657,unknown
ip_008658,corporate_nat
ip_008659,residential
ip_008660,datacenter_proxy
ip_008661,mobile_carrier
ip_008662,corporate_nat
ip_008663,datacenter_proxy
ip_008664,datacenter_proxy
ip_008665,corporate_nat
ip_008666,corporate_nat
ip_008667,residential
ip_008668,datacenter_proxy
ip_008669,residential
ip_008670,mobile_carrier
ip_008671,residential
ip_008672,unknown
ip_008673,corporate_nat
ip_008674,corporate_nat
ip_008675,residential
ip_008676,residential
ip_008677,residential
ip_008678,datacenter_proxy
ip_008679,residential
ip_008680,datacenter_proxy
ip_008681,residential
ip_008682,unknown
ip_008683,unknown
ip_008684,mobile_carrier
ip_008685,mobile_carrier
ip_008686,datacenter_proxy
ip_008687,mobile_carrier
ip_008688,residential
ip_008689,mobile_carrier
ip_008690,residential
ip_008691,unknown
ip_008692,unknown
ip_008693,mobile_carrier
ip_008694,residential
ip_008695,unknown
ip_008696,residential
ip_008697,unknown
ip_008698,residential
ip_008699,residential
ip_008700,mobile_carrier
ip_008701,datacenter_proxy
ip_008702,datacenter_proxy
ip_008703,corporate_nat
ip_008704,mobile_carrier
ip_008705,corporate_nat
ip_008706,datacenter_proxy
ip_008707,corporate_nat
ip_008708,mobile_carrier
ip_008709,unknown
ip_008710,mobile_carrier
ip_008711,residential
ip_008712,datacenter_proxy
ip_008713,datacenter_proxy
ip_008714,corporate_nat
ip_008715,mobile_carrier
ip_008716,corporate_nat
ip_008717,mobile_carrier
ip_008718,residential
ip_008719,corporate_nat
ip_008720,residential
ip_008721,corporate_nat
ip_008722,corporate_nat
ip_008723,unknown
ip_008724,datacenter_proxy
ip_008725,datacenter_proxy
ip_008726,residential
ip_008727,residential
ip_008728,datacenter_proxy
ip_008729,datacenter_proxy
ip_008730,mobile_carrier
ip_008731,datacenter_proxy
ip_008732,residential
ip_008733,corporate_nat
ip_008734,mobile_carrier
ip_008735,unknown
ip_008736,corporate_nat
ip_008737,corporate_nat
ip_008738,mobile_carrier
ip_008739,datacenter_proxy
ip_008740,datacenter_proxy
ip_008741,datacenter_proxy
ip_008742,mobile_carrier
ip_008743,residential
ip_008744,mobile_carrier
ip_008745,unknown
ip_008746,residential
ip_008747,mobile_carrier
ip_008748,datacenter_proxy
ip_008749,residential
ip_008750,datacenter_proxy
ip_008751,mobile_carrier
ip_008752,corporate_nat
ip_008753,corporate_nat
ip_008754,corporate_nat
ip_008755,datacenter_proxy
ip_008756,unknown
ip_008757,unknown
ip_008758,datacenter_proxy
ip_008759,mobile_carrier
ip_008760,corporate_nat
ip_008761,datacenter_proxy
ip_008762,residential
ip_008763,mobile_carrier
ip_008764,unknown
ip_008765,datacenter_proxy
ip_008766,unknown
ip_008767,unknown
ip_008768,unknown
ip_008769,unknown
ip_008770,residential
ip_008771,datacenter_proxy
ip_008772,unknown
ip_008773,corporate_nat
ip_008774,residential
ip_008775,datacenter_proxy
ip_008776,residential
ip_008777,mobile_carrier
ip_008778,residential
ip_008779,residential
ip_008780,residential
ip_008781,mobile_carrier
ip_008782,corporate_nat
ip_008783,mobile_carrier
ip_008784,residential
ip_008785,corporate_nat
ip_008786,mobile_carrier
ip_008787,unknown
ip_008788,mobile_carrier
ip_008789,mobile_carrier
ip_008790,mobile_carrier
ip_008791,datacenter_proxy
ip_008792,datacenter_proxy
ip_008793,corporate_nat
ip_008794,residential
ip_008795,corporate_nat
ip_008796,datacenter_proxy
ip_008797,residential
ip_008798,datacenter_proxy
ip_008799,mobile_carrier
ip_008800,residential
ip_008801,unknown
ip_008802,residential
ip_008803,datacenter_proxy
ip_008804,datacenter_proxy
ip_008805,unknown
ip_008806,mobile_carrier
ip_008807,mobile_carrier
ip_008808,mobile_carrier
ip_008809,residential
ip_008810,unknown
ip_008811,mobile_carrier
ip_008812,datacenter_proxy
ip_008813,residential
ip_008814,corporate_nat
ip_008815,mobile_carrier
ip_008816,residential
ip_008817,residential
ip_008818,residential
ip_008819,datacenter_proxy
ip_008820,datacenter_proxy
ip_008821,residential
ip_008822,datacenter_proxy
ip_008823,residential
ip_008824,datacenter_proxy
ip_008825,residential
ip_008826,corporate_nat
ip_008827,residential
ip_008828,residential
ip_008829,residential
ip_008830,corporate_nat
ip_008831,datacenter_proxy
ip_008832,corporate_nat
ip_008833,unknown
ip_008834,corporate_nat
ip_008835,residential
ip_008836,unknown
ip_008837,residential
ip_008838,datacenter_proxy
ip_008839,corporate_nat
ip_008840,residential
ip_008841,corporate_nat
ip_008842,mobile_carrier
ip_008843,datacenter_proxy
ip_008844,unknown
ip_008845,datacenter_proxy
ip_008846,mobile_carrier
ip_008847,datacenter_proxy
ip_008848,mobile_carrier
ip_008849,residential
ip_008850,residential
ip_008851,residential
ip_008852,unknown
ip_008853,residential
ip_008854,mobile_carrier
ip_008855,mobile_carrier
ip_008856,corporate_nat
ip_008857,datacenter_proxy
ip_008858,residential
ip_008859,datacenter_proxy
ip_008860,unknown
ip_008861,corporate_nat
ip_008862,mobile_carrier
ip_008863,residential
ip_008864,residential
ip_008865,datacenter_proxy
ip_008866,mobile_carrier
ip_008867,corporate_nat
ip_008868,mobile_carrier
ip_008869,corporate_nat
ip_008870,mobile_carrier
ip_008871,residential
ip_008872,residential
ip_008873,mobile_carrier
ip_008874,datacenter_proxy
ip_008875,mobile_carrier
ip_008876,mobile_carrier
ip_008877,datacenter_proxy
ip_008878,datacenter_proxy
ip_008879,corporate_nat
ip_008880,mobile_carrier
ip_008881,unknown
ip_008882,corporate_nat
ip_008883,corporate_nat
ip_008884,corporate_nat
ip_008885,residential
ip_008886,datacenter_proxy
ip_008887,mobile_carrier
ip_008888,corporate_nat
ip_008889,residential
ip_008890,residential
ip_008891,datacenter_proxy
ip_008892,unknown
ip_008893,mobile_carrier
ip_008894,datacenter_proxy
ip_008895,residential
ip_008896,corporate_nat
ip_008897,unknown
ip_008898,unknown
ip_008899,mobile_carrier
ip_008900,residential
ip_008901,mobile_carrier
ip_008902,unknown
ip_008903,corporate_nat
ip_008904,corporate_nat
ip_008905,mobile_carrier
ip_008906,datacenter_proxy
ip_008907,datacenter_proxy
ip_008908,mobile_carrier
ip_008909,corporate_nat
ip_008910,residential
ip_008911,datacenter_proxy
ip_008912,mobile_carrier
ip_008913,datacenter_proxy
ip_008914,mobile_carrier
ip_008915,mobile_carrier
ip_008916,corporate_nat
ip_008917,corporate_nat
ip_008918,residential
ip_008919,datacenter_proxy
ip_008920,mobile_carrier
ip_008921,unknown
ip_008922,mobile_carrier
ip_008923,residential
ip_008924,datacenter_proxy
ip_008925,residential
ip_008926,mobile_carrier
ip_008927,mobile_carrier
ip_008928,residential
ip_008929,residential
ip_008930,corporate_nat
ip_008931,datacenter_proxy
ip_008932,residential
ip_008933,corporate_nat
ip_008934,mobile_carrier
ip_008935,datacenter_proxy
ip_008936,corporate_nat
ip_008937,residential
ip_008938,residential
ip_008939,datacenter_proxy
ip_008940,unknown
ip_008941,unknown
ip_008942,residential
ip_008943,datacenter_proxy
ip_008944,unknown
ip_008945,datacenter_proxy
ip_008946,unknown
ip_008947,mobile_carrier
ip_008948,datacenter_proxy
ip_008949,datacenter_proxy
ip_008950,residential
ip_008951,residential
ip_008952,unknown
ip_008953,unknown
ip_008954,corporate_nat
ip_008955,residential
ip_008956,mobile_carrier
ip_008957,residential
ip_008958,mobile_carrier
ip_008959,mobile_carrier
ip_008960,mobile_carrier
ip_008961,datacenter_proxy
ip_008962,mobile_carrier
ip_008963,datacenter_proxy
ip_008964,corporate_nat
ip_008965,corporate_nat
ip_008966,mobile_carrier
ip_008967,corporate_nat
ip_008968,mobile_carrier
ip_008969,unknown
ip_008970,datacenter_proxy
ip_008971,corporate_nat
ip_008972,datacenter_proxy
ip_008973,unknown
ip_008974,datacenter_proxy
ip_008975,residential
ip_008976,residential
ip_008977,datacenter_proxy
ip_008978,unknown
ip_008979,mobile_carrier
ip_008980,corporate_nat
ip_008981,mobile_carrier
ip_008982,corporate_nat
ip_008983,residential
ip_008984,datacenter_proxy
ip_008985,mobile_carrier
ip_008986,residential
ip_008987,mobile_carrier
ip_008988,residential
ip_008989,unknown
ip_008990,corporate_nat
ip_008991,datacenter_proxy
ip_008992,residential
ip_008993,residential
ip_008994,residential
ip_008995,unknown
ip_008996,mobile_carrier
ip_008997,unknown
ip_008998,datacenter_proxy
ip_008999,unknown
ip_009000,unknown
ip_009001,datacenter_proxy
ip_009002,mobile_carrier
ip_009003,residential
ip_009004,unknown
ip_009005,mobile_carrier
ip_009006,corporate_nat
ip_009007,unknown
ip_009008,residential
ip_009009,mobile_carrier
ip_009010,mobile_carrier
ip_009011,residential
ip_009012,unknown
ip_009013,mobile_carrier
ip_009014,datacenter_proxy
ip_009015,unknown
ip_009016,corporate_nat
ip_009017,unknown
ip_009018,residential
ip_009019,unknown
ip_009020,mobile_carrier
ip_009021,datacenter_proxy
ip_009022,corporate_nat
ip_009023,datacenter_proxy
ip_009024,datacenter_proxy
ip_009025,unknown
ip_009026,residential
ip_009027,datacenter_proxy
ip_009028,corporate_nat
ip_009029,unknown
ip_009030,unknown
ip_009031,corporate_nat
ip_009032,mobile_carrier
ip_009033,residential
ip_009034,datacenter_proxy
ip_009035,residential
ip_009036,residential
ip_009037,unknown
ip_009038,mobile_carrier
ip_009039,mobile_carrier
ip_009040,residential
ip_009041,datacenter_proxy
ip_009042,corporate_nat
ip_009043,datacenter_proxy
ip_009044,unknown
ip_009045,unknown
ip_009046,residential
ip_009047,unknown
ip_009048,unknown
ip_009049,residential
ip_009050,datacenter_proxy
ip_009051,unknown
ip_009052,corporate_nat
ip_009053,residential
ip_009054,residential
ip_009055,corporate_nat
ip_009056,residential
ip_009057,datacenter_proxy
ip_009058,unknown
ip_009059,mobile_carrier
ip_009060,unknown
ip_009061,corporate_nat
ip_009062,unknown
ip_009063,corporate_nat
ip_009064,corporate_nat
ip_009065,corporate_nat
ip_009066,corporate_nat
ip_009067,residential
ip_009068,corporate_nat
ip_009069,mobile_carrier
ip_009070,datacenter_proxy
ip_009071,datacenter_proxy
ip_009072,datacenter_proxy
ip_009073,corporate_nat
ip_009074,mobile_carrier
ip_009075,residential
ip_009076,corporate_nat
ip_009077,unknown
ip_009078,mobile_carrier
ip_009079,datacenter_proxy
ip_009080,residential
ip_009081,datacenter_proxy
ip_009082,corporate_nat
ip_009083,datacenter_proxy
ip_009084,residential
ip_009085,mobile_carrier
ip_009086,residential
ip_009087,corporate_nat
ip_009088,mobile_carrier
ip_009089,corporate_nat
ip_009090,datacenter_proxy
ip_009091,datacenter_proxy
ip_009092,corporate_nat
ip_009093,corporate_nat
ip_009094,corporate_nat
ip_009095,mobile_carrier
ip_009096,datacenter_proxy
ip_009097,corporate_nat
ip_009098,datacenter_proxy
ip_009099,mobile_carrier
ip_009100,corporate_nat
ip_009101,residential
ip_009102,mobile_carrier
ip_009103,corporate_nat
ip_009104,residential
ip_009105,unknown
ip_009106,mobile_carrier
ip_009107,corporate_nat
ip_009108,residential
ip_009109,datacenter_proxy
ip_009110,unknown
ip_009111,corporate_nat
ip_009112,datacenter_proxy
ip_009113,mobile_carrier
ip_009114,residential
ip_009115,mobile_carrier
ip_009116,unknown
ip_009117,datacenter_proxy
ip_009118,residential
ip_009119,unknown
ip_009120,unknown
ip_009121,mobile_carrier
ip_009122,corporate_nat
ip_009123,mobile_carrier
ip_009124,residential
ip_009125,mobile_carrier
ip_009126,unknown
ip_009127,corporate_nat
ip_009128,mobile_carrier
ip_009129,corporate_nat
ip_009130,residential
ip_009131,unknown
ip_009132,mobile_carrier
ip_009133,mobile_carrier
ip_009134,unknown
ip_009135,datacenter_proxy
ip_009136,datacenter_proxy
ip_009137,unknown
ip_009138,unknown
ip_009139,corporate_nat
ip_009140,datacenter_proxy
ip_009141,mobile_carrier
ip_009142,corporate_nat
ip_009143,datacenter_proxy
ip_009144,corporate_nat
ip_009145,datacenter_proxy
ip_009146,unknown
ip_009147,mobile_carrier
ip_009148,datacenter_proxy
ip_009149,corporate_nat
ip_009150,corporate_nat
ip_009151,unknown
ip_009152,residential
ip_009153,datacenter_proxy
ip_009154,residential
ip_009155,corporate_nat
ip_009156,unknown
ip_009157,corporate_nat
ip_009158,residential
ip_009159,corporate_nat
ip_009160,mobile_carrier
ip_009161,residential
ip_009162,residential
ip_009163,residential
ip_009164,corporate_nat
ip_009165,corporate_nat
ip_009166,residential
ip_009167,residential
ip_009168,residential
ip_009169,datacenter_proxy
ip_009170,mobile_carrier
ip_009171,corporate_nat
ip_009172,mobile_carrier
ip_009173,residential
ip_009174,corporate_nat
ip_009175,mobile_carrier
ip_009176,datacenter_proxy
ip_009177,unknown
ip_009178,mobile_carrier
ip_009179,unknown
ip_009180,mobile_carrier
ip_009181,residential
ip_009182,corporate_nat
ip_009183,corporate_nat
ip_009184,corporate_nat
ip_009185,corporate_nat
ip_009186,corporate_nat
ip_009187,corporate_nat
ip_009188,corporate_nat
ip_009189,residential
ip_009190,unknown
ip_009191,datacenter_proxy
ip_009192,corporate_nat
ip_009193,unknown
ip_009194,mobile_carrier
ip_009195,datacenter_proxy
ip_009196,residential
ip_009197,unknown
ip_009198,mobile_carrier
ip_009199,corporate_nat
ip_009200,unknown
ip_009201,residential
ip_009202,corporate_nat
ip_009203,datacenter_proxy
ip_009204,residential
ip_009205,unknown
ip_009206,mobile_carrier
ip_009207,unknown
ip_009208,datacenter_proxy
ip_009209,unknown
ip_009210,corporate_nat
ip_009211,datacenter_proxy
ip_009212,unknown
ip_009213,corporate_nat
ip_009214,residential
ip_009215,corporate_nat
ip_009216,residential
ip_009217,datacenter_proxy
ip_009218,unknown
ip_009219,corporate_nat
ip_009220,corporate_nat
ip_009221,datacenter_proxy
ip_009222,residential
ip_009223,unknown
ip_009224,residential
ip_009225,unknown
ip_009226,unknown
ip_009227,corporate_nat
ip_009228,datacenter_proxy
ip_009229,residential
ip_009230,mobile_carrier
ip_009231,residential
ip_009232,unknown
ip_009233,corporate_nat
ip_009234,residential
ip_009235,datacenter_proxy
ip_009236,unknown
ip_009237,mobile_carrier
ip_009238,mobile_carrier
ip_009239,unknown
ip_009240,unknown
ip_009241,unknown
ip_009242,corporate_nat
ip_009243,unknown
ip_009244,residential
ip_009245,corporate_nat
ip_009246,datacenter_proxy
ip_009247,mobile_carrier
ip_009248,datacenter_proxy
ip_009249,corporate_nat
ip_009250,unknown
ip_009251,residential
ip_009252,residential
ip_009253,corporate_nat
ip_009254,corporate_nat
ip_009255,datacenter_proxy
ip_009256,residential
ip_009257,mobile_carrier
ip_009258,unknown
ip_009259,mobile_carrier
ip_009260,datacenter_proxy
ip_009261,corporate_nat
ip_009262,mobile_carrier
ip_009263,mobile_carrier
ip_009264,mobile_carrier
ip_009265,mobile_carrier
ip_009266,residential
ip_009267,datacenter_proxy
ip_009268,datacenter_proxy
ip_009269,residential
ip_009270,residential
ip_009271,mobile_carrier
ip_009272,corporate_nat
ip_009273,mobile_carrier
ip_009274,mobile_carrier
ip_009275,unknown
ip_009276,unknown
ip_009277,corporate_nat
ip_009278,corporate_nat
ip_009279,mobile_carrier
ip_009280,unknown
ip_009281,residential
ip_009282,residential
ip_009283,unknown
ip_009284,residential
ip_009285,unknown
ip_009286,corporate_nat
ip_009287,unknown
ip_009288,corporate_nat
ip_009289,unknown
ip_009290,mobile_carrier
ip_009291,residential
ip_009292,corporate_nat
ip_009293,unknown
ip_009294,mobile_carrier
ip_009295,datacenter_proxy
ip_009296,datacenter_proxy
ip_009297,unknown
ip_009298,unknown
ip_009299,corporate_nat
ip_009300,mobile_carrier
ip_009301,unknown
ip_009302,datacenter_proxy
ip_009303,mobile_carrier
ip_009304,corporate_nat
ip_009305,datacenter_proxy
ip_009306,residential
ip_009307,mobile_carrier
ip_009308,datacenter_proxy
ip_009309,mobile_carrier
ip_009310,residential
ip_009311,mobile_carrier
ip_009312,corporate_nat
ip_009313,corporate_nat
ip_009314,residential
ip_009315,datacenter_proxy
ip_009316,residential
ip_009317,datacenter_proxy
ip_009318,datacenter_proxy
ip_009319,datacenter_proxy
ip_009320,datacenter_proxy
ip_009321,residential
ip_009322,datacenter_proxy
ip_009323,corporate_nat
ip_009324,corporate_nat
ip_009325,residential
ip_009326,residential
ip_009327,unknown
ip_009328,residential
ip_009329,datacenter_proxy
ip_009330,residential
ip_009331,residential
ip_009332,unknown
ip_009333,mobile_carrier
ip_009334,mobile_carrier
ip_009335,corporate_nat
ip_009336,residential
ip_009337,unknown
ip_009338,corporate_nat
ip_009339,datacenter_proxy
ip_009340,corporate_nat
ip_009341,residential
ip_009342,corporate_nat
ip_009343,mobile_carrier
ip_009344,residential
ip_009345,corporate_nat
ip_009346,datacenter_proxy
ip_009347,datacenter_proxy
ip_009348,unknown
ip_009349,residential
ip_009350,datacenter_proxy
ip_009351,residential
ip_009352,corporate_nat
ip_009353,datacenter_proxy
ip_009354,unknown
ip_009355,corporate_nat
ip_009356,residential
ip_009357,datacenter_proxy
ip_009358,residential
ip_009359,unknown
ip_009360,unknown
ip_009361,corporate_nat
ip_009362,residential
ip_009363,residential
ip_009364,mobile_carrier
ip_009365,mobile_carrier
ip_009366,unknown
ip_009367,corporate_nat
ip_009368,residential
ip_009369,datacenter_proxy
ip_009370,corporate_nat
ip_009371,residential
ip_009372,datacenter_proxy
ip_009373,corporate_nat
ip_009374,mobile_carrier
ip_009375,datacenter_proxy
ip_009376,mobile_carrier
ip_009377,corporate_nat
ip_009378,mobile_carrier
ip_009379,datacenter_proxy
ip_009380,unknown
ip_009381,mobile_carrier
ip_009382,datacenter_proxy
ip_009383,corporate_nat
ip_009384,corporate_nat
ip_009385,mobile_carrier
ip_009386,mobile_carrier
ip_009387,residential
ip_009388,datacenter_proxy
ip_009389,mobile_carrier
ip_009390,corporate_nat
ip_009391,unknown
ip_009392,unknown
ip_009393,residential
ip_009394,mobile_carrier
ip_009395,corporate_nat
ip_009396,datacenter_proxy
ip_009397,datacenter_proxy
ip_009398,unknown
ip_009399,residential
ip_009400,corporate_nat
ip_009401,residential
ip_009402,datacenter_proxy
ip_009403,corporate_nat
ip_009404,residential
ip_009405,unknown
ip_009406,mobile_carrier
ip_009407,datacenter_proxy
ip_009408,unknown
ip_009409,unknown
ip_009410,residential
ip_009411,corporate_nat
ip_009412,mobile_carrier
ip_009413,mobile_carrier
ip_009414,residential
ip_009415,unknown
ip_009416,residential
ip_009417,unknown
ip_009418,unknown
ip_009419,datacenter_proxy
ip_009420,unknown
ip_009421,mobile_carrier
ip_009422,mobile_carrier
ip_009423,mobile_carrier
ip_009424,datacenter_proxy
ip_009425,mobile_carrier
ip_009426,datacenter_proxy
ip_009427,unknown
ip_009428,residential
ip_009429,datacenter_proxy
ip_009430,mobile_carrier
ip_009431,mobile_carrier
ip_009432,corporate_nat
ip_009433,residential
ip_009434,mobile_carrier
ip_009435,mobile_carrier
ip_009436,residential
ip_009437,mobile_carrier
ip_009438,residential
ip_009439,mobile_carrier
ip_009440,mobile_carrier
ip_009441,datacenter_proxy
ip_009442,datacenter_proxy
ip_009443,mobile_carrier
ip_009444,residential
ip_009445,unknown
ip_009446,corporate_nat
ip_009447,residential
ip_009448,residential
ip_009449,datacenter_proxy
ip_009450,datacenter_proxy
ip_009451,mobile_carrier
ip_009452,unknown
ip_009453,unknown
ip_009454,corporate_nat
ip_009455,residential
ip_009456,residential
ip_009457,residential
ip_009458,corporate_nat
ip_009459,mobile_carrier
ip_009460,residential
ip_009461,mobile_carrier
ip_009462,residential
ip_009463,mobile_carrier
ip_009464,unknown
ip_009465,residential
ip_009466,datacenter_proxy
ip_009467,datacenter_proxy
ip_009468,residential
ip_009469,unknown
ip_009470,residential
ip_009471,mobile_carrier
ip_009472,mobile_carrier
ip_009473,datacenter_proxy
ip_009474,mobile_carrier
ip_009475,mobile_carrier
ip_009476,unknown
ip_009477,mobile_carrier
ip_009478,residential
ip_009479,residential
ip_009480,residential
ip_009481,residential
ip_009482,mobile_carrier
ip_009483,residential
ip_009484,residential
ip_009485,mobile_carrier
ip_009486,datacenter_proxy
ip_009487,mobile_carrier
ip_009488,mobile_carrier
ip_009489,mobile_carrier
ip_009490,unknown
ip_009491,datacenter_proxy
ip_009492,datacenter_proxy
ip_009493,unknown
ip_009494,corporate_nat
ip_009495,mobile_carrier
ip_009496,unknown
ip_009497,datacenter_proxy
ip_009498,mobile_carrier
ip_009499,corporate_nat
ip_009500,mobile_carrier
ip_009501,datacenter_proxy
ip_009502,residential
ip_009503,mobile_carrier
ip_009504,unknown
ip_009505,unknown
ip_009506,unknown
ip_009507,corporate_nat
ip_009508,mobile_carrier
ip_009509,datacenter_proxy
ip_009510,datacenter_proxy
ip_009511,corporate_nat
ip_009512,mobile_carrier
ip_009513,datacenter_proxy
ip_009514,datacenter_proxy
ip_009515,residential
ip_009516,residential
ip_009517,corporate_nat
ip_009518,unknown
ip_009519,residential
ip_009520,datacenter_proxy
ip_009521,unknown
ip_009522,mobile_carrier
ip_009523,residential
ip_009524,residential
ip_009525,unknown
ip_009526,residential
ip_009527,corporate_nat
ip_009528,residential
ip_009529,datacenter_proxy
ip_009530,mobile_carrier
ip_009531,corporate_nat
ip_009532,mobile_carrier
ip_009533,residential
ip_009534,unknown
ip_009535,residential
ip_009536,mobile_carrier
ip_009537,unknown
ip_009538,mobile_carrier
ip_009539,unknown
ip_009540,residential
ip_009541,mobile_carrier
ip_009542,corporate_nat
ip_009543,residential
ip_009544,mobile_carrier
ip_009545,residential
ip_009546,datacenter_proxy
ip_009547,residential
ip_009548,datacenter_proxy
ip_009549,mobile_carrier
ip_009550,residential
ip_009551,datacenter_proxy
ip_009552,mobile_carrier
ip_009553,datacenter_proxy
ip_009554,datacenter_proxy
ip_009555,datacenter_proxy
ip_009556,corporate_nat
ip_009557,residential
ip_009558,residential
ip_009559,corporate_nat
ip_009560,corporate_nat
ip_009561,corporate_nat
ip_009562,residential
ip_009563,unknown
ip_009564,datacenter_proxy
ip_009565,datacenter_proxy
ip_009566,datacenter_proxy
ip_009567,residential
ip_009568,corporate_nat
ip_009569,mobile_carrier
ip_009570,mobile_carrier
ip_009571,datacenter_proxy
ip_009572,residential
ip_009573,datacenter_proxy
ip_009574,unknown
ip_009575,mobile_carrier
ip_009576,mobile_carrier
ip_009577,mobile_carrier
ip_009578,datacenter_proxy
ip_009579,unknown
ip_009580,datacenter_proxy
ip_009581,mobile_carrier
ip_009582,mobile_carrier
ip_009583,unknown
ip_009584,unknown
ip_009585,corporate_nat
ip_009586,mobile_carrier
ip_009587,mobile_carrier
ip_009588,residential
ip_009589,unknown
ip_009590,corporate_nat
ip_009591,corporate_nat
ip_009592,unknown
ip_009593,residential
ip_009594,residential
ip_009595,corporate_nat
ip_009596,datacenter_proxy
ip_009597,corporate_nat
ip_009598,mobile_carrier
ip_009599,mobile_carrier
ip_009600,datacenter_proxy
ip_009601,unknown
ip_009602,corporate_nat
ip_009603,unknown
ip_009604,datacenter_proxy
ip_009605,mobile_carrier
ip_009606,unknown
ip_009607,residential
ip_009608,mobile_carrier
ip_009609,mobile_carrier
ip_009610,unknown
ip_009611,unknown
ip_009612,mobile_carrier
ip_009613,residential
ip_009614,residential
ip_009615,unknown
ip_009616,mobile_carrier
ip_009617,datacenter_proxy
ip_009618,mobile_carrier
ip_009619,unknown
ip_009620,mobile_carrier
ip_009621,datacenter_proxy
ip_009622,corporate_nat
ip_009623,unknown
ip_009624,corporate_nat
ip_009625,mobile_carrier
ip_009626,unknown
ip_009627,unknown
ip_009628,datacenter_proxy
ip_009629,unknown
ip_009630,residential
ip_009631,datacenter_proxy
ip_009632,corporate_nat
ip_009633,datacenter_proxy
ip_009634,datacenter_proxy
ip_009635,datacenter_proxy
ip_009636,datacenter_proxy
ip_009637,mobile_carrier
ip_009638,unknown
ip_009639,datacenter_proxy
ip_009640,corporate_nat
ip_009641,datacenter_proxy
ip_009642,unknown
ip_009643,residential
ip_009644,mobile_carrier
ip_009645,corporate_nat
ip_009646,mobile_carrier
ip_009647,corporate_nat
ip_009648,mobile_carrier
ip_009649,residential
ip_009650,unknown
ip_009651,residential
ip_009652,unknown
ip_009653,datacenter_proxy
ip_009654,residential
ip_009655,datacenter_proxy
ip_009656,corporate_nat
ip_009657,unknown
ip_009658,unknown
ip_009659,datacenter_proxy
ip_009660,mobile_carrier
ip_009661,datacenter_proxy
ip_009662,datacenter_proxy
ip_009663,datacenter_proxy
ip_009664,datacenter_proxy
ip_009665,datacenter_proxy
ip_009666,datacenter_proxy
ip_009667,residential
ip_009668,unknown
ip_009669,residential
ip_009670,unknown
ip_009671,residential
ip_009672,unknown
ip_009673,corporate_nat
ip_009674,mobile_carrier
ip_009675,corporate_nat
ip_009676,datacenter_proxy
ip_009677,mobile_carrier
ip_009678,corporate_nat
ip_009679,mobile_carrier
ip_009680,unknown
ip_009681,unknown
ip_009682,corporate_nat
ip_009683,residential
ip_009684,datacenter_proxy
ip_009685,datacenter_proxy
ip_009686,unknown
ip_009687,datacenter_proxy
ip_009688,residential
ip_009689,unknown
ip_009690,mobile_carrier
ip_009691,datacenter_proxy
ip_009692,datacenter_proxy
ip_009693,mobile_carrier
ip_009694,unknown
ip_009695,residential
ip_009696,residential
ip_009697,mobile_carrier
ip_009698,datacenter_proxy
ip_009699,corporate_nat
ip_009700,unknown
ip_009701,datacenter_proxy
ip_009702,datacenter_proxy
ip_009703,residential
ip_009704,mobile_carrier
ip_009705,mobile_carrier
ip_009706,datacenter_proxy
ip_009707,datacenter_proxy
ip_009708,datacenter_proxy
ip_009709,residential
ip_009710,mobile_carrier
ip_009711,residential
ip_009712,mobile_carrier
ip_009713,datacenter_proxy
ip_009714,datacenter_proxy
ip_009715,residential
ip_009716,corporate_nat
ip_009717,mobile_carrier
ip_009718,residential
ip_009719,residential
ip_009720,mobile_carrier
ip_009721,mobile_carrier
ip_009722,mobile_carrier
ip_009723,mobile_carrier
ip_009724,unknown
ip_009725,mobile_carrier
ip_009726,residential
ip_009727,unknown
ip_009728,unknown
ip_009729,unknown
ip_009730,mobile_carrier
ip_009731,datacenter_proxy
ip_009732,mobile_carrier
ip_009733,corporate_nat
ip_009734,mobile_carrier
ip_009735,datacenter_proxy
ip_009736,corporate_nat
ip_009737,datacenter_proxy
ip_009738,mobile_carrier
ip_009739,mobile_carrier
ip_009740,unknown
ip_009741,mobile_carrier
ip_009742,mobile_carrier
ip_009743,mobile_carrier
ip_009744,mobile_carrier
ip_009745,datacenter_proxy
ip_009746,datacenter_proxy
ip_009747,datacenter_proxy
ip_009748,corporate_nat
ip_009749,corporate_nat
ip_009750,mobile_carrier
ip_009751,mobile_carrier
ip_009752,corporate_nat
ip_009753,residential
ip_009754,mobile_carrier
ip_009755,residential
ip_009756,unknown
ip_009757,mobile_carrier
ip_009758,corporate_nat
ip_009759,residential
ip_009760,datacenter_proxy
ip_009761,corporate_nat
ip_009762,datacenter_proxy
ip_009763,datacenter_proxy
ip_009764,corporate_nat
ip_009765,unknown
ip_009766,corporate_nat
ip_009767,datacenter_proxy
ip_009768,datacenter_proxy
ip_009769,unknown
ip_009770,mobile_carrier
ip_009771,unknown
ip_009772,unknown
ip_009773,datacenter_proxy
ip_009774,residential
ip_009775,unknown
ip_009776,unknown
ip_009777,mobile_carrier
ip_009778,corporate_nat
ip_009779,datacenter_proxy
ip_009780,datacenter_proxy
ip_009781,residential
ip_009782,corporate_nat
ip_009783,datacenter_proxy
ip_009784,datacenter_proxy
ip_009785,unknown
ip_009786,unknown
ip_009787,residential
ip_009788,corporate_nat
ip_009789,datacenter_proxy
ip_009790,datacenter_proxy
ip_009791,mobile_carrier
ip_009792,mobile_carrier
ip_009793,unknown
ip_009794,corporate_nat
ip_009795,unknown
ip_009796,mobile_carrier
ip_009797,corporate_nat
ip_009798,mobile_carrier
ip_009799,residential
ip_009800,residential
ip_009801,datacenter_proxy
ip_009802,unknown
ip_009803,datacenter_proxy
ip_009804,residential
ip_009805,datacenter_proxy
ip_009806,mobile_carrier
ip_009807,corporate_nat
ip_009808,datacenter_proxy
ip_009809,datacenter_proxy
ip_009810,datacenter_proxy
ip_009811,unknown
ip_009812,mobile_carrier
ip_009813,corporate_nat
ip_009814,mobile_carrier
ip_009815,datacenter_proxy
ip_009816,residential
ip_009817,datacenter_proxy
ip_009818,mobile_carrier
ip_009819,unknown
ip_009820,residential
ip_009821,unknown
ip_009822,residential
ip_009823,datacenter_proxy
ip_009824,corporate_nat
ip_009825,datacenter_proxy
ip_009826,unknown
ip_009827,mobile_carrier
ip_009828,residential
ip_009829,datacenter_proxy
ip_009830,corporate_nat
ip_009831,mobile_carrier
ip_009832,unknown
ip_009833,corporate_nat
ip_009834,mobile_carrier
ip_009835,residential
ip_009836,residential
ip_009837,datacenter_proxy
ip_009838,unknown
ip_009839,residential
ip_009840,mobile_carrier
ip_009841,datacenter_proxy
ip_009842,unknown
ip_009843,datacenter_proxy
ip_009844,unknown
ip_009845,residential
ip_009846,datacenter_proxy
ip_009847,unknown
ip_009848,unknown
ip_009849,corporate_nat
ip_009850,corporate_nat
ip_009851,residential
ip_009852,datacenter_proxy
ip_009853,residential
ip_009854,residential
ip_009855,unknown
ip_009856,residential
ip_009857,corporate_nat
ip_009858,corporate_nat
ip_009859,mobile_carrier
ip_009860,unknown
ip_009861,residential
ip_009862,corporate_nat
ip_009863,corporate_nat
ip_009864,datacenter_proxy
ip_009865,mobile_carrier
ip_009866,corporate_nat
ip_009867,corporate_nat
ip_009868,datacenter_proxy
ip_009869,unknown
ip_009870,corporate_nat
ip_009871,mobile_carrier
ip_009872,unknown
ip_009873,mobile_carrier
ip_009874,residential
ip_009875,unknown
ip_009876,residential
ip_009877,residential
ip_009878,datacenter_proxy
ip_009879,unknown
ip_009880,mobile_carrier
ip_009881,unknown
ip_009882,unknown
ip_009883,residential
ip_009884,residential
ip_009885,corporate_nat
ip_009886,unknown
ip_009887,mobile_carrier
ip_009888,datacenter_proxy
ip_009889,mobile_carrier
ip_009890,residential
ip_009891,corporate_nat
ip_009892,residential
ip_009893,residential
ip_009894,unknown
ip_009895,corporate_nat
ip_009896,unknown
ip_009897,datacenter_proxy
ip_009898,unknown
ip_009899,residential
ip_009900,mobile_carrier
