session_id,account_id,device_id,ip_id,started_at,ended_at
session_000001,acct_000816,device_000192,ip_007809,2025-12-31T00:10:07,2025-12-31T00:11:04
session_000002,acct_000745,device_001187,ip_007218,2025-07-20T05:49:24,2025-07-20T05:50:12
session_000003,acct_000844,device_001187,ip_007218,2025-07-20T05:50:26,2025-07-20T05:50:34
session_000004,acct_000768,device_001187,ip_007218,2025-07-20T05:49:50,2025-07-20T05:50:06
session_000005,acct_000802,device_001187,ip_007218,2025-07-20T05:51:34,2025-07-20T05:52:07
session_000006,acct_000830,device_007385,ip_004670,2025-09-29T21:34:41,2025-09-29T21:35:06
session_000007,acct_000796,device_007385,ip_004670,2025-09-29T21:34:39,2025-09-29T21:35:28
session_000008,acct_000822,device_007385,ip_004670,2025-09-29T21:39:32,2025-09-29T21:39:43
session_000009,acct_000784,device_007385,ip_004670,2025-09-29T21:38:22,2025-09-29T21:38:50
session_000010,acct_000771,device_007385,ip_004670,2025-09-29T21:33:59,2025-09-29T21:34:44
session_000011,acct_000835,device_007385,ip_004670,2025-09-29T21:34:55,2025-09-29T21:35:53
session_000012,acct_000683,device_007385,ip_004670,2025-09-29T21:37:48,2025-09-29T21:38:42
session_000013,acct_000763,device_001309,ip_007401,2025-10-31T12:29:36,2025-10-31T12:30:03
session_000014,acct_000806,device_001309,ip_007401,2025-10-31T12:32:18,2025-10-31T12:33:04
session_000015,acct_000878,device_001309,ip_007401,2025-10-31T12:35:02,2025-10-31T12:35:21
session_000016,acct_000847,device_001309,ip_007401,2025-10-31T12:43:38,2025-10-31T12:44:29
session_000017,acct_000688,device_001309,ip_007401,2025-10-31T12:31:29,2025-10-31T12:32:04
session_000018,acct_000686,device_001309,ip_007401,2025-10-31T12:34:22,2025-10-31T12:35:22
session_000019,acct_000732,device_001309,ip_007401,2025-10-31T12:41:16,2025-10-31T12:41:42
session_000020,acct_000854,device_001309,ip_007401,2025-10-31T12:44:13,2025-10-31T12:44:37
session_000021,acct_000825,device_001309,ip_007401,2025-10-31T12:35:53,2025-10-31T12:36:37
session_000022,acct_000762,device_007693,ip_005156,2025-06-01T13:54:49,2025-06-01T13:55:06
session_000023,acct_000752,device_007693,ip_005156,2025-06-01T13:46:55,2025-06-01T13:47:28
session_000024,acct_000774,device_007693,ip_005156,2025-06-01T13:47:13,2025-06-01T13:48:12
session_000025,acct_000877,device_007693,ip_005156,2025-06-01T13:48:50,2025-06-01T13:49:42
session_000026,acct_000810,device_007693,ip_005156,2025-06-01T13:50:15,2025-06-01T13:50:38
session_000027,acct_000854,device_007693,ip_005156,2025-06-01T13:47:43,2025-06-01T13:48:34
session_000028,acct_000790,device_007693,ip_005156,2025-06-01T13:56:10,2025-06-01T13:57:10
session_000029,acct_000794,device_008014,ip_004578,2025-11-08T02:12:57,2025-11-08T02:13:34
session_000030,acct_000699,device_008014,ip_004578,2025-11-08T02:06:23,2025-11-08T02:06:46
session_000031,acct_000834,device_008014,ip_004578,2025-11-08T01:56:28,2025-11-08T01:56:46
session_000032,acct_000747,device_006029,ip_007936,2025-04-29T06:15:11,2025-04-29T06:16:05
session_000033,acct_000867,device_003349,ip_001679,2025-11-15T16:40:34,2025-11-15T16:41:13
session_000034,acct_000820,device_003349,ip_001679,2025-11-15T16:39:27,2025-11-15T16:40:20
session_000035,acct_000760,device_003349,ip_001679,2025-11-15T16:48:43,2025-11-15T16:49:38
session_000036,acct_000708,device_003349,ip_001679,2025-11-15T16:44:16,2025-11-15T16:44:58
session_000037,acct_000801,device_003349,ip_001679,2025-11-15T16:41:45,2025-11-15T16:42:36
session_000038,acct_000664,device_003349,ip_001679,2025-11-15T16:40:46,2025-11-15T16:41:15
session_000039,acct_000808,device_003349,ip_001679,2025-11-15T16:43:52,2025-11-15T16:44:40
session_000040,acct_000875,device_003349,ip_001679,2025-11-15T16:43:29,2025-11-15T16:43:34
session_000041,acct_000795,device_003349,ip_001679,2025-11-15T16:36:45,2025-11-15T16:37:10
session_000042,acct_000814,device_007312,ip_000132,2025-03-31T23:27:17,2025-03-31T23:27:54
session_000043,acct_000841,device_007312,ip_000132,2025-03-31T23:25:35,2025-03-31T23:25:43
session_000044,acct_000764,device_007312,ip_000132,2025-03-31T23:21:26,2025-03-31T23:21:39
session_000045,acct_000713,device_007312,ip_000132,2025-03-31T23:22:47,2025-03-31T23:22:57
session_000046,acct_000760,device_007312,ip_000132,2025-03-31T23:24:36,2025-03-31T23:25:09
session_000047,acct_000689,device_007312,ip_000132,2025-03-31T23:25:27,2025-03-31T23:26:07
session_000048,acct_000821,device_007312,ip_000132,2025-03-31T23:22:12,2025-03-31T23:23:12
session_000049,acct_000866,device_000437,ip_008235,2025-11-21T19:03:56,2025-11-21T19:04:56
session_000050,acct_000743,device_008494,ip_008839,2025-09-12T01:23:17,2025-09-12T01:23:44
session_000051,acct_000858,device_008494,ip_008839,2025-09-13T06:43:02,2025-09-13T06:43:13
session_000052,acct_000814,device_003763,ip_003701,2025-02-04T04:56:31,2025-02-04T04:57:14
session_000053,acct_000788,device_003763,ip_003701,2025-02-04T18:39:24,2025-02-04T18:39:57
session_000054,acct_000866,device_003763,ip_003701,2025-02-05T04:50:15,2025-02-05T04:50:29
session_000055,acct_000792,device_007131,ip_003569,2025-06-18T00:04:13,2025-06-18T00:04:32
session_000056,acct_000877,device_004119,ip_004045,2025-07-05T13:15:51,2025-07-05T13:16:14
session_000057,acct_000786,device_000515,ip_002097,2025-03-02T23:22:13,2025-03-02T23:22:19
session_000058,acct_000789,device_001200,ip_006356,2025-05-27T10:20:23,2025-05-27T10:21:12
session_000059,acct_000767,device_001200,ip_006356,2025-05-27T12:54:28,2025-05-27T12:55:27
session_000060,acct_000681,device_001200,ip_006356,2025-05-26T11:16:30,2025-05-26T11:16:35
session_000061,acct_000829,device_000842,ip_004549,2025-07-01T01:27:43,2025-07-01T01:28:34
session_000062,acct_000664,device_000842,ip_004549,2025-07-01T01:25:48,2025-07-01T01:26:28
session_000063,acct_000734,device_000842,ip_004549,2025-07-01T01:25:55,2025-07-01T01:26:25
session_000064,acct_000764,device_000842,ip_004549,2025-07-01T01:28:32,2025-07-01T01:29:20
session_000065,acct_000799,device_000842,ip_004549,2025-07-01T01:25:44,2025-07-01T01:25:58
session_000066,acct_000746,device_000842,ip_004549,2025-07-01T01:25:47,2025-07-01T01:25:55
session_000067,acct_000770,device_011434,ip_007282,2025-11-30T21:12:40,2025-11-30T21:13:28
session_000068,acct_000849,device_011434,ip_007282,2025-11-30T21:24:00,2025-11-30T21:24:12
session_000069,acct_000801,device_011434,ip_007282,2025-11-30T21:24:44,2025-11-30T21:25:35
session_000070,acct_000681,device_011434,ip_007282,2025-11-30T21:21:37,2025-11-30T21:22:24
session_000071,acct_000825,device_000391,ip_005701,2025-02-03T04:56:25,2025-02-03T04:57:10
session_000072,acct_000787,device_000391,ip_005701,2025-02-02T16:32:32,2025-02-02T16:33:11
session_000073,acct_000770,device_004942,ip_003305,2025-08-27T12:37:55,2025-08-27T12:38:41
session_000074,acct_000665,device_004942,ip_003305,2025-08-28T09:50:37,2025-08-28T09:51:02
session_000075,acct_000849,device_004942,ip_003305,2025-08-28T00:17:46,2025-08-28T00:18:02
session_000076,acct_000818,device_005387,ip_009150,2025-06-02T06:16:23,2025-06-02T06:17:22
session_000077,acct_000679,device_001645,ip_007872,2025-08-22T07:40:16,2025-08-22T07:40:31
session_000078,acct_000834,device_001645,ip_007872,2025-08-22T07:38:43,2025-08-22T07:39:29
session_000079,acct_000743,device_001645,ip_007872,2025-08-22T07:41:32,2025-08-22T07:42:14
session_000080,acct_000774,device_001645,ip_007872,2025-08-22T07:37:33,2025-08-22T07:38:17
session_000081,acct_000861,device_001645,ip_007872,2025-08-22T07:31:45,2025-08-22T07:31:57
session_000082,acct_000833,device_009382,ip_009822,2025-03-29T02:41:21,2025-03-29T02:42:00
session_000083,acct_000691,device_009382,ip_009822,2025-03-29T16:08:13,2025-03-29T16:09:11
session_000084,acct_000787,device_005360,ip_002246,2025-12-01T03:08:22,2025-12-01T03:08:35
session_000085,acct_000733,device_005360,ip_002246,2025-11-30T07:23:05,2025-11-30T07:23:17
session_000086,acct_000694,device_009123,ip_002890,2025-07-07T11:42:37,2025-07-07T11:42:51
session_000087,acct_000838,device_008523,ip_006159,2025-10-22T07:15:41,2025-10-22T07:16:15
session_000088,acct_000876,device_008523,ip_006159,2025-10-22T07:12:37,2025-10-22T07:13:23
session_000089,acct_000784,device_008523,ip_006159,2025-10-22T07:11:58,2025-10-22T07:12:23
session_000090,acct_000798,device_008523,ip_006159,2025-10-22T07:15:48,2025-10-22T07:16:48
session_000091,acct_000763,device_002181,ip_007427,2025-01-03T06:03:38,2025-01-03T06:04:04
session_000092,acct_000712,device_002181,ip_007427,2025-01-03T09:08:52,2025-01-03T09:09:35
session_000093,acct_000701,device_004113,ip_005822,2025-11-23T19:25:57,2025-11-23T19:26:25
session_000094,acct_000839,device_004113,ip_005822,2025-11-23T19:30:08,2025-11-23T19:30:45
session_000095,acct_000709,device_004113,ip_005822,2025-11-23T19:36:01,2025-11-23T19:36:16
session_000096,acct_000776,device_004113,ip_005822,2025-11-23T19:35:31,2025-11-23T19:36:26
session_000097,acct_000819,device_004750,ip_004634,2025-02-18T17:18:44,2025-02-18T17:19:37
session_000098,acct_000786,device_004750,ip_004634,2025-02-18T18:48:53,2025-02-18T18:49:39
session_000099,acct_000739,device_002254,ip_008484,2025-08-25T10:36:34,2025-08-25T10:37:31
session_000100,acct_000675,device_009765,ip_000251,2025-06-08T15:16:23,2025-06-08T15:17:09
session_000101,acct_000664,device_009765,ip_000251,2025-06-08T15:21:51,2025-06-08T15:21:57
session_000102,acct_000698,device_009765,ip_000251,2025-06-08T15:17:09,2025-06-08T15:17:26
session_000103,acct_000706,device_009765,ip_000251,2025-06-08T15:15:33,2025-06-08T15:16:19
session_000104,acct_000849,device_011680,ip_000865,2025-10-08T16:41:32,2025-10-08T16:42:32
session_000105,acct_000675,device_011680,ip_000865,2025-10-08T07:58:48,2025-10-08T07:59:06
session_000106,acct_000844,device_011680,ip_000865,2025-10-08T22:13:26,2025-10-08T22:13:58
session_000107,acct_000852,device_009807,ip_007765,2025-11-08T12:37:57,2025-11-08T12:38:23
session_000108,acct_000678,device_002974,ip_009620,2025-05-23T16:37:02,2025-05-23T16:38:01
session_000109,acct_000712,device_002974,ip_009620,2025-05-23T16:57:25,2025-05-23T16:58:23
session_000110,acct_000691,device_002974,ip_009620,2025-05-23T11:53:51,2025-05-23T11:54:13
session_000111,acct_000832,device_004475,ip_008870,2025-02-03T03:29:40,2025-02-03T03:29:58
session_000112,acct_000729,device_004475,ip_008870,2025-02-03T03:20:15,2025-02-03T03:20:20
session_000113,acct_000663,device_004475,ip_008870,2025-02-02T14:45:09,2025-02-02T14:45:44
session_000114,acct_000749,device_006449,ip_004789,2025-01-16T21:46:00,2025-01-16T21:46:53
session_000115,acct_000730,device_011362,ip_006532,2025-07-28T10:19:37,2025-07-28T10:20:12
session_000116,acct_000794,device_011362,ip_006532,2025-07-28T08:23:21,2025-07-28T08:24:17
session_000117,acct_000856,device_001666,ip_000261,2025-08-31T03:08:03,2025-08-31T03:08:22
session_000118,acct_000786,device_001666,ip_000261,2025-08-31T03:08:21,2025-08-31T03:09:15
session_000119,acct_000721,device_001666,ip_000261,2025-08-31T03:06:21,2025-08-31T03:07:10
session_000120,acct_000739,device_001666,ip_000261,2025-08-31T03:08:03,2025-08-31T03:08:42
session_000121,acct_000783,device_001666,ip_000261,2025-08-31T03:07:05,2025-08-31T03:07:28
session_000122,acct_000669,device_001666,ip_000261,2025-08-31T03:08:03,2025-08-31T03:08:09
session_000123,acct_000692,device_001666,ip_000261,2025-08-31T03:07:13,2025-08-31T03:07:46
session_000124,acct_000704,device_000381,ip_004558,2025-08-08T01:24:46,2025-08-08T01:25:27
session_000125,acct_000769,device_000381,ip_004558,2025-08-08T01:25:53,2025-08-08T01:26:23
session_000126,acct_000728,device_000381,ip_004558,2025-08-08T01:27:16,2025-08-08T01:28:01
session_000127,acct_000681,device_000381,ip_004558,2025-08-08T01:25:33,2025-08-08T01:25:39
session_000128,acct_000733,device_000381,ip_004558,2025-08-08T01:28:41,2025-08-08T01:29:31
session_000129,acct_000758,device_000381,ip_004558,2025-08-08T01:26:33,2025-08-08T01:27:13
session_000130,acct_000671,device_000381,ip_004558,2025-08-08T01:29:58,2025-08-08T01:30:14
session_000131,acct_000809,device_000381,ip_004558,2025-08-08T01:29:32,2025-08-08T01:30:11
session_000132,acct_000852,device_009986,ip_001231,2025-02-15T12:18:46,2025-02-15T12:19:08
session_000133,acct_000762,device_010717,ip_003234,2025-02-03T12:25:51,2025-02-03T12:26:06
session_000134,acct_000829,device_010717,ip_003234,2025-02-03T12:24:08,2025-02-03T12:24:30
session_000135,acct_000788,device_010717,ip_003234,2025-02-03T12:22:53,2025-02-03T12:23:47
session_000136,acct_000697,device_010717,ip_003234,2025-02-03T12:26:25,2025-02-03T12:26:39
session_000137,acct_000878,device_010717,ip_003234,2025-02-03T12:23:07,2025-02-03T12:23:55
session_000138,acct_000858,device_010717,ip_003234,2025-02-03T12:25:16,2025-02-03T12:26:15
session_000139,acct_000835,device_010717,ip_003234,2025-02-03T12:24:20,2025-02-03T12:24:36
session_000140,acct_000865,device_010717,ip_003234,2025-02-03T12:23:38,2025-02-03T12:23:52
session_000141,acct_000702,device_010717,ip_003234,2025-02-03T12:25:45,2025-02-03T12:25:56
session_000142,acct_000734,device_002720,ip_003097,2025-11-23T22:40:30,2025-11-23T22:41:03
session_000143,acct_000817,device_002720,ip_003097,2025-11-24T02:27:29,2025-11-24T02:27:48
session_000144,acct_000677,device_002720,ip_003097,2025-11-23T21:26:47,2025-11-23T21:27:05
session_000145,acct_000722,device_004772,ip_004657,2025-02-03T16:43:35,2025-02-03T16:44:23
session_000146,acct_000686,device_004772,ip_004657,2025-02-03T23:30:59,2025-02-03T23:31:43
session_000147,acct_000863,device_004772,ip_004657,2025-02-03T18:49:21,2025-02-03T18:50:06
session_000148,acct_000842,device_010710,ip_001555,2025-09-28T23:50:51,2025-09-28T23:51:20
session_000149,acct_000763,device_010710,ip_001555,2025-09-28T15:06:19,2025-09-28T15:07:10
session_000150,acct_000695,device_007684,ip_006731,2025-04-15T11:54:45,2025-04-15T11:55:40
session_000151,acct_000664,device_007684,ip_006731,2025-04-15T11:49:42,2025-04-15T11:49:50
session_000152,acct_000860,device_007684,ip_006731,2025-04-15T11:53:55,2025-04-15T11:54:40
session_000153,acct_000844,device_007684,ip_006731,2025-04-15T11:58:35,2025-04-15T11:59:33
session_000154,acct_000687,device_007684,ip_006731,2025-04-15T11:49:03,2025-04-15T11:49:34
session_000155,acct_000873,device_007684,ip_006731,2025-04-15T11:54:31,2025-04-15T11:54:43
session_000156,acct_000718,device_007684,ip_006731,2025-04-15T11:41:36,2025-04-15T11:42:29
session_000157,acct_000808,device_007684,ip_006731,2025-04-15T11:46:45,2025-04-15T11:47:36
session_000158,acct_000666,device_005806,ip_003385,2025-01-20T02:41:21,2025-01-20T02:42:19
session_000159,acct_000858,device_005806,ip_003385,2025-01-20T02:41:17,2025-01-20T02:42:06
session_000160,acct_000786,device_005806,ip_003385,2025-01-20T02:41:05,2025-01-20T02:41:12
session_000161,acct_000694,device_005806,ip_003385,2025-01-20T02:41:44,2025-01-20T02:42:12
session_000162,acct_000815,device_005806,ip_003385,2025-01-20T02:41:47,2025-01-20T02:42:40
session_000163,acct_000865,device_005806,ip_003385,2025-01-20T02:40:43,2025-01-20T02:41:13
session_000164,acct_000851,device_005806,ip_003385,2025-01-20T02:41:28,2025-01-20T02:42:17
session_000165,acct_000782,device_005806,ip_003385,2025-01-20T02:41:41,2025-01-20T02:42:20
session_000166,acct_000764,device_005806,ip_003385,2025-01-20T02:41:11,2025-01-20T02:41:51
session_000167,acct_000749,device_002458,ip_008713,2025-06-05T03:49:10,2025-06-05T03:50:07
session_000168,acct_000770,device_002458,ip_008713,2025-06-05T04:47:15,2025-06-05T04:47:45
session_000169,acct_000831,device_002458,ip_008713,2025-06-05T06:16:34,2025-06-05T06:17:32
session_000170,acct_000768,device_002727,ip_004911,2025-03-02T12:26:10,2025-03-02T12:26:26
session_000171,acct_000854,device_002727,ip_004911,2025-03-03T09:51:08,2025-03-03T09:52:01
session_000172,acct_000796,device_002727,ip_004911,2025-03-03T08:41:00,2025-03-03T08:41:29
session_000173,acct_000723,device_008709,ip_007838,2025-10-10T20:41:48,2025-10-10T20:42:41
session_000174,acct_000807,device_008709,ip_007838,2025-10-10T20:43:13,2025-10-10T20:43:36
session_000175,acct_000665,device_008709,ip_007838,2025-10-10T20:43:10,2025-10-10T20:43:55
session_000176,acct_000826,device_005435,ip_006724,2025-10-18T11:57:35,2025-10-18T11:57:47
session_000177,acct_000792,device_005435,ip_006724,2025-10-18T05:36:57,2025-10-18T05:37:25
session_000178,acct_000753,device_005145,ip_002295,2025-05-16T19:23:14,2025-05-16T19:23:43
session_000179,acct_000743,device_003593,ip_008428,2025-08-13T10:47:14,2025-08-13T10:47:50
session_000180,acct_000801,device_003593,ip_008428,2025-08-13T10:48:41,2025-08-13T10:49:40
session_000181,acct_000772,device_003593,ip_008428,2025-08-13T10:46:10,2025-08-13T10:46:59
session_000182,acct_000683,device_007016,ip_009099,2025-10-02T18:48:43,2025-10-02T18:49:10
session_000183,acct_000675,device_007016,ip_009099,2025-10-02T19:09:27,2025-10-02T19:10:08
session_000184,acct_000767,device_011002,ip_007673,2025-01-24T15:26:59,2025-01-24T15:27:28
session_000185,acct_000768,device_008560,ip_006091,2025-10-02T19:31:40,2025-10-02T19:32:00
session_000186,acct_000677,device_008560,ip_006091,2025-10-02T19:37:40,2025-10-02T19:38:37
session_000187,acct_000755,device_008560,ip_006091,2025-10-02T19:42:57,2025-10-02T19:43:14
session_000188,acct_000830,device_011109,ip_006767,2025-11-22T23:38:41,2025-11-22T23:39:15
session_000189,acct_000766,device_011109,ip_006767,2025-11-22T23:38:42,2025-11-22T23:39:01
session_000190,acct_000686,device_011109,ip_006767,2025-11-22T23:42:15,2025-11-22T23:42:29
session_000191,acct_000786,device_011109,ip_006767,2025-11-22T23:32:14,2025-11-22T23:33:09
session_000192,acct_000817,device_011109,ip_006767,2025-11-22T23:40:09,2025-11-22T23:41:06
session_000193,acct_000797,device_002763,ip_002004,2025-02-07T17:37:58,2025-02-07T17:38:34
session_000194,acct_000808,device_002763,ip_002004,2025-02-07T02:19:08,2025-02-07T02:19:27
session_000195,acct_000693,device_005441,ip_005327,2025-01-27T09:52:39,2025-01-27T09:52:46
session_000196,acct_000679,device_005441,ip_005327,2025-01-27T09:55:24,2025-01-27T09:56:03
session_000197,acct_000838,device_005441,ip_005327,2025-01-27T09:51:39,2025-01-27T09:52:00
session_000198,acct_000839,device_005441,ip_005327,2025-01-27T09:57:11,2025-01-27T09:58:01
session_000199,acct_000810,device_009230,ip_001747,2025-09-29T22:04:56,2025-09-29T22:05:04
session_000200,acct_000799,device_009230,ip_001747,2025-09-29T07:32:11,2025-09-29T07:32:27
session_000201,acct_000824,device_009230,ip_001747,2025-09-29T18:58:58,2025-09-29T18:59:03
session_000202,acct_000766,device_008024,ip_003473,2025-11-13T09:28:20,2025-11-13T09:28:37
session_000203,acct_000745,device_008024,ip_003473,2025-11-13T09:25:27,2025-11-13T09:26:22
session_000204,acct_000681,device_008024,ip_003473,2025-11-13T09:21:44,2025-11-13T09:22:22
session_000205,acct_000687,device_008024,ip_003473,2025-11-13T09:29:06,2025-11-13T09:29:37
session_000206,acct_000832,device_008024,ip_003473,2025-11-13T09:30:56,2025-11-13T09:31:56
session_000207,acct_000875,device_008024,ip_003473,2025-11-13T09:30:39,2025-11-13T09:31:12
session_000208,acct_000824,device_008024,ip_003473,2025-11-13T09:21:38,2025-11-13T09:22:04
session_000209,acct_000788,device_008024,ip_003473,2025-11-13T09:25:23,2025-11-13T09:26:22
session_000210,acct_000823,device_008024,ip_003473,2025-11-13T09:18:07,2025-11-13T09:18:21
session_000211,acct_000833,device_008024,ip_003473,2025-11-13T09:25:31,2025-11-13T09:26:24
session_000212,acct_000667,device_006950,ip_008781,2025-05-11T22:57:39,2025-05-11T22:58:09
session_000213,acct_000791,device_007618,ip_007493,2025-02-01T18:00:01,2025-02-01T18:00:27
session_000214,acct_000768,device_007618,ip_007493,2025-01-31T14:14:43,2025-01-31T14:15:26
session_000215,acct_000677,device_007618,ip_007493,2025-02-01T09:20:25,2025-02-01T09:20:32
session_000216,acct_000816,device_000380,ip_001995,2025-08-29T16:40:37,2025-08-29T16:40:46
session_000217,acct_000725,device_000380,ip_001995,2025-08-29T07:34:59,2025-08-29T07:35:32
session_000218,acct_000732,device_000670,ip_001914,2025-06-03T23:43:33,2025-06-03T23:43:59
session_000219,acct_000719,device_007227,ip_006259,2025-09-30T05:03:09,2025-09-30T05:03:26
session_000220,acct_000698,device_007227,ip_006259,2025-09-30T05:01:03,2025-09-30T05:01:12
session_000221,acct_000848,device_007227,ip_006259,2025-09-30T05:06:12,2025-09-30T05:06:30
session_000222,acct_000761,device_007227,ip_006259,2025-09-30T05:00:09,2025-09-30T05:00:31
session_000223,acct_000799,device_007227,ip_006259,2025-09-30T05:04:58,2025-09-30T05:05:33
session_000224,acct_000734,device_007227,ip_006259,2025-09-30T05:02:48,2025-09-30T05:02:53
session_000225,acct_000668,device_007227,ip_006259,2025-09-30T05:02:22,2025-09-30T05:02:48
session_000226,acct_000878,device_007741,ip_005429,2025-06-11T00:16:12,2025-06-11T00:16:44
session_000227,acct_000770,device_007741,ip_005429,2025-06-11T00:19:31,2025-06-11T00:19:55
session_000228,acct_000707,device_007741,ip_005429,2025-06-11T00:22:26,2025-06-11T00:22:38
session_000229,acct_000797,device_010917,ip_003953,2025-08-23T18:38:29,2025-08-23T18:38:49
session_000230,acct_000718,device_010917,ip_003953,2025-08-23T22:42:09,2025-08-23T22:42:15
session_000231,acct_000762,device_010917,ip_003953,2025-08-23T20:42:29,2025-08-23T20:43:20
session_000232,acct_000702,device_007432,ip_004597,2025-06-25T21:55:46,2025-06-25T21:56:38
session_000233,acct_000853,device_007432,ip_004597,2025-06-25T21:54:09,2025-06-25T21:54:36
session_000234,acct_000685,device_007432,ip_004597,2025-06-25T21:56:02,2025-06-25T21:56:16
session_000235,acct_000854,device_007432,ip_004597,2025-06-25T21:50:10,2025-06-25T21:50:54
session_000236,acct_000778,device_007432,ip_004597,2025-06-25T21:53:10,2025-06-25T21:53:59
session_000237,acct_000709,device_007432,ip_004597,2025-06-25T21:52:30,2025-06-25T21:53:14
session_000238,acct_000728,device_007432,ip_004597,2025-06-25T21:58:31,2025-06-25T21:58:39
session_000239,acct_000824,device_007432,ip_004597,2025-06-25T21:59:44,2025-06-25T22:00:18
session_000240,acct_000857,device_007432,ip_004597,2025-06-25T21:56:18,2025-06-25T21:56:46
session_000241,acct_000828,device_007432,ip_004597,2025-06-25T21:55:02,2025-06-25T21:55:35
session_000242,acct_000766,device_004317,ip_000091,2025-04-27T13:51:14,2025-04-27T13:51:31
session_000243,acct_000836,device_004317,ip_000091,2025-04-27T19:05:21,2025-04-27T19:06:16
session_000244,acct_000765,device_005597,ip_005894,2025-04-27T22:02:54,2025-04-27T22:03:22
session_000245,acct_000716,device_005597,ip_005894,2025-04-27T16:54:06,2025-04-27T16:54:45
session_000246,acct_000709,device_005597,ip_005894,2025-04-27T20:22:18,2025-04-27T20:22:58
session_000247,acct_000669,device_011268,ip_008409,2025-01-02T12:50:22,2025-01-02T12:50:46
session_000248,acct_000844,device_011268,ip_008409,2025-01-02T12:44:28,2025-01-02T12:45:21
session_000249,acct_000815,device_011268,ip_008409,2025-01-02T12:44:30,2025-01-02T12:45:03
session_000250,acct_000673,device_011268,ip_008409,2025-01-02T12:49:35,2025-01-02T12:49:56
session_000251,acct_000700,device_011268,ip_008409,2025-01-02T12:49:02,2025-01-02T12:49:08
session_000252,acct_000737,device_011268,ip_008409,2025-01-02T12:44:49,2025-01-02T12:45:15
session_000253,acct_000784,device_011268,ip_008409,2025-01-02T12:44:13,2025-01-02T12:44:34
session_000254,acct_000869,device_011268,ip_008409,2025-01-02T12:45:09,2025-01-02T12:45:29
session_000255,acct_000837,device_003708,ip_006861,2025-04-06T21:04:15,2025-04-06T21:04:50
session_000256,acct_000801,device_003708,ip_006861,2025-04-06T20:57:08,2025-04-06T20:57:36
session_000257,acct_000697,device_003708,ip_006861,2025-04-06T21:04:31,2025-04-06T21:05:27
session_000258,acct_000692,device_003708,ip_006861,2025-04-06T21:02:40,2025-04-06T21:02:46
session_000259,acct_000749,device_003708,ip_006861,2025-04-06T20:57:29,2025-04-06T20:57:52
session_000260,acct_000766,device_003708,ip_006861,2025-04-06T21:04:41,2025-04-06T21:05:04
session_000261,acct_000843,device_010518,ip_009321,2025-07-25T06:18:27,2025-07-25T06:19:16
session_000262,acct_000869,device_010518,ip_009321,2025-07-24T23:45:45,2025-07-24T23:46:15
session_000263,acct_000768,device_010518,ip_009321,2025-07-24T23:56:37,2025-07-24T23:57:30
session_000264,acct_000776,device_004013,ip_007052,2025-06-05T01:22:24,2025-06-05T01:22:46
session_000265,acct_000700,device_004013,ip_007052,2025-06-04T11:07:07,2025-06-04T11:07:29
session_000266,acct_000697,device_010291,ip_004272,2025-02-27T22:25:50,2025-02-27T22:26:08
session_000267,acct_000822,device_010291,ip_004272,2025-02-27T22:22:15,2025-02-27T22:22:40
session_000268,acct_000683,device_010291,ip_004272,2025-02-27T22:27:23,2025-02-27T22:28:01
session_000269,acct_000769,device_010291,ip_004272,2025-02-27T22:25:06,2025-02-27T22:25:55
session_000270,acct_000741,device_010291,ip_004272,2025-02-27T22:27:24,2025-02-27T22:28:03
session_000271,acct_000867,device_010291,ip_004272,2025-02-27T22:23:30,2025-02-27T22:23:36
session_000272,acct_000716,device_010291,ip_004272,2025-02-27T22:22:31,2025-02-27T22:23:10
session_000273,acct_000759,device_003136,ip_006226,2025-05-09T23:25:30,2025-05-09T23:26:05
session_000274,acct_000770,device_003136,ip_006226,2025-05-10T00:21:32,2025-05-10T00:21:49
session_000275,acct_000864,device_003136,ip_006226,2025-05-10T00:25:32,2025-05-10T00:26:20
session_000276,acct_000661,device_009299,ip_004820,2025-11-29T16:34:26,2025-11-29T16:34:49
session_000277,acct_000864,device_008156,ip_009080,2025-03-16T10:08:56,2025-03-16T10:09:41
session_000278,acct_000867,device_008156,ip_009080,2025-03-16T13:20:40,2025-03-16T13:21:39
session_000279,acct_000777,device_009124,ip_007890,2025-11-26T04:24:31,2025-11-26T04:25:11
session_000280,acct_000674,device_009124,ip_007890,2025-11-26T04:25:36,2025-11-26T04:26:08
session_000281,acct_000863,device_009124,ip_007890,2025-11-26T04:25:03,2025-11-26T04:25:40
session_000282,acct_000761,device_009124,ip_007890,2025-11-26T04:24:42,2025-11-26T04:25:11
session_000283,acct_000722,device_009124,ip_007890,2025-11-26T04:24:40,2025-11-26T04:25:25
session_000284,acct_000875,device_009124,ip_007890,2025-11-26T04:30:20,2025-11-26T04:31:18
session_000285,acct_000680,device_009124,ip_007890,2025-11-26T04:27:20,2025-11-26T04:27:57
session_000286,acct_000732,device_009124,ip_007890,2025-11-26T04:25:45,2025-11-26T04:26:15
session_000287,acct_000802,device_009466,ip_003429,2025-07-19T23:48:10,2025-07-19T23:48:40
session_000288,acct_000765,device_009466,ip_003429,2025-07-19T23:48:01,2025-07-19T23:48:21
session_000289,acct_000705,device_009466,ip_003429,2025-07-19T23:47:47,2025-07-19T23:48:36
session_000290,acct_000876,device_009466,ip_003429,2025-07-19T23:52:04,2025-07-19T23:52:35
session_000291,acct_000828,device_009466,ip_003429,2025-07-19T23:48:33,2025-07-19T23:49:20
session_000292,acct_000747,device_009466,ip_003429,2025-07-19T23:57:33,2025-07-19T23:57:46
session_000293,acct_000721,device_007644,ip_004532,2025-04-29T03:54:09,2025-04-29T03:54:15
session_000294,acct_000747,device_003806,ip_006060,2025-08-03T04:19:14,2025-08-03T04:20:01
session_000295,acct_000749,device_003457,ip_000756,2025-10-21T07:46:09,2025-10-21T07:46:14
session_000296,acct_000866,device_006758,ip_003456,2025-10-01T02:24:25,2025-10-01T02:25:10
session_000297,acct_000754,device_006758,ip_003456,2025-10-01T02:24:38,2025-10-01T02:24:51
session_000298,acct_000743,device_006758,ip_003456,2025-10-01T02:23:39,2025-10-01T02:24:25
session_000299,acct_000673,device_006758,ip_003456,2025-10-01T02:23:38,2025-10-01T02:23:47
session_000300,acct_000857,device_000124,ip_009435,2025-04-09T05:59:49,2025-04-09T06:00:42
session_000301,acct_000871,device_000124,ip_009435,2025-04-09T06:03:19,2025-04-09T06:04:14
session_000302,acct_000740,device_000124,ip_009435,2025-04-09T05:56:18,2025-04-09T05:56:50
session_000303,acct_000832,device_000124,ip_009435,2025-04-09T06:10:34,2025-04-09T06:11:32
session_000304,acct_000732,device_000124,ip_009435,2025-04-09T06:07:40,2025-04-09T06:08:16
session_000305,acct_000762,device_000124,ip_009435,2025-04-09T06:06:30,2025-04-09T06:07:15
session_000306,acct_000865,device_000124,ip_009435,2025-04-09T06:08:38,2025-04-09T06:09:11
session_000307,acct_000869,device_000124,ip_009435,2025-04-09T06:08:36,2025-04-09T06:09:29
session_000308,acct_000714,device_010599,ip_005229,2025-09-05T22:28:35,2025-09-05T22:29:24
session_000309,acct_000823,device_010599,ip_005229,2025-09-05T08:13:06,2025-09-05T08:13:43
session_000310,acct_000766,device_010599,ip_005229,2025-09-05T22:53:22,2025-09-05T22:54:18
session_000311,acct_000785,device_007882,ip_009870,2025-05-20T12:41:18,2025-05-20T12:42:03
session_000312,acct_000815,device_007882,ip_009870,2025-05-20T17:15:00,2025-05-20T17:15:36
session_000313,acct_000851,device_011053,ip_007937,2025-10-07T08:03:44,2025-10-07T08:04:38
session_000314,acct_000795,device_011053,ip_007937,2025-10-07T08:08:20,2025-10-07T08:08:31
session_000315,acct_000742,device_011053,ip_007937,2025-10-07T08:07:00,2025-10-07T08:07:47
session_000316,acct_000693,device_011053,ip_007937,2025-10-07T08:08:36,2025-10-07T08:08:42
session_000317,acct_000873,device_011053,ip_007937,2025-10-07T08:03:25,2025-10-07T08:03:36
session_000318,acct_000859,device_011053,ip_007937,2025-10-07T08:14:36,2025-10-07T08:14:47
session_000319,acct_000721,device_005647,ip_008093,2025-01-23T19:48:24,2025-01-23T19:48:32
session_000320,acct_000778,device_005647,ip_008093,2025-01-23T19:46:58,2025-01-23T19:47:37
session_000321,acct_000703,device_005647,ip_008093,2025-01-23T19:41:19,2025-01-23T19:41:59
session_000322,acct_000697,device_005647,ip_008093,2025-01-23T19:37:14,2025-01-23T19:37:30
session_000323,acct_000707,device_005647,ip_008093,2025-01-23T19:48:17,2025-01-23T19:49:05
session_000324,acct_000842,device_005647,ip_008093,2025-01-23T19:51:05,2025-01-23T19:51:23
session_000325,acct_000812,device_000165,ip_008173,2025-12-18T14:14:04,2025-12-18T14:14:54
session_000326,acct_000739,device_001149,ip_005990,2025-11-08T14:07:19,2025-11-08T14:07:32
session_000327,acct_000813,device_011616,ip_002474,2025-05-07T03:46:03,2025-05-07T03:46:46
session_000328,acct_000863,device_007274,ip_001166,2025-10-09T12:04:26,2025-10-09T12:05:18
session_000329,acct_000686,device_007274,ip_001166,2025-10-09T09:24:28,2025-10-09T09:25:05
session_000330,acct_000829,device_000241,ip_001772,2025-12-18T18:42:12,2025-12-18T18:42:28
session_000331,acct_000704,device_000241,ip_001772,2025-12-18T18:41:47,2025-12-18T18:42:04
session_000332,acct_000703,device_000241,ip_001772,2025-12-18T18:36:46,2025-12-18T18:37:16
session_000333,acct_000772,device_008549,ip_001050,2025-09-20T11:00:10,2025-09-20T11:00:57
session_000334,acct_000777,device_008549,ip_001050,2025-09-19T02:54:49,2025-09-19T02:55:24
session_000335,acct_000693,device_008549,ip_001050,2025-09-19T16:14:21,2025-09-19T16:14:59
session_000336,acct_000833,device_010464,ip_001376,2025-04-23T12:32:47,2025-04-23T12:33:43
session_000337,acct_000866,device_010464,ip_001376,2025-04-23T12:36:53,2025-04-23T12:37:24
session_000338,acct_000729,device_010464,ip_001376,2025-04-23T12:34:15,2025-04-23T12:35:02
session_000339,acct_000815,device_010464,ip_001376,2025-04-23T12:32:34,2025-04-23T12:33:04
session_000340,acct_000850,device_001337,ip_007956,2025-06-26T11:55:44,2025-06-26T11:56:24
session_000341,acct_000801,device_010255,ip_008216,2025-07-19T20:54:36,2025-07-19T20:54:57
session_000342,acct_000853,device_010255,ip_008216,2025-07-19T20:56:04,2025-07-19T20:56:32
session_000343,acct_000661,device_010255,ip_008216,2025-07-19T20:58:59,2025-07-19T20:59:22
session_000344,acct_000711,device_010255,ip_008216,2025-07-19T20:59:51,2025-07-19T21:00:19
session_000345,acct_000771,device_010255,ip_008216,2025-07-19T20:56:17,2025-07-19T20:57:13
session_000346,acct_000761,device_010255,ip_008216,2025-07-19T20:54:43,2025-07-19T20:55:37
session_000347,acct_000783,device_010255,ip_008216,2025-07-19T20:55:32,2025-07-19T20:56:20
session_000348,acct_000845,device_005882,ip_002229,2025-09-10T04:29:34,2025-09-10T04:30:28
session_000349,acct_000731,device_005882,ip_002229,2025-09-10T11:24:21,2025-09-10T11:24:53
session_000350,acct_000850,device_000134,ip_000855,2025-08-05T12:40:15,2025-08-05T12:41:04
session_000351,acct_000772,device_002324,ip_009490,2025-02-07T22:03:39,2025-02-07T22:04:08
session_000352,acct_000676,device_002324,ip_009490,2025-02-07T19:13:43,2025-02-07T19:14:11
session_000353,acct_000761,device_002324,ip_009490,2025-02-07T16:10:34,2025-02-07T16:11:22
session_000354,acct_000856,device_005638,ip_001399,2025-07-14T13:50:52,2025-07-14T13:51:40
session_000355,acct_000777,device_004512,ip_006480,2025-11-17T23:47:05,2025-11-17T23:47:16
session_000356,acct_000807,device_004512,ip_006480,2025-11-17T11:16:48,2025-11-17T11:17:08
session_000357,acct_000719,device_004512,ip_006480,2025-11-17T17:52:21,2025-11-17T17:53:17
session_000358,acct_000682,device_005309,ip_009282,2025-09-21T15:27:32,2025-09-21T15:28:00
session_000359,acct_000823,device_005309,ip_009282,2025-09-21T15:30:39,2025-09-21T15:31:39
session_000360,acct_000828,device_005309,ip_009282,2025-09-21T15:27:19,2025-09-21T15:27:59
session_000361,acct_000830,device_005309,ip_009282,2025-09-21T15:29:23,2025-09-21T15:30:05
session_000362,acct_000759,device_005309,ip_009282,2025-09-21T15:26:48,2025-09-21T15:27:40
session_000363,acct_000755,device_005309,ip_009282,2025-09-21T15:36:00,2025-09-21T15:36:42
session_000364,acct_000679,device_005309,ip_009282,2025-09-21T15:31:57,2025-09-21T15:32:12
session_000365,acct_000697,device_001200,ip_006839,2025-09-28T09:29:26,2025-09-28T09:30:15
session_000366,acct_000748,device_001200,ip_006839,2025-09-27T18:33:07,2025-09-27T18:33:22
session_000367,acct_000828,device_002589,ip_002811,2025-05-04T10:21:46,2025-05-04T10:22:19
session_000368,acct_000754,device_002589,ip_002811,2025-05-04T10:20:20,2025-05-04T10:21:06
session_000369,acct_000822,device_002589,ip_002811,2025-05-04T10:20:04,2025-05-04T10:20:27
session_000370,acct_000673,device_002589,ip_002811,2025-05-04T10:21:06,2025-05-04T10:21:32
session_000371,acct_000876,device_002589,ip_002811,2025-05-04T10:22:00,2025-05-04T10:22:23
session_000372,acct_000804,device_002589,ip_002811,2025-05-04T10:23:26,2025-05-04T10:23:59
session_000373,acct_000781,device_002589,ip_002811,2025-05-04T10:21:07,2025-05-04T10:21:21
session_000374,acct_000763,device_005465,ip_000827,2025-05-01T18:57:28,2025-05-01T18:57:43
session_000375,acct_000743,device_005465,ip_000827,2025-05-02T04:07:23,2025-05-02T04:07:51
session_000376,acct_000842,device_005465,ip_000827,2025-05-02T12:45:27,2025-05-02T12:46:26
session_000377,acct_000834,device_009925,ip_001192,2025-10-26T17:22:32,2025-10-26T17:23:02
session_000378,acct_000779,device_009925,ip_001192,2025-10-26T17:21:11,2025-10-26T17:21:45
session_000379,acct_000748,device_009925,ip_001192,2025-10-26T17:23:58,2025-10-26T17:24:15
session_000380,acct_000866,device_009925,ip_001192,2025-10-26T17:20:47,2025-10-26T17:21:29
session_000381,acct_000761,device_009925,ip_001192,2025-10-26T17:23:39,2025-10-26T17:24:25
session_000382,acct_000732,device_009925,ip_001192,2025-10-26T17:20:59,2025-10-26T17:21:25
session_000383,acct_000861,device_011174,ip_009802,2025-10-04T11:54:58,2025-10-04T11:55:44
session_000384,acct_000713,device_011174,ip_009802,2025-10-04T11:58:47,2025-10-04T11:59:40
session_000385,acct_000797,device_011174,ip_009802,2025-10-04T11:55:10,2025-10-04T11:56:09
session_000386,acct_000747,device_011174,ip_009802,2025-10-04T11:55:30,2025-10-04T11:56:03
session_000387,acct_000791,device_011174,ip_009802,2025-10-04T11:58:48,2025-10-04T11:59:24
session_000388,acct_000818,device_011174,ip_009802,2025-10-04T11:56:47,2025-10-04T11:57:05
session_000389,acct_000668,device_011174,ip_009802,2025-10-04T11:58:03,2025-10-04T11:58:43
session_000390,acct_000803,device_011174,ip_009802,2025-10-04T11:56:46,2025-10-04T11:56:55
session_000391,acct_000739,device_011518,ip_007862,2025-12-14T04:15:09,2025-12-14T04:15:50
session_000392,acct_000865,device_004680,ip_003677,2025-09-21T22:31:49,2025-09-21T22:32:43
session_000393,acct_000811,device_004680,ip_003677,2025-09-21T22:39:46,2025-09-21T22:40:36
session_000394,acct_000676,device_004680,ip_003677,2025-09-21T22:31:39,2025-09-21T22:31:52
session_000395,acct_000664,device_004680,ip_003677,2025-09-21T22:40:07,2025-09-21T22:41:06
session_000396,acct_000710,device_010035,ip_002052,2025-10-26T12:42:51,2025-10-26T12:43:18
session_000397,acct_000738,device_002032,ip_007511,2025-03-28T20:48:43,2025-03-28T20:48:49
session_000398,acct_000727,device_002032,ip_007511,2025-03-28T20:43:16,2025-03-28T20:44:03
session_000399,acct_000793,device_002032,ip_007511,2025-03-28T20:51:51,2025-03-28T20:52:16
session_000400,acct_000765,device_002032,ip_007511,2025-03-28T20:51:49,2025-03-28T20:52:41
session_000401,acct_000790,device_002032,ip_007511,2025-03-28T20:38:00,2025-03-28T20:38:07
session_000402,acct_000724,device_002032,ip_007511,2025-03-28T20:47:50,2025-03-28T20:48:14
session_000403,acct_000678,device_002032,ip_007511,2025-03-28T20:47:16,2025-03-28T20:47:36
session_000404,acct_000709,device_002032,ip_007511,2025-03-28T20:43:40,2025-03-28T20:43:50
session_000405,acct_000685,device_007573,ip_004297,2025-03-10T11:52:35,2025-03-10T11:53:11
session_000406,acct_000847,device_007573,ip_004297,2025-03-10T11:51:57,2025-03-10T11:52:31
session_000407,acct_000693,device_007573,ip_004297,2025-03-10T11:54:30,2025-03-10T11:55:28
session_000408,acct_000800,device_007573,ip_004297,2025-03-10T11:51:46,2025-03-10T11:52:34
session_000409,acct_000780,device_007573,ip_004297,2025-03-10T11:53:50,2025-03-10T11:54:45
session_000410,acct_000817,device_007573,ip_004297,2025-03-10T11:53:44,2025-03-10T11:53:54
session_000411,acct_000879,device_007573,ip_004297,2025-03-10T11:54:10,2025-03-10T11:54:44
session_000412,acct_000776,device_007573,ip_004297,2025-03-10T11:53:43,2025-03-10T11:53:55
session_000413,acct_000689,device_005957,ip_004474,2025-02-04T14:00:53,2025-02-04T14:01:24
session_000414,acct_000763,device_005957,ip_004474,2025-02-04T13:56:48,2025-02-04T13:57:42
session_000415,acct_000665,device_005957,ip_004474,2025-02-04T14:00:16,2025-02-04T14:00:40
session_000416,acct_000790,device_004982,ip_002350,2025-11-25T11:50:45,2025-11-25T11:51:20
session_000417,acct_000792,device_004982,ip_002350,2025-11-25T11:49:38,2025-11-25T11:50:16
session_000418,acct_000831,device_004982,ip_002350,2025-11-25T11:51:35,2025-11-25T11:51:47
session_000419,acct_000750,device_004982,ip_002350,2025-11-25T11:51:40,2025-11-25T11:52:27
session_000420,acct_000720,device_003973,ip_001175,2025-12-13T00:39:18,2025-12-13T00:39:41
session_000421,acct_000702,device_003973,ip_001175,2025-12-13T13:12:24,2025-12-13T13:13:24
session_000422,acct_000802,device_010706,ip_006118,2025-08-08T04:46:27,2025-08-08T04:46:36
session_000423,acct_000839,device_005452,ip_001661,2025-06-27T06:38:45,2025-06-27T06:39:07
session_000424,acct_000693,device_005452,ip_001661,2025-06-27T06:24:32,2025-06-27T06:24:38
session_000425,acct_000822,device_005452,ip_001661,2025-06-27T06:27:53,2025-06-27T06:28:37
session_000426,acct_000771,device_005452,ip_001661,2025-06-27T06:31:48,2025-06-27T06:32:28
session_000427,acct_000714,device_005452,ip_001661,2025-06-27T06:32:41,2025-06-27T06:33:00
session_000428,acct_000724,device_005452,ip_001661,2025-06-27T06:37:06,2025-06-27T06:37:37
session_000429,acct_000751,device_005452,ip_001661,2025-06-27T06:28:29,2025-06-27T06:28:39
session_000430,acct_000698,device_005452,ip_001661,2025-06-27T06:28:03,2025-06-27T06:28:55
session_000431,acct_000811,device_005452,ip_001661,2025-06-27T06:25:43,2025-06-27T06:26:14
session_000432,acct_000856,device_004376,ip_007912,2025-07-13T02:15:46,2025-07-13T02:15:54
session_000433,acct_000810,device_004376,ip_007912,2025-07-13T02:07:36,2025-07-13T02:08:22
session_000434,acct_000777,device_005339,ip_000259,2025-04-22T04:26:37,2025-04-22T04:27:20
session_000435,acct_000849,device_005339,ip_000259,2025-04-21T23:13:28,2025-04-21T23:13:45
session_000436,acct_000747,device_010175,ip_009237,2025-03-29T22:52:58,2025-03-29T22:53:54
session_000437,acct_000700,device_010175,ip_009237,2025-03-29T22:46:48,2025-03-29T22:47:09
session_000438,acct_000729,device_010175,ip_009237,2025-03-29T22:52:24,2025-03-29T22:53:11
session_000439,acct_000676,device_010175,ip_009237,2025-03-29T22:57:34,2025-03-29T22:58:29
session_000440,acct_000855,device_010175,ip_009237,2025-03-29T22:45:47,2025-03-29T22:45:59
session_000441,acct_000813,device_010175,ip_009237,2025-03-29T22:48:37,2025-03-29T22:48:44
session_000442,acct_000833,device_010175,ip_009237,2025-03-29T22:43:49,2025-03-29T22:44:15
session_000443,acct_000872,device_010175,ip_009237,2025-03-29T22:49:13,2025-03-29T22:50:01
session_000444,acct_000814,device_007294,ip_008155,2025-10-25T01:14:04,2025-10-25T01:14:11
session_000445,acct_000849,device_007294,ip_008155,2025-10-25T03:24:34,2025-10-25T03:25:17
session_000446,acct_000862,device_007294,ip_008155,2025-10-25T03:35:01,2025-10-25T03:35:35
session_000447,acct_000685,device_011643,ip_004445,2025-03-10T13:35:54,2025-03-10T13:36:02
session_000448,acct_000807,device_011643,ip_004445,2025-03-10T17:03:16,2025-03-10T17:03:23
session_000449,acct_000725,device_000510,ip_009411,2025-09-01T12:46:48,2025-09-01T12:47:03
session_000450,acct_000768,device_000510,ip_009411,2025-09-01T12:44:32,2025-09-01T12:45:31
session_000451,acct_000679,device_000510,ip_009411,2025-09-01T12:37:07,2025-09-01T12:37:29
session_000452,acct_000676,device_007655,ip_001445,2025-11-24T22:13:49,2025-11-24T22:14:18
session_000453,acct_000736,device_007655,ip_001445,2025-11-24T23:05:42,2025-11-24T23:06:38
session_000454,acct_000744,device_001999,ip_004666,2025-10-01T07:10:53,2025-10-01T07:11:12
session_000455,acct_000688,device_001999,ip_004666,2025-10-01T07:07:29,2025-10-01T07:08:29
session_000456,acct_000759,device_001999,ip_004666,2025-10-01T07:07:33,2025-10-01T07:08:28
session_000457,acct_000769,device_005057,ip_001942,2025-04-05T05:11:44,2025-04-05T05:12:19
session_000458,acct_000735,device_005057,ip_001942,2025-04-04T18:35:05,2025-04-04T18:35:16
session_000459,acct_000861,device_003449,ip_001379,2025-10-04T10:26:02,2025-10-04T10:26:54
session_000460,acct_000866,device_003449,ip_001379,2025-10-04T10:25:25,2025-10-04T10:25:35
session_000461,acct_000799,device_003449,ip_001379,2025-10-04T10:26:40,2025-10-04T10:26:56
session_000462,acct_000785,device_003449,ip_001379,2025-10-04T10:25:27,2025-10-04T10:25:46
session_000463,acct_000880,device_003449,ip_001379,2025-10-04T10:26:12,2025-10-04T10:27:12
session_000464,acct_000669,device_003449,ip_001379,2025-10-04T10:25:24,2025-10-04T10:26:07
session_000465,acct_000790,device_003449,ip_001379,2025-10-04T10:25:35,2025-10-04T10:26:23
session_000466,acct_000792,device_000389,ip_007256,2025-01-05T08:36:07,2025-01-05T08:36:22
session_000467,acct_000879,device_000389,ip_007256,2025-01-05T08:35:38,2025-01-05T08:35:51
session_000468,acct_000764,device_000389,ip_007256,2025-01-05T08:33:53,2025-01-05T08:34:01
session_000469,acct_000823,device_000389,ip_007256,2025-01-05T08:35:54,2025-01-05T08:36:41
session_000470,acct_000815,device_000389,ip_007256,2025-01-05T08:37:13,2025-01-05T08:38:09
session_000471,acct_000728,device_000389,ip_007256,2025-01-05T08:37:20,2025-01-05T08:38:01
session_000472,acct_000661,device_000389,ip_007256,2025-01-05T08:35:54,2025-01-05T08:36:53
session_000473,acct_000827,device_000389,ip_007256,2025-01-05T08:35:11,2025-01-05T08:36:10
session_000474,acct_000808,device_007331,ip_000185,2025-07-19T18:54:33,2025-07-19T18:55:29
session_000475,acct_000791,device_007331,ip_000185,2025-07-19T18:42:54,2025-07-19T18:43:42
session_000476,acct_000838,device_007331,ip_000185,2025-07-19T18:58:40,2025-07-19T18:59:21
session_000477,acct_000721,device_007331,ip_000185,2025-07-19T18:53:51,2025-07-19T18:54:37
session_000478,acct_000688,device_007331,ip_000185,2025-07-19T18:46:37,2025-07-19T18:47:13
session_000479,acct_000870,device_007331,ip_000185,2025-07-19T18:47:46,2025-07-19T18:48:28
session_000480,acct_000747,device_007331,ip_000185,2025-07-19T18:46:25,2025-07-19T18:47:01
session_000481,acct_000779,device_000761,ip_000123,2025-09-06T04:35:09,2025-09-06T04:35:57
session_000482,acct_000808,device_000761,ip_000123,2025-09-06T11:51:56,2025-09-06T11:52:52
session_000483,acct_000870,device_010732,ip_001700,2025-12-21T15:41:20,2025-12-21T15:41:31
session_000484,acct_000758,device_010732,ip_001700,2025-12-21T15:39:45,2025-12-21T15:40:30
session_000485,acct_000690,device_010732,ip_001700,2025-12-21T15:41:42,2025-12-21T15:41:58
session_000486,acct_000838,device_010732,ip_001700,2025-12-21T15:36:11,2025-12-21T15:36:54
session_000487,acct_000666,device_010732,ip_001700,2025-12-21T15:40:28,2025-12-21T15:41:25
session_000488,acct_000862,device_010732,ip_001700,2025-12-21T15:40:28,2025-12-21T15:41:16
session_000489,acct_000783,device_010732,ip_001700,2025-12-21T15:33:44,2025-12-21T15:34:04
session_000490,acct_000850,device_010732,ip_001700,2025-12-21T15:37:17,2025-12-21T15:38:17
session_000491,acct_000863,device_010732,ip_001700,2025-12-21T15:40:22,2025-12-21T15:40:54
session_000492,acct_001345,device_000647,ip_000261,2025-11-14T00:01:58,2025-11-14T00:01:59
session_000493,acct_001241,device_000647,ip_000261,2025-11-14T00:02:00,2025-11-14T00:02:01
session_000494,acct_001405,device_000647,ip_000261,2025-11-14T00:02:02,2025-11-14T00:02:03
session_000495,acct_001412,device_000647,ip_000261,2025-11-14T00:02:04,2025-11-14T00:02:05
session_000496,acct_001406,device_000647,ip_000261,2025-11-14T00:02:06,2025-11-14T00:02:07
session_000497,acct_001264,device_000647,ip_000261,2025-11-14T00:02:08,2025-11-14T00:02:09
session_000498,acct_001251,device_000647,ip_000261,2025-11-14T00:02:10,2025-11-14T00:02:11
session_000499,acct_001274,device_000647,ip_000261,2025-11-14T00:02:12,2025-11-14T00:02:13
session_000500,acct_001108,device_000647,ip_000261,2025-11-14T00:02:14,2025-11-14T00:02:15
session_000501,acct_001139,device_000647,ip_000261,2025-11-14T00:02:16,2025-11-14T00:02:17
session_000502,acct_001170,device_000647,ip_000261,2025-11-14T00:02:18,2025-11-14T00:02:19
session_000503,acct_001285,device_000647,ip_000261,2025-11-14T00:02:20,2025-11-14T00:02:21
session_000504,acct_001242,device_000647,ip_000261,2025-11-14T00:02:22,2025-11-14T00:02:23
session_000505,acct_001174,device_000647,ip_000261,2025-11-14T00:02:24,2025-11-14T00:02:25
session_000506,acct_001429,device_000647,ip_000261,2025-11-14T00:02:26,2025-11-14T00:02:27
session_000507,acct_001293,device_000520,ip_000232,2025-05-19T02:11:40,2025-05-19T02:11:41
session_000508,acct_001372,device_000520,ip_000232,2025-05-19T02:11:42,2025-05-19T02:11:43
session_000509,acct_001200,device_000520,ip_000232,2025-05-19T02:11:44,2025-05-19T02:11:45
session_000510,acct_001336,device_000520,ip_000232,2025-05-19T02:11:46,2025-05-19T02:11:47
session_000511,acct_001102,device_000520,ip_000232,2025-05-19T02:11:48,2025-05-19T02:11:49
session_000512,acct_001300,device_000520,ip_000232,2025-05-19T02:11:50,2025-05-19T02:11:51
session_000513,acct_001169,device_000520,ip_000232,2025-05-19T02:11:52,2025-05-19T02:11:53
session_000514,acct_001145,device_000520,ip_000232,2025-05-19T02:11:54,2025-05-19T02:11:55
session_000515,acct_001267,device_000520,ip_000232,2025-05-19T02:11:56,2025-05-19T02:11:57
session_000516,acct_001373,device_000520,ip_000232,2025-05-19T02:11:58,2025-05-19T02:11:59
session_000517,acct_001394,device_000505,ip_000314,2025-09-26T03:24:27,2025-09-26T03:24:28
session_000518,acct_001115,device_000505,ip_000314,2025-09-26T03:24:29,2025-09-26T03:24:30
session_000519,acct_001335,device_000505,ip_000314,2025-09-26T03:24:31,2025-09-26T03:24:32
session_000520,acct_001157,device_000505,ip_000314,2025-09-26T03:24:33,2025-09-26T03:24:34
session_000521,acct_001164,device_000505,ip_000314,2025-09-26T03:24:35,2025-09-26T03:24:36
session_000522,acct_001137,device_000505,ip_000314,2025-09-26T03:24:37,2025-09-26T03:24:38
session_000523,acct_001228,device_000505,ip_000314,2025-09-26T03:24:39,2025-09-26T03:24:40
session_000524,acct_001306,device_000505,ip_000314,2025-09-26T03:24:41,2025-09-26T03:24:42
session_000525,acct_001195,device_000505,ip_000314,2025-09-26T03:24:43,2025-09-26T03:24:44
session_000526,acct_001348,device_000505,ip_000314,2025-09-26T03:24:45,2025-09-26T03:24:46
session_000527,acct_001324,device_000505,ip_000314,2025-09-26T03:24:47,2025-09-26T03:24:48
session_000528,acct_001119,device_000505,ip_000314,2025-09-26T03:24:49,2025-09-26T03:24:50
session_000529,acct_001430,device_000505,ip_000314,2025-09-26T03:24:51,2025-09-26T03:24:52
session_000530,acct_001336,device_000505,ip_000314,2025-09-26T03:24:53,2025-09-26T03:24:54
session_000531,acct_001360,device_000505,ip_000314,2025-09-26T03:24:55,2025-09-26T03:24:56
session_000532,acct_001394,device_000587,ip_000231,2025-04-08T14:36:00,2025-04-08T14:36:01
session_000533,acct_001163,device_000587,ip_000231,2025-04-08T14:36:02,2025-04-08T14:36:03
session_000534,acct_001244,device_000587,ip_000231,2025-04-08T14:36:04,2025-04-08T14:36:05
session_000535,acct_001391,device_000587,ip_000231,2025-04-08T14:36:06,2025-04-08T14:36:07
session_000536,acct_001253,device_000587,ip_000231,2025-04-08T14:36:08,2025-04-08T14:36:09
session_000537,acct_001225,device_000587,ip_000231,2025-04-08T14:36:10,2025-04-08T14:36:11
session_000538,acct_001235,device_000587,ip_000231,2025-04-08T14:36:12,2025-04-08T14:36:13
session_000539,acct_001116,device_000587,ip_000231,2025-04-08T14:36:14,2025-04-08T14:36:15
session_000540,acct_001122,device_000587,ip_000231,2025-04-08T14:36:16,2025-04-08T14:36:17
session_000541,acct_001324,device_000587,ip_000231,2025-04-08T14:36:18,2025-04-08T14:36:19
session_000542,acct_001281,device_000587,ip_000231,2025-04-08T14:36:20,2025-04-08T14:36:21
session_000543,acct_001153,device_000587,ip_000231,2025-04-08T14:36:22,2025-04-08T14:36:23
session_000544,acct_001161,device_000470,ip_000205,2025-08-18T02:43:50,2025-08-18T02:43:51
session_000545,acct_001192,device_000470,ip_000205,2025-08-18T02:43:52,2025-08-18T02:43:53
session_000546,acct_001354,device_000470,ip_000205,2025-08-18T02:43:54,2025-08-18T02:43:55
session_000547,acct_001321,device_000470,ip_000205,2025-08-18T02:43:56,2025-08-18T02:43:57
session_000548,acct_001412,device_000470,ip_000205,2025-08-18T02:43:58,2025-08-18T02:43:59
session_000549,acct_001319,device_000470,ip_000205,2025-08-18T02:44:00,2025-08-18T02:44:01
session_000550,acct_001122,device_000470,ip_000205,2025-08-18T02:44:02,2025-08-18T02:44:03
session_000551,acct_001202,device_000470,ip_000205,2025-08-18T02:44:04,2025-08-18T02:44:05
session_000552,acct_001285,device_000470,ip_000205,2025-08-18T02:44:06,2025-08-18T02:44:07
session_000553,acct_001104,device_000470,ip_000205,2025-08-18T02:44:08,2025-08-18T02:44:09
session_000554,acct_001149,device_000470,ip_000205,2025-08-18T02:44:10,2025-08-18T02:44:11
session_000555,acct_001214,device_000470,ip_000205,2025-08-18T02:44:12,2025-08-18T02:44:13
session_000556,acct_001179,device_000470,ip_000205,2025-08-18T02:44:14,2025-08-18T02:44:15
session_000557,acct_001233,device_000470,ip_000205,2025-08-18T02:44:16,2025-08-18T02:44:17
session_000558,acct_001349,device_000470,ip_000205,2025-08-18T02:44:18,2025-08-18T02:44:19
session_000559,acct_001124,device_000470,ip_000205,2025-08-18T02:44:20,2025-08-18T02:44:21
session_000560,acct_001244,device_000470,ip_000205,2025-08-18T02:44:22,2025-08-18T02:44:23
session_000561,acct_001342,device_000470,ip_000205,2025-08-18T02:44:24,2025-08-18T02:44:25
session_000562,acct_001427,device_000470,ip_000205,2025-08-18T02:44:26,2025-08-18T02:44:27
session_000563,acct_001364,device_000470,ip_000205,2025-08-18T02:44:28,2025-08-18T02:44:29
session_000564,acct_001194,device_000470,ip_000205,2025-08-18T02:44:30,2025-08-18T02:44:31
session_000565,acct_001218,device_000495,ip_000247,2025-11-07T10:17:55,2025-11-07T10:17:56
session_000566,acct_001404,device_000495,ip_000247,2025-11-07T10:17:58,2025-11-07T10:17:59
session_000567,acct_001285,device_000495,ip_000247,2025-11-07T10:18:01,2025-11-07T10:18:02
session_000568,acct_001430,device_000495,ip_000247,2025-11-07T10:18:04,2025-11-07T10:18:05
session_000569,acct_001231,device_000495,ip_000247,2025-11-07T10:18:07,2025-11-07T10:18:08
session_000570,acct_001175,device_000495,ip_000247,2025-11-07T10:18:10,2025-11-07T10:18:11
session_000571,acct_001124,device_000495,ip_000247,2025-11-07T10:18:13,2025-11-07T10:18:14
session_000572,acct_001396,device_000495,ip_000247,2025-11-07T10:18:16,2025-11-07T10:18:17
session_000573,acct_001415,device_000495,ip_000247,2025-11-07T10:18:19,2025-11-07T10:18:20
session_000574,acct_001401,device_000495,ip_000247,2025-11-07T10:18:22,2025-11-07T10:18:23
session_000575,acct_001342,device_000495,ip_000247,2025-11-07T10:18:25,2025-11-07T10:18:26
session_000576,acct_001176,device_000495,ip_000247,2025-11-07T10:18:28,2025-11-07T10:18:29
session_000577,acct_001318,device_000495,ip_000247,2025-11-07T10:18:31,2025-11-07T10:18:32
session_000578,acct_001230,device_000495,ip_000247,2025-11-07T10:18:34,2025-11-07T10:18:35
session_000579,acct_001324,device_000495,ip_000247,2025-11-07T10:18:37,2025-11-07T10:18:38
session_000580,acct_001145,device_000495,ip_000247,2025-11-07T10:18:40,2025-11-07T10:18:41
session_000581,acct_001356,device_000495,ip_000247,2025-11-07T10:18:43,2025-11-07T10:18:44
session_000582,acct_001236,device_000495,ip_000247,2025-11-07T10:18:46,2025-11-07T10:18:47
session_000583,acct_001384,device_000495,ip_000247,2025-11-07T10:18:49,2025-11-07T10:18:50
session_000584,acct_001313,device_000479,ip_000224,2025-05-21T09:29:46,2025-05-21T09:29:47
session_000585,acct_001175,device_000479,ip_000224,2025-05-21T09:29:48,2025-05-21T09:29:49
session_000586,acct_001163,device_000479,ip_000224,2025-05-21T09:29:50,2025-05-21T09:29:51
session_000587,acct_001359,device_000479,ip_000224,2025-05-21T09:29:52,2025-05-21T09:29:53
session_000588,acct_001258,device_000479,ip_000224,2025-05-21T09:29:54,2025-05-21T09:29:55
session_000589,acct_001113,device_000479,ip_000224,2025-05-21T09:29:56,2025-05-21T09:29:57
session_000590,acct_001280,device_000479,ip_000224,2025-05-21T09:29:58,2025-05-21T09:29:59
session_000591,acct_001363,device_000479,ip_000224,2025-05-21T09:30:00,2025-05-21T09:30:01
session_000592,acct_001108,device_000479,ip_000224,2025-05-21T09:30:02,2025-05-21T09:30:03
session_000593,acct_001306,device_000479,ip_000224,2025-05-21T09:30:04,2025-05-21T09:30:05
session_000594,acct_001378,device_000479,ip_000224,2025-05-21T09:30:06,2025-05-21T09:30:07
session_000595,acct_001195,device_000479,ip_000224,2025-05-21T09:30:08,2025-05-21T09:30:09
session_000596,acct_001423,device_000479,ip_000224,2025-05-21T09:30:10,2025-05-21T09:30:11
session_000597,acct_001187,device_000479,ip_000224,2025-05-21T09:30:12,2025-05-21T09:30:13
session_000598,acct_001303,device_000479,ip_000224,2025-05-21T09:30:14,2025-05-21T09:30:15
session_000599,acct_001208,device_000479,ip_000224,2025-05-21T09:30:16,2025-05-21T09:30:17
session_000600,acct_001106,device_000479,ip_000224,2025-05-21T09:30:18,2025-05-21T09:30:19
session_000601,acct_001256,device_000479,ip_000224,2025-05-21T09:30:20,2025-05-21T09:30:21
session_000602,acct_001332,device_000582,ip_000323,2025-04-18T20:26:19,2025-04-18T20:26:20
session_000603,acct_001290,device_000582,ip_000323,2025-04-18T20:26:24,2025-04-18T20:26:25
session_000604,acct_001247,device_000582,ip_000323,2025-04-18T20:26:29,2025-04-18T20:26:30
session_000605,acct_001285,device_000582,ip_000323,2025-04-18T20:26:34,2025-04-18T20:26:35
session_000606,acct_001292,device_000582,ip_000323,2025-04-18T20:26:39,2025-04-18T20:26:40
session_000607,acct_001291,device_000582,ip_000323,2025-04-18T20:26:44,2025-04-18T20:26:45
session_000608,acct_001402,device_000582,ip_000323,2025-04-18T20:26:49,2025-04-18T20:26:50
session_000609,acct_001430,device_000582,ip_000323,2025-04-18T20:26:54,2025-04-18T20:26:55
session_000610,acct_001289,device_000582,ip_000323,2025-04-18T20:26:59,2025-04-18T20:27:00
session_000611,acct_001364,device_000582,ip_000323,2025-04-18T20:27:04,2025-04-18T20:27:05
session_000612,acct_001281,device_000582,ip_000323,2025-04-18T20:27:09,2025-04-18T20:27:10
session_000613,acct_001276,device_000582,ip_000323,2025-04-18T20:27:14,2025-04-18T20:27:15
session_000614,acct_001176,device_000582,ip_000323,2025-04-18T20:27:19,2025-04-18T20:27:20
session_000615,acct_001154,device_000582,ip_000323,2025-04-18T20:27:24,2025-04-18T20:27:25
session_000616,acct_001152,device_000582,ip_000323,2025-04-18T20:27:29,2025-04-18T20:27:30
session_000617,acct_001138,device_000582,ip_000323,2025-04-18T20:27:34,2025-04-18T20:27:35
session_000618,acct_001355,device_000582,ip_000323,2025-04-18T20:27:39,2025-04-18T20:27:40
session_000619,acct_001199,device_000582,ip_000323,2025-04-18T20:27:44,2025-04-18T20:27:45
session_000620,acct_001230,device_000582,ip_000323,2025-04-18T20:27:49,2025-04-18T20:27:50
session_000621,acct_001168,device_000696,ip_000305,2025-11-10T10:26:53,2025-11-10T10:26:54
session_000622,acct_001241,device_000696,ip_000305,2025-11-10T10:26:58,2025-11-10T10:26:59
session_000623,acct_001216,device_000696,ip_000305,2025-11-10T10:27:03,2025-11-10T10:27:04
session_000624,acct_001237,device_000696,ip_000305,2025-11-10T10:27:08,2025-11-10T10:27:09
session_000625,acct_001219,device_000696,ip_000305,2025-11-10T10:27:13,2025-11-10T10:27:14
session_000626,acct_001292,device_000696,ip_000305,2025-11-10T10:27:18,2025-11-10T10:27:19
session_000627,acct_001410,device_000696,ip_000305,2025-11-10T10:27:23,2025-11-10T10:27:24
session_000628,acct_001356,device_000696,ip_000305,2025-11-10T10:27:28,2025-11-10T10:27:29
session_000629,acct_001188,device_000696,ip_000305,2025-11-10T10:27:33,2025-11-10T10:27:34
session_000630,acct_001213,device_000696,ip_000305,2025-11-10T10:27:38,2025-11-10T10:27:39
session_000631,acct_001253,device_000696,ip_000305,2025-11-10T10:27:43,2025-11-10T10:27:44
session_000632,acct_001368,device_000632,ip_000268,2025-08-06T20:11:53,2025-08-06T20:11:54
session_000633,acct_001318,device_000632,ip_000268,2025-08-06T20:11:56,2025-08-06T20:11:57
session_000634,acct_001388,device_000632,ip_000268,2025-08-06T20:11:59,2025-08-06T20:12:00
session_000635,acct_001250,device_000632,ip_000268,2025-08-06T20:12:02,2025-08-06T20:12:03
session_000636,acct_001152,device_000632,ip_000268,2025-08-06T20:12:05,2025-08-06T20:12:06
session_000637,acct_001221,device_000632,ip_000268,2025-08-06T20:12:08,2025-08-06T20:12:09
session_000638,acct_001325,device_000632,ip_000268,2025-08-06T20:12:11,2025-08-06T20:12:12
session_000639,acct_001313,device_000632,ip_000268,2025-08-06T20:12:14,2025-08-06T20:12:15
session_000640,acct_001424,device_000632,ip_000268,2025-08-06T20:12:17,2025-08-06T20:12:18
session_000641,acct_001182,device_000632,ip_000268,2025-08-06T20:12:20,2025-08-06T20:12:21
session_000642,acct_001339,device_000632,ip_000268,2025-08-06T20:12:23,2025-08-06T20:12:24
session_000643,acct_001219,device_000632,ip_000268,2025-08-06T20:12:26,2025-08-06T20:12:27
session_000644,acct_001209,device_000632,ip_000268,2025-08-06T20:12:29,2025-08-06T20:12:30
session_000645,acct_001345,device_000632,ip_000268,2025-08-06T20:12:32,2025-08-06T20:12:33
session_000646,acct_001377,device_000632,ip_000268,2025-08-06T20:12:35,2025-08-06T20:12:36
session_000647,acct_001399,device_000632,ip_000268,2025-08-06T20:12:38,2025-08-06T20:12:39
session_000648,acct_001309,device_000508,ip_000286,2025-06-26T00:07:24,2025-06-26T00:07:25
session_000649,acct_001389,device_000508,ip_000286,2025-06-26T00:07:29,2025-06-26T00:07:30
session_000650,acct_001111,device_000508,ip_000286,2025-06-26T00:07:34,2025-06-26T00:07:35
session_000651,acct_001404,device_000508,ip_000286,2025-06-26T00:07:39,2025-06-26T00:07:40
session_000652,acct_001388,device_000508,ip_000286,2025-06-26T00:07:44,2025-06-26T00:07:45
session_000653,acct_001139,device_000508,ip_000286,2025-06-26T00:07:49,2025-06-26T00:07:50
session_000654,acct_001311,device_000508,ip_000286,2025-06-26T00:07:54,2025-06-26T00:07:55
session_000655,acct_001374,device_000508,ip_000286,2025-06-26T00:07:59,2025-06-26T00:08:00
session_000656,acct_001268,device_000508,ip_000286,2025-06-26T00:08:04,2025-06-26T00:08:05
session_000657,acct_001158,device_000508,ip_000286,2025-06-26T00:08:09,2025-06-26T00:08:10
session_000658,acct_001277,device_000508,ip_000286,2025-06-26T00:08:14,2025-06-26T00:08:15
session_000659,acct_001350,device_000508,ip_000286,2025-06-26T00:08:19,2025-06-26T00:08:20
session_000660,acct_001282,device_000508,ip_000286,2025-06-26T00:08:24,2025-06-26T00:08:25
session_000661,acct_001344,device_000508,ip_000286,2025-06-26T00:08:29,2025-06-26T00:08:30
session_000662,acct_001316,device_000508,ip_000286,2025-06-26T00:08:34,2025-06-26T00:08:35
session_000663,acct_001377,device_000508,ip_000286,2025-06-26T00:08:39,2025-06-26T00:08:40
session_000664,acct_001360,device_000508,ip_000286,2025-06-26T00:08:44,2025-06-26T00:08:45
session_000665,acct_001338,device_000508,ip_000286,2025-06-26T00:08:49,2025-06-26T00:08:50
session_000666,acct_001202,device_000508,ip_000286,2025-06-26T00:08:54,2025-06-26T00:08:55
session_000667,acct_001172,device_000508,ip_000286,2025-06-26T00:08:59,2025-06-26T00:09:00
session_000668,acct_001350,device_000508,ip_000286,2025-06-26T00:09:04,2025-06-26T00:09:05
session_000669,acct_001381,device_000508,ip_000286,2025-06-26T00:09:09,2025-06-26T00:09:10
session_000670,acct_001202,device_000508,ip_000286,2025-06-26T00:09:14,2025-06-26T00:09:15
session_000671,acct_001364,device_000495,ip_000365,2025-02-14T09:11:41,2025-02-14T09:11:42
session_000672,acct_001206,device_000495,ip_000365,2025-02-14T09:11:43,2025-02-14T09:11:44
session_000673,acct_001148,device_000495,ip_000365,2025-02-14T09:11:45,2025-02-14T09:11:46
session_000674,acct_001399,device_000495,ip_000365,2025-02-14T09:11:47,2025-02-14T09:11:48
session_000675,acct_001172,device_000495,ip_000365,2025-02-14T09:11:49,2025-02-14T09:11:50
session_000676,acct_001386,device_000495,ip_000365,2025-02-14T09:11:51,2025-02-14T09:11:52
session_000677,acct_001369,device_000495,ip_000365,2025-02-14T09:11:53,2025-02-14T09:11:54
session_000678,acct_001323,device_000495,ip_000365,2025-02-14T09:11:55,2025-02-14T09:11:56
session_000679,acct_001308,device_000495,ip_000365,2025-02-14T09:11:57,2025-02-14T09:11:58
session_000680,acct_001348,device_000495,ip_000365,2025-02-14T09:11:59,2025-02-14T09:12:00
session_000681,acct_001236,device_000495,ip_000365,2025-02-14T09:12:01,2025-02-14T09:12:02
session_000682,acct_001324,device_000495,ip_000365,2025-02-14T09:12:03,2025-02-14T09:12:04
session_000683,acct_001199,device_000495,ip_000365,2025-02-14T09:12:05,2025-02-14T09:12:06
session_000684,acct_001227,device_000495,ip_000365,2025-02-14T09:12:07,2025-02-14T09:12:08
session_000685,acct_001130,device_000701,ip_000394,2025-10-31T14:22:09,2025-10-31T14:22:10
session_000686,acct_001262,device_000701,ip_000394,2025-10-31T14:22:14,2025-10-31T14:22:15
session_000687,acct_001426,device_000701,ip_000394,2025-10-31T14:22:19,2025-10-31T14:22:20
session_000688,acct_001334,device_000701,ip_000394,2025-10-31T14:22:24,2025-10-31T14:22:25
session_000689,acct_001315,device_000701,ip_000394,2025-10-31T14:22:29,2025-10-31T14:22:30
session_000690,acct_001248,device_000701,ip_000394,2025-10-31T14:22:34,2025-10-31T14:22:35
session_000691,acct_001135,device_000701,ip_000394,2025-10-31T14:22:39,2025-10-31T14:22:40
session_000692,acct_001358,device_000701,ip_000394,2025-10-31T14:22:44,2025-10-31T14:22:45
session_000693,acct_001199,device_000701,ip_000394,2025-10-31T14:22:49,2025-10-31T14:22:50
session_000694,acct_001162,device_000701,ip_000394,2025-10-31T14:22:54,2025-10-31T14:22:55
session_000695,acct_001388,device_000701,ip_000394,2025-10-31T14:22:59,2025-10-31T14:23:00
session_000696,acct_001390,device_000701,ip_000394,2025-10-31T14:23:04,2025-10-31T14:23:05
session_000697,acct_001193,device_000701,ip_000394,2025-10-31T14:23:09,2025-10-31T14:23:10
session_000698,acct_001381,device_000701,ip_000394,2025-10-31T14:23:14,2025-10-31T14:23:15
session_000699,acct_001281,device_000701,ip_000394,2025-10-31T14:23:19,2025-10-31T14:23:20
session_000700,acct_001161,device_000701,ip_000394,2025-10-31T14:23:24,2025-10-31T14:23:25
session_000701,acct_001305,device_000701,ip_000394,2025-10-31T14:23:29,2025-10-31T14:23:30
session_000702,acct_001342,device_000701,ip_000394,2025-10-31T14:23:34,2025-10-31T14:23:35
session_000703,acct_001410,device_000701,ip_000394,2025-10-31T14:23:39,2025-10-31T14:23:40
session_000704,acct_001167,device_000701,ip_000394,2025-10-31T14:23:44,2025-10-31T14:23:45
session_000705,acct_001397,device_000701,ip_000394,2025-10-31T14:23:49,2025-10-31T14:23:50
session_000706,acct_001419,device_000505,ip_000279,2025-01-15T17:37:48,2025-01-15T17:37:49
session_000707,acct_001123,device_000505,ip_000279,2025-01-15T17:37:50,2025-01-15T17:37:51
session_000708,acct_001331,device_000505,ip_000279,2025-01-15T17:37:52,2025-01-15T17:37:53
session_000709,acct_001194,device_000505,ip_000279,2025-01-15T17:37:54,2025-01-15T17:37:55
session_000710,acct_001293,device_000505,ip_000279,2025-01-15T17:37:56,2025-01-15T17:37:57
session_000711,acct_001103,device_000505,ip_000279,2025-01-15T17:37:58,2025-01-15T17:37:59
session_000712,acct_001184,device_000505,ip_000279,2025-01-15T17:38:00,2025-01-15T17:38:01
session_000713,acct_001421,device_000505,ip_000279,2025-01-15T17:38:02,2025-01-15T17:38:03
session_000714,acct_001325,device_000505,ip_000279,2025-01-15T17:38:04,2025-01-15T17:38:05
session_000715,acct_001307,device_000505,ip_000279,2025-01-15T17:38:06,2025-01-15T17:38:07
session_000716,acct_001251,device_000505,ip_000279,2025-01-15T17:38:08,2025-01-15T17:38:09
session_000717,acct_001283,device_000505,ip_000279,2025-01-15T17:38:10,2025-01-15T17:38:11
session_000718,acct_001390,device_000505,ip_000279,2025-01-15T17:38:12,2025-01-15T17:38:13
session_000719,acct_001242,device_000505,ip_000279,2025-01-15T17:38:14,2025-01-15T17:38:15
session_000720,acct_001325,device_000505,ip_000279,2025-01-15T17:38:16,2025-01-15T17:38:17
session_000721,acct_001305,device_000505,ip_000279,2025-01-15T17:38:18,2025-01-15T17:38:19
session_000722,acct_001221,device_000505,ip_000279,2025-01-15T17:38:20,2025-01-15T17:38:21
session_000723,acct_001373,device_000505,ip_000279,2025-01-15T17:38:22,2025-01-15T17:38:23
session_000724,acct_001208,device_000505,ip_000279,2025-01-15T17:38:24,2025-01-15T17:38:25
session_000725,acct_001189,device_000505,ip_000279,2025-01-15T17:38:26,2025-01-15T17:38:27
session_000726,acct_001287,device_000505,ip_000279,2025-01-15T17:38:28,2025-01-15T17:38:29
session_000727,acct_001363,device_000505,ip_000279,2025-01-15T17:38:30,2025-01-15T17:38:31
session_000728,acct_001310,device_000505,ip_000279,2025-01-15T17:38:32,2025-01-15T17:38:33
session_000729,acct_001190,device_000542,ip_000199,2025-06-05T21:18:10,2025-06-05T21:18:11
session_000730,acct_001137,device_000542,ip_000199,2025-06-05T21:18:12,2025-06-05T21:18:13
session_000731,acct_001383,device_000542,ip_000199,2025-06-05T21:18:14,2025-06-05T21:18:15
session_000732,acct_001285,device_000542,ip_000199,2025-06-05T21:18:16,2025-06-05T21:18:17
session_000733,acct_001396,device_000542,ip_000199,2025-06-05T21:18:18,2025-06-05T21:18:19
session_000734,acct_001311,device_000542,ip_000199,2025-06-05T21:18:20,2025-06-05T21:18:21
session_000735,acct_001224,device_000542,ip_000199,2025-06-05T21:18:22,2025-06-05T21:18:23
session_000736,acct_001369,device_000542,ip_000199,2025-06-05T21:18:24,2025-06-05T21:18:25
session_000737,acct_001224,device_000542,ip_000199,2025-06-05T21:18:26,2025-06-05T21:18:27
session_000738,acct_001356,device_000542,ip_000199,2025-06-05T21:18:28,2025-06-05T21:18:29
session_000739,acct_001216,device_000542,ip_000199,2025-06-05T21:18:30,2025-06-05T21:18:31
session_000740,acct_001326,device_000542,ip_000199,2025-06-05T21:18:32,2025-06-05T21:18:33
session_000741,acct_001395,device_000542,ip_000199,2025-06-05T21:18:34,2025-06-05T21:18:35
session_000742,acct_001188,device_000542,ip_000199,2025-06-05T21:18:36,2025-06-05T21:18:37
session_000743,acct_001242,device_000542,ip_000199,2025-06-05T21:18:38,2025-06-05T21:18:39
session_000744,acct_001177,device_000542,ip_000199,2025-06-05T21:18:40,2025-06-05T21:18:41
session_000745,acct_001141,device_000542,ip_000199,2025-06-05T21:18:42,2025-06-05T21:18:43
session_000746,acct_001389,device_000542,ip_000199,2025-06-05T21:18:44,2025-06-05T21:18:45
session_000747,acct_001345,device_000542,ip_000199,2025-06-05T21:18:46,2025-06-05T21:18:47
session_000748,acct_001133,device_000542,ip_000199,2025-06-05T21:18:48,2025-06-05T21:18:49
session_000749,acct_001162,device_000542,ip_000199,2025-06-05T21:18:50,2025-06-05T21:18:51
session_000750,acct_001102,device_000542,ip_000199,2025-06-05T21:18:52,2025-06-05T21:18:53
session_000751,acct_001380,device_000542,ip_000199,2025-06-05T21:18:54,2025-06-05T21:18:55
session_000752,acct_001138,device_000542,ip_000199,2025-06-05T21:18:56,2025-06-05T21:18:57
session_000753,acct_001278,device_000542,ip_000199,2025-06-05T21:18:58,2025-06-05T21:18:59
session_000754,acct_001268,device_000562,ip_000372,2025-08-23T04:38:50,2025-08-23T04:38:51
session_000755,acct_001416,device_000562,ip_000372,2025-08-23T04:38:52,2025-08-23T04:38:53
session_000756,acct_001173,device_000562,ip_000372,2025-08-23T04:38:54,2025-08-23T04:38:55
session_000757,acct_001364,device_000562,ip_000372,2025-08-23T04:38:56,2025-08-23T04:38:57
session_000758,acct_001281,device_000562,ip_000372,2025-08-23T04:38:58,2025-08-23T04:38:59
session_000759,acct_001391,device_000562,ip_000372,2025-08-23T04:39:00,2025-08-23T04:39:01
session_000760,acct_001261,device_000562,ip_000372,2025-08-23T04:39:02,2025-08-23T04:39:03
session_000761,acct_001342,device_000562,ip_000372,2025-08-23T04:39:04,2025-08-23T04:39:05
session_000762,acct_001328,device_000562,ip_000372,2025-08-23T04:39:06,2025-08-23T04:39:07
session_000763,acct_001395,device_000562,ip_000372,2025-08-23T04:39:08,2025-08-23T04:39:09
session_000764,acct_001244,device_000562,ip_000372,2025-08-23T04:39:10,2025-08-23T04:39:11
session_000765,acct_001166,device_000562,ip_000372,2025-08-23T04:39:12,2025-08-23T04:39:13
session_000766,acct_001394,device_000562,ip_000372,2025-08-23T04:39:14,2025-08-23T04:39:15
session_000767,acct_001347,device_000562,ip_000372,2025-08-23T04:39:16,2025-08-23T04:39:17
session_000768,acct_001377,device_000562,ip_000372,2025-08-23T04:39:18,2025-08-23T04:39:19
session_000769,acct_001425,device_000562,ip_000372,2025-08-23T04:39:20,2025-08-23T04:39:21
session_000770,acct_001180,device_000562,ip_000372,2025-08-23T04:39:22,2025-08-23T04:39:23
session_000771,acct_001135,device_000562,ip_000372,2025-08-23T04:39:24,2025-08-23T04:39:25
session_000772,acct_001165,device_000691,ip_000357,2025-10-26T10:19:17,2025-10-26T10:19:18
session_000773,acct_001377,device_000691,ip_000357,2025-10-26T10:19:19,2025-10-26T10:19:20
session_000774,acct_001278,device_000691,ip_000357,2025-10-26T10:19:21,2025-10-26T10:19:22
session_000775,acct_001243,device_000691,ip_000357,2025-10-26T10:19:23,2025-10-26T10:19:24
session_000776,acct_001106,device_000691,ip_000357,2025-10-26T10:19:25,2025-10-26T10:19:26
session_000777,acct_001428,device_000691,ip_000357,2025-10-26T10:19:27,2025-10-26T10:19:28
session_000778,acct_001173,device_000691,ip_000357,2025-10-26T10:19:29,2025-10-26T10:19:30
session_000779,acct_001151,device_000691,ip_000357,2025-10-26T10:19:31,2025-10-26T10:19:32
session_000780,acct_001429,device_000691,ip_000357,2025-10-26T10:19:33,2025-10-26T10:19:34
session_000781,acct_001188,device_000691,ip_000357,2025-10-26T10:19:35,2025-10-26T10:19:36
session_000782,acct_001309,device_000567,ip_000219,2025-10-25T22:10:14,2025-10-25T22:10:15
session_000783,acct_001328,device_000567,ip_000219,2025-10-25T22:10:17,2025-10-25T22:10:18
session_000784,acct_001426,device_000567,ip_000219,2025-10-25T22:10:20,2025-10-25T22:10:21
session_000785,acct_001410,device_000567,ip_000219,2025-10-25T22:10:23,2025-10-25T22:10:24
session_000786,acct_001152,device_000567,ip_000219,2025-10-25T22:10:26,2025-10-25T22:10:27
session_000787,acct_001400,device_000567,ip_000219,2025-10-25T22:10:29,2025-10-25T22:10:30
session_000788,acct_001330,device_000567,ip_000219,2025-10-25T22:10:32,2025-10-25T22:10:33
session_000789,acct_001187,device_000567,ip_000219,2025-10-25T22:10:35,2025-10-25T22:10:36
session_000790,acct_001278,device_000567,ip_000219,2025-10-25T22:10:38,2025-10-25T22:10:39
session_000791,acct_001159,device_000567,ip_000219,2025-10-25T22:10:41,2025-10-25T22:10:42
session_000792,acct_001279,device_000567,ip_000219,2025-10-25T22:10:44,2025-10-25T22:10:45
session_000793,acct_001376,device_000567,ip_000219,2025-10-25T22:10:47,2025-10-25T22:10:48
session_000794,acct_001390,device_000567,ip_000219,2025-10-25T22:10:50,2025-10-25T22:10:51
session_000795,acct_001303,device_000567,ip_000219,2025-10-25T22:10:53,2025-10-25T22:10:54
session_000796,acct_001111,device_000567,ip_000219,2025-10-25T22:10:56,2025-10-25T22:10:57
session_000797,acct_001376,device_000567,ip_000219,2025-10-25T22:10:59,2025-10-25T22:11:00
session_000798,acct_001337,device_000567,ip_000219,2025-10-25T22:11:02,2025-10-25T22:11:03
session_000799,acct_001239,device_000567,ip_000219,2025-10-25T22:11:05,2025-10-25T22:11:06
session_000800,acct_001378,device_000567,ip_000219,2025-10-25T22:11:08,2025-10-25T22:11:09
session_000801,acct_001339,device_000567,ip_000219,2025-10-25T22:11:11,2025-10-25T22:11:12
session_000802,acct_001280,device_000701,ip_000334,2025-09-03T22:50:20,2025-09-03T22:50:21
session_000803,acct_001103,device_000701,ip_000334,2025-09-03T22:50:22,2025-09-03T22:50:23
session_000804,acct_001136,device_000701,ip_000334,2025-09-03T22:50:24,2025-09-03T22:50:25
session_000805,acct_001113,device_000701,ip_000334,2025-09-03T22:50:26,2025-09-03T22:50:27
session_000806,acct_001185,device_000701,ip_000334,2025-09-03T22:50:28,2025-09-03T22:50:29
session_000807,acct_001299,device_000701,ip_000334,2025-09-03T22:50:30,2025-09-03T22:50:31
session_000808,acct_001395,device_000701,ip_000334,2025-09-03T22:50:32,2025-09-03T22:50:33
session_000809,acct_001267,device_000701,ip_000334,2025-09-03T22:50:34,2025-09-03T22:50:35
session_000810,acct_001141,device_000701,ip_000334,2025-09-03T22:50:36,2025-09-03T22:50:37
session_000811,acct_001202,device_000701,ip_000334,2025-09-03T22:50:38,2025-09-03T22:50:39
session_000812,acct_001284,device_000701,ip_000334,2025-09-03T22:50:40,2025-09-03T22:50:41
session_000813,acct_001207,device_000498,ip_000213,2025-03-10T16:22:48,2025-03-10T16:22:49
session_000814,acct_001152,device_000498,ip_000213,2025-03-10T16:22:51,2025-03-10T16:22:52
session_000815,acct_001405,device_000498,ip_000213,2025-03-10T16:22:54,2025-03-10T16:22:55
session_000816,acct_001334,device_000498,ip_000213,2025-03-10T16:22:57,2025-03-10T16:22:58
session_000817,acct_001292,device_000498,ip_000213,2025-03-10T16:23:00,2025-03-10T16:23:01
session_000818,acct_001126,device_000498,ip_000213,2025-03-10T16:23:03,2025-03-10T16:23:04
session_000819,acct_001115,device_000498,ip_000213,2025-03-10T16:23:06,2025-03-10T16:23:07
session_000820,acct_001123,device_000498,ip_000213,2025-03-10T16:23:09,2025-03-10T16:23:10
session_000821,acct_001129,device_000498,ip_000213,2025-03-10T16:23:12,2025-03-10T16:23:13
session_000822,acct_001341,device_000498,ip_000213,2025-03-10T16:23:15,2025-03-10T16:23:16
session_000823,acct_001244,device_000498,ip_000213,2025-03-10T16:23:18,2025-03-10T16:23:19
session_000824,acct_001254,device_000498,ip_000213,2025-03-10T16:23:21,2025-03-10T16:23:22
session_000825,acct_001262,device_000498,ip_000213,2025-03-10T16:23:24,2025-03-10T16:23:25
session_000826,acct_001275,device_000498,ip_000213,2025-03-10T16:23:27,2025-03-10T16:23:28
session_000827,acct_001192,device_000498,ip_000213,2025-03-10T16:23:30,2025-03-10T16:23:31
session_000828,acct_001168,device_000498,ip_000213,2025-03-10T16:23:33,2025-03-10T16:23:34
session_000829,acct_001265,device_000498,ip_000213,2025-03-10T16:23:36,2025-03-10T16:23:37
session_000830,acct_001405,device_000498,ip_000213,2025-03-10T16:23:39,2025-03-10T16:23:40
session_000831,acct_001168,device_000498,ip_000213,2025-03-10T16:23:42,2025-03-10T16:23:43
session_000832,acct_001101,device_000618,ip_000242,2025-01-28T23:39:58,2025-01-28T23:39:59
session_000833,acct_001243,device_000618,ip_000242,2025-01-28T23:40:03,2025-01-28T23:40:04
session_000834,acct_001355,device_000618,ip_000242,2025-01-28T23:40:08,2025-01-28T23:40:09
session_000835,acct_001249,device_000618,ip_000242,2025-01-28T23:40:13,2025-01-28T23:40:14
session_000836,acct_001399,device_000618,ip_000242,2025-01-28T23:40:18,2025-01-28T23:40:19
session_000837,acct_001218,device_000618,ip_000242,2025-01-28T23:40:23,2025-01-28T23:40:24
session_000838,acct_001235,device_000618,ip_000242,2025-01-28T23:40:28,2025-01-28T23:40:29
session_000839,acct_001225,device_000618,ip_000242,2025-01-28T23:40:33,2025-01-28T23:40:34
session_000840,acct_001148,device_000618,ip_000242,2025-01-28T23:40:38,2025-01-28T23:40:39
session_000841,acct_001373,device_000618,ip_000242,2025-01-28T23:40:43,2025-01-28T23:40:44
session_000842,acct_001201,device_000618,ip_000242,2025-01-28T23:40:48,2025-01-28T23:40:49
session_000843,acct_001209,device_000618,ip_000242,2025-01-28T23:40:53,2025-01-28T23:40:54
session_000844,acct_001286,device_000618,ip_000242,2025-01-28T23:40:58,2025-01-28T23:40:59
session_000845,acct_001188,device_000618,ip_000242,2025-01-28T23:41:03,2025-01-28T23:41:04
session_000846,acct_001313,device_000618,ip_000242,2025-01-28T23:41:08,2025-01-28T23:41:09
session_000847,acct_001188,device_000618,ip_000242,2025-01-28T23:41:13,2025-01-28T23:41:14
session_000848,acct_001386,device_000618,ip_000242,2025-01-28T23:41:18,2025-01-28T23:41:19
session_000849,acct_001215,device_000618,ip_000242,2025-01-28T23:41:23,2025-01-28T23:41:24
session_000850,acct_001348,device_000618,ip_000242,2025-01-28T23:41:28,2025-01-28T23:41:29
session_000851,acct_001216,device_000589,ip_000251,2025-04-20T08:47:44,2025-04-20T08:47:45
session_000852,acct_001307,device_000589,ip_000251,2025-04-20T08:47:46,2025-04-20T08:47:47
session_000853,acct_001265,device_000589,ip_000251,2025-04-20T08:47:48,2025-04-20T08:47:49
session_000854,acct_001362,device_000589,ip_000251,2025-04-20T08:47:50,2025-04-20T08:47:51
session_000855,acct_001159,device_000589,ip_000251,2025-04-20T08:47:52,2025-04-20T08:47:53
session_000856,acct_001188,device_000589,ip_000251,2025-04-20T08:47:54,2025-04-20T08:47:55
session_000857,acct_001269,device_000589,ip_000251,2025-04-20T08:47:56,2025-04-20T08:47:57
session_000858,acct_001430,device_000589,ip_000251,2025-04-20T08:47:58,2025-04-20T08:47:59
session_000859,acct_001376,device_000589,ip_000251,2025-04-20T08:48:00,2025-04-20T08:48:01
session_000860,acct_001264,device_000589,ip_000251,2025-04-20T08:48:02,2025-04-20T08:48:03
session_000861,acct_001199,device_000589,ip_000251,2025-04-20T08:48:04,2025-04-20T08:48:05
session_000862,acct_001281,device_000589,ip_000251,2025-04-20T08:48:06,2025-04-20T08:48:07
session_000863,acct_001242,device_000678,ip_000278,2025-01-01T15:17:08,2025-01-01T15:17:09
session_000864,acct_001203,device_000678,ip_000278,2025-01-01T15:17:11,2025-01-01T15:17:12
session_000865,acct_001105,device_000678,ip_000278,2025-01-01T15:17:14,2025-01-01T15:17:15
session_000866,acct_001256,device_000678,ip_000278,2025-01-01T15:17:17,2025-01-01T15:17:18
session_000867,acct_001224,device_000678,ip_000278,2025-01-01T15:17:20,2025-01-01T15:17:21
session_000868,acct_001427,device_000678,ip_000278,2025-01-01T15:17:23,2025-01-01T15:17:24
session_000869,acct_001391,device_000678,ip_000278,2025-01-01T15:17:26,2025-01-01T15:17:27
session_000870,acct_001265,device_000678,ip_000278,2025-01-01T15:17:29,2025-01-01T15:17:30
session_000871,acct_001225,device_000678,ip_000278,2025-01-01T15:17:32,2025-01-01T15:17:33
session_000872,acct_001318,device_000678,ip_000278,2025-01-01T15:17:35,2025-01-01T15:17:36
session_000873,acct_001306,device_000678,ip_000278,2025-01-01T15:17:38,2025-01-01T15:17:39
session_000874,acct_001280,device_000702,ip_000317,2025-07-29T23:37:00,2025-07-29T23:37:01
session_000875,acct_001370,device_000702,ip_000317,2025-07-29T23:37:03,2025-07-29T23:37:04
session_000876,acct_001321,device_000702,ip_000317,2025-07-29T23:37:06,2025-07-29T23:37:07
session_000877,acct_001139,device_000702,ip_000317,2025-07-29T23:37:09,2025-07-29T23:37:10
session_000878,acct_001382,device_000702,ip_000317,2025-07-29T23:37:12,2025-07-29T23:37:13
session_000879,acct_001275,device_000702,ip_000317,2025-07-29T23:37:15,2025-07-29T23:37:16
session_000880,acct_001232,device_000702,ip_000317,2025-07-29T23:37:18,2025-07-29T23:37:19
session_000881,acct_001346,device_000702,ip_000317,2025-07-29T23:37:21,2025-07-29T23:37:22
session_000882,acct_001362,device_000702,ip_000317,2025-07-29T23:37:24,2025-07-29T23:37:25
session_000883,acct_001215,device_000702,ip_000317,2025-07-29T23:37:27,2025-07-29T23:37:28
session_000884,acct_001236,device_000702,ip_000317,2025-07-29T23:37:30,2025-07-29T23:37:31
session_000885,acct_001204,device_000702,ip_000317,2025-07-29T23:37:33,2025-07-29T23:37:34
session_000886,acct_001356,device_000702,ip_000317,2025-07-29T23:37:36,2025-07-29T23:37:37
session_000887,acct_001134,device_000702,ip_000317,2025-07-29T23:37:39,2025-07-29T23:37:40
session_000888,acct_001361,device_000702,ip_000317,2025-07-29T23:37:42,2025-07-29T23:37:43
session_000889,acct_001222,device_000702,ip_000317,2025-07-29T23:37:45,2025-07-29T23:37:46
session_000890,acct_001377,device_000702,ip_000317,2025-07-29T23:37:48,2025-07-29T23:37:49
session_000891,acct_001271,device_000702,ip_000317,2025-07-29T23:37:51,2025-07-29T23:37:52
session_000892,acct_001101,device_000702,ip_000317,2025-07-29T23:37:54,2025-07-29T23:37:55
session_000893,acct_001265,device_000702,ip_000317,2025-07-29T23:37:57,2025-07-29T23:37:58
session_000894,acct_001361,device_000702,ip_000317,2025-07-29T23:38:00,2025-07-29T23:38:01
session_000895,acct_001241,device_000702,ip_000317,2025-07-29T23:38:03,2025-07-29T23:38:04
session_000896,acct_001420,device_000699,ip_000279,2025-02-09T09:27:41,2025-02-09T09:27:42
session_000897,acct_001309,device_000699,ip_000279,2025-02-09T09:27:46,2025-02-09T09:27:47
session_000898,acct_001301,device_000699,ip_000279,2025-02-09T09:27:51,2025-02-09T09:27:52
session_000899,acct_001180,device_000699,ip_000279,2025-02-09T09:27:56,2025-02-09T09:27:57
session_000900,acct_001297,device_000699,ip_000279,2025-02-09T09:28:01,2025-02-09T09:28:02
session_000901,acct_001418,device_000699,ip_000279,2025-02-09T09:28:06,2025-02-09T09:28:07
session_000902,acct_001312,device_000699,ip_000279,2025-02-09T09:28:11,2025-02-09T09:28:12
session_000903,acct_001408,device_000699,ip_000279,2025-02-09T09:28:16,2025-02-09T09:28:17
session_000904,acct_001298,device_000699,ip_000279,2025-02-09T09:28:21,2025-02-09T09:28:22
session_000905,acct_001358,device_000699,ip_000279,2025-02-09T09:28:26,2025-02-09T09:28:27
session_000906,acct_001294,device_000699,ip_000279,2025-02-09T09:28:31,2025-02-09T09:28:32
session_000907,acct_001411,device_000699,ip_000279,2025-02-09T09:28:36,2025-02-09T09:28:37
session_000908,acct_001332,device_000699,ip_000279,2025-02-09T09:28:41,2025-02-09T09:28:42
session_000909,acct_001216,device_000699,ip_000279,2025-02-09T09:28:46,2025-02-09T09:28:47
session_000910,acct_001386,device_000699,ip_000279,2025-02-09T09:28:51,2025-02-09T09:28:52
session_000911,acct_001165,device_000699,ip_000279,2025-02-09T09:28:56,2025-02-09T09:28:57
session_000912,acct_001391,device_000699,ip_000279,2025-02-09T09:29:01,2025-02-09T09:29:02
session_000913,acct_001156,device_000699,ip_000279,2025-02-09T09:29:06,2025-02-09T09:29:07
session_000914,acct_001163,device_000699,ip_000279,2025-02-09T09:29:11,2025-02-09T09:29:12
session_000915,acct_001348,device_000699,ip_000279,2025-02-09T09:29:16,2025-02-09T09:29:17
session_000916,acct_001343,device_000699,ip_000279,2025-02-09T09:29:21,2025-02-09T09:29:22
session_000917,acct_001335,device_000699,ip_000279,2025-02-09T09:29:26,2025-02-09T09:29:27
session_000918,acct_001326,device_000553,ip_000245,2025-11-01T08:09:58,2025-11-01T08:09:59
session_000919,acct_001403,device_000553,ip_000245,2025-11-01T08:10:03,2025-11-01T08:10:04
session_000920,acct_001425,device_000553,ip_000245,2025-11-01T08:10:08,2025-11-01T08:10:09
session_000921,acct_001371,device_000553,ip_000245,2025-11-01T08:10:13,2025-11-01T08:10:14
session_000922,acct_001338,device_000553,ip_000245,2025-11-01T08:10:18,2025-11-01T08:10:19
session_000923,acct_001262,device_000553,ip_000245,2025-11-01T08:10:23,2025-11-01T08:10:24
session_000924,acct_001270,device_000553,ip_000245,2025-11-01T08:10:28,2025-11-01T08:10:29
session_000925,acct_001329,device_000553,ip_000245,2025-11-01T08:10:33,2025-11-01T08:10:34
session_000926,acct_001423,device_000553,ip_000245,2025-11-01T08:10:38,2025-11-01T08:10:39
session_000927,acct_001372,device_000553,ip_000245,2025-11-01T08:10:43,2025-11-01T08:10:44
session_000928,acct_001165,device_000553,ip_000245,2025-11-01T08:10:48,2025-11-01T08:10:49
session_000929,acct_001401,device_000553,ip_000245,2025-11-01T08:10:53,2025-11-01T08:10:54
session_000930,acct_001349,device_000553,ip_000245,2025-11-01T08:10:58,2025-11-01T08:10:59
session_000931,acct_001318,device_000542,ip_000349,2025-08-13T15:00:47,2025-08-13T15:00:48
session_000932,acct_001204,device_000542,ip_000349,2025-08-13T15:00:52,2025-08-13T15:00:53
session_000933,acct_001178,device_000542,ip_000349,2025-08-13T15:00:57,2025-08-13T15:00:58
session_000934,acct_001429,device_000542,ip_000349,2025-08-13T15:01:02,2025-08-13T15:01:03
session_000935,acct_001342,device_000542,ip_000349,2025-08-13T15:01:07,2025-08-13T15:01:08
session_000936,acct_001165,device_000542,ip_000349,2025-08-13T15:01:12,2025-08-13T15:01:13
session_000937,acct_001330,device_000542,ip_000349,2025-08-13T15:01:17,2025-08-13T15:01:18
session_000938,acct_001163,device_000542,ip_000349,2025-08-13T15:01:22,2025-08-13T15:01:23
session_000939,acct_001128,device_000542,ip_000349,2025-08-13T15:01:27,2025-08-13T15:01:28
session_000940,acct_001423,device_000542,ip_000349,2025-08-13T15:01:32,2025-08-13T15:01:33
session_000941,acct_001155,device_000542,ip_000349,2025-08-13T15:01:37,2025-08-13T15:01:38
session_000942,acct_001174,device_000594,ip_000262,2025-12-09T13:08:17,2025-12-09T13:08:18
session_000943,acct_001213,device_000594,ip_000262,2025-12-09T13:08:20,2025-12-09T13:08:21
session_000944,acct_001174,device_000594,ip_000262,2025-12-09T13:08:23,2025-12-09T13:08:24
session_000945,acct_001154,device_000594,ip_000262,2025-12-09T13:08:26,2025-12-09T13:08:27
session_000946,acct_001179,device_000594,ip_000262,2025-12-09T13:08:29,2025-12-09T13:08:30
session_000947,acct_001115,device_000594,ip_000262,2025-12-09T13:08:32,2025-12-09T13:08:33
session_000948,acct_001107,device_000594,ip_000262,2025-12-09T13:08:35,2025-12-09T13:08:36
session_000949,acct_001147,device_000594,ip_000262,2025-12-09T13:08:38,2025-12-09T13:08:39
session_000950,acct_001180,device_000594,ip_000262,2025-12-09T13:08:41,2025-12-09T13:08:42
session_000951,acct_001255,device_000594,ip_000262,2025-12-09T13:08:44,2025-12-09T13:08:45
session_000952,acct_001112,device_000594,ip_000262,2025-12-09T13:08:47,2025-12-09T13:08:48
session_000953,acct_001176,device_000594,ip_000262,2025-12-09T13:08:50,2025-12-09T13:08:51
session_000954,acct_001252,device_000594,ip_000262,2025-12-09T13:08:53,2025-12-09T13:08:54
session_000955,acct_001246,device_000594,ip_000262,2025-12-09T13:08:56,2025-12-09T13:08:57
session_000956,acct_001257,device_000594,ip_000262,2025-12-09T13:08:59,2025-12-09T13:09:00
session_000957,acct_001320,device_000585,ip_000396,2025-02-18T14:49:12,2025-02-18T14:49:13
session_000958,acct_001161,device_000585,ip_000396,2025-02-18T14:49:15,2025-02-18T14:49:16
session_000959,acct_001290,device_000585,ip_000396,2025-02-18T14:49:18,2025-02-18T14:49:19
session_000960,acct_001200,device_000585,ip_000396,2025-02-18T14:49:21,2025-02-18T14:49:22
session_000961,acct_001393,device_000585,ip_000396,2025-02-18T14:49:24,2025-02-18T14:49:25
session_000962,acct_001108,device_000585,ip_000396,2025-02-18T14:49:27,2025-02-18T14:49:28
session_000963,acct_001240,device_000585,ip_000396,2025-02-18T14:49:30,2025-02-18T14:49:31
session_000964,acct_001132,device_000585,ip_000396,2025-02-18T14:49:33,2025-02-18T14:49:34
session_000965,acct_001208,device_000585,ip_000396,2025-02-18T14:49:36,2025-02-18T14:49:37
session_000966,acct_001288,device_000585,ip_000396,2025-02-18T14:49:39,2025-02-18T14:49:40
session_000967,acct_001201,device_000585,ip_000396,2025-02-18T14:49:42,2025-02-18T14:49:43
session_000968,acct_001283,device_000585,ip_000396,2025-02-18T14:49:45,2025-02-18T14:49:46
session_000969,acct_001366,device_000585,ip_000396,2025-02-18T14:49:48,2025-02-18T14:49:49
session_000970,acct_001419,device_000585,ip_000396,2025-02-18T14:49:51,2025-02-18T14:49:52
session_000971,acct_001168,device_000585,ip_000396,2025-02-18T14:49:54,2025-02-18T14:49:55
session_000972,acct_001171,device_000585,ip_000396,2025-02-18T14:49:57,2025-02-18T14:49:58
session_000973,acct_001165,device_000549,ip_000207,2025-11-29T22:29:06,2025-11-29T22:29:07
session_000974,acct_001378,device_000549,ip_000207,2025-11-29T22:29:09,2025-11-29T22:29:10
session_000975,acct_001301,device_000549,ip_000207,2025-11-29T22:29:12,2025-11-29T22:29:13
session_000976,acct_001259,device_000549,ip_000207,2025-11-29T22:29:15,2025-11-29T22:29:16
session_000977,acct_001140,device_000549,ip_000207,2025-11-29T22:29:18,2025-11-29T22:29:19
session_000978,acct_001305,device_000549,ip_000207,2025-11-29T22:29:21,2025-11-29T22:29:22
session_000979,acct_001154,device_000549,ip_000207,2025-11-29T22:29:24,2025-11-29T22:29:25
session_000980,acct_001142,device_000549,ip_000207,2025-11-29T22:29:27,2025-11-29T22:29:28
session_000981,acct_001404,device_000549,ip_000207,2025-11-29T22:29:30,2025-11-29T22:29:31
session_000982,acct_001345,device_000549,ip_000207,2025-11-29T22:29:33,2025-11-29T22:29:34
session_000983,acct_001253,device_000549,ip_000207,2025-11-29T22:29:36,2025-11-29T22:29:37
session_000984,acct_001286,device_000549,ip_000207,2025-11-29T22:29:39,2025-11-29T22:29:40
session_000985,acct_001163,device_000549,ip_000207,2025-11-29T22:29:42,2025-11-29T22:29:43
session_000986,acct_001422,device_000549,ip_000207,2025-11-29T22:29:45,2025-11-29T22:29:46
session_000987,acct_001264,device_000549,ip_000207,2025-11-29T22:29:48,2025-11-29T22:29:49
session_000988,acct_001200,device_000549,ip_000207,2025-11-29T22:29:51,2025-11-29T22:29:52
session_000989,acct_001376,device_000549,ip_000207,2025-11-29T22:29:54,2025-11-29T22:29:55
session_000990,acct_001267,device_000666,ip_000229,2025-04-03T20:18:59,2025-04-03T20:19:00
session_000991,acct_001311,device_000666,ip_000229,2025-04-03T20:19:02,2025-04-03T20:19:03
session_000992,acct_001192,device_000666,ip_000229,2025-04-03T20:19:05,2025-04-03T20:19:06
session_000993,acct_001200,device_000666,ip_000229,2025-04-03T20:19:08,2025-04-03T20:19:09
session_000994,acct_001401,device_000666,ip_000229,2025-04-03T20:19:11,2025-04-03T20:19:12
session_000995,acct_001373,device_000666,ip_000229,2025-04-03T20:19:14,2025-04-03T20:19:15
session_000996,acct_001299,device_000666,ip_000229,2025-04-03T20:19:17,2025-04-03T20:19:18
session_000997,acct_001139,device_000666,ip_000229,2025-04-03T20:19:20,2025-04-03T20:19:21
session_000998,acct_001340,device_000666,ip_000229,2025-04-03T20:19:23,2025-04-03T20:19:24
session_000999,acct_001168,device_000666,ip_000229,2025-04-03T20:19:26,2025-04-03T20:19:27
session_001000,acct_001238,device_000666,ip_000229,2025-04-03T20:19:29,2025-04-03T20:19:30
session_001001,acct_001278,device_000666,ip_000229,2025-04-03T20:19:32,2025-04-03T20:19:33
session_001002,acct_001402,device_000666,ip_000229,2025-04-03T20:19:35,2025-04-03T20:19:36
session_001003,acct_001105,device_000666,ip_000229,2025-04-03T20:19:38,2025-04-03T20:19:39
session_001004,acct_001406,device_000666,ip_000229,2025-04-03T20:19:41,2025-04-03T20:19:42
session_001005,acct_001299,device_000521,ip_000259,2025-07-10T14:12:25,2025-07-10T14:12:26
session_001006,acct_001176,device_000521,ip_000259,2025-07-10T14:12:28,2025-07-10T14:12:29
session_001007,acct_001386,device_000521,ip_000259,2025-07-10T14:12:31,2025-07-10T14:12:32
session_001008,acct_001219,device_000521,ip_000259,2025-07-10T14:12:34,2025-07-10T14:12:35
session_001009,acct_001397,device_000521,ip_000259,2025-07-10T14:12:37,2025-07-10T14:12:38
session_001010,acct_001371,device_000521,ip_000259,2025-07-10T14:12:40,2025-07-10T14:12:41
session_001011,acct_001246,device_000521,ip_000259,2025-07-10T14:12:43,2025-07-10T14:12:44
session_001012,acct_001243,device_000521,ip_000259,2025-07-10T14:12:46,2025-07-10T14:12:47
session_001013,acct_001299,device_000521,ip_000259,2025-07-10T14:12:49,2025-07-10T14:12:50
session_001014,acct_001297,device_000521,ip_000259,2025-07-10T14:12:52,2025-07-10T14:12:53
session_001015,acct_001405,device_000521,ip_000259,2025-07-10T14:12:55,2025-07-10T14:12:56
session_001016,acct_001251,device_000521,ip_000259,2025-07-10T14:12:58,2025-07-10T14:12:59
session_001017,acct_001146,device_000511,ip_000323,2025-08-14T07:14:32,2025-08-14T07:14:33
session_001018,acct_001253,device_000511,ip_000323,2025-08-14T07:14:35,2025-08-14T07:14:36
session_001019,acct_001244,device_000511,ip_000323,2025-08-14T07:14:38,2025-08-14T07:14:39
session_001020,acct_001113,device_000511,ip_000323,2025-08-14T07:14:41,2025-08-14T07:14:42
session_001021,acct_001341,device_000511,ip_000323,2025-08-14T07:14:44,2025-08-14T07:14:45
session_001022,acct_001165,device_000511,ip_000323,2025-08-14T07:14:47,2025-08-14T07:14:48
session_001023,acct_001279,device_000511,ip_000323,2025-08-14T07:14:50,2025-08-14T07:14:51
session_001024,acct_001251,device_000511,ip_000323,2025-08-14T07:14:53,2025-08-14T07:14:54
session_001025,acct_001425,device_000511,ip_000323,2025-08-14T07:14:56,2025-08-14T07:14:57
session_001026,acct_001292,device_000511,ip_000323,2025-08-14T07:14:59,2025-08-14T07:15:00
session_001027,acct_001285,device_000511,ip_000323,2025-08-14T07:15:02,2025-08-14T07:15:03
session_001028,acct_001430,device_000511,ip_000323,2025-08-14T07:15:05,2025-08-14T07:15:06
session_001029,acct_001112,device_000511,ip_000323,2025-08-14T07:15:08,2025-08-14T07:15:09
session_001030,acct_001266,device_000511,ip_000323,2025-08-14T07:15:11,2025-08-14T07:15:12
session_001031,acct_001113,device_000511,ip_000323,2025-08-14T07:15:14,2025-08-14T07:15:15
session_001032,acct_001238,device_000511,ip_000323,2025-08-14T07:15:17,2025-08-14T07:15:18
session_001033,acct_001329,device_000511,ip_000323,2025-08-14T07:15:20,2025-08-14T07:15:21
session_001034,acct_001199,device_000511,ip_000323,2025-08-14T07:15:23,2025-08-14T07:15:24
session_001035,acct_001363,device_000511,ip_000323,2025-08-14T07:15:26,2025-08-14T07:15:27
session_001036,acct_001220,device_000511,ip_000323,2025-08-14T07:15:29,2025-08-14T07:15:30
session_001037,acct_001409,device_000628,ip_000380,2025-04-24T09:18:11,2025-04-24T09:18:12
session_001038,acct_001286,device_000628,ip_000380,2025-04-24T09:18:16,2025-04-24T09:18:17
session_001039,acct_001292,device_000628,ip_000380,2025-04-24T09:18:21,2025-04-24T09:18:22
session_001040,acct_001154,device_000628,ip_000380,2025-04-24T09:18:26,2025-04-24T09:18:27
session_001041,acct_001342,device_000628,ip_000380,2025-04-24T09:18:31,2025-04-24T09:18:32
session_001042,acct_001392,device_000628,ip_000380,2025-04-24T09:18:36,2025-04-24T09:18:37
session_001043,acct_001287,device_000628,ip_000380,2025-04-24T09:18:41,2025-04-24T09:18:42
session_001044,acct_001220,device_000628,ip_000380,2025-04-24T09:18:46,2025-04-24T09:18:47
session_001045,acct_001116,device_000628,ip_000380,2025-04-24T09:18:51,2025-04-24T09:18:52
session_001046,acct_001323,device_000628,ip_000380,2025-04-24T09:18:56,2025-04-24T09:18:57
session_001047,acct_001161,device_000628,ip_000380,2025-04-24T09:19:01,2025-04-24T09:19:02
session_001048,acct_001369,device_000628,ip_000380,2025-04-24T09:19:06,2025-04-24T09:19:07
session_001049,acct_001233,device_000628,ip_000380,2025-04-24T09:19:11,2025-04-24T09:19:12
session_001050,acct_001169,device_000628,ip_000380,2025-04-24T09:19:16,2025-04-24T09:19:17
session_001051,acct_001197,device_000628,ip_000380,2025-04-24T09:19:21,2025-04-24T09:19:22
session_001052,acct_001244,device_000628,ip_000380,2025-04-24T09:19:26,2025-04-24T09:19:27
session_001053,acct_001126,device_000628,ip_000380,2025-04-24T09:19:31,2025-04-24T09:19:32
session_001054,acct_001311,device_000628,ip_000380,2025-04-24T09:19:36,2025-04-24T09:19:37
session_001055,acct_001115,device_000628,ip_000380,2025-04-24T09:19:41,2025-04-24T09:19:42
session_001056,acct_001256,device_000628,ip_000380,2025-04-24T09:19:46,2025-04-24T09:19:47
session_001057,acct_001128,device_000628,ip_000380,2025-04-24T09:19:51,2025-04-24T09:19:52
session_001058,acct_001353,device_000628,ip_000380,2025-04-24T09:19:56,2025-04-24T09:19:57
session_001059,acct_001333,device_000628,ip_000380,2025-04-24T09:20:01,2025-04-24T09:20:02
session_001060,acct_001377,device_000542,ip_000331,2025-08-11T06:27:39,2025-08-11T06:27:40
session_001061,acct_001290,device_000542,ip_000331,2025-08-11T06:27:42,2025-08-11T06:27:43
session_001062,acct_001224,device_000542,ip_000331,2025-08-11T06:27:45,2025-08-11T06:27:46
session_001063,acct_001225,device_000542,ip_000331,2025-08-11T06:27:48,2025-08-11T06:27:49
session_001064,acct_001239,device_000542,ip_000331,2025-08-11T06:27:51,2025-08-11T06:27:52
session_001065,acct_001200,device_000542,ip_000331,2025-08-11T06:27:54,2025-08-11T06:27:55
session_001066,acct_001377,device_000542,ip_000331,2025-08-11T06:27:57,2025-08-11T06:27:58
session_001067,acct_001413,device_000542,ip_000331,2025-08-11T06:28:00,2025-08-11T06:28:01
session_001068,acct_001118,device_000542,ip_000331,2025-08-11T06:28:03,2025-08-11T06:28:04
session_001069,acct_001328,device_000542,ip_000331,2025-08-11T06:28:06,2025-08-11T06:28:07
session_001070,acct_001366,device_000542,ip_000331,2025-08-11T06:28:09,2025-08-11T06:28:10
session_001071,acct_001308,device_000542,ip_000331,2025-08-11T06:28:12,2025-08-11T06:28:13
session_001072,acct_001225,device_000542,ip_000331,2025-08-11T06:28:15,2025-08-11T06:28:16
session_001073,acct_001148,device_000542,ip_000331,2025-08-11T06:28:18,2025-08-11T06:28:19
session_001074,acct_001392,device_000542,ip_000331,2025-08-11T06:28:21,2025-08-11T06:28:22
session_001075,acct_001236,device_000542,ip_000331,2025-08-11T06:28:24,2025-08-11T06:28:25
session_001076,acct_001245,device_000542,ip_000331,2025-08-11T06:28:27,2025-08-11T06:28:28
session_001077,acct_001195,device_000542,ip_000331,2025-08-11T06:28:30,2025-08-11T06:28:31
session_001078,acct_001369,device_000542,ip_000331,2025-08-11T06:28:33,2025-08-11T06:28:34
session_001079,acct_001350,device_000606,ip_000277,2025-11-19T23:56:31,2025-11-19T23:56:32
session_001080,acct_001293,device_000606,ip_000277,2025-11-19T23:56:36,2025-11-19T23:56:37
session_001081,acct_001326,device_000606,ip_000277,2025-11-19T23:56:41,2025-11-19T23:56:42
session_001082,acct_001333,device_000606,ip_000277,2025-11-19T23:56:46,2025-11-19T23:56:47
session_001083,acct_001185,device_000606,ip_000277,2025-11-19T23:56:51,2025-11-19T23:56:52
session_001084,acct_001219,device_000606,ip_000277,2025-11-19T23:56:56,2025-11-19T23:56:57
session_001085,acct_001120,device_000606,ip_000277,2025-11-19T23:57:01,2025-11-19T23:57:02
session_001086,acct_001163,device_000606,ip_000277,2025-11-19T23:57:06,2025-11-19T23:57:07
session_001087,acct_001376,device_000606,ip_000277,2025-11-19T23:57:11,2025-11-19T23:57:12
session_001088,acct_001140,device_000606,ip_000277,2025-11-19T23:57:16,2025-11-19T23:57:17
session_001089,acct_001415,device_000606,ip_000277,2025-11-19T23:57:21,2025-11-19T23:57:22
session_001090,acct_001410,device_000606,ip_000277,2025-11-19T23:57:26,2025-11-19T23:57:27
session_001091,acct_001303,device_000606,ip_000277,2025-11-19T23:57:31,2025-11-19T23:57:32
session_001092,acct_001200,device_000606,ip_000277,2025-11-19T23:57:36,2025-11-19T23:57:37
session_001093,acct_001101,device_000606,ip_000277,2025-11-19T23:57:41,2025-11-19T23:57:42
session_001094,acct_001404,device_000606,ip_000277,2025-11-19T23:57:46,2025-11-19T23:57:47
session_001095,acct_001232,device_000606,ip_000277,2025-11-19T23:57:51,2025-11-19T23:57:52
session_001096,acct_001229,device_000691,ip_000227,2025-06-21T22:27:59,2025-06-21T22:28:00
session_001097,acct_001375,device_000691,ip_000227,2025-06-21T22:28:01,2025-06-21T22:28:02
session_001098,acct_001252,device_000691,ip_000227,2025-06-21T22:28:03,2025-06-21T22:28:04
session_001099,acct_001356,device_000691,ip_000227,2025-06-21T22:28:05,2025-06-21T22:28:06
session_001100,acct_001345,device_000691,ip_000227,2025-06-21T22:28:07,2025-06-21T22:28:08
session_001101,acct_001395,device_000691,ip_000227,2025-06-21T22:28:09,2025-06-21T22:28:10
session_001102,acct_001182,device_000691,ip_000227,2025-06-21T22:28:11,2025-06-21T22:28:12
session_001103,acct_001333,device_000691,ip_000227,2025-06-21T22:28:13,2025-06-21T22:28:14
session_001104,acct_001335,device_000691,ip_000227,2025-06-21T22:28:15,2025-06-21T22:28:16
session_001105,acct_001272,device_000691,ip_000227,2025-06-21T22:28:17,2025-06-21T22:28:18
session_001106,acct_001129,device_000691,ip_000227,2025-06-21T22:28:19,2025-06-21T22:28:20
session_001107,acct_001328,device_000691,ip_000227,2025-06-21T22:28:21,2025-06-21T22:28:22
session_001108,acct_001305,device_000691,ip_000227,2025-06-21T22:28:23,2025-06-21T22:28:24
session_001109,acct_001149,device_000691,ip_000227,2025-06-21T22:28:25,2025-06-21T22:28:26
session_001110,acct_001131,device_000691,ip_000227,2025-06-21T22:28:27,2025-06-21T22:28:28
session_001111,acct_001109,device_000691,ip_000227,2025-06-21T22:28:29,2025-06-21T22:28:30
session_001112,acct_001384,device_000545,ip_000205,2025-05-10T21:57:09,2025-05-10T21:57:10
session_001113,acct_001136,device_000545,ip_000205,2025-05-10T21:57:14,2025-05-10T21:57:15
session_001114,acct_001252,device_000545,ip_000205,2025-05-10T21:57:19,2025-05-10T21:57:20
session_001115,acct_001410,device_000545,ip_000205,2025-05-10T21:57:24,2025-05-10T21:57:25
session_001116,acct_001154,device_000545,ip_000205,2025-05-10T21:57:29,2025-05-10T21:57:30
session_001117,acct_001380,device_000545,ip_000205,2025-05-10T21:57:34,2025-05-10T21:57:35
session_001118,acct_001144,device_000545,ip_000205,2025-05-10T21:57:39,2025-05-10T21:57:40
session_001119,acct_001119,device_000545,ip_000205,2025-05-10T21:57:44,2025-05-10T21:57:45
session_001120,acct_001125,device_000545,ip_000205,2025-05-10T21:57:49,2025-05-10T21:57:50
session_001121,acct_001405,device_000545,ip_000205,2025-05-10T21:57:54,2025-05-10T21:57:55
session_001122,acct_001340,device_000545,ip_000205,2025-05-10T21:57:59,2025-05-10T21:58:00
session_001123,acct_001126,device_000545,ip_000205,2025-05-10T21:58:04,2025-05-10T21:58:05
session_001124,acct_001124,device_000545,ip_000205,2025-05-10T21:58:09,2025-05-10T21:58:10
session_001125,acct_001225,device_000545,ip_000205,2025-05-10T21:58:14,2025-05-10T21:58:15
session_001126,acct_001157,device_000545,ip_000205,2025-05-10T21:58:19,2025-05-10T21:58:20
session_001127,acct_001342,device_000545,ip_000205,2025-05-10T21:58:24,2025-05-10T21:58:25
session_001128,acct_001378,device_000545,ip_000205,2025-05-10T21:58:29,2025-05-10T21:58:30
session_001129,acct_001363,device_000545,ip_000205,2025-05-10T21:58:34,2025-05-10T21:58:35
session_001130,acct_001210,device_000545,ip_000205,2025-05-10T21:58:39,2025-05-10T21:58:40
session_001131,acct_001202,device_000545,ip_000205,2025-05-10T21:58:44,2025-05-10T21:58:45
session_001132,acct_001214,device_000545,ip_000205,2025-05-10T21:58:49,2025-05-10T21:58:50
session_001133,acct_001133,device_000545,ip_000205,2025-05-10T21:58:54,2025-05-10T21:58:55
session_001134,acct_001350,device_000545,ip_000205,2025-05-10T21:58:59,2025-05-10T21:59:00
session_001135,acct_001218,device_000475,ip_000389,2025-06-03T04:02:50,2025-06-03T04:02:51
session_001136,acct_001233,device_000475,ip_000389,2025-06-03T04:02:53,2025-06-03T04:02:54
session_001137,acct_001169,device_000475,ip_000389,2025-06-03T04:02:56,2025-06-03T04:02:57
session_001138,acct_001371,device_000475,ip_000389,2025-06-03T04:02:59,2025-06-03T04:03:00
session_001139,acct_001125,device_000475,ip_000389,2025-06-03T04:03:02,2025-06-03T04:03:03
session_001140,acct_001260,device_000475,ip_000389,2025-06-03T04:03:05,2025-06-03T04:03:06
session_001141,acct_001159,device_000475,ip_000389,2025-06-03T04:03:08,2025-06-03T04:03:09
session_001142,acct_001233,device_000475,ip_000389,2025-06-03T04:03:11,2025-06-03T04:03:12
session_001143,acct_001114,device_000475,ip_000389,2025-06-03T04:03:14,2025-06-03T04:03:15
session_001144,acct_001121,device_000475,ip_000389,2025-06-03T04:03:17,2025-06-03T04:03:18
session_001145,acct_001415,device_000475,ip_000389,2025-06-03T04:03:20,2025-06-03T04:03:21
session_001146,acct_001285,device_000475,ip_000389,2025-06-03T04:03:23,2025-06-03T04:03:24
session_001147,acct_001353,device_000475,ip_000389,2025-06-03T04:03:26,2025-06-03T04:03:27
session_001148,acct_001188,device_000475,ip_000389,2025-06-03T04:03:29,2025-06-03T04:03:30
session_001149,acct_001262,device_000475,ip_000389,2025-06-03T04:03:32,2025-06-03T04:03:33
session_001150,acct_001160,device_000475,ip_000389,2025-06-03T04:03:35,2025-06-03T04:03:36
session_001151,acct_001418,device_000475,ip_000389,2025-06-03T04:03:38,2025-06-03T04:03:39
session_001152,acct_001363,device_000475,ip_000389,2025-06-03T04:03:41,2025-06-03T04:03:42
session_001153,acct_001213,device_000475,ip_000389,2025-06-03T04:03:44,2025-06-03T04:03:45
session_001154,acct_001361,device_000475,ip_000389,2025-06-03T04:03:47,2025-06-03T04:03:48
session_001155,acct_001347,device_000475,ip_000389,2025-06-03T04:03:50,2025-06-03T04:03:51
session_001156,acct_001364,device_000633,ip_000266,2025-07-14T23:17:46,2025-07-14T23:17:47
session_001157,acct_001245,device_000633,ip_000266,2025-07-14T23:17:49,2025-07-14T23:17:50
session_001158,acct_001119,device_000633,ip_000266,2025-07-14T23:17:52,2025-07-14T23:17:53
session_001159,acct_001207,device_000633,ip_000266,2025-07-14T23:17:55,2025-07-14T23:17:56
session_001160,acct_001251,device_000633,ip_000266,2025-07-14T23:17:58,2025-07-14T23:17:59
session_001161,acct_001321,device_000633,ip_000266,2025-07-14T23:18:01,2025-07-14T23:18:02
session_001162,acct_001396,device_000633,ip_000266,2025-07-14T23:18:04,2025-07-14T23:18:05
session_001163,acct_001274,device_000633,ip_000266,2025-07-14T23:18:07,2025-07-14T23:18:08
session_001164,acct_001369,device_000633,ip_000266,2025-07-14T23:18:10,2025-07-14T23:18:11
session_001165,acct_001185,device_000633,ip_000266,2025-07-14T23:18:13,2025-07-14T23:18:14
session_001166,acct_001272,device_000633,ip_000266,2025-07-14T23:18:16,2025-07-14T23:18:17
session_001167,acct_001239,device_000633,ip_000266,2025-07-14T23:18:19,2025-07-14T23:18:20
session_001168,acct_001388,device_000633,ip_000266,2025-07-14T23:18:22,2025-07-14T23:18:23
session_001169,acct_001367,device_000633,ip_000266,2025-07-14T23:18:25,2025-07-14T23:18:26
session_001170,acct_001242,device_000633,ip_000266,2025-07-14T23:18:28,2025-07-14T23:18:29
session_001171,acct_001391,device_000633,ip_000266,2025-07-14T23:18:31,2025-07-14T23:18:32
session_001172,acct_001417,device_000633,ip_000266,2025-07-14T23:18:34,2025-07-14T23:18:35
session_001173,acct_001301,device_000688,ip_000261,2025-09-24T00:56:56,2025-09-24T00:56:57
session_001174,acct_001386,device_000688,ip_000261,2025-09-24T00:56:59,2025-09-24T00:57:00
session_001175,acct_001351,device_000688,ip_000261,2025-09-24T00:57:02,2025-09-24T00:57:03
session_001176,acct_001355,device_000688,ip_000261,2025-09-24T00:57:05,2025-09-24T00:57:06
session_001177,acct_001117,device_000688,ip_000261,2025-09-24T00:57:08,2025-09-24T00:57:09
session_001178,acct_001377,device_000688,ip_000261,2025-09-24T00:57:11,2025-09-24T00:57:12
session_001179,acct_001357,device_000688,ip_000261,2025-09-24T00:57:14,2025-09-24T00:57:15
session_001180,acct_001384,device_000688,ip_000261,2025-09-24T00:57:17,2025-09-24T00:57:18
session_001181,acct_001148,device_000688,ip_000261,2025-09-24T00:57:20,2025-09-24T00:57:21
session_001182,acct_001367,device_000688,ip_000261,2025-09-24T00:57:23,2025-09-24T00:57:24
session_001183,acct_001392,device_000688,ip_000261,2025-09-24T00:57:26,2025-09-24T00:57:27
session_001184,acct_001330,device_000688,ip_000261,2025-09-24T00:57:29,2025-09-24T00:57:30
session_001185,acct_001414,device_000688,ip_000261,2025-09-24T00:57:32,2025-09-24T00:57:33
session_001186,acct_001156,device_000688,ip_000261,2025-09-24T00:57:35,2025-09-24T00:57:36
session_001187,acct_001307,device_000688,ip_000261,2025-09-24T00:57:38,2025-09-24T00:57:39
session_001188,acct_001168,device_000688,ip_000261,2025-09-24T00:57:41,2025-09-24T00:57:42
session_001189,acct_001341,device_000688,ip_000261,2025-09-24T00:57:44,2025-09-24T00:57:45
session_001190,acct_001143,device_000663,ip_000242,2025-12-19T18:09:29,2025-12-19T18:09:30
session_001191,acct_001282,device_000663,ip_000242,2025-12-19T18:09:31,2025-12-19T18:09:32
session_001192,acct_001384,device_000663,ip_000242,2025-12-19T18:09:33,2025-12-19T18:09:34
session_001193,acct_001183,device_000663,ip_000242,2025-12-19T18:09:35,2025-12-19T18:09:36
session_001194,acct_001189,device_000663,ip_000242,2025-12-19T18:09:37,2025-12-19T18:09:38
session_001195,acct_001383,device_000663,ip_000242,2025-12-19T18:09:39,2025-12-19T18:09:40
session_001196,acct_001148,device_000663,ip_000242,2025-12-19T18:09:41,2025-12-19T18:09:42
session_001197,acct_001377,device_000663,ip_000242,2025-12-19T18:09:43,2025-12-19T18:09:44
session_001198,acct_001188,device_000663,ip_000242,2025-12-19T18:09:45,2025-12-19T18:09:46
session_001199,acct_001400,device_000663,ip_000242,2025-12-19T18:09:47,2025-12-19T18:09:48
session_001200,acct_001183,device_000663,ip_000242,2025-12-19T18:09:49,2025-12-19T18:09:50
session_001201,acct_001208,device_000663,ip_000242,2025-12-19T18:09:51,2025-12-19T18:09:52
session_001202,acct_001119,device_000663,ip_000242,2025-12-19T18:09:53,2025-12-19T18:09:54
session_001203,acct_001346,device_000663,ip_000242,2025-12-19T18:09:55,2025-12-19T18:09:56
session_001204,acct_001363,device_000663,ip_000242,2025-12-19T18:09:57,2025-12-19T18:09:58
session_001205,acct_001359,device_000663,ip_000242,2025-12-19T18:09:59,2025-12-19T18:10:00
session_001206,acct_001179,device_000663,ip_000242,2025-12-19T18:10:01,2025-12-19T18:10:02
session_001207,acct_001177,device_000663,ip_000242,2025-12-19T18:10:03,2025-12-19T18:10:04
session_001208,acct_001342,device_000692,ip_000307,2025-11-24T19:51:06,2025-11-24T19:51:07
session_001209,acct_001240,device_000692,ip_000307,2025-11-24T19:51:09,2025-11-24T19:51:10
session_001210,acct_001159,device_000692,ip_000307,2025-11-24T19:51:12,2025-11-24T19:51:13
session_001211,acct_001170,device_000692,ip_000307,2025-11-24T19:51:15,2025-11-24T19:51:16
session_001212,acct_001141,device_000692,ip_000307,2025-11-24T19:51:18,2025-11-24T19:51:19
session_001213,acct_001411,device_000692,ip_000307,2025-11-24T19:51:21,2025-11-24T19:51:22
session_001214,acct_001136,device_000692,ip_000307,2025-11-24T19:51:24,2025-11-24T19:51:25
session_001215,acct_001376,device_000692,ip_000307,2025-11-24T19:51:27,2025-11-24T19:51:28
session_001216,acct_001211,device_000692,ip_000307,2025-11-24T19:51:30,2025-11-24T19:51:31
session_001217,acct_001345,device_000692,ip_000307,2025-11-24T19:51:33,2025-11-24T19:51:34
session_001218,acct_001408,device_000692,ip_000307,2025-11-24T19:51:36,2025-11-24T19:51:37
session_001219,acct_001307,device_000692,ip_000307,2025-11-24T19:51:39,2025-11-24T19:51:40
session_001220,acct_001158,device_000692,ip_000307,2025-11-24T19:51:42,2025-11-24T19:51:43
session_001221,acct_001154,device_000692,ip_000307,2025-11-24T19:51:45,2025-11-24T19:51:46
session_001222,acct_001308,device_000692,ip_000307,2025-11-24T19:51:48,2025-11-24T19:51:49
session_001223,acct_001382,device_000692,ip_000307,2025-11-24T19:51:51,2025-11-24T19:51:52
session_001224,acct_001123,device_000692,ip_000307,2025-11-24T19:51:54,2025-11-24T19:51:55
session_001225,acct_001352,device_000692,ip_000307,2025-11-24T19:51:57,2025-11-24T19:51:58
session_001226,acct_001251,device_000692,ip_000307,2025-11-24T19:52:00,2025-11-24T19:52:01
session_001227,acct_001167,device_000692,ip_000307,2025-11-24T19:52:03,2025-11-24T19:52:04
session_001228,acct_001133,device_000692,ip_000307,2025-11-24T19:52:06,2025-11-24T19:52:07
session_001229,acct_001240,device_000692,ip_000307,2025-11-24T19:52:09,2025-11-24T19:52:10
session_001230,acct_001259,device_000692,ip_000307,2025-11-24T19:52:12,2025-11-24T19:52:13
session_001231,acct_001219,device_000692,ip_000307,2025-11-24T19:52:15,2025-11-24T19:52:16
session_001232,acct_001116,device_000566,ip_000382,2025-03-24T07:36:53,2025-03-24T07:36:54
session_001233,acct_001218,device_000566,ip_000382,2025-03-24T07:36:58,2025-03-24T07:36:59
session_001234,acct_001374,device_000566,ip_000382,2025-03-24T07:37:03,2025-03-24T07:37:04
session_001235,acct_001286,device_000566,ip_000382,2025-03-24T07:37:08,2025-03-24T07:37:09
session_001236,acct_001327,device_000566,ip_000382,2025-03-24T07:37:13,2025-03-24T07:37:14
session_001237,acct_001102,device_000566,ip_000382,2025-03-24T07:37:18,2025-03-24T07:37:19
session_001238,acct_001414,device_000566,ip_000382,2025-03-24T07:37:23,2025-03-24T07:37:24
session_001239,acct_001275,device_000566,ip_000382,2025-03-24T07:37:28,2025-03-24T07:37:29
session_001240,acct_001242,device_000566,ip_000382,2025-03-24T07:37:33,2025-03-24T07:37:34
session_001241,acct_001159,device_000566,ip_000382,2025-03-24T07:37:38,2025-03-24T07:37:39
session_001242,acct_001413,device_000566,ip_000382,2025-03-24T07:37:43,2025-03-24T07:37:44
session_001243,acct_001111,device_000566,ip_000382,2025-03-24T07:37:48,2025-03-24T07:37:49
session_001244,acct_001187,device_000566,ip_000382,2025-03-24T07:37:53,2025-03-24T07:37:54
session_001245,acct_001321,device_000566,ip_000382,2025-03-24T07:37:58,2025-03-24T07:37:59
session_001246,acct_001152,device_000566,ip_000382,2025-03-24T07:38:03,2025-03-24T07:38:04
session_001247,acct_001134,device_000566,ip_000382,2025-03-24T07:38:08,2025-03-24T07:38:09
session_001248,acct_001317,device_000566,ip_000382,2025-03-24T07:38:13,2025-03-24T07:38:14
session_001249,acct_001135,device_000566,ip_000382,2025-03-24T07:38:18,2025-03-24T07:38:19
session_001250,acct_001215,device_000567,ip_000219,2025-11-16T16:58:59,2025-11-16T16:59:00
session_001251,acct_001334,device_000567,ip_000219,2025-11-16T16:59:04,2025-11-16T16:59:05
session_001252,acct_001160,device_000567,ip_000219,2025-11-16T16:59:09,2025-11-16T16:59:10
session_001253,acct_001151,device_000567,ip_000219,2025-11-16T16:59:14,2025-11-16T16:59:15
session_001254,acct_001211,device_000567,ip_000219,2025-11-16T16:59:19,2025-11-16T16:59:20
session_001255,acct_001164,device_000567,ip_000219,2025-11-16T16:59:24,2025-11-16T16:59:25
session_001256,acct_001308,device_000567,ip_000219,2025-11-16T16:59:29,2025-11-16T16:59:30
session_001257,acct_001148,device_000567,ip_000219,2025-11-16T16:59:34,2025-11-16T16:59:35
session_001258,acct_001364,device_000567,ip_000219,2025-11-16T16:59:39,2025-11-16T16:59:40
session_001259,acct_001394,device_000567,ip_000219,2025-11-16T16:59:44,2025-11-16T16:59:45
session_001260,acct_001316,device_000567,ip_000219,2025-11-16T16:59:49,2025-11-16T16:59:50
session_001261,acct_001331,device_000567,ip_000219,2025-11-16T16:59:54,2025-11-16T16:59:55
session_001262,acct_001396,device_000567,ip_000219,2025-11-16T16:59:59,2025-11-16T17:00:00
session_001263,acct_001152,device_000567,ip_000219,2025-11-16T17:00:04,2025-11-16T17:00:05
session_001264,acct_001303,device_000567,ip_000219,2025-11-16T17:00:09,2025-11-16T17:00:10
session_001265,acct_001166,device_000567,ip_000219,2025-11-16T17:00:14,2025-11-16T17:00:15
session_001266,acct_001184,device_000567,ip_000219,2025-11-16T17:00:19,2025-11-16T17:00:20
session_001267,acct_001372,device_000567,ip_000219,2025-11-16T17:00:24,2025-11-16T17:00:25
session_001268,acct_001430,device_000567,ip_000219,2025-11-16T17:00:29,2025-11-16T17:00:30
session_001269,acct_001113,device_000591,ip_000326,2025-10-05T08:56:59,2025-10-05T08:57:00
session_001270,acct_001159,device_000591,ip_000326,2025-10-05T08:57:04,2025-10-05T08:57:05
session_001271,acct_001304,device_000591,ip_000326,2025-10-05T08:57:09,2025-10-05T08:57:10
session_001272,acct_001313,device_000591,ip_000326,2025-10-05T08:57:14,2025-10-05T08:57:15
session_001273,acct_001258,device_000591,ip_000326,2025-10-05T08:57:19,2025-10-05T08:57:20
session_001274,acct_001271,device_000591,ip_000326,2025-10-05T08:57:24,2025-10-05T08:57:25
session_001275,acct_001226,device_000591,ip_000326,2025-10-05T08:57:29,2025-10-05T08:57:30
session_001276,acct_001423,device_000591,ip_000326,2025-10-05T08:57:34,2025-10-05T08:57:35
session_001277,acct_001409,device_000591,ip_000326,2025-10-05T08:57:39,2025-10-05T08:57:40
session_001278,acct_001102,device_000591,ip_000326,2025-10-05T08:57:44,2025-10-05T08:57:45
session_001279,acct_001318,device_000591,ip_000326,2025-10-05T08:57:49,2025-10-05T08:57:50
session_001280,acct_001155,device_000591,ip_000326,2025-10-05T08:57:54,2025-10-05T08:57:55
session_001281,acct_001379,device_000591,ip_000326,2025-10-05T08:57:59,2025-10-05T08:58:00
session_001282,acct_001375,device_000591,ip_000326,2025-10-05T08:58:04,2025-10-05T08:58:05
session_001283,acct_001343,device_000591,ip_000326,2025-10-05T08:58:09,2025-10-05T08:58:10
session_001284,acct_001353,device_000591,ip_000326,2025-10-05T08:58:14,2025-10-05T08:58:15
session_001285,acct_001284,device_000591,ip_000326,2025-10-05T08:58:19,2025-10-05T08:58:20
session_001286,acct_001275,device_000591,ip_000326,2025-10-05T08:58:24,2025-10-05T08:58:25
session_001287,acct_001159,device_000591,ip_000326,2025-10-05T08:58:29,2025-10-05T08:58:30
session_001288,acct_001203,device_000591,ip_000326,2025-10-05T08:58:34,2025-10-05T08:58:35
session_001289,acct_001214,device_000502,ip_000219,2025-01-09T21:22:07,2025-01-09T21:22:08
session_001290,acct_001307,device_000502,ip_000219,2025-01-09T21:22:12,2025-01-09T21:22:13
session_001291,acct_001236,device_000502,ip_000219,2025-01-09T21:22:17,2025-01-09T21:22:18
session_001292,acct_001229,device_000502,ip_000219,2025-01-09T21:22:22,2025-01-09T21:22:23
session_001293,acct_001265,device_000502,ip_000219,2025-01-09T21:22:27,2025-01-09T21:22:28
session_001294,acct_001395,device_000502,ip_000219,2025-01-09T21:22:32,2025-01-09T21:22:33
session_001295,acct_001215,device_000502,ip_000219,2025-01-09T21:22:37,2025-01-09T21:22:38
session_001296,acct_001191,device_000502,ip_000219,2025-01-09T21:22:42,2025-01-09T21:22:43
session_001297,acct_001329,device_000502,ip_000219,2025-01-09T21:22:47,2025-01-09T21:22:48
session_001298,acct_001155,device_000502,ip_000219,2025-01-09T21:22:52,2025-01-09T21:22:53
session_001299,acct_001154,device_000502,ip_000219,2025-01-09T21:22:57,2025-01-09T21:22:58
session_001300,acct_001253,device_000502,ip_000219,2025-01-09T21:23:02,2025-01-09T21:23:03
session_001301,acct_001245,device_000502,ip_000219,2025-01-09T21:23:07,2025-01-09T21:23:08
session_001302,acct_001378,device_000502,ip_000219,2025-01-09T21:23:12,2025-01-09T21:23:13
session_001303,acct_001345,device_000502,ip_000219,2025-01-09T21:23:17,2025-01-09T21:23:18
session_001304,acct_001303,device_000502,ip_000219,2025-01-09T21:23:22,2025-01-09T21:23:23
session_001305,acct_001295,device_000502,ip_000219,2025-01-09T21:23:27,2025-01-09T21:23:28
session_001306,acct_001311,device_000502,ip_000219,2025-01-09T21:23:32,2025-01-09T21:23:33
session_001307,acct_001345,device_000502,ip_000219,2025-01-09T21:23:37,2025-01-09T21:23:38
session_001308,acct_001134,device_000502,ip_000219,2025-01-09T21:23:42,2025-01-09T21:23:43
session_001309,acct_001122,device_000502,ip_000219,2025-01-09T21:23:47,2025-01-09T21:23:48
session_001310,acct_001299,device_000502,ip_000219,2025-01-09T21:23:52,2025-01-09T21:23:53
session_001311,acct_001423,device_000502,ip_000219,2025-01-09T21:23:57,2025-01-09T21:23:58
session_001312,acct_001136,device_000502,ip_000219,2025-01-09T21:24:02,2025-01-09T21:24:03
session_001313,acct_001423,device_000508,ip_000312,2025-01-09T16:20:39,2025-01-09T16:20:40
session_001314,acct_001208,device_000508,ip_000312,2025-01-09T16:20:44,2025-01-09T16:20:45
session_001315,acct_001164,device_000508,ip_000312,2025-01-09T16:20:49,2025-01-09T16:20:50
session_001316,acct_001198,device_000508,ip_000312,2025-01-09T16:20:54,2025-01-09T16:20:55
session_001317,acct_001336,device_000508,ip_000312,2025-01-09T16:20:59,2025-01-09T16:21:00
session_001318,acct_001163,device_000508,ip_000312,2025-01-09T16:21:04,2025-01-09T16:21:05
session_001319,acct_001315,device_000508,ip_000312,2025-01-09T16:21:09,2025-01-09T16:21:10
session_001320,acct_001246,device_000508,ip_000312,2025-01-09T16:21:14,2025-01-09T16:21:15
session_001321,acct_001333,device_000508,ip_000312,2025-01-09T16:21:19,2025-01-09T16:21:20
session_001322,acct_001252,device_000508,ip_000312,2025-01-09T16:21:24,2025-01-09T16:21:25
session_001323,acct_001308,device_000508,ip_000312,2025-01-09T16:21:29,2025-01-09T16:21:30
session_001324,acct_001287,device_000508,ip_000312,2025-01-09T16:21:34,2025-01-09T16:21:35
session_001325,acct_001354,device_000508,ip_000312,2025-01-09T16:21:39,2025-01-09T16:21:40
session_001326,acct_001426,device_000508,ip_000312,2025-01-09T16:21:44,2025-01-09T16:21:45
session_001327,acct_001103,device_000508,ip_000312,2025-01-09T16:21:49,2025-01-09T16:21:50
session_001328,acct_001313,device_000508,ip_000312,2025-01-09T16:21:54,2025-01-09T16:21:55
session_001329,acct_001417,device_000508,ip_000312,2025-01-09T16:21:59,2025-01-09T16:22:00
session_001330,acct_001331,device_000666,ip_000256,2025-01-12T07:42:54,2025-01-12T07:42:55
session_001331,acct_001417,device_000666,ip_000256,2025-01-12T07:42:57,2025-01-12T07:42:58
session_001332,acct_001369,device_000666,ip_000256,2025-01-12T07:43:00,2025-01-12T07:43:01
session_001333,acct_001204,device_000666,ip_000256,2025-01-12T07:43:03,2025-01-12T07:43:04
session_001334,acct_001275,device_000666,ip_000256,2025-01-12T07:43:06,2025-01-12T07:43:07
session_001335,acct_001427,device_000666,ip_000256,2025-01-12T07:43:09,2025-01-12T07:43:10
session_001336,acct_001204,device_000666,ip_000256,2025-01-12T07:43:12,2025-01-12T07:43:13
session_001337,acct_001242,device_000666,ip_000256,2025-01-12T07:43:15,2025-01-12T07:43:16
session_001338,acct_001111,device_000666,ip_000256,2025-01-12T07:43:18,2025-01-12T07:43:19
session_001339,acct_001247,device_000666,ip_000256,2025-01-12T07:43:21,2025-01-12T07:43:22
session_001340,acct_001411,device_000666,ip_000256,2025-01-12T07:43:24,2025-01-12T07:43:25
session_001341,acct_001356,device_000666,ip_000256,2025-01-12T07:43:27,2025-01-12T07:43:28
session_001342,acct_001237,device_000666,ip_000256,2025-01-12T07:43:30,2025-01-12T07:43:31
session_001343,acct_001241,device_000666,ip_000256,2025-01-12T07:43:33,2025-01-12T07:43:34
session_001344,acct_001424,device_000666,ip_000256,2025-01-12T07:43:36,2025-01-12T07:43:37
session_001345,acct_001153,device_000551,ip_000355,2025-04-20T20:08:48,2025-04-20T20:08:49
session_001346,acct_001236,device_000551,ip_000355,2025-04-20T20:08:50,2025-04-20T20:08:51
session_001347,acct_001113,device_000551,ip_000355,2025-04-20T20:08:52,2025-04-20T20:08:53
session_001348,acct_001336,device_000551,ip_000355,2025-04-20T20:08:54,2025-04-20T20:08:55
session_001349,acct_001145,device_000551,ip_000355,2025-04-20T20:08:56,2025-04-20T20:08:57
session_001350,acct_001360,device_000551,ip_000355,2025-04-20T20:08:58,2025-04-20T20:08:59
session_001351,acct_001344,device_000551,ip_000355,2025-04-20T20:09:00,2025-04-20T20:09:01
session_001352,acct_001155,device_000551,ip_000355,2025-04-20T20:09:02,2025-04-20T20:09:03
session_001353,acct_001140,device_000551,ip_000355,2025-04-20T20:09:04,2025-04-20T20:09:05
session_001354,acct_001363,device_000551,ip_000355,2025-04-20T20:09:06,2025-04-20T20:09:07
session_001355,acct_001269,device_000551,ip_000355,2025-04-20T20:09:08,2025-04-20T20:09:09
session_001356,acct_001401,device_000551,ip_000355,2025-04-20T20:09:10,2025-04-20T20:09:11
session_001357,acct_001271,device_000551,ip_000355,2025-04-20T20:09:12,2025-04-20T20:09:13
session_001358,acct_001359,device_000551,ip_000355,2025-04-20T20:09:14,2025-04-20T20:09:15
session_001359,acct_001130,device_000551,ip_000355,2025-04-20T20:09:16,2025-04-20T20:09:17
session_001360,acct_001388,device_000551,ip_000355,2025-04-20T20:09:18,2025-04-20T20:09:19
session_001361,acct_001365,device_000551,ip_000355,2025-04-20T20:09:20,2025-04-20T20:09:21
session_001362,acct_001327,device_000551,ip_000355,2025-04-20T20:09:22,2025-04-20T20:09:23
session_001363,acct_001133,device_000551,ip_000355,2025-04-20T20:09:24,2025-04-20T20:09:25
session_001364,acct_001230,device_000551,ip_000355,2025-04-20T20:09:26,2025-04-20T20:09:27
session_001365,acct_001349,device_000553,ip_000256,2025-11-16T07:49:44,2025-11-16T07:49:45
session_001366,acct_001258,device_000553,ip_000256,2025-11-16T07:49:47,2025-11-16T07:49:48
session_001367,acct_001319,device_000553,ip_000256,2025-11-16T07:49:50,2025-11-16T07:49:51
session_001368,acct_001160,device_000553,ip_000256,2025-11-16T07:49:53,2025-11-16T07:49:54
session_001369,acct_001136,device_000553,ip_000256,2025-11-16T07:49:56,2025-11-16T07:49:57
session_001370,acct_001360,device_000553,ip_000256,2025-11-16T07:49:59,2025-11-16T07:50:00
session_001371,acct_001112,device_000553,ip_000256,2025-11-16T07:50:02,2025-11-16T07:50:03
session_001372,acct_001195,device_000553,ip_000256,2025-11-16T07:50:05,2025-11-16T07:50:06
session_001373,acct_001427,device_000553,ip_000256,2025-11-16T07:50:08,2025-11-16T07:50:09
session_001374,acct_001190,device_000553,ip_000256,2025-11-16T07:50:11,2025-11-16T07:50:12
session_001375,acct_001308,device_000553,ip_000256,2025-11-16T07:50:14,2025-11-16T07:50:15
session_001376,acct_001343,device_000553,ip_000256,2025-11-16T07:50:17,2025-11-16T07:50:18
session_001377,acct_001101,device_000661,ip_000219,2025-07-21T18:26:09,2025-07-21T18:26:10
session_001378,acct_001156,device_000661,ip_000219,2025-07-21T18:26:11,2025-07-21T18:26:12
session_001379,acct_001105,device_000661,ip_000219,2025-07-21T18:26:13,2025-07-21T18:26:14
session_001380,acct_001299,device_000661,ip_000219,2025-07-21T18:26:15,2025-07-21T18:26:16
session_001381,acct_001125,device_000661,ip_000219,2025-07-21T18:26:17,2025-07-21T18:26:18
session_001382,acct_001366,device_000661,ip_000219,2025-07-21T18:26:19,2025-07-21T18:26:20
session_001383,acct_001373,device_000661,ip_000219,2025-07-21T18:26:21,2025-07-21T18:26:22
session_001384,acct_001259,device_000661,ip_000219,2025-07-21T18:26:23,2025-07-21T18:26:24
session_001385,acct_001125,device_000661,ip_000219,2025-07-21T18:26:25,2025-07-21T18:26:26
session_001386,acct_001105,device_000661,ip_000219,2025-07-21T18:26:27,2025-07-21T18:26:28
session_001387,acct_001211,device_000661,ip_000219,2025-07-21T18:26:29,2025-07-21T18:26:30
session_001388,acct_001177,device_000661,ip_000219,2025-07-21T18:26:31,2025-07-21T18:26:32
session_001389,acct_001336,device_000661,ip_000219,2025-07-21T18:26:33,2025-07-21T18:26:34
session_001390,acct_001192,device_000661,ip_000219,2025-07-21T18:26:35,2025-07-21T18:26:36
session_001391,acct_001112,device_000661,ip_000219,2025-07-21T18:26:37,2025-07-21T18:26:38
session_001392,acct_001348,device_000661,ip_000219,2025-07-21T18:26:39,2025-07-21T18:26:40
session_001393,acct_001392,device_000661,ip_000219,2025-07-21T18:26:41,2025-07-21T18:26:42
session_001394,acct_001263,device_000661,ip_000219,2025-07-21T18:26:43,2025-07-21T18:26:44
session_001395,acct_001368,device_000661,ip_000219,2025-07-21T18:26:45,2025-07-21T18:26:46
session_001396,acct_001370,device_000661,ip_000219,2025-07-21T18:26:47,2025-07-21T18:26:48
session_001397,acct_001422,device_000539,ip_000243,2025-03-07T17:50:52,2025-03-07T17:50:53
session_001398,acct_001377,device_000539,ip_000243,2025-03-07T17:50:55,2025-03-07T17:50:56
session_001399,acct_001258,device_000539,ip_000243,2025-03-07T17:50:58,2025-03-07T17:50:59
session_001400,acct_001199,device_000539,ip_000243,2025-03-07T17:51:01,2025-03-07T17:51:02
session_001401,acct_001255,device_000539,ip_000243,2025-03-07T17:51:04,2025-03-07T17:51:05
session_001402,acct_001117,device_000539,ip_000243,2025-03-07T17:51:07,2025-03-07T17:51:08
session_001403,acct_001389,device_000539,ip_000243,2025-03-07T17:51:10,2025-03-07T17:51:11
session_001404,acct_001186,device_000539,ip_000243,2025-03-07T17:51:13,2025-03-07T17:51:14
session_001405,acct_001102,device_000539,ip_000243,2025-03-07T17:51:16,2025-03-07T17:51:17
session_001406,acct_001389,device_000539,ip_000243,2025-03-07T17:51:19,2025-03-07T17:51:20
session_001407,acct_001300,device_000539,ip_000243,2025-03-07T17:51:22,2025-03-07T17:51:23
session_001408,acct_001202,device_000539,ip_000243,2025-03-07T17:51:25,2025-03-07T17:51:26
session_001409,acct_001254,device_000539,ip_000243,2025-03-07T17:51:28,2025-03-07T17:51:29
