case_id,account_id,edge_timestamp
case_000001,acct_018420,2025-08-25T09:15:13
case_000002,acct_021842,2025-02-10T15:57:01
case_000003,acct_000588,2025-05-12T10:05:13
case_000004,acct_021842,2025-12-16T17:37:32
case_000005,acct_003219,2025-04-01T18:40:20
case_000006,acct_002316,2025-03-10T11:32:03
case_000007,acct_018644,2025-12-05T17:16:52
case_000008,acct_010655,2025-11-03T14:38:38
case_000009,acct_009274,2025-02-11T14:23:24
case_000010,acct_013305,2025-11-20T16:46:29
case_000011,acct_008580,2025-02-10T18:02:12
case_000012,acct_016145,2025-01-30T11:25:16
case_000013,acct_020966,2025-02-26T16:15:17
case_000014,acct_000588,2025-02-25T18:33:34
case_000015,acct_003781,2025-09-05T13:50:51
case_000016,acct_016615,2025-04-14T09:59:19
case_000017,acct_008580,2025-01-08T14:51:54
case_000018,acct_017506,2025-12-15T12:13:27
case_000019,acct_016564,2025-05-12T16:17:31
case_000020,acct_000588,2025-03-03T15:54:53
case_000021,acct_011503,2025-11-10T12:47:29
case_000022,acct_017506,2025-02-24T12:33:02
case_000023,acct_002626,2025-09-25T18:37:04
case_000024,acct_016145,2025-11-04T17:34:43
case_000025,acct_019202,2025-08-13T14:36:31
case_000026,acct_010321,2025-01-24T17:40:09
case_000027,acct_010913,2025-08-11T18:34:41
case_000028,acct_011538,2025-03-17T12:48:33
case_000029,acct_010913,2025-12-17T18:09:12
case_000030,acct_016204,2025-03-19T17:29:16
case_000031,acct_010591,2025-10-31T12:32:02
case_000032,acct_021842,2025-03-31T17:53:57
case_000033,acct_011538,2025-04-15T18:59:13
case_000034,acct_018644,2025-07-15T18:22:16
case_000035,acct_020838,2025-10-16T13:26:39
case_000036,acct_021842,2025-12-03T09:24:21
case_000037,acct_010655,2025-03-14T11:58:01
case_000038,acct_010591,2025-03-30T18:21:29
case_000039,acct_011538,2025-06-17T10:47:42
case_000040,acct_016615,2025-06-05T18:47:18
case_000041,acct_021889,2025-12-29T14:47:58
case_000042,acct_010321,2025-05-14T12:09:38
case_000043,acct_017506,2025-01-13T11:54:59
case_000044,acct_008207,2025-06-27T17:36:14
case_000045,acct_016240,2025-06-09T15:00:59
case_000046,acct_002626,2025-09-12T18:34:10
case_000047,acct_021889,2025-08-18T11:12:44
case_000048,acct_001123,2025-08-26T17:26:32
case_000049,acct_003219,2025-12-18T15:14:33
case_000050,acct_011503,2025-08-18T14:48:22
case_000051,acct_021889,2025-12-08T12:21:48
case_000052,acct_016145,2025-09-17T17:30:52
case_000053,acct_010913,2025-03-14T15:50:44
case_000054,acct_019202,2025-06-23T17:18:42
case_000055,acct_016564,2025-02-06T15:49:58
case_000056,acct_001123,2025-02-24T18:14:30
case_000057,acct_003781,2025-06-30T14:18:18
case_000058,acct_009274,2025-12-05T09:03:46
case_000059,acct_002626,2025-07-21T14:11:39
case_000060,acct_003712,2025-05-15T16:08:21
case_000061,acct_016615,2025-05-05T13:20:53
case_000062,acct_008580,2025-10-21T10:48:57
case_000063,acct_001743,2025-08-20T16:17:48
case_000064,acct_010655,2025-02-20T18:29:41
case_000065,acct_016145,2025-09-22T18:42:05
case_000066,acct_003712,2025-08-11T12:18:00
case_000067,acct_017211,2025-12-29T14:18:26
case_000068,acct_001743,2025-10-20T17:15:00
case_000069,acct_020838,2025-04-11T14:50:42
case_000070,acct_018644,2025-01-31T14:50:19
case_000071,acct_016145,2025-11-10T10:39:23
case_000072,acct_001123,2025-11-17T10:37:21
case_000073,acct_001123,2025-06-17T11:56:57
case_000074,acct_011503,2025-08-01T11:55:49
case_000075,acct_021889,2025-09-22T12:49:46
case_000076,acct_021889,2025-02-25T10:19:41
case_000077,acct_003219,2025-12-18T17:49:42
case_000078,acct_001319,2025-08-04T12:55:15
case_000079,acct_008207,2025-01-28T12:39:03
case_000080,acct_011538,2025-09-07T15:35:19
case_000081,acct_018644,2025-06-24T15:42:50
case_000082,acct_011538,2025-03-24T15:59:00
case_000083,acct_008580,2025-01-27T15:57:51
case_000084,acct_002626,2025-06-16T10:55:49
case_000085,acct_001123,2025-12-31T16:02:08
case_000086,acct_008580,2025-01-22T09:33:44
case_000087,acct_016564,2025-03-31T18:36:38
case_000088,acct_011538,2025-02-14T18:03:01
case_000089,acct_016145,2025-02-06T16:55:23
case_000090,acct_017211,2025-02-21T10:23:19
case_000091,acct_015076,2025-08-22T09:37:07
case_000092,acct_000588,2025-11-27T14:10:48
case_000093,acct_003781,2025-12-29T18:06:58
case_000094,acct_001123,2025-03-05T09:02:13
case_000095,acct_017659,2025-03-11T11:51:56
case_000096,acct_001743,2025-04-22T14:19:45
case_000097,acct_011503,2025-12-26T10:00:01
case_000098,acct_001743,2025-07-10T11:14:19
case_000099,acct_020838,2025-09-10T11:38:48
case_000100,acct_002626,2025-10-03T15:13:45
case_000101,acct_020838,2025-07-25T16:03:45
case_000102,acct_016240,2025-10-07T09:18:44
case_000103,acct_010321,2025-08-15T17:09:02
case_000104,acct_018420,2025-01-20T11:29:19
case_000105,acct_016145,2025-03-18T09:33:28
case_000106,acct_016204,2025-07-21T14:17:14
case_000107,acct_016145,2025-02-18T17:24:37
case_000108,acct_010591,2025-02-17T14:12:43
case_000109,acct_003219,2025-09-19T09:52:34
case_000110,acct_017506,2025-03-20T16:17:40
case_000111,acct_021842,2025-09-27T16:02:36
case_000112,acct_016204,2025-06-26T14:04:50
case_000113,acct_017308,2025-05-05T14:31:06
case_000114,acct_010913,2025-06-23T10:09:38
case_000115,acct_020966,2025-03-10T15:01:06
case_000116,acct_017308,2025-09-15T14:24:35
case_000117,acct_019202,2025-05-19T16:27:52
case_000118,acct_003219,2025-06-04T09:40:31
case_000119,acct_003219,2025-01-24T17:37:48
case_000120,acct_021842,2025-03-10T11:49:13
case_000121,acct_018644,2025-08-25T09:00:10
case_000122,acct_018358,2025-07-28T10:56:58
case_000123,acct_002626,2025-01-18T13:00:51
case_000124,acct_017211,2025-02-24T09:05:14
case_000125,acct_010591,2025-03-27T10:57:12
case_000126,acct_003219,2025-10-08T09:37:39
case_000127,acct_014923,2025-10-02T15:05:22
case_000128,acct_001319,2025-01-13T15:02:51
case_000129,acct_011538,2025-06-02T16:45:43
case_000130,acct_016240,2025-09-29T10:30:04
case_000131,acct_017308,2025-01-21T09:13:12
case_000132,acct_017211,2025-11-11T10:15:00
case_000133,acct_013305,2025-01-06T15:53:57
case_000134,acct_000588,2025-12-28T12:55:32
case_000135,acct_003219,2025-07-22T16:23:05
case_000136,acct_018358,2025-04-14T17:19:58
case_000137,acct_017441,2025-02-24T15:21:22
case_000138,acct_001319,2025-11-10T15:22:25
case_000139,acct_017211,2025-06-30T18:02:52
case_000140,acct_001743,2025-10-13T18:36:29
case_000141,acct_018041,2025-03-17T10:17:06
case_000142,acct_015076,2025-05-26T13:38:39
case_000143,acct_008580,2025-11-18T09:16:54
case_000144,acct_021889,2025-10-21T18:30:59
case_000145,acct_002316,2025-02-20T12:52:53
case_000146,acct_017659,2025-03-04T09:05:52
case_000147,acct_008580,2025-04-07T17:45:30
case_000148,acct_011503,2025-06-23T09:19:50
case_000149,acct_016204,2025-05-21T15:00:11
case_000150,acct_010591,2025-06-09T18:44:37
case_000151,acct_013305,2025-09-29T18:27:28
case_000152,acct_008580,2025-11-27T09:37:13
case_000153,acct_017441,2025-01-07T10:33:40
case_000154,acct_010913,2025-09-25T16:59:29
case_000155,acct_000588,2025-05-05T11:20:28
case_000156,acct_003781,2025-03-17T16:19:22
case_000157,acct_001123,2025-05-21T15:21:37
case_000158,acct_001319,2025-03-11T17:39:33
case_000159,acct_015076,2025-04-28T11:23:56
case_000160,acct_016240,2025-09-03T18:21:04
case_000161,acct_021889,2025-06-18T10:23:55
case_000162,acct_014923,2025-10-27T17:21:34
case_000163,acct_017211,2025-09-07T12:22:20
case_000164,acct_016204,2025-08-21T10:10:23
case_000165,acct_000588,2025-02-27T16:12:56
case_000166,acct_018358,2025-12-22T09:22:13
case_000167,acct_018358,2025-01-14T17:35:02
case_000168,acct_017211,2025-04-26T16:29:58
case_000169,acct_017441,2025-07-07T16:57:09
case_000170,acct_010913,2025-05-09T11:15:51
case_000171,acct_001123,2025-04-08T18:24:21
case_000172,acct_000588,2025-03-31T09:55:55
case_000173,acct_010655,2025-08-20T09:25:13
case_000174,acct_001123,2025-12-05T16:12:19
case_000175,acct_008580,2025-01-14T17:11:19
case_000176,acct_017506,2025-03-17T10:08:27
case_000177,acct_017506,2025-04-28T14:42:02
case_000178,acct_018420,2025-10-24T17:55:40
case_000179,acct_002316,2025-07-07T11:55:03
case_000180,acct_016240,2025-06-04T11:12:26
case_000181,acct_016204,2025-02-19T15:00:19
case_000182,acct_017308,2025-05-06T16:05:26
case_000183,acct_010591,2025-04-09T09:46:18
case_000184,acct_015076,2025-08-18T17:58:57
case_000185,acct_002316,2025-02-10T16:22:26
case_000186,acct_008580,2025-08-14T16:42:47
case_000187,acct_021889,2025-06-11T15:07:25
case_000188,acct_018358,2025-10-22T11:13:24
case_000189,acct_001123,2025-06-16T09:29:25
case_000190,acct_002626,2025-01-13T09:10:54
case_000191,acct_003219,2025-03-17T17:23:43
case_000192,acct_016204,2025-12-04T18:32:24
case_000193,acct_014923,2025-09-22T11:52:47
case_000194,acct_009274,2025-07-21T13:09:49
case_000195,acct_011538,2025-04-03T12:45:21
case_000196,acct_002626,2025-04-11T12:39:11
case_000197,acct_018358,2025-05-15T14:48:06
case_000198,acct_001123,2025-01-24T09:56:11
case_000199,acct_008580,2025-12-03T09:38:37
case_000200,acct_010913,2025-07-23T12:59:59
case_000201,acct_016204,2025-07-09T09:47:37
case_000202,acct_017308,2025-05-16T14:38:46
case_000203,acct_003712,2025-05-06T12:11:20
case_000204,acct_017308,2025-06-17T10:11:21
case_000205,acct_018420,2025-08-04T15:43:24
case_000206,acct_021842,2025-01-07T15:10:08
case_000207,acct_017506,2025-07-26T11:23:58
case_000208,acct_020838,2025-03-25T15:11:15
case_000209,acct_018358,2025-04-15T16:12:27
case_000210,acct_008580,2025-07-15T14:10:52
case_000211,acct_017506,2025-10-10T12:19:30
case_000212,acct_009274,2025-08-11T15:52:09
case_000213,acct_016240,2025-12-22T09:10:19
case_000214,acct_002626,2025-08-25T13:37:19
case_000215,acct_016240,2025-02-24T15:04:50
case_000216,acct_003712,2025-04-30T16:05:57
case_000217,acct_018644,2025-04-21T17:51:35
case_000218,acct_021889,2025-03-30T14:18:22
case_000219,acct_015076,2025-10-10T17:19:35
case_000220,acct_016204,2025-05-02T18:28:50
case_000221,acct_020966,2025-06-20T15:54:19
case_000222,acct_018644,2025-08-11T15:01:35
case_000223,acct_016145,2025-08-05T12:37:54
case_000224,acct_021889,2025-06-24T10:57:04
case_000225,acct_015076,2025-03-10T13:08:52
case_000226,acct_021842,2025-01-09T11:59:54
case_000227,acct_016615,2025-02-03T11:59:46
case_000228,acct_001743,2025-01-24T11:50:04
case_000229,acct_018644,2025-04-24T17:29:44
case_000230,acct_021889,2025-08-25T11:48:26
case_000231,acct_001743,2025-06-09T17:37:48
case_000232,acct_018358,2025-09-12T18:27:52
case_000233,acct_001123,2025-02-07T15:21:58
case_000234,acct_015076,2025-09-25T09:39:10
case_000235,acct_018358,2025-08-28T09:20:32
case_000236,acct_002626,2025-09-01T12:01:09
case_000237,acct_011538,2025-10-23T17:22:19
case_000238,acct_016204,2025-03-14T16:30:11
case_000239,acct_013305,2025-01-07T11:52:18
case_000240,acct_016564,2025-05-11T10:46:12
case_000241,acct_018644,2025-02-05T18:11:31
case_000242,acct_020838,2025-05-05T15:07:33
case_000243,acct_011503,2025-03-04T11:01:37
case_000244,acct_018644,2025-09-25T13:56:41
case_000245,acct_017506,2025-03-18T12:39:45
case_000246,acct_009274,2025-12-22T11:57:13
case_000247,acct_010591,2025-06-02T13:45:24
case_000248,acct_014923,2025-09-01T17:28:01
case_000249,acct_011538,2025-04-24T14:17:39
case_000250,acct_017308,2025-10-13T16:25:54
case_000251,acct_018041,2025-12-08T18:59:17
case_000252,acct_008207,2025-07-18T10:34:57
case_000253,acct_017308,2025-11-24T09:21:17
case_000254,acct_017211,2025-05-22T10:49:40
case_000255,acct_020966,2025-07-14T15:29:03
case_000256,acct_019202,2025-09-01T09:06:06
case_000257,acct_010591,2025-02-10T15:37:10
case_000258,acct_016145,2025-03-20T14:36:32
case_000259,acct_021889,2025-03-10T15:19:33
case_000260,acct_021889,2025-08-22T11:24:49
case_000261,acct_003219,2025-08-18T13:46:05
case_000262,acct_018644,2025-08-25T14:43:40
case_000263,acct_020966,2025-07-30T16:54:21
case_000264,acct_016204,2025-01-07T09:26:38
case_000265,acct_010591,2025-08-07T10:40:00
case_000266,acct_018644,2025-12-08T09:46:07
case_000267,acct_020838,2025-10-06T09:18:13
case_000268,acct_001123,2025-05-28T13:43:05
case_000269,acct_018420,2025-12-23T13:09:20
case_000270,acct_017441,2025-09-12T12:32:33
case_000271,acct_009274,2025-12-22T18:09:21
case_000272,acct_016240,2025-12-01T14:29:48
case_000273,acct_001123,2025-03-07T11:38:54
case_000274,acct_016240,2025-10-29T16:43:46
case_000275,acct_017659,2025-02-14T09:10:30
case_000276,acct_017441,2025-12-01T18:20:05
case_000277,acct_016615,2025-09-08T18:53:59
case_000278,acct_002626,2025-11-17T12:57:53
case_000279,acct_017211,2025-03-18T14:56:57
case_000280,acct_013305,2025-01-29T10:20:44
case_000281,acct_010655,2025-09-17T15:27:50
case_000282,acct_016615,2025-09-05T09:10:25
case_000283,acct_016615,2025-12-18T15:28:19
case_000284,acct_020838,2025-09-01T18:55:35
case_000285,acct_017506,2025-09-17T10:09:55
case_000286,acct_009274,2025-06-05T10:23:13
case_000287,acct_017506,2025-10-07T15:09:57
case_000288,acct_016564,2025-03-03T17:51:57
case_000289,acct_009274,2025-01-01T17:29:51
case_000290,acct_016145,2025-04-28T17:49:55
case_000291,acct_011503,2025-08-18T14:12:20
case_000292,acct_001743,2025-06-09T16:59:14
case_000293,acct_016615,2025-11-09T10:38:02
case_000294,acct_020838,2025-03-17T12:33:24
case_000295,acct_011538,2025-01-27T09:58:02
case_000296,acct_016615,2025-04-21T17:34:54
case_000297,acct_019202,2025-04-23T14:38:20
case_000298,acct_011503,2025-01-17T13:56:45
case_000299,acct_016240,2025-02-15T18:10:25
case_000300,acct_008207,2025-11-19T16:39:56
case_000301,acct_008207,2025-08-29T11:21:30
case_000302,acct_017659,2025-05-19T11:10:44
case_000303,acct_017441,2025-10-20T09:19:30
case_000304,acct_018420,2025-07-14T11:33:24
case_000305,acct_010913,2025-02-26T12:45:39
case_000306,acct_003219,2025-11-21T10:39:27
case_000307,acct_018420,2025-12-23T11:10:33
case_000308,acct_020838,2025-11-26T18:19:16
case_000309,acct_010591,2025-03-03T16:18:02
case_000310,acct_008580,2025-09-15T14:54:11
case_000311,acct_008580,2025-12-23T11:18:29
case_000312,acct_020966,2025-03-31T12:15:29
case_000313,acct_021842,2025-08-06T15:21:41
case_000314,acct_018644,2025-12-15T11:16:22
case_000315,acct_011503,2025-07-07T17:51:05
case_000316,acct_010321,2025-02-28T14:53:29
case_000317,acct_016204,2025-05-01T11:49:52
case_000318,acct_019202,2025-02-28T16:10:54
case_000319,acct_009274,2025-04-14T14:00:17
case_000320,acct_010655,2025-02-03T17:06:21
case_000321,acct_016240,2025-04-07T18:30:46
case_000322,acct_017659,2025-04-14T13:31:38
case_000323,acct_001123,2025-05-06T18:13:59
case_000324,acct_016145,2025-03-05T12:57:52
case_000325,acct_008580,2025-02-17T18:36:10
case_000326,acct_010591,2025-05-05T16:21:52
case_000327,acct_008580,2025-09-15T11:57:22
case_000328,acct_002626,2025-07-23T16:20:43
case_000329,acct_003219,2025-11-24T13:15:23
case_000330,acct_016240,2025-06-09T15:07:18
case_000331,acct_014923,2025-06-24T11:47:31
case_000332,acct_018041,2025-09-23T12:37:08
case_000333,acct_020838,2025-08-28T09:16:14
case_000334,acct_002316,2025-03-25T13:53:47
case_000335,acct_003712,2025-05-20T18:28:41
case_000336,acct_016145,2025-11-10T17:36:58
case_000337,acct_020966,2025-03-31T09:29:04
case_000338,acct_018420,2025-03-03T13:37:46
case_000339,acct_017211,2025-05-05T12:19:35
case_000340,acct_020966,2025-05-29T18:27:35
case_000341,acct_021889,2025-03-03T14:11:48
case_000342,acct_016204,2025-04-30T12:16:22
case_000343,acct_016615,2025-06-02T14:27:14
case_000344,acct_016240,2025-01-14T12:06:34
case_000345,acct_021889,2025-08-07T10:09:49
case_000346,acct_017308,2025-12-08T17:56:48
case_000347,acct_003712,2025-02-06T10:48:17
case_000348,acct_015076,2025-11-18T15:25:33
case_000349,acct_020966,2025-03-27T14:34:40
case_000350,acct_015076,2025-02-11T17:10:59
case_000351,acct_010591,2025-01-06T18:07:35
case_000352,acct_017308,2025-02-10T15:16:09
case_000353,acct_017308,2025-11-23T13:03:29
case_000354,acct_020966,2025-10-02T11:33:21
case_000355,acct_017211,2025-10-01T10:50:57
case_000356,acct_001123,2025-12-12T16:24:48
case_000357,acct_018644,2025-11-03T10:35:11
case_000358,acct_003781,2025-07-24T09:50:03
case_000359,acct_003781,2025-02-27T17:02:51
case_000360,acct_013305,2025-08-14T14:00:15
case_000361,acct_010321,2025-07-18T12:38:59
case_000362,acct_018041,2025-04-17T15:30:44
case_000363,acct_000588,2025-04-30T18:47:00
case_000364,acct_003219,2025-11-10T16:43:33
case_000365,acct_014923,2025-02-17T18:03:28
case_000366,acct_017211,2025-06-13T10:16:45
case_000367,acct_001743,2025-02-17T18:28:05
case_000368,acct_003781,2025-11-14T13:01:19
case_000369,acct_018358,2025-02-03T09:54:33
case_000370,acct_018644,2025-12-02T10:07:17
case_000371,acct_008207,2025-04-03T16:59:45
case_000372,acct_021889,2025-10-08T09:21:21
case_000373,acct_010655,2025-08-07T11:17:35
case_000374,acct_008580,2025-04-07T17:47:08
case_000375,acct_016204,2025-08-08T16:01:52
case_000376,acct_021842,2025-12-22T17:33:01
case_000377,acct_018041,2025-04-30T11:42:50
case_000378,acct_016145,2025-09-25T16:46:11
case_000379,acct_010591,2025-10-20T13:35:00
case_000380,acct_020966,2025-07-28T17:01:14
case_000381,acct_020838,2025-09-01T13:46:41
case_000382,acct_020838,2025-04-07T16:04:20
case_000383,acct_017211,2025-09-12T10:04:16
case_000384,acct_018420,2025-04-09T14:09:08
case_000385,acct_017308,2025-08-21T09:11:21
case_000386,acct_010655,2025-02-14T16:41:16
case_000387,acct_016240,2025-09-17T09:04:15
case_000388,acct_011538,2025-06-25T11:44:18
case_000389,acct_000588,2025-12-22T18:48:15
case_000390,acct_011503,2025-07-28T09:14:41
case_000391,acct_016240,2025-07-14T13:24:40
case_000392,acct_010913,2025-10-09T17:20:19
case_000393,acct_015076,2025-10-22T18:15:40
case_000394,acct_001123,2025-01-02T16:14:36
case_000395,acct_017506,2025-10-27T17:55:08
case_000396,acct_017659,2025-09-23T10:07:35
case_000397,acct_019202,2025-10-16T12:08:47
case_000398,acct_001123,2025-02-25T17:23:47
case_000399,acct_019202,2025-01-28T15:32:43
case_000400,acct_010321,2025-08-21T14:31:35
case_000401,acct_015076,2025-07-21T09:54:40
case_000402,acct_020838,2025-09-15T17:23:42
case_000403,acct_017659,2025-10-22T14:44:40
case_000404,acct_017308,2025-06-09T15:48:37
case_000405,acct_003712,2025-02-07T09:19:37
case_000406,acct_016145,2025-09-15T11:09:59
case_000407,acct_014923,2025-05-08T13:30:44
case_000408,acct_008580,2025-02-04T12:33:19
case_000409,acct_020966,2025-03-18T12:25:42
case_000410,acct_010913,2025-06-16T15:01:19
case_000411,acct_018358,2025-05-13T09:25:29
case_000412,acct_010913,2025-11-03T13:55:48
case_000413,acct_018041,2025-07-07T09:43:26
case_000414,acct_002316,2025-10-29T11:59:06
case_000415,acct_003219,2025-09-16T16:53:34
case_000416,acct_016564,2025-07-10T09:10:07
case_000417,acct_001319,2025-01-07T16:33:33
case_000418,acct_018644,2025-04-21T11:07:56
case_000419,acct_002626,2025-08-22T15:02:59
case_000420,acct_015076,2025-02-26T09:46:55
case_000421,acct_003712,2025-11-07T12:45:22
case_000422,acct_013305,2025-02-03T16:29:55
case_000423,acct_001319,2025-03-24T14:53:44
case_000424,acct_017441,2025-08-20T11:37:45
case_000425,acct_003712,2025-12-22T09:53:42
case_000426,acct_010591,2025-08-25T18:43:06
case_000427,acct_011538,2025-08-08T14:01:59
case_000428,acct_010591,2025-04-01T16:59:40
case_000429,acct_014923,2025-12-15T10:56:26
case_000430,acct_015076,2025-05-28T12:31:39
case_000431,acct_020966,2025-04-21T12:26:24
case_000432,acct_017308,2025-02-14T16:53:45
case_000433,acct_010655,2025-01-01T14:33:42
case_000434,acct_017211,2025-07-11T13:11:28
case_000435,acct_011503,2025-10-31T15:51:16
case_000436,acct_010655,2025-06-03T16:15:12
case_000437,acct_008207,2025-04-23T12:01:17
case_000438,acct_016204,2025-04-23T14:42:15
case_000439,acct_010655,2025-02-18T12:49:20
case_000440,acct_017659,2025-12-02T17:53:21
case_000441,acct_017211,2025-02-27T14:36:39
case_000442,acct_017211,2025-01-20T10:42:27
case_000443,acct_011503,2025-09-08T17:54:55
case_000444,acct_016564,2025-08-18T14:49:36
case_000445,acct_013305,2025-03-27T15:10:58
case_000446,acct_008580,2025-12-01T11:51:38
case_000447,acct_018041,2025-12-18T14:57:12
case_000448,acct_017211,2025-03-19T12:36:50
case_000449,acct_013305,2025-09-18T11:47:55
case_000450,acct_009274,2025-06-05T15:09:22
case_000451,acct_013305,2025-05-12T14:40:03
case_000452,acct_016145,2025-11-05T18:21:37
case_000453,acct_001743,2025-08-28T14:14:49
case_000454,acct_016564,2025-02-20T11:27:39
case_000455,acct_018358,2025-07-14T09:08:39
case_000456,acct_020966,2025-12-09T10:26:36
case_000457,acct_017506,2025-10-24T12:10:41
case_000458,acct_003781,2025-01-13T16:04:22
case_000459,acct_008580,2025-06-19T12:49:44
case_000460,acct_013305,2025-03-17T09:51:07
case_000461,acct_003781,2025-05-09T15:20:56
case_000462,acct_002316,2025-07-04T15:23:48
case_000463,acct_021889,2025-07-10T13:52:49
case_000464,acct_015076,2025-05-06T18:43:32
case_000465,acct_011503,2025-10-14T12:33:45
case_000466,acct_009274,2025-02-20T11:04:51
case_000467,acct_020966,2025-04-18T16:27:12
case_000468,acct_014923,2025-11-24T17:09:30
case_000469,acct_014923,2025-12-19T18:41:32
case_000470,acct_017506,2025-05-12T14:30:33
case_000471,acct_017659,2025-10-16T10:07:14
case_000472,acct_001319,2025-01-02T14:11:35
case_000473,acct_010321,2025-04-30T13:46:08
case_000474,acct_003781,2025-02-13T17:34:16
case_000475,acct_001743,2025-01-22T16:19:59
case_000476,acct_010655,2025-12-19T16:03:04
case_000477,acct_001319,2025-08-30T10:22:23
case_000478,acct_015076,2025-01-14T11:07:54
case_000479,acct_010655,2025-08-14T13:12:36
case_000480,acct_010913,2025-11-13T09:38:27
case_000481,acct_021842,2025-08-04T11:13:36
case_000482,acct_015076,2025-06-02T18:01:27
case_000483,acct_009274,2025-03-04T16:46:07
case_000484,acct_018644,2025-10-20T10:06:36
case_000485,acct_010591,2025-09-01T18:17:36
case_000486,acct_001319,2025-05-21T09:59:11
case_000487,acct_011503,2025-09-15T15:48:10
case_000488,acct_001123,2025-08-07T18:10:40
case_000489,acct_002626,2025-03-04T14:43:20
case_000490,acct_001319,2025-09-08T18:06:14
case_000491,acct_010655,2025-07-17T12:09:06
case_000492,acct_010591,2025-02-20T15:38:26
case_000493,acct_017506,2025-05-02T15:09:44
case_000494,acct_001743,2025-09-09T16:15:14
case_000495,acct_010321,2025-05-15T12:55:41
case_000496,acct_010591,2025-11-10T15:09:50
case_000497,acct_018041,2025-05-12T11:19:57
case_000498,acct_018420,2025-03-31T16:10:25
case_000499,acct_011503,2025-09-15T16:12:02
case_000500,acct_021889,2025-05-06T17:30:13
case_000501,acct_001123,2025-02-18T12:01:30
case_000502,acct_019202,2025-10-03T13:36:19
case_000503,acct_016204,2025-01-13T17:22:41
case_000504,acct_003712,2025-05-07T10:43:14
case_000505,acct_001319,2025-01-14T10:06:39
case_000506,acct_018041,2025-06-09T15:22:39
case_000507,acct_003219,2025-07-14T10:59:13
case_000508,acct_002626,2025-08-05T18:03:03
case_000509,acct_001123,2025-04-21T15:00:45
case_000510,acct_018420,2025-10-09T11:50:10
case_000511,acct_017506,2025-11-12T17:26:39
case_000512,acct_016204,2025-02-26T14:17:35
case_000513,acct_011538,2025-02-21T17:52:48
case_000514,acct_021842,2025-08-16T12:37:13
case_000515,acct_002316,2025-01-20T17:35:56
case_000516,acct_013305,2025-11-06T11:35:51
case_000517,acct_001319,2025-04-07T17:16:12
case_000518,acct_018041,2025-09-25T18:16:19
case_000519,acct_016615,2025-06-09T16:14:55
case_000520,acct_016240,2025-05-02T09:21:19
case_000521,acct_017506,2025-01-31T15:33:45
case_000522,acct_016145,2025-11-27T10:48:44
case_000523,acct_021842,2025-01-24T16:25:24
case_000524,acct_010655,2025-06-02T12:25:45
case_000525,acct_016564,2025-10-07T15:12:24
case_000526,acct_016564,2025-04-30T14:29:05
case_000527,acct_008580,2025-07-22T09:16:08
case_000528,acct_010655,2025-06-06T16:11:08
case_000529,acct_020966,2025-10-14T18:34:38
case_000530,acct_018644,2025-10-06T12:25:36
case_000531,acct_021842,2025-01-23T15:54:55
case_000532,acct_003712,2025-10-06T18:40:04
case_000533,acct_008580,2025-10-20T16:49:50
case_000534,acct_009274,2025-03-18T09:41:10
case_000535,acct_008580,2025-01-03T15:42:24
case_000536,acct_001319,2025-06-18T12:28:41
case_000537,acct_009274,2025-10-20T18:23:39
case_000538,acct_016204,2025-03-07T13:45:32
case_000539,acct_003712,2025-12-29T17:27:55
case_000540,acct_017441,2025-12-03T11:37:19
case_000541,acct_001123,2025-06-23T15:55:47
case_000542,acct_020838,2025-11-25T17:31:23
case_000543,acct_016564,2025-06-12T15:34:13
case_000544,acct_016240,2025-04-02T16:41:23
case_000545,acct_017659,2025-07-09T17:52:09
case_000546,acct_021889,2025-06-17T14:58:25
case_000547,acct_010321,2025-12-03T09:34:00
case_000548,acct_016240,2025-03-25T10:04:33
case_000549,acct_016204,2025-03-13T15:25:12
case_000550,acct_017659,2025-02-03T09:00:31
case_000551,acct_017659,2025-11-24T11:52:10
case_000552,acct_016615,2025-10-29T15:02:05
case_000553,acct_016564,2025-12-05T14:57:03
case_000554,acct_017441,2025-03-26T17:02:06
case_000555,acct_003712,2025-09-01T12:34:00
case_000556,acct_001743,2025-09-08T11:54:45
case_000557,acct_003712,2025-04-10T12:12:08
case_000558,acct_020838,2025-01-10T09:28:47
case_000559,acct_021889,2025-01-20T16:31:15
case_000560,acct_021842,2025-09-29T17:35:05
case_000561,acct_021889,2025-03-15T12:44:40
case_000562,acct_019202,2025-02-28T14:43:59
case_000563,acct_018358,2025-10-20T18:30:49
case_000564,acct_015076,2025-05-12T11:20:24
case_000565,acct_001743,2025-01-15T15:41:17
case_000566,acct_003712,2025-08-18T10:33:37
case_000567,acct_021889,2025-03-03T10:45:12
case_000568,acct_001123,2025-03-17T15:49:29
case_000569,acct_019202,2025-04-17T10:49:18
case_000570,acct_011538,2025-11-06T12:25:11
case_000571,acct_021889,2025-09-24T12:53:45
case_000572,acct_016204,2025-09-11T14:42:55
case_000573,acct_003712,2025-09-08T14:42:19
case_000574,acct_003712,2025-08-29T13:13:57
case_000575,acct_020966,2025-04-21T11:42:28
case_000576,acct_008207,2025-08-28T12:45:26
case_000577,acct_015076,2025-09-26T10:39:43
case_000578,acct_008207,2025-07-14T11:06:15
case_000579,acct_018358,2025-01-27T17:10:20
case_000580,acct_017506,2025-12-25T09:37:30
case_000581,acct_015076,2025-08-15T14:29:27
case_000582,acct_017659,2025-05-06T18:17:14
case_000583,acct_018420,2025-06-03T10:19:01
case_000584,acct_010321,2025-09-29T14:57:17
case_000585,acct_001319,2025-08-28T16:52:46
case_000586,acct_010655,2025-04-07T16:54:19
case_000587,acct_011538,2025-07-03T13:05:43
case_000588,acct_017506,2025-04-04T13:38:03
case_000589,acct_001319,2025-12-19T17:33:10
case_000590,acct_018358,2025-08-07T14:00:51
case_000591,acct_016615,2025-01-29T14:58:35
case_000592,acct_002626,2025-11-28T12:36:11
case_000593,acct_017211,2025-10-20T11:39:38
case_000594,acct_017659,2025-12-03T13:49:27
case_000595,acct_014923,2025-09-08T12:28:10
case_000596,acct_002626,2025-11-24T13:14:13
case_000597,acct_016145,2025-11-08T09:15:49
case_000598,acct_021842,2025-06-20T10:08:49
case_000599,acct_001743,2025-10-02T13:01:05
case_000600,acct_002626,2025-08-11T14:17:10
case_000601,acct_001319,2025-07-02T17:12:45
case_000602,acct_003712,2025-02-21T15:19:21
case_000603,acct_011503,2025-05-12T11:11:56
case_000604,acct_017308,2025-11-24T11:45:07
case_000605,acct_018358,2025-05-01T14:31:03
case_000606,acct_018644,2025-06-30T11:02:16
case_000607,acct_021889,2025-02-10T10:10:32
case_000608,acct_011503,2025-12-15T10:18:05
case_000609,acct_020966,2025-07-28T14:54:44
case_000610,acct_019202,2025-09-25T10:50:55
case_000611,acct_018420,2025-11-25T09:50:08
case_000612,acct_018420,2025-08-26T11:50:32
case_000613,acct_009274,2025-08-13T18:47:20
case_000614,acct_018041,2025-06-07T15:36:44
case_000615,acct_015076,2025-06-09T10:43:04
case_000616,acct_009274,2025-11-05T16:16:48
case_000617,acct_014923,2025-02-07T16:13:46
case_000618,acct_010913,2025-03-10T12:26:59
case_000619,acct_013305,2025-08-16T14:41:12
case_000620,acct_018420,2025-03-19T16:01:24
case_000621,acct_011538,2025-12-01T10:24:45
case_000622,acct_016615,2025-03-26T18:43:36
case_000623,acct_003219,2025-04-10T18:15:35
case_000624,acct_016145,2025-02-05T12:09:04
case_000625,acct_002626,2025-07-22T14:20:14
case_000626,acct_009274,2025-11-11T18:51:07
case_000627,acct_016564,2025-04-21T15:27:37
case_000628,acct_021842,2025-12-03T13:16:46
case_000629,acct_002626,2025-06-29T16:42:17
case_000630,acct_016204,2025-09-02T17:00:49
case_000631,acct_001319,2025-02-04T12:54:27
case_000632,acct_020838,2025-02-03T12:34:51
case_000633,acct_017659,2025-06-13T13:25:08
case_000634,acct_018420,2025-05-06T11:32:02
case_000635,acct_010655,2025-09-23T17:11:01
case_000636,acct_001319,2025-02-21T10:13:31
case_000637,acct_020966,2025-11-19T15:06:45
case_000638,acct_020838,2025-09-18T11:53:44
case_000639,acct_014923,2025-07-10T15:38:19
case_000640,acct_017659,2025-03-31T14:34:43
case_000641,acct_018420,2025-08-08T17:19:37
case_000642,acct_017659,2025-07-22T14:39:27
case_000643,acct_009274,2025-03-05T10:33:54
case_000644,acct_002626,2025-08-15T12:38:43
case_000645,acct_010321,2025-06-03T17:20:40
case_000646,acct_018041,2025-11-17T15:44:32
case_000647,acct_003712,2025-05-29T12:14:15
case_000648,acct_015076,2025-08-08T15:18:34
case_000649,acct_002316,2025-07-02T12:38:06
case_000650,acct_017506,2025-11-09T18:24:39
case_000651,acct_015076,2025-01-30T17:10:31
case_000652,acct_017308,2025-11-18T11:37:39
case_000653,acct_001319,2025-07-02T18:46:40
case_000654,acct_001743,2025-09-30T16:59:49
case_000655,acct_017659,2025-05-12T11:57:01
case_000656,acct_019202,2025-06-10T18:10:15
case_000657,acct_020838,2025-08-18T16:36:25
case_000658,acct_002316,2025-11-10T13:43:39
case_000659,acct_017659,2025-09-29T14:43:53
case_000660,acct_001123,2025-05-20T09:29:28
case_000661,acct_016145,2025-02-24T11:48:53
case_000662,acct_010655,2025-12-08T14:25:07
case_000663,acct_021889,2025-01-01T17:22:06
case_000664,acct_016145,2025-11-10T09:53:04
case_000665,acct_021889,2025-04-17T13:13:44
case_000666,acct_003712,2025-07-22T09:42:56
case_000667,acct_020966,2025-06-30T13:07:32
case_000668,acct_016615,2025-01-01T16:07:23
case_000669,acct_000588,2025-03-10T16:51:23
case_000670,acct_002316,2025-02-25T17:31:40
case_000671,acct_010913,2025-09-22T17:14:50
case_000672,acct_017441,2025-05-23T16:30:24
case_000673,acct_000588,2025-01-06T17:09:33
case_000674,acct_020966,2025-05-15T12:38:05
case_000675,acct_010655,2025-09-25T15:49:37
case_000676,acct_002626,2025-04-05T13:31:44
case_000677,acct_001123,2025-07-07T13:11:43
case_000678,acct_010913,2025-03-24T15:46:02
case_000679,acct_010913,2025-06-16T15:59:00
case_000680,acct_016240,2025-03-20T16:56:38
case_000681,acct_017506,2025-06-24T17:45:54
case_000682,acct_018358,2025-09-10T10:53:44
case_000683,acct_008580,2025-12-16T16:16:07
case_000684,acct_001123,2025-09-16T12:10:14
case_000685,acct_016240,2025-06-18T17:53:45
case_000686,acct_020966,2025-12-09T14:43:10
case_000687,acct_010913,2025-11-17T11:20:45
case_000688,acct_000588,2025-05-26T12:10:59
case_000689,acct_008207,2025-05-16T09:00:39
case_000690,acct_010591,2025-08-08T15:50:59
case_000691,acct_002316,2025-10-27T11:14:13
case_000692,acct_017506,2025-04-24T16:32:58
case_000693,acct_016204,2025-06-19T16:07:57
case_000694,acct_003712,2025-11-03T17:22:50
case_000695,acct_018358,2025-06-18T09:39:21
case_000696,acct_001123,2025-02-03T15:00:07
case_000697,acct_018358,2025-01-09T13:05:43
case_000698,acct_001743,2025-08-20T12:42:19
case_000699,acct_016615,2025-06-02T17:17:12
case_000700,acct_011503,2025-10-28T15:21:46
case_000701,acct_020966,2025-04-14T15:15:33
case_000702,acct_018358,2025-08-08T18:49:25
case_000703,acct_018420,2025-09-08T18:58:23
case_000704,acct_020838,2025-05-28T15:41:16
case_000705,acct_001319,2025-03-14T11:53:06
case_000706,acct_018358,2025-06-09T10:54:27
case_000707,acct_016145,2025-05-09T13:40:51
case_000708,acct_020966,2025-05-31T10:04:17
case_000709,acct_008580,2025-05-20T10:48:40
case_000710,acct_001743,2025-06-23T15:38:15
case_000711,acct_021889,2025-11-21T13:34:42
case_000712,acct_008207,2025-02-03T10:58:25
case_000713,acct_018644,2025-06-13T15:33:01
case_000714,acct_016240,2025-06-10T13:24:47
case_000715,acct_018644,2025-09-29T15:49:18
case_000716,acct_014923,2025-05-05T17:23:26
case_000717,acct_001319,2025-11-11T10:55:24
case_000718,acct_016145,2025-01-09T09:43:15
case_000719,acct_020966,2025-02-03T12:48:56
case_000720,acct_016204,2025-03-24T17:46:14
case_000721,acct_018644,2025-02-17T12:46:09
case_000722,acct_011538,2025-05-13T13:58:06
case_000723,acct_020966,2025-01-27T17:05:21
case_000724,acct_020838,2025-09-23T18:39:19
case_000725,acct_017506,2025-10-21T18:55:37
case_000726,acct_003219,2025-06-09T15:43:15
case_000727,acct_011538,2025-05-19T09:35:32
case_000728,acct_000588,2025-07-04T13:45:40
case_000729,acct_010913,2025-10-09T15:23:59
case_000730,acct_016564,2025-07-14T09:58:27
case_000731,acct_001319,2025-08-07T10:05:34
case_000732,acct_016240,2025-03-10T16:43:45
case_000733,acct_010913,2025-11-24T12:37:44
case_000734,acct_010655,2025-01-27T10:31:41
case_000735,acct_010913,2025-11-17T18:55:03
case_000736,acct_003712,2025-08-07T14:25:56
case_000737,acct_016615,2025-09-26T09:25:11
case_000738,acct_016145,2025-08-05T09:33:20
case_000739,acct_018041,2025-05-16T12:44:28
case_000740,acct_010913,2025-02-10T18:07:18
case_000741,acct_002626,2025-11-10T10:54:07
case_000742,acct_001319,2025-04-24T09:41:12
case_000743,acct_018420,2025-10-27T13:04:28
case_000744,acct_020838,2025-02-26T15:50:15
case_000745,acct_011503,2025-06-18T12:43:02
case_000746,acct_016204,2025-03-28T14:45:15
case_000747,acct_001319,2025-08-28T16:35:36
case_000748,acct_017211,2025-01-20T13:18:31
case_000749,acct_011503,2025-08-18T11:12:40
case_000750,acct_016615,2025-11-10T16:23:03
case_000751,acct_011503,2025-03-18T18:58:17
case_000752,acct_020966,2025-11-03T12:52:50
case_000753,acct_008207,2025-01-01T13:44:41
case_000754,acct_011503,2025-03-31T13:12:54
case_000755,acct_016564,2025-12-09T10:21:09
case_000756,acct_003219,2025-03-07T13:23:54
case_000757,acct_000588,2025-09-29T09:41:36
case_000758,acct_008207,2025-11-03T16:52:49
case_000759,acct_021889,2025-07-14T10:03:13
case_000760,acct_010913,2025-01-09T09:41:24
case_000761,acct_001123,2025-01-08T16:25:41
case_000762,acct_016204,2025-11-10T16:59:49
case_000763,acct_017308,2025-11-06T16:53:45
case_000764,acct_017506,2025-11-25T11:55:13
case_000765,acct_001319,2025-04-10T09:41:29
case_000766,acct_014923,2025-08-22T18:58:36
case_000767,acct_017659,2025-04-02T12:50:53
case_000768,acct_018420,2025-06-27T17:24:13
case_000769,acct_016145,2025-09-29T17:50:13
case_000770,acct_018358,2025-12-09T16:23:12
case_000771,acct_001123,2025-12-25T16:04:17
case_000772,acct_010591,2025-08-27T11:07:34
case_000773,acct_017659,2025-06-26T15:48:44
case_000774,acct_011538,2025-06-12T14:32:59
case_000775,acct_010913,2025-01-27T17:59:44
case_000776,acct_013305,2025-07-16T14:35:01
case_000777,acct_003219,2025-05-24T17:42:07
case_000778,acct_010913,2025-09-02T11:58:19
case_000779,acct_017308,2025-06-27T11:42:24
case_000780,acct_016240,2025-01-07T12:33:43
case_000781,acct_017506,2025-07-30T12:25:50
case_000782,acct_016615,2025-06-18T13:38:46
case_000783,acct_016564,2025-10-01T11:56:39
case_000784,acct_016564,2025-07-03T14:56:32
case_000785,acct_001319,2025-10-27T11:05:44
case_000786,acct_008580,2025-12-24T12:17:21
case_000787,acct_001123,2025-12-09T10:58:16
case_000788,acct_017308,2025-12-12T12:05:42
case_000789,acct_016145,2025-07-08T13:18:49
case_000790,acct_016145,2025-11-06T13:25:18
case_000791,acct_016240,2025-03-17T11:09:50
case_000792,acct_014923,2025-03-11T17:55:35
case_000793,acct_017506,2025-10-13T18:32:41
case_000794,acct_016145,2025-06-30T11:14:19
case_000795,acct_001319,2025-03-18T12:33:46
case_000796,acct_018644,2025-03-31T12:52:43
case_000797,acct_018420,2025-04-21T14:35:54
case_000798,acct_018041,2025-09-25T09:26:47
case_000799,acct_001123,2025-12-08T18:33:55
case_000800,acct_008207,2025-03-17T09:52:10
case_000801,acct_001743,2025-07-02T09:49:10
case_000802,acct_008580,2025-06-05T11:25:09
case_000803,acct_015076,2025-04-16T11:38:07
case_000804,acct_013305,2025-01-29T11:03:18
case_000805,acct_010913,2025-08-29T14:37:57
case_000806,acct_018644,2025-11-26T16:22:08
case_000807,acct_001743,2025-06-16T11:33:21
case_000808,acct_010655,2025-12-26T12:57:22
case_000809,acct_017211,2025-10-06T09:29:11
case_000810,acct_021842,2025-05-12T15:21:52
case_000811,acct_003219,2025-04-24T13:33:03
case_000812,acct_002316,2025-06-16T16:36:03
case_000813,acct_013305,2025-03-25T11:22:31
case_000814,acct_002316,2025-10-20T12:55:18
case_000815,acct_016564,2025-03-17T15:36:34
case_000816,acct_017211,2025-09-15T09:48:43
case_000817,acct_018420,2025-05-02T13:51:47
case_000818,acct_017506,2025-10-13T10:10:56
case_000819,acct_013305,2025-05-26T17:54:58
case_000820,acct_003712,2025-08-10T12:33:24
case_000821,acct_003219,2025-06-12T15:10:58
case_000822,acct_001743,2025-01-27T16:40:57
case_000823,acct_019202,2025-09-23T16:45:18
case_000824,acct_016204,2025-08-07T12:08:04
case_000825,acct_003219,2025-03-17T16:05:26
case_000826,acct_003712,2025-12-11T14:22:23
case_000827,acct_016564,2025-09-18T10:46:10
case_000828,acct_016564,2025-05-28T18:51:52
case_000829,acct_000588,2025-12-08T17:00:49
case_000830,acct_017506,2025-06-30T09:32:25
case_000831,acct_016564,2025-04-01T13:36:47
case_000832,acct_015076,2025-01-06T10:59:10
case_000833,acct_014923,2025-08-01T13:23:29
case_000834,acct_021889,2025-11-14T09:34:23
case_000835,acct_009274,2025-12-10T11:43:41
case_000836,acct_010655,2025-01-21T09:05:21
case_000837,acct_016240,2025-07-28T17:15:27
case_000838,acct_003712,2025-07-25T12:49:41
case_000839,acct_011538,2025-02-07T13:51:02
case_000840,acct_011503,2025-12-13T11:04:15
case_000841,acct_013305,2025-11-04T16:46:29
case_000842,acct_017659,2025-10-27T18:55:09
case_000843,acct_018420,2025-03-19T18:14:06
case_000844,acct_015076,2025-11-28T12:11:51
case_000845,acct_016564,2025-11-14T10:23:01
case_000846,acct_010321,2025-11-26T10:02:25
case_000847,acct_017211,2025-12-18T14:34:48
case_000848,acct_003712,2025-10-27T13:58:12
case_000849,acct_017211,2025-07-14T17:55:50
case_000850,acct_018358,2025-06-10T09:40:47
case_000851,acct_017659,2025-02-26T09:46:43
case_000852,acct_021889,2025-12-15T09:28:20
case_000853,acct_021842,2025-07-18T10:46:39
case_000854,acct_016615,2025-12-19T13:34:16
case_000855,acct_016145,2025-07-05T11:44:46
case_000856,acct_001319,2025-05-08T14:29:29
case_000857,acct_000588,2025-09-24T17:40:04
case_000858,acct_019202,2025-04-10T16:41:12
case_000859,acct_013305,2025-04-21T15:19:15
case_000860,acct_003712,2025-05-02T15:52:40
case_000861,acct_009274,2025-10-08T16:03:29
case_000862,acct_011538,2025-10-10T11:38:23
case_000863,acct_003219,2025-03-17T14:05:23
case_000864,acct_018420,2025-04-12T12:00:56
case_000865,acct_001743,2025-08-19T16:50:18
case_000866,acct_020966,2025-04-09T18:46:06
case_000867,acct_020966,2025-03-17T15:19:14
case_000868,acct_017441,2025-11-12T10:51:55
case_000869,acct_001123,2025-06-02T12:11:42
case_000870,acct_009274,2025-12-01T12:22:02
case_000871,acct_021842,2025-10-08T18:55:15
case_000872,acct_017506,2025-01-13T09:49:02
case_000873,acct_014923,2025-07-09T14:20:46
case_000874,acct_020838,2025-05-02T10:40:00
case_000875,acct_016145,2025-03-24T13:33:54
case_000876,acct_010655,2025-02-07T14:32:36
case_000877,acct_000588,2025-04-14T09:04:46
case_000878,acct_017506,2025-04-07T09:55:35
case_000879,acct_008580,2025-12-08T11:21:06
case_000880,acct_011538,2025-07-11T15:18:32
case_000881,acct_015076,2025-10-20T13:27:28
case_000882,acct_010655,2025-07-03T15:20:16
case_000883,acct_015076,2025-05-08T17:44:24
case_000884,acct_003219,2025-05-19T10:17:07
case_000885,acct_016240,2025-10-06T16:17:46
case_000886,acct_001123,2025-08-18T13:13:18
case_000887,acct_019202,2025-08-15T17:42:42
case_000888,acct_001123,2025-07-04T10:14:47
case_000889,acct_021842,2025-02-10T10:23:21
case_000890,acct_010321,2025-11-13T15:47:17
case_000891,acct_001743,2025-02-20T09:50:13
case_000892,acct_003712,2025-07-28T16:32:14
case_000893,acct_008207,2025-04-08T16:05:20
case_000894,acct_002626,2025-04-05T16:51:27
case_000895,acct_010591,2025-12-31T09:43:29
case_000896,acct_003781,2025-07-07T14:27:22
case_000897,acct_010655,2025-09-24T13:22:10
case_000898,acct_021842,2025-06-27T14:09:35
case_000899,acct_017506,2025-06-04T18:50:20
case_000900,acct_009274,2025-03-13T14:20:16
case_000901,acct_013305,2025-12-04T11:47:58
case_000902,acct_000588,2025-07-03T09:15:09
case_000903,acct_018644,2025-11-07T13:23:59
case_000904,acct_017308,2025-02-04T11:36:24
case_000905,acct_009274,2025-03-18T11:47:51
case_000906,acct_018041,2025-02-17T13:28:02
case_000907,acct_016564,2025-07-16T10:20:51
case_000908,acct_018644,2025-01-28T12:19:57
case_000909,acct_016564,2025-07-21T14:25:25
case_000910,acct_021889,2025-10-23T13:36:29
case_000911,acct_003781,2025-07-30T12:19:52
case_000912,acct_008207,2025-07-28T14:13:30
case_000913,acct_010591,2025-04-28T15:55:03
case_000914,acct_001743,2025-02-24T18:20:33
case_000915,acct_021842,2025-10-20T09:28:08
case_000916,acct_015076,2025-09-22T13:47:38
case_000917,acct_021842,2025-03-13T13:43:14
case_000918,acct_003712,2025-05-12T12:19:50
case_000919,acct_011538,2025-01-24T12:49:06
case_000920,acct_021889,2025-04-09T12:45:43
case_000921,acct_003219,2025-10-27T09:25:48
case_000922,acct_010913,2025-10-13T12:32:43
case_000923,acct_009274,2025-03-13T10:05:13
case_000924,acct_008580,2025-07-07T15:11:35
case_000925,acct_021842,2025-08-29T18:55:17
case_000926,acct_001743,2025-07-21T14:33:34
case_000927,acct_001743,2025-03-24T14:59:51
case_000928,acct_001319,2025-06-16T09:04:17
case_000929,acct_008580,2025-03-17T15:32:59
case_000930,acct_018420,2025-06-23T18:06:05
case_000931,acct_016145,2025-05-30T14:55:04
case_000932,acct_010913,2025-06-20T12:35:06
case_000933,acct_018420,2025-01-02T15:18:43
case_000934,acct_013305,2025-03-13T11:50:50
case_000935,acct_003219,2025-10-28T11:01:10
case_000936,acct_017441,2025-01-06T18:32:17
case_000937,acct_010591,2026-01-01T17:18:09
case_000938,acct_019202,2025-07-21T16:00:08
case_000939,acct_017211,2025-08-25T11:49:05
case_000940,acct_016145,2025-02-28T12:03:49
case_000941,acct_003219,2025-07-02T15:18:55
case_000942,acct_016615,2025-02-24T10:42:45
case_000943,acct_017308,2025-06-23T14:13:54
case_000944,acct_017659,2025-03-10T12:38:37
case_000945,acct_003219,2025-07-02T10:54:26
case_000946,acct_002316,2025-04-14T10:38:26
case_000947,acct_016145,2025-01-03T11:06:29
case_000948,acct_019202,2025-10-13T09:41:34
case_000949,acct_010321,2025-04-04T17:21:58
case_000950,acct_008207,2025-12-23T17:16:52
case_000951,acct_015076,2025-03-03T12:19:34
case_000952,acct_016240,2025-07-21T16:34:32
case_000953,acct_018644,2025-10-26T09:12:25
case_000954,acct_011503,2025-11-05T16:36:31
case_000955,acct_016145,2025-08-07T10:42:45
case_000956,acct_020966,2025-10-21T17:03:12
case_000957,acct_017506,2025-02-20T13:46:39
case_000958,acct_020838,2025-07-29T17:39:45
case_000959,acct_008207,2025-03-12T16:19:26
case_000960,acct_017308,2025-02-10T12:10:31
case_000961,acct_010591,2025-11-28T10:29:07
case_000962,acct_015076,2025-05-08T12:11:56
case_000963,acct_017308,2025-02-11T16:59:11
case_000964,acct_011538,2025-07-17T11:41:42
case_000965,acct_011503,2025-12-22T10:34:12
case_000966,acct_018358,2025-11-17T13:58:14
case_000967,acct_003219,2025-04-28T17:05:02
case_000968,acct_018644,2025-02-10T17:17:49
case_000969,acct_009274,2025-05-12T15:32:36
case_000970,acct_014923,2025-02-26T15:13:51
case_000971,acct_000588,2025-06-18T13:41:04
case_000972,acct_018358,2025-10-13T15:28:02
case_000973,acct_011538,2025-03-17T17:17:15
case_000974,acct_020838,2025-07-29T09:50:24
case_000975,acct_017506,2025-02-10T18:11:32
case_000976,acct_020966,2025-02-10T12:07:45
case_000977,acct_018041,2025-08-18T18:41:34
case_000978,acct_020838,2025-02-14T17:53:54
case_000979,acct_003712,2025-10-20T17:42:46
case_000980,acct_018644,2025-06-26T11:25:02
case_000981,acct_000588,2025-03-24T13:55:31
case_000982,acct_000588,2025-04-04T11:55:21
case_000983,acct_020966,2025-07-21T13:20:52
case_000984,acct_016615,2025-03-31T10:20:44
case_000985,acct_018041,2025-07-16T13:14:17
case_000986,acct_018358,2025-07-08T10:54:54
case_000987,acct_018420,2025-08-18T09:47:38
case_000988,acct_008207,2025-12-23T15:00:13
case_000989,acct_017211,2025-10-12T09:06:57
case_000990,acct_014923,2025-06-02T11:10:00
case_000991,acct_011503,2025-08-04T17:39:03
case_000992,acct_002626,2025-06-09T10:30:46
case_000993,acct_017659,2025-11-17T17:13:49
case_000994,acct_018041,2025-07-14T11:10:30
case_000995,acct_018041,2025-08-18T13:55:40
case_000996,acct_002626,2025-01-30T13:16:13
case_000997,acct_001319,2025-05-21T17:16:08
case_000998,acct_000588,2025-03-16T18:46:47
case_000999,acct_021842,2025-07-29T14:17:25
case_001000,acct_019202,2025-07-21T16:08:55
case_001001,acct_016240,2025-03-04T16:09:51
case_001002,acct_003712,2025-03-20T12:53:59
case_001003,acct_020966,2025-07-30T11:05:02
case_001004,acct_003219,2025-12-26T14:16:27
case_001005,acct_003712,2025-01-13T13:37:22
case_001006,acct_015076,2025-05-14T09:40:54
case_001007,acct_019202,2025-02-18T16:31:34
case_001008,acct_017211,2025-01-27T18:11:19
case_001009,acct_010321,2025-01-30T13:39:00
case_001010,acct_003219,2025-12-09T13:44:18
case_001011,acct_003712,2025-01-27T18:16:56
case_001012,acct_018041,2025-09-15T16:46:02
case_001013,acct_019202,2025-07-27T10:13:26
case_001014,acct_021889,2025-07-31T17:07:47
case_001015,acct_020838,2025-12-24T10:46:52
case_001016,acct_010321,2025-12-04T18:21:34
case_001017,acct_003781,2025-03-17T18:25:20
case_001018,acct_008207,2025-10-03T12:04:36
case_001019,acct_001319,2025-09-23T11:11:20
case_001020,acct_011538,2025-08-18T14:22:28
case_001021,acct_008580,2025-03-24T15:22:50
case_001022,acct_016240,2025-03-31T17:19:04
case_001023,acct_017308,2025-04-21T16:08:16
case_001024,acct_018644,2025-08-11T10:13:27
case_001025,acct_003219,2025-04-21T16:08:51
case_001026,acct_010321,2025-08-29T11:38:14
case_001027,acct_017211,2025-02-24T17:22:56
case_001028,acct_017506,2025-12-25T13:02:03
case_001029,acct_010321,2025-07-28T13:33:37
case_001030,acct_019202,2025-05-23T17:46:17
case_001031,acct_010321,2025-08-18T12:09:41
case_001032,acct_011503,2025-01-20T17:26:34
case_001033,acct_018041,2025-08-25T18:10:56
case_001034,acct_003219,2025-07-01T16:55:27
case_001035,acct_017211,2025-08-18T18:14:54
case_001036,acct_016145,2025-08-13T10:23:48
case_001037,acct_021842,2025-03-27T15:34:53
case_001038,acct_003712,2025-06-09T09:46:05
case_001039,acct_017441,2025-12-10T13:05:56
case_001040,acct_017441,2025-01-29T16:06:11
case_001041,acct_008207,2025-02-11T13:20:28
case_001042,acct_018041,2025-01-20T15:16:49
case_001043,acct_016240,2025-10-23T16:00:06
case_001044,acct_015076,2025-06-11T12:34:31
case_001045,acct_010591,2025-05-07T15:17:08
case_001046,acct_011538,2025-07-28T12:59:35
case_001047,acct_016615,2025-04-01T18:17:38
case_001048,acct_017211,2025-05-09T12:24:02
case_001049,acct_008207,2025-02-20T15:11:23
case_001050,acct_017441,2025-04-21T11:03:15
case_001051,acct_018041,2025-01-24T14:52:44
case_001052,acct_017506,2025-01-03T12:36:06
case_001053,acct_017659,2025-08-04T15:55:24
case_001054,acct_021889,2025-07-08T10:16:29
case_001055,acct_008207,2025-07-06T16:29:41
case_001056,acct_017441,2025-06-23T17:44:44
case_001057,acct_010655,2025-02-24T16:22:46
case_001058,acct_010321,2025-06-24T15:25:38
case_001059,acct_015076,2025-07-17T15:26:32
case_001060,acct_015076,2025-01-10T13:42:47
case_001061,acct_020838,2025-11-16T17:34:40
case_001062,acct_009274,2025-10-06T10:53:24
case_001063,acct_008207,2025-05-22T17:45:02
case_001064,acct_016145,2025-11-17T18:48:20
case_001065,acct_003712,2025-07-07T11:19:23
case_001066,acct_018358,2025-05-12T18:38:42
case_001067,acct_018644,2025-08-22T18:27:40
case_001068,acct_017211,2025-11-05T12:46:45
case_001069,acct_017441,2025-03-12T16:03:02
case_001070,acct_017506,2025-03-20T10:26:26
case_001071,acct_016615,2025-02-24T14:47:14
case_001072,acct_010913,2025-01-16T10:47:44
case_001073,acct_018041,2025-07-28T15:05:06
case_001074,acct_021889,2025-12-16T11:31:18
case_001075,acct_016204,2025-01-08T14:07:51
case_001076,acct_002316,2025-12-08T10:55:51
case_001077,acct_021889,2025-03-10T10:24:23
case_001078,acct_021842,2025-11-20T13:25:02
case_001079,acct_016204,2025-06-30T15:13:54
case_001080,acct_010591,2025-09-18T11:01:17
case_001081,acct_010591,2025-06-10T09:14:39
case_001082,acct_001743,2025-03-04T11:40:01
case_001083,acct_008207,2025-02-03T16:48:36
case_001084,acct_003219,2025-01-30T15:56:49
case_001085,acct_001123,2025-04-21T17:45:33
case_001086,acct_016145,2025-10-07T14:38:13
case_001087,acct_010321,2025-05-30T13:58:35
case_001088,acct_018420,2025-06-30T16:12:30
case_001089,acct_016145,2025-02-24T12:40:53
case_001090,acct_013305,2025-09-17T14:56:14
case_001091,acct_001319,2025-12-29T09:12:05
case_001092,acct_021889,2025-01-08T13:49:17
case_001093,acct_013305,2025-03-09T09:07:58
case_001094,acct_016240,2025-03-06T17:16:13
case_001095,acct_017659,2025-08-20T18:17:13
case_001096,acct_016145,2025-07-02T17:20:16
case_001097,acct_002626,2025-07-11T11:51:05
case_001098,acct_010655,2025-04-14T17:12:23
case_001099,acct_016204,2025-06-09T10:59:18
case_001100,acct_001123,2025-07-07T13:19:26
case_001101,acct_002626,2025-10-13T18:23:20
case_001102,acct_016204,2025-09-29T12:43:22
case_001103,acct_018358,2025-08-04T12:14:51
case_001104,acct_002626,2025-02-17T12:16:34
case_001105,acct_009274,2025-09-19T09:08:52
case_001106,acct_021842,2025-01-17T17:49:07
case_001107,acct_001319,2025-10-13T09:49:43
case_001108,acct_011503,2025-05-20T13:57:55
case_001109,acct_003712,2025-09-22T15:55:45
case_001110,acct_003219,2025-07-14T15:42:39
case_001111,acct_008207,2025-08-05T11:21:04
case_001112,acct_016204,2025-05-05T09:58:52
case_001113,acct_020966,2025-03-10T16:09:52
case_001114,acct_016240,2025-09-08T16:36:39
case_001115,acct_017308,2025-08-05T09:40:47
case_001116,acct_003781,2025-08-20T17:40:00
case_001117,acct_001319,2025-08-04T14:31:27
case_001118,acct_017308,2025-08-29T14:22:21
case_001119,acct_020966,2025-12-29T18:21:10
case_001120,acct_021889,2025-04-01T13:38:17
case_001121,acct_020838,2025-11-17T09:24:37
case_001122,acct_003781,2025-09-28T11:08:49
case_001123,acct_002316,2025-01-16T18:23:43
case_001124,acct_017506,2025-10-09T18:53:05
case_001125,acct_014923,2025-12-17T10:41:58
case_001126,acct_001743,2025-02-24T17:36:24
case_001127,acct_021842,2025-08-11T11:21:45
case_001128,acct_015076,2025-04-30T11:06:20
case_001129,acct_016145,2025-12-05T13:29:46
case_001130,acct_021889,2025-01-24T09:18:37
case_001131,acct_010913,2025-04-20T13:04:05
case_001132,acct_001123,2025-10-27T18:34:00
case_001133,acct_011503,2025-07-25T16:01:46
case_001134,acct_001319,2025-07-18T15:18:34
case_001135,acct_018358,2025-05-23T15:08:55
case_001136,acct_010913,2025-04-21T18:31:12
case_001137,acct_010655,2025-03-31T15:32:32
case_001138,acct_019202,2025-10-30T10:59:48
case_001139,acct_009274,2025-10-06T15:03:59
case_001140,acct_014923,2025-09-19T11:42:09
case_001141,acct_016204,2025-12-15T18:06:02
case_001142,acct_009274,2025-03-04T12:21:50
case_001143,acct_009274,2025-08-20T12:42:57
case_001144,acct_016564,2025-08-26T12:36:39
case_001145,acct_008207,2025-03-12T17:10:30
case_001146,acct_003781,2025-10-29T17:58:46
case_001147,acct_018420,2025-07-14T17:44:59
case_001148,acct_021842,2025-12-10T10:29:45
case_001149,acct_013305,2025-05-14T09:33:54
case_001150,acct_018041,2025-11-19T14:53:16
case_001151,acct_018041,2025-01-09T11:43:03
case_001152,acct_000588,2025-10-15T15:39:31
case_001153,acct_014923,2025-10-02T15:39:37
case_001154,acct_001123,2025-03-24T12:15:21
case_001155,acct_001743,2025-03-27T18:42:58
case_001156,acct_019202,2025-07-08T12:58:37
case_001157,acct_003781,2025-08-18T12:58:37
case_001158,acct_019202,2025-06-09T12:09:45
case_001159,acct_016145,2025-08-07T17:34:27
case_001160,acct_018644,2025-07-22T12:51:52
case_001161,acct_018644,2025-07-29T15:47:41
case_001162,acct_002316,2025-01-13T15:41:10
case_001163,acct_016240,2025-07-21T12:24:48
case_001164,acct_018358,2025-12-24T17:16:22
case_001165,acct_016564,2025-08-06T17:32:36
case_001166,acct_018041,2025-07-16T14:41:50
case_001167,acct_021842,2025-08-12T09:54:19
case_001168,acct_010591,2025-02-14T17:07:18
case_001169,acct_010321,2025-02-14T13:26:01
case_001170,acct_003219,2025-09-23T16:43:16
case_001171,acct_010591,2025-04-30T11:58:26
case_001172,acct_008207,2025-08-11T15:25:52
case_001173,acct_000588,2025-09-30T11:48:22
case_001174,acct_018420,2025-01-08T15:35:26
case_001175,acct_016240,2025-12-01T12:49:32
case_001176,acct_014923,2025-02-19T09:10:41
case_001177,acct_018358,2025-05-27T10:04:04
case_001178,acct_010591,2025-10-23T14:06:05
case_001179,acct_020838,2025-03-27T13:02:57
case_001180,acct_016204,2025-04-28T09:33:53
case_001181,acct_010913,2025-07-07T14:34:59
case_001182,acct_017211,2025-12-05T18:35:59
case_001183,acct_010655,2025-06-24T12:59:35
case_001184,acct_013305,2025-09-01T14:41:29
case_001185,acct_020838,2025-07-07T10:10:34
case_001186,acct_019202,2025-07-15T12:31:23
case_001187,acct_018420,2025-05-09T09:54:46
case_001188,acct_018041,2025-02-03T11:30:24
case_001189,acct_003219,2025-05-16T16:13:41
case_001190,acct_008207,2025-11-17T16:31:33
case_001191,acct_008580,2025-10-16T16:49:51
case_001192,acct_018358,2025-10-16T13:39:47
case_001193,acct_018041,2025-08-13T16:02:29
case_001194,acct_000588,2025-11-21T10:30:39
case_001195,acct_003712,2025-05-06T14:18:43
case_001196,acct_021842,2025-03-06T10:01:03
case_001197,acct_017308,2025-11-17T10:40:58
case_001198,acct_008207,2025-05-07T11:09:46
case_001199,acct_008580,2025-12-22T15:23:02
case_001200,acct_018420,2025-01-03T13:06:07
case_001201,acct_015076,2025-07-04T12:24:37
case_001202,acct_002626,2025-07-23T17:02:04
case_001203,acct_003781,2025-10-21T14:34:34
case_001204,acct_009274,2025-04-14T14:23:05
case_001205,acct_003219,2025-07-07T13:48:48
case_001206,acct_010321,2025-07-28T10:49:41
case_001207,acct_021889,2025-05-05T13:30:58
case_001208,acct_008580,2025-04-10T18:52:34
case_001209,acct_009274,2025-07-29T16:03:13
case_001210,acct_017659,2025-01-14T18:57:12
case_001211,acct_011503,2025-11-26T10:02:12
case_001212,acct_020966,2025-09-22T11:38:56
case_001213,acct_010591,2025-11-19T10:44:39
case_001214,acct_001743,2025-02-18T16:27:11
case_001215,acct_015076,2025-03-03T09:35:11
case_001216,acct_011538,2025-04-16T15:13:35
case_001217,acct_009274,2025-06-30T13:59:40
case_001218,acct_013305,2025-05-23T16:52:55
case_001219,acct_008580,2025-01-08T09:17:28
case_001220,acct_017506,2025-01-13T13:38:44
case_001221,acct_017308,2025-08-14T13:03:15
case_001222,acct_020966,2025-02-03T16:08:29
case_001223,acct_017211,2025-08-15T14:16:29
case_001224,acct_010913,2025-08-11T12:09:14
case_001225,acct_017506,2025-08-18T17:24:16
case_001226,acct_016240,2025-02-21T16:01:02
case_001227,acct_010321,2025-03-10T18:31:16
case_001228,acct_016615,2025-07-24T14:35:10
case_001229,acct_016564,2025-12-29T18:29:50
case_001230,acct_003781,2025-06-12T14:08:58
case_001231,acct_002316,2025-05-16T14:48:41
case_001232,acct_016145,2025-10-21T09:27:45
case_001233,acct_003781,2025-12-04T16:16:49
case_001234,acct_011538,2025-10-29T10:18:00
case_001235,acct_017441,2025-01-20T09:50:38
case_001236,acct_011538,2025-01-08T12:13:26
case_001237,acct_017211,2025-05-05T09:29:16
case_001238,acct_000588,2025-01-24T13:49:03
case_001239,acct_010591,2025-10-10T14:13:30
case_001240,acct_001319,2025-06-02T09:30:02
case_001241,acct_003781,2025-02-24T17:53:47
case_001242,acct_019202,2025-05-27T15:13:00
case_001243,acct_021842,2025-06-09T12:59:27
case_001244,acct_008207,2025-07-18T15:45:01
case_001245,acct_001123,2025-09-12T15:01:31
case_001246,acct_009274,2025-12-08T14:53:59
case_001247,acct_002316,2025-05-01T14:24:36
case_001248,acct_019202,2025-07-17T12:04:24
case_001249,acct_009274,2025-10-30T15:55:57
case_001250,acct_017659,2025-06-27T16:31:28
case_001251,acct_009274,2025-07-18T11:06:27
case_001252,acct_018420,2025-09-18T13:03:16
case_001253,acct_001123,2025-08-11T17:31:56
case_001254,acct_002316,2025-12-12T09:11:13
case_001255,acct_016564,2025-06-09T13:14:00
case_001256,acct_021842,2025-11-10T09:41:01
case_001257,acct_017659,2025-11-07T15:33:18
case_001258,acct_021842,2025-07-03T09:25:00
case_001259,acct_018420,2025-05-22T16:36:32
case_001260,acct_002626,2025-10-20T09:36:52
case_001261,acct_010913,2025-11-21T10:12:48
case_001262,acct_003781,2025-04-25T12:50:54
case_001263,acct_010591,2025-12-11T14:26:05
case_001264,acct_000588,2025-08-07T17:11:46
case_001265,acct_016145,2025-08-17T12:27:08
case_001266,acct_001743,2025-03-14T15:18:19
case_001267,acct_000588,2025-12-09T11:01:54
case_001268,acct_001123,2025-12-30T18:16:05
case_001269,acct_017308,2025-07-28T14:58:06
case_001270,acct_017441,2025-03-17T11:23:13
case_001271,acct_014923,2025-06-02T12:39:22
case_001272,acct_019202,2025-02-19T13:23:28
case_001273,acct_001319,2025-07-14T13:15:15
case_001274,acct_015076,2025-07-09T17:31:38
case_001275,acct_009274,2025-02-21T18:08:08
case_001276,acct_020838,2025-07-30T14:55:50
case_001277,acct_010913,2025-09-29T17:38:15
case_001278,acct_017441,2025-06-30T10:22:59
case_001279,acct_003781,2025-10-01T14:15:31
case_001280,acct_017659,2025-11-05T15:01:36
case_001281,acct_016564,2025-04-07T10:00:52
case_001282,acct_017506,2025-02-13T12:20:28
case_001283,acct_003781,2025-11-25T11:54:57
case_001284,acct_017308,2025-04-27T15:54:35
case_001285,acct_002316,2025-03-10T17:16:44
case_001286,acct_017506,2025-06-04T12:37:05
case_001287,acct_018644,2025-03-09T17:06:41
case_001288,acct_010913,2025-01-06T11:21:28
case_001289,acct_002626,2025-01-06T17:14:51
case_001290,acct_001743,2025-10-20T15:17:28
case_001291,acct_001123,2025-05-08T10:30:22
case_001292,acct_008207,2025-05-06T14:54:58
case_001293,acct_008580,2025-04-28T17:55:25
case_001294,acct_003781,2025-08-16T11:37:45
case_001295,acct_014923,2025-10-27T18:01:37
case_001296,acct_018358,2025-06-23T15:12:43
case_001297,acct_017308,2025-07-22T11:24:30
case_001298,acct_016564,2025-05-21T17:57:03
case_001299,acct_017308,2025-06-05T15:35:00
case_001300,acct_021889,2025-07-11T12:23:18
case_001301,acct_016145,2025-04-16T11:50:17
case_001302,acct_019202,2025-04-21T11:29:53
case_001303,acct_021889,2025-06-30T11:59:38
case_001304,acct_002316,2025-01-27T11:53:57
case_001305,acct_008207,2025-07-28T18:24:37
case_001306,acct_001743,2025-05-21T09:04:38
case_001307,acct_011538,2025-01-08T10:11:53
case_001308,acct_002316,2025-03-20T18:52:20
case_001309,acct_017211,2025-09-14T09:47:37
case_001310,acct_001743,2025-05-13T16:08:25
case_001311,acct_021889,2025-12-03T09:07:01
case_001312,acct_018644,2025-02-17T15:13:34
case_001313,acct_021842,2025-01-03T18:21:29
case_001314,acct_010591,2025-11-12T10:44:36
case_001315,acct_017308,2025-02-17T18:41:00
case_001316,acct_017308,2025-03-24T09:02:54
case_001317,acct_014923,2025-01-28T13:18:27
case_001318,acct_017308,2025-07-07T12:03:58
case_001319,acct_003219,2025-05-23T12:29:21
case_001320,acct_001123,2025-04-07T11:13:42
case_001321,acct_002626,2025-09-09T12:41:51
case_001322,acct_017211,2025-10-08T12:32:54
case_001323,acct_016240,2025-06-30T16:54:41
case_001324,acct_019202,2025-08-08T15:18:45
case_001325,acct_018644,2025-03-18T13:59:02
case_001326,acct_018420,2025-12-11T13:45:02
case_001327,acct_003781,2025-01-06T11:54:19
case_001328,acct_003781,2025-10-17T10:35:25
case_001329,acct_000588,2025-08-11T12:59:15
case_001330,acct_003219,2025-05-06T13:39:21
case_001331,acct_008580,2025-11-08T15:06:10
case_001332,acct_011538,2025-03-14T12:14:35
case_001333,acct_020838,2025-05-29T10:48:04
case_001334,acct_001743,2025-12-22T13:18:57
case_001335,acct_003781,2025-06-02T12:39:17
case_001336,acct_001319,2025-06-30T13:51:41
case_001337,acct_014923,2025-09-22T16:12:21
case_001338,acct_020838,2025-04-07T16:14:07
case_001339,acct_002626,2025-03-28T18:35:31
case_001340,acct_021889,2025-11-03T13:57:22
case_001341,acct_017308,2025-01-08T18:11:11
case_001342,acct_008207,2025-12-09T15:08:58
case_001343,acct_003219,2025-07-18T14:08:43
case_001344,acct_011538,2025-11-27T15:31:33
case_001345,acct_001123,2025-09-15T18:07:24
case_001346,acct_018041,2025-09-29T09:43:04
case_001347,acct_018420,2025-07-21T09:14:18
case_001348,acct_017441,2025-12-09T11:39:54
case_001349,acct_016240,2025-04-11T09:30:44
case_001350,acct_015076,2025-03-10T10:43:15
case_001351,acct_018041,2025-06-26T10:54:18
case_001352,acct_001123,2025-11-10T18:54:41
case_001353,acct_010913,2025-07-10T09:32:37
case_001354,acct_018644,2025-03-26T09:32:27
case_001355,acct_001123,2025-05-23T18:53:11
case_001356,acct_011538,2025-02-17T12:16:53
case_001357,acct_010913,2025-01-06T15:36:50
case_001358,acct_016145,2025-04-24T14:26:50
case_001359,acct_018358,2025-02-17T17:32:54
case_001360,acct_018041,2025-03-14T12:53:13
case_001361,acct_003712,2025-01-03T15:03:56
case_001362,acct_018644,2025-11-17T15:48:26
case_001363,acct_014923,2025-03-12T14:39:20
case_001364,acct_001743,2025-06-10T13:24:43
case_001365,acct_001743,2025-08-20T18:24:41
case_001366,acct_017211,2025-08-12T10:27:16
case_001367,acct_001123,2025-06-02T14:53:04
case_001368,acct_018358,2025-02-11T15:46:49
case_001369,acct_002316,2025-07-21T14:13:32
case_001370,acct_001123,2025-10-20T12:57:11
case_001371,acct_017211,2025-10-30T15:19:05
case_001372,acct_003781,2025-01-22T12:03:49
case_001373,acct_001123,2025-05-08T15:18:03
case_001374,acct_001123,2025-03-03T11:23:13
case_001375,acct_002316,2025-10-06T16:17:13
case_001376,acct_017659,2025-10-29T18:16:45
case_001377,acct_020966,2025-03-31T11:01:17
case_001378,acct_021889,2025-11-13T12:27:49
case_001379,acct_013305,2025-09-18T13:10:06
case_001380,acct_003712,2025-12-18T18:45:57
case_001381,acct_020838,2025-06-30T11:13:38
case_001382,acct_016240,2025-10-06T09:31:16
case_001383,acct_001743,2025-02-03T13:06:58
case_001384,acct_003781,2025-02-24T10:29:00
case_001385,acct_016145,2025-12-26T15:05:25
case_001386,acct_002316,2025-03-11T12:38:28
case_001387,acct_001743,2025-07-21T10:20:14
case_001388,acct_016615,2025-09-18T14:48:02
case_001389,acct_008207,2025-04-19T12:08:19
case_001390,acct_017506,2025-01-13T15:44:52
case_001391,acct_011503,2025-02-10T13:49:10
case_001392,acct_011503,2025-08-10T13:01:48
case_001393,acct_000588,2025-10-20T13:46:06
case_001394,acct_021842,2025-02-03T15:06:35
case_001395,acct_010591,2025-01-30T12:10:07
case_001396,acct_014923,2025-07-07T15:43:29
case_001397,acct_016145,2025-08-25T15:21:16
case_001398,acct_003712,2025-04-28T16:53:33
case_001399,acct_017308,2025-08-11T12:42:24
case_001400,acct_017441,2025-05-19T09:47:36
case_001401,acct_017441,2025-11-26T12:35:46
case_001402,acct_017308,2025-04-18T09:41:07
case_001403,acct_016145,2025-05-07T10:43:23
case_001404,acct_016204,2025-06-09T09:28:21
case_001405,acct_003219,2025-12-02T17:59:40
case_001406,acct_003219,2025-09-15T11:49:03
case_001407,acct_016615,2025-06-05T17:12:10
case_001408,acct_017211,2025-07-04T11:22:39
case_001409,acct_013305,2025-10-24T15:51:38
case_001410,acct_017308,2025-12-03T15:21:04
case_001411,acct_001504,2025-11-09T01:47:16
case_001412,acct_001843,2025-03-03T19:39:57
case_001413,acct_020042,2025-01-01T15:11:40
case_001414,acct_006483,2025-07-21T22:42:14
case_001415,acct_015030,2025-01-03T20:31:00
case_001416,acct_005174,2025-07-27T20:37:19
case_001417,acct_017144,2025-11-15T08:21:32
case_001418,acct_020060,2025-06-14T00:18:18
case_001419,acct_011534,2025-05-27T01:52:12
case_001420,acct_003800,2025-04-17T03:49:49
case_001421,acct_007385,2025-07-31T21:30:01
case_001422,acct_015949,2025-07-16T02:04:12
case_001423,acct_015159,2025-05-07T06:42:06
case_001424,acct_009622,2025-11-03T21:58:42
case_001425,acct_000099,2025-08-19T16:54:05
case_001426,acct_020211,2025-07-16T10:24:06
case_001427,acct_009152,2025-03-05T02:13:18
case_001428,acct_005587,2025-07-11T06:35:44
case_001429,acct_017307,2025-02-23T06:45:03
case_001430,acct_020384,2025-08-23T10:50:23
case_001431,acct_002005,2025-07-12T21:22:34
case_001432,acct_016074,2025-07-20T08:54:11
case_001433,acct_013970,2025-10-30T15:25:01
case_001434,acct_006286,2025-03-12T08:05:13
case_001435,acct_005952,2025-08-14T13:33:41
case_001436,acct_010674,2025-07-06T11:46:42
case_001437,acct_018595,2025-07-23T17:37:44
case_001438,acct_011755,2025-12-07T21:33:00
case_001439,acct_015419,2025-04-03T18:29:02
case_001440,acct_008208,2025-01-16T02:47:21
case_001441,acct_000604,2025-10-31T01:06:32
case_001442,acct_007460,2025-05-15T17:48:57
case_001443,acct_016883,2025-08-08T09:23:06
case_001444,acct_004851,2025-09-02T19:36:55
case_001445,acct_019610,2025-09-24T12:58:51
case_001446,acct_014552,2025-09-20T06:22:04
case_001447,acct_008628,2025-08-12T00:17:06
case_001448,acct_021090,2025-06-25T08:27:28
case_001449,acct_011260,2025-08-11T19:33:28
case_001450,acct_019999,2025-10-14T09:19:14
case_001451,acct_010982,2025-04-10T03:12:08
case_001452,acct_011964,2025-05-17T23:50:32
case_001453,acct_008104,2025-06-06T07:23:31
case_001454,acct_001414,2025-01-08T11:26:03
case_001455,acct_000851,2025-05-27T06:39:17
case_001456,acct_020522,2025-12-30T11:39:17
case_001457,acct_008817,2025-09-28T17:46:04
case_001458,acct_008236,2025-08-05T15:23:47
case_001459,acct_011278,2025-12-18T18:50:20
case_001460,acct_021674,2025-02-02T17:35:12
case_001461,acct_008351,2025-05-31T04:43:35
case_001462,acct_015285,2025-09-01T21:11:20
case_001463,acct_007357,2025-04-19T17:56:30
case_001464,acct_014664,2025-08-25T18:23:49
case_001465,acct_005770,2025-02-07T02:06:24
case_001466,acct_001164,2025-11-24T23:47:02
case_001467,acct_017653,2025-05-21T03:34:32
case_001468,acct_004134,2025-01-07T05:42:16
case_001469,acct_012333,2025-04-05T21:25:37
case_001470,acct_003809,2025-02-07T08:38:36
case_001471,acct_003911,2025-03-02T16:23:09
case_001472,acct_006772,2025-07-22T00:07:07
case_001473,acct_011463,2025-08-16T03:33:10
case_001474,acct_021132,2025-12-27T20:00:15
case_001475,acct_006264,2025-02-26T14:28:11
case_001476,acct_019646,2025-05-13T01:06:10
case_001477,acct_018991,2025-09-02T00:12:22
case_001478,acct_011861,2025-08-07T12:52:15
case_001479,acct_001483,2025-12-21T20:39:47
case_001480,acct_009705,2025-02-04T11:05:16
case_001481,acct_020270,2025-06-15T04:56:49
case_001482,acct_004327,2025-08-08T03:08:23
case_001483,acct_003689,2025-06-22T12:28:39
case_001484,acct_009714,2025-02-25T08:04:40
case_001485,acct_016803,2025-02-08T07:45:57
case_001486,acct_017110,2025-11-25T02:30:09
case_001487,acct_015345,2025-11-13T23:21:01
case_001488,acct_004947,2025-05-09T20:50:50
case_001489,acct_006152,2025-04-19T09:28:36
case_001490,acct_010045,2025-11-16T19:51:33
case_001491,acct_011194,2025-01-31T16:08:30
case_001492,acct_012997,2025-08-08T04:16:39
case_001493,acct_008003,2025-10-19T21:34:11
case_001494,acct_021083,2025-08-29T19:28:44
case_001495,acct_021584,2025-09-26T17:09:21
case_001496,acct_002889,2025-10-22T17:46:56
case_001497,acct_021261,2025-11-02T17:14:24
case_001498,acct_003980,2025-07-11T19:29:04
case_001499,acct_003333,2025-09-21T11:22:12
case_001500,acct_012020,2025-12-11T16:48:36
case_001501,acct_000711,2025-10-22T20:50:06
case_001502,acct_009325,2025-11-09T13:28:44
case_001503,acct_020455,2025-02-15T16:57:50
case_001504,acct_013031,2025-09-08T23:45:00
case_001505,acct_005856,2025-05-20T09:01:22
case_001506,acct_003280,2025-09-16T10:14:32
case_001507,acct_021391,2025-12-28T17:15:21
case_001508,acct_000885,2025-09-25T03:34:13
case_001509,acct_004424,2025-06-04T13:24:29
case_001510,acct_021659,2025-03-20T22:47:50
case_001511,acct_019646,2025-11-26T08:30:27
case_001512,acct_000782,2025-01-19T13:48:52
case_001513,acct_007186,2025-11-21T01:17:39
case_001514,acct_014040,2025-04-02T10:11:01
case_001515,acct_018912,2025-06-23T08:35:49
case_001516,acct_002268,2025-11-19T21:39:29
case_001517,acct_001539,2025-12-21T07:29:22
case_001518,acct_015818,2025-09-02T23:34:15
case_001519,acct_013521,2025-12-11T21:25:58
case_001520,acct_007482,2025-12-16T09:11:10
case_001521,acct_021796,2025-04-09T22:03:59
case_001522,acct_021020,2025-09-21T19:05:56
case_001523,acct_005998,2025-11-10T11:08:57
case_001524,acct_019205,2025-04-05T11:35:17
case_001525,acct_018167,2025-12-18T22:33:34
case_001526,acct_012047,2025-08-12T20:14:23
case_001527,acct_006501,2025-01-09T17:00:28
case_001528,acct_015367,2025-08-01T19:41:27
case_001529,acct_007544,2025-07-09T20:34:50
case_001530,acct_002552,2025-07-24T05:54:29
case_001531,acct_003436,2025-05-16T04:34:28
case_001532,acct_001854,2025-09-12T01:21:38
case_001533,acct_002292,2025-06-26T07:15:42
case_001534,acct_007457,2025-04-30T18:05:13
case_001535,acct_006003,2025-10-15T03:32:24
case_001536,acct_011368,2025-10-23T13:44:21
case_001537,acct_001542,2025-09-14T12:06:55
case_001538,acct_015203,2025-02-01T03:50:06
case_001539,acct_017871,2025-04-23T15:50:55
case_001540,acct_005696,2025-10-19T20:51:39
case_001541,acct_009569,2025-12-08T06:07:55
case_001542,acct_008401,2025-05-21T11:18:38
case_001543,acct_008880,2025-09-02T09:55:51
case_001544,acct_011675,2025-01-02T10:07:06
case_001545,acct_012514,2025-09-20T17:38:34
case_001546,acct_009560,2025-03-06T11:40:54
case_001547,acct_008447,2025-06-12T20:43:59
case_001548,acct_001851,2025-12-02T08:23:02
case_001549,acct_016450,2025-11-24T08:29:56
case_001550,acct_016778,2025-07-08T23:31:18
case_001551,acct_016406,2025-10-31T03:43:59
case_001552,acct_014547,2025-07-02T09:06:00
case_001553,acct_018781,2025-06-12T09:53:43
case_001554,acct_009729,2025-11-24T06:35:11
case_001555,acct_008079,2025-02-12T19:18:39
case_001556,acct_013978,2025-06-24T01:31:56
case_001557,acct_001495,2025-05-17T20:38:15
case_001558,acct_017805,2025-08-26T15:25:42
case_001559,acct_000532,2025-03-09T12:00:36
case_001560,acct_006069,2025-11-11T10:21:43
case_001561,acct_011850,2025-03-31T14:17:13
case_001562,acct_020246,2025-06-16T17:37:50
case_001563,acct_011841,2025-07-04T18:23:40
case_001564,acct_001473,2025-10-20T05:17:36
case_001565,acct_006540,2025-06-14T09:21:25
case_001566,acct_006544,2025-11-19T20:09:31
case_001567,acct_017431,2025-10-01T04:55:12
case_001568,acct_019691,2025-03-28T17:00:11
case_001569,acct_001255,2025-05-29T22:09:56
case_001570,acct_016987,2025-07-03T21:50:44
case_001571,acct_013908,2025-12-08T03:40:53
case_001572,acct_021962,2025-09-10T02:24:08
case_001573,acct_005110,2025-05-07T19:25:09
case_001574,acct_003758,2025-09-09T08:03:14
case_001575,acct_000631,2025-11-28T14:15:35
case_001576,acct_007828,2025-03-21T23:58:32
case_001577,acct_005766,2025-04-24T04:03:33
case_001578,acct_006565,2025-01-22T17:16:56
case_001579,acct_009728,2025-02-14T01:27:22
case_001580,acct_019618,2025-09-30T04:15:57
case_001581,acct_012550,2025-01-14T13:53:10
case_001582,acct_006309,2025-05-30T22:34:56
case_001583,acct_010659,2025-08-30T16:44:43
case_001584,acct_013722,2025-07-11T18:48:21
case_001585,acct_000806,2025-04-13T15:52:11
case_001586,acct_017765,2025-09-27T03:09:21
case_001587,acct_001653,2025-02-13T04:41:29
case_001588,acct_017901,2025-12-09T09:21:19
case_001589,acct_017867,2025-03-16T16:52:33
case_001590,acct_009705,2025-03-06T14:55:51
case_001591,acct_000041,2025-04-08T23:57:15
case_001592,acct_005144,2025-07-05T03:50:03
case_001593,acct_005573,2025-08-11T19:34:52
case_001594,acct_006467,2025-11-18T01:13:36
case_001595,acct_006269,2025-03-13T22:50:50
case_001596,acct_013871,2025-11-01T14:18:39
case_001597,acct_008990,2025-02-16T09:23:55
case_001598,acct_001202,2025-11-16T16:18:08
case_001599,acct_020660,2025-02-01T13:33:17
case_001600,acct_019440,2025-09-10T08:29:20
case_001601,acct_004584,2025-10-05T10:37:52
case_001602,acct_017242,2025-03-06T15:16:49
case_001603,acct_005999,2025-03-07T22:38:38
case_001604,acct_013090,2025-08-06T01:50:27
case_001605,acct_002505,2025-05-30T02:39:18
case_001606,acct_015929,2025-10-03T16:32:35
case_001607,acct_013256,2025-06-09T19:26:23
case_001608,acct_017265,2025-06-22T12:10:28
case_001609,acct_004203,2025-12-01T06:05:19
case_001610,acct_020394,2025-11-02T18:35:22
case_001611,acct_000967,2025-04-01T08:18:56
case_001612,acct_019340,2025-06-05T02:04:44
case_001613,acct_006951,2025-04-13T15:49:09
case_001614,acct_020637,2025-12-07T19:46:40
case_001615,acct_003395,2025-05-27T16:33:43
case_001616,acct_004204,2025-04-02T09:43:40
case_001617,acct_004513,2025-06-11T05:15:19
case_001618,acct_015228,2025-09-25T19:13:04
case_001619,acct_001112,2025-03-03T06:15:31
case_001620,acct_000191,2025-10-19T14:42:09
case_001621,acct_008307,2025-06-02T10:18:05
case_001622,acct_009281,2025-01-29T02:18:30
case_001623,acct_005990,2025-06-12T23:47:54
case_001624,acct_011722,2025-03-03T01:05:47
case_001625,acct_012409,2025-04-05T17:07:25
case_001626,acct_013634,2025-07-21T00:34:47
case_001627,acct_005241,2025-04-03T10:07:07
case_001628,acct_007675,2025-03-07T08:52:00
case_001629,acct_021643,2025-05-29T10:09:32
case_001630,acct_005471,2025-10-09T17:06:32
case_001631,acct_003861,2025-10-03T14:20:01
case_001632,acct_019643,2025-03-19T01:20:56
case_001633,acct_018850,2025-03-28T23:43:25
case_001634,acct_014341,2025-06-15T06:38:58
case_001635,acct_021159,2025-01-03T03:25:20
case_001636,acct_019717,2025-03-03T23:48:58
case_001637,acct_014333,2025-05-01T15:22:12
case_001638,acct_000391,2025-06-24T03:49:44
case_001639,acct_007543,2025-01-21T09:42:01
case_001640,acct_008466,2025-06-18T16:27:49
case_001641,acct_001076,2025-09-20T17:37:45
case_001642,acct_021027,2025-04-21T16:01:39
case_001643,acct_009746,2025-07-01T17:57:48
case_001644,acct_001764,2025-12-07T10:03:01
case_001645,acct_000393,2025-12-27T14:20:35
case_001646,acct_011107,2025-12-20T08:23:36
case_001647,acct_004515,2025-08-27T23:36:09
case_001648,acct_000116,2025-12-19T09:09:07
case_001649,acct_009641,2025-10-02T01:58:31
case_001650,acct_007863,2025-09-03T04:57:54
case_001651,acct_005608,2025-04-14T20:45:37
case_001652,acct_004878,2025-10-14T15:10:58
case_001653,acct_011671,2025-11-02T11:11:44
case_001654,acct_008822,2025-03-26T05:03:06
case_001655,acct_005693,2025-06-06T03:53:24
case_001656,acct_020221,2025-07-15T02:04:25
case_001657,acct_004498,2025-04-04T07:56:48
case_001658,acct_010924,2025-12-26T16:09:06
case_001659,acct_000724,2025-01-09T02:44:53
case_001660,acct_020108,2025-03-23T02:27:52
case_001661,acct_000885,2025-09-12T11:01:18
case_001662,acct_018341,2025-09-18T14:26:52
case_001663,acct_013393,2025-09-15T08:28:34
case_001664,acct_020166,2025-07-05T05:05:13
case_001665,acct_000458,2025-08-17T08:35:43
case_001666,acct_017442,2025-02-02T16:20:29
case_001667,acct_017638,2025-09-06T23:39:32
case_001668,acct_001700,2025-09-02T12:10:28
case_001669,acct_005606,2025-03-24T17:08:43
case_001670,acct_006501,2025-06-19T08:20:26
case_001671,acct_008136,2025-01-25T17:22:23
case_001672,acct_018934,2025-10-31T09:55:40
case_001673,acct_021894,2025-04-29T23:00:54
case_001674,acct_012693,2025-05-19T04:41:33
case_001675,acct_003133,2025-09-04T08:31:54
case_001676,acct_009065,2025-02-20T01:11:18
case_001677,acct_020839,2025-05-12T03:16:07
case_001678,acct_001066,2025-07-10T15:10:42
case_001679,acct_010125,2025-03-14T12:03:24
case_001680,acct_008804,2025-07-20T11:31:42
case_001681,acct_008257,2025-04-18T00:09:37
case_001682,acct_018592,2025-03-13T03:30:12
case_001683,acct_019065,2025-06-09T01:39:54
case_001684,acct_008747,2025-01-26T07:29:09
case_001685,acct_020813,2025-03-23T12:48:37
case_001686,acct_015776,2025-03-22T06:44:35
case_001687,acct_007996,2025-03-04T02:54:51
case_001688,acct_003925,2025-09-21T03:48:41
case_001689,acct_004672,2025-04-06T08:19:56
case_001690,acct_010185,2025-10-25T03:20:15
case_001691,acct_019716,2025-09-25T19:59:30
case_001692,acct_012411,2025-06-28T16:52:26
case_001693,acct_002709,2025-05-15T22:36:37
case_001694,acct_013234,2025-03-20T21:51:19
case_001695,acct_008180,2025-07-27T01:30:52
case_001696,acct_007593,2025-09-29T17:51:22
case_001697,acct_002043,2025-10-24T19:10:15
case_001698,acct_018684,2025-07-13T12:58:11
case_001699,acct_000865,2025-02-18T11:45:03
case_001700,acct_020224,2025-10-29T16:36:42
case_001701,acct_006749,2025-09-21T06:45:18
case_001702,acct_006109,2025-03-19T04:52:14
case_001703,acct_002283,2025-10-17T02:27:25
case_001704,acct_005634,2025-09-04T20:20:08
case_001705,acct_002677,2025-11-05T21:37:33
case_001706,acct_010158,2025-02-14T05:58:58
case_001707,acct_012341,2025-04-26T05:46:44
case_001708,acct_018045,2025-09-11T07:47:37
case_001709,acct_008723,2025-07-31T13:08:43
case_001710,acct_002026,2025-03-03T10:59:53
case_001711,acct_016858,2025-01-04T05:42:21
case_001712,acct_006842,2025-04-11T08:27:31
case_001713,acct_018505,2025-12-27T13:09:26
case_001714,acct_005957,2025-03-03T08:00:04
case_001715,acct_007949,2025-03-10T10:18:40
case_001716,acct_008537,2025-02-15T18:49:53
case_001717,acct_004899,2025-08-23T13:36:31
case_001718,acct_014913,2025-12-01T14:04:48
case_001719,acct_010629,2025-05-14T03:29:08
case_001720,acct_015951,2025-12-14T05:50:06
case_001721,acct_002940,2025-12-04T12:23:17
case_001722,acct_012077,2025-07-18T00:35:56
case_001723,acct_016794,2025-01-26T20:37:48
case_001724,acct_002821,2025-12-18T17:36:29
case_001725,acct_007832,2025-09-21T17:21:19
case_001726,acct_021084,2025-03-02T10:14:36
case_001727,acct_004485,2025-01-07T10:52:50
case_001728,acct_003814,2025-10-02T15:18:48
case_001729,acct_013916,2025-09-12T19:25:16
case_001730,acct_003409,2025-08-22T16:22:02
case_001731,acct_002222,2025-01-24T23:45:01
case_001732,acct_007687,2025-09-15T19:54:15
case_001733,acct_005837,2025-05-06T06:42:21
case_001734,acct_007197,2025-02-25T07:28:47
case_001735,acct_002005,2025-06-19T19:12:25
case_001736,acct_002812,2025-03-10T02:38:29
case_001737,acct_016534,2025-08-29T18:58:22
case_001738,acct_011795,2025-02-06T02:28:01
case_001739,acct_016659,2025-11-22T22:32:30
case_001740,acct_020463,2025-09-05T12:53:09
case_001741,acct_010242,2025-09-05T19:49:36
case_001742,acct_017272,2025-09-12T07:47:17
case_001743,acct_021414,2025-02-08T12:22:45
case_001744,acct_017313,2025-03-04T15:37:58
case_001745,acct_008004,2025-09-19T12:09:47
case_001746,acct_004399,2025-10-13T08:09:14
case_001747,acct_012526,2025-10-08T13:00:06
case_001748,acct_016359,2025-08-19T07:11:49
case_001749,acct_005434,2025-10-14T09:05:23
case_001750,acct_002336,2025-05-16T16:50:38
case_001751,acct_002772,2025-07-30T00:26:11
case_001752,acct_014520,2025-04-04T05:41:57
case_001753,acct_014349,2025-12-09T08:44:26
case_001754,acct_002910,2025-02-25T10:55:57
case_001755,acct_011963,2025-04-22T12:19:57
case_001756,acct_021681,2025-12-22T17:53:47
case_001757,acct_005069,2025-08-22T22:51:25
case_001758,acct_021957,2025-08-26T10:18:10
case_001759,acct_016314,2025-10-29T05:23:58
case_001760,acct_012264,2025-11-13T03:57:14
case_001761,acct_007331,2025-07-12T01:15:12
case_001762,acct_006363,2025-04-15T02:20:24
case_001763,acct_013983,2025-01-17T16:31:53
case_001764,acct_004151,2025-06-13T02:01:42
case_001765,acct_015367,2025-10-27T10:15:51
case_001766,acct_003462,2025-02-18T13:33:47
case_001767,acct_005269,2025-12-29T17:14:37
case_001768,acct_012520,2025-03-26T01:57:52
case_001769,acct_008117,2025-06-13T11:58:58
case_001770,acct_019992,2025-09-24T07:24:19
case_001771,acct_020718,2025-10-24T05:54:12
case_001772,acct_016602,2025-04-06T08:34:18
case_001773,acct_019009,2025-11-29T11:02:32
case_001774,acct_008298,2025-05-10T13:39:02
case_001775,acct_003357,2025-01-21T11:31:13
case_001776,acct_007942,2025-09-18T23:49:06
case_001777,acct_015901,2025-07-10T17:11:24
case_001778,acct_015274,2025-11-04T04:40:09
case_001779,acct_013841,2025-06-13T08:22:33
case_001780,acct_017333,2025-05-20T08:30:51
case_001781,acct_001532,2025-11-20T21:40:43
case_001782,acct_018753,2025-10-11T19:43:23
case_001783,acct_012317,2025-11-07T20:16:47
case_001784,acct_009211,2025-02-11T06:00:19
case_001785,acct_013027,2025-06-24T02:40:05
case_001786,acct_009560,2025-08-18T19:05:38
case_001787,acct_013588,2025-08-07T11:50:27
case_001788,acct_006841,2025-01-19T04:06:23
case_001789,acct_016153,2025-01-25T07:52:19
case_001790,acct_021475,2025-03-26T08:42:07
case_001791,acct_006016,2025-01-22T16:52:12
case_001792,acct_012937,2025-06-04T21:34:35
case_001793,acct_005367,2025-05-08T17:01:54
case_001794,acct_004802,2025-01-10T21:14:17
case_001795,acct_011486,2025-08-12T22:15:37
case_001796,acct_010231,2025-06-02T23:27:24
case_001797,acct_001917,2025-02-16T03:37:41
case_001798,acct_012661,2025-07-06T09:48:43
case_001799,acct_003072,2025-04-01T09:18:04
case_001800,acct_009056,2025-01-19T03:28:56
case_001801,acct_011988,2025-06-22T13:20:24
case_001802,acct_011356,2025-01-20T10:16:48
case_001803,acct_019542,2025-12-03T03:59:53
case_001804,acct_008012,2025-06-22T07:36:04
case_001805,acct_016056,2025-06-12T18:38:03
case_001806,acct_002040,2025-12-28T11:09:11
case_001807,acct_015816,2025-05-05T13:09:10
case_001808,acct_010422,2025-03-06T05:48:16
case_001809,acct_019042,2025-09-04T16:11:18
case_001810,acct_000656,2025-06-17T23:21:38
case_001811,acct_018408,2025-05-14T09:35:46
case_001812,acct_020673,2025-07-18T13:21:22
case_001813,acct_012580,2025-04-12T16:17:52
case_001814,acct_008340,2025-05-06T09:33:37
case_001815,acct_009645,2025-03-14T11:57:30
case_001816,acct_001111,2025-11-23T08:43:09
case_001817,acct_009486,2025-03-19T23:36:13
case_001818,acct_003988,2025-11-03T05:45:40
case_001819,acct_003584,2025-09-08T01:51:09
case_001820,acct_007857,2025-10-05T15:18:45
case_001821,acct_020317,2025-03-18T08:23:29
case_001822,acct_000835,2025-07-20T06:09:29
case_001823,acct_021317,2025-02-18T06:06:05
case_001824,acct_006970,2025-02-15T11:59:22
case_001825,acct_001986,2025-02-09T01:41:07
case_001826,acct_013211,2025-07-09T16:00:36
case_001827,acct_012674,2025-07-23T23:13:41
case_001828,acct_010826,2025-07-05T12:28:51
case_001829,acct_006254,2025-06-07T18:47:08
case_001830,acct_017295,2025-03-18T08:00:18
case_001831,acct_020494,2025-03-22T08:42:50
case_001832,acct_001967,2025-11-06T15:13:41
case_001833,acct_019025,2025-08-25T00:42:23
case_001834,acct_014029,2025-11-10T06:42:28
case_001835,acct_010651,2025-02-13T19:32:09
case_001836,acct_004437,2025-01-16T04:03:00
case_001837,acct_020736,2025-05-16T05:54:52
case_001838,acct_018672,2025-05-22T21:54:35
case_001839,acct_019539,2025-10-03T01:39:10
case_001840,acct_014054,2025-04-16T08:38:14
case_001841,acct_003807,2025-06-02T13:01:34
case_001842,acct_014875,2025-08-05T07:37:26
case_001843,acct_020350,2025-10-24T03:28:44
case_001844,acct_004134,2025-09-19T19:21:45
case_001845,acct_017112,2025-03-19T18:47:38
case_001846,acct_017821,2025-11-29T06:44:49
case_001847,acct_012657,2025-02-24T02:36:27
case_001848,acct_019810,2025-07-04T02:12:07
case_001849,acct_000052,2025-09-30T07:12:05
case_001850,acct_000939,2025-04-18T10:56:21
case_001851,acct_003766,2025-05-03T03:17:16
case_001852,acct_020583,2025-02-27T19:14:18
case_001853,acct_021959,2025-09-05T04:46:34
case_001854,acct_013647,2025-04-04T05:25:08
case_001855,acct_016836,2025-10-21T02:23:54
case_001856,acct_002755,2025-02-02T04:31:27
case_001857,acct_002116,2025-05-09T19:43:07
case_001858,acct_002211,2025-12-05T04:33:47
case_001859,acct_000552,2025-05-28T01:23:08
case_001860,acct_013793,2025-09-26T21:33:44
case_001861,acct_016541,2025-07-03T14:17:27
case_001862,acct_020625,2025-12-12T02:29:19
case_001863,acct_010456,2025-08-16T19:09:33
case_001864,acct_002863,2025-05-20T22:09:52
case_001865,acct_017082,2025-12-14T13:37:49
case_001866,acct_002067,2025-12-21T12:33:32
case_001867,acct_016640,2025-04-19T04:05:02
case_001868,acct_015361,2025-12-24T18:15:20
case_001869,acct_002589,2025-10-18T09:41:18
case_001870,acct_001513,2025-05-18T14:26:10
case_001871,acct_006501,2025-12-26T03:10:43
case_001872,acct_000937,2025-03-03T01:07:47
case_001873,acct_014777,2025-07-03T22:52:54
case_001874,acct_001812,2025-07-11T20:19:52
case_001875,acct_001075,2025-01-19T12:38:11
case_001876,acct_008326,2025-07-26T19:39:40
case_001877,acct_021223,2025-07-06T10:32:04
case_001878,acct_013764,2025-08-07T02:25:17
case_001879,acct_017711,2025-10-16T13:52:10
case_001880,acct_021307,2025-12-28T02:56:55
case_001881,acct_000102,2025-09-19T10:57:45
case_001881,acct_000109,2025-09-19T10:57:45
case_001881,acct_000153,2025-09-19T10:57:45
case_001882,acct_000096,2025-08-04T12:31:09
case_001882,acct_000042,2025-08-04T12:31:09
case_001882,acct_000005,2025-08-04T12:31:09
case_001882,acct_000120,2025-08-04T12:31:09
case_001882,acct_000046,2025-08-04T12:31:09
case_001883,acct_000002,2025-03-03T15:57:57
case_001883,acct_000195,2025-03-03T15:57:57
case_001883,acct_000058,2025-03-03T15:57:57
case_001883,acct_000059,2025-03-03T15:57:57
case_001883,acct_000133,2025-03-03T15:57:57
case_001884,acct_000147,2025-08-12T14:02:51
case_001884,acct_000179,2025-08-12T14:02:51
case_001884,acct_000036,2025-08-12T14:02:51
case_001884,acct_000024,2025-08-12T14:02:51
case_001884,acct_000050,2025-08-12T14:02:51
case_001885,acct_000010,2025-01-02T18:28:47
case_001885,acct_000003,2025-01-02T18:28:47
case_001885,acct_000146,2025-01-02T18:28:47
case_001885,acct_000193,2025-01-02T18:28:47
case_001886,acct_000022,2025-02-18T09:17:00
case_001886,acct_000075,2025-02-18T09:17:00
case_001887,acct_000132,2025-02-21T12:15:28
case_001887,acct_000055,2025-02-21T12:15:28
case_001888,acct_000084,2025-09-16T10:45:01
case_001888,acct_000032,2025-09-16T10:45:01
case_001889,acct_000050,2025-03-26T17:28:42
case_001889,acct_000183,2025-03-26T17:28:42
case_001889,acct_000008,2025-03-26T17:28:42
case_001889,acct_000072,2025-03-26T17:28:42
case_001889,acct_000039,2025-03-26T17:28:42
case_001890,acct_000181,2025-02-12T18:21:04
case_001890,acct_000147,2025-02-12T18:21:04
case_001890,acct_000179,2025-02-12T18:21:04
case_001890,acct_000210,2025-02-12T18:21:04
case_001891,acct_000136,2025-08-04T10:14:17
case_001891,acct_000139,2025-08-04T10:14:17
case_001891,acct_000116,2025-08-04T10:14:17
case_001891,acct_000089,2025-08-04T10:14:17
case_001892,acct_000177,2025-07-08T12:35:48
case_001892,acct_000079,2025-07-08T12:35:48
case_001892,acct_000023,2025-07-08T12:35:48
case_001892,acct_000207,2025-07-08T12:35:48
case_001893,acct_000150,2025-11-05T14:48:47
case_001893,acct_000207,2025-11-05T14:48:47
case_001893,acct_000210,2025-11-05T14:48:47
case_001893,acct_000201,2025-11-05T14:48:47
case_001894,acct_000016,2025-10-16T12:56:15
case_001894,acct_000077,2025-10-16T12:56:15
case_001895,acct_000166,2025-10-08T17:27:07
case_001895,acct_000164,2025-10-08T17:27:07
case_001895,acct_000138,2025-10-08T17:27:07
case_001895,acct_000016,2025-10-08T17:27:07
case_001895,acct_000177,2025-10-08T17:27:07
case_001896,acct_000034,2025-08-11T09:29:01
case_001896,acct_000214,2025-08-11T09:29:01
case_001896,acct_000036,2025-08-11T09:29:01
case_001896,acct_000111,2025-08-11T09:29:01
case_001896,acct_000121,2025-08-11T09:29:01
case_001897,acct_000184,2025-01-29T14:39:17
case_001897,acct_000213,2025-01-29T14:39:17
case_001897,acct_000173,2025-01-29T14:39:17
case_001897,acct_000118,2025-01-29T14:39:17
case_001897,acct_000104,2025-01-29T14:39:17
case_001898,acct_000034,2025-10-01T15:49:49
case_001898,acct_000213,2025-10-01T15:49:49
case_001898,acct_000183,2025-10-01T15:49:49
case_001899,acct_000141,2025-01-06T16:36:55
case_001899,acct_000187,2025-01-06T16:36:55
case_001900,acct_000190,2025-08-15T12:34:22
case_001900,acct_000021,2025-08-15T12:34:22
case_001900,acct_000169,2025-08-15T12:34:22
case_001900,acct_000149,2025-08-15T12:34:22
case_001900,acct_000186,2025-08-15T12:34:22
case_001901,acct_000210,2025-01-16T10:43:50
case_001901,acct_000031,2025-01-16T10:43:50
case_001902,acct_000016,2025-08-25T18:26:57
case_001902,acct_000001,2025-08-25T18:26:57
case_001903,acct_000095,2025-04-30T09:17:48
case_001903,acct_000025,2025-04-30T09:17:48
case_001903,acct_000087,2025-04-30T09:17:48
case_001903,acct_000065,2025-04-30T09:17:48
case_001904,acct_000183,2025-01-20T09:40:17
case_001904,acct_000009,2025-01-20T09:40:17
case_001904,acct_000022,2025-01-20T09:40:17
case_001904,acct_000127,2025-01-20T09:40:17
case_001904,acct_000112,2025-01-20T09:40:17
case_001905,acct_000011,2025-10-29T15:18:41
case_001905,acct_000114,2025-10-29T15:18:41
case_001905,acct_000073,2025-10-29T15:18:41
case_001906,acct_000131,2025-02-04T17:23:27
case_001906,acct_000152,2025-02-04T17:23:27
case_001906,acct_000073,2025-02-04T17:23:27
case_001907,acct_000132,2025-05-27T13:14:32
case_001907,acct_000025,2025-05-27T13:14:32
case_001908,acct_000018,2025-05-14T18:30:59
case_001908,acct_000081,2025-05-14T18:30:59
case_001908,acct_000109,2025-05-14T18:30:59
case_001908,acct_000187,2025-05-14T18:30:59
case_001908,acct_000070,2025-05-14T18:30:59
case_001909,acct_000178,2025-08-25T14:16:07
case_001909,acct_000013,2025-08-25T14:16:07
case_001909,acct_000172,2025-08-25T14:16:07
case_001910,acct_000194,2025-01-28T17:56:57
case_001910,acct_000162,2025-01-28T17:56:57
case_001911,acct_000042,2025-10-14T14:37:01
case_001911,acct_000193,2025-10-14T14:37:01
case_001911,acct_000177,2025-10-14T14:37:01
case_001912,acct_000041,2025-11-17T13:22:14
case_001912,acct_000084,2025-11-17T13:22:14
case_001913,acct_000401,2025-05-27T10:53:24
case_001913,acct_000255,2025-05-27T10:53:24
case_001913,acct_000498,2025-05-27T10:53:24
case_001913,acct_000453,2025-05-27T10:53:24
case_001913,acct_000288,2025-05-27T10:53:24
case_001913,acct_002477,2025-05-27T10:53:24
case_001914,acct_000379,2025-11-03T10:44:41
case_001914,acct_000537,2025-11-03T10:44:41
case_001914,acct_000613,2025-11-03T10:44:41
case_001915,acct_000648,2025-06-06T11:05:51
case_001915,acct_000270,2025-06-06T11:05:51
case_001915,acct_000259,2025-06-06T11:05:51
case_001915,acct_000452,2025-06-06T11:05:51
case_001915,acct_000602,2025-06-06T11:05:51
case_001915,acct_000527,2025-06-06T11:05:51
case_001916,acct_000439,2025-07-11T12:49:59
case_001916,acct_000346,2025-07-11T12:49:59
case_001916,acct_000621,2025-07-11T12:49:59
case_001916,acct_000650,2025-07-11T12:49:59
case_001916,acct_000550,2025-07-11T12:49:59
case_001917,acct_000510,2025-08-06T12:34:43
case_001917,acct_000527,2025-08-06T12:34:43
case_001917,acct_000516,2025-08-06T12:34:43
case_001917,acct_000616,2025-08-06T12:34:43
case_001917,acct_018503,2025-08-06T12:34:43
case_001918,acct_000341,2025-05-13T10:46:22
case_001918,acct_000301,2025-05-13T10:46:22
case_001918,acct_000485,2025-05-13T10:46:22
case_001918,acct_000366,2025-05-13T10:46:22
case_001918,acct_000494,2025-05-13T10:46:22
case_001919,acct_000257,2025-04-21T14:08:38
case_001919,acct_000248,2025-04-21T14:08:38
case_001919,acct_000456,2025-04-21T14:08:38
case_001919,acct_000525,2025-04-21T14:08:38
case_001919,acct_000547,2025-04-21T14:08:38
case_001920,acct_000579,2025-05-09T16:31:12
case_001920,acct_000299,2025-05-09T16:31:12
case_001920,acct_000319,2025-05-09T16:31:12
case_001920,acct_000243,2025-05-09T16:31:12
case_001920,acct_000460,2025-05-09T16:31:12
case_001920,acct_021339,2025-05-09T16:31:12
case_001921,acct_000608,2025-11-10T18:41:46
case_001921,acct_000607,2025-11-10T18:41:46
case_001921,acct_000295,2025-11-10T18:41:46
case_001921,acct_000462,2025-11-10T18:41:46
case_001921,acct_000482,2025-11-10T18:41:46
case_001922,acct_000568,2025-03-10T18:44:57
case_001922,acct_000594,2025-03-10T18:44:57
case_001922,acct_000444,2025-03-10T18:44:57
case_001922,acct_000375,2025-03-10T18:44:57
case_001922,acct_004332,2025-03-10T18:44:57
case_001923,acct_000453,2025-11-17T15:02:54
case_001923,acct_000241,2025-11-17T15:02:54
case_001923,acct_000555,2025-11-17T15:02:54
case_001923,acct_000399,2025-11-17T15:02:54
case_001923,acct_000250,2025-11-17T15:02:54
case_001924,acct_000374,2025-07-31T14:54:40
case_001924,acct_000312,2025-07-31T14:54:40
case_001924,acct_000458,2025-07-31T14:54:40
case_001924,acct_000657,2025-07-31T14:54:40
case_001924,acct_000631,2025-07-31T14:54:40
case_001924,acct_000507,2025-07-31T14:54:40
case_001925,acct_000538,2025-09-10T10:30:11
case_001925,acct_000497,2025-09-10T10:30:11
case_001925,acct_000643,2025-09-10T10:30:11
case_001925,acct_020117,2025-09-10T10:30:11
case_001926,acct_000236,2025-08-04T14:43:38
case_001926,acct_000312,2025-08-04T14:43:38
case_001926,acct_000340,2025-08-04T14:43:38
case_001926,acct_000511,2025-08-04T14:43:38
case_001926,acct_018082,2025-08-04T14:43:38
case_001927,acct_000642,2025-04-07T15:29:36
case_001927,acct_000465,2025-04-07T15:29:36
case_001927,acct_000626,2025-04-07T15:29:36
case_001928,acct_000343,2025-03-25T17:26:05
case_001928,acct_000519,2025-03-25T17:26:05
case_001928,acct_000295,2025-03-25T17:26:05
case_001928,acct_000537,2025-03-25T17:26:05
case_001928,acct_000260,2025-03-25T17:26:05
case_001928,acct_000246,2025-03-25T17:26:05
case_001928,acct_009808,2025-03-25T17:26:05
case_001929,acct_000365,2025-10-27T11:52:18
case_001929,acct_000281,2025-10-27T11:52:18
case_001929,acct_000321,2025-10-27T11:52:18
case_001929,acct_000387,2025-10-27T11:52:18
case_001929,acct_000410,2025-10-27T11:52:18
case_001929,acct_005079,2025-10-27T11:52:18
case_001930,acct_000301,2025-08-11T12:40:22
case_001930,acct_000305,2025-08-11T12:40:22
case_001930,acct_000223,2025-08-11T12:40:22
case_001930,acct_000428,2025-08-11T12:40:22
case_001930,acct_000469,2025-08-11T12:40:22
case_001930,acct_000233,2025-08-11T12:40:22
case_001931,acct_000223,2025-09-22T14:30:58
case_001931,acct_000425,2025-09-22T14:30:58
case_001931,acct_000442,2025-09-22T14:30:58
case_001931,acct_000359,2025-09-22T14:30:58
case_001931,acct_000343,2025-09-22T14:30:58
case_001932,acct_000234,2025-01-28T15:40:15
case_001932,acct_000470,2025-01-28T15:40:15
case_001932,acct_000622,2025-01-28T15:40:15
case_001932,acct_000258,2025-01-28T15:40:15
case_001932,acct_000473,2025-01-28T15:40:15
case_001932,acct_000331,2025-01-28T15:40:15
case_001932,acct_019835,2025-01-28T15:40:15
case_001933,acct_000585,2025-04-08T17:51:01
case_001933,acct_000652,2025-04-08T17:51:01
case_001933,acct_000591,2025-04-08T17:51:01
case_001933,acct_000577,2025-04-08T17:51:01
case_001933,acct_000501,2025-04-08T17:51:01
case_001934,acct_000444,2025-01-27T18:56:34
case_001934,acct_000313,2025-01-27T18:56:34
case_001934,acct_000474,2025-01-27T18:56:34
case_001934,acct_000494,2025-01-27T18:56:34
case_001934,acct_005601,2025-01-27T18:56:34
case_001935,acct_000616,2025-01-29T09:49:39
case_001935,acct_000652,2025-01-29T09:49:39
case_001935,acct_000256,2025-01-29T09:49:39
case_001936,acct_000404,2025-07-17T14:21:27
case_001936,acct_000441,2025-07-17T14:21:27
case_001936,acct_000267,2025-07-17T14:21:27
case_001936,acct_000579,2025-07-17T14:21:27
case_001936,acct_000349,2025-07-17T14:21:27
case_001937,acct_000417,2025-09-08T12:12:52
case_001937,acct_000229,2025-09-08T12:12:52
case_001937,acct_000298,2025-09-08T12:12:52
case_001937,acct_000346,2025-09-08T12:12:52
case_001938,acct_000576,2025-05-02T11:53:21
case_001938,acct_000525,2025-05-02T11:53:21
case_001938,acct_000516,2025-05-02T11:53:21
case_001938,acct_000313,2025-05-02T11:53:21
case_001939,acct_000412,2025-01-30T11:21:18
case_001939,acct_000245,2025-01-30T11:21:18
case_001939,acct_000651,2025-01-30T11:21:18
case_001939,acct_000228,2025-01-30T11:21:18
case_001940,acct_000362,2025-01-21T16:12:36
case_001940,acct_000223,2025-01-21T16:12:36
case_001940,acct_000405,2025-01-21T16:12:36
case_001940,acct_000325,2025-01-21T16:12:36
case_001940,acct_000611,2025-01-21T16:12:36
case_001940,acct_000565,2025-01-21T16:12:36
case_001940,acct_017253,2025-01-21T16:12:36
case_001941,acct_000426,2025-12-23T13:34:44
case_001941,acct_000491,2025-12-23T13:34:44
case_001941,acct_000273,2025-12-23T13:34:44
case_001941,acct_000506,2025-12-23T13:34:44
case_001941,acct_000419,2025-12-23T13:34:44
case_001942,acct_000315,2025-01-08T12:48:22
case_001942,acct_000638,2025-01-08T12:48:22
case_001942,acct_000501,2025-01-08T12:48:22
case_001942,acct_000622,2025-01-08T12:48:22
case_001942,acct_008137,2025-01-08T12:48:22
case_001943,acct_000541,2025-02-27T15:18:29
case_001943,acct_000240,2025-02-27T15:18:29
case_001943,acct_000299,2025-02-27T15:18:29
case_001943,acct_000303,2025-02-27T15:18:29
case_001943,acct_000591,2025-02-27T15:18:29
case_001943,acct_000394,2025-02-27T15:18:29
case_001944,acct_000267,2025-02-25T11:00:37
case_001944,acct_000571,2025-02-25T11:00:37
case_001944,acct_000393,2025-02-25T11:00:37
case_001944,acct_014504,2025-02-25T11:00:37
case_001945,acct_000361,2025-10-12T10:51:17
case_001945,acct_000456,2025-10-12T10:51:17
case_001945,acct_000267,2025-10-12T10:51:17
case_001945,acct_000562,2025-10-12T10:51:17
case_001945,acct_002503,2025-10-12T10:51:17
case_001946,acct_000300,2025-12-16T11:00:02
case_001946,acct_000376,2025-12-16T11:00:02
case_001946,acct_000340,2025-12-16T11:00:02
case_001946,acct_017605,2025-12-16T11:00:02
case_001947,acct_000402,2025-09-24T18:38:08
case_001947,acct_000655,2025-09-24T18:38:08
case_001947,acct_000357,2025-09-24T18:38:08
case_001947,acct_000517,2025-09-24T18:38:08
case_001947,acct_000496,2025-09-24T18:38:08
case_001947,acct_000535,2025-09-24T18:38:08
case_001947,acct_001345,2025-09-24T18:38:08
case_001948,acct_000226,2025-01-27T09:47:45
case_001948,acct_000647,2025-01-27T09:47:45
case_001948,acct_000335,2025-01-27T09:47:45
case_001948,acct_000345,2025-01-27T09:47:45
case_001949,acct_000560,2025-04-07T15:13:34
case_001949,acct_000660,2025-04-07T15:13:34
case_001949,acct_000396,2025-04-07T15:13:34
case_001949,acct_002205,2025-04-07T15:13:34
case_001950,acct_000627,2025-02-17T12:05:52
case_001950,acct_000259,2025-02-17T12:05:52
case_001950,acct_000586,2025-02-17T12:05:52
case_001950,acct_000590,2025-02-17T12:05:52
case_001950,acct_021079,2025-02-17T12:05:52
case_001951,acct_000249,2025-01-20T12:16:10
case_001951,acct_000631,2025-01-20T12:16:10
case_001951,acct_000650,2025-01-20T12:16:10
case_001951,acct_000440,2025-01-20T12:16:10
case_001952,acct_000580,2025-08-04T13:50:57
case_001952,acct_000650,2025-08-04T13:50:57
case_001952,acct_000419,2025-08-04T13:50:57
case_001953,acct_000407,2025-05-26T18:07:47
case_001953,acct_000341,2025-05-26T18:07:47
case_001953,acct_000393,2025-05-26T18:07:47
case_001954,acct_000332,2025-07-17T12:42:21
case_001954,acct_000241,2025-07-17T12:42:21
case_001954,acct_000612,2025-07-17T12:42:21
case_001954,acct_010701,2025-07-17T12:42:21
case_001955,acct_000450,2025-06-25T09:00:59
case_001955,acct_000237,2025-06-25T09:00:59
case_001955,acct_000386,2025-06-25T09:00:59
case_001955,acct_000466,2025-06-25T09:00:59
case_001955,acct_000269,2025-06-25T09:00:59
case_001955,acct_000458,2025-06-25T09:00:59
case_001955,acct_002827,2025-06-25T09:00:59
case_001956,acct_000400,2025-08-22T18:30:33
case_001956,acct_000566,2025-08-22T18:30:33
case_001956,acct_000453,2025-08-22T18:30:33
case_001956,acct_000341,2025-08-22T18:30:33
case_001956,acct_012489,2025-08-22T18:30:33
case_001957,acct_000314,2025-01-23T13:41:36
case_001957,acct_000274,2025-01-23T13:41:36
case_001957,acct_000540,2025-01-23T13:41:36
case_001958,acct_000335,2025-11-17T16:58:17
case_001958,acct_000634,2025-11-17T16:58:17
case_001958,acct_000513,2025-11-17T16:58:17
case_001958,acct_003815,2025-11-17T16:58:17
case_001959,acct_000454,2025-01-27T13:57:00
case_001959,acct_000284,2025-01-27T13:57:00
case_001959,acct_000398,2025-01-27T13:57:00
case_001960,acct_000413,2025-12-23T11:31:16
case_001960,acct_000628,2025-12-23T11:31:16
case_001960,acct_000627,2025-12-23T11:31:16
case_001960,acct_000348,2025-12-23T11:31:16
case_001960,acct_000649,2025-12-23T11:31:16
case_001960,acct_000364,2025-12-23T11:31:16
case_001961,acct_000441,2025-11-03T09:57:51
case_001961,acct_000304,2025-11-03T09:57:51
case_001961,acct_000609,2025-11-03T09:57:51
case_001961,acct_005080,2025-11-03T09:57:51
case_001962,acct_000413,2025-06-09T10:41:59
case_001962,acct_000394,2025-06-09T10:41:59
case_001962,acct_000422,2025-06-09T10:41:59
case_001962,acct_000237,2025-06-09T10:41:59
case_001963,acct_000401,2025-03-24T13:52:36
case_001963,acct_000422,2025-03-24T13:52:36
case_001963,acct_000625,2025-03-24T13:52:36
case_001963,acct_000243,2025-03-24T13:52:36
case_001963,acct_000567,2025-03-24T13:52:36
case_001963,acct_000408,2025-03-24T13:52:36
case_001964,acct_000347,2025-02-03T11:06:50
case_001964,acct_000431,2025-02-03T11:06:50
case_001964,acct_000571,2025-02-03T11:06:50
case_001964,acct_000295,2025-02-03T11:06:50
case_001964,acct_000423,2025-02-03T11:06:50
case_001964,acct_012600,2025-02-03T11:06:50
case_001965,acct_000649,2025-12-11T09:30:03
case_001965,acct_000488,2025-12-11T09:30:03
case_001965,acct_000245,2025-12-11T09:30:03
case_001965,acct_000636,2025-12-11T09:30:03
case_001965,acct_000261,2025-12-11T09:30:03
case_001965,acct_000538,2025-12-11T09:30:03
case_001965,acct_003525,2025-12-11T09:30:03
case_001966,acct_000408,2025-06-16T12:13:08
case_001966,acct_000609,2025-06-16T12:13:08
case_001966,acct_000627,2025-06-16T12:13:08
case_001966,acct_000660,2025-06-16T12:13:08
case_001966,acct_000625,2025-06-16T12:13:08
case_001966,acct_000630,2025-06-16T12:13:08
case_001966,acct_014099,2025-06-16T12:13:08
case_001967,acct_000657,2025-04-24T12:30:28
case_001967,acct_000503,2025-04-24T12:30:28
case_001967,acct_000319,2025-04-24T12:30:28
case_001967,acct_000438,2025-04-24T12:30:28
case_001968,acct_000430,2025-11-17T17:57:54
case_001968,acct_000420,2025-11-17T17:57:54
case_001968,acct_000489,2025-11-17T17:57:54
case_001968,acct_000655,2025-11-17T17:57:54
case_001968,acct_019373,2025-11-17T17:57:54
case_001969,acct_000547,2025-11-03T11:24:17
case_001969,acct_000633,2025-11-03T11:24:17
case_001969,acct_000590,2025-11-03T11:24:17
case_001969,acct_000549,2025-11-03T11:24:17
case_001969,acct_000525,2025-11-03T11:24:17
case_001969,acct_000416,2025-11-03T11:24:17
case_001969,acct_021194,2025-11-03T11:24:17
case_001970,acct_000598,2025-05-21T16:23:41
case_001970,acct_000264,2025-05-21T16:23:41
case_001970,acct_000496,2025-05-21T16:23:41
case_001971,acct_000434,2025-09-03T13:20:09
case_001971,acct_000629,2025-09-03T13:20:09
case_001971,acct_000323,2025-09-03T13:20:09
case_001971,acct_000529,2025-09-03T13:20:09
case_001971,acct_000620,2025-09-03T13:20:09
case_001972,acct_000322,2025-06-19T11:24:06
case_001972,acct_000226,2025-06-19T11:24:06
case_001972,acct_000504,2025-06-19T11:24:06
case_001973,acct_000308,2025-05-21T16:54:41
case_001973,acct_000645,2025-05-21T16:54:41
case_001973,acct_000371,2025-05-21T16:54:41
case_001973,acct_000254,2025-05-21T16:54:41
case_001973,acct_000513,2025-05-21T16:54:41
case_001974,acct_000583,2025-05-07T14:03:38
case_001974,acct_000278,2025-05-07T14:03:38
case_001974,acct_000298,2025-05-07T14:03:38
case_001974,acct_000572,2025-05-07T14:03:38
case_001974,acct_000237,2025-05-07T14:03:38
case_001974,acct_007639,2025-05-07T14:03:38
case_001975,acct_000238,2025-12-08T16:00:02
case_001975,acct_000259,2025-12-08T16:00:02
case_001975,acct_000592,2025-12-08T16:00:02
case_001975,acct_000536,2025-12-08T16:00:02
case_001975,acct_000493,2025-12-08T16:00:02
case_001975,acct_002293,2025-12-08T16:00:02
case_001976,acct_000366,2025-12-01T10:53:10
case_001976,acct_000280,2025-12-01T10:53:10
case_001976,acct_000650,2025-12-01T10:53:10
case_001976,acct_000233,2025-12-01T10:53:10
case_001976,acct_000370,2025-12-01T10:53:10
case_001976,acct_000418,2025-12-01T10:53:10
case_001977,acct_000590,2025-02-03T09:38:11
case_001977,acct_000275,2025-02-03T09:38:11
case_001977,acct_000435,2025-02-03T09:38:11
case_001977,acct_000342,2025-02-03T09:38:11
case_001977,acct_000448,2025-02-03T09:38:11
case_001977,acct_000382,2025-02-03T09:38:11
case_001978,acct_000256,2025-12-27T13:21:17
case_001978,acct_000442,2025-12-27T13:21:17
case_001978,acct_000377,2025-12-27T13:21:17
case_001978,acct_000362,2025-12-27T13:21:17
case_001978,acct_000483,2025-12-27T13:21:17
case_001978,acct_020599,2025-12-27T13:21:17
case_001979,acct_000264,2025-04-14T16:01:31
case_001979,acct_000310,2025-04-14T16:01:31
case_001979,acct_000503,2025-04-14T16:01:31
case_001979,acct_000270,2025-04-14T16:01:31
case_001980,acct_000508,2025-12-08T14:20:48
case_001980,acct_000561,2025-12-08T14:20:48
case_001980,acct_000433,2025-12-08T14:20:48
case_001980,acct_019772,2025-12-08T14:20:48
case_001981,acct_000243,2025-12-08T17:16:56
case_001981,acct_000500,2025-12-08T17:16:56
case_001981,acct_000469,2025-12-08T17:16:56
case_001981,acct_000310,2025-12-08T17:16:56
case_001981,acct_000482,2025-12-08T17:16:56
case_001981,acct_000491,2025-12-08T17:16:56
case_001981,acct_004728,2025-12-08T17:16:56
case_001982,acct_000634,2025-02-04T14:11:25
case_001982,acct_000409,2025-02-04T14:11:25
case_001982,acct_000589,2025-02-04T14:11:25
case_001982,acct_000294,2025-02-04T14:11:25
case_001982,acct_000530,2025-02-04T14:11:25
case_001983,acct_000229,2025-02-19T16:05:42
case_001983,acct_000657,2025-02-19T16:05:42
case_001983,acct_000378,2025-02-19T16:05:42
case_001983,acct_000659,2025-02-19T16:05:42
case_001983,acct_000413,2025-02-19T16:05:42
case_001983,acct_000428,2025-02-19T16:05:42
case_001984,acct_000391,2025-11-18T17:53:15
case_001984,acct_000268,2025-11-18T17:53:15
case_001984,acct_000383,2025-11-18T17:53:15
case_001984,acct_000513,2025-11-18T17:53:15
case_001984,acct_000262,2025-11-18T17:53:15
case_001984,acct_000518,2025-11-18T17:53:15
case_001985,acct_000313,2025-08-11T17:55:12
case_001985,acct_000541,2025-08-11T17:55:12
case_001985,acct_000305,2025-08-11T17:55:12
case_001986,acct_000610,2025-03-11T14:54:13
case_001986,acct_000298,2025-03-11T14:54:13
case_001986,acct_000394,2025-03-11T14:54:13
case_001986,acct_000570,2025-03-11T14:54:13
case_001986,acct_000438,2025-03-11T14:54:13
case_001986,acct_000285,2025-03-11T14:54:13
case_001986,acct_010290,2025-03-11T14:54:13
case_001987,acct_000635,2025-06-26T15:14:44
case_001987,acct_000372,2025-06-26T15:14:44
case_001987,acct_000552,2025-06-26T15:14:44
case_001987,acct_000250,2025-06-26T15:14:44
case_001987,acct_000499,2025-06-26T15:14:44
case_001987,acct_000426,2025-06-26T15:14:44
case_001988,acct_000228,2025-11-17T12:46:55
case_001988,acct_000395,2025-11-17T12:46:55
case_001988,acct_000266,2025-11-17T12:46:55
case_001988,acct_000256,2025-11-17T12:46:55
case_001988,acct_000411,2025-11-17T12:46:55
case_001989,acct_000443,2025-07-15T13:32:03
case_001989,acct_000657,2025-07-15T13:32:03
case_001989,acct_000579,2025-07-15T13:32:03
case_001989,acct_000273,2025-07-15T13:32:03
case_001990,acct_000312,2025-10-20T09:40:05
case_001990,acct_000368,2025-10-20T09:40:05
case_001990,acct_000281,2025-10-20T09:40:05
case_001990,acct_000344,2025-10-20T09:40:05
case_001991,acct_000338,2025-12-07T14:49:02
case_001991,acct_000285,2025-12-07T14:49:02
case_001991,acct_000567,2025-12-07T14:49:02
case_001991,acct_000568,2025-12-07T14:49:02
case_001991,acct_000618,2025-12-07T14:49:02
case_001991,acct_020322,2025-12-07T14:49:02
case_001992,acct_000513,2025-03-25T16:57:38
case_001992,acct_000428,2025-03-25T16:57:38
case_001992,acct_000613,2025-03-25T16:57:38
case_001992,acct_000580,2025-03-25T16:57:38
case_001992,acct_000595,2025-03-25T16:57:38
case_001992,acct_000347,2025-03-25T16:57:38
case_001992,acct_004739,2025-03-25T16:57:38
case_001993,acct_000397,2025-01-20T18:40:34
case_001993,acct_000237,2025-01-20T18:40:34
case_001993,acct_000301,2025-01-20T18:40:34
case_001993,acct_000431,2025-01-20T18:40:34
case_001993,acct_000264,2025-01-20T18:40:34
case_001993,acct_003173,2025-01-20T18:40:34
case_001994,acct_000318,2025-01-30T18:45:25
case_001994,acct_000361,2025-01-30T18:45:25
case_001994,acct_000342,2025-01-30T18:45:25
case_001994,acct_000312,2025-01-30T18:45:25
case_001994,acct_000623,2025-01-30T18:45:25
case_001995,acct_000346,2025-03-03T10:18:32
case_001995,acct_000349,2025-03-03T10:18:32
case_001995,acct_000418,2025-03-03T10:18:32
case_001995,acct_020134,2025-03-03T10:18:32
case_001996,acct_000375,2025-02-07T17:24:16
case_001996,acct_000555,2025-02-07T17:24:16
case_001996,acct_000470,2025-02-07T17:24:16
case_001996,acct_000560,2025-02-07T17:24:16
case_001996,acct_000335,2025-02-07T17:24:16
case_001996,acct_000362,2025-02-07T17:24:16
case_001997,acct_000421,2025-07-07T12:13:55
case_001997,acct_000467,2025-07-07T12:13:55
case_001997,acct_000347,2025-07-07T12:13:55
case_001997,acct_000471,2025-07-07T12:13:55
case_001997,acct_000523,2025-07-07T12:13:55
case_001997,acct_000293,2025-07-07T12:13:55
case_001997,acct_017427,2025-07-07T12:13:55
case_001998,acct_000631,2025-05-22T09:13:26
case_001998,acct_000580,2025-05-22T09:13:26
case_001998,acct_000306,2025-05-22T09:13:26
case_001998,acct_000532,2025-05-22T09:13:26
case_001999,acct_000656,2025-11-26T17:54:18
case_001999,acct_000613,2025-11-26T17:54:18
case_001999,acct_000434,2025-11-26T17:54:18
case_001999,acct_000400,2025-11-26T17:54:18
case_001999,acct_000504,2025-11-26T17:54:18
case_001999,acct_019320,2025-11-26T17:54:18
case_002000,acct_000481,2025-07-14T12:50:37
case_002000,acct_000363,2025-07-14T12:50:37
case_002000,acct_000506,2025-07-14T12:50:37
case_002000,acct_000311,2025-07-14T12:50:37
case_002000,acct_000609,2025-07-14T12:50:37
case_002000,acct_000299,2025-07-14T12:50:37
case_002001,acct_000652,2025-11-14T17:32:49
case_002001,acct_000404,2025-11-14T17:32:49
case_002001,acct_000405,2025-11-14T17:32:49
case_002001,acct_016107,2025-11-14T17:32:49
case_002002,acct_000504,2025-07-10T17:26:26
case_002002,acct_000628,2025-07-10T17:26:26
case_002002,acct_000248,2025-07-10T17:26:26
case_002002,acct_000528,2025-07-10T17:26:26
case_002002,acct_000353,2025-07-10T17:26:26
case_002003,acct_000644,2025-07-14T11:12:00
case_002003,acct_000465,2025-07-14T11:12:00
case_002003,acct_000584,2025-07-14T11:12:00
case_002003,acct_000291,2025-07-14T11:12:00
case_002004,acct_000523,2025-04-21T15:58:34
case_002004,acct_000440,2025-04-21T15:58:34
case_002004,acct_000606,2025-04-21T15:58:34
case_002004,acct_000452,2025-04-21T15:58:34
case_002004,acct_008507,2025-04-21T15:58:34
case_002005,acct_000488,2025-02-07T09:42:29
case_002005,acct_000396,2025-02-07T09:42:29
case_002005,acct_000620,2025-02-07T09:42:29
case_002005,acct_000405,2025-02-07T09:42:29
case_002005,acct_000362,2025-02-07T09:42:29
case_002005,acct_000845,2025-02-07T09:42:29
case_002006,acct_000639,2025-01-22T11:28:22
case_002006,acct_000373,2025-01-22T11:28:22
case_002006,acct_000437,2025-01-22T11:28:22
case_002006,acct_000451,2025-01-22T11:28:22
case_002006,acct_000624,2025-01-22T11:28:22
case_002007,acct_000481,2025-07-17T14:10:09
case_002007,acct_000576,2025-07-17T14:10:09
case_002007,acct_000424,2025-07-17T14:10:09
case_002007,acct_000237,2025-07-17T14:10:09
case_002008,acct_000415,2025-04-17T10:56:53
case_002008,acct_000437,2025-04-17T10:56:53
case_002008,acct_000559,2025-04-17T10:56:53
case_002008,acct_000537,2025-04-17T10:56:53
case_002008,acct_000347,2025-04-17T10:56:53
case_002008,acct_003321,2025-04-17T10:56:53
case_002009,acct_000429,2025-12-08T17:32:34
case_002009,acct_000601,2025-12-08T17:32:34
case_002009,acct_000261,2025-12-08T17:32:34
case_002009,acct_000376,2025-12-08T17:32:34
case_002009,acct_000262,2025-12-08T17:32:34
case_002009,acct_000537,2025-12-08T17:32:34
case_002010,acct_000647,2025-12-15T18:26:48
case_002010,acct_000445,2025-12-15T18:26:48
case_002010,acct_000349,2025-12-15T18:26:48
case_002010,acct_000607,2025-12-15T18:26:48
case_002010,acct_000304,2025-12-15T18:26:48
case_002010,acct_000583,2025-12-15T18:26:48
case_002010,acct_015854,2025-12-15T18:26:48
case_002011,acct_000599,2025-09-29T14:57:19
case_002011,acct_000566,2025-09-29T14:57:19
case_002011,acct_000516,2025-09-29T14:57:19
case_002011,acct_000593,2025-09-29T14:57:19
case_002011,acct_000272,2025-09-29T14:57:19
case_002011,acct_014406,2025-09-29T14:57:19
case_002012,acct_000583,2025-12-03T17:04:02
case_002012,acct_000422,2025-12-03T17:04:02
case_002012,acct_000511,2025-12-03T17:04:02
case_002013,acct_000314,2025-06-23T18:47:51
case_002013,acct_000563,2025-06-23T18:47:51
case_002013,acct_000619,2025-06-23T18:47:51
case_002013,acct_000403,2025-06-23T18:47:51
case_002013,acct_000605,2025-06-23T18:47:51
case_002013,acct_000363,2025-06-23T18:47:51
case_002014,acct_000597,2025-12-08T12:16:16
case_002014,acct_000322,2025-12-08T12:16:16
case_002014,acct_000277,2025-12-08T12:16:16
case_002014,acct_000390,2025-12-08T12:16:16
case_002014,acct_000558,2025-12-08T12:16:16
case_002014,acct_000245,2025-12-08T12:16:16
case_002014,acct_007726,2025-12-08T12:16:16
case_002015,acct_000649,2025-12-30T11:09:47
case_002015,acct_000283,2025-12-30T11:09:47
case_002015,acct_000556,2025-12-30T11:09:47
case_002015,acct_000358,2025-12-30T11:09:47
case_002015,acct_000593,2025-12-30T11:09:47
case_002015,acct_003222,2025-12-30T11:09:47
case_002016,acct_000324,2025-01-01T16:08:50
case_002016,acct_000249,2025-01-01T16:08:50
case_002016,acct_000442,2025-01-01T16:08:50
case_002016,acct_019844,2025-01-01T16:08:50
case_002017,acct_000590,2025-03-03T13:17:29
case_002017,acct_000625,2025-03-03T13:17:29
case_002017,acct_000580,2025-03-03T13:17:29
case_002017,acct_000514,2025-03-03T13:17:29
case_002017,acct_000327,2025-03-03T13:17:29
case_002018,acct_000385,2025-11-24T12:54:30
case_002018,acct_000646,2025-11-24T12:54:30
case_002018,acct_000383,2025-11-24T12:54:30
case_002018,acct_000508,2025-11-24T12:54:30
case_002018,acct_000363,2025-11-24T12:54:30
case_002018,acct_000496,2025-11-24T12:54:30
case_002019,acct_000231,2025-05-28T16:15:11
case_002019,acct_000364,2025-05-28T16:15:11
case_002019,acct_000511,2025-05-28T16:15:11
case_002019,acct_000366,2025-05-28T16:15:11
case_002019,acct_002321,2025-05-28T16:15:11
case_002020,acct_000223,2025-06-30T12:23:58
case_002020,acct_000611,2025-06-30T12:23:58
case_002020,acct_000250,2025-06-30T12:23:58
case_002020,acct_000449,2025-06-30T12:23:58
case_002020,acct_000406,2025-06-30T12:23:58
case_002020,acct_000322,2025-06-30T12:23:58
case_002020,acct_009344,2025-06-30T12:23:58
case_002021,acct_000350,2025-04-14T14:56:54
case_002021,acct_000650,2025-04-14T14:56:54
case_002021,acct_000624,2025-04-14T14:56:54
case_002021,acct_000640,2025-04-14T14:56:54
case_002021,acct_000323,2025-04-14T14:56:54
case_002021,acct_017248,2025-04-14T14:56:54
case_002022,acct_000450,2025-12-29T10:05:40
case_002022,acct_000264,2025-12-29T10:05:40
case_002022,acct_000467,2025-12-29T10:05:40
case_002022,acct_000612,2025-12-29T10:05:40
case_002022,acct_000566,2025-12-29T10:05:40
case_002023,acct_001825,2025-11-06T22:53:07
case_002023,acct_001809,2025-11-06T22:53:07
case_002023,acct_001911,2025-11-06T22:53:07
case_002023,acct_001806,2025-11-06T22:53:07
case_002023,acct_002043,2025-11-06T22:53:07
case_002023,acct_001864,2025-11-06T22:53:07
case_002023,acct_001492,2025-11-06T22:53:07
case_002023,acct_001645,2025-11-06T22:53:07
case_002023,acct_001992,2025-11-06T22:53:07
case_002023,acct_001693,2025-11-06T22:53:07
case_002023,acct_001950,2025-11-06T22:53:07
case_002023,acct_001760,2025-11-06T22:53:07
case_002024,acct_001472,2025-02-05T05:18:24
case_002024,acct_001917,2025-02-05T05:18:24
case_002024,acct_001987,2025-02-05T05:18:24
case_002024,acct_001724,2025-02-05T05:18:24
case_002024,acct_001552,2025-02-05T05:18:24
case_002024,acct_001791,2025-02-05T05:18:24
case_002024,acct_001945,2025-02-05T05:18:24
case_002024,acct_001932,2025-02-05T05:18:24
case_002024,acct_001442,2025-02-05T05:18:24
case_002025,acct_001981,2025-10-16T05:47:25
case_002025,acct_001773,2025-10-16T05:47:25
case_002025,acct_001950,2025-10-16T05:47:25
case_002025,acct_001870,2025-10-16T05:47:25
case_002025,acct_001932,2025-10-16T05:47:25
case_002025,acct_001660,2025-10-16T05:47:25
case_002026,acct_001812,2025-07-08T08:47:06
case_002026,acct_001894,2025-07-08T08:47:06
case_002026,acct_002038,2025-07-08T08:47:06
case_002026,acct_001566,2025-07-08T08:47:06
case_002026,acct_001559,2025-07-08T08:47:06
case_002026,acct_001439,2025-07-08T08:47:06
case_002026,acct_001604,2025-07-08T08:47:06
case_002026,acct_002058,2025-07-08T08:47:06
case_002026,acct_001480,2025-07-08T08:47:06
case_002026,acct_001733,2025-07-08T08:47:06
case_002027,acct_002066,2025-09-20T17:27:19
case_002027,acct_001835,2025-09-20T17:27:19
case_002027,acct_001756,2025-09-20T17:27:19
case_002027,acct_002073,2025-09-20T17:27:19
case_002027,acct_001931,2025-09-20T17:27:19
case_002027,acct_001697,2025-09-20T17:27:19
case_002028,acct_001536,2025-04-01T23:59:33
case_002028,acct_001502,2025-04-01T23:59:33
case_002028,acct_001990,2025-04-01T23:59:33
case_002028,acct_001678,2025-04-01T23:59:33
case_002028,acct_001741,2025-04-01T23:59:33
case_002028,acct_001519,2025-04-01T23:59:33
case_002028,acct_001812,2025-04-01T23:59:33
case_002028,acct_001544,2025-04-01T23:59:33
case_002028,acct_001839,2025-04-01T23:59:33
case_002029,acct_001549,2025-09-09T07:27:28
case_002029,acct_001746,2025-09-09T07:27:28
case_002029,acct_001986,2025-09-09T07:27:28
case_002029,acct_001895,2025-09-09T07:27:28
case_002029,acct_001506,2025-09-09T07:27:28
case_002029,acct_001853,2025-09-09T07:27:28
case_002029,acct_001555,2025-09-09T07:27:28
case_002029,acct_001731,2025-09-09T07:27:28
case_002029,acct_001459,2025-09-09T07:27:28
case_002029,acct_001942,2025-09-09T07:27:28
case_002030,acct_001699,2025-07-05T04:15:19
case_002030,acct_001448,2025-07-05T04:15:19
case_002030,acct_001791,2025-07-05T04:15:19
case_002030,acct_001908,2025-07-05T04:15:19
case_002030,acct_001899,2025-07-05T04:15:19
case_002030,acct_001556,2025-07-05T04:15:19
case_002030,acct_001859,2025-07-05T04:15:19
case_002030,acct_002068,2025-07-05T04:15:19
case_002030,acct_001907,2025-07-05T04:15:19
case_002031,acct_002060,2025-11-11T07:57:54
case_002031,acct_001572,2025-11-11T07:57:54
case_002031,acct_001628,2025-11-11T07:57:54
case_002031,acct_001935,2025-11-11T07:57:54
case_002031,acct_001577,2025-11-11T07:57:54
case_002031,acct_001647,2025-11-11T07:57:54
case_002031,acct_001432,2025-11-11T07:57:54
case_002031,acct_001498,2025-11-11T07:57:54
case_002031,acct_001979,2025-11-11T07:57:54
case_002031,acct_001525,2025-11-11T07:57:54
case_002031,acct_001471,2025-11-11T07:57:54
case_002032,acct_001665,2025-04-03T21:20:12
case_002032,acct_001879,2025-04-03T21:20:12
case_002032,acct_001930,2025-04-03T21:20:12
case_002032,acct_002033,2025-04-03T21:20:12
case_002032,acct_002086,2025-04-03T21:20:12
case_002032,acct_001610,2025-04-03T21:20:12
case_002032,acct_001512,2025-04-03T21:20:12
case_002032,acct_001682,2025-04-03T21:20:12
case_002032,acct_001894,2025-04-03T21:20:12
case_002033,acct_001979,2025-11-10T16:58:31
case_002033,acct_001504,2025-11-10T16:58:31
case_002033,acct_001806,2025-11-10T16:58:31
case_002033,acct_001668,2025-11-10T16:58:31
case_002033,acct_002006,2025-11-10T16:58:31
case_002033,acct_001789,2025-11-10T16:58:31
case_002033,acct_002089,2025-11-10T16:58:31
case_002033,acct_001599,2025-11-10T16:58:31
case_002033,acct_002074,2025-11-10T16:58:31
case_002033,acct_001564,2025-11-10T16:58:31
case_002034,acct_002011,2025-01-27T06:05:37
case_002034,acct_001560,2025-01-27T06:05:37
case_002034,acct_001497,2025-01-27T06:05:37
case_002034,acct_001488,2025-01-27T06:05:37
case_002034,acct_002027,2025-01-27T06:05:37
case_002034,acct_001526,2025-01-27T06:05:37
case_002034,acct_001841,2025-01-27T06:05:37
case_002035,acct_001941,2025-09-23T12:01:14
case_002035,acct_001519,2025-09-23T12:01:14
case_002035,acct_002024,2025-09-23T12:01:14
case_002035,acct_001830,2025-09-23T12:01:14
case_002035,acct_001914,2025-09-23T12:01:14
case_002035,acct_001515,2025-09-23T12:01:14
case_002035,acct_001893,2025-09-23T12:01:14
case_002035,acct_001955,2025-09-23T12:01:14
case_002035,acct_001645,2025-09-23T12:01:14
case_002035,acct_001800,2025-09-23T12:01:14
case_002035,acct_001735,2025-09-23T12:01:14
case_002036,acct_001780,2025-05-29T21:16:02
case_002036,acct_001541,2025-05-29T21:16:02
case_002036,acct_001994,2025-05-29T21:16:02
case_002036,acct_001662,2025-05-29T21:16:02
case_002036,acct_001838,2025-05-29T21:16:02
case_002036,acct_001787,2025-05-29T21:16:02
case_002037,acct_002028,2025-04-15T11:39:41
case_002037,acct_001927,2025-04-15T11:39:41
case_002037,acct_001604,2025-04-15T11:39:41
case_002037,acct_001464,2025-04-15T11:39:41
case_002037,acct_001686,2025-04-15T11:39:41
case_002037,acct_002083,2025-04-15T11:39:41
case_002037,acct_001783,2025-04-15T11:39:41
case_002038,acct_001601,2025-06-01T20:07:32
case_002038,acct_002056,2025-06-01T20:07:32
case_002038,acct_002007,2025-06-01T20:07:32
case_002038,acct_001883,2025-06-01T20:07:32
case_002038,acct_001557,2025-06-01T20:07:32
case_002038,acct_001499,2025-06-01T20:07:32
case_002038,acct_001899,2025-06-01T20:07:32
case_002038,acct_002052,2025-06-01T20:07:32
case_002038,acct_001985,2025-06-01T20:07:32
case_002039,acct_001916,2025-12-24T15:08:26
case_002039,acct_001878,2025-12-24T15:08:26
case_002039,acct_001784,2025-12-24T15:08:26
case_002039,acct_001606,2025-12-24T15:08:26
case_002039,acct_001978,2025-12-24T15:08:26
case_002039,acct_001815,2025-12-24T15:08:26
case_002039,acct_001972,2025-12-24T15:08:26
case_002039,acct_001816,2025-12-24T15:08:26
case_002040,acct_001920,2025-08-12T23:50:56
case_002040,acct_001633,2025-08-12T23:50:56
case_002040,acct_001891,2025-08-12T23:50:56
case_002040,acct_001940,2025-08-12T23:50:56
case_002040,acct_001514,2025-08-12T23:50:56
case_002040,acct_001730,2025-08-12T23:50:56
case_002040,acct_002069,2025-08-12T23:50:56
case_002040,acct_002074,2025-08-12T23:50:56
case_002041,acct_002079,2025-02-02T04:36:49
case_002041,acct_001750,2025-02-02T04:36:49
case_002041,acct_001538,2025-02-02T04:36:49
case_002041,acct_001766,2025-02-02T04:36:49
case_002041,acct_001979,2025-02-02T04:36:49
case_002041,acct_001707,2025-02-02T04:36:49
case_002042,acct_001829,2025-01-21T05:16:09
case_002042,acct_001850,2025-01-21T05:16:09
case_002042,acct_001547,2025-01-21T05:16:09
case_002042,acct_001818,2025-01-21T05:16:09
case_002042,acct_001951,2025-01-21T05:16:09
case_002042,acct_001638,2025-01-21T05:16:09
case_002042,acct_001527,2025-01-21T05:16:09
case_002042,acct_001647,2025-01-21T05:16:09
case_002042,acct_001723,2025-01-21T05:16:09
case_002042,acct_001897,2025-01-21T05:16:09
case_002042,acct_001438,2025-01-21T05:16:09
case_002043,acct_001729,2025-08-25T19:17:22
case_002043,acct_001694,2025-08-25T19:17:22
case_002043,acct_002061,2025-08-25T19:17:22
case_002043,acct_002087,2025-08-25T19:17:22
case_002043,acct_001510,2025-08-25T19:17:22
case_002043,acct_001940,2025-08-25T19:17:22
case_002043,acct_001444,2025-08-25T19:17:22
case_002043,acct_001913,2025-08-25T19:17:22
case_002044,acct_001860,2025-12-06T18:04:08
case_002044,acct_001799,2025-12-06T18:04:08
case_002044,acct_001446,2025-12-06T18:04:08
case_002044,acct_002062,2025-12-06T18:04:08
case_002044,acct_001693,2025-12-06T18:04:08
case_002044,acct_001902,2025-12-06T18:04:08
case_002045,acct_001479,2025-07-23T07:24:23
case_002045,acct_001847,2025-07-23T07:24:23
case_002045,acct_001477,2025-07-23T07:24:23
case_002045,acct_001860,2025-07-23T07:24:23
case_002045,acct_001527,2025-07-23T07:24:23
case_002045,acct_001471,2025-07-23T07:24:23
case_002046,acct_001791,2025-04-13T09:23:04
case_002046,acct_002070,2025-04-13T09:23:04
case_002046,acct_002080,2025-04-13T09:23:04
case_002046,acct_001944,2025-04-13T09:23:04
case_002046,acct_001745,2025-04-13T09:23:04
case_002046,acct_002002,2025-04-13T09:23:04
case_002046,acct_001732,2025-04-13T09:23:04
case_002047,acct_002060,2025-05-23T15:58:11
case_002047,acct_001848,2025-05-23T15:58:11
case_002047,acct_002079,2025-05-23T15:58:11
case_002047,acct_001867,2025-05-23T15:58:11
case_002047,acct_001729,2025-05-23T15:58:11
case_002047,acct_002082,2025-05-23T15:58:11
case_002047,acct_001701,2025-05-23T15:58:11
case_002047,acct_001493,2025-05-23T15:58:11
case_002047,acct_001670,2025-05-23T15:58:11
case_002047,acct_001523,2025-05-23T15:58:11
case_002047,acct_001715,2025-05-23T15:58:11
case_002048,acct_001516,2025-11-04T16:59:59
case_002048,acct_001899,2025-11-04T16:59:59
case_002048,acct_001812,2025-11-04T16:59:59
case_002048,acct_001569,2025-11-04T16:59:59
case_002048,acct_002087,2025-11-04T16:59:59
case_002048,acct_001869,2025-11-04T16:59:59
case_002048,acct_001533,2025-11-04T16:59:59
case_002049,acct_001917,2025-01-02T05:24:08
case_002049,acct_001619,2025-01-02T05:24:08
case_002049,acct_001721,2025-01-02T05:24:08
case_002049,acct_001914,2025-01-02T05:24:08
case_002049,acct_001944,2025-01-02T05:24:08
case_002049,acct_001590,2025-01-02T05:24:08
case_002050,acct_001513,2025-05-03T09:46:41
case_002050,acct_001662,2025-05-03T09:46:41
case_002050,acct_002059,2025-05-03T09:46:41
case_002050,acct_001479,2025-05-03T09:46:41
case_002050,acct_001600,2025-05-03T09:46:41
case_002050,acct_002025,2025-05-03T09:46:41
case_002050,acct_001747,2025-05-03T09:46:41
case_002050,acct_001447,2025-05-03T09:46:41
case_002050,acct_001459,2025-05-03T09:46:41
case_002050,acct_001486,2025-05-03T09:46:41
case_002051,acct_001721,2025-06-25T00:19:16
case_002051,acct_001678,2025-06-25T00:19:16
case_002051,acct_002028,2025-06-25T00:19:16
case_002051,acct_001509,2025-06-25T00:19:16
case_002051,acct_001737,2025-06-25T00:19:16
case_002051,acct_001487,2025-06-25T00:19:16
case_002051,acct_001900,2025-06-25T00:19:16
case_002051,acct_001477,2025-06-25T00:19:16
case_002051,acct_002083,2025-06-25T00:19:16
case_002051,acct_001920,2025-06-25T00:19:16
case_002051,acct_001915,2025-06-25T00:19:16
case_002051,acct_001652,2025-06-25T00:19:16
case_002052,acct_001535,2025-11-12T13:25:25
case_002052,acct_002090,2025-11-12T13:25:25
case_002052,acct_001661,2025-11-12T13:25:25
case_002052,acct_001884,2025-11-12T13:25:25
case_002052,acct_001765,2025-11-12T13:25:25
case_002052,acct_001493,2025-11-12T13:25:25
case_002052,acct_001786,2025-11-12T13:25:25
case_002052,acct_001669,2025-11-12T13:25:25
case_002052,acct_001480,2025-11-12T13:25:25
case_002052,acct_001887,2025-11-12T13:25:25
case_002052,acct_001516,2025-11-12T13:25:25
case_002052,acct_001599,2025-11-12T13:25:25
case_002053,acct_001627,2025-09-20T14:20:41
case_002053,acct_002085,2025-09-20T14:20:41
case_002053,acct_001602,2025-09-20T14:20:41
case_002053,acct_001772,2025-09-20T14:20:41
case_002053,acct_001675,2025-09-20T14:20:41
case_002053,acct_001806,2025-09-20T14:20:41
case_002053,acct_001890,2025-09-20T14:20:41
case_002053,acct_002045,2025-09-20T14:20:41
case_002053,acct_001484,2025-09-20T14:20:41
case_002053,acct_001774,2025-09-20T14:20:41
case_002053,acct_001891,2025-09-20T14:20:41
case_002053,acct_001680,2025-09-20T14:20:41
case_002054,acct_001913,2025-01-31T09:08:38
case_002054,acct_002083,2025-01-31T09:08:38
case_002054,acct_001984,2025-01-31T09:08:38
case_002054,acct_001729,2025-01-31T09:08:38
case_002054,acct_001944,2025-01-31T09:08:38
case_002054,acct_002060,2025-01-31T09:08:38
case_002054,acct_002000,2025-01-31T09:08:38
case_002055,acct_002006,2025-11-23T03:42:10
case_002055,acct_001477,2025-11-23T03:42:10
case_002055,acct_001665,2025-11-23T03:42:10
case_002055,acct_001828,2025-11-23T03:42:10
case_002055,acct_001976,2025-11-23T03:42:10
case_002055,acct_001549,2025-11-23T03:42:10
case_002055,acct_001833,2025-11-23T03:42:10
case_002055,acct_001473,2025-11-23T03:42:10
case_002056,acct_001582,2025-12-03T19:59:30
case_002056,acct_001924,2025-12-03T19:59:30
case_002056,acct_001976,2025-12-03T19:59:30
case_002056,acct_001987,2025-12-03T19:59:30
case_002056,acct_002006,2025-12-03T19:59:30
case_002056,acct_001988,2025-12-03T19:59:30
case_002056,acct_002070,2025-12-03T19:59:30
case_002056,acct_001872,2025-12-03T19:59:30
case_002056,acct_001851,2025-12-03T19:59:30
case_002056,acct_001586,2025-12-03T19:59:30
case_002056,acct_001472,2025-12-03T19:59:30
case_002057,acct_001894,2025-11-06T01:43:22
case_002057,acct_001643,2025-11-06T01:43:22
case_002057,acct_001453,2025-11-06T01:43:22
case_002057,acct_001586,2025-11-06T01:43:22
case_002057,acct_001812,2025-11-06T01:43:22
case_002057,acct_002074,2025-11-06T01:43:22
case_002057,acct_001648,2025-11-06T01:43:22
case_002057,acct_002054,2025-11-06T01:43:22
case_002057,acct_002030,2025-11-06T01:43:22
case_002058,acct_001647,2025-09-29T05:25:32
case_002058,acct_001998,2025-09-29T05:25:32
case_002058,acct_001874,2025-09-29T05:25:32
case_002058,acct_001751,2025-09-29T05:25:32
case_002058,acct_001577,2025-09-29T05:25:32
case_002058,acct_001637,2025-09-29T05:25:32
case_002058,acct_001627,2025-09-29T05:25:32
case_002058,acct_001761,2025-09-29T05:25:32
case_002059,acct_001917,2025-08-11T22:52:38
case_002059,acct_001463,2025-08-11T22:52:38
case_002059,acct_001623,2025-08-11T22:52:38
case_002059,acct_001861,2025-08-11T22:52:38
case_002059,acct_002055,2025-08-11T22:52:38
case_002059,acct_002063,2025-08-11T22:52:38
case_002059,acct_001693,2025-08-11T22:52:38
case_002059,acct_001609,2025-08-11T22:52:38
case_002059,acct_001508,2025-08-11T22:52:38
case_002059,acct_001546,2025-08-11T22:52:38
case_002059,acct_001631,2025-08-11T22:52:38
case_002059,acct_001505,2025-08-11T22:52:38
case_002060,acct_001966,2025-11-13T03:38:39
case_002060,acct_001500,2025-11-13T03:38:39
case_002060,acct_001519,2025-11-13T03:38:39
case_002060,acct_001628,2025-11-13T03:38:39
case_002060,acct_001751,2025-11-13T03:38:39
case_002060,acct_001642,2025-11-13T03:38:39
case_002060,acct_001564,2025-11-13T03:38:39
case_002060,acct_001986,2025-11-13T03:38:39
case_002060,acct_001662,2025-11-13T03:38:39
case_002060,acct_001509,2025-11-13T03:38:39
case_002061,acct_002018,2025-03-19T20:39:03
case_002061,acct_001730,2025-03-19T20:39:03
case_002061,acct_001772,2025-03-19T20:39:03
case_002061,acct_001542,2025-03-19T20:39:03
case_002061,acct_001454,2025-03-19T20:39:03
case_002061,acct_001561,2025-03-19T20:39:03
case_002061,acct_001992,2025-03-19T20:39:03
case_002061,acct_001825,2025-03-19T20:39:03
case_002061,acct_001453,2025-03-19T20:39:03
case_002062,acct_001918,2025-10-08T08:36:41
case_002062,acct_001692,2025-10-08T08:36:41
case_002062,acct_001814,2025-10-08T08:36:41
case_002062,acct_001745,2025-10-08T08:36:41
case_002062,acct_001452,2025-10-08T08:36:41
case_002062,acct_001985,2025-10-08T08:36:41
case_002062,acct_001852,2025-10-08T08:36:41
case_002062,acct_001556,2025-10-08T08:36:41
case_002063,acct_001871,2025-08-10T16:23:42
case_002063,acct_001547,2025-08-10T16:23:42
case_002063,acct_001593,2025-08-10T16:23:42
case_002063,acct_001623,2025-08-10T16:23:42
case_002063,acct_001658,2025-08-10T16:23:42
case_002063,acct_001943,2025-08-10T16:23:42
case_002064,acct_001659,2025-04-05T03:08:55
case_002064,acct_001915,2025-04-05T03:08:55
case_002064,acct_001525,2025-04-05T03:08:55
case_002064,acct_001721,2025-04-05T03:08:55
case_002064,acct_001839,2025-04-05T03:08:55
case_002064,acct_002052,2025-04-05T03:08:55
case_002064,acct_001932,2025-04-05T03:08:55
case_002064,acct_001446,2025-04-05T03:08:55
case_002064,acct_001875,2025-04-05T03:08:55
case_002065,acct_001556,2025-09-30T07:36:07
case_002065,acct_002062,2025-09-30T07:36:07
case_002065,acct_001769,2025-09-30T07:36:07
case_002065,acct_001614,2025-09-30T07:36:07
case_002065,acct_001654,2025-09-30T07:36:07
case_002065,acct_001593,2025-09-30T07:36:07
case_002065,acct_001851,2025-09-30T07:36:07
case_002065,acct_002025,2025-09-30T07:36:07
case_002065,acct_001855,2025-09-30T07:36:07
case_002065,acct_001760,2025-09-30T07:36:07
case_002065,acct_001542,2025-09-30T07:36:07
case_002066,acct_001932,2025-05-22T09:11:58
case_002066,acct_001579,2025-05-22T09:11:58
case_002066,acct_001494,2025-05-22T09:11:58
case_002066,acct_001890,2025-05-22T09:11:58
case_002066,acct_002013,2025-05-22T09:11:58
case_002066,acct_002039,2025-05-22T09:11:58
case_002066,acct_001533,2025-05-22T09:11:58
case_002066,acct_001820,2025-05-22T09:11:58
case_002066,acct_001970,2025-05-22T09:11:58
case_002066,acct_001696,2025-05-22T09:11:58
case_002066,acct_001454,2025-05-22T09:11:58
case_002067,acct_002089,2025-02-28T09:31:53
case_002067,acct_001706,2025-02-28T09:31:53
case_002067,acct_002049,2025-02-28T09:31:53
case_002067,acct_001567,2025-02-28T09:31:53
case_002067,acct_001992,2025-02-28T09:31:53
case_002067,acct_001995,2025-02-28T09:31:53
case_002067,acct_001560,2025-02-28T09:31:53
case_002067,acct_001795,2025-02-28T09:31:53
case_002067,acct_001545,2025-02-28T09:31:53
case_002067,acct_001595,2025-02-28T09:31:53
case_002067,acct_001606,2025-02-28T09:31:53
case_002067,acct_001824,2025-02-28T09:31:53
case_002068,acct_001566,2025-02-09T09:22:36
case_002068,acct_001552,2025-02-09T09:22:36
case_002068,acct_002056,2025-02-09T09:22:36
case_002068,acct_001482,2025-02-09T09:22:36
case_002068,acct_002008,2025-02-09T09:22:36
case_002068,acct_001664,2025-02-09T09:22:36
case_002068,acct_001800,2025-02-09T09:22:36
case_002068,acct_001788,2025-02-09T09:22:36
case_002068,acct_001980,2025-02-09T09:22:36
case_002068,acct_001926,2025-02-09T09:22:36
case_002069,acct_001478,2025-09-09T05:24:22
case_002069,acct_002051,2025-09-09T05:24:22
case_002069,acct_001971,2025-09-09T05:24:22
case_002069,acct_001548,2025-09-09T05:24:22
case_002069,acct_001952,2025-09-09T05:24:22
case_002069,acct_001590,2025-09-09T05:24:22
case_002069,acct_002029,2025-09-09T05:24:22
case_002069,acct_001787,2025-09-09T05:24:22
case_002069,acct_001991,2025-09-09T05:24:22
case_002070,acct_001534,2025-10-23T10:59:32
case_002070,acct_001722,2025-10-23T10:59:32
case_002070,acct_002065,2025-10-23T10:59:32
case_002070,acct_001989,2025-10-23T10:59:32
case_002070,acct_001697,2025-10-23T10:59:32
case_002070,acct_002082,2025-10-23T10:59:32
case_002070,acct_001684,2025-10-23T10:59:32
case_002070,acct_001629,2025-10-23T10:59:32
case_002070,acct_001560,2025-10-23T10:59:32
case_002070,acct_001950,2025-10-23T10:59:32
case_002070,acct_001570,2025-10-23T10:59:32
case_002071,acct_002065,2025-08-27T06:16:13
case_002071,acct_001466,2025-08-27T06:16:13
case_002071,acct_001641,2025-08-27T06:16:13
case_002071,acct_001935,2025-08-27T06:16:13
case_002071,acct_001467,2025-08-27T06:16:13
case_002071,acct_001895,2025-08-27T06:16:13
case_002071,acct_001852,2025-08-27T06:16:13
case_002072,acct_001649,2025-03-08T01:38:13
case_002072,acct_002045,2025-03-08T01:38:13
case_002072,acct_001690,2025-03-08T01:38:13
case_002072,acct_001558,2025-03-08T01:38:13
case_002072,acct_001940,2025-03-08T01:38:13
case_002072,acct_002083,2025-03-08T01:38:13
case_002072,acct_001976,2025-03-08T01:38:13
case_002072,acct_001665,2025-03-08T01:38:13
case_002072,acct_001797,2025-03-08T01:38:13
case_002073,acct_001946,2025-03-07T09:18:32
case_002073,acct_001802,2025-03-07T09:18:32
case_002073,acct_001959,2025-03-07T09:18:32
case_002073,acct_001832,2025-03-07T09:18:32
case_002073,acct_001958,2025-03-07T09:18:32
case_002073,acct_001707,2025-03-07T09:18:32
case_002073,acct_001817,2025-03-07T09:18:32
case_002073,acct_001608,2025-03-07T09:18:32
case_002073,acct_001465,2025-03-07T09:18:32
case_002073,acct_001533,2025-03-07T09:18:32
case_002074,acct_002028,2025-06-01T22:53:38
case_002074,acct_001519,2025-06-01T22:53:38
case_002074,acct_001447,2025-06-01T22:53:38
case_002074,acct_001450,2025-06-01T22:53:38
case_002074,acct_001648,2025-06-01T22:53:38
case_002074,acct_001908,2025-06-01T22:53:38
case_002074,acct_001463,2025-06-01T22:53:38
case_002074,acct_001660,2025-06-01T22:53:38
case_002074,acct_001577,2025-06-01T22:53:38
case_002074,acct_001822,2025-06-01T22:53:38
case_002074,acct_001762,2025-06-01T22:53:38
case_002074,acct_001970,2025-06-01T22:53:38
case_002075,acct_001533,2025-02-23T15:26:45
case_002075,acct_001789,2025-02-23T15:26:45
case_002075,acct_001880,2025-02-23T15:26:45
case_002075,acct_001608,2025-02-23T15:26:45
case_002075,acct_001612,2025-02-23T15:26:45
case_002075,acct_001836,2025-02-23T15:26:45
case_002076,acct_001517,2025-09-02T23:43:32
case_002076,acct_001621,2025-09-02T23:43:32
case_002076,acct_002052,2025-09-02T23:43:32
case_002076,acct_002037,2025-09-02T23:43:32
case_002076,acct_001627,2025-09-02T23:43:32
case_002076,acct_001994,2025-09-02T23:43:32
case_002076,acct_001624,2025-09-02T23:43:32
case_002076,acct_001740,2025-09-02T23:43:32
case_002076,acct_001567,2025-09-02T23:43:32
case_002077,acct_001777,2025-08-04T17:28:09
case_002077,acct_001729,2025-08-04T17:28:09
case_002077,acct_001747,2025-08-04T17:28:09
case_002077,acct_001735,2025-08-04T17:28:09
case_002077,acct_001763,2025-08-04T17:28:09
case_002077,acct_001764,2025-08-04T17:28:09
case_002077,acct_001587,2025-08-04T17:28:09
case_002077,acct_001528,2025-08-04T17:28:09
case_002077,acct_001681,2025-08-04T17:28:09
case_002077,acct_001959,2025-08-04T17:28:09
case_002077,acct_002062,2025-08-04T17:28:09
case_002078,acct_002080,2025-05-25T14:18:06
case_002078,acct_001891,2025-05-25T14:18:06
case_002078,acct_002031,2025-05-25T14:18:06
case_002078,acct_001646,2025-05-25T14:18:06
case_002078,acct_002013,2025-05-25T14:18:06
case_002078,acct_001711,2025-05-25T14:18:06
case_002079,acct_001824,2025-05-01T12:06:36
case_002079,acct_001586,2025-05-01T12:06:36
case_002079,acct_001923,2025-05-01T12:06:36
case_002079,acct_001687,2025-05-01T12:06:36
case_002079,acct_001582,2025-05-01T12:06:36
case_002079,acct_001997,2025-05-01T12:06:36
case_002079,acct_002076,2025-05-01T12:06:36
case_002080,acct_001768,2025-12-17T03:15:36
case_002080,acct_001442,2025-12-17T03:15:36
case_002080,acct_001891,2025-12-17T03:15:36
case_002080,acct_001999,2025-12-17T03:15:36
case_002080,acct_001993,2025-12-17T03:15:36
case_002080,acct_001669,2025-12-17T03:15:36
case_002081,acct_002080,2025-12-23T17:59:31
case_002081,acct_001692,2025-12-23T17:59:31
case_002081,acct_001640,2025-12-23T17:59:31
case_002081,acct_001825,2025-12-23T17:59:31
case_002081,acct_001551,2025-12-23T17:59:31
case_002081,acct_001725,2025-12-23T17:59:31
case_002082,acct_001494,2025-12-30T06:21:37
case_002082,acct_002053,2025-12-30T06:21:37
case_002082,acct_001789,2025-12-30T06:21:37
case_002082,acct_001791,2025-12-30T06:21:37
case_002082,acct_001856,2025-12-30T06:21:37
case_002082,acct_001677,2025-12-30T06:21:37
case_002082,acct_001883,2025-12-30T06:21:37
case_002083,acct_001691,2025-01-22T02:56:52
case_002083,acct_001578,2025-01-22T02:56:52
case_002083,acct_001819,2025-01-22T02:56:52
case_002083,acct_001498,2025-01-22T02:56:52
case_002083,acct_001627,2025-01-22T02:56:52
case_002083,acct_001972,2025-01-22T02:56:52
case_002084,acct_001632,2025-11-02T08:00:48
case_002084,acct_001869,2025-11-02T08:00:48
case_002084,acct_001543,2025-11-02T08:00:48
case_002084,acct_001504,2025-11-02T08:00:48
case_002084,acct_001601,2025-11-02T08:00:48
case_002084,acct_001763,2025-11-02T08:00:48
case_002084,acct_002015,2025-11-02T08:00:48
case_002084,acct_001962,2025-11-02T08:00:48
case_002084,acct_001936,2025-11-02T08:00:48
case_002084,acct_001598,2025-11-02T08:00:48
case_002084,acct_001636,2025-11-02T08:00:48
case_002085,acct_001769,2025-12-04T02:10:44
case_002085,acct_001448,2025-12-04T02:10:44
case_002085,acct_001664,2025-12-04T02:10:44
case_002085,acct_001783,2025-12-04T02:10:44
case_002085,acct_001611,2025-12-04T02:10:44
case_002085,acct_001572,2025-12-04T02:10:44
case_002085,acct_002042,2025-12-04T02:10:44
case_002085,acct_002058,2025-12-04T02:10:44
case_002085,acct_001460,2025-12-04T02:10:44
case_002085,acct_001558,2025-12-04T02:10:44
case_002085,acct_001690,2025-12-04T02:10:44
case_002085,acct_001935,2025-12-04T02:10:44
case_002086,acct_001684,2025-09-22T10:24:03
case_002086,acct_001696,2025-09-22T10:24:03
case_002086,acct_001956,2025-09-22T10:24:03
case_002086,acct_001606,2025-09-22T10:24:03
case_002086,acct_001564,2025-09-22T10:24:03
case_002086,acct_001560,2025-09-22T10:24:03
case_002087,acct_001753,2025-03-02T09:26:13
case_002087,acct_001612,2025-03-02T09:26:13
case_002087,acct_001993,2025-03-02T09:26:13
case_002087,acct_001547,2025-03-02T09:26:13
case_002087,acct_001806,2025-03-02T09:26:13
case_002087,acct_001828,2025-03-02T09:26:13
case_002088,acct_001993,2025-08-23T07:28:39
case_002088,acct_001570,2025-08-23T07:28:39
case_002088,acct_001859,2025-08-23T07:28:39
case_002088,acct_001914,2025-08-23T07:28:39
case_002088,acct_002076,2025-08-23T07:28:39
case_002088,acct_001732,2025-08-23T07:28:39
case_002088,acct_001951,2025-08-23T07:28:39
case_002088,acct_001610,2025-08-23T07:28:39
case_002088,acct_001609,2025-08-23T07:28:39
case_002088,acct_001694,2025-08-23T07:28:39
case_002088,acct_001728,2025-08-23T07:28:39
case_002088,acct_001674,2025-08-23T07:28:39
case_002089,acct_001727,2025-04-17T20:26:41
case_002089,acct_001496,2025-04-17T20:26:41
case_002089,acct_001626,2025-04-17T20:26:41
case_002089,acct_001846,2025-04-17T20:26:41
case_002089,acct_001836,2025-04-17T20:26:41
case_002089,acct_001642,2025-04-17T20:26:41
case_002089,acct_001627,2025-04-17T20:26:41
case_002089,acct_001774,2025-04-17T20:26:41
case_002089,acct_002055,2025-04-17T20:26:41
case_002089,acct_001513,2025-04-17T20:26:41
case_002089,acct_001685,2025-04-17T20:26:41
case_002089,acct_001486,2025-04-17T20:26:41
case_002090,acct_001685,2025-10-24T01:01:11
case_002090,acct_001661,2025-10-24T01:01:11
case_002090,acct_001716,2025-10-24T01:01:11
case_002090,acct_001464,2025-10-24T01:01:11
case_002090,acct_002068,2025-10-24T01:01:11
case_002090,acct_001443,2025-10-24T01:01:11
case_002091,acct_001606,2025-05-20T02:15:09
case_002091,acct_001812,2025-05-20T02:15:09
case_002091,acct_001928,2025-05-20T02:15:09
case_002091,acct_001897,2025-05-20T02:15:09
case_002091,acct_001716,2025-05-20T02:15:09
case_002091,acct_001871,2025-05-20T02:15:09
case_002091,acct_001765,2025-05-20T02:15:09
case_002091,acct_001694,2025-05-20T02:15:09
case_002091,acct_002028,2025-05-20T02:15:09
case_002091,acct_001739,2025-05-20T02:15:09
case_002091,acct_001638,2025-05-20T02:15:09
case_002091,acct_001590,2025-05-20T02:15:09
case_002092,acct_001433,2025-09-20T12:14:46
case_002092,acct_001486,2025-09-20T12:14:46
case_002092,acct_001737,2025-09-20T12:14:46
case_002092,acct_001985,2025-09-20T12:14:46
case_002092,acct_001578,2025-09-20T12:14:46
case_002092,acct_001834,2025-09-20T12:14:46
case_002093,acct_002082,2025-05-21T05:51:38
case_002093,acct_001644,2025-05-21T05:51:38
case_002093,acct_001661,2025-05-21T05:51:38
case_002093,acct_002008,2025-05-21T05:51:38
case_002093,acct_001523,2025-05-21T05:51:38
case_002093,acct_001838,2025-05-21T05:51:38
case_002093,acct_001859,2025-05-21T05:51:38
case_002093,acct_001771,2025-05-21T05:51:38
case_002093,acct_001821,2025-05-21T05:51:38
case_002093,acct_001843,2025-05-21T05:51:38
case_002094,acct_001673,2025-10-02T09:47:14
case_002094,acct_001479,2025-10-02T09:47:14
case_002094,acct_002015,2025-10-02T09:47:14
case_002094,acct_001647,2025-10-02T09:47:14
case_002094,acct_002044,2025-10-02T09:47:14
case_002094,acct_001948,2025-10-02T09:47:14
case_002095,acct_001486,2025-01-02T05:39:06
case_002095,acct_001751,2025-01-02T05:39:06
case_002095,acct_001666,2025-01-02T05:39:06
case_002095,acct_001608,2025-01-02T05:39:06
case_002095,acct_001690,2025-01-02T05:39:06
case_002095,acct_001444,2025-01-02T05:39:06
case_002096,acct_001718,2025-03-26T12:36:27
case_002096,acct_001696,2025-03-26T12:36:27
case_002096,acct_001929,2025-03-26T12:36:27
case_002096,acct_001653,2025-03-26T12:36:27
case_002096,acct_001984,2025-03-26T12:36:27
case_002096,acct_001956,2025-03-26T12:36:27
case_002096,acct_001767,2025-03-26T12:36:27
case_002096,acct_001804,2025-03-26T12:36:27
case_002097,acct_001891,2025-01-01T23:53:46
case_002097,acct_001839,2025-01-01T23:53:46
case_002097,acct_001828,2025-01-01T23:53:46
case_002097,acct_001619,2025-01-01T23:53:46
case_002097,acct_002028,2025-01-01T23:53:46
case_002097,acct_001582,2025-01-01T23:53:46
case_002097,acct_001733,2025-01-01T23:53:46
case_002097,acct_002083,2025-01-01T23:53:46
case_002097,acct_001792,2025-01-01T23:53:46
case_002097,acct_001867,2025-01-01T23:53:46
case_002098,acct_001498,2025-02-08T21:53:49
case_002098,acct_001807,2025-02-08T21:53:49
case_002098,acct_001586,2025-02-08T21:53:49
case_002098,acct_001765,2025-02-08T21:53:49
case_002098,acct_001897,2025-02-08T21:53:49
case_002098,acct_001745,2025-02-08T21:53:49
case_002098,acct_001468,2025-02-08T21:53:49
case_002098,acct_001557,2025-02-08T21:53:49
case_002098,acct_001933,2025-02-08T21:53:49
case_002098,acct_001445,2025-02-08T21:53:49
case_002098,acct_001868,2025-02-08T21:53:49
case_002099,acct_001723,2025-06-05T14:35:23
case_002099,acct_001622,2025-06-05T14:35:23
case_002099,acct_001575,2025-06-05T14:35:23
case_002099,acct_002087,2025-06-05T14:35:23
case_002099,acct_002066,2025-06-05T14:35:23
case_002099,acct_002008,2025-06-05T14:35:23
case_002099,acct_001624,2025-06-05T14:35:23
case_002099,acct_001741,2025-06-05T14:35:23
case_002099,acct_001832,2025-06-05T14:35:23
case_002099,acct_001749,2025-06-05T14:35:23
case_002099,acct_002032,2025-06-05T14:35:23
case_002099,acct_001968,2025-06-05T14:35:23
case_002100,acct_001596,2025-09-29T07:48:59
case_002100,acct_001816,2025-09-29T07:48:59
case_002100,acct_001891,2025-09-29T07:48:59
case_002100,acct_002062,2025-09-29T07:48:59
case_002100,acct_001845,2025-09-29T07:48:59
case_002100,acct_001995,2025-09-29T07:48:59
case_002100,acct_001802,2025-09-29T07:48:59
case_002100,acct_001441,2025-09-29T07:48:59
case_002100,acct_001509,2025-09-29T07:48:59
case_002100,acct_001506,2025-09-29T07:48:59
case_002100,acct_001769,2025-09-29T07:48:59
case_002101,acct_001539,2025-09-11T18:45:49
case_002101,acct_002026,2025-09-11T18:45:49
case_002101,acct_001826,2025-09-11T18:45:49
case_002101,acct_001508,2025-09-11T18:45:49
case_002101,acct_001822,2025-09-11T18:45:49
case_002101,acct_001498,2025-09-11T18:45:49
case_002101,acct_001683,2025-09-11T18:45:49
case_002101,acct_002059,2025-09-11T18:45:49
case_002102,acct_001611,2025-04-23T18:53:19
case_002102,acct_001607,2025-04-23T18:53:19
case_002102,acct_001899,2025-04-23T18:53:19
case_002102,acct_001459,2025-04-23T18:53:19
case_002102,acct_001836,2025-04-23T18:53:19
case_002102,acct_001711,2025-04-23T18:53:19
case_002102,acct_002074,2025-04-23T18:53:19
case_002102,acct_001468,2025-04-23T18:53:19
case_002102,acct_001689,2025-04-23T18:53:19
case_002103,acct_001723,2025-06-24T23:00:41
case_002103,acct_001567,2025-06-24T23:00:41
case_002103,acct_001732,2025-06-24T23:00:41
case_002103,acct_001825,2025-06-24T23:00:41
case_002103,acct_001973,2025-06-24T23:00:41
case_002103,acct_001778,2025-06-24T23:00:41
case_002103,acct_001585,2025-06-24T23:00:41
case_002104,acct_001725,2025-05-28T20:33:21
case_002104,acct_002070,2025-05-28T20:33:21
case_002104,acct_002061,2025-05-28T20:33:21
case_002104,acct_001480,2025-05-28T20:33:21
case_002104,acct_001637,2025-05-28T20:33:21
case_002104,acct_001662,2025-05-28T20:33:21
case_002104,acct_002076,2025-05-28T20:33:21
case_002104,acct_002054,2025-05-28T20:33:21
case_002104,acct_001894,2025-05-28T20:33:21
case_002104,acct_001871,2025-05-28T20:33:21
case_002104,acct_001709,2025-05-28T20:33:21
