employee_id,account_id,edge_timestamp
emp_000350,acct_014272,2025-09-30T11:03:20
emp_000584,acct_012146,2025-10-14T16:43:18
emp_000584,acct_013931,2025-07-09T13:45:21
emp_000143,acct_001447,2025-05-19T18:33:32
emp_000567,acct_001749,2025-10-27T18:15:26
emp_000584,acct_012014,2025-04-29T09:24:53
emp_000417,acct_014315,2025-06-27T15:05:56
emp_000105,acct_013392,2025-09-15T10:05:01
emp_000378,acct_005354,2025-09-26T14:05:52
emp_000544,acct_010680,2025-11-27T18:10:25
emp_000428,acct_014370,2025-06-19T10:33:52
emp_000013,acct_013117,2025-08-01T15:31:25
emp_000519,acct_004327,2025-05-26T17:31:30
emp_000163,acct_018526,2025-11-10T09:45:48
emp_000342,acct_008355,2025-09-10T14:11:38
emp_000248,acct_017034,2025-09-01T15:16:47
emp_000460,acct_007875,2025-12-29T17:02:57
emp_000290,acct_008160,2025-03-28T16:24:17
emp_000415,acct_002316,2025-07-07T09:54:46
emp_000186,acct_016700,2025-08-09T14:56:42
emp_000076,acct_003416,2025-08-11T10:51:37
emp_000332,acct_011675,2025-10-06T18:10:20
emp_000369,acct_019391,2025-06-01T12:17:40
emp_000160,acct_011272,2025-09-29T16:10:52
emp_000581,acct_013011,2025-12-08T13:33:45
emp_000137,acct_005243,2025-01-03T14:26:05
emp_000383,acct_017018,2025-11-03T14:25:17
emp_000067,acct_017047,2025-12-18T13:15:07
emp_000540,acct_009288,2025-10-24T14:01:57
emp_000406,acct_020079,2025-05-08T10:30:26
emp_000155,acct_003577,2025-12-22T14:01:48
emp_000026,acct_018676,2025-05-07T12:27:01
emp_000290,acct_009010,2025-03-11T09:20:30
emp_000470,acct_016161,2025-02-11T16:21:21
emp_000156,acct_003913,2025-06-20T11:40:22
emp_000114,acct_018889,2025-01-13T13:50:08
emp_000167,acct_004418,2025-03-14T12:04:16
emp_000258,acct_002685,2025-07-28T13:36:52
emp_000082,acct_004554,2025-08-13T14:23:37
emp_000345,acct_003330,2025-09-15T11:23:33
emp_000436,acct_012313,2025-04-04T10:35:49
emp_000186,acct_010635,2025-07-11T14:26:58
emp_000047,acct_000183,2025-08-15T18:30:14
emp_000528,acct_018403,2025-10-24T16:48:31
emp_000592,acct_015013,2025-12-17T09:22:39
emp_000436,acct_013094,2025-03-31T15:51:13
emp_000407,acct_006593,2025-02-05T18:04:35
emp_000553,acct_006933,2025-01-08T12:05:29
emp_000263,acct_018875,2025-10-06T12:24:37
emp_000376,acct_006834,2025-03-18T17:46:22
emp_000376,acct_008699,2025-02-20T11:08:10
emp_000437,acct_004047,2025-12-15T13:09:38
emp_000365,acct_011923,2025-10-01T14:41:07
emp_000076,acct_009667,2025-10-01T10:12:08
emp_000343,acct_017254,2025-03-10T18:54:28
emp_000343,acct_012907,2025-06-09T13:37:08
emp_000460,acct_009235,2025-06-16T10:17:17
emp_000275,acct_016854,2025-07-30T11:21:30
emp_000208,acct_012776,2025-08-08T17:49:03
emp_000345,acct_013870,2025-05-02T12:28:22
emp_000562,acct_018976,2025-02-28T09:28:02
emp_000074,acct_002807,2025-03-24T11:13:45
emp_000337,acct_017465,2025-06-09T13:20:26
emp_000043,acct_010648,2025-05-01T17:43:40
emp_000334,acct_000471,2025-11-11T17:04:24
emp_000461,acct_007151,2025-11-10T18:35:38
emp_000170,acct_011989,2025-06-13T18:49:44
emp_000161,acct_013499,2025-02-26T17:27:05
emp_000275,acct_016236,2025-03-19T13:43:29
emp_000225,acct_019338,2025-10-21T16:16:58
emp_000383,acct_012779,2025-02-10T16:23:34
emp_000592,acct_014262,2025-03-21T18:56:46
emp_000410,acct_021796,2025-10-24T12:20:04
emp_000511,acct_019757,2025-07-18T13:03:49
emp_000395,acct_006532,2025-03-10T12:39:05
emp_000253,acct_004392,2025-11-07T18:33:25
emp_000395,acct_018994,2025-04-10T17:23:31
emp_000272,acct_014403,2025-09-07T15:00:28
emp_000050,acct_020890,2025-07-22T16:20:25
emp_000595,acct_009974,2025-01-17T11:11:38
emp_000068,acct_008393,2025-06-04T14:06:43
emp_000127,acct_018079,2025-02-10T10:03:23
emp_000514,acct_012159,2025-08-19T12:03:15
emp_000114,acct_012512,2025-08-04T16:12:52
emp_000149,acct_005007,2025-11-10T17:53:38
emp_000250,acct_011527,2025-11-17T12:24:40
emp_000045,acct_009174,2025-01-28T12:39:32
emp_000155,acct_006180,2025-11-10T13:42:57
emp_000156,acct_018701,2025-06-13T17:20:05
emp_000502,acct_015169,2025-06-09T11:31:18
emp_000481,acct_016202,2025-07-30T17:30:28
emp_000426,acct_018090,2025-01-09T12:29:54
emp_000140,acct_007515,2025-03-14T17:21:57
emp_000027,acct_003488,2025-10-20T10:55:18
emp_000046,acct_012710,2025-11-18T14:38:22
emp_000258,acct_016776,2025-11-24T13:32:04
emp_000071,acct_005517,2025-10-08T12:11:56
emp_000026,acct_014675,2025-07-04T12:49:02
emp_000517,acct_015310,2025-12-15T15:22:34
emp_000045,acct_007048,2025-12-29T10:13:48
emp_000461,acct_013963,2025-01-22T12:09:04
emp_000325,acct_019087,2025-05-12T15:52:25
emp_000074,acct_019898,2025-07-29T16:18:59
emp_000407,acct_004667,2025-03-11T18:04:09
emp_000069,acct_004481,2025-10-30T16:00:46
emp_000498,acct_017014,2025-10-16T11:59:42
emp_000282,acct_003294,2025-11-10T18:20:24
emp_000008,acct_001879,2025-09-02T10:10:58
emp_000140,acct_002020,2025-04-18T13:09:58
emp_000462,acct_019448,2025-04-18T12:53:41
emp_000090,acct_007926,2025-10-06T13:49:12
emp_000166,acct_012517,2025-04-07T13:43:09
emp_000393,acct_005460,2025-09-26T17:18:25
emp_000598,acct_011288,2025-07-14T17:00:47
emp_000091,acct_019931,2025-02-01T12:18:03
emp_000505,acct_008542,2025-05-26T15:28:03
emp_000382,acct_012387,2025-10-15T12:47:57
emp_000337,acct_013082,2025-04-22T14:26:04
emp_000482,acct_008634,2025-01-13T10:35:08
emp_000235,acct_002595,2025-02-05T12:25:00
emp_000140,acct_010632,2025-05-26T12:16:24
emp_000500,acct_014124,2025-06-02T17:34:44
emp_000313,acct_020523,2025-07-20T13:52:50
emp_000595,acct_002874,2025-05-26T16:43:41
emp_000149,acct_010204,2025-12-01T14:51:58
emp_000193,acct_020307,2025-12-08T16:01:41
emp_000263,acct_011200,2025-05-26T15:19:18
emp_000043,acct_012822,2025-10-06T14:08:32
emp_000512,acct_017235,2025-10-29T12:33:47
emp_000511,acct_007246,2025-01-20T18:03:43
emp_000511,acct_007443,2025-05-09T12:04:04
emp_000225,acct_017413,2025-02-28T14:50:13
emp_000135,acct_010240,2025-01-06T14:05:37
emp_000160,acct_001356,2025-12-26T11:09:22
emp_000531,acct_019679,2025-05-30T14:09:39
emp_000581,acct_006433,2025-09-15T18:55:52
emp_000143,acct_013972,2025-12-16T18:25:06
emp_000076,acct_021057,2025-02-26T17:08:39
emp_000003,acct_012359,2025-01-22T15:00:46
emp_000127,acct_011542,2025-06-30T11:45:14
emp_000071,acct_011935,2025-10-20T14:57:06
emp_000313,acct_012942,2025-12-31T14:28:06
emp_000132,acct_016691,2025-10-24T15:54:08
emp_000074,acct_004314,2025-10-08T13:19:19
emp_000089,acct_017829,2025-05-01T18:03:35
emp_000454,acct_010651,2025-06-17T18:47:33
emp_000170,acct_012197,2025-02-13T16:49:51
emp_000495,acct_008511,2025-09-22T12:23:14
emp_000575,acct_005298,2025-04-14T10:32:09
emp_000085,acct_011598,2025-02-06T13:07:13
emp_000002,acct_009051,2025-11-19T14:53:25
emp_000359,acct_019496,2025-01-29T10:00:46
emp_000198,acct_012724,2025-01-02T17:09:59
emp_000251,acct_012429,2025-10-23T16:45:24
emp_000169,acct_006942,2025-02-03T09:45:05
emp_000259,acct_000200,2025-11-17T14:56:45
emp_000008,acct_010367,2025-08-11T10:59:39
emp_000125,acct_008405,2025-12-31T13:23:21
emp_000467,acct_016338,2025-06-02T10:41:51
emp_000068,acct_021916,2025-01-14T16:19:18
emp_000279,acct_003701,2025-07-14T09:18:03
emp_000157,acct_018056,2025-10-27T12:52:31
emp_000074,acct_018753,2025-08-25T15:29:41
emp_000319,acct_009738,2025-02-18T16:06:54
emp_000345,acct_006400,2025-09-08T10:27:32
emp_000238,acct_009480,2025-04-29T09:31:47
emp_000076,acct_001281,2025-07-24T13:15:43
emp_000140,acct_006101,2025-06-30T10:22:41
emp_000544,acct_002865,2025-02-17T18:50:05
emp_000500,acct_008808,2025-07-07T15:13:14
emp_000492,acct_006542,2025-01-30T16:31:37
emp_000120,acct_002182,2025-06-05T14:28:18
emp_000428,acct_008069,2025-07-28T15:58:25
emp_000362,acct_007995,2025-07-23T15:41:51
emp_000348,acct_021708,2025-09-22T15:05:22
emp_000378,acct_017683,2025-10-16T10:20:54
emp_000135,acct_013837,2025-07-03T11:10:02
emp_000548,acct_010467,2025-09-15T11:26:40
emp_000189,acct_004631,2025-07-28T12:35:56
emp_000319,acct_018951,2025-05-19T11:49:58
emp_000530,acct_001970,2025-05-28T11:57:08
emp_000382,acct_014878,2025-05-10T16:03:52
emp_000592,acct_012872,2025-05-19T11:44:24
emp_000245,acct_010102,2025-01-20T09:22:53
emp_000149,acct_018832,2025-05-05T09:26:03
emp_000131,acct_008091,2025-12-29T17:38:08
emp_000127,acct_011524,2025-08-21T11:21:16
emp_000027,acct_013436,2025-11-29T14:16:27
emp_000229,acct_015161,2025-07-23T18:57:53
emp_000206,acct_001794,2025-05-28T11:53:20
emp_000599,acct_003920,2025-12-08T10:57:32
emp_000512,acct_019699,2025-09-22T13:25:31
emp_000376,acct_014095,2025-01-17T14:30:59
emp_000402,acct_002810,2025-09-25T10:50:15
emp_000232,acct_018038,2025-03-28T10:49:20
emp_000157,acct_013684,2025-07-21T12:16:21
emp_000482,acct_004380,2025-05-19T15:39:44
emp_000344,acct_011089,2025-12-17T12:59:45
emp_000455,acct_004021,2025-01-22T11:07:42
emp_000067,acct_018457,2025-11-14T16:51:44
emp_000120,acct_002198,2025-05-26T14:56:36
emp_000505,acct_013594,2025-12-25T14:21:47
emp_000143,acct_015183,2025-09-29T14:22:50
emp_000348,acct_015395,2025-05-23T18:50:52
emp_000014,acct_000760,2025-10-27T09:55:50
emp_000219,acct_005783,2025-03-17T12:28:23
emp_000387,acct_014503,2025-01-10T13:30:24
emp_000512,acct_016584,2025-03-17T12:52:43
emp_000467,acct_011445,2025-01-29T12:04:49
emp_000284,acct_014441,2025-10-09T17:44:53
emp_000396,acct_005428,2025-05-12T18:43:53
emp_000257,acct_012832,2025-07-29T15:45:21
emp_000068,acct_016232,2025-09-15T09:11:50
emp_000470,acct_009053,2025-07-14T14:09:46
emp_000149,acct_018667,2025-11-24T14:19:39
emp_000482,acct_002163,2025-04-28T13:26:45
emp_000466,acct_015873,2025-11-30T10:34:22
emp_000043,acct_005902,2025-06-06T16:03:31
emp_000043,acct_017683,2025-04-22T12:56:02
emp_000020,acct_005947,2025-05-16T10:22:50
emp_000359,acct_002847,2025-11-16T12:51:52
emp_000126,acct_011135,2025-11-21T15:04:43
emp_000502,acct_004985,2025-10-03T12:26:05
emp_000415,acct_008333,2025-10-20T14:31:50
emp_000013,acct_015957,2025-06-10T16:41:59
emp_000494,acct_019875,2025-08-11T09:42:43
emp_000004,acct_018951,2025-10-29T13:27:55
emp_000209,acct_004425,2025-03-26T10:58:47
emp_000343,acct_015455,2025-10-09T14:26:43
emp_000035,acct_002361,2025-11-20T18:20:03
emp_000095,acct_005249,2025-02-03T18:37:57
emp_000337,acct_001013,2025-09-24T11:31:05
emp_000294,acct_002289,2025-05-02T15:10:14
emp_000494,acct_011109,2025-10-13T17:57:20
emp_000365,acct_015574,2025-01-10T09:13:56
emp_000462,acct_012301,2025-07-14T10:55:31
emp_000461,acct_021383,2025-03-03T09:32:28
emp_000359,acct_001060,2025-04-24T14:30:46
emp_000166,acct_012617,2025-01-24T16:46:51
emp_000080,acct_021922,2025-05-14T15:32:11
emp_000008,acct_000689,2025-09-18T09:52:48
emp_000251,acct_013099,2025-08-13T18:38:05
emp_000284,acct_012499,2025-03-10T12:00:35
emp_000359,acct_018623,2025-01-24T12:05:44
emp_000529,acct_006808,2025-07-17T09:13:51
emp_000014,acct_011859,2025-01-20T13:12:10
emp_000132,acct_007613,2025-10-10T10:33:11
emp_000208,acct_014459,2025-08-04T10:39:56
emp_000089,acct_020449,2025-12-25T16:46:47
emp_000375,acct_002878,2025-12-04T09:53:08
emp_000002,acct_018902,2025-01-20T15:03:12
emp_000294,acct_011286,2025-08-19T16:33:46
emp_000247,acct_004635,2025-05-14T16:38:54
emp_000225,acct_018619,2025-06-30T11:42:46
emp_000348,acct_014695,2025-12-31T10:50:00
emp_000350,acct_018696,2025-02-17T18:11:44
emp_000219,acct_008639,2025-01-13T13:56:32
emp_000319,acct_001098,2025-08-25T18:33:29
emp_000334,acct_017179,2025-05-13T09:18:10
emp_000507,acct_003878,2025-11-05T16:30:17
emp_000414,acct_002783,2025-03-02T18:27:47
emp_000406,acct_000814,2025-07-07T16:03:12
emp_000567,acct_014655,2025-05-20T17:58:50
emp_000120,acct_010187,2025-08-14T17:42:46
emp_000170,acct_012760,2025-11-21T17:10:23
emp_000595,acct_018647,2025-10-29T16:57:48
emp_000211,acct_014628,2025-05-16T15:57:00
emp_000011,acct_005530,2025-10-30T11:02:14
emp_000314,acct_016958,2025-03-03T17:48:49
emp_000491,acct_008159,2025-06-23T10:30:11
emp_000431,acct_016397,2025-04-24T14:37:25
emp_000091,acct_017726,2025-07-24T14:11:41
emp_000160,acct_001975,2025-09-22T09:39:38
emp_000492,acct_011215,2025-12-16T15:13:47
emp_000426,acct_016763,2025-08-27T11:36:19
emp_000461,acct_002979,2025-03-10T18:37:49
emp_000146,acct_001473,2025-07-08T16:50:50
emp_000327,acct_019849,2025-12-24T16:06:15
emp_000189,acct_005482,2025-03-28T12:57:30
emp_000567,acct_016998,2025-11-29T13:06:06
emp_000528,acct_016224,2025-02-25T14:21:33
emp_000598,acct_005530,2025-01-21T12:05:56
emp_000276,acct_019823,2025-05-15T14:17:39
emp_000004,acct_019748,2025-01-20T10:26:42
emp_000312,acct_002574,2025-07-21T17:39:45
emp_000437,acct_005741,2025-04-09T09:07:12
emp_000454,acct_020198,2025-08-06T13:59:44
emp_000264,acct_001242,2025-11-03T14:54:57
emp_000314,acct_010046,2025-04-17T11:11:58
emp_000543,acct_001695,2025-11-10T14:52:58
emp_000132,acct_019250,2026-01-01T11:26:48
emp_000428,acct_002073,2025-05-09T15:14:34
emp_000290,acct_006327,2025-06-13T09:14:53
emp_000350,acct_003698,2025-11-10T09:14:48
emp_000586,acct_003554,2025-08-07T16:37:49
emp_000211,acct_011628,2025-07-14T17:10:25
emp_000189,acct_016705,2025-07-14T09:51:53
emp_000482,acct_007342,2025-05-26T18:26:00
emp_000035,acct_013370,2025-03-31T11:22:48
emp_000048,acct_012996,2025-09-30T10:04:17
emp_000294,acct_020841,2025-01-13T16:24:02
emp_000291,acct_011950,2025-09-16T09:39:11
emp_000319,acct_010257,2025-06-05T11:45:20
emp_000074,acct_011166,2025-02-21T15:31:43
emp_000342,acct_000507,2025-07-10T14:47:56
emp_000557,acct_019062,2025-11-28T09:16:29
emp_000003,acct_019235,2025-09-19T13:24:14
emp_000143,acct_006610,2025-07-10T14:04:21
emp_000272,acct_020187,2025-08-25T14:19:11
emp_000379,acct_015849,2025-08-18T10:53:48
emp_000509,acct_018718,2025-08-29T14:06:02
emp_000069,acct_011465,2025-11-28T18:52:44
emp_000481,acct_012651,2025-09-08T14:08:59
emp_000560,acct_012233,2025-10-07T13:31:12
emp_000150,acct_005890,2025-05-16T11:07:03
emp_000257,acct_005106,2025-09-17T14:04:21
emp_000592,acct_003046,2025-01-30T16:06:07
emp_000231,acct_006180,2025-05-07T09:11:14
emp_000463,acct_003583,2025-01-13T17:19:50
emp_000231,acct_004561,2025-10-28T13:17:51
emp_000518,acct_006837,2025-10-10T11:19:27
emp_000248,acct_000591,2025-01-21T18:03:58
emp_000590,acct_018739,2025-12-25T15:27:36
emp_000599,acct_016016,2025-02-19T13:22:49
emp_000305,acct_015317,2025-02-19T18:21:02
emp_000163,acct_003765,2025-09-08T15:06:37
emp_000406,acct_001637,2025-06-24T09:59:16
emp_000126,acct_012470,2025-06-09T10:29:44
emp_000365,acct_016465,2025-04-09T16:31:32
emp_000229,acct_002452,2025-03-24T18:23:00
emp_000437,acct_017459,2025-06-02T14:27:15
emp_000059,acct_011396,2025-11-12T18:33:06
emp_000026,acct_008424,2025-06-02T13:15:12
emp_000137,acct_007753,2025-09-11T12:19:54
emp_000251,acct_008717,2025-05-05T16:34:27
emp_000160,acct_009369,2025-10-09T10:16:31
emp_000557,acct_001608,2025-04-06T13:22:23
emp_000010,acct_012801,2025-10-02T12:47:52
emp_000386,acct_003754,2025-01-10T18:31:14
emp_000502,acct_012134,2025-03-19T18:50:05
emp_000564,acct_006960,2025-01-17T15:17:53
emp_000305,acct_006485,2025-05-23T10:31:45
emp_000395,acct_010768,2025-12-23T13:07:35
emp_000327,acct_003251,2025-03-14T14:18:49
emp_000225,acct_011265,2025-04-29T15:26:24
emp_000345,acct_003616,2025-11-03T14:32:03
emp_000491,acct_010334,2025-04-22T14:25:23
emp_000537,acct_008022,2025-02-20T09:41:02
emp_000050,acct_008668,2025-09-11T09:25:05
emp_000312,acct_009798,2025-12-22T15:00:15
emp_000089,acct_003743,2025-07-14T09:22:44
emp_000020,acct_001755,2025-09-10T16:52:52
emp_000149,acct_007187,2025-07-18T11:27:18
emp_000529,acct_008246,2025-05-12T17:19:58
emp_000160,acct_007965,2025-12-09T13:24:23
emp_000079,acct_021429,2025-04-21T16:04:55
emp_000358,acct_000171,2025-04-23T18:14:27
emp_000386,acct_003105,2025-05-08T12:20:08
emp_000530,acct_019084,2025-12-29T13:16:27
emp_000581,acct_009189,2025-11-18T10:03:24
emp_000537,acct_009506,2025-01-29T15:49:43
emp_000263,acct_004861,2025-10-03T14:53:37
emp_000428,acct_018421,2025-11-24T17:31:06
emp_000020,acct_019790,2025-10-20T10:00:38
emp_000259,acct_016304,2025-05-25T11:56:18
emp_000082,acct_019841,2025-03-24T11:55:47
emp_000169,acct_011101,2025-04-21T11:14:24
emp_000483,acct_017088,2025-09-11T13:08:00
emp_000086,acct_007719,2025-03-13T15:28:41
emp_000531,acct_020839,2025-03-07T14:19:51
emp_000014,acct_016863,2025-12-04T18:19:36
emp_000206,acct_021004,2025-03-20T13:23:27
emp_000356,acct_002745,2025-10-10T15:59:55
emp_000044,acct_007910,2025-08-27T17:21:40
emp_000250,acct_009563,2026-01-01T16:02:12
emp_000135,acct_012765,2025-05-26T14:54:02
emp_000325,acct_007773,2025-04-07T12:03:05
emp_000137,acct_003531,2025-02-04T10:33:49
emp_000220,acct_005565,2025-02-03T11:33:45
emp_000047,acct_004637,2025-07-27T16:51:22
emp_000229,acct_014564,2025-05-12T14:57:07
emp_000589,acct_004622,2025-02-27T16:24:48
emp_000595,acct_014736,2025-11-24T13:21:27
emp_000313,acct_000858,2025-06-30T18:14:19
emp_000275,acct_004789,2025-10-27T15:51:02
emp_000369,acct_006882,2025-03-21T17:17:07
emp_000140,acct_006744,2025-11-24T11:02:36
emp_000498,acct_004087,2025-04-26T11:39:06
emp_000598,acct_009416,2025-06-03T11:12:27
emp_000137,acct_002929,2025-03-19T10:32:09
emp_000235,acct_004624,2025-09-30T13:18:19
emp_000294,acct_002056,2025-01-15T16:21:24
emp_000253,acct_019340,2025-04-28T14:11:14
emp_000548,acct_008066,2025-03-06T10:27:21
emp_000382,acct_016168,2025-03-19T17:21:59
emp_000492,acct_015756,2025-07-01T12:33:40
emp_000013,acct_004922,2025-04-11T18:47:30
emp_000548,acct_009262,2025-04-05T18:54:52
emp_000279,acct_007712,2025-01-10T17:38:00
emp_000259,acct_012594,2025-08-19T13:20:59
emp_000531,acct_018644,2025-09-01T10:31:50
emp_000467,acct_003355,2025-01-17T12:08:28
emp_000528,acct_006720,2025-03-27T13:31:11
emp_000170,acct_005346,2025-10-29T17:00:47
emp_000176,acct_017771,2025-07-25T11:39:24
emp_000013,acct_002005,2025-11-03T12:39:25
emp_000052,acct_015833,2025-03-24T12:51:00
emp_000379,acct_006114,2025-01-23T09:21:17
emp_000337,acct_011091,2025-08-12T11:23:04
emp_000332,acct_015124,2025-08-01T10:08:08
emp_000149,acct_015829,2025-09-26T11:18:06
emp_000070,acct_017041,2025-04-14T09:35:55
emp_000529,acct_006199,2025-03-12T10:13:42
emp_000514,acct_013190,2025-07-21T16:18:21
emp_000008,acct_010096,2025-04-21T12:37:25
emp_000067,acct_011683,2025-04-14T15:45:34
emp_000089,acct_015464,2025-11-17T13:34:30
emp_000176,acct_013608,2025-07-21T16:48:10
emp_000396,acct_005928,2025-12-20T09:51:54
emp_000120,acct_008328,2025-01-06T12:20:49
emp_000354,acct_002955,2025-10-20T13:32:57
emp_000531,acct_003400,2025-07-14T11:32:09
emp_000598,acct_000602,2025-09-08T10:41:16
emp_000540,acct_019829,2025-12-10T16:37:50
emp_000002,acct_006850,2025-06-18T18:29:03
emp_000545,acct_004287,2025-12-29T15:48:45
emp_000008,acct_000868,2025-06-19T11:14:26
emp_000046,acct_007180,2025-01-20T18:08:18
emp_000272,acct_007875,2025-05-28T15:34:59
emp_000543,acct_019864,2025-09-09T17:53:44
emp_000396,acct_021925,2025-12-24T13:12:11
emp_000264,acct_008310,2025-09-19T12:39:42
emp_000076,acct_002743,2025-08-04T09:13:04
emp_000406,acct_014275,2025-03-10T12:27:30
emp_000375,acct_000687,2025-04-28T14:10:21
emp_000599,acct_010416,2025-03-14T15:24:50
emp_000470,acct_010265,2025-12-22T09:45:26
emp_000342,acct_012574,2025-11-26T18:38:57
emp_000460,acct_001183,2025-05-20T13:24:05
emp_000312,acct_002773,2025-02-10T18:00:27
emp_000188,acct_009579,2025-03-10T10:16:31
emp_000343,acct_000981,2025-10-29T14:36:30
emp_000184,acct_008323,2025-11-19T11:45:53
emp_000410,acct_008349,2025-12-23T10:38:19
emp_000564,acct_016186,2025-06-09T17:24:29
emp_000416,acct_010552,2025-04-10T13:21:49
emp_000248,acct_013726,2025-01-30T12:32:08
emp_000277,acct_017160,2025-03-21T16:27:19
emp_000004,acct_007561,2025-02-24T15:58:43
emp_000593,acct_015725,2025-06-30T16:04:00
emp_000184,acct_015766,2025-06-17T11:40:49
emp_000143,acct_017904,2025-03-14T16:49:21
emp_000089,acct_004979,2025-02-10T15:32:39
emp_000461,acct_000533,2025-07-22T11:41:29
emp_000518,acct_012661,2025-05-28T09:48:22
emp_000219,acct_017031,2025-12-16T10:43:34
emp_000026,acct_011084,2025-10-30T16:34:22
emp_000344,acct_000537,2025-12-04T13:28:07
emp_000581,acct_003899,2025-07-15T15:38:44
emp_000135,acct_016124,2025-04-08T12:25:06
emp_000140,acct_003270,2025-02-03T16:00:27
emp_000503,acct_018670,2025-02-25T11:20:50
emp_000247,acct_009311,2025-04-08T11:04:54
emp_000509,acct_001461,2025-09-11T10:24:25
emp_000209,acct_018807,2025-12-10T14:54:49
emp_000564,acct_012614,2025-10-24T09:04:57
emp_000091,acct_006378,2025-02-03T11:19:28
emp_000086,acct_017294,2025-01-03T14:11:39
emp_000492,acct_006883,2025-03-26T12:26:34
emp_000325,acct_014142,2025-08-04T12:29:12
emp_000155,acct_010669,2025-06-23T13:17:26
emp_000026,acct_015189,2025-05-28T17:24:58
emp_000245,acct_009715,2025-10-20T15:50:25
emp_000420,acct_008206,2025-02-03T11:29:08
emp_000270,acct_011550,2025-06-02T16:43:20
emp_000143,acct_015104,2025-03-21T17:00:56
emp_000043,acct_007400,2025-04-25T12:29:09
emp_000235,acct_016007,2025-11-20T17:34:06
emp_000146,acct_016321,2025-11-03T09:40:06
emp_000156,acct_012047,2025-02-25T15:40:05
emp_000219,acct_017643,2025-08-04T18:04:11
emp_000186,acct_001119,2025-08-05T09:13:12
emp_000198,acct_013219,2025-05-06T16:42:28
emp_000068,acct_001285,2025-06-23T10:40:32
emp_000291,acct_002555,2025-01-02T12:50:04
emp_000017,acct_008653,2025-02-14T16:49:27
emp_000306,acct_019034,2025-05-05T10:08:38
emp_000531,acct_006218,2025-05-18T14:32:11
emp_000135,acct_011664,2025-03-10T14:01:42
emp_000264,acct_020128,2025-10-17T18:27:52
emp_000090,acct_017054,2025-10-07T18:50:05
emp_000232,acct_008683,2025-10-20T18:30:15
emp_000057,acct_017072,2025-03-28T10:38:55
emp_000238,acct_018283,2025-05-01T13:33:34
emp_000247,acct_015348,2025-09-29T10:38:08
emp_000519,acct_014588,2025-01-31T14:53:47
emp_000344,acct_013533,2025-08-25T16:43:48
emp_000053,acct_003090,2025-03-27T09:27:28
emp_000259,acct_004272,2025-10-17T15:11:27
emp_000047,acct_005029,2025-03-17T15:42:07
emp_000461,acct_004011,2025-10-02T14:20:03
emp_000188,acct_009688,2025-04-15T11:45:26
emp_000511,acct_014457,2025-07-14T10:27:54
emp_000367,acct_017670,2025-11-06T13:25:37
emp_000219,acct_013904,2025-09-15T13:19:18
emp_000406,acct_002112,2025-10-24T10:30:00
emp_000383,acct_006864,2025-02-24T18:33:20
emp_000512,acct_021784,2025-07-11T10:08:37
emp_000125,acct_007304,2025-08-29T15:05:24
emp_000003,acct_016315,2025-09-01T14:21:23
emp_000071,acct_004016,2025-11-17T09:37:58
emp_000344,acct_021681,2025-10-08T12:16:03
emp_000325,acct_009022,2025-11-28T10:48:38
emp_000045,acct_007384,2025-04-23T14:51:30
emp_000553,acct_004767,2025-06-02T17:11:09
emp_000375,acct_011671,2025-11-21T09:00:17
emp_000494,acct_004224,2025-12-11T17:31:40
emp_000101,acct_019828,2025-09-05T18:56:46
emp_000057,acct_007386,2025-12-24T17:13:26
emp_000294,acct_005379,2025-11-12T15:43:17
emp_000503,acct_019506,2025-06-24T15:04:31
emp_000325,acct_015664,2025-12-22T10:15:56
emp_000387,acct_000155,2025-05-12T11:45:39
emp_000498,acct_020324,2025-11-24T10:34:07
emp_000140,acct_000538,2025-01-27T10:35:47
emp_000219,acct_001912,2025-05-14T16:37:06
emp_000428,acct_014688,2025-10-06T15:36:20
emp_000491,acct_018590,2025-11-19T11:03:05
emp_000076,acct_001018,2025-06-16T16:16:40
emp_000509,acct_018558,2025-12-04T15:52:36
emp_000386,acct_005910,2025-04-21T17:55:21
emp_000410,acct_008910,2025-06-16T12:28:48
emp_000017,acct_007016,2025-12-30T15:53:43
emp_000089,acct_021405,2025-01-27T11:44:13
emp_000004,acct_008443,2025-12-02T16:10:52
emp_000052,acct_014997,2025-04-29T12:09:56
emp_000068,acct_006107,2025-12-22T09:53:47
emp_000050,acct_019360,2025-08-18T16:49:25
emp_000518,acct_007167,2025-05-26T15:28:47
emp_000436,acct_019134,2025-04-24T12:10:16
emp_000161,acct_013844,2025-04-10T18:27:26
emp_000586,acct_018345,2025-06-23T12:19:25
emp_000454,acct_006837,2025-08-25T10:36:24
emp_000140,acct_017288,2025-04-07T16:10:55
emp_000017,acct_002298,2025-08-06T10:44:54
emp_000035,acct_021580,2025-03-03T13:22:32
emp_000150,acct_014618,2025-11-05T09:35:25
emp_000402,acct_004095,2025-12-01T18:10:41
emp_000204,acct_004449,2025-03-28T17:47:58
emp_000276,acct_014720,2025-02-24T16:28:45
emp_000275,acct_021940,2025-04-24T14:06:06
emp_000383,acct_007122,2025-07-15T14:34:34
emp_000502,acct_014261,2025-12-22T10:29:39
emp_000460,acct_021421,2025-12-29T16:15:01
emp_000096,acct_021125,2025-10-28T09:00:22
emp_000482,acct_009021,2025-03-25T14:47:10
emp_000050,acct_010974,2025-10-24T11:01:35
emp_000383,acct_002074,2025-10-21T11:50:10
emp_000417,acct_009589,2025-07-21T18:12:25
emp_000343,acct_007872,2025-04-10T14:18:03
emp_000358,acct_012407,2025-10-27T13:18:06
emp_000059,acct_005841,2025-08-29T10:06:22
emp_000593,acct_013150,2025-11-28T10:16:10
emp_000495,acct_016203,2025-06-09T15:40:03
emp_000188,acct_012834,2025-12-15T13:06:50
emp_000358,acct_013774,2025-05-13T17:01:26
emp_000208,acct_007176,2025-01-06T11:43:18
emp_000562,acct_008735,2025-01-13T14:30:53
emp_000312,acct_004810,2025-05-23T14:58:37
emp_000236,acct_002531,2025-11-17T16:14:02
emp_000131,acct_009128,2025-12-01T12:06:27
emp_000282,acct_020734,2025-09-01T13:05:41
emp_000044,acct_009121,2025-05-20T18:24:57
emp_000251,acct_017731,2025-04-16T18:10:33
emp_000156,acct_012379,2025-07-14T09:14:16
emp_000319,acct_008103,2025-09-11T09:00:25
emp_000135,acct_014616,2025-01-13T14:43:26
emp_000382,acct_015404,2025-07-03T16:58:52
emp_000251,acct_005749,2025-04-23T10:43:36
emp_000105,acct_003953,2025-02-12T09:11:45
emp_000013,acct_013461,2025-05-15T18:26:57
emp_000528,acct_006535,2025-05-27T18:34:38
emp_000581,acct_011231,2025-02-10T14:44:05
emp_000348,acct_004092,2025-12-02T11:26:08
emp_000495,acct_003877,2025-07-11T11:51:05
emp_000356,acct_016606,2025-01-31T12:21:55
emp_000060,acct_013295,2025-11-14T15:27:14
emp_000462,acct_020483,2025-05-05T11:01:14
emp_000348,acct_003772,2025-10-06T17:46:55
emp_000386,acct_005941,2025-08-06T17:56:32
emp_000008,acct_004207,2025-11-03T11:42:01
emp_000080,acct_016108,2025-10-15T13:00:43
emp_000393,acct_018487,2025-06-19T10:09:27
emp_000592,acct_001574,2025-04-27T12:29:23
emp_000192,acct_019608,2025-10-28T14:54:39
emp_000225,acct_008225,2025-12-29T11:04:53
emp_000417,acct_010776,2025-10-27T09:51:30
emp_000495,acct_019834,2025-02-24T14:25:56
emp_000290,acct_004756,2025-10-13T11:03:48
emp_000163,acct_018908,2025-03-11T12:51:42
emp_000002,acct_009756,2025-12-15T13:02:46
emp_000356,acct_002515,2025-10-17T11:34:35
emp_000150,acct_001843,2025-03-21T13:02:29
emp_000186,acct_009663,2025-07-02T18:11:53
emp_000544,acct_001583,2025-12-22T09:15:19
emp_000248,acct_000059,2025-11-17T14:33:44
emp_000189,acct_006665,2025-05-16T17:28:21
emp_000455,acct_021975,2025-05-09T11:09:48
emp_000193,acct_013486,2025-12-01T16:45:16
emp_000189,acct_009452,2025-04-04T11:30:27
emp_000514,acct_011386,2025-06-16T14:39:41
emp_000306,acct_010689,2025-06-05T12:20:01
emp_000548,acct_004561,2025-02-17T14:19:32
emp_000382,acct_018636,2025-03-28T18:28:43
emp_000047,acct_020902,2025-07-07T10:59:22
emp_000155,acct_021903,2025-12-31T13:46:36
emp_000383,acct_002408,2025-03-26T11:16:08
emp_000589,acct_020531,2025-08-11T16:57:34
emp_000482,acct_015052,2025-08-18T15:22:40
emp_000428,acct_005925,2025-09-12T09:30:07
emp_000376,acct_006828,2025-03-03T09:52:55
emp_000161,acct_013615,2025-05-06T09:24:52
emp_000543,acct_011055,2025-09-23T13:22:27
emp_000071,acct_006594,2025-09-12T14:29:16
emp_000528,acct_014063,2025-09-08T10:43:01
emp_000050,acct_011541,2025-04-21T13:02:10
emp_000436,acct_004085,2025-06-05T16:41:29
emp_000188,acct_000941,2025-07-23T11:40:39
emp_000417,acct_000297,2025-02-19T15:08:59
emp_000259,acct_016126,2025-08-02T18:41:48
emp_000396,acct_009277,2025-08-28T13:19:50
emp_000423,acct_000658,2025-05-19T12:18:23
emp_000367,acct_007460,2025-04-22T17:15:10
emp_000125,acct_017318,2025-08-18T17:41:27
emp_000026,acct_017935,2025-09-01T09:41:13
emp_000564,acct_005731,2025-08-08T17:50:33
emp_000470,acct_001426,2025-07-28T11:41:43
emp_000348,acct_002581,2025-10-28T09:40:34
emp_000436,acct_010623,2025-01-18T12:56:45
emp_000270,acct_007752,2025-04-21T10:33:40
emp_000082,acct_007030,2025-04-01T16:36:24
emp_000117,acct_002469,2025-12-23T11:52:12
emp_000517,acct_016193,2025-05-26T18:44:41
emp_000416,acct_003235,2025-10-27T14:04:38
emp_000146,acct_005917,2025-02-24T15:20:59
emp_000314,acct_021297,2025-03-14T17:47:02
emp_000219,acct_013884,2025-03-24T16:20:01
emp_000010,acct_009996,2025-09-30T15:54:34
emp_000548,acct_011164,2025-03-17T10:52:48
emp_000598,acct_016434,2025-07-11T10:07:24
emp_000365,acct_003445,2025-07-24T12:38:00
emp_000188,acct_018475,2025-12-04T18:02:31
emp_000592,acct_017304,2025-03-24T14:31:11
emp_000426,acct_006522,2025-01-10T16:19:24
emp_000481,acct_017307,2025-02-21T18:15:19
emp_000117,acct_000559,2025-12-23T11:19:13
emp_000562,acct_002344,2025-02-04T11:56:06
emp_000345,acct_003216,2025-06-30T15:46:03
emp_000314,acct_001030,2025-09-12T16:39:45
emp_000470,acct_007645,2025-01-13T14:46:49
emp_000105,acct_018982,2025-09-01T13:56:07
emp_000423,acct_020135,2025-06-12T13:17:39
emp_000048,acct_003461,2025-02-28T13:24:21
emp_000375,acct_007299,2025-07-29T16:03:03
emp_000188,acct_010936,2025-09-24T16:42:02
emp_000169,acct_003306,2025-01-11T15:37:17
emp_000137,acct_018435,2025-02-06T09:01:01
emp_000042,acct_017788,2025-10-14T10:13:27
emp_000491,acct_007428,2025-09-22T10:28:55
emp_000529,acct_020283,2025-06-17T11:48:07
emp_000085,acct_020910,2025-09-03T14:06:45
emp_000410,acct_009113,2025-02-18T09:03:01
emp_000543,acct_004289,2025-06-26T13:23:32
emp_000474,acct_000541,2025-10-31T13:16:00
emp_000383,acct_004093,2025-05-02T10:41:25
emp_000462,acct_001494,2025-05-23T14:35:24
emp_000126,acct_002914,2025-09-29T09:31:23
emp_000470,acct_013877,2025-07-30T10:30:46
emp_000290,acct_005768,2025-08-08T11:46:48
emp_000319,acct_003081,2025-08-21T11:53:46
emp_000482,acct_010152,2025-06-09T11:50:42
emp_000008,acct_015465,2025-01-27T11:18:19
emp_000540,acct_020159,2025-01-08T17:29:02
emp_000253,acct_003585,2025-11-18T15:17:22
emp_000166,acct_007815,2025-02-22T17:51:42
emp_000017,acct_010288,2025-04-29T11:55:07
emp_000528,acct_005836,2025-01-01T13:53:22
emp_000494,acct_020278,2025-08-18T09:59:08
emp_000426,acct_013213,2025-04-17T10:18:02
emp_000045,acct_001814,2025-12-15T11:18:47
emp_000464,acct_010872,2025-04-29T11:49:35
emp_000534,acct_012326,2025-09-04T11:30:21
emp_000048,acct_011801,2025-10-27T09:25:32
emp_000125,acct_020858,2025-04-20T18:01:52
emp_000060,acct_001202,2025-08-11T18:41:57
emp_000470,acct_017232,2025-11-03T11:33:28
emp_000184,acct_004415,2025-11-20T17:34:57
emp_000085,acct_002657,2025-02-04T15:48:31
emp_000166,acct_001925,2025-12-15T16:51:29
emp_000436,acct_020304,2025-02-06T16:12:54
emp_000155,acct_020993,2025-01-27T13:38:12
emp_000161,acct_001794,2025-02-03T09:47:11
emp_000298,acct_008379,2025-06-11T12:26:05
emp_000530,acct_016620,2025-05-05T10:21:55
emp_000231,acct_008483,2025-08-12T15:38:52
emp_000530,acct_009805,2025-09-06T10:50:13
emp_000560,acct_003162,2025-07-16T13:26:38
emp_000076,acct_010722,2025-12-15T18:56:39
emp_000143,acct_019290,2025-05-19T11:58:42
emp_000343,acct_001682,2025-11-27T16:40:37
emp_000530,acct_010872,2025-03-13T13:24:04
emp_000166,acct_002045,2025-09-11T15:21:41
emp_000592,acct_013189,2025-06-04T14:43:12
emp_000176,acct_016473,2025-07-31T11:09:19
emp_000514,acct_004124,2025-10-23T14:18:39
emp_000035,acct_009621,2025-05-27T17:08:03
emp_000393,acct_012428,2025-10-27T14:46:44
emp_000259,acct_009983,2025-10-06T16:30:06
emp_000564,acct_011835,2025-09-22T16:57:35
emp_000507,acct_013112,2025-01-02T12:50:15
emp_000598,acct_000784,2025-09-15T12:33:18
emp_000082,acct_015920,2025-12-01T14:03:28
emp_000020,acct_001929,2025-12-12T17:22:28
emp_000166,acct_020882,2025-12-29T12:25:54
emp_000494,acct_017427,2025-02-04T11:44:39
emp_000589,acct_013955,2025-09-15T14:51:35
emp_000375,acct_013250,2025-05-26T09:35:51
emp_000189,acct_011043,2025-04-16T18:40:02
emp_000184,acct_021564,2025-03-26T15:40:13
emp_000567,acct_011443,2025-09-08T14:51:21
emp_000382,acct_015934,2025-09-09T15:28:49
emp_000096,acct_004569,2025-05-19T12:06:59
emp_000250,acct_021355,2025-01-13T14:05:02
emp_000155,acct_001345,2025-07-03T14:08:45
emp_000176,acct_016461,2025-06-04T15:02:09
emp_000251,acct_009021,2025-07-08T17:35:35
emp_000543,acct_001834,2025-10-29T10:48:43
emp_000169,acct_016096,2025-09-23T16:01:46
emp_000272,acct_005683,2025-11-17T14:57:38
emp_000050,acct_012589,2025-03-17T13:41:05
emp_000548,acct_004534,2025-09-01T12:19:36
emp_000082,acct_001539,2025-12-12T12:47:42
emp_000509,acct_005013,2025-09-11T13:03:39
emp_000146,acct_007462,2025-06-03T14:16:17
emp_000159,acct_020149,2025-01-20T14:57:08
emp_000184,acct_011265,2025-12-18T09:53:47
emp_000076,acct_007737,2025-03-31T09:34:30
emp_000545,acct_003191,2025-07-14T16:52:01
emp_000598,acct_003546,2025-04-02T18:49:54
emp_000135,acct_020570,2025-10-02T11:30:21
emp_000492,acct_020813,2025-07-28T15:11:04
emp_000402,acct_019370,2025-01-14T14:43:57
emp_000127,acct_010100,2025-09-23T14:56:04
emp_000137,acct_002958,2025-08-08T14:52:41
emp_000599,acct_001999,2025-08-21T16:34:36
emp_000505,acct_017293,2025-06-24T17:26:20
emp_000548,acct_021335,2025-09-22T14:31:15
emp_000236,acct_008937,2025-08-09T12:55:27
emp_000089,acct_014449,2025-04-01T10:03:31
emp_000091,acct_021527,2025-05-12T10:56:23
emp_000509,acct_002043,2025-06-16T10:46:46
emp_000114,acct_004016,2025-07-22T10:30:05
emp_000167,acct_003127,2025-12-08T15:05:59
emp_000250,acct_014262,2025-10-29T15:56:10
emp_000306,acct_014095,2025-04-28T10:59:17
emp_000544,acct_003904,2025-10-02T17:03:03
emp_000590,acct_007919,2025-02-19T18:18:27
emp_000298,acct_003544,2025-12-10T15:22:10
emp_000219,acct_020668,2025-09-15T13:03:28
emp_000367,acct_006999,2025-12-04T09:49:34
emp_000470,acct_021024,2025-11-11T17:18:34
emp_000231,acct_014293,2025-01-28T13:52:06
emp_000529,acct_002497,2025-07-07T18:09:27
emp_000002,acct_016674,2025-06-09T16:03:15
emp_000466,acct_018615,2025-08-27T10:49:08
emp_000209,acct_018627,2025-02-07T14:54:20
emp_000112,acct_019753,2025-06-30T16:31:10
emp_000002,acct_011606,2025-12-08T09:43:19
emp_000085,acct_009573,2025-09-18T09:08:41
emp_000067,acct_006500,2025-04-29T15:45:18
emp_000503,acct_003995,2025-02-03T14:29:48
emp_000519,acct_006823,2025-06-02T17:42:37
emp_000060,acct_007238,2025-11-03T11:10:49
emp_000160,acct_016967,2025-05-23T11:58:44
emp_000462,acct_013795,2025-04-07T10:31:31
emp_000483,acct_011909,2025-07-09T09:57:43
emp_000131,acct_006431,2025-10-14T11:27:10
emp_000343,acct_019602,2025-11-03T12:04:38
emp_000112,acct_000839,2025-04-27T16:48:06
emp_000150,acct_021423,2025-11-11T12:16:55
emp_000358,acct_001823,2025-07-07T14:56:14
emp_000008,acct_009735,2025-11-24T14:44:44
emp_000282,acct_020552,2025-12-01T11:06:34
emp_000275,acct_018810,2025-03-31T10:43:08
emp_000258,acct_003112,2025-11-14T17:40:27
emp_000143,acct_006377,2025-01-20T09:59:28
emp_000090,acct_001303,2025-07-31T15:56:50
emp_000112,acct_015348,2025-02-27T11:56:17
emp_000540,acct_002660,2025-02-25T15:24:11
emp_000575,acct_017066,2025-12-11T18:10:30
emp_000543,acct_009502,2025-11-05T16:31:33
emp_000225,acct_014058,2025-02-24T09:00:18
emp_000379,acct_002165,2025-12-08T11:52:59
emp_000089,acct_014700,2025-07-01T12:44:24
emp_000127,acct_007130,2025-11-11T13:23:44
emp_000206,acct_008070,2025-07-22T14:15:08
emp_000313,acct_005480,2025-06-04T11:23:13
emp_000014,acct_018149,2025-07-24T16:05:01
emp_000150,acct_003875,2025-10-14T15:10:46
emp_000035,acct_001566,2025-04-08T17:53:06
emp_000461,acct_005120,2025-12-19T13:04:12
emp_000023,acct_000646,2025-06-30T11:16:53
emp_000502,acct_009708,2025-05-17T15:16:40
emp_000051,acct_007917,2025-07-29T17:46:12
emp_000250,acct_000013,2025-09-22T15:36:04
emp_000002,acct_021482,2025-01-19T13:15:41
emp_000334,acct_003917,2025-09-17T16:56:09
emp_000232,acct_012944,2025-11-10T15:56:59
emp_000169,acct_018421,2025-11-10T17:12:23
emp_000046,acct_013379,2025-09-17T15:20:20
emp_000512,acct_004945,2025-07-04T10:15:02
emp_000414,acct_011350,2025-12-26T14:49:35
emp_000510,acct_001989,2025-01-27T13:18:41
emp_000581,acct_002439,2025-07-25T10:20:34
emp_000560,acct_019799,2025-09-11T14:41:16
emp_000359,acct_018422,2025-04-16T13:36:30
emp_000044,acct_006687,2025-03-31T17:10:01
emp_000518,acct_012877,2025-05-02T09:10:55
emp_000101,acct_016796,2025-09-30T14:37:40
emp_000091,acct_010021,2025-09-08T11:16:06
emp_000313,acct_001080,2025-02-14T12:50:34
emp_000131,acct_004904,2025-06-16T18:16:55
emp_000135,acct_007591,2025-05-04T13:41:17
emp_000067,acct_010690,2025-12-10T10:04:45
emp_000500,acct_012571,2025-10-02T09:36:24
emp_000024,acct_012628,2025-11-14T18:31:42
emp_000238,acct_001768,2025-04-28T13:14:47
emp_000166,acct_021772,2025-04-14T15:17:45
emp_000481,acct_014568,2025-09-09T09:21:45
emp_000272,acct_017253,2025-06-20T18:53:11
emp_000127,acct_021959,2025-12-05T11:30:50
emp_000369,acct_000073,2025-05-02T12:07:34
emp_000454,acct_010590,2025-09-22T15:30:27
emp_000117,acct_006462,2025-12-29T16:56:43
emp_000564,acct_001989,2025-07-24T10:24:26
emp_000020,acct_005682,2025-03-07T09:15:51
emp_000575,acct_008663,2025-11-27T14:29:23
emp_000545,acct_011427,2025-11-29T15:21:46
emp_000176,acct_021555,2025-11-24T17:38:24
emp_000155,acct_005710,2025-11-10T13:36:22
emp_000319,acct_011711,2025-12-26T18:48:26
emp_000460,acct_003268,2025-03-09T10:46:34
emp_000562,acct_018471,2025-11-14T17:56:36
emp_000020,acct_019159,2025-09-29T15:31:43
emp_000189,acct_000074,2025-02-27T09:16:34
emp_000560,acct_000169,2025-05-23T10:08:32
emp_000540,acct_017962,2025-12-29T13:42:30
emp_000595,acct_000560,2025-12-29T12:12:41
emp_000186,acct_008961,2025-08-05T13:19:46
emp_000553,acct_021696,2025-12-22T14:03:56
emp_000010,acct_007838,2025-11-17T12:36:01
emp_000518,acct_021890,2025-12-25T15:09:47
emp_000160,acct_021151,2025-10-17T11:30:54
emp_000193,acct_020325,2025-12-24T17:35:28
emp_000023,acct_007568,2025-03-24T18:04:53
emp_000387,acct_016023,2025-05-30T13:35:14
emp_000074,acct_017221,2025-08-25T14:23:30
emp_000074,acct_015770,2025-12-08T11:03:08
emp_000299,acct_004199,2025-09-08T13:00:29
emp_000155,acct_015700,2025-03-20T16:09:37
emp_000294,acct_006368,2025-02-21T11:29:21
emp_000080,acct_017082,2025-11-26T13:20:20
emp_000082,acct_001341,2025-02-10T15:19:16
emp_000155,acct_011127,2025-01-16T16:20:11
emp_000149,acct_011125,2025-08-04T16:30:26
emp_000059,acct_000193,2025-10-22T18:01:36
emp_000466,acct_013497,2025-08-04T17:15:36
emp_000522,acct_001856,2025-07-07T17:45:15
emp_000042,acct_011577,2025-08-30T13:35:40
emp_000170,acct_013418,2025-06-19T16:23:00
emp_000112,acct_018775,2025-01-15T15:12:23
emp_000206,acct_016275,2025-09-30T16:20:04
emp_000161,acct_015843,2025-02-10T17:34:20
emp_000534,acct_002275,2025-11-18T15:00:37
emp_000053,acct_016277,2025-08-14T17:59:43
emp_000024,acct_008760,2025-12-02T18:56:09
emp_000096,acct_019153,2025-11-06T10:07:21
emp_000517,acct_020854,2025-04-08T14:18:33
emp_000550,acct_012033,2025-07-14T17:59:56
emp_000013,acct_017875,2025-08-27T10:54:01
emp_000225,acct_014347,2025-06-24T17:57:35
emp_000463,acct_003691,2025-11-20T14:28:37
emp_000564,acct_007540,2025-07-14T16:10:56
emp_000514,acct_004171,2025-09-15T12:19:54
emp_000170,acct_013264,2025-10-15T10:00:40
emp_000060,acct_004588,2025-10-16T12:55:06
emp_000528,acct_000894,2025-10-01T18:54:33
emp_000023,acct_009223,2025-06-30T10:08:04
emp_000481,acct_012404,2025-11-11T17:16:56
emp_000024,acct_015179,2025-04-30T14:04:55
emp_000325,acct_021883,2025-11-27T18:17:16
emp_000127,acct_003904,2025-09-10T17:19:21
emp_000043,acct_004809,2025-08-22T12:27:43
emp_000177,acct_021173,2025-08-07T11:39:28
emp_000354,acct_000643,2025-12-10T11:06:15
emp_000204,acct_015075,2025-02-03T16:19:03
emp_000017,acct_008679,2025-11-13T09:47:09
emp_000567,acct_013196,2025-06-20T11:27:12
emp_000085,acct_008045,2025-06-16T10:59:52
emp_000132,acct_001344,2025-12-26T18:35:13
emp_000248,acct_006426,2025-03-31T14:02:51
emp_000426,acct_010617,2025-07-07T13:01:01
emp_000599,acct_012749,2025-09-25T18:50:40
emp_000206,acct_003312,2025-07-28T12:04:39
emp_000379,acct_004461,2025-07-14T11:18:29
emp_000048,acct_011165,2025-08-25T18:23:41
emp_000544,acct_018069,2025-11-03T17:45:17
emp_000011,acct_009839,2025-07-25T09:54:03
emp_000284,acct_017465,2025-05-26T17:46:59
emp_000369,acct_014068,2025-04-16T10:01:57
emp_000502,acct_014169,2025-10-06T17:52:55
emp_000511,acct_012538,2025-08-21T16:20:44
emp_000495,acct_002437,2025-04-25T13:54:55
emp_000378,acct_002982,2025-02-22T12:29:34
emp_000466,acct_005686,2025-10-23T14:06:03
emp_000491,acct_003729,2025-10-02T15:15:48
emp_000140,acct_003241,2025-07-18T09:55:11
emp_000035,acct_010784,2025-01-14T10:12:44
emp_000209,acct_005333,2025-01-08T18:28:27
emp_000415,acct_008404,2025-07-28T12:38:24
emp_000060,acct_010801,2025-11-07T17:48:38
emp_000052,acct_002491,2025-11-18T14:00:56
emp_000348,acct_013238,2025-05-06T16:10:38
emp_000155,acct_019337,2025-02-10T18:50:47
emp_000481,acct_019621,2025-10-07T11:07:52
emp_000431,acct_013185,2025-02-07T15:24:26
emp_000159,acct_005334,2025-05-29T09:22:04
emp_000079,acct_017159,2025-03-14T12:55:03
emp_000420,acct_014013,2025-10-15T10:42:47
emp_000387,acct_008079,2025-10-08T14:00:50
emp_000544,acct_016104,2025-11-25T14:35:25
emp_000276,acct_009131,2025-09-24T09:57:28
emp_000460,acct_007550,2025-06-16T14:10:26
emp_000159,acct_003995,2025-09-08T14:59:40
emp_000461,acct_019769,2025-09-19T09:00:32
emp_000131,acct_020383,2025-07-25T15:14:41
emp_000091,acct_020009,2025-11-17T11:07:21
emp_000291,acct_021387,2025-04-21T18:49:18
emp_000416,acct_007279,2025-09-09T09:35:58
emp_000236,acct_001776,2025-06-24T10:49:59
emp_000510,acct_002079,2025-06-02T09:09:00
emp_000126,acct_010315,2025-06-12T14:04:53
emp_000529,acct_013280,2025-07-21T14:41:27
emp_000365,acct_000726,2025-03-28T17:57:12
emp_000284,acct_005633,2025-06-23T15:07:59
emp_000560,acct_015821,2025-10-15T18:54:41
emp_000047,acct_009551,2025-09-09T18:07:18
emp_000251,acct_003076,2025-06-23T18:06:32
emp_000057,acct_013129,2025-04-11T11:39:47
emp_000437,acct_009293,2025-11-03T15:49:30
emp_000023,acct_000006,2025-06-16T13:24:07
emp_000169,acct_021194,2025-12-29T18:46:58
emp_000593,acct_012958,2025-11-04T10:37:34
emp_000314,acct_000173,2025-11-20T14:24:42
emp_000416,acct_017794,2025-11-21T15:39:50
emp_000027,acct_014993,2025-07-30T18:27:16
emp_000494,acct_016739,2025-06-16T13:25:47
emp_000013,acct_021158,2025-12-25T15:56:48
emp_000220,acct_000383,2025-12-11T10:58:14
emp_000089,acct_009711,2025-01-08T11:21:01
emp_000082,acct_014449,2025-12-25T15:47:32
emp_000126,acct_002023,2025-02-19T16:01:12
emp_000522,acct_014402,2025-02-16T15:09:20
emp_000590,acct_011861,2025-11-25T10:53:30
emp_000125,acct_015336,2025-07-30T10:36:50
emp_000483,acct_003820,2025-09-23T10:06:55
emp_000086,acct_004071,2025-12-18T14:15:39
emp_000544,acct_001027,2025-07-15T15:30:44
emp_000519,acct_002907,2025-06-03T17:33:42
emp_000466,acct_013879,2025-12-19T14:46:58
emp_000023,acct_013345,2025-02-24T12:56:19
emp_000599,acct_013463,2025-11-03T13:00:22
emp_000076,acct_004173,2025-04-21T11:12:54
emp_000167,acct_012023,2025-06-09T13:22:05
emp_000082,acct_003529,2025-01-19T17:36:29
emp_000376,acct_020845,2025-08-21T11:17:13
emp_000086,acct_010979,2025-09-08T09:55:03
emp_000235,acct_006339,2025-07-07T16:07:51
emp_000189,acct_020700,2025-07-13T16:14:14
emp_000167,acct_011086,2025-11-03T17:23:40
emp_000263,acct_011862,2025-02-28T10:01:14
emp_000245,acct_012497,2025-04-07T13:16:11
emp_000348,acct_019023,2025-02-10T16:42:33
emp_000383,acct_003138,2025-09-22T14:17:36
emp_000074,acct_002751,2025-06-09T17:58:39
emp_000510,acct_005275,2025-02-05T14:39:45
emp_000149,acct_009977,2025-02-24T17:56:51
emp_000176,acct_005174,2025-04-15T17:46:31
emp_000325,acct_010360,2025-03-06T16:08:47
emp_000046,acct_020311,2025-05-26T11:46:01
emp_000581,acct_016333,2025-06-26T09:09:22
emp_000282,acct_002165,2025-10-01T15:51:58
emp_000132,acct_020096,2025-11-14T09:57:34
emp_000306,acct_008135,2025-02-12T09:28:45
emp_000042,acct_012652,2025-02-04T15:39:53
emp_000159,acct_009735,2025-11-10T14:55:42
emp_000024,acct_008791,2025-02-24T12:38:17
emp_000481,acct_005655,2025-08-12T18:59:22
emp_000282,acct_000240,2025-01-08T11:52:39
emp_000192,acct_014834,2025-09-01T18:59:43
emp_000245,acct_021629,2025-04-19T13:44:17
emp_000387,acct_016681,2025-11-05T16:52:11
emp_000534,acct_017502,2025-12-23T11:30:04
emp_000575,acct_001223,2025-05-28T09:23:09
emp_000131,acct_008889,2025-10-20T09:26:58
emp_000544,acct_001607,2025-10-24T17:30:52
emp_000188,acct_011376,2025-06-11T09:53:59
emp_000599,acct_010662,2025-11-18T15:16:36
emp_000169,acct_006056,2025-02-12T14:17:13
emp_000494,acct_018285,2025-07-21T09:53:19
emp_000537,acct_008772,2025-02-19T12:34:26
emp_000002,acct_017015,2025-08-26T17:09:24
emp_000169,acct_010617,2025-09-02T13:17:03
emp_000020,acct_009818,2025-08-11T17:20:48
emp_000491,acct_001518,2025-01-14T09:40:39
emp_000132,acct_012967,2025-05-05T15:26:14
emp_000593,acct_004569,2025-06-09T09:32:19
emp_000540,acct_002174,2025-02-03T13:30:41
emp_000135,acct_008674,2025-11-28T17:16:34
emp_000345,acct_009267,2025-06-03T13:03:05
emp_000272,acct_016118,2025-03-03T09:30:50
emp_000598,acct_000957,2025-01-14T09:30:02
emp_000369,acct_007880,2025-02-17T10:19:43
emp_000503,acct_019042,2025-05-30T10:26:32
emp_000161,acct_004138,2025-05-24T10:54:53
emp_000127,acct_000626,2025-06-23T09:53:48
emp_000258,acct_011368,2025-04-04T12:01:05
emp_000312,acct_018891,2025-02-10T09:45:15
emp_000327,acct_010370,2025-05-19T15:30:10
emp_000248,acct_011969,2025-07-04T18:44:42
emp_000258,acct_012359,2025-12-26T16:21:05
emp_000517,acct_002291,2025-07-17T17:40:40
emp_000589,acct_020965,2025-03-03T10:16:01
emp_000365,acct_014682,2025-07-16T14:40:09
emp_000146,acct_000158,2025-04-01T16:07:37
emp_000464,acct_012892,2025-10-17T16:19:37
emp_000375,acct_017137,2025-02-04T15:15:40
emp_000474,acct_018442,2025-01-06T09:37:32
emp_000505,acct_007450,2025-07-31T13:52:21
emp_000376,acct_003948,2025-09-07T16:45:00
emp_000505,acct_004267,2025-11-11T11:57:19
emp_000143,acct_001045,2025-07-29T13:53:43
emp_000564,acct_008460,2025-08-15T17:51:07
emp_000509,acct_010287,2025-06-09T11:52:38
emp_000150,acct_007053,2025-02-10T16:06:41
emp_000306,acct_010538,2025-06-23T12:29:11
emp_000135,acct_003536,2025-01-24T09:17:22
emp_000220,acct_011877,2025-10-27T12:09:15
emp_000069,acct_020043,2025-03-20T16:41:03
emp_000232,acct_004360,2025-01-07T10:49:51
emp_000279,acct_001193,2025-05-30T11:54:50
emp_000348,acct_005691,2025-02-04T13:05:02
emp_000334,acct_018907,2025-08-14T15:04:21
emp_000557,acct_006658,2025-10-13T16:59:06
emp_000245,acct_019794,2025-09-04T12:34:46
emp_000387,acct_013450,2025-06-30T11:38:14
emp_000307,acct_013088,2025-02-05T12:10:26
emp_000344,acct_002958,2025-05-21T17:58:37
emp_000206,acct_011835,2025-06-12T13:36:18
emp_000462,acct_011202,2025-07-09T12:46:45
emp_000375,acct_005333,2025-01-01T17:09:22
emp_000560,acct_012707,2025-07-23T12:11:24
emp_000095,acct_017916,2025-12-08T14:19:03
emp_000067,acct_017497,2025-05-14T15:57:31
emp_000562,acct_006710,2025-06-17T18:08:39
emp_000510,acct_010902,2025-05-15T18:56:36
emp_000334,acct_010442,2025-12-04T15:29:52
emp_000236,acct_007484,2025-12-08T10:35:39
emp_000534,acct_000876,2025-03-14T17:36:46
emp_000461,acct_011123,2025-02-27T15:24:01
emp_000395,acct_015002,2025-10-07T16:27:08
emp_000327,acct_012238,2025-08-04T14:56:40
emp_000085,acct_001270,2025-11-20T13:24:25
emp_000332,acct_009940,2025-01-23T09:36:42
emp_000291,acct_014502,2025-11-10T17:30:35
emp_000474,acct_014029,2025-08-05T16:44:59
emp_000219,acct_009967,2025-11-04T14:49:14
emp_000017,acct_012440,2025-01-13T15:46:11
emp_000166,acct_015985,2025-11-28T16:31:47
emp_000013,acct_017973,2025-03-10T12:23:01
emp_000420,acct_004173,2025-12-30T17:39:31
emp_000219,acct_016633,2025-12-17T17:30:10
emp_000529,acct_003348,2025-10-27T17:44:02
emp_000186,acct_002110,2025-11-17T18:00:40
emp_000060,acct_017036,2025-06-06T10:01:45
emp_000344,acct_016474,2025-12-01T09:08:48
emp_000284,acct_007040,2025-05-23T13:12:27
emp_000362,acct_005247,2025-09-11T15:52:50
emp_000050,acct_004346,2025-10-13T18:12:59
emp_000517,acct_010826,2025-04-24T11:22:33
emp_000354,acct_016069,2025-10-16T17:56:13
emp_000219,acct_000244,2025-01-11T10:36:58
emp_000367,acct_016516,2025-09-02T15:09:34
emp_000057,acct_003852,2025-10-15T17:35:11
emp_000112,acct_008628,2025-03-07T09:34:02
emp_000502,acct_004600,2025-07-30T10:55:28
emp_000231,acct_001935,2025-12-02T13:42:13
emp_000514,acct_020022,2025-03-25T12:48:08
emp_000177,acct_001271,2025-05-27T11:51:40
emp_000276,acct_019827,2025-01-13T18:01:34
emp_000306,acct_013044,2025-08-07T18:22:45
emp_000279,acct_006052,2025-10-20T14:02:15
emp_000238,acct_002866,2025-08-26T09:11:49
emp_000305,acct_008396,2025-06-16T17:56:15
emp_000517,acct_013414,2025-04-24T11:41:28
emp_000540,acct_020841,2025-02-10T15:00:47
emp_000481,acct_007680,2025-02-27T11:38:47
emp_000387,acct_009979,2025-11-03T11:25:29
emp_000209,acct_015959,2025-06-06T17:46:48
emp_000376,acct_017480,2025-02-28T12:47:50
emp_000079,acct_007673,2025-09-22T13:59:14
emp_000386,acct_005867,2025-10-13T14:24:00
emp_000291,acct_001892,2025-03-10T13:52:05
emp_000042,acct_016629,2025-01-24T15:29:49
emp_000189,acct_019847,2025-03-10T15:25:03
emp_000466,acct_000097,2025-06-17T11:51:29
emp_000581,acct_017110,2025-07-21T12:19:44
emp_000470,acct_002226,2025-06-24T09:05:08
emp_000193,acct_020632,2025-09-08T09:11:16
emp_000131,acct_003539,2025-09-03T11:51:22
emp_000020,acct_011244,2025-09-29T13:43:03
emp_000560,acct_016446,2025-07-25T15:20:31
emp_000211,acct_021417,2025-08-03T11:56:53
emp_000595,acct_001643,2025-05-26T16:18:59
emp_000167,acct_015218,2025-07-21T16:15:30
emp_000089,acct_011793,2025-04-21T18:41:54
emp_000120,acct_020208,2025-03-28T14:39:57
emp_000275,acct_018876,2025-05-05T15:56:32
emp_000044,acct_005429,2025-06-25T15:12:12
emp_000584,acct_004007,2025-01-03T15:32:09
emp_000169,acct_006592,2025-07-07T11:49:55
emp_000505,acct_003295,2025-01-25T09:45:33
emp_000253,acct_015165,2025-11-13T15:05:14
emp_000354,acct_002548,2025-03-24T14:08:13
emp_000299,acct_000376,2025-12-31T18:48:34
emp_000464,acct_005323,2025-07-30T18:16:04
emp_000540,acct_005117,2025-12-12T13:06:43
emp_000500,acct_000745,2025-09-02T09:44:13
emp_000512,acct_007403,2025-10-21T13:42:57
emp_000112,acct_015015,2025-12-15T13:33:20
emp_000004,acct_021274,2025-01-08T14:42:08
emp_000131,acct_006895,2025-10-30T13:58:26
emp_000067,acct_021236,2025-10-18T11:02:34
emp_000101,acct_000965,2025-02-20T10:05:24
emp_000143,acct_003600,2025-08-21T09:51:42
emp_000051,acct_014019,2025-04-14T16:58:04
emp_000299,acct_013263,2025-02-05T15:34:40
emp_000161,acct_013798,2025-03-18T12:40:22
emp_000550,acct_017755,2025-06-02T16:20:37
emp_000112,acct_014189,2025-03-24T11:20:35
emp_000247,acct_000855,2025-03-24T11:16:42
emp_000481,acct_021355,2025-11-21T16:54:19
emp_000232,acct_002118,2025-01-31T15:38:33
emp_000345,acct_012736,2025-06-10T14:01:07
emp_000340,acct_003747,2025-12-24T15:18:42
emp_000047,acct_013193,2025-09-11T11:17:36
emp_000314,acct_020995,2025-02-10T17:33:28
emp_000170,acct_002730,2025-12-09T14:27:52
emp_000464,acct_013820,2025-06-28T11:56:29
emp_000259,acct_008162,2025-03-17T11:28:40
emp_000277,acct_009924,2025-08-04T18:21:09
emp_000048,acct_012990,2025-04-14T14:17:29
emp_000204,acct_016308,2025-09-23T11:45:00
emp_000494,acct_009103,2025-02-18T13:59:29
emp_000193,acct_019928,2025-06-23T14:49:26
emp_000481,acct_007395,2025-01-16T12:18:16
emp_000567,acct_020318,2025-09-15T09:46:14
emp_000359,acct_005970,2025-09-26T12:14:38
emp_000017,acct_014716,2025-12-03T15:23:46
emp_000367,acct_009779,2025-02-17T15:14:34
emp_000455,acct_002264,2025-04-29T13:37:11
emp_000502,acct_008920,2025-08-18T09:18:43
emp_000305,acct_019860,2025-05-09T09:58:32
emp_000334,acct_000967,2025-12-23T17:40:08
emp_000519,acct_013117,2025-06-02T09:32:22
emp_000288,acct_014584,2025-12-08T10:10:50
emp_000276,acct_007769,2025-02-21T11:07:58
emp_000047,acct_016890,2025-04-01T16:27:08
emp_000544,acct_012737,2025-12-29T18:17:42
emp_000014,acct_007995,2025-12-17T14:06:53
emp_000208,acct_020486,2025-12-12T11:55:22
emp_000149,acct_009959,2025-10-13T17:11:04
emp_000117,acct_007237,2025-12-30T18:19:23
emp_000225,acct_018542,2025-09-01T10:04:01
emp_000070,acct_020226,2025-07-21T13:50:40
emp_000592,acct_005039,2025-03-14T17:20:37
emp_000220,acct_009937,2025-07-14T11:46:12
emp_000231,acct_021552,2025-02-24T17:34:20
emp_000305,acct_020348,2026-01-01T17:32:37
emp_000467,acct_004890,2025-11-03T15:43:18
emp_000494,acct_011381,2025-12-15T14:53:27
emp_000146,acct_016059,2025-01-27T14:20:28
emp_000057,acct_018903,2025-10-13T09:58:50
emp_000393,acct_013915,2025-06-27T13:46:58
emp_000545,acct_009200,2025-08-27T12:52:55
emp_000211,acct_006083,2025-04-25T11:00:49
emp_000035,acct_017491,2025-05-30T14:15:59
emp_000325,acct_010829,2025-11-06T09:10:00
emp_000562,acct_001576,2025-02-14T09:02:38
emp_000534,acct_005777,2025-09-19T11:12:10
emp_000307,acct_002746,2025-09-08T18:51:40
emp_000114,acct_010267,2025-12-12T11:05:17
emp_000027,acct_001405,2025-01-08T11:20:56
emp_000060,acct_002431,2025-03-12T17:50:22
emp_000270,acct_005251,2025-02-20T18:07:49
emp_000177,acct_018528,2025-03-31T13:24:00
emp_000053,acct_017386,2025-07-18T09:20:09
emp_000511,acct_018291,2025-08-02T13:53:17
emp_000250,acct_014541,2025-03-10T15:07:15
emp_000540,acct_011378,2025-11-13T14:29:38
emp_000431,acct_007727,2025-04-07T13:03:44
emp_000043,acct_005934,2025-10-24T14:12:37
emp_000362,acct_020588,2025-12-08T09:08:43
emp_000150,acct_016116,2025-10-10T16:28:26
emp_000306,acct_013608,2025-07-18T10:08:41
emp_000086,acct_010882,2025-09-11T10:27:54
emp_000076,acct_017250,2025-03-04T15:26:33
emp_000059,acct_005707,2025-08-22T09:16:17
emp_000068,acct_007702,2025-03-24T14:05:18
emp_000288,acct_003008,2025-02-16T16:04:06
emp_000208,acct_004192,2025-05-19T14:28:42
emp_000537,acct_013179,2025-11-03T10:38:36
emp_000288,acct_000898,2025-04-29T14:39:59
emp_000017,acct_005216,2025-06-16T11:30:15
emp_000378,acct_003574,2025-07-14T17:26:23
emp_000553,acct_010565,2025-04-18T09:05:34
emp_000575,acct_008736,2025-10-31T11:02:22
emp_000312,acct_005394,2025-08-14T13:26:17
emp_000354,acct_013538,2025-09-08T18:21:21
emp_000167,acct_002055,2025-05-19T18:52:40
emp_000498,acct_020323,2025-07-14T13:17:17
emp_000503,acct_014553,2025-05-12T17:07:16
emp_000470,acct_010927,2025-01-06T15:31:10
emp_000089,acct_012014,2025-08-14T17:11:17
emp_000545,acct_014222,2025-06-16T10:50:56
emp_000433,acct_002826,2025-01-01T10:46:47
emp_000359,acct_006184,2025-11-17T11:18:22
emp_000017,acct_016398,2025-06-12T13:56:53
emp_000455,acct_006075,2025-12-30T14:22:58
emp_000277,acct_010434,2025-11-18T14:33:45
emp_000067,acct_015380,2025-03-10T18:25:43
emp_000143,acct_002624,2025-12-27T16:49:52
emp_000053,acct_008910,2025-01-13T13:00:30
emp_000211,acct_013481,2025-05-26T12:35:45
emp_000367,acct_007840,2025-03-25T12:51:55
emp_000060,acct_014350,2025-01-06T17:37:45
emp_000160,acct_003847,2025-05-21T10:20:59
emp_000189,acct_014529,2025-09-15T16:43:33
emp_000581,acct_016453,2025-03-31T11:21:56
emp_000396,acct_008625,2025-01-24T11:57:17
emp_000279,acct_000748,2025-01-07T18:38:35
emp_000127,acct_008467,2025-11-24T17:10:37
emp_000359,acct_019808,2025-04-24T11:23:58
emp_000562,acct_009792,2025-12-15T15:00:24
emp_000225,acct_012954,2025-12-15T18:04:16
emp_000517,acct_007620,2025-01-20T18:13:03
emp_000528,acct_015919,2025-09-23T13:47:24
emp_000553,acct_017465,2025-02-18T10:16:48
emp_000247,acct_013191,2025-10-28T13:14:24
emp_000208,acct_003213,2025-02-06T12:30:26
emp_000307,acct_005486,2025-10-28T14:01:02
emp_000229,acct_017661,2025-01-16T12:34:08
emp_000294,acct_002036,2025-06-16T17:05:39
emp_000402,acct_015355,2025-10-14T17:41:29
emp_000337,acct_013969,2025-05-09T13:00:02
emp_000343,acct_019911,2025-04-28T16:42:02
emp_000348,acct_015058,2025-09-04T15:24:54
emp_000127,acct_013719,2025-08-04T17:49:58
emp_000590,acct_006599,2025-04-18T09:06:46
emp_000277,acct_009607,2025-06-30T12:29:50
emp_000279,acct_006439,2025-09-13T17:05:10
emp_000414,acct_006660,2025-05-28T18:11:47
emp_000095,acct_005683,2025-02-11T17:26:19
emp_000514,acct_021184,2025-01-16T14:47:34
emp_000500,acct_020776,2025-06-23T11:59:36
emp_000410,acct_007407,2025-03-03T17:07:59
emp_000410,acct_002942,2025-01-06T18:26:41
emp_000383,acct_004063,2025-05-23T12:40:53
emp_000464,acct_017136,2025-03-22T12:59:09
emp_000156,acct_001490,2025-01-28T11:55:48
emp_000170,acct_013447,2025-04-01T15:23:43
emp_000464,acct_011718,2025-02-25T13:47:26
emp_000076,acct_008375,2025-07-15T11:14:50
emp_000402,acct_019352,2025-03-12T18:37:49
emp_000057,acct_008146,2025-03-17T13:57:26
emp_000350,acct_021509,2025-11-10T14:50:48
emp_000564,acct_004318,2025-05-26T10:17:32
emp_000169,acct_005465,2025-11-05T09:26:22
emp_000231,acct_013042,2025-11-17T13:10:05
emp_000406,acct_005285,2025-05-08T12:49:36
emp_000344,acct_003348,2025-02-24T13:38:03
emp_000548,acct_014113,2025-05-16T11:13:44
emp_000140,acct_001372,2025-05-12T17:11:03
emp_000564,acct_010598,2025-06-30T18:00:50
emp_000184,acct_009592,2025-09-08T18:42:47
emp_000581,acct_013787,2025-06-20T12:36:07
emp_000491,acct_013854,2025-12-15T12:17:17
emp_000050,acct_014196,2025-09-17T10:11:30
emp_000365,acct_015102,2025-12-08T12:05:39
emp_000586,acct_006696,2025-06-23T10:52:07
emp_000131,acct_001730,2025-10-17T14:52:14
emp_000003,acct_001179,2025-03-18T13:16:39
emp_000026,acct_009560,2025-12-24T12:04:14
emp_000406,acct_009734,2025-01-29T17:05:09
emp_000247,acct_002306,2025-07-01T10:09:41
emp_000014,acct_017987,2025-09-08T17:46:12
emp_000290,acct_001515,2025-10-06T16:16:40
emp_000379,acct_020922,2025-12-18T11:09:01
emp_000277,acct_008107,2025-01-31T13:54:58
emp_000232,acct_010688,2025-10-30T13:17:51
emp_000045,acct_017094,2025-08-13T12:56:39
emp_000070,acct_020977,2025-07-24T18:59:53
emp_000474,acct_001830,2025-10-20T09:03:38
emp_000511,acct_004116,2025-08-06T09:18:04
emp_000294,acct_003942,2025-02-27T11:15:32
emp_000137,acct_008830,2025-07-23T17:57:49
emp_000313,acct_019579,2025-10-21T11:52:49
emp_000491,acct_019464,2025-05-15T15:09:15
emp_000359,acct_001845,2025-12-29T11:48:19
emp_000592,acct_013476,2025-12-02T09:08:40
emp_000502,acct_004753,2025-11-26T10:21:57
emp_000091,acct_017532,2025-01-08T11:12:39
emp_000530,acct_000208,2025-06-23T11:14:41
emp_000415,acct_003550,2025-12-15T18:06:16
emp_000258,acct_016569,2025-04-16T16:06:46
emp_000467,acct_014285,2025-10-07T15:52:56
emp_000051,acct_002086,2025-10-06T13:58:41
emp_000423,acct_019885,2025-09-08T11:01:17
emp_000481,acct_012644,2025-02-24T16:55:29
emp_000044,acct_020901,2025-09-18T14:35:18
emp_000250,acct_016153,2025-10-09T09:43:24
emp_000599,acct_016389,2025-03-11T11:47:35
emp_000117,acct_021269,2025-06-06T16:37:41
emp_000060,acct_007247,2025-07-22T18:41:46
emp_000248,acct_007609,2025-06-23T15:19:43
emp_000327,acct_008494,2025-11-10T10:05:47
emp_000067,acct_006911,2025-05-20T14:32:30
emp_000251,acct_012513,2025-04-07T12:32:41
emp_000079,acct_020624,2025-08-14T10:43:29
emp_000359,acct_015744,2025-10-27T12:14:27
emp_000051,acct_004164,2025-05-02T13:37:56
emp_000023,acct_005202,2025-10-29T14:47:31
emp_000291,acct_016711,2025-08-25T17:22:54
emp_000474,acct_021358,2025-09-03T15:31:22
emp_000047,acct_001354,2025-07-07T12:06:18
emp_000584,acct_018433,2025-06-11T17:50:14
emp_000395,acct_018458,2025-07-15T17:54:45
emp_000545,acct_000082,2025-09-02T12:28:08
emp_000020,acct_020497,2025-11-17T10:23:23
emp_000466,acct_006851,2025-08-28T18:14:52
emp_000415,acct_014295,2025-05-29T14:26:23
emp_000169,acct_013131,2025-10-24T14:22:37
emp_000305,acct_009412,2025-10-23T17:16:24
emp_000160,acct_017612,2025-01-28T16:24:12
emp_000082,acct_003807,2025-11-01T16:33:25
emp_000070,acct_015282,2025-11-21T14:44:03
emp_000414,acct_017530,2025-04-20T16:13:03
emp_000431,acct_005930,2025-08-23T10:43:57
emp_000137,acct_013923,2025-02-28T15:58:19
emp_000276,acct_003510,2025-07-25T18:31:53
emp_000008,acct_017085,2025-05-20T14:29:48
emp_000035,acct_012601,2025-06-16T16:11:53
emp_000426,acct_002026,2025-10-07T15:44:44
emp_000433,acct_002346,2025-09-22T16:21:22
emp_000079,acct_018724,2025-01-01T16:24:30
emp_000426,acct_015654,2025-02-19T16:28:07
emp_000275,acct_002850,2025-09-04T16:39:19
emp_000406,acct_011284,2025-03-14T17:22:12
emp_000043,acct_013926,2025-07-14T18:30:38
emp_000530,acct_017371,2025-08-25T16:10:49
emp_000258,acct_007019,2025-03-10T18:00:19
emp_000474,acct_020427,2025-11-18T15:46:54
emp_000325,acct_009588,2025-07-11T09:14:24
emp_000117,acct_010967,2025-11-03T18:06:26
emp_000553,acct_015293,2025-10-28T17:31:45
emp_000247,acct_007570,2025-05-21T13:24:39
emp_000095,acct_017073,2025-12-16T17:59:57
emp_000540,acct_011204,2025-07-01T11:05:54
emp_000272,acct_008542,2025-09-30T12:06:32
emp_000091,acct_019340,2025-05-06T15:13:12
emp_000379,acct_011405,2025-04-25T18:44:47
emp_000053,acct_016025,2025-05-05T18:53:55
emp_000474,acct_020117,2025-04-14T11:29:59
emp_000096,acct_009806,2025-10-27T10:14:34
emp_000024,acct_015643,2025-08-04T17:54:25
emp_000410,acct_015073,2025-05-14T10:12:36
emp_000011,acct_013908,2025-12-22T14:43:18
emp_000131,acct_011199,2025-07-22T09:33:17
emp_000512,acct_009712,2025-05-05T16:08:10
emp_000305,acct_014284,2025-05-23T12:26:47
emp_000231,acct_004914,2025-10-03T10:10:38
emp_000043,acct_011274,2025-02-12T11:08:26
emp_000550,acct_013646,2025-08-04T10:56:21
emp_000481,acct_011908,2025-05-30T18:52:26
emp_000011,acct_014278,2025-11-24T11:00:28
emp_000132,acct_004473,2025-02-21T13:43:20
emp_000003,acct_005080,2026-01-01T13:09:07
emp_000325,acct_018700,2025-05-29T09:31:11
emp_000503,acct_014385,2025-01-24T15:34:22
emp_000259,acct_005102,2025-01-01T13:20:51
emp_000186,acct_013526,2025-01-27T17:41:18
emp_000160,acct_014717,2025-02-10T10:59:20
emp_000169,acct_011490,2025-01-28T10:00:51
emp_000193,acct_004298,2025-03-24T15:59:23
emp_000519,acct_014815,2025-12-31T14:54:29
emp_000186,acct_010124,2025-03-21T16:55:23
emp_000325,acct_016473,2025-09-12T13:08:20
emp_000096,acct_014343,2025-10-06T16:16:47
emp_000396,acct_020638,2025-10-29T17:38:54
emp_000126,acct_021638,2025-11-11T09:58:47
emp_000460,acct_020576,2025-01-17T15:25:57
emp_000534,acct_018012,2025-09-15T16:07:39
emp_000507,acct_013414,2025-01-03T15:42:53
emp_000592,acct_014340,2025-12-26T16:53:16
emp_000188,acct_004349,2025-12-16T18:14:34
emp_000125,acct_012354,2025-11-03T09:41:33
emp_000423,acct_009771,2025-12-08T16:00:13
emp_000161,acct_006611,2025-04-08T15:55:24
emp_000035,acct_008572,2025-07-28T15:43:25
emp_000035,acct_007761,2025-12-17T09:59:30
emp_000080,acct_001784,2025-04-21T10:55:47
emp_000140,acct_007307,2025-06-02T18:55:11
emp_000375,acct_000768,2025-12-19T13:57:23
emp_000277,acct_009966,2025-04-16T11:29:31
emp_000337,acct_000107,2025-08-18T18:34:20
emp_000275,acct_020694,2025-07-14T10:00:12
emp_000263,acct_020232,2025-08-04T12:56:38
emp_000294,acct_018527,2025-12-31T15:06:12
emp_000528,acct_011697,2025-04-17T15:32:57
emp_000313,acct_016267,2025-04-21T09:51:10
emp_000068,acct_009164,2025-12-22T17:18:32
emp_000382,acct_009769,2025-08-13T15:04:59
emp_000023,acct_010115,2025-07-03T10:23:29
emp_000248,acct_019285,2025-09-15T14:24:19
emp_000071,acct_009577,2025-05-11T15:47:59
emp_000014,acct_015001,2025-02-18T10:13:43
emp_000114,acct_018519,2025-04-22T18:51:12
emp_000079,acct_011754,2025-09-11T12:16:34
emp_000502,acct_016936,2025-02-07T18:56:42
emp_000420,acct_003292,2025-02-04T16:39:46
emp_000284,acct_008065,2025-07-31T10:49:46
emp_000345,acct_003804,2025-12-22T17:55:14
emp_000042,acct_002538,2025-08-22T09:28:03
emp_000503,acct_002540,2025-10-16T11:15:32
emp_000332,acct_007705,2025-11-26T14:31:04
emp_000024,acct_002013,2025-11-11T10:22:42
emp_000307,acct_009736,2025-05-18T13:59:15
emp_000282,acct_017138,2025-02-11T14:32:41
emp_000586,acct_018889,2025-03-04T14:48:39
emp_000406,acct_003476,2025-03-12T11:07:01
emp_000188,acct_007003,2025-08-12T11:02:04
emp_000500,acct_015093,2025-07-06T10:36:47
emp_000198,acct_015287,2025-04-14T11:37:38
emp_000143,acct_003890,2025-02-26T17:15:54
emp_000327,acct_010723,2025-08-08T12:34:56
emp_000507,acct_008630,2025-10-14T09:38:14
emp_000120,acct_005387,2025-08-11T11:32:20
emp_000593,acct_010300,2025-08-11T13:45:24
emp_000519,acct_003100,2025-11-14T16:49:59
emp_000046,acct_000887,2025-06-15T15:18:47
emp_000010,acct_004097,2025-11-13T09:56:28
emp_000356,acct_003007,2025-01-30T09:28:35
emp_000257,acct_017952,2025-09-22T15:04:27
emp_000206,acct_018620,2025-04-07T13:06:40
emp_000298,acct_006546,2025-03-19T18:06:27
emp_000387,acct_017645,2025-11-14T14:36:18
emp_000086,acct_001943,2025-08-25T10:46:11
emp_000464,acct_013228,2025-08-27T12:41:33
emp_000378,acct_012853,2025-02-21T17:25:35
emp_000548,acct_003706,2025-04-21T16:01:49
emp_000090,acct_019190,2025-03-11T15:26:16
emp_000160,acct_002863,2025-06-23T18:36:40
emp_000272,acct_007893,2025-11-05T10:53:33
emp_000137,acct_003625,2025-03-28T13:39:52
emp_000342,acct_000261,2025-10-01T18:10:50
emp_000188,acct_007181,2025-05-13T18:37:14
emp_000085,acct_006819,2025-12-19T18:38:58
emp_000047,acct_008814,2025-05-19T15:24:09
emp_000290,acct_011214,2025-12-08T13:09:55
emp_000105,acct_016425,2025-11-10T12:30:04
emp_000462,acct_020057,2025-05-29T10:53:41
emp_000337,acct_017190,2025-09-08T12:02:32
emp_000259,acct_007024,2025-12-19T17:26:39
emp_000502,acct_004418,2025-05-05T10:16:08
emp_000518,acct_000013,2025-03-03T11:11:54
emp_000463,acct_019845,2025-04-30T13:07:52
emp_000393,acct_018880,2025-02-05T14:27:06
emp_000126,acct_016729,2025-04-18T10:48:50
emp_000325,acct_001786,2025-02-05T12:53:50
emp_000209,acct_019099,2025-09-29T13:13:15
emp_000279,acct_007663,2025-09-12T17:19:23
emp_000204,acct_011195,2025-10-27T14:57:27
emp_000284,acct_012263,2025-11-03T15:27:38
emp_000095,acct_014565,2025-08-27T17:15:54
emp_000406,acct_013298,2025-07-28T09:37:28
emp_000024,acct_014557,2025-01-03T16:08:30
emp_000375,acct_021232,2025-02-21T10:37:10
emp_000498,acct_005684,2025-09-09T14:16:03
emp_000247,acct_017007,2025-07-28T16:56:02
emp_000157,acct_021493,2025-02-11T11:20:55
emp_000161,acct_010190,2025-12-15T10:55:06
emp_000156,acct_016503,2025-09-29T09:48:55
emp_000494,acct_013883,2025-06-05T14:13:31
emp_000219,acct_001091,2025-04-28T18:19:36
emp_000150,acct_008503,2025-09-11T10:02:59
emp_000417,acct_021919,2025-11-18T18:05:00
emp_000272,acct_007764,2025-01-16T16:17:34
emp_000345,acct_010557,2025-01-31T15:26:44
emp_000071,acct_012384,2025-11-18T15:07:58
emp_000340,acct_001433,2025-03-03T09:10:33
emp_000512,acct_006052,2025-06-02T12:31:21
emp_000051,acct_012326,2025-12-22T14:53:32
emp_000362,acct_000349,2025-07-10T11:30:51
emp_000474,acct_009869,2025-01-14T12:15:58
emp_000079,acct_016911,2025-07-03T09:48:35
emp_000149,acct_001474,2025-11-17T16:22:24
emp_000460,acct_014851,2025-07-14T09:18:24
emp_000017,acct_016864,2025-07-30T17:22:12
emp_000510,acct_005508,2025-03-21T18:58:53
emp_000540,acct_010082,2025-04-04T14:31:49
emp_000407,acct_006540,2025-07-14T15:20:56
emp_000581,acct_008969,2025-07-21T14:11:53
emp_000342,acct_002239,2025-06-30T11:19:08
emp_000089,acct_016239,2025-12-08T10:54:20
emp_000407,acct_007865,2025-07-31T11:25:10
emp_000156,acct_001784,2025-10-16T15:00:24
emp_000259,acct_012860,2025-02-11T11:07:59
emp_000080,acct_007860,2025-05-21T16:57:42
emp_000155,acct_018633,2025-11-07T11:01:03
emp_000599,acct_020385,2025-06-17T09:22:16
emp_000325,acct_005128,2025-12-08T14:50:44
emp_000288,acct_015717,2025-07-22T13:57:41
emp_000236,acct_004903,2025-03-17T13:04:57
emp_000548,acct_001416,2025-03-11T15:57:10
emp_000543,acct_019755,2025-09-22T13:53:36
emp_000334,acct_016483,2025-02-19T15:16:14
emp_000537,acct_017575,2025-05-16T16:14:45
emp_000544,acct_021650,2025-12-22T09:14:13
emp_000423,acct_014942,2025-12-29T18:47:51
emp_000406,acct_006775,2025-11-19T10:27:13
emp_000332,acct_006621,2025-08-06T09:58:45
emp_000277,acct_014447,2025-01-06T10:41:49
emp_000393,acct_019020,2025-03-21T10:56:07
emp_000550,acct_021771,2025-10-13T12:35:34
emp_000125,acct_017182,2025-03-26T13:07:17
emp_000282,acct_000848,2025-06-04T17:43:22
emp_000537,acct_014266,2025-04-07T09:49:10
emp_000132,acct_016189,2025-01-13T12:09:44
emp_000356,acct_020591,2025-03-27T17:25:56
emp_000348,acct_011262,2025-01-29T14:56:27
emp_000192,acct_014744,2025-08-29T12:01:24
emp_000517,acct_009853,2025-12-26T14:04:30
emp_000414,acct_003323,2025-10-06T16:48:21
emp_000436,acct_019373,2025-06-02T18:13:01
emp_000089,acct_006085,2025-10-15T16:19:06
emp_000387,acct_008614,2025-11-23T10:20:25
emp_000454,acct_016968,2025-11-06T13:31:43
emp_000340,acct_020884,2025-09-22T15:44:44
emp_000082,acct_013343,2025-03-24T12:20:34
emp_000386,acct_012185,2025-10-16T17:32:32
emp_000150,acct_004756,2025-04-14T09:16:27
emp_000312,acct_004956,2025-09-25T13:05:11
emp_000284,acct_003505,2025-12-08T11:13:54
emp_000020,acct_020029,2025-06-20T14:10:11
emp_000146,acct_019827,2025-01-10T16:50:11
emp_000251,acct_012189,2025-06-16T11:38:49
emp_000395,acct_010901,2025-10-23T14:43:54
emp_000157,acct_001248,2025-03-03T14:32:28
emp_000386,acct_004665,2025-02-24T16:15:56
emp_000518,acct_004010,2025-08-20T15:53:24
emp_000494,acct_021515,2025-09-29T17:20:35
emp_000014,acct_012717,2025-06-09T16:02:54
emp_000340,acct_000385,2025-07-07T12:06:02
emp_000090,acct_014359,2025-08-13T18:56:10
emp_000193,acct_000929,2025-07-11T17:52:52
emp_000189,acct_009790,2025-03-05T11:09:24
emp_000263,acct_018444,2025-12-17T13:51:02
emp_000379,acct_007727,2025-02-24T14:57:52
emp_000291,acct_002232,2025-05-17T15:26:12
emp_000276,acct_016402,2025-05-20T17:23:17
emp_000146,acct_001730,2025-10-13T12:23:51
emp_000306,acct_009671,2025-08-28T12:33:08
emp_000270,acct_001863,2025-07-03T16:19:40
emp_000270,acct_014744,2025-04-28T17:43:09
emp_000564,acct_017715,2025-06-12T16:19:48
emp_000080,acct_007867,2025-03-18T18:59:25
emp_000161,acct_010587,2025-05-08T18:17:20
emp_000544,acct_018141,2025-01-13T12:18:08
emp_000514,acct_004656,2025-09-01T12:50:54
emp_000070,acct_001251,2025-09-12T16:05:33
emp_000595,acct_011070,2025-07-16T18:17:17
emp_000017,acct_011992,2025-10-02T17:50:16
emp_000522,acct_013506,2025-02-10T13:14:39
emp_000089,acct_005728,2025-06-16T12:52:00
emp_000257,acct_018605,2025-02-12T10:16:08
emp_000467,acct_000995,2025-02-28T15:34:10
emp_000017,acct_014411,2025-04-29T11:02:36
emp_000024,acct_004417,2025-04-30T10:38:56
emp_000387,acct_002302,2025-07-07T14:33:47
emp_000550,acct_004045,2025-04-30T14:40:36
emp_000284,acct_015333,2025-12-17T11:39:48
emp_000495,acct_015287,2025-06-16T16:31:36
emp_000020,acct_008937,2025-09-22T10:55:49
emp_000245,acct_004791,2025-04-25T11:24:08
emp_000140,acct_011446,2025-09-08T13:36:35
emp_000463,acct_008317,2025-12-29T09:07:22
emp_000543,acct_017835,2025-05-18T15:25:20
emp_000402,acct_017046,2025-05-12T18:39:17
emp_000017,acct_002590,2025-07-10T10:13:57
emp_000495,acct_004312,2025-08-04T13:09:01
emp_000530,acct_012671,2025-06-23T15:06:34
emp_000383,acct_010434,2025-05-21T11:13:46
emp_000125,acct_013515,2025-02-03T13:11:37
emp_000024,acct_013327,2025-04-28T11:31:34
emp_000112,acct_009781,2025-03-24T13:35:18
emp_000279,acct_013643,2025-05-20T09:13:43
emp_000105,acct_001688,2025-11-21T17:28:53
emp_000091,acct_021469,2025-01-13T15:55:46
emp_000332,acct_004710,2025-04-09T17:06:27
emp_000167,acct_000287,2025-06-02T10:36:29
emp_000209,acct_020928,2025-11-10T15:44:58
emp_000157,acct_013340,2025-06-09T14:49:53
emp_000426,acct_001621,2025-08-07T16:19:09
emp_000483,acct_009210,2025-12-01T12:16:01
emp_000509,acct_014419,2025-02-10T15:48:48
emp_000402,acct_002625,2025-12-25T16:00:36
emp_000414,acct_000609,2025-08-06T10:03:22
emp_000253,acct_005387,2025-03-31T16:20:21
emp_000057,acct_009292,2025-05-01T18:12:47
emp_000567,acct_004094,2025-10-24T12:44:50
emp_000050,acct_020545,2025-04-08T10:48:55
emp_000454,acct_002262,2025-06-02T15:00:41
emp_000291,acct_006413,2025-04-29T09:22:11
emp_000462,acct_021579,2025-07-04T11:44:27
emp_000186,acct_012003,2025-09-05T15:07:57
emp_000414,acct_014010,2025-05-19T16:18:40
emp_000417,acct_008823,2025-03-02T11:22:24
emp_000463,acct_015237,2025-09-08T09:43:43
emp_000500,acct_005070,2025-02-27T14:25:50
emp_000120,acct_021408,2025-04-07T09:02:08
emp_000350,acct_009781,2025-02-24T15:49:46
emp_000383,acct_001867,2025-06-02T15:10:30
emp_000257,acct_000914,2025-11-19T15:34:54
emp_000044,acct_018238,2025-06-30T18:00:04
emp_000344,acct_014543,2025-10-27T12:48:14
emp_000307,acct_020929,2025-01-08T16:14:25
emp_000306,acct_014661,2025-02-03T18:41:34
emp_000059,acct_002026,2025-12-31T09:21:58
emp_000543,acct_009040,2025-01-02T12:43:17
emp_000101,acct_001259,2025-06-02T18:58:11
emp_000069,acct_011541,2025-03-24T13:49:01
emp_000436,acct_005307,2025-11-27T11:43:36
emp_000155,acct_008274,2025-05-29T14:07:24
emp_000305,acct_005150,2025-02-17T15:49:25
emp_000340,acct_009322,2025-07-07T12:53:12
emp_000276,acct_019354,2025-08-13T14:45:38
emp_000291,acct_019897,2025-01-29T10:28:31
emp_000235,acct_001297,2025-12-19T09:01:30
emp_000481,acct_015899,2025-12-11T09:18:39
emp_000537,acct_003475,2025-04-25T11:12:16
emp_000367,acct_000745,2025-05-15T12:58:36
emp_000135,acct_010739,2025-07-07T14:22:16
emp_000157,acct_009944,2025-02-05T14:05:34
emp_000498,acct_017492,2025-08-25T15:35:57
emp_000146,acct_017726,2025-11-17T14:57:43
emp_000498,acct_015845,2025-01-14T09:29:11
emp_000079,acct_019497,2025-03-11T12:53:56
emp_000057,acct_001842,2025-11-03T17:10:57
emp_000461,acct_013401,2025-11-18T18:15:45
emp_000282,acct_003971,2025-07-14T14:14:11
emp_000464,acct_001797,2025-08-15T17:50:38
emp_000517,acct_008520,2025-10-07T16:34:41
emp_000279,acct_019283,2025-12-24T09:39:56
emp_000395,acct_010773,2025-01-06T13:42:59
emp_000011,acct_017925,2025-03-07T18:47:59
emp_000545,acct_012239,2025-08-22T18:18:03
emp_000219,acct_012637,2025-12-15T09:30:37
emp_000184,acct_003445,2025-07-10T10:31:04
emp_000494,acct_012098,2025-06-26T16:12:00
emp_000503,acct_011534,2025-08-16T16:26:39
emp_000387,acct_009347,2025-12-05T17:29:12
emp_000014,acct_004841,2025-10-22T11:21:31
emp_000298,acct_019124,2025-06-11T09:14:45
emp_000257,acct_015749,2025-01-20T10:03:28
emp_000367,acct_001536,2025-05-01T18:39:03
emp_000257,acct_007406,2025-02-10T12:13:23
emp_000264,acct_005145,2025-09-22T18:19:19
emp_000334,acct_004217,2025-10-26T17:01:10
emp_000557,acct_008559,2025-01-24T15:48:18
emp_000593,acct_004745,2025-02-17T13:54:11
emp_000509,acct_020947,2025-10-17T12:03:32
emp_000358,acct_015377,2025-02-05T18:28:03
emp_000337,acct_002701,2025-12-13T13:33:44
emp_000135,acct_020366,2025-03-17T15:31:44
emp_000140,acct_021856,2025-11-11T17:14:58
emp_000467,acct_014226,2025-03-05T17:22:34
emp_000071,acct_002254,2025-09-08T17:44:34
emp_000589,acct_011865,2025-01-27T15:30:18
emp_000114,acct_019499,2025-07-30T16:38:28
emp_000494,acct_021107,2025-12-15T18:31:04
emp_000332,acct_021036,2025-12-10T18:52:28
emp_000502,acct_012820,2025-01-30T12:40:22
emp_000067,acct_004432,2025-05-19T13:17:31
emp_000232,acct_006525,2025-03-05T10:49:10
emp_000027,acct_005605,2025-09-22T17:28:59
emp_000080,acct_009958,2025-08-04T14:44:39
emp_000079,acct_012315,2025-06-13T17:56:28
emp_000206,acct_007745,2025-06-26T14:34:34
emp_000192,acct_002026,2025-08-25T11:14:13
emp_000264,acct_002665,2025-03-24T18:28:50
emp_000276,acct_015521,2025-12-31T18:28:09
emp_000245,acct_007833,2025-01-30T15:43:19
emp_000530,acct_005110,2025-06-17T13:12:34
emp_000251,acct_015336,2025-07-02T18:41:23
emp_000314,acct_008800,2025-03-03T11:29:54
emp_000313,acct_003478,2025-03-27T13:11:36
emp_000149,acct_007421,2025-07-22T18:59:20
emp_000008,acct_019208,2025-06-30T13:28:11
emp_000060,acct_001998,2025-09-04T16:33:55
emp_000345,acct_005514,2025-07-21T16:11:04
emp_000586,acct_019936,2025-12-13T15:11:00
emp_000548,acct_017470,2025-04-11T11:54:14
emp_000375,acct_012036,2025-03-24T13:19:42
emp_000460,acct_017153,2025-11-03T18:05:50
emp_000423,acct_014292,2025-10-09T16:05:54
emp_000299,acct_009492,2025-06-16T18:11:17
emp_000396,acct_020315,2025-03-07T12:11:59
emp_000068,acct_021453,2025-10-31T18:25:59
emp_000157,acct_019185,2025-07-16T18:03:24
emp_000420,acct_005803,2025-10-01T14:43:41
emp_000595,acct_003725,2025-11-19T11:46:57
emp_000002,acct_020688,2025-03-31T09:55:02
emp_000070,acct_009149,2025-05-26T09:16:39
emp_000466,acct_000637,2025-03-03T17:41:38
emp_000522,acct_003299,2025-12-03T12:40:20
emp_000581,acct_000304,2025-08-26T09:45:07
emp_000584,acct_000272,2025-02-10T14:51:04
emp_000393,acct_012162,2025-05-09T16:45:13
emp_000483,acct_005661,2025-05-26T17:43:14
emp_000253,acct_016830,2025-06-02T14:56:10
emp_000298,acct_005626,2025-06-02T11:56:38
emp_000407,acct_011183,2025-07-30T15:41:21
emp_000002,acct_008574,2025-01-29T15:27:07
emp_000589,acct_004800,2025-09-25T11:19:07
emp_000272,acct_014086,2025-04-14T16:26:19
emp_000548,acct_017027,2025-11-21T12:51:54
emp_000543,acct_009628,2025-06-23T14:10:23
emp_000294,acct_010059,2025-11-10T13:17:23
emp_000290,acct_002593,2025-09-24T10:20:36
emp_000312,acct_019044,2025-11-20T11:22:26
emp_000189,acct_011625,2025-01-17T15:44:52
emp_000534,acct_004734,2025-04-30T16:31:44
emp_000595,acct_020457,2025-07-25T17:40:36
emp_000464,acct_021507,2025-12-18T14:44:29
emp_000494,acct_011259,2025-07-21T14:38:07
emp_000020,acct_008155,2025-02-05T17:37:12
emp_000519,acct_020282,2025-11-10T14:58:22
emp_000279,acct_009622,2025-10-24T13:22:44
emp_000557,acct_013988,2025-10-15T18:05:16
emp_000095,acct_016654,2025-12-11T15:37:52
emp_000433,acct_010743,2025-10-01T11:55:53
emp_000150,acct_001854,2025-12-24T15:45:50
emp_000002,acct_021779,2025-03-31T10:49:51
emp_000235,acct_020053,2025-02-20T11:19:13
emp_000159,acct_005303,2025-10-20T17:15:48
emp_000319,acct_001162,2025-08-04T12:28:23
emp_000235,acct_001912,2025-07-30T14:08:36
emp_000343,acct_009293,2025-03-04T14:57:19
emp_000236,acct_017112,2025-09-22T13:06:05
emp_000545,acct_007996,2025-03-22T09:01:43
emp_000362,acct_003021,2025-06-10T13:23:50
emp_000149,acct_015099,2025-09-22T12:41:07
emp_000396,acct_005810,2025-08-06T13:25:02
emp_000348,acct_014450,2025-03-03T15:34:49
emp_000313,acct_018714,2025-11-03T13:39:04
emp_000375,acct_019524,2025-04-19T13:16:04
emp_000156,acct_019073,2025-02-28T16:27:26
emp_000046,acct_004502,2025-09-13T18:25:39
emp_000560,acct_003992,2025-08-18T15:24:44
emp_000467,acct_016921,2025-08-25T12:35:54
emp_000592,acct_018718,2025-04-14T17:37:36
emp_000414,acct_012610,2025-11-23T09:21:06
emp_000167,acct_004039,2025-09-08T13:59:10
emp_000410,acct_012640,2026-01-01T11:25:37
emp_000375,acct_010924,2025-01-10T18:27:16
emp_000548,acct_016279,2025-07-14T14:18:24
emp_000356,acct_020281,2025-04-14T13:57:05
emp_000046,acct_018389,2025-03-14T14:50:37
emp_000395,acct_016991,2025-03-31T15:03:56
emp_000027,acct_014633,2025-11-17T13:18:33
emp_000589,acct_021921,2025-12-31T11:41:00
emp_000050,acct_000157,2025-07-24T09:53:22
emp_000494,acct_009984,2025-07-30T14:49:21
emp_000564,acct_000631,2025-01-02T10:12:49
emp_000248,acct_014095,2025-12-08T14:21:55
emp_000067,acct_002593,2025-05-21T16:58:36
emp_000470,acct_014448,2025-09-01T15:11:55
emp_000170,acct_010530,2025-01-27T09:13:08
emp_000548,acct_004962,2025-07-28T09:03:38
emp_000045,acct_002425,2025-08-15T13:29:55
emp_000014,acct_015866,2025-08-11T15:32:54
emp_000003,acct_013498,2025-06-03T10:09:13
emp_000248,acct_004814,2025-10-03T11:22:30
emp_000198,acct_014552,2025-06-18T10:41:35
emp_000096,acct_006636,2025-11-25T13:41:25
emp_000050,acct_019495,2025-02-27T17:12:12
emp_000086,acct_006197,2025-06-20T17:25:54
emp_000369,acct_012997,2025-07-15T17:07:18
emp_000530,acct_010380,2025-12-12T15:48:40
emp_000518,acct_007150,2025-08-06T15:47:51
emp_000481,acct_014191,2025-07-16T12:19:40
emp_000462,acct_000769,2025-03-17T14:41:38
emp_000024,acct_018837,2025-08-06T16:52:06
emp_000275,acct_009029,2025-01-23T17:15:12
emp_000313,acct_009741,2025-12-16T12:53:24
emp_000096,acct_005594,2025-10-24T11:34:21
emp_000494,acct_015529,2025-01-27T15:40:17
emp_000307,acct_018985,2025-05-19T18:19:37
emp_000135,acct_020822,2025-01-31T14:52:06
emp_000193,acct_003609,2025-12-09T17:06:37
emp_000277,acct_008015,2025-06-09T17:54:25
emp_000560,acct_020768,2025-05-26T11:27:24
emp_000436,acct_017767,2025-08-27T16:17:47
emp_000086,acct_004032,2025-08-27T18:05:33
emp_000474,acct_004544,2025-02-12T10:14:37
emp_000279,acct_006144,2025-11-26T11:40:43
emp_000379,acct_000988,2025-11-12T17:23:16
emp_000359,acct_011560,2025-08-06T16:50:21
emp_000589,acct_010316,2025-02-06T17:47:56
emp_000096,acct_003614,2025-04-01T17:04:07
emp_000003,acct_010231,2025-10-27T17:24:05
emp_000562,acct_008742,2025-10-20T12:05:51
emp_000512,acct_002536,2025-02-26T12:33:51
emp_000332,acct_012818,2025-10-20T10:33:11
emp_000365,acct_011626,2025-12-01T11:17:54
emp_000071,acct_016322,2025-12-17T17:50:11
emp_000519,acct_017110,2025-01-13T09:12:11
emp_000519,acct_021565,2025-03-24T16:39:31
emp_000169,acct_004105,2025-09-24T15:06:00
emp_000543,acct_005291,2025-04-29T16:30:51
emp_000545,acct_010231,2025-01-06T11:33:16
emp_000076,acct_019718,2025-04-09T10:27:18
emp_000167,acct_010305,2025-07-28T10:19:50
emp_000378,acct_017720,2025-02-28T11:07:57
emp_000589,acct_005011,2025-03-17T09:06:17
emp_000590,acct_013778,2025-05-05T15:51:33
emp_000071,acct_001017,2025-06-30T16:33:09
emp_000272,acct_020448,2025-07-01T09:54:37
emp_000386,acct_005355,2025-08-25T15:13:10
emp_000426,acct_007990,2025-11-04T10:20:47
emp_000314,acct_011996,2025-10-16T17:25:25
emp_000416,acct_010564,2025-05-01T10:13:17
emp_000560,acct_020271,2025-04-30T09:21:26
emp_000482,acct_012241,2025-10-27T17:09:03
emp_000017,acct_004593,2025-03-18T10:03:21
emp_000378,acct_005238,2025-06-23T17:48:51
emp_000186,acct_015942,2025-03-17T10:42:00
emp_000416,acct_006507,2025-10-29T14:23:58
emp_000598,acct_001000,2025-05-05T16:13:42
emp_000082,acct_000892,2025-11-21T16:22:05
emp_000531,acct_008905,2025-01-31T17:29:34
emp_000342,acct_019848,2025-07-28T10:50:06
emp_000127,acct_001533,2025-09-22T10:42:47
emp_000259,acct_020803,2025-02-22T13:17:49
emp_000522,acct_002363,2025-02-10T09:10:58
emp_000528,acct_015761,2025-09-18T14:53:55
emp_000276,acct_005562,2025-01-20T16:53:44
emp_000198,acct_014921,2025-03-19T13:01:55
emp_000076,acct_010755,2025-01-09T11:57:56
emp_000085,acct_011530,2025-06-12T14:30:26
emp_000192,acct_012816,2025-06-12T16:53:47
emp_000402,acct_010559,2025-10-20T09:42:43
emp_000378,acct_008776,2025-05-19T10:36:34
emp_000393,acct_018292,2025-05-26T12:30:06
emp_000313,acct_019157,2025-09-02T09:06:17
emp_000167,acct_010895,2025-12-10T09:57:17
emp_000383,acct_000049,2025-03-28T17:56:14
emp_000211,acct_016316,2025-04-28T10:48:03
emp_000245,acct_020873,2025-07-02T09:07:58
emp_000481,acct_005162,2025-06-16T17:59:51
emp_000433,acct_020926,2025-03-19T18:26:44
emp_000288,acct_015570,2025-02-12T11:31:02
emp_000294,acct_018532,2025-05-06T11:31:53
emp_000593,acct_021513,2025-02-24T13:47:53
emp_000396,acct_001059,2025-05-05T14:21:18
emp_000560,acct_004563,2025-12-08T10:19:59
emp_000517,acct_006279,2025-11-19T16:19:44
emp_000474,acct_009259,2025-09-10T09:50:35
emp_000369,acct_015786,2025-12-05T16:44:58
emp_000074,acct_003044,2025-02-10T12:13:25
emp_000463,acct_014831,2025-09-24T18:17:27
emp_000263,acct_017597,2025-08-03T18:46:45
emp_000495,acct_005123,2025-04-28T18:07:49
emp_000112,acct_005764,2025-06-10T17:19:40
emp_000140,acct_011382,2025-04-17T17:31:08
emp_000057,acct_005876,2025-07-17T09:19:01
emp_000340,acct_010310,2025-04-21T09:54:43
emp_000325,acct_011955,2025-08-18T14:48:55
emp_000135,acct_010328,2025-04-24T11:10:56
emp_000462,acct_007922,2025-06-25T16:21:09
emp_000096,acct_013961,2025-09-03T11:55:53
emp_000131,acct_007269,2025-09-10T18:12:55
emp_000024,acct_016458,2025-04-10T12:37:39
emp_000354,acct_005386,2025-04-22T14:44:25
emp_000114,acct_013622,2025-01-10T14:56:46
emp_000393,acct_014725,2025-11-17T18:45:45
emp_000089,acct_005632,2025-03-17T12:30:01
emp_000125,acct_007967,2025-02-28T09:38:23
emp_000519,acct_000048,2025-06-11T09:08:48
emp_000143,acct_019676,2025-04-18T11:55:06
emp_000074,acct_012463,2025-11-03T16:41:20
emp_000314,acct_016679,2025-06-25T11:50:53
emp_000298,acct_001909,2025-11-17T14:36:58
emp_000467,acct_020619,2025-12-01T15:47:29
emp_000461,acct_000051,2025-03-10T17:13:43
emp_000415,acct_010825,2025-09-01T18:32:15
emp_000143,acct_021209,2025-10-16T16:26:20
emp_000529,acct_020840,2025-09-22T14:03:38
emp_000198,acct_019406,2025-08-27T10:30:43
emp_000026,acct_019367,2025-07-28T17:25:04
emp_000127,acct_014612,2025-12-04T16:22:07
emp_000393,acct_002563,2025-08-19T17:48:41
emp_000454,acct_015604,2025-03-14T09:12:21
emp_000250,acct_001225,2025-08-11T18:23:43
emp_000074,acct_004521,2025-09-02T11:29:34
emp_000548,acct_013047,2025-01-05T14:28:13
emp_000157,acct_003884,2025-11-12T17:04:48
emp_000160,acct_014755,2025-07-28T10:46:53
emp_000264,acct_015644,2025-10-10T11:29:22
emp_000149,acct_019751,2025-10-30T18:05:23
emp_000599,acct_007946,2025-03-24T09:15:35
emp_000529,acct_009873,2025-03-03T18:12:03
emp_000507,acct_016238,2025-04-21T16:16:00
emp_000209,acct_001833,2025-05-26T17:32:28
emp_000550,acct_010254,2025-07-22T15:20:31
emp_000358,acct_007448,2025-05-15T12:24:53
emp_000514,acct_003355,2025-09-24T10:03:11
emp_000159,acct_015260,2025-02-12T12:26:55
emp_000494,acct_012834,2025-04-23T10:30:35
emp_000460,acct_010851,2025-11-19T12:43:13
emp_000026,acct_018845,2025-08-18T16:17:28
emp_000193,acct_005929,2025-06-03T09:20:16
emp_000131,acct_011511,2025-07-23T11:45:55
emp_000043,acct_012406,2025-08-25T18:53:03
emp_000048,acct_008259,2025-10-07T18:22:08
emp_000051,acct_009670,2025-12-23T15:01:01
emp_000564,acct_014047,2025-11-24T17:48:03
emp_000208,acct_002464,2025-06-09T17:24:10
emp_000219,acct_001381,2025-11-24T09:49:15
emp_000461,acct_000364,2025-11-25T13:29:02
emp_000002,acct_012051,2025-02-20T14:24:29
emp_000436,acct_009991,2025-10-10T14:52:38
emp_000332,acct_010894,2025-12-17T09:04:26
emp_000163,acct_016467,2025-02-05T13:46:05
emp_000089,acct_018356,2025-02-12T09:31:22
emp_000433,acct_020016,2025-01-17T14:54:10
emp_000537,acct_002226,2025-02-24T15:47:22
emp_000155,acct_008514,2025-08-08T09:12:48
emp_000008,acct_021787,2025-04-02T16:53:40
emp_000044,acct_014612,2025-08-08T15:22:59
emp_000159,acct_009595,2025-11-05T09:07:42
emp_000155,acct_013281,2025-10-17T18:54:38
emp_000159,acct_019931,2025-04-07T12:24:04
emp_000028,acct_021052,2025-06-16T15:59:31
emp_000358,acct_001637,2025-06-02T16:18:11
emp_000312,acct_007128,2025-12-02T16:06:54
emp_000105,acct_007269,2025-08-18T12:13:51
emp_000137,acct_001215,2025-11-26T17:51:13
emp_000294,acct_006422,2025-12-23T18:42:55
emp_000498,acct_019669,2025-11-07T11:03:52
emp_000238,acct_020776,2025-04-15T14:56:33
emp_000344,acct_009602,2025-11-27T10:59:45
emp_000219,acct_006281,2025-07-09T16:44:57
emp_000204,acct_010067,2025-04-11T12:54:51
emp_000537,acct_014422,2025-04-06T12:26:11
emp_000433,acct_017552,2025-01-13T16:43:59
emp_000299,acct_007559,2025-06-29T17:57:15
emp_000277,acct_018207,2025-05-29T09:11:35
emp_000159,acct_012587,2025-02-24T14:17:48
emp_000396,acct_003935,2025-12-01T11:44:52
emp_000383,acct_003495,2025-04-23T12:36:30
emp_000382,acct_021946,2025-02-14T12:09:41
emp_000470,acct_008677,2025-11-15T14:38:58
emp_000264,acct_010128,2025-02-10T11:18:45
emp_000023,acct_014817,2025-02-03T09:44:24
emp_000294,acct_002223,2025-01-06T16:51:49
emp_000167,acct_007715,2025-05-12T15:32:37
emp_000282,acct_019615,2025-11-05T13:25:44
emp_000159,acct_012978,2025-02-11T12:08:51
emp_000157,acct_013522,2025-05-12T15:18:58
emp_000510,acct_014364,2025-10-27T17:59:21
emp_000314,acct_015866,2025-06-02T15:35:48
emp_000414,acct_008858,2025-01-03T18:02:33
emp_000343,acct_020660,2025-07-11T10:47:52
emp_000560,acct_003303,2025-05-12T09:20:19
emp_000410,acct_014215,2025-08-08T14:58:47
emp_000050,acct_005261,2025-06-17T12:17:15
emp_000467,acct_011384,2025-07-15T13:11:29
emp_000046,acct_003286,2025-03-11T10:12:17
emp_000163,acct_011877,2025-01-27T14:38:16
emp_000509,acct_017703,2025-04-23T17:30:37
emp_000238,acct_002002,2025-07-22T11:41:37
emp_000407,acct_005048,2025-01-19T15:39:07
emp_000101,acct_021808,2025-10-13T18:32:15
emp_000101,acct_013066,2025-10-15T17:58:16
emp_000590,acct_012414,2025-04-10T10:31:58
emp_000545,acct_012877,2025-04-07T18:04:21
emp_000167,acct_012437,2025-02-24T17:09:52
emp_000272,acct_002689,2025-10-29T12:04:49
emp_000428,acct_011443,2025-07-02T13:11:46
emp_000101,acct_006254,2025-03-10T18:44:00
emp_000530,acct_019503,2025-10-16T17:56:04
emp_000155,acct_016546,2025-03-10T15:43:50
emp_000105,acct_012381,2025-12-24T12:12:17
emp_000348,acct_020143,2025-03-19T10:00:00
emp_000595,acct_019773,2025-08-06T12:23:55
emp_000238,acct_021027,2025-11-26T17:58:32
emp_000414,acct_011121,2025-12-29T12:58:10
emp_000512,acct_014572,2025-12-25T09:29:38
emp_000510,acct_012902,2025-02-25T11:10:40
emp_000161,acct_008703,2025-09-01T18:55:17
emp_000599,acct_013068,2025-11-24T15:51:06
emp_000462,acct_015189,2025-06-27T16:11:56
emp_000198,acct_007729,2025-11-27T17:06:23
emp_000344,acct_017652,2025-02-17T18:27:57
emp_000131,acct_002726,2025-04-08T16:55:15
emp_000470,acct_018855,2025-07-07T18:27:39
emp_000149,acct_004520,2025-05-19T16:32:39
emp_000460,acct_018567,2025-02-19T16:08:18
emp_000396,acct_021679,2025-08-22T18:31:02
emp_000307,acct_013948,2025-06-02T13:10:09
emp_000257,acct_003254,2025-10-13T14:20:55
emp_000367,acct_020151,2025-03-31T15:08:46
emp_000307,acct_007935,2025-04-21T10:08:53
emp_000590,acct_021507,2025-12-10T14:47:51
emp_000455,acct_008359,2025-08-25T12:26:55
emp_000492,acct_001068,2025-12-11T16:01:46
emp_000350,acct_021960,2025-07-21T17:49:53
emp_000135,acct_017936,2025-01-06T11:39:53
emp_000337,acct_021049,2025-06-09T10:11:54
emp_000467,acct_009505,2025-01-13T13:20:42
emp_000537,acct_019745,2025-10-30T16:59:33
emp_000531,acct_003633,2025-05-13T15:31:23
emp_000209,acct_010416,2025-09-03T13:37:32
emp_000048,acct_017201,2025-01-30T09:28:12
emp_000306,acct_010599,2025-12-05T18:51:30
emp_000023,acct_006319,2025-11-10T09:12:24
emp_000437,acct_015378,2025-04-14T14:18:07
emp_000259,acct_005664,2025-01-21T16:49:27
emp_000270,acct_008622,2025-11-07T18:04:49
emp_000126,acct_011073,2025-08-11T14:28:06
emp_000502,acct_017904,2026-01-01T10:28:45
emp_000270,acct_020474,2025-06-26T18:58:15
emp_000337,acct_019997,2025-11-13T12:41:36
emp_000382,acct_012659,2025-09-05T09:30:47
emp_000272,acct_007643,2025-02-04T17:53:14
emp_000386,acct_012088,2025-05-07T09:56:07
emp_000492,acct_006382,2025-05-13T15:17:15
emp_000522,acct_005170,2025-12-29T16:17:45
emp_000414,acct_000296,2025-12-23T10:50:40
emp_000386,acct_014038,2025-08-27T13:20:20
emp_000514,acct_001606,2025-08-15T17:31:58
emp_000325,acct_004567,2025-08-10T10:24:16
emp_000150,acct_013097,2025-04-14T10:01:20
emp_000043,acct_016786,2025-12-15T09:39:01
emp_000008,acct_012541,2025-03-20T09:22:08
emp_000414,acct_003808,2025-01-20T15:37:28
emp_000074,acct_012878,2025-12-30T16:16:14
emp_000564,acct_014051,2025-07-29T16:25:49
emp_000282,acct_020694,2025-02-14T12:04:26
emp_000359,acct_020321,2025-10-02T17:09:46
emp_000367,acct_011950,2025-02-24T17:35:07
emp_000319,acct_019715,2025-06-27T17:46:39
emp_000325,acct_014524,2025-09-01T09:12:33
emp_000550,acct_005274,2025-12-26T18:18:23
emp_000382,acct_000807,2025-09-23T09:27:17
emp_000423,acct_006504,2025-04-23T09:34:35
emp_000177,acct_008375,2025-01-13T11:49:59
emp_000494,acct_012576,2025-01-02T16:53:20
emp_000114,acct_005124,2025-01-29T09:30:47
emp_000050,acct_015161,2025-03-06T11:58:32
emp_000069,acct_013074,2025-09-12T15:52:00
emp_000402,acct_003482,2025-01-02T14:10:58
emp_000167,acct_002937,2025-08-14T14:58:50
emp_000166,acct_002623,2025-05-02T13:01:25
emp_000461,acct_003659,2025-12-22T10:01:59
emp_000557,acct_007272,2025-09-04T17:41:40
emp_000114,acct_010572,2025-07-07T15:11:29
emp_000095,acct_011375,2025-06-30T14:33:04
emp_000332,acct_016770,2025-11-14T11:52:43
emp_000514,acct_013154,2025-05-02T10:08:39
emp_000314,acct_012687,2025-05-05T15:04:35
emp_000011,acct_004469,2025-06-19T10:08:32
emp_000586,acct_012635,2025-08-06T12:01:32
emp_000356,acct_019469,2025-06-23T14:03:47
emp_000512,acct_021770,2025-10-15T12:21:57
emp_000543,acct_021692,2025-09-05T17:09:47
emp_000494,acct_008503,2025-08-04T18:02:42
emp_000593,acct_018658,2025-08-27T14:24:33
emp_000263,acct_003590,2025-08-08T12:16:29
emp_000047,acct_016398,2025-08-25T14:22:32
emp_000169,acct_018842,2025-11-25T14:14:13
emp_000146,acct_017981,2025-03-05T14:56:09
emp_000387,acct_000066,2025-02-14T09:14:31
emp_000307,acct_003942,2025-06-02T12:30:00
emp_000270,acct_010436,2025-02-25T16:35:41
emp_000544,acct_013220,2025-06-09T09:27:16
emp_000494,acct_014303,2025-11-21T13:25:30
emp_000279,acct_003948,2025-01-20T10:42:00
emp_000299,acct_013115,2025-02-04T09:40:50
emp_000263,acct_020222,2025-05-13T09:14:22
emp_000163,acct_002137,2025-03-11T10:53:08
emp_000592,acct_018959,2025-02-10T09:22:38
emp_000528,acct_019406,2025-10-01T11:35:11
emp_000135,acct_010784,2025-09-28T18:18:37
emp_000155,acct_016333,2025-05-15T13:24:19
emp_000235,acct_005325,2025-08-22T15:53:43
emp_000057,acct_016884,2025-01-13T13:03:00
emp_000540,acct_008221,2025-02-27T16:00:37
emp_000291,acct_009531,2025-12-08T09:38:02
emp_000026,acct_006989,2025-02-17T13:12:14
emp_000529,acct_009329,2025-08-26T11:46:31
emp_000282,acct_018590,2025-12-19T16:22:22
emp_000383,acct_013265,2025-02-04T15:26:08
emp_000406,acct_015436,2025-04-29T17:43:47
emp_000543,acct_017447,2025-01-28T10:17:13
emp_000491,acct_006493,2025-12-09T16:08:20
emp_000189,acct_015557,2025-12-05T16:40:54
emp_000544,acct_003006,2025-07-21T16:08:26
emp_000070,acct_018845,2025-06-27T14:39:49
emp_000562,acct_000766,2025-11-14T16:19:30
emp_000553,acct_012339,2025-06-11T17:06:25
emp_000231,acct_002334,2025-06-24T11:25:44
emp_000045,acct_010742,2025-11-14T14:04:58
emp_000498,acct_020997,2025-07-15T12:03:36
emp_000343,acct_018094,2025-05-02T14:18:16
emp_000592,acct_009713,2025-04-29T13:28:35
emp_000079,acct_007572,2025-05-09T16:06:54
emp_000105,acct_014274,2025-01-02T16:30:33
emp_000127,acct_012570,2025-07-21T15:57:57
emp_000474,acct_007358,2025-02-10T13:37:30
emp_000011,acct_018652,2025-02-21T11:30:25
emp_000117,acct_021967,2025-10-16T12:06:20
emp_000198,acct_018415,2025-03-05T09:33:29
emp_000548,acct_017730,2025-09-15T12:08:11
emp_000208,acct_019725,2025-10-16T14:26:45
emp_000466,acct_008384,2025-12-15T18:27:48
emp_000514,acct_001886,2025-08-01T15:08:22
emp_000500,acct_012985,2025-10-07T12:59:19
emp_000534,acct_017295,2025-09-08T17:37:50
emp_000367,acct_019533,2025-04-04T10:18:14
emp_000540,acct_021831,2025-07-21T12:37:56
emp_000053,acct_013199,2025-04-18T11:51:33
emp_000160,acct_007825,2025-09-22T17:31:17
emp_000406,acct_005553,2025-08-25T18:46:16
emp_000060,acct_013667,2025-01-19T11:05:54
emp_000367,acct_015269,2025-07-22T12:21:42
emp_000325,acct_005192,2025-10-02T17:22:10
emp_000544,acct_001839,2025-07-18T18:49:00
emp_000595,acct_002697,2025-03-20T09:57:03
emp_000387,acct_019425,2025-11-24T12:40:58
emp_000209,acct_009551,2025-01-27T12:09:19
emp_000495,acct_009420,2025-09-10T17:50:26
emp_000345,acct_010376,2025-06-02T17:12:36
emp_000135,acct_013840,2025-09-04T16:55:02
emp_000294,acct_011865,2025-07-14T11:01:42
emp_000327,acct_013749,2025-11-26T13:39:11
emp_000417,acct_021153,2025-07-08T09:13:18
emp_000277,acct_009890,2025-09-19T11:15:15
emp_000245,acct_008572,2025-08-11T16:37:39
emp_000161,acct_003828,2025-08-22T15:12:05
emp_000160,acct_011649,2025-03-31T13:26:22
emp_000584,acct_011967,2025-02-13T14:32:10
emp_000402,acct_018962,2025-01-20T18:52:24
emp_000149,acct_012578,2025-03-17T14:17:34
emp_000382,acct_007513,2025-09-06T14:22:03
emp_000163,acct_013578,2025-12-08T17:45:44
emp_000325,acct_021510,2025-07-28T17:56:22
emp_000082,acct_013025,2025-09-19T15:52:34
emp_000590,acct_012862,2025-03-28T14:53:12
emp_000406,acct_005243,2025-08-19T14:42:36
emp_000517,acct_013071,2025-04-14T12:23:59
emp_000048,acct_015843,2025-07-30T12:08:18
emp_000090,acct_004736,2025-02-04T11:58:17
emp_000150,acct_009762,2025-01-30T12:54:59
emp_000383,acct_002565,2025-01-21T18:38:48
emp_000590,acct_001163,2025-08-18T09:14:05
emp_000107,acct_017035,2025-11-15T16:01:24
emp_000460,acct_000239,2025-01-09T17:39:18
emp_000232,acct_013147,2025-09-27T17:30:06
emp_000069,acct_017346,2025-07-24T09:58:44
emp_000042,acct_010789,2025-06-04T15:49:56
emp_000067,acct_013369,2025-04-18T15:18:34
emp_000362,acct_000504,2025-10-20T13:13:10
emp_000498,acct_001636,2025-05-12T15:17:18
emp_000231,acct_019464,2025-04-01T10:24:38
emp_000544,acct_003603,2025-09-19T15:02:10
emp_000159,acct_005424,2025-04-07T09:17:15
emp_000522,acct_010043,2025-10-20T13:45:18
emp_000492,acct_006297,2025-05-04T16:29:12
emp_000053,acct_014618,2025-06-26T18:00:55
emp_000550,acct_006284,2025-03-07T14:59:42
emp_000146,acct_018023,2025-03-10T12:43:29
emp_000589,acct_019943,2025-05-09T17:26:01
emp_000514,acct_019849,2025-11-15T09:23:34
emp_000428,acct_019890,2025-03-24T15:06:56
emp_000592,acct_010428,2025-01-17T16:50:01
emp_000188,acct_002018,2025-05-13T14:19:46
emp_000003,acct_009045,2025-04-28T17:21:10
emp_000231,acct_008114,2025-12-29T14:08:13
emp_000042,acct_001743,2025-06-18T09:00:32
emp_000545,acct_005383,2025-11-11T11:19:20
emp_000348,acct_012033,2025-05-27T11:27:17
emp_000514,acct_019344,2025-01-20T13:53:24
emp_000231,acct_004039,2026-01-01T12:28:52
emp_000557,acct_018287,2025-12-12T14:34:52
emp_000250,acct_020598,2025-05-14T13:14:11
emp_000189,acct_007175,2025-04-30T10:32:44
emp_000483,acct_019136,2025-10-13T17:50:55
emp_000272,acct_009309,2025-01-30T11:35:34
emp_000125,acct_017824,2025-11-03T17:15:58
emp_000348,acct_006668,2025-10-21T18:38:07
emp_000567,acct_004014,2025-02-24T13:16:45
emp_000319,acct_012425,2025-06-26T14:55:56
emp_000500,acct_008804,2025-12-16T11:48:57
emp_000206,acct_020502,2025-12-22T10:20:47
emp_000157,acct_002035,2025-09-17T12:10:01
emp_000581,acct_008610,2025-04-28T17:33:47
emp_000117,acct_009312,2025-06-12T11:07:09
emp_000474,acct_020246,2025-05-29T09:17:57
emp_000290,acct_011566,2025-10-22T14:16:53
emp_000053,acct_007300,2025-03-11T12:24:42
emp_000067,acct_017544,2025-06-02T13:02:10
emp_000550,acct_010001,2025-11-25T11:54:33
emp_000511,acct_014282,2025-02-18T14:02:56
emp_000146,acct_010034,2025-07-14T18:02:38
emp_000208,acct_001532,2025-04-25T17:04:04
emp_000395,acct_003324,2025-09-19T17:32:34
emp_000047,acct_001726,2025-01-07T13:43:20
emp_000028,acct_017595,2025-05-28T10:55:14
emp_000231,acct_005360,2025-03-18T12:44:12
emp_000253,acct_004434,2025-10-06T17:50:41
emp_000014,acct_013213,2025-07-17T13:34:44
emp_000023,acct_018521,2025-04-28T17:34:21
emp_000275,acct_006960,2025-01-06T13:31:00
emp_000396,acct_003849,2025-09-03T12:42:43
emp_000466,acct_020389,2025-06-12T17:43:54
emp_000467,acct_005013,2025-07-03T18:41:45
emp_000550,acct_021485,2025-06-29T14:20:06
emp_000598,acct_014367,2025-08-04T16:56:54
emp_000042,acct_003850,2025-02-03T10:14:59
emp_000288,acct_015637,2025-08-11T10:18:39
emp_000198,acct_002823,2025-10-08T13:48:58
emp_000495,acct_003110,2025-04-09T09:10:54
emp_000553,acct_016747,2025-12-22T18:48:53
emp_000219,acct_003741,2025-09-13T18:56:54
emp_000126,acct_006556,2025-01-22T10:04:59
emp_000161,acct_001775,2025-06-26T13:16:57
emp_000156,acct_014694,2025-07-15T11:56:19
emp_000319,acct_019623,2025-12-28T09:10:54
emp_000079,acct_008314,2025-03-03T17:36:25
emp_000035,acct_014479,2025-04-11T10:30:49
emp_000466,acct_015987,2025-09-22T16:40:23
emp_000188,acct_008722,2025-05-28T17:11:21
emp_000101,acct_019279,2025-03-10T14:46:36
emp_000238,acct_007747,2025-09-04T17:11:28
emp_000431,acct_018400,2025-06-10T09:49:28
emp_000044,acct_017695,2025-06-09T15:02:35
emp_000053,acct_011296,2025-11-10T13:26:24
emp_000193,acct_003070,2025-06-19T15:45:06
emp_000334,acct_011312,2025-07-28T14:36:42
emp_000288,acct_015790,2025-02-28T13:38:44
emp_000503,acct_015004,2025-09-22T12:48:12
emp_000305,acct_017577,2025-02-17T13:16:15
emp_000003,acct_011844,2025-01-30T12:36:49
emp_000362,acct_008472,2025-11-03T12:49:13
emp_000167,acct_013477,2025-07-10T10:09:50
emp_000379,acct_014968,2025-05-12T16:06:45
emp_000460,acct_020705,2025-02-21T10:41:48
emp_000511,acct_003057,2025-07-25T12:14:25
emp_000291,acct_013473,2025-12-03T16:22:31
emp_000070,acct_008551,2025-07-14T16:41:44
emp_000531,acct_008177,2025-10-20T13:24:23
emp_000070,acct_009541,2025-12-31T14:18:27
emp_000149,acct_018503,2025-11-28T14:44:44
emp_000272,acct_001605,2025-06-18T14:37:23
emp_000454,acct_005916,2025-10-08T17:41:59
emp_000562,acct_019743,2025-03-04T12:59:52
emp_000519,acct_013444,2025-12-29T17:35:10
emp_000091,acct_021054,2025-05-16T10:03:36
emp_000132,acct_003338,2025-06-26T17:31:20
emp_000530,acct_008667,2025-04-13T13:39:22
emp_000161,acct_006508,2025-10-14T09:45:01
emp_000206,acct_010414,2025-07-07T10:38:29
emp_000358,acct_014592,2025-02-04T11:51:17
emp_000259,acct_007550,2025-08-15T17:35:41
emp_000192,acct_007934,2025-06-30T16:24:00
emp_000251,acct_011214,2025-01-09T09:31:32
emp_000540,acct_004520,2025-09-10T17:45:43
emp_000407,acct_019623,2025-12-31T14:39:23
emp_000053,acct_014633,2025-10-29T12:28:34
emp_000512,acct_014262,2025-10-06T11:00:02
emp_000253,acct_009179,2025-03-31T13:02:36
emp_000258,acct_009081,2025-03-14T09:18:04
emp_000544,acct_016368,2025-01-06T18:16:53
emp_000590,acct_011716,2025-06-09T10:36:08
emp_000011,acct_017572,2025-03-10T14:55:19
emp_000319,acct_013210,2025-12-26T10:26:48
emp_000359,acct_014335,2025-03-17T13:48:48
emp_000177,acct_005678,2025-06-05T11:20:06
emp_000189,acct_003802,2025-07-31T14:56:13
emp_000334,acct_017426,2025-02-27T14:00:29
emp_000186,acct_004244,2025-02-24T17:01:51
emp_000586,acct_018665,2025-03-03T10:46:26
emp_000406,acct_002739,2025-03-17T10:32:24
emp_000491,acct_013341,2025-06-09T14:04:49
emp_000035,acct_005010,2025-12-02T12:43:23
emp_000367,acct_004572,2025-11-25T16:31:37
emp_000282,acct_010583,2025-06-03T14:56:30
emp_000160,acct_005741,2025-11-25T10:47:37
emp_000086,acct_018098,2025-12-03T09:55:11
emp_000589,acct_017471,2025-12-15T12:54:57
emp_000460,acct_000930,2025-07-15T14:54:10
emp_000107,acct_009161,2025-07-01T15:36:02
emp_000043,acct_017817,2025-10-06T11:04:25
emp_000343,acct_009270,2025-04-30T15:15:35
emp_000290,acct_013132,2025-12-15T14:01:55
emp_000071,acct_005030,2025-11-24T10:55:20
emp_000518,acct_007846,2025-12-22T17:17:41
emp_000112,acct_008153,2025-05-22T11:58:08
emp_000211,acct_017075,2025-01-13T09:58:13
emp_000509,acct_005094,2025-09-22T18:55:31
emp_000047,acct_020567,2025-01-23T11:31:51
emp_000307,acct_017961,2025-11-17T14:01:16
emp_000279,acct_019838,2025-03-07T09:25:17
emp_000531,acct_019475,2025-12-08T11:43:45
emp_000105,acct_004251,2025-01-13T15:03:43
emp_000161,acct_003410,2025-05-16T13:08:16
emp_000575,acct_018090,2025-12-19T11:35:09
emp_000140,acct_010979,2025-12-15T18:49:22
emp_000067,acct_017495,2025-06-09T13:40:54
emp_000156,acct_015169,2025-11-03T10:23:12
emp_000050,acct_008229,2025-09-01T09:02:15
emp_000236,acct_019557,2025-11-25T18:45:06
emp_000548,acct_011629,2025-12-08T11:57:16
emp_000460,acct_016043,2025-05-22T18:24:15
emp_000024,acct_016792,2025-04-17T14:25:17
emp_000204,acct_021473,2025-11-21T09:04:30
emp_000517,acct_007195,2025-05-05T09:47:48
emp_000567,acct_017294,2025-02-20T18:21:25
emp_000143,acct_013015,2025-06-12T09:39:46
emp_000235,acct_021154,2025-12-19T09:12:47
emp_000378,acct_003040,2025-10-21T10:34:18
emp_000537,acct_017808,2025-11-18T15:02:28
emp_000343,acct_007419,2025-06-05T17:27:56
emp_000529,acct_005427,2025-11-17T16:05:06
emp_000193,acct_007773,2025-07-21T16:05:32
emp_000348,acct_000698,2025-05-31T12:01:21
emp_000014,acct_017486,2025-09-30T14:14:57
emp_000393,acct_000873,2025-11-24T16:10:11
emp_000166,acct_010694,2025-03-15T10:25:24
emp_000376,acct_015632,2025-10-28T17:15:22
emp_000500,acct_011922,2025-07-02T10:56:03
emp_000553,acct_013002,2025-12-01T16:55:58
emp_000482,acct_009428,2025-12-04T18:00:48
emp_000562,acct_008184,2025-04-14T18:11:55
emp_000027,acct_020425,2026-01-01T12:56:01
emp_000511,acct_010930,2025-06-26T14:12:05
emp_000068,acct_013715,2025-05-05T18:21:36
emp_000498,acct_010068,2025-05-28T12:50:11
emp_000379,acct_000183,2026-01-01T17:19:50
emp_000575,acct_010527,2025-01-04T15:59:48
emp_000382,acct_005208,2025-02-17T11:09:13
emp_000192,acct_011631,2025-01-27T09:26:51
emp_000211,acct_019517,2025-06-30T17:54:45
emp_000483,acct_020609,2025-07-23T13:43:12
emp_000382,acct_007221,2025-12-01T13:57:53
emp_000379,acct_012097,2025-05-07T10:12:06
emp_000386,acct_016569,2025-10-20T16:38:30
emp_000284,acct_001009,2025-07-15T18:12:46
emp_000014,acct_021575,2025-11-25T18:02:58
emp_000042,acct_016789,2025-03-24T09:03:42
emp_000137,acct_001409,2025-09-22T14:45:21
emp_000319,acct_021512,2025-06-07T18:02:29
emp_000259,acct_005564,2025-05-05T16:33:47
emp_000342,acct_005757,2025-09-01T12:28:12
emp_000095,acct_016291,2025-10-15T09:02:02
emp_000307,acct_011247,2025-02-24T17:48:20
emp_000312,acct_021546,2025-11-25T11:04:00
emp_000169,acct_007072,2025-10-13T18:41:54
emp_000564,acct_020552,2025-01-16T18:03:15
emp_000188,acct_017759,2025-05-03T17:16:43
emp_000010,acct_010788,2025-03-04T09:17:56
emp_000048,acct_006902,2025-08-14T09:03:55
emp_000048,acct_012039,2025-10-09T18:35:07
emp_000070,acct_011370,2025-09-29T15:05:31
emp_000017,acct_007120,2025-04-14T10:35:42
emp_000225,acct_009095,2025-05-23T17:16:27
emp_000464,acct_006970,2025-01-30T17:42:47
emp_000149,acct_012495,2025-04-03T13:28:36
emp_000344,acct_020984,2025-06-16T14:08:01
emp_000481,acct_009756,2025-08-14T10:29:07
emp_000540,acct_006342,2025-08-18T18:30:51
emp_000518,acct_020625,2025-10-14T11:12:35
emp_000344,acct_006608,2025-09-01T12:21:01
emp_000507,acct_018299,2025-10-09T15:53:20
emp_000137,acct_021046,2025-06-27T12:27:58
emp_000052,acct_014911,2025-07-29T15:50:33
emp_000156,acct_014420,2025-01-10T18:41:07
emp_000590,acct_004848,2025-05-05T17:12:05
emp_000027,acct_000048,2025-03-13T12:27:51
emp_000511,acct_018674,2025-02-03T13:39:41
emp_000514,acct_007651,2025-09-22T14:54:53
emp_000359,acct_000832,2025-07-07T14:04:53
emp_000071,acct_005651,2025-02-04T09:03:14
emp_000011,acct_003171,2025-12-02T14:44:17
emp_000272,acct_001116,2025-05-20T12:54:59
emp_000011,acct_015332,2025-08-25T17:28:27
emp_000209,acct_015931,2025-03-10T14:58:35
emp_000420,acct_006335,2025-06-18T09:47:17
emp_000150,acct_017948,2025-03-14T16:17:14
emp_000396,acct_014095,2025-05-14T09:33:18
emp_000258,acct_001842,2025-05-02T14:46:01
emp_000259,acct_010821,2025-10-31T17:20:45
emp_000365,acct_014706,2025-08-30T18:40:36
emp_000052,acct_000244,2025-07-15T12:48:06
emp_000598,acct_018668,2025-02-17T14:06:20
emp_000193,acct_020634,2025-06-23T11:41:38
emp_000206,acct_021224,2025-07-07T17:11:47
emp_000464,acct_018461,2025-05-19T18:11:49
emp_000519,acct_009069,2025-04-28T18:02:47
emp_000048,acct_006832,2025-09-15T16:13:25
emp_000248,acct_008983,2025-01-10T15:30:44
emp_000150,acct_003291,2025-03-04T17:16:27
emp_000386,acct_001526,2025-03-21T16:01:55
emp_000461,acct_009155,2025-06-23T14:11:22
emp_000291,acct_020701,2025-05-06T12:26:13
emp_000259,acct_017909,2025-02-25T12:34:41
emp_000238,acct_004707,2025-09-15T12:17:54
emp_000189,acct_018292,2025-12-02T16:27:52
emp_000184,acct_013957,2025-09-01T09:33:21
emp_000132,acct_021143,2025-08-25T16:34:21
emp_000238,acct_000576,2025-07-09T15:54:23
emp_000507,acct_008949,2025-09-15T16:06:31
emp_000325,acct_001536,2025-10-20T11:06:44
emp_000531,acct_017100,2025-01-13T10:41:47
emp_000510,acct_004240,2025-07-12T16:35:36
emp_000586,acct_018042,2025-02-27T17:48:30
emp_000378,acct_012960,2025-06-30T12:46:39
emp_000127,acct_011290,2025-03-13T11:48:46
emp_000014,acct_018762,2025-05-06T14:01:43
emp_000586,acct_021057,2025-03-26T14:01:48
emp_000070,acct_018203,2025-11-02T18:15:57
emp_000354,acct_010373,2025-10-06T18:25:18
emp_000080,acct_017486,2025-01-21T15:48:39
emp_000337,acct_001930,2025-06-12T09:32:47
emp_000534,acct_015570,2025-11-12T10:27:56
emp_000393,acct_019431,2025-11-17T14:12:45
emp_000010,acct_002309,2025-12-24T18:21:11
emp_000067,acct_014909,2025-09-22T17:34:49
emp_000581,acct_021905,2025-04-21T16:28:46
emp_000396,acct_020661,2025-09-10T09:09:32
emp_000127,acct_020333,2025-06-03T11:11:21
emp_000198,acct_012947,2025-09-17T17:51:50
emp_000169,acct_002701,2025-05-01T11:13:04
emp_000365,acct_013149,2025-10-13T09:31:41
emp_000263,acct_019643,2025-01-13T18:04:13
emp_000047,acct_021829,2025-06-27T12:53:44
emp_000474,acct_005674,2025-03-21T09:44:58
emp_000177,acct_011471,2025-09-09T16:33:33
emp_000483,acct_021048,2025-10-02T13:52:36
emp_000517,acct_002850,2025-11-11T12:03:49
emp_000319,acct_007234,2025-03-27T09:02:48
emp_000455,acct_019625,2025-05-05T17:25:02
emp_000004,acct_013372,2025-12-08T11:03:24
emp_000314,acct_020243,2025-09-08T11:05:30
emp_000176,acct_017009,2025-05-16T16:19:30
emp_000085,acct_015793,2025-12-08T17:22:42
emp_000356,acct_001925,2025-05-12T12:54:31
emp_000359,acct_010060,2025-07-02T16:08:00
emp_000284,acct_003097,2025-02-26T16:51:47
emp_000544,acct_010333,2025-07-14T12:33:39
emp_000537,acct_019713,2025-02-17T18:35:32
emp_000312,acct_009113,2025-05-20T18:05:40
emp_000395,acct_016993,2025-08-11T16:58:49
emp_000567,acct_017267,2025-08-12T15:07:39
emp_000247,acct_000621,2025-08-04T15:50:22
emp_000059,acct_003210,2025-10-30T17:20:11
emp_000454,acct_000974,2025-08-04T16:27:22
emp_000379,acct_009391,2025-01-02T16:19:41
emp_000132,acct_004635,2025-11-24T12:11:19
emp_000079,acct_021675,2025-11-10T12:27:00
emp_000406,acct_016738,2025-04-03T09:42:58
emp_000024,acct_004690,2025-04-21T17:06:46
emp_000060,acct_009752,2025-11-05T10:58:12
emp_000114,acct_003763,2025-03-07T16:22:14
emp_000500,acct_009586,2025-10-13T10:37:28
emp_000057,acct_002455,2025-07-04T09:51:59
emp_000481,acct_007961,2025-06-30T11:40:38
emp_000332,acct_016641,2025-11-17T18:35:41
emp_000279,acct_008321,2025-10-06T10:56:43
emp_000105,acct_008507,2025-01-10T14:01:49
emp_000423,acct_014530,2025-05-16T12:18:07
emp_000517,acct_014602,2025-10-22T16:50:01
emp_000517,acct_014000,2025-01-10T13:03:20
emp_000544,acct_007632,2025-06-19T14:55:11
emp_000060,acct_003620,2025-04-24T10:00:34
emp_000319,acct_009315,2025-10-01T14:02:36
emp_000358,acct_009947,2025-06-30T15:21:29
emp_000209,acct_002271,2025-05-08T12:58:41
emp_000593,acct_018226,2025-05-22T14:43:01
emp_000079,acct_010260,2025-04-08T15:30:26
emp_000101,acct_003072,2025-01-27T17:09:12
emp_000492,acct_011108,2025-04-17T12:13:24
emp_000068,acct_021642,2025-08-20T15:23:56
emp_000235,acct_008838,2025-11-17T16:26:37
emp_000277,acct_020220,2025-03-31T10:19:09
emp_000483,acct_016464,2025-12-24T15:01:21
emp_000455,acct_002324,2025-03-10T17:16:07
emp_000433,acct_021802,2025-06-30T17:09:37
emp_000107,acct_008800,2025-05-04T18:42:33
emp_000410,acct_003034,2025-09-12T10:41:33
emp_000146,acct_008759,2025-12-12T13:47:14
emp_000509,acct_014513,2025-12-20T15:53:12
emp_000052,acct_013284,2025-10-30T09:11:47
emp_000236,acct_004315,2025-10-03T14:30:00
emp_000166,acct_018068,2025-03-03T17:07:25
emp_000163,acct_014148,2025-04-21T11:43:15
emp_000362,acct_009947,2025-04-21T10:55:53
emp_000584,acct_010974,2025-06-09T16:49:26
emp_000091,acct_014686,2025-11-25T12:56:20
emp_000530,acct_011872,2025-02-10T14:18:25
emp_000299,acct_019848,2025-04-14T10:48:50
emp_000416,acct_003212,2025-10-03T13:17:52
emp_000518,acct_008529,2025-05-30T18:05:32
emp_000149,acct_016076,2025-12-01T14:53:12
emp_000410,acct_001688,2025-07-03T11:44:37
emp_000543,acct_022005,2025-06-30T13:43:29
emp_000248,acct_015397,2025-05-06T12:38:33
emp_000277,acct_000954,2025-08-04T17:10:19
emp_000284,acct_012529,2025-06-19T12:27:32
emp_000337,acct_009099,2025-12-30T18:40:02
emp_000545,acct_012920,2025-06-02T17:35:11
emp_000225,acct_003161,2025-11-12T09:24:46
emp_000548,acct_010025,2025-06-16T11:01:38
emp_000529,acct_011744,2025-03-05T14:40:47
emp_000112,acct_011890,2025-01-17T13:16:24
emp_000514,acct_019639,2025-09-22T09:47:55
emp_000537,acct_004522,2025-02-17T18:00:59
emp_000437,acct_016179,2025-01-13T14:16:19
emp_000161,acct_017009,2025-02-25T17:25:47
emp_000313,acct_006878,2025-12-10T11:53:21
emp_000067,acct_003712,2025-05-07T16:20:43
emp_000192,acct_004122,2025-07-01T16:42:08
emp_000509,acct_021159,2025-05-09T09:45:57
emp_000125,acct_012558,2025-07-16T15:46:38
emp_000383,acct_020834,2025-12-15T11:21:21
emp_000236,acct_021591,2025-12-18T16:42:48
emp_000112,acct_012931,2025-02-27T14:51:01
emp_000002,acct_015410,2025-11-04T16:15:10
emp_000248,acct_018494,2025-02-07T18:48:59
emp_000545,acct_021269,2025-01-20T16:27:30
emp_000455,acct_020161,2025-12-04T10:53:23
emp_000416,acct_013660,2025-03-31T09:07:40
emp_000420,acct_020547,2025-08-31T13:21:40
emp_000204,acct_008622,2025-12-22T11:07:44
emp_000219,acct_021507,2025-12-08T13:22:22
emp_000125,acct_002983,2025-01-29T17:37:26
emp_000232,acct_004803,2025-05-23T16:09:06
emp_000598,acct_000774,2025-10-17T10:23:58
emp_000080,acct_017068,2025-02-21T09:13:12
emp_000298,acct_006752,2025-07-14T15:55:57
emp_000204,acct_004940,2025-11-14T11:53:19
emp_000354,acct_001940,2025-10-03T10:27:35
emp_000350,acct_008666,2025-12-15T11:47:04
emp_000343,acct_010298,2025-06-18T17:27:21
emp_000149,acct_018710,2025-06-06T14:55:55
emp_000010,acct_005824,2025-11-26T16:44:06
emp_000044,acct_011631,2025-09-05T16:16:24
emp_000150,acct_001231,2025-02-03T10:01:15
emp_000086,acct_020622,2025-02-14T12:07:07
emp_000250,acct_005525,2025-10-08T17:55:24
emp_000461,acct_003036,2025-06-02T14:08:40
emp_000042,acct_007346,2025-03-07T14:51:51
emp_000423,acct_014988,2025-12-15T16:19:33
emp_000312,acct_000951,2025-04-21T11:05:05
emp_000294,acct_001763,2025-12-18T10:55:02
emp_000225,acct_010654,2025-08-10T14:44:53
emp_000553,acct_017329,2025-09-04T14:42:07
emp_000423,acct_003276,2025-10-02T16:12:47
emp_000312,acct_001565,2025-12-31T15:25:18
emp_000437,acct_016089,2025-07-09T11:16:36
emp_000348,acct_002245,2025-02-07T17:40:30
emp_000253,acct_012820,2025-09-13T10:27:41
emp_000581,acct_018070,2025-11-26T15:26:40
emp_000053,acct_000857,2025-01-09T10:22:43
emp_000483,acct_020408,2025-08-11T15:23:26
emp_000460,acct_005776,2025-06-13T10:11:21
emp_000564,acct_014907,2025-12-08T17:29:00
emp_000461,acct_011515,2025-09-19T16:08:58
emp_000298,acct_009790,2025-07-14T13:37:49
emp_000325,acct_017179,2025-06-03T17:26:21
emp_000023,acct_002821,2025-01-30T15:29:09
emp_000482,acct_018991,2025-09-12T15:13:55
emp_000107,acct_004174,2025-01-24T11:33:27
emp_000186,acct_019090,2025-09-29T12:48:10
emp_000023,acct_018431,2025-09-22T18:22:43
emp_000428,acct_007815,2025-01-17T16:45:14
emp_000467,acct_000200,2025-01-07T09:02:00
emp_000362,acct_017838,2025-12-02T16:19:38
emp_000383,acct_006315,2025-06-23T16:38:09
emp_000562,acct_019014,2025-01-14T17:49:06
emp_000004,acct_016905,2025-03-05T17:20:39
emp_000503,acct_004307,2025-07-09T17:11:33
emp_000095,acct_009394,2025-10-24T17:51:49
emp_000562,acct_008315,2025-12-09T14:48:37
emp_000312,acct_020230,2025-05-13T09:17:50
emp_000483,acct_008100,2025-01-29T17:13:15
emp_000423,acct_007131,2025-10-27T16:57:52
emp_000017,acct_005101,2025-07-05T13:50:10
emp_000589,acct_011843,2025-04-16T14:06:43
emp_000470,acct_017556,2025-09-01T15:45:09
emp_000149,acct_013018,2025-04-25T12:11:16
emp_000057,acct_015271,2025-07-21T09:08:37
emp_000393,acct_019767,2025-08-26T18:01:32
emp_000313,acct_005174,2025-08-17T18:13:01
emp_000282,acct_015313,2025-08-30T18:48:27
emp_000461,acct_005748,2025-07-02T09:57:48
emp_000342,acct_010058,2025-01-08T13:51:59
emp_000590,acct_001323,2025-08-12T12:31:55
emp_000356,acct_009016,2025-06-27T14:27:44
emp_000564,acct_005593,2025-12-18T13:36:49
emp_000270,acct_000439,2025-12-27T12:01:10
emp_000170,acct_002030,2025-03-11T15:50:28
emp_000306,acct_005511,2025-02-17T16:48:17
emp_000462,acct_015360,2025-06-05T18:52:43
emp_000229,acct_006975,2025-07-21T12:56:11
emp_000231,acct_013140,2025-09-22T17:01:48
emp_000263,acct_015281,2025-10-17T16:26:33
emp_000502,acct_014753,2025-01-13T13:49:50
emp_000150,acct_008273,2025-04-17T13:08:44
emp_000502,acct_007514,2025-06-09T11:42:29
emp_000043,acct_010411,2025-10-29T11:57:57
emp_000204,acct_003564,2025-12-09T10:08:28
emp_000393,acct_008972,2025-04-21T15:39:29
emp_000414,acct_004214,2025-11-20T17:31:42
emp_000211,acct_020676,2025-04-09T15:31:46
emp_000598,acct_021474,2025-04-05T12:57:34
emp_000306,acct_015460,2025-06-02T18:40:48
emp_000013,acct_020766,2025-09-17T11:23:17
emp_000359,acct_003335,2025-06-11T16:53:46
emp_000426,acct_002662,2025-10-27T09:54:01
emp_000170,acct_012488,2025-02-10T10:23:15
emp_000511,acct_019811,2025-05-26T14:56:17
emp_000248,acct_001326,2025-06-16T18:04:48
emp_000003,acct_006540,2025-10-23T15:45:02
emp_000238,acct_003986,2025-12-26T17:36:53
emp_000291,acct_009523,2025-04-23T12:02:04
emp_000337,acct_019578,2025-01-03T09:33:46
emp_000537,acct_010402,2025-10-08T16:00:44
emp_000461,acct_008185,2025-02-28T15:09:50
emp_000176,acct_015828,2025-10-10T13:15:50
emp_000156,acct_006226,2025-05-02T11:24:30
emp_000186,acct_012960,2025-06-24T09:20:52
emp_000076,acct_002519,2025-06-02T18:46:18
emp_000306,acct_006758,2025-02-19T14:40:53
emp_000599,acct_008743,2025-02-26T18:50:07
emp_000423,acct_000420,2025-06-06T18:03:00
emp_000186,acct_019605,2025-06-12T18:32:54
emp_000157,acct_019072,2025-07-17T17:10:51
emp_000369,acct_002590,2025-04-09T13:12:11
emp_000498,acct_017361,2025-11-09T17:45:24
emp_000337,acct_015210,2025-11-24T14:03:19
emp_000059,acct_006923,2025-03-10T12:08:13
emp_000575,acct_017736,2025-11-20T14:32:56
emp_000543,acct_012675,2025-10-22T15:05:42
emp_000047,acct_013828,2025-05-20T16:03:21
emp_000511,acct_006086,2025-03-17T11:49:24
emp_000298,acct_018069,2025-09-15T18:26:40
emp_000014,acct_011622,2025-08-29T09:11:51
emp_000013,acct_010859,2025-08-05T14:28:56
emp_000206,acct_001090,2025-09-12T15:01:52
emp_000367,acct_012476,2025-09-15T18:41:44
emp_000013,acct_003958,2025-09-09T12:27:19
emp_000035,acct_017951,2025-06-25T15:40:48
emp_000502,acct_014340,2025-01-28T11:26:20
emp_000436,acct_004559,2025-05-26T17:15:41
emp_000002,acct_001488,2025-06-17T10:28:12
emp_000177,acct_016409,2025-07-07T18:28:22
emp_000238,acct_018339,2025-10-23T18:39:12
emp_000059,acct_010525,2025-05-13T18:54:38
emp_000590,acct_008960,2025-09-25T13:58:13
emp_000235,acct_014601,2025-01-06T12:41:14
emp_000514,acct_010752,2025-12-24T10:36:53
emp_000231,acct_014922,2025-03-27T16:58:54
emp_000288,acct_016942,2025-06-02T09:53:46
emp_000166,acct_010777,2025-09-11T18:47:34
emp_000166,acct_011493,2025-10-16T13:51:42
emp_000540,acct_015263,2025-07-15T15:49:42
emp_000074,acct_009893,2025-10-13T14:20:34
emp_000060,acct_020386,2025-03-17T15:30:19
emp_000540,acct_019660,2025-01-13T13:15:37
emp_000046,acct_012099,2025-07-30T13:15:21
emp_000017,acct_005902,2025-04-21T10:20:51
emp_000235,acct_005350,2025-09-05T12:30:11
emp_000169,acct_007768,2025-02-17T17:17:56
emp_000464,acct_003916,2025-03-14T16:04:51
emp_000519,acct_007917,2025-01-20T11:32:12
emp_000050,acct_012649,2025-02-03T16:06:27
emp_000402,acct_006034,2025-11-04T16:29:30
emp_000595,acct_007336,2025-02-17T09:45:51
emp_000270,acct_009319,2025-04-18T11:15:32
emp_000314,acct_021215,2025-12-12T12:28:13
emp_000090,acct_018167,2025-09-09T11:18:36
emp_000192,acct_018176,2025-02-11T18:37:25
emp_000590,acct_011072,2025-11-28T13:08:31
emp_000188,acct_011275,2025-05-20T15:46:57
emp_000159,acct_016446,2025-01-21T11:38:27
emp_000334,acct_018054,2025-04-30T12:18:11
emp_000314,acct_015743,2025-05-05T15:53:15
emp_000080,acct_017599,2025-03-17T12:12:13
emp_000544,acct_006587,2025-01-09T15:55:24
emp_000014,acct_012416,2025-05-30T18:55:43
emp_000306,acct_003536,2025-10-03T10:27:23
emp_000047,acct_003585,2025-02-10T18:31:31
emp_000428,acct_011810,2025-02-19T16:35:43
emp_000028,acct_005004,2025-01-10T10:25:06
emp_000229,acct_000632,2025-11-03T10:12:21
emp_000279,acct_014283,2025-11-14T14:04:49
emp_000531,acct_008284,2025-07-21T13:25:20
emp_000003,acct_002052,2025-07-03T09:27:02
emp_000544,acct_001914,2025-04-16T17:13:45
emp_000208,acct_011122,2025-10-05T12:50:31
emp_000298,acct_012363,2025-01-13T17:57:21
emp_000528,acct_012209,2025-05-29T18:37:15
emp_000053,acct_007959,2025-10-17T13:02:42
emp_000279,acct_018460,2025-09-24T17:58:08
emp_000020,acct_002752,2025-04-07T13:27:21
emp_000575,acct_000468,2025-12-12T10:17:45
emp_000348,acct_017734,2025-02-25T14:12:55
emp_000454,acct_014841,2025-02-12T14:46:49
emp_000126,acct_000321,2025-05-28T13:59:49
emp_000592,acct_010132,2025-02-14T12:05:26
emp_000211,acct_004203,2025-12-08T11:11:30
emp_000091,acct_004498,2025-05-28T18:15:52
emp_000143,acct_009331,2025-12-23T09:47:10
emp_000117,acct_012606,2025-10-14T17:54:59
emp_000101,acct_011952,2025-09-15T18:50:34
emp_000306,acct_016203,2025-03-31T10:07:57
emp_000076,acct_020072,2025-11-14T17:54:59
emp_000325,acct_010313,2025-04-04T15:59:21
emp_000407,acct_017561,2025-09-01T12:47:07
emp_000531,acct_014007,2025-09-25T12:44:30
emp_000367,acct_001914,2025-08-28T15:52:21
emp_000046,acct_013956,2025-04-14T12:50:33
emp_000495,acct_020009,2025-04-07T14:53:32
emp_000272,acct_005516,2025-06-19T12:06:25
emp_000509,acct_003660,2025-11-13T10:50:44
emp_000258,acct_001470,2025-02-27T10:37:58
emp_000416,acct_008504,2025-12-30T16:00:18
emp_000156,acct_004639,2025-12-24T11:03:13
emp_000004,acct_017744,2025-11-25T17:18:51
emp_000105,acct_010136,2025-12-26T17:33:54
emp_000209,acct_008877,2025-10-13T13:22:20
emp_000562,acct_000037,2025-01-07T15:28:48
emp_000105,acct_001380,2025-09-10T14:13:20
emp_000209,acct_008882,2025-04-16T12:48:36
emp_000003,acct_012931,2025-09-23T09:04:58
emp_000416,acct_015082,2025-09-17T09:46:42
emp_000067,acct_002136,2025-01-11T14:55:45
emp_000163,acct_020681,2025-01-13T14:44:38
emp_000020,acct_019799,2025-04-23T10:17:27
emp_000437,acct_021415,2025-07-14T18:07:25
emp_000211,acct_000027,2025-02-04T14:10:13
emp_000299,acct_001461,2025-01-22T15:57:47
emp_000299,acct_001474,2025-08-19T09:46:01
emp_000543,acct_021896,2025-03-25T14:02:59
emp_000369,acct_014914,2025-03-16T15:55:45
emp_000334,acct_002733,2025-11-26T17:21:12
emp_000359,acct_019647,2025-05-26T11:01:13
emp_000132,acct_021969,2025-12-15T10:39:43
emp_000534,acct_004938,2025-10-14T12:27:35
emp_000135,acct_010642,2025-11-05T17:54:02
emp_000358,acct_001939,2025-11-17T16:33:29
emp_000126,acct_019616,2025-03-10T16:54:12
emp_000562,acct_006115,2025-11-10T17:46:56
emp_000593,acct_014071,2025-04-21T17:20:46
emp_000428,acct_004190,2025-07-07T12:20:07
emp_000575,acct_018700,2025-11-30T14:19:08
emp_000042,acct_016030,2025-09-15T09:10:28
emp_000344,acct_006118,2025-01-09T13:04:29
emp_000044,acct_012899,2025-12-09T16:59:23
emp_000548,acct_017723,2025-05-12T18:39:34
emp_000426,acct_009691,2025-07-11T11:11:31
emp_000492,acct_004546,2025-08-19T12:56:11
emp_000052,acct_011583,2025-03-05T10:51:45
emp_000423,acct_011060,2025-11-20T12:57:05
emp_000505,acct_017840,2025-09-01T10:21:41
emp_000342,acct_018690,2025-10-13T10:32:11
emp_000070,acct_020917,2025-01-06T10:52:19
emp_000264,acct_011303,2025-03-29T17:57:07
emp_000011,acct_021404,2025-04-10T14:06:33
emp_000495,acct_001976,2025-04-28T12:05:52
emp_000219,acct_003578,2025-07-21T17:26:43
emp_000522,acct_000665,2025-05-29T09:34:43
emp_000156,acct_012323,2025-12-24T10:50:52
emp_000046,acct_022000,2025-06-25T12:14:32
emp_000117,acct_019885,2025-08-01T11:05:59
emp_000105,acct_003218,2025-07-17T10:46:34
emp_000437,acct_007517,2025-04-17T16:55:27
emp_000053,acct_010259,2025-12-25T13:17:45
emp_000080,acct_013813,2025-08-24T14:20:55
emp_000086,acct_011426,2025-11-19T09:31:33
emp_000020,acct_010492,2025-09-03T17:37:18
emp_000046,acct_013390,2025-07-11T18:05:25
emp_000150,acct_018782,2025-06-02T09:53:43
emp_000028,acct_016899,2025-11-04T10:13:35
emp_000198,acct_015197,2025-01-20T10:33:54
emp_000046,acct_006918,2025-09-01T14:11:19
emp_000211,acct_020794,2025-05-15T11:23:17
emp_000362,acct_001857,2025-10-27T16:24:07
emp_000463,acct_007244,2025-05-12T11:11:19
emp_000277,acct_003707,2025-03-03T13:35:01
emp_000376,acct_005164,2025-03-14T15:55:02
emp_000048,acct_017137,2025-06-30T15:32:54
emp_000598,acct_008444,2025-04-22T18:28:58
emp_000299,acct_011106,2025-09-19T12:21:29
emp_000095,acct_008192,2025-09-22T09:48:40
emp_000020,acct_012385,2025-10-02T14:05:16
emp_000086,acct_000884,2025-09-29T15:42:33
emp_000428,acct_013621,2025-04-25T16:22:48
emp_000396,acct_008510,2025-07-28T13:35:24
emp_000378,acct_017274,2025-07-14T17:53:06
emp_000342,acct_007257,2025-10-07T10:14:47
emp_000463,acct_008850,2025-09-09T18:14:18
emp_000051,acct_014120,2025-06-26T09:21:47
emp_000564,acct_004940,2025-05-05T17:53:47
emp_000512,acct_019065,2025-02-14T11:39:01
emp_000327,acct_020719,2025-07-14T15:19:44
emp_000567,acct_004828,2025-07-07T14:14:19
emp_000332,acct_015012,2025-11-19T11:00:19
emp_000528,acct_012386,2025-10-02T11:38:28
emp_000160,acct_010081,2025-06-04T17:58:38
emp_000460,acct_021664,2025-02-20T14:31:01
emp_000548,acct_019327,2025-08-04T17:18:31
emp_000376,acct_007921,2025-10-16T15:33:24
emp_000251,acct_016624,2025-05-05T14:18:57
emp_000343,acct_002152,2025-06-17T17:52:05
emp_000277,acct_002651,2025-03-10T15:38:47
emp_000509,acct_014780,2025-05-19T09:09:23
emp_000156,acct_017958,2025-12-09T10:53:18
emp_000143,acct_016611,2025-07-21T13:33:38
emp_000519,acct_021095,2025-01-21T11:42:13
emp_000575,acct_003755,2025-09-30T17:08:28
emp_000337,acct_016984,2025-07-21T18:09:49
emp_000464,acct_009152,2025-11-03T11:22:42
emp_000170,acct_011797,2025-06-09T17:07:10
emp_000059,acct_015311,2025-01-20T10:05:32
emp_000470,acct_010924,2025-07-21T18:26:14
emp_000416,acct_003281,2025-06-11T16:33:14
emp_000340,acct_014798,2025-10-07T10:31:21
emp_000557,acct_000921,2025-03-04T15:21:00
emp_000584,acct_016559,2025-12-18T15:59:20
emp_000455,acct_018332,2025-01-27T17:54:35
emp_000046,acct_011991,2025-02-12T10:26:26
emp_000272,acct_014211,2025-06-03T12:03:09
emp_000160,acct_017311,2025-05-05T18:51:07
emp_000080,acct_016904,2025-04-08T10:16:16
emp_000491,acct_020495,2025-05-23T12:11:02
emp_000189,acct_012203,2025-01-27T14:46:32
emp_000272,acct_006211,2025-01-20T13:27:07
emp_000436,acct_021775,2025-06-25T17:21:18
emp_000586,acct_002777,2025-12-05T18:42:54
emp_000460,acct_016003,2025-02-03T17:22:17
emp_000204,acct_017900,2025-04-10T09:40:25
emp_000598,acct_021272,2025-01-06T12:37:33
emp_000462,acct_006581,2025-04-22T10:54:18
emp_000010,acct_008352,2025-04-30T16:16:59
emp_000507,acct_010879,2025-01-08T12:31:51
emp_000379,acct_021756,2025-03-10T14:12:51
emp_000160,acct_001312,2025-05-05T13:07:09
emp_000149,acct_019665,2025-05-21T09:53:19
emp_000460,acct_009778,2025-08-16T09:40:43
emp_000537,acct_000218,2025-09-25T11:25:37
emp_000503,acct_006785,2025-06-02T12:42:52
emp_000564,acct_009936,2025-11-17T12:44:11
emp_000127,acct_016057,2025-04-14T10:22:16
emp_000014,acct_000982,2025-09-29T13:13:30
emp_000598,acct_016517,2025-06-17T11:54:16
emp_000229,acct_006386,2025-09-19T09:35:55
emp_000375,acct_018376,2025-06-05T14:53:34
emp_000127,acct_005194,2025-03-03T17:57:57
emp_000464,acct_018936,2025-12-04T18:19:29
emp_000189,acct_002078,2025-04-21T10:05:28
emp_000101,acct_000785,2025-03-24T17:17:56
emp_000470,acct_021467,2025-06-30T15:30:09
emp_000014,acct_001174,2025-03-06T18:31:35
emp_000356,acct_014716,2025-03-12T18:13:27
emp_000495,acct_012119,2025-07-17T10:22:40
emp_000586,acct_015757,2025-02-03T10:12:24
emp_000494,acct_019238,2025-02-11T17:57:53
emp_000467,acct_008423,2025-09-07T13:48:06
emp_000043,acct_015018,2025-06-09T18:23:11
emp_000245,acct_002972,2025-11-19T11:13:39
emp_000089,acct_000237,2025-03-24T15:13:14
emp_000258,acct_002454,2025-07-14T16:54:36
emp_000020,acct_020148,2025-06-05T18:50:47
emp_000500,acct_010724,2025-04-25T09:25:41
emp_000220,acct_007248,2025-06-24T16:24:36
emp_000096,acct_000392,2025-04-23T18:32:38
emp_000259,acct_004950,2025-02-03T16:29:01
emp_000407,acct_010765,2025-05-21T16:48:46
emp_000107,acct_020681,2025-09-11T16:23:36
emp_000354,acct_019491,2025-11-28T09:13:01
emp_000186,acct_008128,2025-03-31T09:52:47
emp_000359,acct_006238,2025-10-27T15:54:04
emp_000263,acct_019149,2025-05-02T17:07:14
emp_000356,acct_021540,2025-04-02T10:54:11
emp_000080,acct_021741,2025-08-25T18:10:24
emp_000059,acct_013335,2025-12-16T09:38:16
emp_000386,acct_014225,2025-05-12T10:43:23
emp_000225,acct_001501,2025-07-02T18:58:20
emp_000052,acct_021885,2025-04-07T11:37:11
emp_000359,acct_016015,2025-01-06T09:41:01
emp_000514,acct_014045,2025-05-15T10:14:12
emp_000184,acct_018526,2025-12-29T12:55:59
emp_000531,acct_010577,2025-02-03T09:06:23
emp_000433,acct_005898,2025-01-13T15:49:25
emp_000382,acct_004678,2025-08-18T18:10:26
emp_000519,acct_003022,2025-07-21T15:37:11
emp_000503,acct_001963,2025-07-07T18:11:05
emp_000132,acct_016773,2025-04-24T18:22:46
emp_000312,acct_014150,2025-12-15T12:32:09
emp_000003,acct_009138,2025-11-10T10:22:51
emp_000085,acct_013280,2025-10-08T16:49:45
emp_000528,acct_007933,2025-03-24T15:08:17
emp_000365,acct_008404,2025-03-27T10:45:14
emp_000028,acct_001486,2025-07-19T15:49:52
emp_000358,acct_014389,2025-06-12T11:02:59
emp_000307,acct_001327,2025-10-20T17:40:01
emp_000531,acct_015468,2025-10-20T13:56:26
emp_000277,acct_007716,2025-08-26T12:24:52
emp_000305,acct_021822,2025-07-02T16:12:58
emp_000161,acct_006034,2025-12-15T18:21:48
emp_000150,acct_013063,2025-10-20T09:33:17
emp_000354,acct_016911,2025-07-01T15:26:29
emp_000011,acct_018172,2025-05-09T18:40:02
emp_000423,acct_016970,2025-09-14T18:49:04
emp_000482,acct_006195,2025-01-01T14:22:02
emp_000402,acct_004646,2025-10-08T18:42:30
emp_000248,acct_018095,2025-11-03T16:32:25
emp_000491,acct_013058,2025-02-24T14:00:23
emp_000245,acct_006500,2025-06-22T17:40:49
emp_000048,acct_013002,2025-10-27T17:11:49
emp_000120,acct_015255,2025-09-05T14:19:19
emp_000060,acct_008729,2026-01-01T14:59:49
emp_000023,acct_001762,2025-03-04T10:34:58
emp_000379,acct_012424,2025-01-06T15:31:54
emp_000192,acct_007605,2025-08-18T13:29:42
emp_000107,acct_002919,2025-07-04T12:28:06
emp_000250,acct_003360,2025-12-22T17:22:36
emp_000010,acct_002925,2025-01-09T13:40:40
emp_000332,acct_015218,2025-12-08T12:42:30
emp_000393,acct_013529,2025-02-11T13:47:14
emp_000564,acct_013614,2025-04-16T15:40:16
emp_000045,acct_014542,2025-12-09T16:12:20
emp_000350,acct_012929,2025-03-12T10:29:44
emp_000522,acct_009416,2025-11-21T13:43:31
emp_000257,acct_002296,2025-11-03T15:54:28
emp_000567,acct_013961,2025-06-15T18:02:15
emp_000402,acct_018081,2025-10-20T17:43:35
emp_000235,acct_005869,2025-09-23T18:10:19
emp_000146,acct_000288,2025-02-05T16:41:43
emp_000272,acct_004329,2025-09-25T11:37:41
emp_000074,acct_007010,2025-01-20T12:58:54
emp_000020,acct_002175,2025-06-10T13:42:14
emp_000011,acct_018643,2025-11-10T11:21:45
emp_000120,acct_009273,2025-06-13T12:49:12
emp_000177,acct_021266,2025-02-07T17:45:13
emp_000059,acct_020604,2025-07-04T12:49:17
emp_000367,acct_006793,2025-11-24T09:40:36
emp_000166,acct_019532,2025-07-25T11:58:07
emp_000135,acct_013787,2025-02-06T12:58:11
emp_000307,acct_005231,2025-06-16T18:11:00
emp_000160,acct_000491,2025-07-15T09:27:52
emp_000091,acct_011031,2025-10-22T16:13:40
emp_000159,acct_000996,2025-08-06T16:21:47
emp_000557,acct_005451,2025-07-18T12:29:38
emp_000463,acct_016808,2025-08-25T16:05:03
emp_000120,acct_007092,2025-05-26T18:12:24
emp_000004,acct_000761,2025-02-17T09:49:06
emp_000272,acct_000459,2025-08-27T18:28:25
emp_000251,acct_019320,2025-01-06T16:31:49
emp_000114,acct_011232,2025-12-21T14:45:17
emp_000387,acct_002185,2025-07-09T17:17:35
emp_000275,acct_004071,2025-02-10T16:27:19
emp_000091,acct_012348,2025-02-06T09:44:33
emp_000345,acct_011872,2025-10-17T13:29:53
emp_000463,acct_007705,2025-09-01T17:28:21
emp_000492,acct_008232,2025-01-22T18:02:14
emp_000149,acct_004268,2025-02-17T18:31:41
emp_000358,acct_002200,2025-02-24T18:16:00
emp_000070,acct_008661,2025-05-02T17:45:23
emp_000414,acct_020281,2025-12-09T14:16:19
emp_000313,acct_006299,2025-09-19T10:11:16
emp_000483,acct_011100,2025-06-18T14:38:27
emp_000170,acct_014352,2025-03-21T09:03:45
emp_000091,acct_014167,2025-03-03T16:25:37
emp_000454,acct_005675,2025-08-18T13:57:23
emp_000291,acct_006568,2025-02-06T18:31:22
emp_000379,acct_002491,2025-01-13T12:39:32
emp_000127,acct_000390,2025-01-31T11:27:05
emp_000529,acct_002938,2025-02-19T18:07:33
emp_000415,acct_021692,2025-11-06T17:03:13
emp_000091,acct_007996,2025-02-28T09:40:20
emp_000131,acct_010102,2025-07-03T16:00:27
emp_000272,acct_009041,2025-03-17T10:36:17
emp_000550,acct_010570,2025-12-08T13:31:55
emp_000530,acct_019172,2025-07-28T15:16:53
emp_000382,acct_008715,2025-11-21T10:14:31
emp_000232,acct_005268,2025-01-06T12:22:57
emp_000593,acct_001830,2025-01-31T12:16:11
emp_000013,acct_007770,2025-01-05T12:21:19
emp_000043,acct_002475,2025-12-03T12:36:52
emp_000259,acct_012827,2025-06-17T09:17:09
emp_000086,acct_002760,2025-10-24T14:53:05
emp_000589,acct_014267,2025-08-25T15:50:49
emp_000557,acct_015135,2025-10-02T10:54:55
emp_000096,acct_001832,2025-06-02T15:07:18
emp_000206,acct_021466,2025-03-14T14:50:43
emp_000483,acct_021691,2025-05-07T16:54:31
emp_000436,acct_013047,2025-11-25T14:24:49
emp_000470,acct_004546,2025-04-28T14:47:04
emp_000543,acct_002350,2025-03-03T10:48:09
emp_000002,acct_008322,2025-06-27T15:36:54
emp_000157,acct_004629,2025-06-09T14:52:40
emp_000537,acct_018706,2025-07-21T09:59:29
emp_000395,acct_005408,2025-03-10T18:07:49
emp_000219,acct_016193,2025-07-28T09:26:34
emp_000024,acct_015517,2025-07-04T11:20:36
emp_000462,acct_015848,2025-01-01T12:24:09
emp_000382,acct_009449,2025-06-19T15:39:50
emp_000155,acct_002178,2025-09-18T12:10:26
emp_000189,acct_007359,2025-08-29T15:51:17
emp_000483,acct_001582,2025-03-29T12:12:28
emp_000518,acct_000601,2025-11-17T10:35:37
emp_000393,acct_003991,2025-11-27T09:19:42
emp_000454,acct_017189,2025-01-25T12:21:02
emp_000337,acct_003021,2025-08-11T14:35:49
emp_000166,acct_007758,2025-01-20T12:56:00
emp_000455,acct_021792,2025-04-28T12:36:53
emp_000157,acct_018039,2025-05-23T17:41:44
emp_000024,acct_010572,2025-08-26T12:00:23
emp_000167,acct_017398,2025-04-17T11:19:24
emp_000209,acct_003243,2025-12-18T14:40:59
emp_000332,acct_011223,2025-04-04T09:39:30
emp_000481,acct_002173,2025-04-07T18:11:27
emp_000059,acct_009931,2025-07-30T15:48:40
emp_000231,acct_001274,2025-05-12T13:33:29
emp_000047,acct_005450,2025-01-27T18:36:29
emp_000107,acct_020766,2025-09-01T10:59:10
emp_000206,acct_021210,2025-04-24T10:39:21
emp_000263,acct_013887,2025-04-22T14:07:01
emp_000402,acct_017885,2025-07-24T12:00:26
emp_000466,acct_017410,2025-11-26T16:50:55
emp_000491,acct_003937,2025-06-05T10:14:56
emp_000553,acct_010899,2025-07-07T14:11:00
emp_000290,acct_013285,2025-07-28T09:17:09
emp_000105,acct_005468,2025-04-18T16:23:14
emp_000290,acct_012587,2025-12-10T12:28:35
emp_000396,acct_003714,2025-10-07T15:14:06
emp_000598,acct_013808,2025-10-04T10:23:48
emp_000086,acct_011295,2025-09-22T15:17:41
emp_000312,acct_014587,2025-10-20T15:47:04
emp_000253,acct_000406,2025-09-08T12:38:56
emp_000127,acct_001604,2025-09-01T14:09:29
emp_000051,acct_008015,2025-05-09T17:44:46
emp_000482,acct_015513,2025-09-10T11:43:58
emp_000406,acct_012494,2025-03-14T18:08:25
emp_000105,acct_014559,2025-02-20T16:25:49
emp_000131,acct_020492,2025-08-19T11:12:21
emp_000362,acct_011171,2025-02-27T18:11:59
emp_000491,acct_015898,2025-01-31T15:44:56
emp_000415,acct_021833,2025-10-13T16:16:51
emp_000455,acct_011465,2025-06-09T16:22:10
emp_000463,acct_007255,2025-06-19T11:33:54
emp_000117,acct_015015,2025-08-18T17:55:49
emp_000155,acct_004827,2025-06-10T18:38:52
emp_000470,acct_021338,2025-12-21T09:16:38
emp_000505,acct_015030,2025-03-03T12:28:31
emp_000528,acct_009312,2025-10-06T13:25:36
emp_000101,acct_015516,2025-10-20T10:44:20
emp_000503,acct_002470,2025-06-30T14:06:33
emp_000460,acct_002601,2025-10-14T17:08:55
emp_000362,acct_004127,2025-10-20T11:09:50
emp_000511,acct_005724,2025-03-31T10:45:42
emp_000160,acct_005640,2025-10-06T14:31:10
emp_000461,acct_020002,2025-06-09T17:07:35
emp_000387,acct_007346,2025-12-23T17:42:18
emp_000382,acct_019396,2025-01-27T14:50:55
emp_000270,acct_019762,2025-05-26T18:45:22
emp_000350,acct_008937,2025-11-05T15:34:29
emp_000143,acct_002117,2025-11-03T18:53:11
emp_000494,acct_000917,2025-09-16T14:24:55
emp_000238,acct_015960,2025-03-27T15:14:35
emp_000319,acct_017472,2025-06-10T15:42:21
emp_000503,acct_009958,2025-12-31T10:53:11
emp_000567,acct_004371,2025-02-24T13:23:23
emp_000107,acct_007334,2025-08-12T14:42:01
emp_000095,acct_018678,2025-08-25T11:06:34
emp_000502,acct_012922,2025-08-14T13:50:10
emp_000155,acct_020728,2025-04-08T17:08:30
emp_000503,acct_019801,2025-08-27T10:40:58
emp_000282,acct_007360,2025-12-29T14:57:26
emp_000082,acct_006647,2025-03-03T15:14:30
emp_000332,acct_008557,2025-10-06T12:18:40
emp_000544,acct_019931,2025-03-24T17:41:49
emp_000537,acct_011191,2025-12-29T15:00:10
emp_000417,acct_003308,2025-11-24T15:10:20
emp_000334,acct_021729,2025-06-26T16:22:00
emp_000402,acct_014606,2025-12-15T09:00:19
emp_000462,acct_003472,2025-05-12T13:29:40
emp_000170,acct_008429,2025-03-03T18:20:46
emp_000188,acct_019361,2025-12-23T13:47:56
emp_000125,acct_010069,2025-12-15T17:47:44
emp_000593,acct_008874,2025-07-07T11:21:31
emp_000220,acct_013933,2025-12-08T12:21:09
emp_000163,acct_015039,2025-03-21T13:23:53
emp_000026,acct_010693,2025-07-17T11:01:01
emp_000125,acct_013068,2025-11-17T13:50:03
emp_000074,acct_010891,2025-10-07T17:25:17
emp_000590,acct_001393,2025-12-30T17:55:44
emp_000004,acct_020596,2025-01-22T17:32:02
emp_000161,acct_015064,2025-11-17T11:44:45
emp_000284,acct_008636,2025-02-03T09:04:22
emp_000053,acct_014301,2025-01-21T18:53:35
emp_000415,acct_009746,2025-02-18T13:16:41
emp_000047,acct_011527,2025-05-23T18:21:49
emp_000379,acct_007044,2025-09-15T10:13:08
emp_000253,acct_011415,2025-06-02T14:23:13
emp_000024,acct_015477,2025-03-03T10:48:46
emp_000537,acct_015793,2025-10-20T15:39:53
emp_000376,acct_006715,2025-09-25T09:02:37
emp_000157,acct_012178,2025-08-06T10:00:50
emp_000070,acct_013061,2025-11-07T18:45:08
emp_000057,acct_017490,2025-12-03T18:13:05
emp_000343,acct_020176,2025-03-10T18:13:12
emp_000393,acct_013278,2025-03-17T18:13:24
emp_000028,acct_008074,2025-02-25T15:23:37
emp_000014,acct_013235,2025-07-24T16:34:38
emp_000348,acct_007220,2025-07-28T11:21:30
emp_000089,acct_013361,2025-06-09T11:08:36
emp_000467,acct_012529,2025-03-27T13:28:33
emp_000437,acct_002836,2025-12-15T09:34:42
emp_000082,acct_005153,2025-02-24T18:43:25
emp_000028,acct_007139,2025-08-16T17:47:37
emp_000146,acct_000223,2025-11-25T14:23:23
emp_000023,acct_001231,2025-05-26T14:42:40
emp_000117,acct_005935,2025-06-15T18:48:11
emp_000423,acct_010057,2025-11-14T12:17:36
emp_000264,acct_008676,2025-04-02T12:32:46
emp_000150,acct_010452,2025-07-15T13:18:44
emp_000348,acct_016130,2025-04-10T13:23:58
emp_000017,acct_001259,2025-09-19T09:52:57
emp_000220,acct_013582,2025-04-07T14:54:47
emp_000592,acct_020966,2025-08-07T13:11:11
emp_000359,acct_012366,2025-03-03T11:05:21
emp_000393,acct_007413,2025-02-04T09:51:43
emp_000013,acct_012562,2025-01-20T15:47:08
emp_000356,acct_002775,2025-06-09T12:31:12
emp_000540,acct_018425,2025-07-07T13:43:07
emp_000545,acct_019467,2025-06-23T15:20:54
emp_000091,acct_013455,2025-03-06T12:53:53
emp_000188,acct_007297,2025-06-23T11:45:43
emp_000410,acct_007097,2025-01-23T12:15:50
emp_000433,acct_011900,2025-10-06T09:27:34
emp_000132,acct_009871,2025-04-14T09:59:02
emp_000211,acct_008754,2025-05-22T09:03:11
emp_000053,acct_021915,2025-12-30T15:50:20
emp_000305,acct_016566,2025-11-25T13:22:33
emp_000514,acct_021426,2025-10-06T17:43:01
emp_000557,acct_005520,2025-07-22T17:53:44
emp_000047,acct_002535,2025-04-02T12:31:02
emp_000184,acct_017563,2025-08-25T17:09:20
emp_000257,acct_011206,2025-12-08T11:30:21
emp_000114,acct_001392,2025-09-24T10:34:28
emp_000159,acct_000311,2025-07-24T17:46:01
emp_000247,acct_006990,2025-02-10T12:58:47
emp_000251,acct_006906,2025-03-24T16:51:19
emp_000219,acct_019600,2025-04-28T15:36:51
emp_000502,acct_007201,2025-10-27T12:02:25
emp_000247,acct_019299,2025-05-19T13:42:48
emp_000264,acct_012584,2025-04-23T09:04:05
emp_000288,acct_016990,2025-03-31T11:11:04
emp_000045,acct_016005,2025-12-22T15:35:24
emp_000068,acct_018656,2025-03-03T16:57:09
emp_000298,acct_014642,2025-07-29T09:39:01
emp_000562,acct_009477,2025-12-29T10:00:01
emp_000150,acct_006690,2025-09-15T14:18:28
emp_000253,acct_008720,2025-06-05T11:32:18
emp_000518,acct_002546,2025-04-21T12:51:08
emp_000514,acct_006329,2025-07-14T13:57:12
emp_000294,acct_017696,2025-05-15T18:48:10
emp_000114,acct_019082,2025-08-11T11:18:31
emp_000238,acct_011026,2025-11-13T16:56:06
emp_000052,acct_014947,2025-11-24T16:16:04
emp_000482,acct_000282,2025-02-06T10:03:18
emp_000522,acct_004803,2025-10-06T17:58:13
emp_000206,acct_009931,2025-03-13T14:05:59
emp_000238,acct_008884,2025-03-14T16:22:15
emp_000528,acct_003679,2025-08-12T16:04:13
emp_000070,acct_006619,2025-09-03T12:53:08
emp_000584,acct_013283,2025-10-13T14:34:11
emp_000376,acct_004630,2025-08-26T12:59:19
emp_000510,acct_010280,2025-12-17T13:31:28
emp_000059,acct_006088,2025-04-01T14:59:24
emp_000314,acct_002694,2025-07-22T13:38:28
emp_000343,acct_006112,2025-04-28T09:24:57
emp_000282,acct_002593,2025-05-08T11:58:20
emp_000157,acct_000474,2025-07-14T14:07:32
emp_000500,acct_009667,2025-10-09T13:35:55
emp_000250,acct_011646,2025-01-06T10:19:15
emp_000519,acct_005215,2025-09-24T14:09:50
emp_000074,acct_003195,2025-09-16T12:09:08
emp_000463,acct_002596,2025-06-23T14:48:45
emp_000177,acct_015872,2025-09-11T16:53:10
emp_000079,acct_007115,2025-08-26T13:00:24
emp_000299,acct_000609,2025-02-16T14:44:52
emp_000026,acct_021085,2025-12-19T14:18:13
emp_000492,acct_005087,2025-04-25T12:30:09
emp_000417,acct_014177,2025-04-01T13:12:36
emp_000529,acct_015866,2025-11-06T15:40:56
emp_000272,acct_015287,2025-10-01T10:52:00
emp_000306,acct_009180,2025-12-10T18:23:05
emp_000060,acct_002763,2025-12-09T18:10:48
emp_000589,acct_005696,2025-01-06T09:31:28
emp_000522,acct_003158,2025-11-27T10:21:15
emp_000344,acct_020242,2025-08-13T13:59:47
emp_000416,acct_019944,2025-01-13T16:20:12
emp_000581,acct_007616,2025-09-29T11:48:14
emp_000461,acct_007304,2025-06-11T09:11:48
emp_000340,acct_021959,2025-06-17T18:20:06
emp_000105,acct_003177,2025-01-10T09:23:08
emp_000282,acct_016632,2025-04-21T17:17:37
emp_000188,acct_018157,2025-06-09T14:10:16
emp_000238,acct_000421,2025-11-24T14:26:40
emp_000277,acct_012763,2025-01-30T15:13:42
emp_000428,acct_017304,2025-06-19T09:13:19
emp_000155,acct_004489,2025-08-19T16:05:15
emp_000071,acct_016273,2025-08-28T12:56:00
emp_000474,acct_014132,2025-08-11T16:01:01
emp_000420,acct_015804,2025-05-21T16:08:31
emp_000528,acct_020325,2025-06-11T09:07:02
emp_000090,acct_003334,2025-01-29T09:17:54
emp_000383,acct_011302,2025-12-22T11:44:14
emp_000482,acct_000076,2025-10-14T10:48:58
emp_000166,acct_015030,2025-02-25T09:24:14
emp_000045,acct_021486,2025-05-05T13:37:59
emp_000276,acct_020657,2025-05-20T10:47:23
emp_000053,acct_005440,2025-08-18T17:52:41
emp_000529,acct_010340,2025-08-21T14:33:52
emp_000299,acct_007027,2025-10-02T11:39:36
emp_000528,acct_008641,2025-01-06T17:26:48
emp_000470,acct_018001,2025-12-05T14:21:14
emp_000169,acct_019885,2025-01-31T12:55:03
emp_000143,acct_015606,2025-06-16T13:40:07
emp_000051,acct_007774,2025-04-14T14:03:50
emp_000306,acct_002790,2025-04-07T17:50:55
emp_000325,acct_011084,2025-03-19T13:21:07
emp_000593,acct_018914,2025-12-22T15:39:53
emp_000522,acct_015771,2025-04-29T16:31:47
emp_000417,acct_009573,2025-11-06T13:57:23
emp_000250,acct_012796,2025-09-29T15:41:50
emp_000575,acct_007243,2025-10-17T12:46:04
emp_000387,acct_017933,2025-05-06T09:06:00
emp_000160,acct_006392,2025-05-05T13:58:51
emp_000367,acct_020072,2025-08-05T15:31:38
emp_000348,acct_013307,2025-06-07T12:39:45
emp_000259,acct_015024,2025-09-25T18:28:21
emp_000107,acct_012546,2025-06-09T16:37:55
emp_000044,acct_021186,2025-05-15T12:16:02
emp_000085,acct_008939,2025-08-22T14:13:30
emp_000046,acct_019996,2025-02-24T13:28:15
emp_000332,acct_007700,2025-12-15T14:01:22
emp_000431,acct_015163,2025-09-29T11:46:54
emp_000595,acct_003287,2025-08-07T15:19:54
emp_000375,acct_003217,2025-04-11T18:37:10
emp_000319,acct_018298,2025-09-01T10:27:41
emp_000035,acct_021539,2025-02-26T13:21:54
emp_000091,acct_015405,2025-05-05T12:03:17
emp_000238,acct_015301,2025-06-23T11:53:32
emp_000231,acct_009023,2025-01-06T12:08:45
emp_000131,acct_007574,2025-04-01T13:23:21
emp_000540,acct_002936,2025-09-22T13:57:35
emp_000511,acct_001803,2025-12-11T16:07:52
emp_000560,acct_015555,2025-06-13T09:51:44
emp_000354,acct_012894,2025-09-18T18:45:34
emp_000395,acct_021460,2025-12-16T17:21:10
emp_000117,acct_020603,2025-08-20T15:20:18
emp_000362,acct_008769,2025-11-04T17:17:37
emp_000365,acct_002220,2025-11-26T12:44:06
emp_000298,acct_008000,2025-02-18T16:18:46
emp_000082,acct_009887,2025-12-15T11:17:35
emp_000042,acct_015803,2025-03-09T11:57:39
emp_000393,acct_010408,2025-11-24T11:53:58
emp_000105,acct_002694,2025-02-24T12:06:20
emp_000024,acct_004840,2025-08-20T09:20:27
emp_000531,acct_014022,2025-09-24T12:32:50
emp_000143,acct_003084,2025-12-22T11:31:18
emp_000090,acct_015928,2025-12-22T10:32:47
emp_000270,acct_009485,2025-10-07T17:22:06
emp_000530,acct_006260,2025-02-24T15:25:06
emp_000150,acct_005274,2025-09-29T11:18:35
emp_000023,acct_010055,2025-11-24T12:02:35
emp_000383,acct_020102,2025-01-21T13:31:02
emp_000537,acct_002421,2025-11-17T18:47:11
emp_000188,acct_018484,2025-12-08T17:58:22
emp_000125,acct_005123,2025-03-31T11:01:01
emp_000414,acct_000828,2025-07-21T10:36:36
emp_000206,acct_004471,2025-07-04T09:38:43
emp_000550,acct_020273,2025-10-01T16:21:36
emp_000107,acct_018389,2025-03-21T12:17:37
emp_000008,acct_005345,2025-10-04T10:08:11
emp_000198,acct_007932,2025-07-02T17:10:04
emp_000177,acct_011834,2025-06-02T13:59:37
emp_000120,acct_004012,2025-06-29T17:03:33
emp_000482,acct_008272,2025-03-06T09:28:33
emp_000257,acct_005286,2025-10-09T15:30:52
emp_000127,acct_020517,2025-07-14T11:21:13
emp_000483,acct_021266,2025-03-17T15:46:39
emp_000420,acct_015932,2025-07-09T11:03:22
emp_000161,acct_019028,2025-04-21T13:02:22
emp_000433,acct_007464,2025-06-16T18:57:32
emp_000344,acct_001367,2025-05-05T15:49:47
emp_000557,acct_010790,2025-05-07T18:40:54
emp_000050,acct_020831,2025-12-01T12:15:10
emp_000047,acct_003091,2025-11-05T17:58:17
emp_000219,acct_011851,2025-05-09T13:03:51
emp_000386,acct_000465,2025-08-11T14:35:57
emp_000023,acct_004486,2025-11-17T17:18:23
emp_000502,acct_014068,2025-04-28T12:33:07
emp_000211,acct_012140,2025-08-07T12:23:15
emp_000382,acct_011055,2025-03-18T09:24:52
emp_000017,acct_002959,2025-06-30T18:27:05
emp_000307,acct_011114,2025-08-13T15:16:17
emp_000367,acct_018988,2025-11-24T15:12:16
emp_000474,acct_013241,2025-08-18T14:56:39
emp_000599,acct_009577,2025-12-29T09:18:33
emp_000454,acct_015566,2025-04-09T09:43:07
emp_000137,acct_010073,2025-08-22T10:38:57
emp_000344,acct_001043,2025-04-21T16:57:16
emp_000414,acct_018009,2025-02-20T16:03:46
emp_000562,acct_013828,2025-01-16T15:43:54
emp_000431,acct_007463,2025-09-03T09:37:59
emp_000494,acct_004316,2025-03-27T13:17:45
emp_000229,acct_013359,2025-03-27T12:36:58
emp_000086,acct_004857,2025-06-09T18:05:26
emp_000004,acct_021148,2025-04-01T10:02:32
emp_000059,acct_020784,2025-04-01T17:23:49
emp_000275,acct_000518,2025-05-15T16:53:13
emp_000177,acct_007016,2025-08-11T17:56:10
emp_000348,acct_014612,2025-03-04T10:51:35
emp_000140,acct_006319,2025-07-02T17:20:10
emp_000415,acct_018783,2025-08-18T11:44:37
emp_000537,acct_007589,2025-03-17T13:03:53
emp_000455,acct_004981,2025-02-21T18:31:32
emp_000416,acct_008309,2025-03-05T12:20:14
emp_000186,acct_005608,2025-11-28T11:28:38
emp_000117,acct_004423,2025-09-17T17:11:43
emp_000312,acct_004080,2025-11-05T10:27:15
emp_000156,acct_008613,2025-01-12T14:06:44
emp_000155,acct_002042,2025-06-16T10:30:19
emp_000253,acct_003659,2025-11-18T18:51:33
emp_000358,acct_012193,2025-12-29T14:43:56
emp_000150,acct_014920,2025-05-12T12:40:38
emp_000595,acct_015843,2025-12-05T16:35:05
emp_000117,acct_021700,2025-02-05T11:09:15
emp_000584,acct_000640,2025-07-25T13:14:48
emp_000395,acct_002234,2025-07-25T15:33:07
emp_000342,acct_016340,2025-01-13T12:08:52
emp_000270,acct_011714,2025-05-19T16:33:57
emp_000379,acct_010530,2025-08-25T15:10:39
emp_000367,acct_016567,2025-07-24T18:24:39
emp_000091,acct_019946,2025-12-08T09:29:31
emp_000231,acct_011892,2025-11-03T16:21:51
emp_000383,acct_014691,2025-07-21T12:40:05
emp_000198,acct_020520,2025-03-31T10:20:19
emp_000595,acct_013705,2025-08-01T15:20:29
emp_000024,acct_016162,2025-03-29T10:36:22
emp_000170,acct_016567,2025-03-21T15:57:47
emp_000410,acct_003606,2025-03-31T13:03:34
emp_000592,acct_010639,2025-03-20T18:30:49
emp_000407,acct_021180,2025-08-21T14:24:06
emp_000383,acct_012655,2025-06-13T18:32:28
emp_000417,acct_003089,2025-06-16T17:00:22
emp_000467,acct_020789,2025-02-17T12:02:37
emp_000599,acct_018335,2025-06-19T09:24:59
emp_000060,acct_019878,2025-03-31T13:23:05
emp_000089,acct_001397,2025-08-13T16:04:07
emp_000534,acct_006942,2025-07-17T17:25:56
emp_000327,acct_014457,2025-03-31T13:10:46
emp_000503,acct_019572,2025-05-26T11:00:46
emp_000071,acct_014871,2025-03-06T18:22:54
emp_000204,acct_002614,2025-06-26T10:18:34
emp_000132,acct_006213,2025-05-23T12:38:14
emp_000306,acct_005054,2025-09-15T10:55:17
emp_000170,acct_002236,2025-09-04T14:59:54
emp_000069,acct_012803,2025-01-03T11:26:19
emp_000086,acct_015971,2025-07-29T16:20:22
emp_000150,acct_021032,2025-11-26T12:21:37
emp_000208,acct_000791,2025-08-13T17:01:33
emp_000155,acct_018944,2025-08-08T09:51:13
emp_000511,acct_016121,2025-05-19T13:56:24
emp_000166,acct_009448,2025-10-07T11:43:24
emp_000416,acct_019523,2025-04-04T15:03:17
emp_000264,acct_011748,2025-10-27T10:03:03
emp_000060,acct_011852,2025-07-03T11:23:39
emp_000257,acct_002506,2025-08-04T17:40:43
emp_000575,acct_013819,2025-05-17T11:36:44
emp_000550,acct_013774,2025-11-28T09:26:30
emp_000002,acct_004716,2025-10-27T17:24:54
emp_000127,acct_006929,2025-05-08T10:58:41
emp_000023,acct_020470,2025-10-13T12:00:58
emp_000426,acct_008224,2025-06-16T14:51:43
emp_000462,acct_003901,2025-07-16T18:22:47
emp_000048,acct_005265,2025-11-20T11:48:58
emp_000057,acct_005004,2025-06-09T12:46:56
emp_000250,acct_021103,2025-03-03T10:44:02
emp_000544,acct_011408,2025-12-29T10:34:23
emp_000592,acct_006904,2025-01-31T17:55:31
emp_000512,acct_008129,2025-11-06T14:38:38
emp_000070,acct_016865,2025-10-23T11:51:14
emp_000263,acct_019602,2025-11-19T11:54:32
emp_000337,acct_018047,2025-09-04T10:12:42
emp_000460,acct_008501,2025-01-18T13:42:50
emp_000528,acct_020578,2025-06-12T18:31:01
emp_000415,acct_013642,2025-03-27T15:43:18
emp_000312,acct_012897,2025-08-20T13:05:57
emp_000359,acct_003435,2025-10-31T16:46:41
emp_000312,acct_016284,2025-01-21T10:48:45
emp_000369,acct_003747,2025-02-07T09:50:14
emp_000206,acct_015299,2025-08-06T14:29:46
emp_000498,acct_006643,2025-10-14T09:52:34
emp_000140,acct_016388,2025-02-04T12:46:00
emp_000567,acct_006957,2025-06-02T11:17:38
emp_000090,acct_011350,2025-03-24T17:21:53
emp_000410,acct_006514,2025-01-20T18:29:54
emp_000060,acct_015702,2025-10-20T16:00:34
emp_000059,acct_018046,2025-02-06T18:35:29
emp_000275,acct_009935,2025-11-10T15:55:02
emp_000270,acct_015508,2025-10-14T18:27:44
emp_000157,acct_010175,2025-01-20T09:55:10
emp_000436,acct_001368,2025-12-29T12:09:34
emp_000382,acct_017866,2025-05-14T11:29:12
emp_000410,acct_015344,2025-06-16T09:58:45
emp_000350,acct_004391,2025-08-26T13:22:17
emp_000505,acct_021084,2025-07-28T13:40:36
emp_000354,acct_011825,2025-01-13T17:53:56
emp_000376,acct_009159,2025-08-14T11:40:23
emp_000027,acct_001557,2025-01-06T18:10:03
emp_000564,acct_012517,2025-12-05T17:29:38
emp_000250,acct_005951,2025-08-13T15:14:43
emp_000483,acct_018316,2025-10-08T09:37:06
emp_000537,acct_000629,2025-07-13T13:43:35
emp_000060,acct_008324,2025-07-16T14:48:00
emp_000365,acct_002079,2025-09-10T16:12:59
emp_000314,acct_017350,2025-06-12T11:49:41
emp_000089,acct_018022,2025-01-10T14:58:35
emp_000089,acct_004650,2025-02-14T11:57:05
emp_000529,acct_015212,2025-02-12T09:39:52
emp_000011,acct_018296,2025-12-03T12:06:34
emp_000020,acct_000079,2025-01-13T12:53:26
emp_000581,acct_019723,2025-02-07T14:33:41
emp_000132,acct_010913,2025-04-10T16:59:00
emp_000299,acct_003466,2025-01-06T16:20:12
emp_000307,acct_003429,2025-01-02T16:26:10
emp_000362,acct_000159,2025-12-08T10:32:17
emp_000060,acct_002873,2025-12-29T11:08:54
emp_000466,acct_011402,2025-11-11T15:38:06
emp_000590,acct_019852,2025-01-20T17:17:06
emp_000008,acct_018417,2025-04-08T12:57:25
emp_000406,acct_013248,2025-03-03T16:26:33
emp_000046,acct_013460,2025-06-10T14:24:40
emp_000436,acct_009587,2025-01-26T13:36:56
emp_000359,acct_008104,2025-03-13T18:28:03
emp_000498,acct_016737,2025-10-09T18:43:06
emp_000176,acct_013936,2025-10-23T17:13:42
emp_000132,acct_000639,2025-04-18T09:32:41
emp_000150,acct_004993,2025-01-08T10:18:30
emp_000059,acct_021558,2025-08-13T10:00:40
emp_000046,acct_017483,2025-02-11T10:03:10
emp_000586,acct_014611,2025-05-19T10:45:27
emp_000393,acct_006434,2025-04-11T15:13:13
emp_000319,acct_003247,2026-01-01T10:27:55
emp_000376,acct_009660,2025-10-24T10:47:58
emp_000101,acct_019999,2025-07-09T18:47:00
emp_000288,acct_001915,2025-10-21T09:30:36
emp_000229,acct_017322,2025-12-03T16:58:46
emp_000550,acct_020142,2025-01-09T12:48:54
emp_000530,acct_004760,2025-08-18T11:19:26
emp_000407,acct_004112,2025-06-04T17:17:12
emp_000396,acct_004993,2025-12-08T14:42:21
emp_000544,acct_017850,2025-12-02T11:44:32
emp_000235,acct_009507,2025-03-20T12:16:19
emp_000008,acct_012102,2025-03-17T15:54:36
emp_000095,acct_011917,2025-05-13T12:37:53
emp_000518,acct_013040,2025-11-11T10:57:02
emp_000131,acct_011648,2025-05-01T15:51:34
emp_000157,acct_015743,2025-05-06T12:19:00
emp_000510,acct_020398,2025-08-21T09:08:20
emp_000027,acct_017429,2025-09-16T10:46:02
emp_000143,acct_005348,2025-11-17T16:28:09
emp_000095,acct_021627,2025-03-25T17:06:00
emp_000146,acct_014222,2025-10-13T17:57:39
emp_000470,acct_019420,2025-04-07T16:38:56
emp_000305,acct_007818,2025-12-18T12:46:13
emp_000305,acct_018686,2025-10-29T12:42:12
emp_000461,acct_014686,2025-01-08T14:28:46
emp_000340,acct_011607,2025-02-28T10:48:56
emp_000415,acct_003898,2025-05-05T11:51:28
emp_000068,acct_021567,2025-11-10T17:25:12
emp_000550,acct_008190,2025-07-21T12:33:47
emp_000581,acct_004310,2025-11-06T16:59:18
emp_000284,acct_006874,2025-03-17T14:30:52
emp_000247,acct_005985,2026-01-01T11:13:34
emp_000208,acct_014045,2025-08-08T12:27:12
emp_000050,acct_001531,2025-03-03T18:19:52
emp_000590,acct_011150,2025-07-22T13:46:08
emp_000159,acct_002564,2025-02-12T18:11:40
emp_000071,acct_019573,2025-06-12T14:02:08
emp_000288,acct_000050,2025-01-07T10:59:39
emp_000557,acct_014195,2025-12-08T17:36:40
emp_000337,acct_021458,2025-12-08T09:44:32
emp_000186,acct_018989,2025-11-13T10:42:06
emp_000345,acct_005026,2025-04-30T14:45:01
emp_000495,acct_007817,2025-01-24T09:08:53
emp_000035,acct_017128,2025-04-02T12:06:09
emp_000358,acct_019202,2025-10-08T16:49:23
emp_000518,acct_004593,2025-08-21T14:59:54
emp_000059,acct_014413,2025-06-12T12:33:21
emp_000461,acct_014007,2025-10-01T17:15:18
emp_000004,acct_000450,2025-01-01T12:25:41
emp_000548,acct_003299,2025-02-28T11:14:26
emp_000354,acct_016575,2025-09-29T15:13:15
emp_000537,acct_007077,2025-12-05T15:15:34
emp_000436,acct_011022,2025-06-13T14:21:27
emp_000004,acct_010056,2025-08-05T18:05:58
emp_000356,acct_015952,2025-03-03T10:26:39
emp_000082,acct_021537,2025-08-07T16:09:03
emp_000126,acct_003763,2025-11-24T11:07:55
emp_000395,acct_012588,2025-05-08T10:20:00
emp_000067,acct_000944,2026-01-01T16:22:18
emp_000251,acct_007659,2025-05-15T15:17:08
emp_000008,acct_019477,2025-05-23T17:32:14
emp_000091,acct_015821,2025-09-15T12:15:37
emp_000027,acct_016392,2025-09-18T16:52:01
emp_000354,acct_007804,2025-01-09T14:55:53
emp_000393,acct_018333,2025-08-10T17:27:22
emp_000259,acct_005447,2025-12-09T18:42:54
emp_000560,acct_006031,2025-11-10T12:17:51
emp_000522,acct_003572,2025-08-27T14:27:53
emp_000023,acct_012050,2025-08-04T12:56:03
emp_000509,acct_016132,2025-05-16T13:21:51
emp_000358,acct_020618,2025-12-01T10:51:35
emp_000543,acct_012618,2025-02-12T13:23:45
emp_000114,acct_021876,2025-06-17T17:10:01
emp_000045,acct_016518,2025-07-15T13:59:49
emp_000420,acct_009745,2025-12-31T18:34:42
emp_000312,acct_018904,2025-03-10T16:06:29
emp_000206,acct_016921,2025-08-01T12:40:49
emp_000051,acct_017017,2025-07-04T15:31:10
emp_000306,acct_009790,2025-10-07T09:54:30
emp_000014,acct_007114,2025-04-28T17:44:34
emp_000192,acct_021607,2025-01-10T15:00:54
emp_000235,acct_007715,2025-09-26T11:32:59
emp_000231,acct_020333,2025-10-20T09:02:46
emp_000159,acct_017695,2025-07-14T14:40:55
emp_000502,acct_021091,2025-12-05T17:26:54
emp_000464,acct_003036,2025-02-25T18:35:45
emp_000557,acct_014832,2025-01-08T12:32:50
emp_000455,acct_018177,2025-10-20T15:46:16
emp_000245,acct_015656,2025-12-31T11:45:36
emp_000560,acct_013429,2025-03-20T11:29:16
emp_000433,acct_001051,2025-12-08T14:53:42
emp_000272,acct_011013,2025-12-01T11:28:51
emp_000528,acct_021537,2025-05-06T13:49:17
emp_000229,acct_019440,2025-12-01T17:50:36
emp_000462,acct_020091,2025-07-14T15:06:30
emp_000307,acct_011120,2025-06-12T16:22:39
emp_000047,acct_015630,2025-02-17T16:37:24
emp_000225,acct_002682,2025-05-25T13:09:46
emp_000277,acct_003841,2025-03-24T10:43:04
emp_000028,acct_003025,2025-02-11T12:48:10
emp_000522,acct_008678,2025-06-12T15:56:28
emp_000491,acct_000870,2025-05-12T12:35:34
emp_000169,acct_008565,2025-11-21T10:07:28
emp_000149,acct_001543,2025-04-29T13:03:58
emp_000379,acct_021260,2025-05-15T15:59:47
emp_000206,acct_014694,2025-03-14T10:41:05
emp_000035,acct_004995,2025-04-30T15:50:21
emp_000247,acct_016500,2025-04-07T12:06:32
emp_000186,acct_002823,2025-09-29T17:43:32
emp_000159,acct_008869,2025-11-13T14:41:35
emp_000362,acct_008347,2025-10-13T15:39:25
emp_000220,acct_000211,2025-11-11T16:50:11
emp_000272,acct_019793,2025-02-06T11:48:10
emp_000306,acct_010673,2025-01-06T14:00:42
emp_000350,acct_019482,2025-09-29T12:58:22
emp_000598,acct_006158,2025-03-24T17:09:42
emp_000599,acct_002298,2025-11-05T17:44:08
emp_000236,acct_012078,2025-12-04T09:10:13
emp_000003,acct_017606,2025-03-20T17:20:54
emp_000017,acct_015469,2025-11-07T15:54:54
emp_000416,acct_013855,2025-11-07T12:24:52
emp_000420,acct_007858,2025-01-13T11:19:59
emp_000502,acct_018927,2025-09-08T11:48:27
emp_000344,acct_011624,2025-09-08T14:18:18
emp_000017,acct_007660,2025-12-22T18:03:37
emp_000014,acct_021838,2025-11-24T12:16:30
emp_000593,acct_013766,2025-02-04T15:22:53
emp_000245,acct_021207,2025-05-06T18:11:17
emp_000502,acct_002249,2025-09-26T17:19:22
emp_000350,acct_020288,2025-05-08T13:19:11
emp_000053,acct_007290,2025-01-13T17:25:43
emp_000120,acct_012647,2025-11-03T11:26:30
emp_000166,acct_021055,2025-04-22T13:32:03
emp_000595,acct_015801,2025-06-03T17:47:07
emp_000481,acct_020917,2025-09-23T17:31:01
emp_000386,acct_006823,2025-02-03T17:49:35
emp_000512,acct_016821,2025-11-27T17:29:59
emp_000288,acct_008696,2025-05-01T15:48:12
emp_000598,acct_015518,2025-01-31T17:42:45
emp_000192,acct_011333,2025-04-25T10:42:14
emp_000553,acct_011798,2025-04-28T09:46:23
emp_000250,acct_021956,2025-12-01T17:42:01
emp_000592,acct_011387,2025-12-16T12:56:54
emp_000290,acct_006246,2025-05-28T17:18:05
emp_000423,acct_000415,2025-01-27T11:40:40
emp_000348,acct_007206,2025-01-21T10:52:14
emp_000517,acct_004692,2025-07-25T12:05:23
emp_000367,acct_012038,2025-10-19T10:38:17
emp_000358,acct_007569,2025-04-07T09:48:17
emp_000117,acct_006925,2025-06-16T12:26:37
emp_000060,acct_000227,2025-03-17T18:09:24
emp_000358,acct_013620,2025-01-13T18:03:11
emp_000507,acct_011696,2025-12-15T10:01:01
emp_000076,acct_021871,2025-02-10T13:14:19
emp_000067,acct_010358,2025-06-02T18:23:22
emp_000495,acct_002997,2025-01-03T17:31:40
emp_000010,acct_003263,2025-10-20T17:47:16
emp_000235,acct_019194,2025-06-01T17:37:42
emp_000359,acct_020347,2025-12-02T09:36:37
emp_000482,acct_002163,2025-06-26T16:56:16
emp_000070,acct_010199,2025-03-27T13:53:50
emp_000514,acct_007520,2025-10-21T16:57:39
emp_000101,acct_009691,2025-02-06T12:56:10
emp_000170,acct_010686,2025-08-28T09:47:50
emp_000298,acct_004304,2025-07-28T16:01:49
emp_000575,acct_016402,2025-05-05T14:56:15
emp_000537,acct_015667,2025-09-15T11:44:01
emp_000528,acct_008930,2025-11-28T10:51:35
emp_000461,acct_014742,2025-05-19T14:48:47
emp_000379,acct_001484,2025-08-25T12:57:14
emp_000257,acct_014795,2025-12-10T09:00:52
emp_000245,acct_011362,2025-05-19T18:36:29
emp_000550,acct_007572,2025-03-10T18:50:47
emp_000091,acct_011949,2025-05-05T15:12:45
emp_000251,acct_002586,2025-08-11T15:17:12
emp_000131,acct_013444,2025-08-13T17:45:11
emp_000132,acct_013717,2025-12-01T16:30:49
emp_000590,acct_008247,2025-07-21T18:57:45
emp_000245,acct_000771,2025-08-19T15:53:47
emp_000467,acct_006643,2025-08-18T12:50:44
emp_000086,acct_007483,2025-02-05T14:04:59
emp_000082,acct_001043,2025-09-08T16:02:58
emp_000305,acct_009892,2025-01-14T14:43:30
emp_000483,acct_001780,2025-03-17T09:15:31
emp_000232,acct_007596,2025-04-03T16:28:35
emp_000466,acct_001831,2025-12-01T10:38:07
emp_000359,acct_018328,2025-06-20T12:59:57
emp_000263,acct_020772,2025-06-18T14:55:01
emp_000248,acct_016983,2025-10-07T13:08:44
emp_000466,acct_000016,2025-04-21T12:27:05
emp_000159,acct_002941,2025-12-16T09:07:58
emp_000114,acct_000728,2025-06-02T09:45:37
emp_000305,acct_019286,2025-01-13T12:05:52
emp_000253,acct_018477,2025-07-24T16:46:14
emp_000502,acct_014864,2025-10-02T14:41:30
emp_000463,acct_007100,2025-07-07T14:07:13
emp_000270,acct_012090,2025-10-17T17:58:04
emp_000120,acct_018564,2025-03-04T13:02:50
emp_000345,acct_000214,2025-04-11T11:06:01
emp_000396,acct_016231,2025-03-17T10:59:32
emp_000382,acct_000231,2025-03-21T16:50:41
emp_000114,acct_020037,2025-12-01T13:47:41
emp_000519,acct_011941,2026-01-01T09:47:10
emp_000023,acct_021066,2025-12-19T18:41:32
emp_000529,acct_011582,2025-09-15T13:40:05
emp_000176,acct_010119,2025-02-06T11:41:08
emp_000096,acct_016492,2025-09-29T09:33:29
emp_000248,acct_006870,2025-01-14T09:29:21
emp_000229,acct_010627,2025-06-06T18:12:16
emp_000365,acct_019113,2025-07-21T14:59:34
emp_000288,acct_007876,2025-09-25T18:32:30
emp_000531,acct_016197,2025-01-07T16:31:29
emp_000163,acct_009640,2025-05-05T11:01:25
emp_000156,acct_003133,2025-04-29T18:59:01
emp_000529,acct_006495,2025-02-28T09:53:31
emp_000433,acct_019378,2025-11-10T11:16:40
emp_000530,acct_005605,2025-06-24T17:55:18
emp_000455,acct_005819,2025-12-01T13:04:27
emp_000410,acct_007092,2025-06-09T17:52:10
emp_000348,acct_007771,2025-04-14T18:37:46
emp_000550,acct_003048,2025-07-14T15:13:56
emp_000584,acct_001428,2025-11-26T12:18:41
emp_000277,acct_004294,2025-03-01T17:57:30
emp_000537,acct_011950,2025-09-02T11:53:34
emp_000189,acct_013563,2025-12-26T10:27:53
emp_000367,acct_021694,2025-12-01T09:02:24
emp_000114,acct_011614,2025-05-08T14:55:23
emp_000045,acct_015897,2025-03-31T09:23:13
emp_000024,acct_012605,2025-09-08T12:25:44
emp_000342,acct_017150,2025-08-06T15:06:38
emp_000020,acct_006667,2025-06-17T18:31:40
emp_000383,acct_009979,2025-02-06T11:02:02
emp_000248,acct_021697,2025-01-16T14:06:06
emp_000167,acct_010020,2025-04-08T09:40:07
emp_000143,acct_006176,2025-02-03T16:16:02
emp_000519,acct_017913,2025-03-11T09:25:08
emp_000466,acct_000380,2025-06-09T09:08:39
emp_000420,acct_013813,2025-05-21T11:29:10
emp_000264,acct_011510,2025-07-28T14:48:17
emp_000146,acct_004828,2025-10-15T15:28:57
emp_000470,acct_014124,2025-06-02T18:26:32
emp_000343,acct_020349,2025-07-21T13:48:34
emp_000053,acct_017701,2025-09-30T10:03:22
emp_000564,acct_012261,2025-08-25T18:47:35
emp_000046,acct_004773,2025-08-12T16:26:12
emp_000163,acct_014134,2025-09-04T10:44:32
emp_000495,acct_001208,2025-01-17T09:24:21
emp_000114,acct_019611,2025-05-02T12:53:23
emp_000047,acct_011619,2025-11-13T16:17:54
emp_000483,acct_014663,2026-01-01T17:43:35
emp_000279,acct_001671,2025-11-10T09:41:21
emp_000500,acct_008450,2025-02-17T17:58:33
emp_000482,acct_015374,2025-05-26T16:19:55
emp_000491,acct_016139,2025-06-23T13:38:57
emp_000132,acct_009712,2025-05-22T11:47:17
emp_000028,acct_004108,2025-02-14T13:48:55
emp_000431,acct_003015,2025-05-07T15:00:18
emp_000540,acct_000021,2025-04-21T10:53:02
emp_000166,acct_011229,2025-07-17T11:13:44
emp_000396,acct_002358,2025-02-18T18:56:46
emp_000298,acct_005670,2025-12-06T17:57:37
emp_000410,acct_020873,2025-08-19T14:19:08
emp_000028,acct_019343,2025-04-15T17:12:02
emp_000545,acct_019150,2025-05-12T09:15:53
emp_000003,acct_017122,2025-09-17T11:49:15
emp_000069,acct_008583,2025-11-11T10:37:04
emp_000466,acct_004799,2025-02-25T10:16:30
emp_000253,acct_014636,2025-01-20T10:47:40
emp_000059,acct_021843,2025-01-31T15:36:40
emp_000299,acct_004461,2025-01-23T10:34:02
emp_000160,acct_016970,2025-03-25T11:41:30
emp_000494,acct_014715,2025-11-24T13:12:56
emp_000537,acct_000049,2025-02-19T11:29:54
emp_000069,acct_018078,2025-09-20T12:20:40
emp_000470,acct_019266,2025-12-29T16:06:50
emp_000557,acct_009694,2025-12-29T16:26:36
emp_000599,acct_007816,2025-12-10T09:42:04
emp_000028,acct_014838,2025-01-20T12:04:31
emp_000101,acct_014459,2025-08-04T15:50:17
emp_000500,acct_013136,2025-05-28T15:30:55
emp_000177,acct_005733,2025-01-27T13:27:55
emp_000277,acct_019179,2025-09-18T16:54:55
emp_000402,acct_016051,2025-08-21T10:32:04
emp_000026,acct_018051,2025-08-28T18:31:44
emp_000495,acct_010766,2025-07-21T17:40:13
emp_000354,acct_008489,2025-03-18T14:20:52
emp_000463,acct_000194,2025-07-30T18:20:19
emp_000540,acct_014902,2025-12-22T12:38:29
emp_000396,acct_011388,2025-08-25T09:59:22
emp_000107,acct_005063,2025-10-15T14:54:00
emp_000189,acct_005487,2025-01-08T09:39:55
emp_000002,acct_019039,2025-01-20T10:36:51
emp_000589,acct_015144,2025-01-01T15:23:59
emp_000013,acct_016951,2025-12-31T18:52:05
emp_000112,acct_017469,2025-11-03T15:50:40
emp_000375,acct_004191,2025-10-28T18:22:05
emp_000259,acct_005844,2025-10-22T10:40:07
emp_000494,acct_000751,2025-05-22T14:32:06
emp_000334,acct_000629,2025-01-28T09:03:38
emp_000337,acct_011668,2025-03-08T09:42:50
emp_000564,acct_007296,2025-10-28T16:49:13
emp_000042,acct_002028,2025-06-05T10:05:14
emp_000342,acct_004662,2025-04-16T10:26:00
emp_000176,acct_014119,2025-10-27T11:01:14
emp_000590,acct_001085,2025-12-15T17:44:32
emp_000090,acct_019527,2025-03-17T12:05:04
emp_000495,acct_011389,2025-03-07T15:43:28
emp_000146,acct_012629,2025-03-27T09:36:08
emp_000393,acct_021128,2025-10-03T17:11:34
emp_000206,acct_011721,2025-03-18T15:25:53
emp_000135,acct_014194,2025-02-01T12:16:07
emp_000176,acct_007708,2025-06-30T14:45:41
emp_000511,acct_011258,2025-04-04T09:47:56
emp_000070,acct_014644,2025-11-03T17:30:03
emp_000275,acct_021363,2025-03-31T17:53:49
emp_000584,acct_019420,2025-06-24T10:19:10
emp_000537,acct_001273,2025-06-16T14:17:26
emp_000294,acct_003003,2025-07-10T18:50:51
emp_000257,acct_021576,2025-09-15T09:25:23
emp_000229,acct_003309,2025-11-14T15:27:17
emp_000593,acct_007357,2025-12-09T12:14:38
emp_000057,acct_018679,2025-11-24T10:11:33
emp_000135,acct_005321,2025-02-10T18:21:42
emp_000359,acct_012455,2025-09-22T12:21:15
emp_000599,acct_000272,2025-04-18T09:26:28
emp_000208,acct_001060,2025-12-12T12:33:19
emp_000080,acct_004540,2025-11-06T16:46:10
emp_000220,acct_001387,2025-08-07T16:08:33
emp_000534,acct_021994,2025-10-20T12:15:34
emp_000176,acct_007860,2025-11-28T15:55:16
emp_000575,acct_007727,2025-12-05T18:14:13
emp_000584,acct_001568,2025-11-03T13:13:48
emp_000248,acct_003367,2025-07-23T17:34:59
emp_000481,acct_005104,2025-07-17T18:29:46
emp_000530,acct_005908,2025-05-15T17:10:42
emp_000529,acct_008398,2025-04-13T13:16:38
emp_000169,acct_006585,2025-02-21T09:59:50
emp_000379,acct_014963,2025-03-25T15:10:10
emp_000050,acct_004106,2025-06-16T13:01:18
emp_000090,acct_001881,2025-09-22T13:51:26
emp_000455,acct_017998,2025-09-01T12:39:06
emp_000294,acct_012165,2025-01-13T15:03:33
emp_000096,acct_017379,2025-06-23T14:04:15
emp_000209,acct_006988,2025-05-13T13:45:55
emp_000014,acct_000294,2025-04-17T14:04:52
emp_000294,acct_016515,2025-04-22T17:59:38
emp_000491,acct_010093,2025-01-29T18:54:51
emp_000166,acct_011332,2025-09-11T11:21:37
emp_000004,acct_003149,2025-06-30T09:25:30
emp_000414,acct_015831,2025-01-15T15:30:41
emp_000294,acct_000470,2025-09-22T11:22:16
emp_000383,acct_002144,2025-07-29T09:51:12
emp_000068,acct_004096,2025-02-24T18:12:31
emp_000105,acct_017609,2025-01-27T14:33:41
emp_000595,acct_011344,2025-11-03T13:11:23
emp_000567,acct_015061,2025-07-16T15:32:59
emp_000236,acct_001534,2025-07-16T10:46:31
emp_000114,acct_015641,2025-05-02T09:59:16
emp_000463,acct_020951,2025-02-03T13:25:43
emp_000086,acct_004502,2025-11-19T18:10:26
emp_000042,acct_019973,2025-06-25T12:40:20
emp_000219,acct_007752,2025-04-28T14:22:26
emp_000509,acct_017866,2025-01-15T11:13:03
emp_000592,acct_017923,2025-01-17T16:11:26
emp_000028,acct_002276,2025-12-01T13:13:01
emp_000342,acct_002369,2025-12-03T16:05:35
emp_000531,acct_006416,2025-02-24T16:19:41
emp_000502,acct_004789,2025-03-29T10:20:14
emp_000420,acct_005867,2025-10-01T14:53:07
emp_000593,acct_020022,2025-01-28T16:57:06
emp_000035,acct_004773,2025-04-28T10:23:13
emp_000002,acct_017161,2025-05-28T16:39:00
emp_000235,acct_011573,2025-03-07T16:55:06
emp_000290,acct_004867,2025-05-15T10:58:02
emp_000156,acct_001662,2025-07-30T13:52:44
emp_000291,acct_001875,2025-12-22T12:05:44
emp_000238,acct_012715,2025-08-18T09:17:09
emp_000512,acct_017969,2025-05-05T10:01:41
emp_000026,acct_011977,2025-05-30T12:45:10
emp_000474,acct_017722,2025-08-18T10:12:47
emp_000383,acct_008340,2025-03-24T13:07:28
emp_000544,acct_019027,2025-07-03T13:22:37
emp_000011,acct_009511,2025-09-08T11:44:37
emp_000562,acct_002152,2025-01-07T14:17:17
emp_000543,acct_007499,2025-07-03T15:30:24
emp_000575,acct_004718,2025-12-01T17:10:02
emp_000020,acct_018336,2025-01-27T09:32:00
emp_000545,acct_015451,2025-05-14T12:53:33
emp_000253,acct_016912,2025-08-18T12:45:07
emp_000161,acct_011624,2025-05-05T16:27:29
emp_000431,acct_018745,2025-01-13T11:06:08
emp_000592,acct_018558,2025-05-26T13:14:52
emp_000313,acct_014642,2025-02-06T13:47:24
emp_000070,acct_021205,2025-10-01T15:18:27
emp_000140,acct_011916,2025-11-03T09:58:55
emp_000166,acct_007647,2025-01-13T12:24:15
emp_000277,acct_008248,2025-08-08T16:15:25
emp_000060,acct_003102,2025-06-23T12:32:41
emp_000406,acct_008694,2025-08-25T18:08:30
emp_000510,acct_014132,2025-10-29T18:28:50
emp_000069,acct_021376,2025-12-03T10:58:23
emp_000557,acct_020071,2025-07-08T10:47:23
emp_000314,acct_008565,2025-02-08T15:52:43
emp_000543,acct_019702,2025-12-15T16:00:58
emp_000387,acct_017296,2025-01-27T09:51:29
emp_000020,acct_021275,2025-11-10T11:04:16
emp_000511,acct_012873,2025-10-06T17:35:52
emp_000160,acct_020508,2025-02-26T11:12:31
emp_000586,acct_019627,2025-11-24T14:42:08
emp_000564,acct_017342,2025-09-04T17:18:07
emp_000101,acct_000834,2025-11-07T13:52:43
emp_000593,acct_012633,2025-04-21T12:13:07
emp_000160,acct_012929,2025-08-27T15:07:04
emp_000076,acct_009071,2025-09-03T10:30:49
emp_000070,acct_004611,2025-03-07T16:47:53
emp_000155,acct_019289,2025-03-24T09:08:12
emp_000155,acct_002808,2025-01-21T15:06:39
emp_000307,acct_006545,2025-09-22T13:36:15
emp_000537,acct_016482,2025-10-06T16:17:43
emp_000537,acct_020360,2025-07-17T11:16:28
emp_000096,acct_015615,2025-07-31T10:19:28
emp_000208,acct_017337,2025-10-14T17:46:05
emp_000354,acct_005972,2025-01-27T14:33:51
emp_000050,acct_019784,2025-09-01T15:07:46
emp_000157,acct_015971,2025-08-21T10:48:37
emp_000140,acct_014927,2025-04-23T09:45:05
emp_000548,acct_008647,2025-05-26T12:08:19
emp_000423,acct_019157,2025-12-02T17:37:15
emp_000531,acct_008696,2025-03-03T15:38:48
emp_000046,acct_015920,2025-01-14T13:20:22
emp_000375,acct_011667,2025-04-21T11:15:53
emp_000290,acct_021816,2025-07-25T11:12:28
emp_000584,acct_003328,2025-06-19T10:11:37
emp_000155,acct_006970,2025-06-23T12:27:33
emp_000059,acct_012661,2025-11-03T13:51:46
emp_000428,acct_006085,2025-02-04T14:48:58
emp_000232,acct_012693,2025-09-11T13:05:22
emp_000264,acct_004561,2025-10-17T17:32:40
emp_000169,acct_002900,2025-07-14T14:20:51
emp_000454,acct_019429,2025-04-14T12:55:29
emp_000220,acct_007674,2025-02-17T13:17:17
emp_000112,acct_019406,2025-01-09T10:36:28
emp_000232,acct_014064,2025-11-03T14:28:44
emp_000225,acct_015454,2025-10-17T17:37:00
emp_000581,acct_010028,2025-08-04T11:34:50
emp_000534,acct_006935,2025-04-15T16:36:48
emp_000500,acct_005364,2025-09-29T15:16:22
emp_000204,acct_007306,2025-06-23T11:38:54
emp_000495,acct_005187,2025-01-28T10:12:36
emp_000051,acct_007059,2025-02-13T17:11:44
emp_000507,acct_007479,2025-03-24T15:55:32
emp_000059,acct_018816,2025-10-07T15:07:26
emp_000461,acct_009873,2025-11-06T16:21:38
emp_000344,acct_001521,2025-01-20T12:40:33
emp_000091,acct_012840,2025-05-26T11:47:41
emp_000407,acct_014416,2025-12-01T17:02:19
emp_000522,acct_015372,2025-04-14T15:39:08
emp_000167,acct_009754,2025-10-31T17:39:22
emp_000264,acct_000398,2025-06-17T16:28:42
emp_000416,acct_007366,2025-01-20T18:33:25
emp_000027,acct_003911,2025-07-15T18:29:17
emp_000509,acct_008854,2025-06-12T18:40:07
emp_000519,acct_009097,2025-06-09T11:16:50
emp_000383,acct_009680,2025-09-15T16:56:20
emp_000288,acct_015319,2025-04-09T10:06:14
emp_000467,acct_007109,2025-05-12T16:12:56
emp_000114,acct_009513,2025-08-12T14:03:47
emp_000460,acct_018652,2025-09-19T17:51:46
emp_000125,acct_003275,2025-04-04T13:31:46
emp_000050,acct_005568,2025-11-05T13:17:01
emp_000206,acct_009469,2025-01-07T15:31:30
emp_000235,acct_004446,2025-05-08T17:25:26
emp_000150,acct_015203,2025-08-26T13:17:04
emp_000342,acct_003650,2025-10-27T15:09:34
emp_000114,acct_011762,2025-11-07T16:25:28
emp_000354,acct_004089,2025-07-02T10:34:59
emp_000474,acct_018901,2025-10-07T13:53:51
emp_000567,acct_009295,2025-09-24T11:43:45
emp_000112,acct_010384,2025-05-30T11:51:37
emp_000416,acct_021511,2025-09-15T12:37:26
emp_000017,acct_002055,2025-09-08T09:16:02
emp_000462,acct_003564,2025-07-05T14:35:09
emp_000455,acct_018987,2025-08-11T09:07:30
emp_000166,acct_014202,2025-11-10T14:53:44
emp_000042,acct_008916,2025-02-04T16:38:15
emp_000406,acct_021976,2025-09-26T17:27:16
emp_000344,acct_005103,2025-08-01T14:10:33
emp_000482,acct_005631,2025-05-12T16:21:38
emp_000543,acct_005838,2025-08-18T12:17:36
emp_000437,acct_011089,2025-07-31T13:27:11
emp_000312,acct_018708,2025-11-03T17:05:35
emp_000463,acct_001137,2025-05-15T13:52:43
emp_000354,acct_015593,2025-07-08T16:00:26
emp_000047,acct_018592,2025-06-11T17:43:03
emp_000428,acct_001297,2025-11-07T14:23:14
emp_000467,acct_017836,2025-04-29T15:18:40
emp_000253,acct_001713,2025-01-13T17:51:21
emp_000517,acct_010399,2025-06-09T13:01:05
emp_000396,acct_017908,2025-12-19T13:12:48
emp_000382,acct_001333,2025-04-14T13:51:46
emp_000507,acct_003974,2025-01-13T12:54:28
emp_000086,acct_015156,2025-06-19T15:15:04
emp_000306,acct_007932,2025-06-24T12:18:13
emp_000464,acct_016491,2025-06-30T16:28:24
emp_000406,acct_018204,2025-03-20T13:21:47
emp_000086,acct_006129,2025-12-29T12:47:23
emp_000186,acct_002133,2025-01-10T11:19:17
emp_000599,acct_020749,2025-09-17T12:01:06
emp_000279,acct_013226,2025-05-28T09:08:09
emp_000086,acct_007276,2025-01-13T15:24:51
emp_000507,acct_017719,2025-12-29T14:55:35
emp_000294,acct_011169,2025-10-13T10:43:52
emp_000188,acct_010952,2025-07-29T09:55:10
emp_000011,acct_014644,2025-06-09T15:58:17
emp_000415,acct_003798,2025-12-29T11:05:42
emp_000560,acct_009621,2025-07-28T14:28:39
emp_000379,acct_016561,2025-10-13T17:23:20
emp_000494,acct_006346,2025-07-31T18:05:31
emp_000047,acct_012772,2025-07-28T18:35:06
emp_000275,acct_005792,2025-11-17T15:28:26
emp_000294,acct_015734,2025-06-25T13:43:06
emp_000365,acct_021742,2025-02-26T13:44:03
emp_000074,acct_012051,2025-04-16T14:46:38
emp_000042,acct_013812,2025-07-22T09:15:13
emp_000125,acct_019176,2025-03-10T10:30:11
emp_000327,acct_016448,2025-04-09T18:01:23
emp_000382,acct_005766,2025-09-12T09:15:29
emp_000431,acct_016859,2025-02-11T15:18:54
emp_000156,acct_020653,2025-11-07T11:30:22
emp_000414,acct_011781,2025-03-21T10:49:44
emp_000393,acct_016699,2025-09-23T14:32:43
emp_000500,acct_009346,2025-05-19T09:29:14
emp_000564,acct_011881,2025-01-02T11:11:42
emp_000184,acct_009058,2025-12-05T18:07:50
emp_000298,acct_013639,2025-04-14T09:58:33
emp_000540,acct_021816,2025-01-03T16:06:19
emp_000114,acct_007806,2025-01-07T13:31:26
emp_000043,acct_019114,2025-12-22T14:01:28
emp_000544,acct_019847,2025-06-26T09:15:13
emp_000101,acct_008533,2025-07-18T12:58:57
emp_000259,acct_010718,2025-10-20T16:16:00
emp_000529,acct_002943,2025-07-28T11:24:15
emp_000589,acct_003905,2025-07-03T16:12:52
emp_000272,acct_003184,2025-05-07T14:28:01
emp_000282,acct_000471,2025-10-14T09:52:12
emp_000057,acct_011879,2025-03-24T17:59:45
emp_000537,acct_008353,2025-04-30T13:56:13
emp_000567,acct_019420,2025-12-15T18:01:36
emp_000375,acct_008177,2025-04-09T13:56:22
emp_000067,acct_009041,2025-08-31T14:43:00
emp_000043,acct_009757,2025-04-15T17:19:57
emp_000560,acct_000695,2025-07-09T09:28:43
emp_000334,acct_018581,2025-01-29T12:16:41
emp_000114,acct_018108,2025-11-17T18:50:06
emp_000367,acct_015855,2025-10-08T16:36:59
emp_000161,acct_015777,2025-06-25T15:46:01
emp_000275,acct_001755,2025-01-15T18:20:25
emp_000208,acct_006991,2025-08-25T14:06:18
emp_000091,acct_016083,2025-06-02T16:21:54
emp_000270,acct_013733,2025-07-23T17:39:11
emp_000070,acct_000467,2025-05-23T14:13:37
emp_000393,acct_005488,2025-02-07T10:30:48
emp_000251,acct_009068,2025-09-29T15:47:56
emp_000291,acct_009774,2025-06-25T09:54:45
emp_000126,acct_001959,2025-03-18T17:07:51
emp_000299,acct_011581,2025-03-14T14:55:47
emp_000498,acct_011397,2025-12-17T15:26:06
emp_000494,acct_002144,2025-10-29T14:15:31
emp_000035,acct_015375,2025-06-13T09:24:19
emp_000402,acct_014657,2025-09-16T13:17:00
emp_000027,acct_001667,2025-07-28T18:15:56
emp_000189,acct_008333,2025-01-30T18:32:01
emp_000047,acct_019321,2025-02-19T16:25:44
emp_000350,acct_011675,2025-10-06T12:06:06
emp_000276,acct_000206,2025-09-22T10:08:53
emp_000383,acct_014060,2025-02-18T10:32:53
emp_000127,acct_021750,2025-12-23T18:34:58
emp_000562,acct_019239,2025-04-18T13:57:22
emp_000531,acct_020842,2025-06-30T10:00:23
emp_000557,acct_005436,2025-09-11T17:04:37
emp_000415,acct_003565,2025-08-18T13:02:49
emp_000076,acct_003235,2025-02-26T09:11:04
emp_000299,acct_020213,2025-04-28T17:48:24
emp_000095,acct_006737,2025-03-28T17:23:29
emp_000518,acct_003564,2025-05-02T15:19:36
emp_000074,acct_010509,2025-09-08T16:28:11
emp_000387,acct_000948,2025-06-27T13:28:23
emp_000598,acct_004654,2025-12-29T18:05:16
emp_000505,acct_009387,2025-08-04T09:58:54
emp_000417,acct_000273,2025-12-01T13:45:06
emp_000127,acct_004355,2025-11-12T18:07:47
emp_000146,acct_015883,2025-02-03T18:19:12
emp_000437,acct_003576,2025-04-28T17:57:58
emp_000157,acct_020781,2025-04-07T15:04:34
emp_000342,acct_015716,2025-02-13T18:21:30
emp_000057,acct_015739,2025-04-17T11:31:08
emp_000251,acct_007574,2025-05-08T15:42:44
emp_000082,acct_017357,2025-12-05T18:11:02
emp_000071,acct_006818,2025-01-20T10:46:20
emp_000002,acct_009932,2025-07-10T15:40:13
emp_000198,acct_017491,2025-02-24T14:34:34
emp_000105,acct_005009,2025-01-04T13:04:21
emp_000146,acct_018715,2025-04-23T12:43:48
emp_000071,acct_007167,2025-02-01T12:35:13
emp_000312,acct_018877,2025-12-08T16:04:40
emp_000345,acct_019041,2025-06-17T12:50:54
emp_000208,acct_020556,2025-12-12T15:37:02
emp_000423,acct_005246,2025-04-14T16:23:49
emp_000512,acct_005256,2025-09-29T17:33:30
emp_000540,acct_006143,2025-08-14T14:43:20
emp_000059,acct_016653,2025-04-30T13:01:35
emp_000562,acct_009019,2025-09-24T14:24:41
emp_000245,acct_020848,2025-06-11T12:02:13
emp_000067,acct_004197,2025-03-03T12:38:20
emp_000051,acct_001725,2025-07-25T09:12:56
emp_000437,acct_001393,2025-06-24T16:27:22
emp_000393,acct_005851,2025-06-12T18:13:31
emp_000275,acct_009936,2025-04-03T13:54:33
emp_000337,acct_014875,2025-07-03T16:42:49
emp_000047,acct_020063,2025-04-16T18:33:35
emp_000023,acct_016105,2025-11-06T13:41:45
emp_000163,acct_011794,2025-11-14T15:58:31
emp_000057,acct_020763,2025-10-22T09:55:21
emp_000410,acct_003326,2025-05-07T13:29:47
emp_000383,acct_013991,2025-11-17T10:52:28
emp_000575,acct_017940,2025-12-09T18:10:11
emp_000307,acct_003674,2025-07-09T15:27:56
emp_000562,acct_002450,2025-02-13T10:28:03
emp_000460,acct_003779,2025-02-04T18:09:11
emp_000562,acct_017817,2025-12-01T11:10:28
emp_000279,acct_019757,2025-02-21T10:11:00
emp_000529,acct_013597,2025-07-14T09:18:14
emp_000157,acct_018262,2025-04-22T16:57:45
emp_000340,acct_015122,2025-07-28T11:35:33
emp_000068,acct_004112,2025-09-01T16:35:01
emp_000470,acct_009098,2025-04-08T09:14:13
emp_000027,acct_006639,2025-11-07T18:36:57
emp_000517,acct_008358,2025-11-28T12:08:27
emp_000529,acct_004271,2025-07-03T09:12:19
emp_000069,acct_004236,2025-04-15T14:14:05
emp_000245,acct_004626,2025-09-12T18:31:41
emp_000593,acct_006218,2025-11-26T14:10:32
emp_000354,acct_010946,2025-10-06T09:19:02
emp_000354,acct_021706,2025-01-23T18:34:28
emp_000163,acct_006894,2025-06-09T11:41:34
emp_000592,acct_021888,2025-12-05T18:16:30
emp_000208,acct_000937,2025-04-07T14:43:07
emp_000209,acct_008687,2025-06-16T17:49:16
emp_000362,acct_000389,2025-06-23T11:25:50
emp_000407,acct_012920,2025-11-24T16:57:00
emp_000406,acct_003389,2025-05-29T15:13:07
emp_000383,acct_000839,2025-10-05T18:49:31
emp_000557,acct_002546,2025-10-20T15:27:43
emp_000332,acct_010256,2025-04-02T15:56:44
emp_000564,acct_020902,2025-03-13T18:33:26
emp_000437,acct_002045,2025-04-09T18:37:19
emp_000011,acct_013228,2025-11-07T13:36:05
emp_000482,acct_004755,2025-05-14T13:49:43
emp_000592,acct_019922,2025-02-10T17:47:41
emp_000070,acct_013671,2025-12-25T14:44:42
emp_000043,acct_009070,2025-08-13T15:11:41
emp_000553,acct_017661,2025-08-25T09:57:22
emp_000176,acct_015128,2025-09-01T11:48:22
emp_000334,acct_011800,2025-02-12T09:47:50
emp_000250,acct_010961,2025-09-29T09:38:34
emp_000299,acct_009002,2025-02-07T14:26:45
emp_000013,acct_021610,2025-03-03T11:42:19
emp_000375,acct_020097,2025-07-16T09:48:51
emp_000509,acct_021020,2025-09-22T13:56:50
emp_000306,acct_000715,2025-09-09T10:49:01
emp_000463,acct_006098,2025-11-05T11:35:50
emp_000325,acct_004955,2025-01-02T16:11:00
emp_000002,acct_009024,2025-04-30T13:41:50
emp_000150,acct_016238,2025-04-28T10:15:54
emp_000053,acct_004318,2025-10-06T14:11:42
emp_000470,acct_014341,2025-10-31T17:04:26
emp_000584,acct_008019,2025-10-31T14:36:18
emp_000220,acct_000850,2025-02-18T09:41:05
emp_000140,acct_008814,2025-04-07T16:42:34
emp_000150,acct_018723,2025-05-09T10:42:48
emp_000206,acct_006556,2025-07-07T16:19:31
emp_000026,acct_021308,2025-04-07T11:50:22
emp_000375,acct_013846,2025-09-29T11:30:04
emp_000090,acct_001890,2025-07-11T13:08:29
emp_000170,acct_006524,2025-03-26T18:04:50
emp_000057,acct_004678,2025-11-10T15:11:40
emp_000163,acct_002080,2025-07-01T12:07:44
emp_000431,acct_013790,2025-03-11T11:47:22
emp_000378,acct_016502,2025-12-08T09:49:08
emp_000407,acct_004901,2025-02-17T17:10:38
emp_000188,acct_007473,2025-04-29T18:28:48
emp_000306,acct_007179,2025-08-31T17:28:00
emp_000071,acct_005665,2025-05-13T15:02:23
emp_000208,acct_004445,2025-11-05T13:29:08
emp_000010,acct_002010,2025-07-30T18:55:33
emp_000395,acct_012812,2025-02-04T13:23:35
emp_000396,acct_000845,2025-04-07T13:05:59
emp_000117,acct_017786,2025-12-09T18:41:04
emp_000167,acct_017990,2025-10-02T18:29:34
emp_000378,acct_009948,2025-06-02T14:07:50
emp_000382,acct_003044,2025-08-15T18:36:34
emp_000089,acct_014622,2025-08-25T10:59:06
emp_000074,acct_019408,2025-06-30T16:41:07
emp_000219,acct_017409,2025-09-01T13:46:14
emp_000589,acct_014138,2025-12-16T14:20:12
emp_000248,acct_006831,2025-07-07T18:13:33
emp_000127,acct_005905,2025-04-03T15:27:34
emp_000090,acct_005961,2025-03-24T12:06:39
emp_000013,acct_008714,2025-01-28T09:19:04
emp_000157,acct_008543,2025-08-04T11:31:48
emp_000461,acct_016458,2025-01-13T10:11:36
emp_000437,acct_004088,2025-03-10T12:12:34
emp_000275,acct_001256,2025-08-25T16:11:42
emp_000534,acct_000540,2025-07-17T12:07:19
emp_000386,acct_008635,2025-05-19T12:24:45
emp_000189,acct_004775,2025-01-13T09:52:20
emp_000004,acct_006257,2025-04-23T13:02:10
emp_000245,acct_003078,2025-08-28T14:20:22
emp_000500,acct_007114,2025-01-14T09:06:00
emp_000011,acct_021839,2025-04-22T15:26:31
emp_000307,acct_017920,2025-04-14T16:05:52
emp_000393,acct_020868,2025-10-06T14:27:12
emp_000117,acct_008491,2025-08-04T18:13:00
emp_000517,acct_012968,2025-03-28T15:33:49
emp_000027,acct_001647,2025-08-19T15:33:55
emp_000305,acct_005238,2025-10-17T09:27:46
emp_000426,acct_018968,2025-03-24T18:35:43
emp_000276,acct_010858,2025-12-22T10:24:18
emp_000356,acct_015285,2025-05-19T17:08:47
emp_000157,acct_013292,2025-02-28T12:47:07
emp_000343,acct_015339,2025-09-02T13:58:09
emp_000125,acct_019721,2025-05-30T17:08:35
emp_000176,acct_007161,2025-06-19T17:59:41
emp_000495,acct_009774,2025-03-13T14:20:52
emp_000498,acct_005851,2025-01-06T13:51:18
emp_000027,acct_013281,2025-06-06T14:41:20
emp_000510,acct_008250,2025-04-15T12:34:19
emp_000272,acct_011739,2025-06-16T16:20:11
emp_000494,acct_003287,2025-02-21T14:24:53
emp_000379,acct_005389,2025-06-10T11:13:39
emp_000284,acct_016997,2025-06-16T17:46:55
emp_000275,acct_002471,2025-07-28T13:08:56
emp_000376,acct_006514,2025-03-31T10:54:48
emp_000277,acct_015832,2025-07-01T11:23:46
emp_000470,acct_007072,2025-02-17T14:20:56
emp_000505,acct_009935,2025-06-16T09:40:22
emp_000166,acct_012369,2025-03-07T11:15:16
emp_000437,acct_002460,2025-04-19T10:27:15
emp_000365,acct_012317,2025-02-21T16:44:52
emp_000362,acct_021717,2025-01-17T18:27:24
emp_000003,acct_014771,2025-12-25T16:43:57
emp_000365,acct_018707,2025-09-30T13:46:06
emp_000575,acct_001890,2025-09-03T14:47:22
emp_000362,acct_005097,2025-02-24T13:35:59
emp_000550,acct_005878,2025-04-21T12:42:04
emp_000231,acct_001215,2025-12-26T17:01:05
emp_000089,acct_015520,2025-04-24T11:49:45
emp_000560,acct_008005,2025-06-23T17:37:28
emp_000519,acct_017243,2025-09-15T15:12:30
emp_000159,acct_005421,2025-03-18T18:04:17
emp_000060,acct_001350,2025-01-27T10:29:30
emp_000518,acct_014802,2025-05-12T18:42:05
emp_000386,acct_000040,2025-07-18T18:50:01
emp_000417,acct_009438,2025-08-12T17:52:30
emp_000131,acct_000470,2025-12-02T15:22:57
emp_000534,acct_001767,2025-04-01T14:37:32
emp_000474,acct_005887,2025-01-13T18:10:02
emp_000132,acct_015078,2025-05-26T09:05:48
emp_000209,acct_002489,2025-03-23T13:12:04
emp_000208,acct_013569,2025-07-14T18:06:19
emp_000277,acct_001846,2025-10-01T09:00:58
emp_000417,acct_002696,2025-11-03T12:29:42
emp_000208,acct_004389,2025-04-18T10:55:15
emp_000253,acct_004336,2025-01-10T13:38:27
emp_000537,acct_014189,2025-07-10T11:56:41
emp_000263,acct_019801,2025-11-27T09:15:53
emp_000466,acct_014011,2025-02-25T14:44:41
emp_000248,acct_014360,2025-02-14T11:58:18
emp_000057,acct_008792,2025-09-15T10:43:31
emp_000340,acct_020552,2025-02-08T18:25:41
emp_000192,acct_002631,2025-09-08T12:48:48
emp_000206,acct_017859,2025-02-09T10:10:52
emp_000495,acct_016534,2025-06-11T11:13:48
emp_000517,acct_007073,2025-01-31T14:15:06
emp_000379,acct_001446,2025-05-13T17:35:25
emp_000050,acct_015827,2025-07-29T12:31:39
emp_000495,acct_020126,2025-08-01T17:16:10
emp_000483,acct_015933,2025-08-18T17:24:25
emp_000362,acct_007088,2025-03-25T10:37:13
emp_000299,acct_007148,2025-12-12T18:47:14
emp_000250,acct_003575,2025-06-30T09:51:29
emp_000248,acct_015315,2025-01-30T14:00:50
emp_000512,acct_001254,2025-08-25T14:06:44
emp_000312,acct_011396,2025-06-09T12:53:42
emp_000014,acct_005392,2025-05-12T10:40:04
emp_000013,acct_018880,2025-12-18T17:55:13
emp_000502,acct_006281,2025-10-24T09:49:26
emp_000132,acct_016177,2025-06-30T16:12:45
emp_000245,acct_007629,2025-05-08T17:06:17
emp_000026,acct_013321,2025-01-24T17:19:31
emp_000163,acct_006085,2025-01-16T17:49:18
emp_000101,acct_007607,2025-02-17T09:33:37
emp_000312,acct_010945,2025-06-12T13:36:59
emp_000045,acct_021285,2025-04-30T15:14:19
emp_000014,acct_008740,2025-06-30T16:47:34
emp_000428,acct_015619,2025-10-16T17:22:23
emp_000332,acct_011438,2025-09-29T15:59:28
emp_000120,acct_001760,2025-12-01T14:49:41
emp_000050,acct_017188,2025-03-04T17:05:22
emp_000096,acct_012844,2025-02-10T09:16:38
emp_000070,acct_021433,2025-06-06T12:33:02
emp_000537,acct_001809,2025-07-24T15:19:17
emp_000378,acct_005904,2025-09-11T15:36:31
emp_000299,acct_010937,2025-12-19T14:50:46
emp_000369,acct_001291,2025-03-18T12:28:23
emp_000163,acct_000691,2025-12-09T16:52:52
emp_000089,acct_009751,2025-05-06T10:52:59
emp_000313,acct_018154,2025-01-03T10:02:02
emp_000235,acct_021738,2025-02-02T13:55:42
emp_000514,acct_000352,2025-07-21T18:35:33
emp_000053,acct_000396,2025-12-25T14:22:47
emp_000003,acct_017059,2025-11-03T15:09:32
emp_000365,acct_013419,2025-04-08T13:04:20
emp_000500,acct_005549,2025-12-08T15:13:33
emp_000313,acct_009152,2025-12-08T09:41:48
emp_000518,acct_012875,2025-10-20T18:49:24
emp_000553,acct_009270,2025-08-13T13:53:50
emp_000491,acct_001090,2025-08-11T11:47:42
emp_000017,acct_011505,2025-11-19T14:49:47
emp_000503,acct_000297,2025-12-15T15:20:53
emp_000543,acct_003980,2025-05-12T15:37:53
emp_000059,acct_001736,2025-02-03T16:03:26
emp_000149,acct_021920,2025-03-14T14:27:13
emp_000206,acct_018265,2025-09-03T18:19:56
emp_000312,acct_003037,2025-08-29T14:14:45
emp_000461,acct_009074,2025-09-25T18:28:24
emp_000193,acct_015174,2025-03-31T14:01:02
emp_000095,acct_006220,2025-04-25T15:46:31
emp_000420,acct_016036,2025-05-05T13:52:54
emp_000540,acct_000056,2025-12-11T12:53:43
emp_000070,acct_019708,2025-07-09T14:41:19
emp_000514,acct_012151,2025-01-01T14:16:25
emp_000060,acct_011059,2025-10-06T16:56:43
emp_000474,acct_008025,2025-05-19T14:47:20
emp_000225,acct_001569,2025-06-11T12:00:34
emp_000342,acct_013896,2025-01-31T12:33:47
emp_000500,acct_000324,2025-07-08T18:40:24
emp_000464,acct_018249,2025-12-23T09:26:50
emp_000114,acct_007042,2025-12-23T13:59:43
emp_000530,acct_001265,2025-09-22T11:07:13
emp_000464,acct_019572,2025-01-20T12:08:25
emp_000014,acct_003910,2025-03-10T17:34:55
emp_000313,acct_013774,2025-10-30T10:34:27
emp_000047,acct_016306,2025-11-26T10:21:16
emp_000008,acct_018441,2025-10-01T14:36:05
emp_000074,acct_002179,2025-04-17T09:01:55
emp_000362,acct_000754,2025-10-14T09:57:05
emp_000557,acct_009180,2025-10-02T09:19:36
emp_000586,acct_019795,2025-04-03T16:16:10
emp_000225,acct_020935,2025-04-02T10:00:16
emp_000340,acct_005302,2025-07-23T09:33:51
emp_000149,acct_016033,2025-03-10T17:28:53
emp_000023,acct_017188,2025-04-03T13:19:29
emp_000070,acct_006128,2025-02-24T12:20:41
emp_000365,acct_012090,2025-03-10T11:21:00
emp_000120,acct_011589,2025-01-06T17:30:42
emp_000127,acct_003420,2025-02-10T10:22:06
emp_000557,acct_019666,2025-03-07T16:19:03
emp_000192,acct_002930,2025-07-08T11:57:55
emp_000209,acct_006492,2025-08-18T17:06:06
emp_000245,acct_002983,2025-06-13T16:53:24
emp_000393,acct_001068,2025-07-21T15:51:30
emp_000126,acct_018287,2025-07-21T11:43:43
emp_000086,acct_002701,2025-01-27T16:29:09
emp_000238,acct_019910,2025-08-17T18:07:48
emp_000495,acct_013663,2025-10-27T15:09:34
emp_000436,acct_009574,2025-12-11T11:58:21
emp_000149,acct_011333,2025-03-31T12:42:09
emp_000192,acct_012479,2025-03-13T14:08:23
emp_000466,acct_008719,2025-07-17T11:08:28
emp_000415,acct_009534,2025-01-20T15:06:49
emp_000003,acct_005811,2025-09-16T16:25:14
emp_000586,acct_003427,2025-04-21T13:53:35
emp_000157,acct_012195,2025-08-26T12:17:18
emp_000169,acct_019474,2025-12-22T11:27:51
emp_000251,acct_014833,2025-03-31T12:07:00
emp_000417,acct_007230,2025-01-06T17:18:07
emp_000312,acct_000629,2025-01-23T17:37:44
emp_000251,acct_016990,2025-11-17T11:30:54
emp_000011,acct_018797,2025-01-29T14:40:54
emp_000284,acct_012147,2025-01-07T09:14:27
emp_000528,acct_008625,2025-10-06T16:07:36
emp_000592,acct_012250,2025-04-02T12:55:10
emp_000112,acct_009872,2025-08-18T13:24:37
emp_000436,acct_021456,2025-07-23T13:02:56
emp_000306,acct_015184,2025-12-29T09:41:00
emp_000560,acct_004818,2025-10-14T18:42:41
emp_000548,acct_012112,2025-07-28T15:57:42
emp_000166,acct_018635,2025-02-18T18:40:21
emp_000517,acct_007939,2025-03-03T18:32:06
emp_000540,acct_010947,2025-10-17T13:05:14
emp_000386,acct_006459,2025-03-14T12:32:12
emp_000299,acct_019328,2025-01-24T10:20:51
emp_000135,acct_003947,2025-02-24T13:09:10
emp_000232,acct_020875,2025-11-25T11:13:45
emp_000211,acct_009701,2025-09-08T17:55:44
emp_000035,acct_004737,2025-06-12T16:43:17
emp_000208,acct_015966,2025-11-27T11:40:24
emp_000512,acct_004569,2025-04-29T18:07:27
emp_000027,acct_007406,2025-09-17T15:27:27
emp_000420,acct_015939,2025-06-04T10:55:47
emp_000126,acct_015939,2025-08-29T13:16:17
emp_000306,acct_021212,2025-11-20T17:09:02
emp_000044,acct_005471,2025-09-16T14:02:05
emp_000225,acct_008515,2025-05-30T15:18:07
emp_000209,acct_021417,2025-08-29T10:29:21
emp_000586,acct_004421,2025-04-09T12:25:02
emp_000383,acct_010102,2025-12-08T15:00:05
emp_000387,acct_005074,2025-11-03T17:38:54
emp_000498,acct_016346,2025-07-30T13:18:39
emp_000163,acct_014304,2025-07-31T12:28:23
emp_000112,acct_014488,2025-02-11T11:56:53
emp_000257,acct_002731,2025-01-27T12:46:09
emp_000306,acct_016183,2025-03-17T17:25:42
emp_000327,acct_003105,2025-11-06T09:19:17
emp_000463,acct_003187,2025-12-16T11:07:35
emp_000069,acct_001194,2025-12-29T14:48:41
emp_000245,acct_014318,2025-09-08T17:03:08
emp_000225,acct_012297,2025-04-22T15:34:33
emp_000264,acct_005930,2025-11-13T09:33:56
emp_000170,acct_007470,2025-12-08T11:05:35
emp_000461,acct_001963,2025-11-12T10:20:35
emp_000312,acct_009560,2025-09-05T09:34:54
emp_000245,acct_004890,2025-07-10T14:40:07
emp_000008,acct_010238,2025-04-07T14:03:14
emp_000500,acct_000935,2025-11-24T17:24:47
emp_000204,acct_006982,2025-10-08T17:11:57
emp_000340,acct_000412,2025-11-17T11:42:01
emp_000170,acct_014813,2025-07-15T12:15:54
emp_000529,acct_004789,2025-02-04T16:15:00
emp_000337,acct_008808,2025-06-27T17:36:07
emp_000188,acct_009876,2025-06-16T09:46:16
emp_000407,acct_002670,2025-07-08T10:08:53
emp_000510,acct_011134,2025-02-10T16:26:35
emp_000071,acct_005533,2025-08-20T13:12:11
emp_000369,acct_007718,2025-08-18T16:45:23
emp_000176,acct_012954,2025-11-18T17:46:43
emp_000325,acct_001938,2025-09-08T14:23:31
emp_000112,acct_017492,2025-08-11T13:00:57
emp_000319,acct_012709,2025-06-19T17:13:02
emp_000298,acct_005149,2025-06-09T16:24:57
emp_000166,acct_014235,2025-02-21T09:07:47
emp_000437,acct_006855,2025-01-06T10:39:25
emp_000232,acct_004698,2025-03-31T14:21:11
emp_000378,acct_014591,2025-06-30T12:29:12
emp_000518,acct_019036,2025-11-26T15:14:51
emp_000140,acct_014596,2025-04-28T13:41:39
emp_000003,acct_006711,2025-09-01T11:31:49
emp_000279,acct_015986,2025-06-05T15:54:31
emp_000208,acct_010478,2025-10-17T13:15:28
emp_000417,acct_009508,2025-05-22T13:15:45
emp_000553,acct_010885,2025-07-24T15:29:18
emp_000067,acct_008653,2025-01-01T12:29:54
emp_000332,acct_008759,2025-07-11T15:02:39
emp_000511,acct_019744,2025-01-21T16:10:15
emp_000586,acct_012169,2025-01-23T09:18:22
emp_000534,acct_021923,2025-05-19T14:16:23
emp_000519,acct_007991,2025-01-21T14:47:58
emp_000564,acct_004178,2025-05-05T09:38:17
emp_000114,acct_002996,2025-08-08T12:26:46
emp_000276,acct_019741,2025-04-21T13:39:30
emp_000085,acct_011732,2025-10-23T09:02:27
emp_000431,acct_017851,2025-07-21T09:23:49
emp_000089,acct_020127,2025-09-08T09:39:24
emp_000367,acct_013872,2025-06-23T09:25:49
emp_000079,acct_021716,2025-03-24T11:41:49
emp_000462,acct_001192,2025-09-22T11:27:25
emp_000060,acct_021179,2025-12-10T16:39:51
emp_000553,acct_003744,2025-12-22T12:39:21
emp_000599,acct_004094,2025-02-14T13:55:17
emp_000047,acct_017031,2025-06-19T12:08:42
emp_000166,acct_013407,2025-01-13T11:07:16
emp_000028,acct_001130,2025-10-23T17:38:04
emp_000537,acct_020197,2025-02-04T09:16:36
emp_000112,acct_015366,2025-11-12T11:44:22
emp_000543,acct_005264,2025-08-11T11:06:47
emp_000253,acct_002213,2025-09-08T10:06:56
emp_000466,acct_011749,2025-03-31T13:47:13
emp_000219,acct_014393,2025-07-28T17:31:19
emp_000219,acct_020593,2025-10-22T15:10:33
emp_000258,acct_015354,2025-09-25T18:58:03
emp_000592,acct_014284,2025-10-27T15:32:17
emp_000107,acct_014844,2025-12-11T14:09:50
emp_000598,acct_006917,2025-12-16T09:18:32
emp_000206,acct_017329,2025-02-21T16:14:09
emp_000407,acct_000946,2025-04-21T09:21:53
emp_000131,acct_014997,2025-10-20T17:51:51
emp_000481,acct_017011,2025-08-07T13:57:19
emp_000047,acct_016851,2025-03-11T18:44:36
emp_000589,acct_019697,2025-02-28T10:41:11
emp_000595,acct_007053,2025-01-03T17:05:31
emp_000135,acct_007891,2025-02-03T10:58:32
emp_000359,acct_010292,2025-04-24T15:07:34
emp_000564,acct_004869,2025-05-14T10:28:46
emp_000593,acct_004211,2025-12-24T14:14:27
emp_000270,acct_017398,2025-10-20T09:24:40
emp_000500,acct_012390,2025-09-16T14:46:46
emp_000027,acct_012677,2025-01-13T14:50:13
emp_000193,acct_020477,2025-02-04T09:55:29
emp_000208,acct_015001,2025-08-11T16:14:53
emp_000348,acct_018304,2025-11-17T09:16:46
emp_000436,acct_008703,2025-12-23T17:49:49
emp_000379,acct_012962,2025-03-28T10:43:16
emp_000595,acct_021493,2025-06-08T11:12:22
emp_000332,acct_008617,2025-10-03T11:58:26
emp_000491,acct_016183,2025-09-22T10:28:34
emp_000581,acct_020097,2025-02-26T09:24:20
emp_000306,acct_020046,2025-10-09T15:05:59
emp_000004,acct_010266,2025-12-30T13:14:55
emp_000507,acct_007310,2025-05-26T11:50:20
emp_000272,acct_009165,2025-04-28T13:25:32
emp_000112,acct_019853,2025-10-09T17:39:19
emp_000250,acct_004016,2025-12-15T16:07:59
emp_000279,acct_006056,2025-10-16T16:49:15
emp_000079,acct_016356,2025-02-05T11:57:53
emp_000510,acct_012568,2025-06-11T10:48:54
emp_000433,acct_012810,2025-05-27T18:56:00
emp_000279,acct_019716,2025-12-30T11:25:04
emp_000406,acct_001342,2025-07-21T18:10:48
emp_000170,acct_002588,2025-08-29T17:46:14
emp_000498,acct_005752,2025-12-03T12:17:26
emp_000257,acct_009042,2025-10-09T11:48:25
emp_000560,acct_016543,2025-10-14T16:26:55
emp_000307,acct_010122,2025-04-14T15:44:23
emp_000046,acct_002517,2025-09-15T09:15:13
emp_000437,acct_014184,2025-11-26T13:18:17
emp_000586,acct_015118,2025-02-27T15:06:31
emp_000024,acct_018914,2025-08-11T09:59:12
emp_000069,acct_016403,2025-06-02T16:21:50
emp_000068,acct_005834,2025-12-18T14:40:47
emp_000070,acct_006178,2025-12-11T16:38:33
emp_000290,acct_004651,2025-12-22T16:52:19
emp_000258,acct_008267,2025-01-15T12:33:33
emp_000091,acct_017121,2025-03-10T12:58:44
emp_000052,acct_014370,2025-11-17T14:41:26
emp_000584,acct_013064,2025-06-02T17:21:14
emp_000294,acct_015639,2025-08-30T10:03:37
emp_000589,acct_008283,2025-04-14T14:39:40
emp_000531,acct_000550,2025-01-20T17:19:00
emp_000270,acct_018544,2025-03-17T16:27:39
emp_000035,acct_019997,2025-03-25T12:35:58
emp_000461,acct_002781,2025-09-15T14:41:05
emp_000543,acct_019459,2025-03-10T15:30:48
emp_000590,acct_012166,2025-12-25T17:18:25
emp_000518,acct_011273,2025-05-05T10:25:23
emp_000258,acct_011059,2025-07-14T12:10:29
emp_000251,acct_018435,2025-08-20T09:49:20
emp_000437,acct_002278,2025-05-27T12:22:29
emp_000410,acct_000733,2025-05-14T11:57:29
emp_000386,acct_015968,2025-10-01T09:25:04
emp_000325,acct_000691,2025-01-10T11:11:51
emp_000270,acct_002967,2025-02-03T13:24:37
emp_000219,acct_007985,2025-04-03T13:09:16
emp_000332,acct_014972,2025-07-01T15:11:49
emp_000117,acct_005821,2025-02-04T16:46:31
emp_000284,acct_016380,2025-12-10T09:09:05
emp_000003,acct_015017,2025-09-11T10:35:25
emp_000028,acct_011774,2025-01-02T12:11:29
emp_000167,acct_004286,2025-08-12T10:55:12
emp_000020,acct_008988,2025-11-17T12:12:50
emp_000474,acct_010496,2025-07-28T13:57:55
emp_000461,acct_018509,2025-01-22T17:25:42
emp_000272,acct_002560,2025-11-17T18:48:12
emp_000592,acct_020114,2025-02-26T17:34:59
emp_000166,acct_003793,2025-03-19T13:40:27
emp_000519,acct_020167,2025-04-09T18:04:09
emp_000530,acct_012608,2025-09-01T14:39:14
emp_000548,acct_000870,2025-03-18T11:33:09
emp_000090,acct_019863,2025-04-21T09:51:44
emp_000135,acct_000309,2025-11-03T17:20:30
emp_000305,acct_003306,2025-04-20T09:57:14
emp_000275,acct_014989,2025-11-26T16:48:22
emp_000550,acct_011357,2025-12-22T12:01:52
emp_000259,acct_006937,2025-01-16T16:32:39
emp_000248,acct_008155,2025-11-13T17:09:24
emp_000543,acct_006071,2025-04-15T10:13:08
emp_000500,acct_014017,2025-10-24T13:13:09
emp_000167,acct_009165,2025-09-22T11:22:09
emp_000332,acct_001531,2025-05-06T09:00:13
emp_000416,acct_005243,2025-11-12T18:01:37
emp_000305,acct_015894,2025-09-05T17:36:54
emp_000220,acct_007774,2025-05-26T17:17:19
emp_000208,acct_000037,2025-04-28T18:53:30
emp_000483,acct_013297,2025-06-27T18:57:10
emp_000219,acct_011489,2025-03-10T18:10:28
emp_000344,acct_001645,2025-08-18T11:07:39
emp_000035,acct_009465,2025-05-22T15:59:53
emp_000350,acct_019743,2025-05-02T11:37:42
emp_000270,acct_000569,2025-05-19T12:38:36
emp_000082,acct_018707,2025-03-10T13:30:47
emp_000356,acct_003505,2025-10-28T14:49:51
emp_000463,acct_010628,2025-09-15T18:33:12
emp_000003,acct_012985,2025-02-12T11:27:42
emp_000231,acct_013743,2025-11-03T14:19:49
emp_000050,acct_002766,2025-09-09T17:02:31
emp_000095,acct_003952,2025-10-23T09:10:44
emp_000369,acct_000807,2025-09-03T18:07:14
emp_000159,acct_013642,2025-09-29T12:43:35
emp_000071,acct_020278,2025-07-03T13:51:06
emp_000002,acct_013436,2025-03-20T14:13:03
emp_000225,acct_015077,2025-10-20T15:27:04
emp_000474,acct_019605,2025-07-26T12:30:53
emp_000540,acct_004116,2025-09-15T11:38:05
emp_000236,acct_018010,2025-11-10T15:10:55
emp_000417,acct_014175,2025-10-20T09:21:40
emp_000253,acct_020375,2025-05-27T16:52:31
emp_000512,acct_009318,2025-01-23T10:39:56
emp_000460,acct_016896,2025-09-12T15:12:39
emp_000437,acct_008569,2025-03-11T18:46:36
emp_000359,acct_006969,2025-12-02T17:53:12
emp_000512,acct_013529,2025-02-25T16:01:25
emp_000492,acct_018607,2025-10-14T18:53:49
emp_000027,acct_015311,2025-04-05T17:03:32
emp_000013,acct_002189,2025-05-04T15:00:31
emp_000028,acct_013795,2025-06-06T10:15:59
emp_000503,acct_002057,2025-06-02T18:59:40
emp_000340,acct_013837,2025-12-05T11:51:56
emp_000149,acct_012243,2025-12-08T15:34:30
emp_000423,acct_014410,2025-10-09T14:48:28
emp_000169,acct_012903,2025-10-31T16:35:33
emp_000379,acct_001776,2025-02-27T11:35:31
emp_000325,acct_002966,2025-01-07T13:09:57
emp_000146,acct_001556,2025-10-27T11:32:44
emp_000140,acct_011642,2025-05-02T14:10:28
emp_000319,acct_014701,2025-05-05T15:58:35
emp_000011,acct_002705,2025-07-17T12:59:41
emp_000417,acct_005251,2025-08-25T11:21:46
emp_000209,acct_002969,2025-03-11T11:18:06
emp_000004,acct_018399,2025-08-18T18:57:21
emp_000225,acct_000974,2025-09-03T12:21:00
emp_000354,acct_015565,2025-04-10T18:33:07
emp_000481,acct_007060,2025-05-07T14:09:11
emp_000362,acct_017247,2025-08-30T10:29:18
emp_000043,acct_021682,2025-12-26T12:41:36
emp_000544,acct_003964,2025-07-21T12:35:56
emp_000462,acct_019382,2025-06-10T14:56:25
emp_000343,acct_006397,2025-06-11T09:02:09
emp_000105,acct_004752,2025-07-18T09:19:45
emp_000044,acct_019930,2025-12-01T09:51:12
emp_000358,acct_019168,2025-12-31T17:02:56
emp_000502,acct_006302,2025-08-18T11:57:25
emp_000236,acct_014979,2025-07-09T11:17:48
emp_000052,acct_003740,2025-07-01T18:06:05
emp_000534,acct_019423,2025-02-17T14:55:45
emp_000248,acct_007920,2025-03-24T15:09:47
emp_000288,acct_012476,2025-04-21T13:03:27
emp_000299,acct_013325,2025-01-15T16:31:52
emp_000393,acct_009186,2025-10-09T09:00:37
emp_000053,acct_006417,2025-10-06T09:43:52
emp_000548,acct_020907,2025-04-11T15:50:30
emp_000192,acct_016912,2025-02-28T12:32:58
emp_000436,acct_012585,2025-08-20T13:24:43
emp_000595,acct_000864,2025-12-29T16:45:53
emp_000043,acct_000870,2025-05-12T18:59:27
emp_000379,acct_016708,2025-08-11T15:11:34
emp_000342,acct_015498,2025-12-08T14:04:50
emp_000229,acct_017325,2025-12-15T12:13:36
emp_000035,acct_007025,2025-05-08T16:10:33
emp_000387,acct_000593,2025-04-17T14:13:40
emp_000356,acct_005510,2025-10-06T11:29:08
emp_000043,acct_020533,2025-02-03T18:32:18
emp_000149,acct_020067,2025-06-06T10:50:05
emp_000272,acct_018179,2025-07-24T10:41:03
emp_000105,acct_010694,2025-11-25T09:29:30
emp_000250,acct_006627,2025-02-10T13:18:22
emp_000503,acct_018039,2025-11-05T12:59:21
emp_000085,acct_000335,2025-02-17T11:00:51
emp_000070,acct_017884,2025-10-01T17:31:27
emp_000204,acct_019238,2025-11-27T18:54:12
emp_000076,acct_015877,2025-03-31T10:18:16
emp_000107,acct_013495,2025-01-24T17:26:31
emp_000406,acct_012935,2025-03-21T17:40:30
emp_000367,acct_016841,2025-10-06T15:53:37
emp_000127,acct_017276,2025-05-07T17:14:05
emp_000560,acct_010055,2025-12-15T15:35:30
emp_000166,acct_006073,2025-05-29T16:06:56
emp_000132,acct_009147,2025-11-12T10:45:09
emp_000245,acct_002926,2025-06-23T16:02:44
emp_000011,acct_011900,2025-11-24T09:25:10
emp_000454,acct_005043,2025-11-28T18:53:42
emp_000135,acct_020573,2025-12-12T11:40:01
emp_000553,acct_019522,2025-05-02T17:28:15
emp_000035,acct_019464,2025-04-18T14:24:44
emp_000376,acct_003416,2025-12-10T12:02:47
emp_000068,acct_008332,2025-07-10T18:31:44
emp_000052,acct_006000,2025-05-07T16:14:36
emp_000082,acct_016168,2025-08-25T14:13:27
emp_000264,acct_018005,2025-04-25T10:47:45
emp_000011,acct_016476,2025-10-27T15:54:40
emp_000014,acct_013247,2025-12-11T12:12:27
emp_000503,acct_015584,2025-08-11T10:55:41
emp_000431,acct_008203,2025-12-08T11:47:21
emp_000284,acct_002250,2025-01-28T14:20:29
emp_000522,acct_000575,2025-04-08T10:47:00
emp_000017,acct_012016,2025-12-16T17:34:13
emp_000008,acct_000536,2025-04-08T18:04:40
emp_000157,acct_002255,2025-05-22T15:41:26
emp_000512,acct_006052,2025-05-19T18:06:57
emp_000120,acct_005172,2025-10-30T09:35:10
emp_000023,acct_016717,2025-12-15T16:54:32
emp_000231,acct_016120,2025-07-21T14:27:05
emp_000167,acct_020618,2025-12-08T10:31:03
emp_000312,acct_004094,2025-08-27T17:33:26
emp_000437,acct_006035,2025-04-28T18:45:08
emp_000169,acct_001451,2025-10-01T16:23:12
emp_000367,acct_001647,2025-08-27T14:17:52
emp_000382,acct_017550,2025-02-27T09:33:25
emp_000491,acct_014049,2025-10-06T11:16:03
emp_000149,acct_005580,2025-03-17T15:49:00
emp_000423,acct_017426,2025-10-24T13:42:57
emp_000236,acct_017278,2025-12-02T11:02:00
emp_000543,acct_018231,2025-03-17T14:00:15
emp_000500,acct_015868,2025-02-13T16:02:19
emp_000305,acct_009517,2025-06-30T16:44:32
emp_000378,acct_006677,2025-05-16T09:29:46
emp_000042,acct_012621,2025-03-06T12:03:04
emp_000595,acct_003707,2025-08-29T15:45:22
emp_000367,acct_001941,2025-04-01T12:50:42
emp_000096,acct_009983,2025-02-24T12:54:28
emp_000495,acct_012857,2025-01-10T11:11:54
emp_000232,acct_015397,2025-11-17T18:00:55
emp_000277,acct_021898,2025-03-03T17:48:06
emp_000537,acct_016637,2025-06-19T18:29:10
emp_000004,acct_010835,2025-06-23T10:08:42
emp_000076,acct_004011,2025-12-08T18:38:08
emp_000327,acct_014241,2025-02-26T11:05:39
emp_000345,acct_006666,2025-05-30T10:56:04
emp_000356,acct_004152,2025-12-26T17:54:50
emp_000592,acct_017871,2025-02-28T11:42:26
emp_000231,acct_001270,2025-11-17T09:46:52
emp_000167,acct_019804,2025-02-06T18:36:55
emp_000356,acct_001375,2025-06-23T10:59:32
emp_000319,acct_021278,2025-10-08T10:50:39
emp_000343,acct_011025,2025-01-06T12:04:51
emp_000420,acct_008346,2025-11-03T13:05:43
emp_000334,acct_009950,2025-09-24T09:52:04
emp_000589,acct_012274,2025-05-12T09:58:57
emp_000589,acct_020719,2025-08-04T15:23:46
emp_000186,acct_011718,2025-08-18T09:13:58
emp_000305,acct_006908,2025-06-19T16:19:51
emp_000348,acct_021216,2025-11-28T11:15:06
emp_000595,acct_014434,2025-10-06T10:48:11
emp_000156,acct_011536,2025-06-09T10:00:44
emp_000279,acct_013012,2025-02-07T10:00:05
emp_000382,acct_012929,2025-11-06T09:59:58
emp_000250,acct_011014,2025-11-04T17:12:08
emp_000470,acct_009055,2025-01-01T18:42:35
emp_000250,acct_007494,2025-12-29T12:51:15
emp_000598,acct_016168,2025-05-13T09:37:29
emp_000068,acct_009899,2025-06-25T11:31:25
emp_000186,acct_000552,2025-08-20T13:17:35
emp_000492,acct_021461,2025-11-03T17:08:22
emp_000257,acct_021982,2025-09-02T09:31:28
emp_000050,acct_006378,2025-07-07T09:32:20
emp_000598,acct_002976,2025-08-05T13:39:35
emp_000251,acct_001298,2025-01-27T17:35:52
emp_000334,acct_018691,2025-10-15T18:05:41
emp_000127,acct_014966,2025-10-06T18:38:55
emp_000074,acct_016582,2025-04-26T18:41:51
emp_000562,acct_012591,2025-08-19T18:57:50
emp_000313,acct_005562,2025-01-16T17:35:29
emp_000059,acct_013085,2025-12-10T11:27:42
emp_000348,acct_011030,2025-10-27T11:17:10
emp_000514,acct_012921,2025-12-16T14:49:34
emp_000247,acct_018432,2025-03-31T09:16:02
emp_000192,acct_004224,2025-07-18T10:51:19
emp_000095,acct_006297,2025-05-16T10:16:36
emp_000314,acct_020332,2025-08-27T18:10:51
emp_000052,acct_007322,2025-09-04T13:39:19
emp_000503,acct_005688,2025-09-30T16:39:28
emp_000002,acct_002445,2025-03-03T16:31:16
emp_000426,acct_007362,2025-07-15T18:38:08
emp_000050,acct_016796,2025-03-28T16:37:05
emp_000362,acct_011395,2025-03-03T13:11:15
emp_000382,acct_000872,2025-10-06T16:55:35
emp_000050,acct_020474,2025-08-22T12:06:42
emp_000176,acct_015853,2025-08-04T09:23:04
emp_000494,acct_021484,2025-01-03T14:13:18
emp_000463,acct_013107,2025-11-18T10:39:32
emp_000140,acct_016367,2025-09-08T18:29:27
emp_000407,acct_017715,2025-08-19T13:17:15
emp_000208,acct_014716,2025-10-10T17:14:15
emp_000290,acct_019168,2025-02-07T10:07:12
emp_000250,acct_010428,2025-06-21T17:10:43
emp_000407,acct_021207,2025-08-27T18:43:09
emp_000492,acct_013842,2025-04-28T13:38:06
emp_000531,acct_013550,2025-03-05T09:28:50
emp_000334,acct_021758,2025-11-20T10:52:03
emp_000567,acct_013049,2025-10-17T10:44:59
emp_000156,acct_015167,2025-11-13T18:08:06
emp_000564,acct_009258,2025-07-05T09:12:16
emp_000080,acct_018925,2025-02-27T15:10:56
emp_000567,acct_020619,2025-03-20T16:58:20
emp_000529,acct_015353,2025-10-13T16:41:32
emp_000014,acct_019939,2025-12-05T13:48:54
emp_000507,acct_017763,2025-09-01T12:06:08
emp_000051,acct_013801,2025-10-20T13:29:33
emp_000279,acct_016762,2025-03-04T09:55:17
emp_000163,acct_001133,2025-07-05T12:01:28
emp_000378,acct_021288,2025-02-21T13:03:12
emp_000076,acct_006663,2025-09-22T18:20:23
emp_000340,acct_016108,2025-06-25T15:07:13
emp_000035,acct_006711,2025-04-24T15:57:39
emp_000051,acct_006686,2025-11-25T15:42:52
emp_000117,acct_014348,2025-06-06T12:44:49
emp_000557,acct_021529,2025-11-24T15:29:33
emp_000253,acct_010987,2025-08-18T16:02:30
emp_000157,acct_018767,2025-03-25T11:53:35
emp_000564,acct_001861,2025-12-24T10:16:13
emp_000167,acct_006139,2025-02-14T09:49:28
emp_000423,acct_011985,2025-10-02T11:15:25
emp_000229,acct_017135,2025-11-17T15:43:46
emp_000298,acct_012556,2025-02-03T12:20:16
emp_000140,acct_009282,2025-10-13T09:27:31
emp_000414,acct_015625,2025-02-12T10:10:53
emp_000491,acct_012521,2025-06-04T12:16:24
emp_000378,acct_019385,2025-05-26T17:43:41
emp_000282,acct_004847,2025-09-02T11:20:40
emp_000288,acct_006236,2025-10-06T10:00:04
emp_000235,acct_021063,2025-06-23T16:25:46
emp_000433,acct_001885,2025-06-20T16:35:51
emp_000028,acct_019131,2025-03-11T17:28:22
emp_000494,acct_008987,2025-12-25T13:27:08
emp_000461,acct_004766,2025-08-22T10:27:01
emp_000433,acct_012104,2025-11-28T13:55:41
emp_000460,acct_007618,2025-07-23T14:06:51
emp_000204,acct_004525,2025-10-08T10:22:37
emp_000466,acct_018995,2025-01-16T17:57:26
emp_000245,acct_008876,2025-09-16T17:21:31
emp_000137,acct_006511,2025-05-12T14:32:28
emp_000131,acct_000855,2025-06-30T15:20:22
emp_000184,acct_014349,2025-06-27T18:49:28
emp_000114,acct_016937,2025-10-14T13:07:57
emp_000166,acct_009177,2025-06-09T14:58:51
emp_000248,acct_008400,2025-01-28T16:46:13
emp_000004,acct_013948,2025-01-27T11:34:41
emp_000367,acct_012617,2025-09-22T15:01:09
emp_000027,acct_015405,2025-10-25T17:46:00
emp_000314,acct_008840,2025-09-16T17:23:34
emp_000530,acct_015818,2025-06-09T12:47:14
emp_000270,acct_014962,2025-12-26T11:14:43
emp_000131,acct_012743,2025-08-18T10:59:35
emp_000026,acct_014135,2025-10-10T15:56:35
emp_000131,acct_010342,2025-03-24T15:17:44
emp_000125,acct_020388,2025-02-24T17:56:42
emp_000259,acct_015429,2025-06-06T09:06:27
emp_000437,acct_003395,2025-09-17T12:45:45
emp_000288,acct_012681,2025-03-29T15:22:56
emp_000474,acct_001250,2025-10-23T16:06:02
emp_000023,acct_015672,2025-08-15T11:53:40
emp_000464,acct_017802,2025-11-19T15:34:58
emp_000052,acct_002563,2025-02-10T16:23:46
emp_000415,acct_019144,2025-04-09T09:54:14
emp_000545,acct_003093,2025-05-26T14:24:37
emp_000117,acct_004732,2025-06-30T12:21:42
emp_000166,acct_009601,2025-10-07T10:36:53
emp_000291,acct_008644,2025-09-15T10:34:20
emp_000027,acct_009725,2025-12-24T17:01:24
emp_000188,acct_004968,2025-10-27T17:15:20
emp_000455,acct_020297,2025-06-02T15:47:03
emp_000498,acct_020904,2025-04-23T12:41:13
emp_000096,acct_007911,2025-11-04T17:35:32
emp_000436,acct_003264,2025-07-09T10:12:59
emp_000047,acct_004868,2025-11-26T10:58:54
emp_000410,acct_009566,2025-04-18T17:06:45
emp_000534,acct_019017,2025-09-29T14:34:11
emp_000567,acct_014239,2025-04-22T16:59:16
emp_000080,acct_005259,2025-06-30T14:05:09
emp_000198,acct_012618,2025-04-02T10:29:32
emp_000238,acct_010269,2025-11-04T13:24:25
emp_000395,acct_009202,2025-08-13T18:35:24
emp_000112,acct_020143,2025-07-07T16:00:37
emp_000298,acct_013823,2025-01-27T10:04:55
emp_000500,acct_012006,2025-07-07T18:10:06
emp_000276,acct_000384,2025-03-24T10:08:08
emp_000334,acct_010543,2025-05-19T15:47:39
emp_000474,acct_001791,2025-06-25T18:00:20
emp_000089,acct_001983,2025-10-23T16:56:34
emp_000272,acct_001722,2025-01-14T09:19:44
emp_000431,acct_011700,2025-02-17T16:29:31
emp_000035,acct_012519,2025-09-03T16:29:57
emp_000057,acct_015595,2025-09-29T14:50:26
emp_000599,acct_012056,2025-05-26T15:19:25
emp_000051,acct_006643,2025-01-29T14:08:42
emp_000564,acct_001474,2025-03-26T18:56:02
emp_000276,acct_004815,2025-01-03T16:11:59
emp_000423,acct_002356,2025-03-31T09:33:53
emp_000414,acct_021643,2025-10-15T11:52:52
emp_000095,acct_013684,2025-12-31T12:49:58
emp_000193,acct_005474,2025-03-31T10:18:30
emp_000177,acct_000737,2025-07-18T09:12:19
emp_000519,acct_021706,2025-07-28T12:41:11
emp_000340,acct_005796,2025-04-25T09:58:34
emp_000343,acct_016226,2025-08-15T12:03:56
emp_000428,acct_014666,2025-04-10T13:48:14
emp_000393,acct_006082,2025-08-05T14:49:10
emp_000188,acct_007288,2025-10-13T13:30:13
emp_000305,acct_019497,2025-10-29T10:56:36
emp_000105,acct_009694,2025-03-03T10:05:29
emp_000337,acct_016816,2025-11-09T18:23:51
emp_000220,acct_018585,2025-09-19T18:32:56
emp_000076,acct_008466,2025-08-26T10:22:54
emp_000420,acct_008182,2025-11-12T17:22:36
emp_000149,acct_014676,2025-11-10T11:26:37
emp_000482,acct_020595,2025-04-29T12:13:25
emp_000537,acct_002567,2025-01-17T16:51:02
emp_000047,acct_001445,2025-10-03T14:21:29
emp_000291,acct_009352,2025-04-18T17:44:42
emp_000258,acct_000081,2025-02-27T18:39:56
emp_000170,acct_003113,2025-09-01T11:39:28
emp_000192,acct_002776,2025-11-19T12:22:35
emp_000026,acct_000449,2025-01-28T11:23:32
emp_000112,acct_019179,2025-10-13T11:36:51
emp_000359,acct_018863,2025-04-02T14:14:15
emp_000288,acct_006479,2025-06-06T16:32:09
emp_000592,acct_008609,2025-07-11T18:01:35
emp_000502,acct_006470,2025-04-18T15:40:37
emp_000211,acct_016660,2025-09-23T17:18:08
emp_000184,acct_006373,2025-08-25T11:15:19
emp_000340,acct_009893,2025-06-16T14:25:18
emp_000047,acct_006179,2025-10-20T12:59:20
emp_000069,acct_008308,2025-10-22T18:07:42
emp_000275,acct_021112,2025-05-19T14:29:51
emp_000275,acct_005511,2025-12-29T16:36:45
emp_000299,acct_014186,2025-02-05T16:52:29
emp_000510,acct_016851,2025-10-21T16:17:21
emp_000284,acct_019956,2025-11-20T17:46:02
emp_000415,acct_017360,2025-07-21T12:32:08
emp_000155,acct_006804,2025-10-22T14:05:48
emp_000414,acct_000888,2025-06-20T09:49:12
emp_000562,acct_014043,2025-10-26T10:15:03
emp_000519,acct_002497,2025-01-20T12:53:21
emp_000074,acct_013114,2025-10-13T14:00:31
emp_000035,acct_017172,2025-11-09T13:33:24
emp_000312,acct_009845,2025-04-08T13:22:52
emp_000024,acct_001124,2025-11-11T09:52:40
emp_000017,acct_006999,2025-02-03T11:52:48
emp_000068,acct_010355,2025-11-24T15:58:29
emp_000314,acct_006478,2025-04-05T10:20:30
emp_000581,acct_010703,2025-08-15T14:43:17
emp_000027,acct_000504,2025-09-08T18:45:40
emp_000522,acct_015595,2025-05-05T09:16:59
emp_000567,acct_016722,2025-11-12T15:23:21
emp_000014,acct_001867,2025-07-21T11:32:55
emp_000263,acct_016714,2025-05-05T15:56:00
emp_000387,acct_009649,2025-11-08T11:57:00
emp_000362,acct_010995,2025-08-11T11:43:51
emp_000586,acct_021155,2025-12-17T10:48:28
emp_000402,acct_001495,2025-05-08T12:00:14
emp_000079,acct_010189,2025-10-20T10:09:07
emp_000208,acct_013582,2025-06-08T09:41:38
emp_000482,acct_013139,2025-06-30T17:30:41
emp_000354,acct_016700,2025-04-21T12:46:05
emp_000514,acct_009994,2025-06-23T12:20:15
emp_000455,acct_007807,2025-11-13T13:12:58
emp_000189,acct_001473,2025-06-13T12:13:41
emp_000494,acct_003489,2025-02-04T09:56:17
emp_000575,acct_010191,2025-09-11T13:41:15
emp_000131,acct_019359,2025-09-15T17:00:01
emp_000008,acct_021322,2025-02-10T09:31:01
emp_000074,acct_015962,2025-05-20T11:14:39
emp_000288,acct_016465,2025-04-17T15:31:29
emp_000325,acct_016782,2025-08-25T17:05:57
emp_000505,acct_021125,2025-09-09T18:14:19
emp_000379,acct_019023,2025-05-12T15:11:49
emp_000235,acct_008092,2025-04-04T15:38:12
emp_000332,acct_001250,2025-12-12T15:28:33
emp_000167,acct_021029,2025-11-17T18:31:50
emp_000358,acct_019420,2025-03-31T16:07:15
emp_000276,acct_012651,2025-08-25T09:50:32
emp_000362,acct_007095,2025-03-20T14:04:03
emp_000402,acct_002171,2025-01-12T15:01:17
emp_000160,acct_017572,2025-12-06T11:24:55
emp_000028,acct_007500,2025-06-30T16:48:03
emp_000560,acct_011952,2025-05-06T09:20:34
emp_000518,acct_009169,2025-11-11T12:38:26
emp_000089,acct_018797,2025-08-11T09:10:39
emp_000307,acct_021369,2025-01-09T18:25:50
emp_000080,acct_013549,2025-04-29T14:01:02
emp_000003,acct_019165,2025-05-12T16:16:34
emp_000020,acct_016790,2025-03-03T12:19:47
emp_000474,acct_001617,2026-01-01T10:39:20
emp_000337,acct_006392,2025-01-30T11:37:14
emp_000379,acct_008190,2025-12-23T17:46:06
emp_000415,acct_018453,2025-08-25T16:58:51
emp_000095,acct_003981,2025-10-13T09:22:24
emp_000436,acct_000210,2025-01-15T11:44:34
emp_000035,acct_014973,2025-04-15T11:18:22
emp_000112,acct_000667,2025-03-26T10:37:33
emp_000530,acct_002082,2025-12-10T13:10:08
emp_000462,acct_019581,2025-11-19T13:18:25
emp_000560,acct_000812,2025-05-12T09:15:06
emp_000365,acct_012865,2025-02-19T14:07:23
emp_000143,acct_001043,2025-12-25T09:45:40
emp_000035,acct_016167,2025-08-01T15:42:29
emp_000512,acct_007951,2025-12-19T16:18:53
emp_000537,acct_002325,2025-10-30T17:14:28
emp_000590,acct_009222,2025-01-02T17:46:32
emp_000436,acct_001902,2025-08-26T09:10:48
emp_000417,acct_010329,2025-05-06T12:48:29
emp_000492,acct_006078,2025-04-17T09:08:25
emp_000519,acct_015933,2025-06-19T14:35:36
emp_000159,acct_005102,2025-01-23T11:56:22
emp_000235,acct_020758,2025-01-16T17:25:29
emp_000407,acct_014394,2025-10-31T18:18:14
emp_000498,acct_003955,2025-12-22T09:00:11
emp_000332,acct_004293,2025-02-16T15:22:06
emp_000051,acct_004644,2025-10-29T11:49:31
emp_000177,acct_019989,2025-10-21T09:30:53
emp_000026,acct_014843,2025-01-27T17:50:14
emp_000014,acct_003892,2025-12-29T14:23:41
emp_000125,acct_012596,2025-07-21T12:30:45
emp_000589,acct_005311,2025-03-30T12:39:46
emp_000163,acct_006695,2025-10-23T17:39:51
emp_000483,acct_002755,2025-04-26T12:05:47
emp_000270,acct_010881,2025-06-04T10:15:50
emp_000544,acct_005049,2025-09-05T15:25:35
emp_000258,acct_015747,2025-05-09T17:09:06
emp_000229,acct_021460,2025-10-13T15:30:56
emp_000470,acct_016152,2025-09-25T17:14:24
emp_000229,acct_012005,2025-02-10T16:14:40
emp_000270,acct_014717,2025-03-21T10:06:14
emp_000157,acct_018507,2025-04-18T15:27:17
emp_000026,acct_020687,2025-10-13T13:25:03
emp_000584,acct_017609,2025-09-29T18:20:19
emp_000343,acct_006667,2025-05-19T11:54:16
emp_000008,acct_015907,2025-08-12T12:26:40
emp_000509,acct_003749,2025-04-10T09:38:05
emp_000466,acct_014352,2025-01-27T11:17:01
emp_000498,acct_012248,2025-03-25T14:21:45
emp_000505,acct_017233,2025-08-11T13:55:40
emp_000198,acct_002257,2025-12-13T18:29:20
emp_000433,acct_021084,2025-10-06T17:52:25
emp_000011,acct_017792,2025-07-28T13:05:59
emp_000383,acct_003695,2025-10-27T10:15:27
emp_000208,acct_014011,2025-03-26T18:01:00
emp_000454,acct_018838,2025-04-18T10:54:54
emp_000143,acct_013522,2025-05-16T17:45:29
emp_000156,acct_019426,2025-12-22T18:21:36
emp_000045,acct_012255,2025-07-07T10:47:38
emp_000534,acct_014027,2025-02-03T10:19:16
emp_000500,acct_017100,2025-11-15T10:30:12
emp_000198,acct_014062,2025-11-04T16:48:56
emp_000299,acct_004610,2025-05-26T13:49:23
emp_000454,acct_011571,2025-01-28T10:03:28
emp_000198,acct_007611,2025-12-15T18:48:46
emp_000159,acct_019595,2025-04-08T12:39:33
emp_000460,acct_012623,2025-07-09T13:44:10
emp_000163,acct_010954,2025-07-13T14:47:10
emp_000043,acct_000454,2025-10-20T15:58:12
emp_000503,acct_018521,2025-10-14T14:59:02
emp_000537,acct_013697,2025-07-29T18:45:47
emp_000189,acct_008727,2025-09-10T16:42:23
emp_000342,acct_007193,2025-10-28T12:06:16
emp_000436,acct_011150,2025-06-26T10:24:44
emp_000060,acct_021992,2025-02-21T09:09:39
emp_000548,acct_013163,2025-08-28T10:16:47
emp_000481,acct_016120,2025-06-04T12:36:16
emp_000263,acct_004376,2025-06-09T16:50:14
emp_000284,acct_017253,2025-11-11T12:10:08
emp_000514,acct_000294,2025-08-11T09:58:29
emp_000251,acct_000760,2025-12-29T09:15:25
emp_000080,acct_003500,2025-11-04T10:10:19
emp_000359,acct_001006,2025-08-25T15:06:45
emp_000464,acct_008880,2025-10-29T10:26:02
emp_000225,acct_014908,2025-02-11T17:16:02
emp_000553,acct_015743,2025-03-26T17:30:46
emp_000209,acct_014702,2025-04-28T18:02:50
emp_000263,acct_008570,2025-08-11T12:41:29
emp_000013,acct_012210,2025-04-28T18:28:49
emp_000502,acct_019393,2025-04-28T11:55:03
emp_000375,acct_003546,2025-09-15T12:10:09
emp_000096,acct_000602,2025-12-22T13:44:14
emp_000028,acct_011169,2025-04-27T12:49:47
emp_000050,acct_018847,2025-09-16T17:55:39
emp_000082,acct_000536,2025-04-24T10:33:30
emp_000206,acct_011438,2025-05-21T09:22:49
emp_000232,acct_011877,2025-03-20T13:17:35
emp_000156,acct_003721,2025-08-26T13:53:14
emp_000595,acct_006490,2025-06-09T15:05:15
emp_000359,acct_004801,2025-06-02T13:04:54
emp_000406,acct_005125,2025-11-11T14:34:57
emp_000023,acct_020458,2025-08-11T16:10:21
emp_000204,acct_000553,2025-02-05T18:34:13
emp_000598,acct_003105,2025-05-13T09:54:13
emp_000342,acct_019728,2025-09-08T18:18:21
emp_000211,acct_013975,2025-02-21T10:58:53
emp_000008,acct_001383,2025-02-19T16:03:53
emp_000590,acct_001981,2025-06-10T11:20:22
emp_000051,acct_004451,2025-11-11T14:10:52
emp_000188,acct_018051,2025-08-27T14:03:32
emp_000376,acct_012696,2025-03-28T17:16:27
emp_000428,acct_010869,2025-03-03T10:04:35
emp_000117,acct_007827,2025-12-04T12:09:24
emp_000337,acct_018973,2025-06-09T18:19:03
emp_000314,acct_021719,2025-01-23T18:16:53
emp_000495,acct_005387,2025-06-06T11:49:33
emp_000071,acct_001208,2025-02-19T12:05:42
emp_000091,acct_014950,2025-08-13T13:44:51
emp_000270,acct_019082,2025-12-29T18:07:30
emp_000259,acct_019634,2025-08-08T17:30:29
emp_000416,acct_011334,2025-01-15T18:02:25
emp_000345,acct_018380,2025-05-26T10:35:20
emp_000407,acct_013869,2025-10-17T09:21:14
emp_000003,acct_019040,2025-05-06T11:55:26
emp_000169,acct_004072,2025-12-23T17:42:49
emp_000008,acct_014052,2025-10-20T17:22:19
emp_000004,acct_004712,2025-05-06T13:41:59
emp_000047,acct_005557,2025-05-20T13:18:54
emp_000557,acct_013247,2025-03-31T14:23:35
emp_000342,acct_016951,2025-02-03T10:52:27
emp_000270,acct_010194,2025-05-19T17:31:47
emp_000543,acct_002269,2025-01-27T09:51:02
emp_000245,acct_000127,2025-01-17T16:48:35
emp_000512,acct_003602,2025-05-22T14:10:20
emp_000112,acct_000450,2025-08-20T11:28:07
emp_000082,acct_020569,2025-08-12T09:51:03
emp_000482,acct_020999,2025-07-02T16:42:29
emp_000481,acct_016821,2025-05-02T13:27:33
emp_000219,acct_001661,2025-12-01T09:17:18
emp_000382,acct_003829,2025-04-24T09:49:37
emp_000553,acct_005869,2025-02-18T12:49:29
emp_000161,acct_014950,2025-10-28T13:51:18
emp_000127,acct_019995,2025-02-24T14:09:20
emp_000545,acct_009244,2025-12-10T16:39:51
emp_000096,acct_007906,2025-09-29T10:53:33
emp_000259,acct_001005,2025-03-14T16:27:49
emp_000189,acct_004985,2025-04-02T12:28:05
emp_000518,acct_007971,2025-08-12T11:33:17
emp_000514,acct_005277,2025-02-17T10:07:58
emp_000137,acct_016502,2025-12-30T14:35:03
emp_000071,acct_000496,2025-11-24T17:42:34
emp_000342,acct_013538,2025-08-11T17:46:46
emp_000307,acct_013642,2025-07-09T12:00:32
emp_000474,acct_007773,2025-05-19T15:47:57
emp_000127,acct_018178,2025-12-08T14:50:40
emp_000257,acct_014661,2025-10-03T13:20:32
emp_000091,acct_012409,2025-08-10T16:58:02
emp_000085,acct_002693,2025-06-09T16:12:23
emp_000082,acct_001915,2025-11-07T12:21:10
emp_000350,acct_008849,2025-11-12T10:48:33
emp_000514,acct_004722,2025-01-30T16:20:02
emp_000426,acct_018614,2025-07-14T17:49:11
emp_000011,acct_015768,2025-01-20T16:39:32
emp_000581,acct_019170,2025-08-11T17:19:55
emp_000046,acct_004773,2025-05-15T11:29:59
emp_000150,acct_006069,2025-10-03T15:45:33
emp_000167,acct_009325,2025-11-26T14:50:57
emp_000079,acct_011933,2025-04-09T17:25:41
emp_000067,acct_018139,2025-09-08T09:43:48
emp_000251,acct_007281,2025-10-01T17:59:33
emp_000567,acct_000823,2025-07-10T16:11:45
emp_000540,acct_006287,2025-06-30T13:10:41
emp_000314,acct_017357,2025-04-18T15:03:08
emp_000492,acct_014355,2025-02-15T12:15:05
emp_000052,acct_009197,2025-12-15T10:29:32
emp_000387,acct_011482,2025-12-23T17:53:44
emp_000159,acct_013703,2025-07-07T16:10:10
emp_000595,acct_012740,2025-05-08T09:11:34
emp_000495,acct_013313,2025-07-18T12:56:23
emp_000407,acct_015476,2025-03-17T12:06:04
emp_000494,acct_018346,2025-03-26T12:03:41
emp_000359,acct_015540,2025-12-08T09:30:28
emp_000028,acct_013156,2025-09-22T09:31:29
emp_000125,acct_003174,2025-01-23T15:29:43
emp_000548,acct_015112,2025-05-19T16:39:16
emp_000367,acct_004579,2025-06-25T17:16:53
emp_000402,acct_020109,2025-05-26T17:24:34
emp_000423,acct_017836,2025-10-10T16:35:19
emp_000517,acct_002986,2025-03-09T11:17:33
emp_000225,acct_002818,2025-04-02T09:01:42
emp_000507,acct_011225,2025-11-03T12:05:23
emp_000512,acct_016614,2025-09-22T10:50:16
emp_000258,acct_000423,2025-02-19T09:53:34
emp_000247,acct_015548,2025-04-14T16:19:35
emp_000050,acct_007292,2025-06-18T16:26:25
emp_000026,acct_004889,2025-05-01T17:06:40
emp_000327,acct_004935,2025-06-06T13:46:48
emp_000396,acct_010326,2025-09-16T17:14:15
emp_000264,acct_019997,2025-09-22T13:41:03
emp_000420,acct_005297,2025-02-03T17:32:00
emp_000367,acct_006108,2025-06-12T12:15:16
emp_000514,acct_002170,2025-02-24T15:09:22
emp_000307,acct_010882,2025-02-07T11:35:15
emp_000491,acct_001704,2025-06-02T14:18:19
emp_000314,acct_012735,2025-11-05T09:16:17
emp_000069,acct_002166,2025-04-09T18:17:38
emp_000509,acct_009255,2025-08-21T13:19:07
emp_000540,acct_019840,2025-05-19T11:07:10
emp_000557,acct_011080,2025-12-03T17:51:47
emp_000155,acct_011715,2025-03-20T14:50:32
emp_000595,acct_014652,2025-09-18T11:02:29
emp_000117,acct_009524,2025-07-07T18:32:23
emp_000410,acct_013556,2025-09-08T09:08:07
emp_000282,acct_008072,2025-01-14T14:55:01
emp_000250,acct_020367,2025-02-19T18:40:03
emp_000235,acct_020281,2025-08-25T14:16:48
emp_000358,acct_008678,2025-04-08T12:50:33
emp_000356,acct_010897,2025-02-24T16:01:34
emp_000247,acct_011765,2025-10-20T16:48:04
emp_000494,acct_007972,2025-02-05T15:50:28
emp_000512,acct_017135,2025-07-04T18:11:10
emp_000500,acct_009660,2025-01-20T11:41:39
emp_000584,acct_003982,2025-07-24T13:40:03
emp_000105,acct_015540,2025-05-01T11:09:03
emp_000010,acct_008066,2025-06-03T16:24:22
emp_000463,acct_004417,2025-10-13T09:31:36
emp_000105,acct_002655,2025-02-10T15:50:49
emp_000305,acct_012573,2025-12-11T11:30:32
emp_000299,acct_016593,2025-10-23T10:38:23
emp_000235,acct_011196,2025-07-04T14:05:59
emp_000402,acct_000664,2025-11-10T15:08:04
emp_000345,acct_020878,2025-05-29T16:17:14
emp_000189,acct_005227,2025-12-01T10:37:25
emp_000495,acct_012242,2025-10-01T16:22:15
emp_000070,acct_006624,2025-05-05T09:39:39
emp_000235,acct_012537,2025-09-10T15:33:29
emp_000014,acct_009398,2025-03-17T16:16:23
emp_000231,acct_011131,2025-01-15T15:42:46
emp_000502,acct_008486,2025-10-13T12:07:05
emp_000131,acct_012712,2025-07-24T09:09:57
emp_000229,acct_017358,2025-12-20T16:58:42
emp_000276,acct_001632,2025-06-17T12:12:24
emp_000402,acct_006041,2025-09-17T18:02:49
emp_000414,acct_021463,2025-11-10T16:48:29
emp_000253,acct_016935,2025-03-24T18:56:47
emp_000575,acct_005857,2025-04-22T17:13:18
emp_000150,acct_008394,2025-03-29T15:00:05
emp_000416,acct_011486,2025-07-21T13:17:39
emp_000586,acct_015272,2025-04-14T15:29:19
emp_000517,acct_012248,2025-04-25T12:25:48
emp_000406,acct_005340,2025-06-02T09:12:25
emp_000420,acct_016623,2025-09-08T12:54:25
emp_000431,acct_019408,2025-02-07T12:11:59
emp_000512,acct_002636,2025-11-27T18:23:31
emp_000332,acct_001887,2025-05-12T09:00:50
emp_000436,acct_020608,2025-08-25T17:21:28
emp_000345,acct_006213,2025-07-04T12:11:04
emp_000407,acct_010593,2025-03-03T12:44:16
emp_000053,acct_009205,2025-05-23T15:21:23
emp_000395,acct_018677,2025-05-20T16:11:20
emp_000193,acct_007446,2025-05-12T15:18:27
emp_000193,acct_013899,2025-11-21T09:41:48
emp_000027,acct_006319,2025-01-27T11:10:42
emp_000220,acct_021006,2025-01-29T16:36:12
emp_000219,acct_007381,2025-06-09T13:58:47
emp_000586,acct_014404,2025-10-01T16:56:46
emp_000410,acct_003648,2025-05-10T16:53:25
emp_000340,acct_018494,2025-06-17T14:41:19
emp_000306,acct_001825,2025-07-21T12:51:02
emp_000543,acct_020420,2025-10-31T11:41:16
emp_000592,acct_020964,2025-04-25T13:22:27
emp_000067,acct_004460,2025-10-10T09:36:15
emp_000483,acct_004657,2025-02-24T09:18:00
emp_000378,acct_006445,2025-05-06T17:47:20
emp_000537,acct_011800,2025-03-19T12:35:49
emp_000592,acct_012303,2025-01-18T17:05:30
emp_000503,acct_019192,2025-08-04T10:04:01
emp_000220,acct_001368,2025-11-25T14:11:23
emp_000091,acct_008943,2025-11-07T09:39:46
emp_000325,acct_002850,2025-12-30T10:05:09
emp_000584,acct_008064,2025-10-20T09:00:18
emp_000070,acct_011234,2025-05-14T13:01:47
emp_000503,acct_004367,2025-10-26T10:00:04
emp_000080,acct_011129,2025-02-14T09:03:08
emp_000206,acct_010707,2025-07-14T09:38:19
emp_000052,acct_021746,2025-03-31T13:02:05
emp_000150,acct_004267,2025-10-15T10:53:35
emp_000307,acct_011134,2025-02-10T10:47:48
emp_000161,acct_017696,2025-09-22T16:09:57
emp_000163,acct_002412,2025-01-22T15:47:27
emp_000177,acct_018875,2025-05-09T09:35:07
emp_000120,acct_005271,2025-11-17T17:03:17
emp_000356,acct_010695,2025-02-07T17:58:05
emp_000529,acct_012207,2025-10-22T15:49:31
emp_000132,acct_017279,2025-06-20T10:32:43
emp_000505,acct_020781,2025-08-22T14:04:07
emp_000192,acct_006666,2025-11-17T17:25:40
emp_000345,acct_009166,2025-08-18T11:39:06
emp_000548,acct_003811,2025-03-18T13:55:07
emp_000584,acct_016581,2025-10-21T15:21:32
emp_000557,acct_020772,2025-04-29T10:59:50
emp_000567,acct_015771,2025-06-24T14:25:00
emp_000386,acct_017553,2025-07-09T15:56:50
emp_000275,acct_015860,2025-09-01T14:37:14
emp_000590,acct_014882,2025-11-24T12:08:23
emp_000462,acct_010321,2025-10-02T10:15:24
emp_000189,acct_011622,2025-07-22T17:49:44
emp_000225,acct_013295,2025-06-09T15:01:14
emp_000114,acct_020455,2025-10-22T11:22:44
emp_000481,acct_014236,2025-10-27T10:58:42
emp_000519,acct_010018,2025-03-16T14:40:36
emp_000014,acct_004498,2025-02-28T17:31:17
emp_000090,acct_002174,2025-09-22T18:19:22
emp_000042,acct_008230,2025-01-15T11:55:50
emp_000567,acct_017640,2025-04-10T12:16:15
emp_000156,acct_000641,2025-02-03T14:04:51
emp_000105,acct_018919,2025-08-11T15:57:26
emp_000428,acct_003772,2025-08-18T18:09:51
emp_000383,acct_002023,2025-05-15T18:15:41
emp_000259,acct_003676,2025-07-02T17:23:54
emp_000076,acct_000962,2025-09-12T18:30:13
emp_000184,acct_017660,2025-02-26T11:21:37
emp_000020,acct_007825,2025-05-26T16:29:39
emp_000060,acct_004643,2025-02-25T15:53:05
emp_000369,acct_001908,2025-03-03T16:03:02
emp_000431,acct_003515,2025-02-03T18:11:11
emp_000334,acct_017547,2025-10-14T09:51:19
emp_000076,acct_000568,2025-08-06T10:30:47
emp_000238,acct_003389,2025-11-18T12:39:45
emp_000340,acct_001423,2025-07-08T17:44:59
emp_000519,acct_010723,2025-07-31T17:28:47
emp_000599,acct_007626,2025-07-21T13:31:16
emp_000238,acct_013231,2025-02-19T10:12:00
emp_000498,acct_017629,2025-11-13T12:11:22
emp_000500,acct_005818,2025-03-17T17:03:44
emp_000358,acct_011848,2026-01-01T12:04:19
emp_000085,acct_020261,2025-10-09T15:48:00
emp_000245,acct_014694,2025-01-09T15:01:57
emp_000306,acct_018548,2025-07-14T16:19:43
emp_000192,acct_006577,2025-09-26T14:11:15
emp_000540,acct_017262,2025-12-09T10:52:57
emp_000010,acct_009711,2025-05-29T13:24:03
emp_000362,acct_010920,2025-06-18T16:04:38
emp_000340,acct_016130,2025-11-26T11:57:24
emp_000375,acct_014861,2025-06-04T18:20:10
emp_000455,acct_011544,2025-10-27T13:02:35
emp_000279,acct_011976,2025-04-28T13:29:43
emp_000393,acct_006343,2025-04-22T13:26:41
emp_000149,acct_018885,2025-07-26T16:40:23
emp_000236,acct_020116,2025-08-25T18:14:16
emp_000047,acct_019352,2025-07-23T11:35:28
emp_000270,acct_013657,2025-06-23T09:10:41
emp_000013,acct_015346,2025-03-21T12:45:21
emp_000407,acct_006171,2025-03-17T15:20:39
emp_000042,acct_018204,2025-01-10T13:33:24
emp_000294,acct_008535,2025-05-21T18:51:50
emp_000464,acct_011164,2025-12-10T18:25:48
emp_000350,acct_013577,2025-08-25T10:23:10
emp_000060,acct_009958,2025-08-27T12:26:32
emp_000306,acct_013849,2025-12-01T16:30:17
emp_000544,acct_015942,2025-11-14T11:07:21
emp_000433,acct_015183,2025-12-11T16:20:02
emp_000043,acct_000730,2025-08-08T14:55:18
emp_000010,acct_015370,2025-08-19T15:22:16
emp_000581,acct_019997,2025-10-01T10:03:14
emp_000426,acct_017192,2025-05-13T15:41:22
emp_000276,acct_016528,2025-07-21T18:57:47
emp_000544,acct_015435,2025-12-19T12:53:05
emp_000548,acct_006127,2025-10-29T13:23:35
emp_000166,acct_014547,2025-12-02T14:48:39
emp_000382,acct_000104,2025-01-28T14:06:34
emp_000325,acct_016943,2025-03-31T15:29:27
emp_000027,acct_002157,2025-06-10T16:00:27
emp_000282,acct_006693,2025-11-27T13:28:49
emp_000415,acct_007917,2025-07-28T14:38:35
emp_000463,acct_018265,2025-06-26T09:17:06
emp_000299,acct_009021,2025-07-09T18:20:14
emp_000238,acct_017563,2025-12-22T12:04:14
emp_000250,acct_004493,2025-03-10T13:45:51
emp_000460,acct_007902,2025-04-08T14:27:52
emp_000376,acct_013216,2025-03-13T14:49:08
emp_000545,acct_010751,2025-08-08T15:30:03
emp_000159,acct_008440,2025-10-10T10:40:02
emp_000544,acct_016714,2025-12-12T16:28:39
emp_000406,acct_014121,2025-09-02T15:36:37
emp_000042,acct_003158,2025-06-09T14:57:59
emp_000149,acct_015102,2025-01-21T16:58:52
emp_000082,acct_010145,2025-08-01T11:24:49
emp_000140,acct_006576,2025-06-23T09:52:26
emp_000156,acct_019666,2025-01-13T18:44:11
emp_000156,acct_000359,2025-08-15T14:57:04
emp_000238,acct_022004,2025-12-13T09:50:01
emp_000598,acct_016853,2025-07-09T11:02:07
emp_000247,acct_010589,2025-08-27T16:59:44
emp_000275,acct_021932,2025-12-09T10:15:42
emp_000150,acct_021356,2025-08-05T14:56:21
emp_000024,acct_011951,2025-03-24T13:03:29
emp_000575,acct_012922,2025-12-04T14:20:53
emp_000544,acct_017224,2025-10-07T09:26:02
emp_000375,acct_002027,2025-01-10T16:15:10
emp_000492,acct_002756,2025-04-21T14:59:01
emp_000263,acct_017428,2025-10-27T09:11:19
emp_000206,acct_019041,2025-10-01T13:56:25
emp_000416,acct_015581,2025-12-16T09:34:00
emp_000026,acct_009795,2025-11-26T09:51:58
emp_000428,acct_000003,2025-01-02T18:06:59
emp_000492,acct_010577,2025-07-08T18:02:42
emp_000146,acct_005036,2025-02-20T15:03:28
emp_000511,acct_005169,2025-03-21T13:03:29
emp_000004,acct_002173,2025-07-28T09:03:32
emp_000396,acct_000697,2025-04-24T09:30:01
emp_000004,acct_013430,2025-09-15T15:49:55
emp_000550,acct_001652,2025-03-31T16:26:21
emp_000253,acct_013338,2025-10-30T15:04:04
emp_000035,acct_007192,2025-04-09T12:26:57
emp_000247,acct_006256,2025-12-23T13:11:31
emp_000428,acct_004405,2025-02-06T15:16:39
emp_000553,acct_006393,2025-10-21T16:19:33
emp_000420,acct_005407,2025-09-28T17:10:56
emp_000047,acct_014382,2025-04-07T11:58:50
emp_000420,acct_004338,2025-10-20T10:16:18
emp_000494,acct_019621,2025-03-03T13:46:50
emp_000348,acct_005882,2025-12-08T10:50:59
emp_000089,acct_012646,2025-10-06T15:39:17
emp_000284,acct_014887,2025-02-10T18:51:25
emp_000028,acct_003930,2025-07-31T15:27:08
emp_000008,acct_002619,2025-03-10T18:36:18
emp_000550,acct_006352,2025-03-17T18:23:48
emp_000257,acct_011361,2025-05-02T09:45:34
emp_000137,acct_002252,2025-12-11T11:28:17
emp_000101,acct_003250,2025-05-28T17:29:04
emp_000238,acct_005683,2025-10-17T18:26:29
emp_000120,acct_015982,2025-04-11T14:33:47
emp_000236,acct_018182,2025-03-28T18:45:28
emp_000204,acct_017083,2025-03-27T11:49:59
emp_000192,acct_016687,2025-07-29T17:33:32
emp_000354,acct_009367,2025-11-17T16:39:01
emp_000091,acct_007894,2025-12-06T17:11:41
emp_000146,acct_018321,2025-12-03T12:21:50
emp_000220,acct_016064,2025-04-28T09:31:20
emp_000362,acct_017822,2025-06-30T14:53:53
emp_000474,acct_015820,2025-06-06T17:38:11
emp_000231,acct_017596,2025-03-10T16:42:50
emp_000117,acct_008418,2025-05-26T10:37:07
emp_000089,acct_014842,2025-07-24T09:11:40
emp_000096,acct_018613,2025-05-19T15:01:32
emp_000059,acct_006940,2025-11-24T13:18:21
emp_000537,acct_004361,2025-12-08T17:26:15
emp_000312,acct_001901,2025-12-12T10:54:01
emp_000407,acct_019443,2025-09-15T10:12:43
emp_000096,acct_003883,2025-03-12T10:09:12
emp_000264,acct_003439,2025-09-22T10:07:28
emp_000562,acct_021995,2025-01-06T09:53:03
emp_000507,acct_011399,2025-11-14T11:35:27
emp_000140,acct_007317,2025-06-06T16:40:38
emp_000348,acct_003161,2025-08-01T11:12:47
emp_000132,acct_014564,2025-04-27T11:50:34
emp_000567,acct_018684,2025-07-25T18:39:11
emp_000332,acct_019948,2025-04-09T14:20:38
emp_000510,acct_020682,2025-10-01T13:00:46
emp_000407,acct_016787,2025-09-08T16:02:07
emp_000590,acct_014258,2025-09-15T10:11:09
emp_000091,acct_017774,2025-04-14T16:06:35
emp_000575,acct_014525,2025-07-28T16:00:57
emp_000155,acct_000813,2025-02-10T17:50:33
emp_000433,acct_021180,2025-06-28T09:02:56
emp_000567,acct_005455,2025-06-25T18:48:12
emp_000068,acct_017171,2025-06-20T09:09:34
emp_000117,acct_004414,2025-03-05T17:08:16
emp_000345,acct_016674,2025-07-09T10:27:46
emp_000340,acct_011748,2025-11-05T09:36:09
emp_000131,acct_013709,2025-10-20T10:15:05
emp_000004,acct_006186,2025-06-05T16:12:30
emp_000543,acct_005294,2025-09-01T14:57:04
emp_000466,acct_020904,2025-01-29T13:57:38
emp_000101,acct_020256,2025-08-28T12:23:27
emp_000014,acct_000847,2025-04-28T14:36:26
emp_000531,acct_008808,2025-05-02T17:26:07
emp_000068,acct_014272,2025-05-21T12:47:37
emp_000431,acct_021210,2025-08-05T11:13:55
emp_000510,acct_010182,2025-03-10T17:13:54
emp_000208,acct_016377,2025-05-14T17:05:33
emp_000206,acct_005348,2025-08-12T11:55:41
emp_000379,acct_016321,2025-02-17T16:50:04
emp_000498,acct_001734,2025-08-18T18:35:10
emp_000474,acct_009632,2025-09-08T14:29:35
emp_000378,acct_019671,2025-05-19T14:42:36
emp_000325,acct_006159,2025-10-01T15:57:51
emp_000348,acct_010657,2025-06-10T10:42:46
emp_000491,acct_004337,2025-09-11T12:36:30
emp_000163,acct_007818,2025-12-25T11:15:42
emp_000023,acct_010934,2025-06-24T09:43:47
emp_000410,acct_021508,2025-11-25T09:27:43
emp_000494,acct_011347,2025-02-19T13:58:18
emp_000460,acct_010615,2025-07-10T13:08:11
emp_000387,acct_011630,2025-06-16T12:23:36
emp_000567,acct_016029,2025-11-26T10:57:49
emp_000188,acct_006963,2025-11-02T11:44:04
emp_000332,acct_001049,2025-09-05T18:57:25
emp_000369,acct_021984,2025-09-01T17:41:46
emp_000299,acct_015763,2025-05-01T12:13:56
emp_000358,acct_017825,2025-04-24T14:12:57
emp_000505,acct_008151,2025-06-02T15:24:13
emp_000069,acct_015076,2025-07-18T12:47:29
emp_000044,acct_020667,2025-07-07T11:35:47
emp_000014,acct_010704,2025-11-03T13:22:30
emp_000534,acct_016772,2025-09-27T17:29:08
emp_000348,acct_009863,2025-07-30T17:09:10
emp_000537,acct_011600,2025-06-05T11:30:38
emp_000437,acct_000726,2025-09-29T14:59:27
emp_000560,acct_001169,2025-11-03T13:54:54
emp_000345,acct_016256,2025-10-27T09:40:21
emp_000135,acct_000823,2025-07-14T15:30:06
emp_000299,acct_008237,2025-08-21T17:59:55
emp_000343,acct_000346,2025-07-25T17:44:05
emp_000045,acct_017005,2025-08-22T16:38:35
emp_000510,acct_018667,2025-02-05T17:24:21
emp_000511,acct_000883,2025-07-30T18:31:00
emp_000017,acct_005840,2025-01-06T12:14:49
emp_000481,acct_015716,2025-07-21T15:35:38
emp_000460,acct_015899,2025-03-24T12:48:27
emp_000126,acct_006555,2025-06-02T12:19:21
emp_000120,acct_013924,2025-02-10T12:03:33
emp_000348,acct_004095,2025-05-12T11:45:51
emp_000042,acct_010580,2025-04-16T13:32:03
emp_000079,acct_019187,2025-04-24T17:36:45
emp_000345,acct_008868,2025-05-17T12:54:21
emp_000051,acct_010646,2026-01-01T14:43:39
emp_000379,acct_017261,2025-07-20T15:31:22
emp_000553,acct_015749,2025-01-14T18:33:04
emp_000170,acct_012813,2025-04-11T14:32:46
emp_000279,acct_007631,2025-02-12T17:54:36
emp_000149,acct_009556,2025-01-07T16:11:22
emp_000369,acct_008694,2025-06-16T13:13:29
emp_000415,acct_017083,2025-12-21T13:56:45
emp_000589,acct_021620,2025-09-26T11:51:36
emp_000306,acct_003044,2025-11-25T17:19:00
emp_000319,acct_021191,2025-11-27T16:15:23
emp_000079,acct_003790,2025-10-02T11:37:53
emp_000057,acct_020980,2025-02-06T10:41:34
emp_000257,acct_002470,2025-12-22T09:08:47
emp_000157,acct_006417,2025-01-16T16:33:37
emp_000069,acct_002563,2025-12-25T10:49:25
emp_000502,acct_017236,2025-03-17T11:40:33
emp_000258,acct_018791,2025-09-15T16:53:24
emp_000467,acct_017207,2025-06-04T16:56:34
emp_000395,acct_015435,2025-03-07T15:30:21
emp_000498,acct_008773,2025-11-26T10:03:56
emp_000562,acct_007031,2025-09-05T14:19:06
emp_000426,acct_018558,2025-05-02T09:02:25
emp_000004,acct_016251,2025-11-04T12:52:27
emp_000461,acct_019363,2025-11-14T15:48:22
emp_000518,acct_014435,2025-12-15T15:52:09
emp_000407,acct_021377,2025-05-21T16:48:35
emp_000189,acct_008662,2025-09-24T15:43:40
emp_000101,acct_015297,2025-08-21T18:04:06
emp_000114,acct_003584,2025-10-13T16:07:25
emp_000470,acct_016682,2025-04-08T15:00:20
emp_000259,acct_005376,2025-11-17T18:16:56
emp_000157,acct_001449,2025-05-15T16:56:48
emp_000314,acct_006711,2025-06-16T12:33:14
emp_000085,acct_000153,2025-08-19T14:44:16
emp_000481,acct_001616,2025-03-03T12:39:59
emp_000225,acct_006531,2025-01-10T10:39:11
emp_000159,acct_010413,2025-11-27T13:16:48
emp_000279,acct_008343,2025-02-06T15:10:38
emp_000463,acct_003088,2025-08-18T18:24:01
emp_000423,acct_007698,2025-02-21T17:02:23
emp_000076,acct_003692,2025-11-19T13:53:00
emp_000208,acct_015452,2025-04-10T11:56:05
emp_000059,acct_003447,2025-03-03T12:49:18
emp_000382,acct_003458,2025-04-28T11:43:53
emp_000514,acct_007576,2025-11-24T13:39:44
emp_000257,acct_006662,2025-03-17T15:12:04
emp_000127,acct_006445,2025-11-10T17:09:24
emp_000186,acct_000523,2025-07-16T17:22:37
emp_000067,acct_017911,2025-03-10T12:52:50
emp_000277,acct_020462,2025-03-10T11:49:30
emp_000208,acct_021442,2025-11-17T18:22:27
emp_000235,acct_008697,2025-05-12T10:12:31
emp_000003,acct_001895,2025-02-03T11:55:24
emp_000567,acct_018156,2025-12-16T18:28:04
emp_000306,acct_015843,2025-06-30T14:57:15
emp_000402,acct_021165,2025-04-14T14:14:50
emp_000291,acct_004223,2025-07-03T18:56:34
emp_000004,acct_015642,2025-06-05T17:58:13
emp_000263,acct_018341,2025-02-11T18:44:56
emp_000245,acct_005117,2025-06-02T18:24:40
emp_000592,acct_009315,2025-07-07T15:14:27
emp_000562,acct_010763,2025-10-29T14:38:12
emp_000198,acct_001540,2025-10-06T15:09:29
emp_000500,acct_002815,2025-07-14T10:26:59
emp_000586,acct_006942,2025-11-21T17:49:50
emp_000193,acct_016645,2025-02-12T18:54:10
emp_000369,acct_019296,2025-11-24T18:20:07
emp_000307,acct_002258,2025-10-06T16:20:09
emp_000386,acct_016861,2025-12-11T17:31:19
emp_000557,acct_012922,2025-01-07T11:25:18
emp_000500,acct_020039,2025-10-19T12:05:22
emp_000035,acct_015239,2025-05-04T12:21:34
emp_000052,acct_008338,2025-05-08T16:27:17
emp_000590,acct_015555,2025-05-26T16:11:21
emp_000431,acct_007994,2025-09-22T17:12:12
emp_000250,acct_016526,2025-02-03T17:58:07
emp_000011,acct_019471,2025-01-20T15:22:31
emp_000026,acct_001454,2025-03-18T12:48:56
emp_000003,acct_003165,2025-03-31T10:35:52
emp_000211,acct_013225,2025-06-10T12:31:36
emp_000149,acct_019821,2025-06-28T13:56:10
emp_000017,acct_020518,2025-03-03T18:00:10
emp_000544,acct_020604,2025-02-24T14:17:27
emp_000057,acct_012566,2025-05-20T10:58:31
emp_000026,acct_014478,2025-11-10T11:37:46
emp_000209,acct_009996,2025-11-05T11:16:52
emp_000053,acct_004352,2025-12-29T14:47:52
emp_000161,acct_015455,2025-07-21T18:33:23
emp_000132,acct_005097,2025-01-15T11:10:25
emp_000314,acct_014093,2025-08-18T14:10:25
emp_000161,acct_004752,2025-11-27T15:07:40
emp_000232,acct_015336,2025-10-26T15:38:47
emp_000531,acct_018671,2025-10-28T09:03:14
emp_000290,acct_000268,2025-10-13T13:18:38
emp_000298,acct_018657,2025-12-19T13:09:46
emp_000362,acct_012038,2025-12-25T17:59:36
emp_000258,acct_012940,2025-02-28T16:39:51
emp_000386,acct_004467,2025-02-10T09:10:31
emp_000070,acct_010711,2025-01-13T16:08:37
emp_000522,acct_018435,2025-03-12T14:10:01
emp_000264,acct_015842,2025-07-28T09:38:32
emp_000096,acct_013663,2025-02-21T13:04:41
emp_000531,acct_017435,2025-05-08T12:46:10
emp_000340,acct_003357,2025-10-01T15:53:17
emp_000146,acct_012318,2025-01-29T16:14:31
emp_000512,acct_005228,2025-11-14T09:08:42
emp_000089,acct_000586,2025-03-10T14:15:04
emp_000383,acct_020945,2025-03-10T09:36:58
emp_000048,acct_020717,2025-01-08T14:09:14
emp_000299,acct_019025,2025-05-23T16:06:09
emp_000112,acct_003451,2025-02-26T12:07:32
emp_000177,acct_006488,2025-09-22T18:43:51
emp_000026,acct_013118,2025-12-27T16:11:49
emp_000379,acct_017501,2025-09-15T17:14:57
emp_000589,acct_011876,2025-07-01T17:25:15
emp_000126,acct_008573,2025-12-23T12:13:10
emp_000540,acct_000568,2025-10-10T10:31:06
emp_000512,acct_003200,2025-10-30T10:30:01
emp_000007,acct_007691,2025-04-16T12:18:20
emp_000072,acct_003126,2025-08-14T17:47:52
emp_000072,acct_014639,2025-10-03T09:44:29
emp_000077,acct_018889,2025-09-18T16:24:37
emp_000084,acct_000158,2025-06-13T10:13:44
emp_000084,acct_018146,2025-12-30T10:52:13
emp_000084,acct_008218,2025-09-25T11:09:57
emp_000116,acct_019850,2025-12-18T15:49:52
emp_000128,acct_013779,2025-12-03T15:39:55
emp_000129,acct_004801,2025-07-17T18:34:18
emp_000134,acct_021640,2025-12-01T13:59:24
emp_000171,acct_007663,2025-01-20T09:13:00
emp_000171,acct_008432,2025-02-26T17:01:28
emp_000187,acct_000482,2025-10-17T12:36:32
emp_000196,acct_017713,2025-07-03T11:32:16
emp_000196,acct_019606,2025-05-03T16:50:56
emp_000228,acct_013055,2025-09-28T13:54:27
emp_000228,acct_005433,2025-08-05T11:41:48
emp_000228,acct_010927,2025-10-20T17:07:21
emp_000244,acct_017162,2025-05-30T14:49:09
emp_000260,acct_007337,2025-04-01T10:43:35
emp_000260,acct_003310,2025-04-11T13:27:21
emp_000261,acct_008837,2025-01-06T14:35:00
emp_000261,acct_004254,2025-01-23T11:32:01
emp_000262,acct_010040,2025-09-24T15:03:18
emp_000262,acct_013650,2025-11-03T09:20:56
emp_000274,acct_013859,2025-11-14T09:27:02
emp_000286,acct_016544,2025-11-26T13:51:18
emp_000300,acct_018533,2025-02-17T12:55:46
emp_000301,acct_017471,2025-03-10T12:08:32
emp_000301,acct_021568,2025-03-27T12:20:04
emp_000308,acct_009961,2025-04-14T09:28:35
emp_000308,acct_018907,2025-04-07T12:34:54
emp_000308,acct_012489,2025-02-10T11:42:02
emp_000310,acct_018710,2025-04-07T18:01:58
emp_000316,acct_005229,2025-01-24T14:05:56
emp_000321,acct_007677,2025-09-05T13:49:56
emp_000321,acct_019232,2025-06-11T11:05:01
emp_000321,acct_000908,2025-05-13T11:32:27
emp_000330,acct_015967,2025-07-16T12:47:41
emp_000335,acct_007419,2025-06-30T17:01:04
emp_000335,acct_020104,2025-10-20T16:09:13
emp_000335,acct_019024,2025-02-04T13:04:51
emp_000336,acct_008599,2025-03-08T11:52:34
emp_000336,acct_011319,2025-11-17T13:05:08
emp_000336,acct_011682,2025-03-20T14:56:05
emp_000353,acct_003976,2025-07-21T13:52:03
emp_000389,acct_001182,2025-03-07T13:38:40
emp_000389,acct_011125,2025-02-18T09:16:45
emp_000391,acct_002058,2025-08-20T18:23:24
emp_000391,acct_018663,2025-04-02T18:39:52
emp_000404,acct_000410,2025-01-20T15:39:04
emp_000404,acct_016224,2025-10-26T13:17:51
emp_000445,acct_020425,2025-02-19T09:16:41
emp_000445,acct_009554,2025-04-13T12:50:52
emp_000445,acct_019141,2025-01-01T16:39:01
emp_000451,acct_010358,2025-10-03T12:30:50
emp_000451,acct_018058,2025-09-08T09:29:24
emp_000451,acct_021505,2025-09-05T15:01:43
emp_000476,acct_006040,2025-04-17T12:07:46
emp_000479,acct_018061,2025-09-01T15:49:54
emp_000479,acct_008031,2025-07-16T16:55:31
emp_000485,acct_001667,2025-04-21T13:20:31
emp_000527,acct_015042,2025-01-20T16:30:47
emp_000555,acct_012067,2025-02-21T18:10:38
emp_000555,acct_013609,2025-07-21T11:12:54
emp_000585,acct_015086,2025-05-28T17:55:42
emp_000585,acct_012291,2025-07-08T10:00:24
emp_000585,acct_021391,2025-02-13T17:04:30
emp_000591,acct_002856,2025-02-10T10:31:35
emp_000591,acct_010158,2025-07-02T10:21:44
emp_000596,acct_011580,2025-04-30T13:15:45
emp_000596,acct_009236,2025-07-24T17:53:56
emp_000005,acct_000109,2025-04-20T13:12:15
emp_000005,acct_000153,2025-03-21T11:01:22
emp_000005,acct_000102,2025-01-14T17:00:16
emp_000005,acct_000102,2025-09-01T10:47:37
emp_000005,acct_000153,2025-11-01T18:53:47
emp_000005,acct_000153,2025-04-18T09:35:04
emp_000005,acct_000109,2025-03-03T10:29:50
emp_000005,acct_000153,2025-09-30T15:12:43
emp_000005,acct_000109,2025-03-20T15:47:38
emp_000005,acct_000102,2025-12-23T17:29:37
emp_000005,acct_000109,2025-08-20T10:58:17
emp_000005,acct_000153,2025-08-18T09:41:21
emp_000005,acct_000153,2025-12-18T13:24:44
emp_000005,acct_000153,2025-06-09T17:00:07
emp_000005,acct_000102,2025-09-10T10:19:00
emp_000005,acct_000109,2025-06-05T17:24:05
emp_000005,acct_000102,2025-10-27T10:38:20
emp_000005,acct_000153,2025-07-15T13:57:16
emp_000005,acct_000109,2025-12-02T13:07:36
emp_000005,acct_000109,2025-01-27T16:49:03
emp_000005,acct_000102,2025-01-03T15:28:27
emp_000005,acct_000102,2025-07-07T16:15:12
emp_000005,acct_000102,2025-03-14T15:11:07
emp_000005,acct_000109,2025-11-17T16:34:23
emp_000005,acct_000153,2025-11-03T11:03:05
emp_000005,acct_000102,2025-03-04T15:22:43
emp_000005,acct_000153,2025-12-08T17:21:34
emp_000005,acct_000109,2025-02-21T09:53:51
emp_000005,acct_000102,2025-08-11T13:29:08
emp_000005,acct_000102,2025-09-03T15:58:55
emp_000005,acct_000153,2025-02-17T16:18:33
emp_000005,acct_000109,2025-02-24T13:37:46
emp_000005,acct_000153,2025-08-27T13:12:54
emp_000005,acct_000153,2025-07-25T10:09:56
emp_000005,acct_000153,2025-01-27T10:41:40
emp_000005,acct_000102,2025-03-05T14:07:21
emp_000005,acct_000102,2025-09-02T11:24:58
emp_000005,acct_000153,2025-08-07T10:04:15
emp_000005,acct_000153,2025-05-21T12:54:03
emp_000005,acct_000109,2025-06-03T15:57:07
emp_000005,acct_000153,2025-07-14T18:58:33
emp_000005,acct_000153,2025-04-23T16:35:07
emp_000005,acct_000102,2025-09-16T18:48:42
emp_000005,acct_000102,2025-12-26T18:45:14
emp_000005,acct_000102,2025-07-07T11:13:24
emp_000005,acct_000102,2025-02-21T12:47:49
emp_000019,acct_000096,2025-08-07T09:44:03
emp_000019,acct_000046,2025-07-02T14:51:50
emp_000019,acct_000005,2025-10-08T09:42:16
emp_000019,acct_000096,2025-10-27T16:08:02
emp_000019,acct_000005,2025-07-10T16:07:06
emp_000019,acct_000096,2025-03-13T17:18:46
emp_000019,acct_000005,2025-09-22T10:14:26
emp_000019,acct_000046,2025-12-26T18:00:09
emp_000019,acct_000005,2025-10-03T11:03:01
emp_000019,acct_000120,2025-03-10T17:11:01
emp_000019,acct_000096,2025-03-24T14:43:45
emp_000019,acct_000042,2025-08-25T13:40:00
emp_000019,acct_000096,2025-07-21T17:41:40
emp_000019,acct_000120,2025-03-12T17:17:52
emp_000019,acct_000046,2025-04-22T10:34:02
emp_000019,acct_000120,2025-10-06T10:14:31
emp_000019,acct_000120,2025-04-07T16:12:50
emp_000019,acct_000096,2025-06-03T11:06:13
emp_000019,acct_000005,2025-10-06T12:23:28
emp_000019,acct_000120,2025-03-21T15:15:54
emp_000019,acct_000096,2025-06-19T12:56:09
emp_000019,acct_000046,2025-05-23T18:21:50
emp_000019,acct_000046,2025-09-04T14:17:00
emp_000019,acct_000042,2025-09-25T17:45:32
emp_000019,acct_000120,2025-10-24T11:36:57
emp_000019,acct_000042,2025-12-12T09:28:47
emp_000019,acct_000046,2025-03-10T13:39:17
emp_000019,acct_000120,2025-12-05T13:17:57
emp_000019,acct_000096,2025-09-01T11:02:55
emp_000019,acct_000120,2025-02-10T15:58:10
emp_000019,acct_000120,2025-08-27T17:32:55
emp_000019,acct_000042,2025-03-10T12:19:46
emp_000019,acct_000005,2025-04-11T09:00:12
emp_000019,acct_000042,2025-01-02T14:57:21
emp_000019,acct_000046,2025-10-20T11:39:54
emp_000019,acct_000005,2025-04-07T16:39:44
emp_000019,acct_000096,2025-05-19T17:00:11
emp_000019,acct_000042,2025-09-08T18:45:19
emp_000019,acct_000046,2025-03-25T18:28:30
emp_000019,acct_000046,2025-12-20T15:12:36
emp_000019,acct_000120,2025-08-16T10:57:10
emp_000019,acct_000042,2025-01-21T15:27:44
emp_000019,acct_000005,2025-11-03T11:44:41
emp_000019,acct_000120,2025-03-14T16:43:26
emp_000019,acct_000120,2025-09-10T15:37:24
emp_000019,acct_000096,2025-05-06T17:23:15
emp_000003,acct_000195,2025-09-05T12:30:31
emp_000003,acct_000195,2025-09-15T11:04:37
emp_000003,acct_000002,2025-01-20T09:47:15
emp_000003,acct_000058,2025-07-17T14:22:26
emp_000003,acct_000059,2025-08-10T16:05:52
emp_000003,acct_000002,2025-04-30T14:20:05
emp_000003,acct_000058,2025-06-15T16:13:14
emp_000003,acct_000059,2025-03-10T11:16:00
emp_000003,acct_000002,2025-06-02T17:26:17
emp_000003,acct_000058,2025-02-25T14:45:34
emp_000003,acct_000059,2025-08-05T17:44:45
emp_000003,acct_000195,2025-05-14T12:02:17
emp_000003,acct_000058,2025-06-23T15:42:03
emp_000003,acct_000195,2025-09-08T13:27:15
emp_000003,acct_000133,2025-03-31T10:46:27
emp_000003,acct_000002,2025-03-21T11:03:12
emp_000003,acct_000195,2025-02-24T17:31:35
emp_000003,acct_000058,2025-08-19T15:59:31
emp_000003,acct_000059,2025-05-09T16:59:15
emp_000003,acct_000002,2025-07-08T15:27:53
emp_000003,acct_000133,2025-06-09T15:22:27
emp_000003,acct_000058,2025-11-20T13:28:18
emp_000003,acct_000059,2025-08-21T14:59:37
emp_000003,acct_000195,2025-02-11T10:41:26
emp_000003,acct_000058,2025-01-16T10:24:16
emp_000003,acct_000059,2025-06-09T15:08:02
emp_000003,acct_000058,2025-08-13T09:55:32
emp_000003,acct_000002,2025-06-02T17:47:41
emp_000003,acct_000059,2025-03-17T12:12:34
emp_000003,acct_000195,2025-07-23T16:35:29
emp_000003,acct_000133,2025-12-01T13:33:19
emp_000003,acct_000195,2025-09-10T11:48:07
emp_000003,acct_000059,2025-05-05T16:44:15
emp_000003,acct_000002,2025-09-26T11:15:30
emp_000003,acct_000195,2025-06-18T10:50:10
emp_000003,acct_000002,2025-02-24T17:06:20
emp_000003,acct_000195,2025-10-20T11:44:23
emp_000003,acct_000133,2025-12-17T16:26:29
emp_000003,acct_000059,2025-10-25T16:04:47
emp_000003,acct_000058,2025-01-06T09:03:31
emp_000003,acct_000195,2025-10-17T11:39:00
emp_000003,acct_000195,2025-03-13T18:10:15
emp_000003,acct_000002,2025-01-24T18:29:29
emp_000003,acct_000195,2025-07-21T17:08:39
emp_000003,acct_000059,2025-01-06T12:37:44
emp_000003,acct_000133,2025-12-29T16:30:27
emp_000014,acct_000050,2025-04-16T12:55:08
emp_000014,acct_000036,2025-08-18T18:30:55
emp_000014,acct_000036,2025-01-13T12:43:28
emp_000014,acct_000036,2025-11-18T09:59:14
emp_000014,acct_000179,2025-04-14T15:53:19
emp_000014,acct_000147,2025-09-12T18:32:08
emp_000014,acct_000036,2025-02-17T14:26:29
emp_000014,acct_000179,2025-06-09T11:17:43
emp_000014,acct_000147,2025-10-20T17:41:44
emp_000014,acct_000050,2025-05-26T17:36:31
emp_000014,acct_000036,2025-07-23T18:08:41
emp_000014,acct_000036,2025-12-15T09:44:29
emp_000014,acct_000179,2025-08-25T15:02:36
emp_000014,acct_000036,2025-08-19T09:57:09
emp_000014,acct_000050,2025-04-18T12:58:27
emp_000014,acct_000147,2025-08-21T10:18:46
emp_000014,acct_000147,2025-04-01T13:17:01
emp_000014,acct_000179,2025-08-11T09:04:42
emp_000014,acct_000024,2025-06-16T10:26:07
emp_000014,acct_000036,2025-05-23T12:23:09
emp_000014,acct_000179,2025-12-30T09:17:43
emp_000014,acct_000147,2026-01-01T15:54:51
emp_000014,acct_000179,2025-07-31T13:03:05
emp_000014,acct_000036,2025-07-28T11:49:17
emp_000014,acct_000147,2025-09-05T13:25:54
emp_000014,acct_000024,2025-05-12T18:52:04
emp_000014,acct_000179,2025-12-22T10:36:18
emp_000014,acct_000050,2025-12-03T10:42:02
emp_000014,acct_000036,2025-10-21T17:21:50
emp_000014,acct_000147,2025-06-27T16:26:59
emp_000014,acct_000036,2025-03-06T18:54:35
emp_000014,acct_000036,2025-09-01T10:09:31
emp_000014,acct_000024,2025-03-26T12:25:10
emp_000014,acct_000147,2025-12-29T15:14:42
emp_000014,acct_000050,2025-01-14T13:25:34
emp_000014,acct_000050,2025-04-17T16:57:08
emp_000014,acct_000036,2025-11-03T09:26:34
emp_000014,acct_000036,2025-09-29T13:22:13
emp_000014,acct_000036,2025-08-28T11:00:37
emp_000014,acct_000036,2025-01-20T11:12:33
emp_000014,acct_000036,2025-07-09T14:17:51
emp_000014,acct_000024,2025-02-03T09:38:13
emp_000014,acct_000147,2025-09-30T12:48:29
emp_000014,acct_000050,2025-02-10T13:25:29
emp_000014,acct_000050,2025-12-17T13:39:07
emp_000014,acct_000036,2025-06-13T14:20:18
emp_000026,acct_000003,2025-05-01T18:04:13
emp_000026,acct_000146,2025-05-23T14:47:31
emp_000026,acct_000010,2025-12-25T11:53:00
emp_000026,acct_000146,2025-05-09T18:06:15
emp_000026,acct_000003,2025-03-09T16:46:42
emp_000026,acct_000193,2025-09-15T12:55:54
emp_000026,acct_000146,2025-09-03T09:24:53
emp_000026,acct_000193,2025-01-24T15:17:34
emp_000026,acct_000003,2025-04-14T16:08:23
emp_000026,acct_000010,2025-10-22T14:19:54
emp_000026,acct_000193,2025-03-25T13:18:21
emp_000026,acct_000193,2025-04-02T13:42:22
emp_000026,acct_000193,2025-09-30T16:30:02
emp_000026,acct_000146,2025-10-15T18:04:15
emp_000026,acct_000193,2025-06-23T12:09:03
emp_000026,acct_000193,2025-10-29T13:59:13
emp_000026,acct_000146,2025-09-23T10:42:14
emp_000026,acct_000146,2025-08-04T12:26:41
emp_000026,acct_000010,2025-05-21T09:22:37
emp_000026,acct_000010,2025-04-25T10:07:34
emp_000026,acct_000193,2025-09-02T17:51:16
emp_000026,acct_000146,2025-10-22T10:20:29
emp_000026,acct_000146,2025-03-25T12:10:04
emp_000026,acct_000193,2025-01-31T10:53:48
emp_000026,acct_000146,2025-07-24T16:34:07
emp_000026,acct_000146,2025-04-29T11:35:17
emp_000026,acct_000010,2025-12-19T17:11:31
emp_000026,acct_000193,2025-06-12T16:05:38
emp_000026,acct_000146,2025-02-06T16:45:08
emp_000026,acct_000010,2025-03-31T18:29:05
emp_000026,acct_000146,2025-04-17T18:30:41
emp_000026,acct_000146,2025-06-25T14:24:04
emp_000026,acct_000010,2025-12-29T10:05:11
emp_000026,acct_000193,2025-11-24T09:20:16
emp_000026,acct_000146,2025-05-05T14:36:33
emp_000026,acct_000193,2025-03-07T15:52:35
emp_000026,acct_000003,2025-06-06T12:45:15
emp_000026,acct_000146,2025-10-15T15:00:48
emp_000026,acct_000003,2025-08-18T14:06:34
emp_000026,acct_000003,2025-02-27T15:52:40
emp_000026,acct_000193,2025-07-21T18:40:55
emp_000026,acct_000010,2025-07-03T10:57:58
emp_000026,acct_000193,2025-05-26T18:24:20
emp_000026,acct_000146,2025-09-27T13:50:58
emp_000026,acct_000003,2025-10-10T10:45:37
emp_000026,acct_000003,2025-08-01T16:51:28
emp_000023,acct_000075,2025-01-27T14:03:57
emp_000023,acct_000075,2025-06-22T17:06:47
emp_000023,acct_000022,2025-05-20T18:50:31
emp_000023,acct_000075,2025-04-29T17:37:29
emp_000023,acct_000022,2025-10-03T18:47:13
emp_000023,acct_000022,2025-04-29T12:05:00
emp_000023,acct_000075,2025-02-07T13:38:26
emp_000023,acct_000022,2025-01-28T18:34:30
emp_000023,acct_000022,2025-07-14T16:10:38
emp_000023,acct_000075,2025-08-28T15:00:13
emp_000023,acct_000075,2025-10-31T14:03:38
emp_000023,acct_000075,2025-04-15T14:24:48
emp_000023,acct_000022,2025-12-16T13:16:27
emp_000023,acct_000022,2025-05-06T09:42:41
emp_000023,acct_000022,2025-07-31T15:41:01
emp_000023,acct_000075,2025-12-15T18:00:28
emp_000023,acct_000075,2025-06-10T14:49:54
emp_000023,acct_000022,2025-01-02T18:46:30
emp_000023,acct_000075,2025-04-02T13:22:04
emp_000023,acct_000075,2025-12-19T13:47:08
emp_000023,acct_000022,2025-11-24T15:45:27
emp_000023,acct_000022,2025-04-04T13:34:12
emp_000023,acct_000022,2025-08-02T16:21:35
emp_000023,acct_000022,2025-04-25T16:13:12
emp_000023,acct_000075,2025-07-14T17:43:58
emp_000023,acct_000022,2025-01-17T16:08:57
emp_000023,acct_000075,2025-05-21T17:11:22
emp_000023,acct_000022,2025-07-28T09:37:33
emp_000023,acct_000075,2025-10-14T11:27:05
emp_000023,acct_000022,2025-04-25T14:32:21
emp_000023,acct_000022,2025-09-11T18:57:57
emp_000023,acct_000075,2025-10-28T10:52:17
emp_000023,acct_000022,2025-04-11T17:46:37
emp_000023,acct_000022,2025-04-14T16:30:52
emp_000023,acct_000022,2025-09-22T10:27:42
emp_000023,acct_000075,2025-02-27T15:45:07
emp_000023,acct_000075,2025-10-24T18:53:16
emp_000023,acct_000022,2025-01-03T09:39:28
emp_000023,acct_000022,2025-10-28T15:52:12
emp_000023,acct_000022,2025-09-15T13:06:56
emp_000023,acct_000075,2025-08-11T13:38:47
emp_000023,acct_000022,2025-09-11T12:18:03
emp_000023,acct_000022,2025-09-02T09:39:12
emp_000023,acct_000075,2025-10-13T15:50:08
emp_000023,acct_000075,2025-06-02T11:41:32
emp_000023,acct_000022,2025-10-20T12:41:42
emp_000025,acct_000055,2025-05-30T13:29:25
emp_000025,acct_000132,2025-08-27T16:55:16
emp_000025,acct_000132,2025-01-09T13:09:20
emp_000025,acct_000055,2025-02-13T15:34:50
emp_000025,acct_000132,2025-02-17T13:49:52
emp_000025,acct_000132,2025-09-30T16:09:29
emp_000025,acct_000055,2025-04-28T18:58:21
emp_000025,acct_000055,2025-10-07T10:08:25
emp_000025,acct_000132,2025-07-24T13:32:43
emp_000025,acct_000055,2025-09-04T09:52:34
emp_000025,acct_000132,2025-03-03T18:04:07
emp_000025,acct_000132,2025-03-14T14:34:12
emp_000025,acct_000055,2025-01-23T17:18:14
emp_000025,acct_000132,2025-11-17T10:23:55
emp_000025,acct_000132,2025-01-20T10:57:55
emp_000025,acct_000055,2026-01-01T15:09:53
emp_000025,acct_000132,2025-07-12T09:07:22
emp_000025,acct_000132,2025-05-06T14:04:08
emp_000025,acct_000055,2025-09-04T17:54:25
emp_000025,acct_000055,2025-05-14T13:26:24
emp_000025,acct_000132,2025-04-01T17:09:38
emp_000025,acct_000055,2025-02-17T14:29:25
emp_000025,acct_000132,2025-07-18T16:47:00
emp_000025,acct_000055,2025-05-23T18:21:50
emp_000025,acct_000055,2025-01-02T09:34:42
emp_000025,acct_000132,2025-08-22T12:52:07
emp_000025,acct_000055,2025-08-07T14:26:52
emp_000025,acct_000132,2025-07-16T17:02:29
emp_000025,acct_000055,2025-09-30T12:57:47
emp_000025,acct_000055,2025-03-10T13:55:02
emp_000025,acct_000132,2025-08-20T11:08:47
emp_000025,acct_000132,2025-07-25T15:32:45
emp_000025,acct_000055,2025-05-09T11:01:19
emp_000025,acct_000132,2025-04-10T15:40:52
emp_000025,acct_000132,2025-10-13T16:34:31
emp_000025,acct_000132,2025-02-03T16:37:41
emp_000025,acct_000055,2025-11-13T17:25:43
emp_000025,acct_000132,2025-03-05T12:08:48
emp_000025,acct_000055,2025-09-05T11:06:05
emp_000025,acct_000055,2025-07-25T09:10:31
emp_000025,acct_000055,2025-08-29T16:49:28
emp_000025,acct_000055,2025-08-25T16:00:04
emp_000025,acct_000055,2025-05-26T17:38:04
emp_000025,acct_000055,2025-01-02T14:57:19
emp_000025,acct_000132,2025-10-20T18:55:32
emp_000025,acct_000055,2025-11-06T18:16:49
emp_000018,acct_000084,2025-07-03T17:56:29
emp_000018,acct_000032,2025-09-19T10:10:44
emp_000018,acct_000032,2025-01-04T18:26:23
emp_000018,acct_000084,2025-09-17T13:09:42
emp_000018,acct_000084,2025-05-26T12:20:04
emp_000018,acct_000084,2025-11-19T10:15:12
emp_000018,acct_000032,2025-01-06T15:55:35
emp_000018,acct_000084,2025-12-01T10:08:26
emp_000018,acct_000032,2025-09-24T15:28:22
emp_000018,acct_000032,2025-03-03T10:06:45
emp_000018,acct_000032,2025-08-18T18:10:14
emp_000018,acct_000084,2025-07-25T12:46:50
emp_000018,acct_000084,2025-12-10T10:03:11
emp_000018,acct_000084,2025-08-11T11:42:27
emp_000018,acct_000032,2025-03-10T15:35:22
emp_000018,acct_000084,2025-02-01T16:54:06
emp_000018,acct_000084,2025-06-24T18:00:10
emp_000018,acct_000032,2025-09-15T12:53:47
emp_000018,acct_000032,2025-12-11T12:19:10
emp_000018,acct_000084,2025-08-18T18:53:37
emp_000018,acct_000032,2025-11-18T11:27:16
emp_000018,acct_000032,2025-05-26T09:08:07
emp_000018,acct_000084,2025-01-13T14:30:17
emp_000018,acct_000084,2025-02-03T14:44:20
emp_000018,acct_000032,2025-12-25T12:48:37
emp_000018,acct_000032,2025-12-29T17:14:03
emp_000018,acct_000032,2025-04-05T14:52:03
emp_000018,acct_000032,2025-08-10T15:31:36
emp_000018,acct_000084,2025-10-02T12:42:05
emp_000018,acct_000032,2025-08-28T17:36:35
emp_000018,acct_000032,2025-12-15T17:14:54
emp_000018,acct_000032,2025-06-02T12:30:08
emp_000018,acct_000084,2025-05-05T16:20:09
emp_000018,acct_000032,2025-12-18T11:53:31
emp_000018,acct_000032,2025-06-26T09:09:57
emp_000018,acct_000032,2025-09-18T14:18:37
emp_000018,acct_000084,2025-10-13T13:22:07
emp_000018,acct_000032,2025-09-21T14:47:22
emp_000018,acct_000084,2025-11-19T17:42:45
emp_000018,acct_000084,2025-08-28T18:11:44
emp_000018,acct_000032,2025-09-09T15:28:56
emp_000018,acct_000084,2025-01-15T11:09:32
emp_000018,acct_000084,2025-09-29T10:07:45
emp_000018,acct_000032,2025-07-08T18:17:40
emp_000018,acct_000084,2025-09-22T12:46:24
emp_000018,acct_000032,2025-04-28T14:04:03
emp_000011,acct_000072,2025-03-04T17:07:31
emp_000011,acct_000050,2025-12-08T11:19:19
emp_000011,acct_000039,2025-08-18T15:54:03
emp_000011,acct_000072,2025-03-31T18:45:54
emp_000011,acct_000072,2025-05-04T11:15:48
emp_000011,acct_000072,2025-10-27T11:52:44
emp_000011,acct_000008,2025-06-02T10:04:41
emp_000011,acct_000008,2025-11-24T14:13:49
emp_000011,acct_000050,2025-06-16T09:50:51
emp_000011,acct_000039,2025-08-08T09:11:19
emp_000011,acct_000072,2025-02-14T13:48:20
emp_000011,acct_000008,2025-01-06T12:56:40
emp_000011,acct_000183,2025-06-10T16:30:29
emp_000011,acct_000039,2025-04-09T13:04:49
emp_000011,acct_000072,2025-09-23T17:37:36
emp_000011,acct_000183,2025-01-29T13:15:18
emp_000011,acct_000183,2025-10-06T18:03:29
emp_000011,acct_000039,2025-05-09T09:22:06
emp_000011,acct_000050,2025-05-27T11:17:38
emp_000011,acct_000008,2025-06-27T15:03:03
emp_000011,acct_000183,2025-01-24T16:18:14
emp_000011,acct_000039,2025-12-29T09:16:10
emp_000011,acct_000008,2025-08-18T13:24:55
emp_000011,acct_000183,2025-04-30T18:14:18
emp_000011,acct_000008,2025-01-20T11:22:15
emp_000011,acct_000008,2025-01-22T16:19:03
emp_000011,acct_000072,2025-05-26T11:33:07
emp_000011,acct_000050,2025-07-14T11:32:57
emp_000011,acct_000072,2025-10-06T11:58:07
emp_000011,acct_000050,2025-01-13T09:35:16
emp_000011,acct_000072,2025-12-26T13:14:48
emp_000011,acct_000039,2025-06-18T13:04:42
emp_000011,acct_000050,2025-10-08T18:44:32
emp_000011,acct_000183,2025-11-12T18:43:15
emp_000011,acct_000050,2025-11-18T16:49:29
emp_000011,acct_000072,2025-07-14T12:07:31
emp_000011,acct_000008,2025-03-11T09:23:42
emp_000011,acct_000039,2025-09-11T09:00:55
emp_000011,acct_000039,2025-10-27T13:14:43
emp_000011,acct_000050,2025-12-12T16:18:23
emp_000011,acct_000072,2025-04-10T10:13:44
emp_000011,acct_000183,2025-09-17T12:18:53
emp_000011,acct_000072,2025-01-06T11:44:44
emp_000011,acct_000050,2025-04-23T17:31:02
emp_000011,acct_000039,2025-05-26T11:51:07
emp_000011,acct_000039,2025-01-28T11:45:27
emp_000028,acct_000181,2025-06-09T12:59:07
emp_000028,acct_000147,2025-01-08T10:41:56
emp_000028,acct_000147,2025-12-24T15:19:16
emp_000028,acct_000210,2025-01-13T18:50:55
emp_000028,acct_000179,2025-11-26T16:26:49
emp_000028,acct_000210,2025-02-17T16:09:02
emp_000028,acct_000147,2025-10-27T18:23:10
emp_000028,acct_000181,2025-08-27T12:05:30
emp_000028,acct_000210,2025-06-05T14:20:59
emp_000028,acct_000181,2025-09-01T09:31:16
emp_000028,acct_000179,2025-09-13T14:33:12
emp_000028,acct_000147,2025-01-08T10:28:13
emp_000028,acct_000210,2025-03-17T18:17:52
emp_000028,acct_000179,2025-12-22T09:06:15
emp_000028,acct_000147,2025-11-14T11:39:20
emp_000028,acct_000210,2025-10-27T10:37:51
emp_000028,acct_000181,2025-07-01T11:59:13
emp_000028,acct_000147,2025-04-17T16:56:57
emp_000028,acct_000179,2025-04-14T11:45:49
emp_000028,acct_000181,2025-06-13T13:37:11
emp_000028,acct_000210,2025-09-15T18:12:23
emp_000028,acct_000210,2025-12-31T14:34:58
emp_000028,acct_000181,2025-08-20T09:20:51
emp_000028,acct_000147,2025-03-24T12:17:40
emp_000028,acct_000181,2025-09-22T13:19:52
emp_000028,acct_000179,2025-09-30T11:34:52
emp_000028,acct_000179,2025-10-29T12:40:09
emp_000028,acct_000179,2025-05-19T09:03:14
emp_000028,acct_000179,2025-12-22T18:51:27
emp_000028,acct_000181,2025-10-14T17:04:44
emp_000028,acct_000181,2025-02-24T17:57:54
emp_000028,acct_000179,2025-07-24T10:32:04
emp_000028,acct_000147,2025-08-28T11:39:43
emp_000028,acct_000147,2025-03-22T18:07:53
emp_000028,acct_000181,2025-07-31T16:01:18
emp_000028,acct_000147,2025-09-01T15:21:10
emp_000028,acct_000179,2025-02-03T13:30:59
emp_000028,acct_000147,2025-03-17T11:41:24
emp_000028,acct_000179,2025-03-17T15:12:35
emp_000028,acct_000181,2025-08-04T18:21:01
emp_000028,acct_000181,2025-04-28T17:43:29
emp_000028,acct_000147,2025-07-21T11:13:17
emp_000028,acct_000181,2025-05-23T16:48:59
emp_000028,acct_000179,2025-02-24T09:55:40
emp_000028,acct_000147,2025-03-24T13:37:14
emp_000028,acct_000179,2025-08-25T14:05:49
emp_000021,acct_000136,2025-04-14T17:03:58
emp_000021,acct_000116,2025-09-19T13:49:41
emp_000021,acct_000136,2025-09-29T13:13:43
emp_000021,acct_000139,2025-11-17T13:33:22
emp_000021,acct_000136,2025-08-11T16:30:05
emp_000021,acct_000139,2025-07-12T11:26:03
emp_000021,acct_000139,2025-03-10T09:56:54
emp_000021,acct_000116,2025-11-07T11:22:44
emp_000021,acct_000089,2025-08-29T14:34:06
emp_000021,acct_000139,2025-09-08T12:28:16
emp_000021,acct_000089,2025-10-11T12:20:34
emp_000021,acct_000089,2025-04-04T17:53:40
emp_000021,acct_000116,2025-08-01T16:18:09
emp_000021,acct_000139,2025-03-31T10:45:07
emp_000021,acct_000136,2025-11-27T11:01:03
emp_000021,acct_000089,2025-02-24T18:59:46
emp_000021,acct_000116,2025-11-24T11:37:15
emp_000021,acct_000116,2025-11-03T17:05:35
emp_000021,acct_000089,2025-08-18T13:51:34
emp_000021,acct_000136,2025-08-25T09:00:19
emp_000021,acct_000139,2025-03-25T13:35:28
emp_000021,acct_000089,2025-02-03T15:27:52
emp_000021,acct_000116,2025-05-07T09:32:53
emp_000021,acct_000136,2025-05-26T12:43:58
emp_000021,acct_000089,2025-09-11T15:06:24
emp_000021,acct_000139,2025-12-02T15:34:44
emp_000021,acct_000089,2025-02-26T12:53:08
emp_000021,acct_000136,2025-01-20T17:59:50
emp_000021,acct_000136,2025-11-14T09:03:59
emp_000021,acct_000139,2025-01-08T10:08:20
emp_000021,acct_000116,2025-08-18T11:10:18
emp_000021,acct_000116,2025-10-14T12:00:22
emp_000021,acct_000089,2025-08-05T16:08:59
emp_000021,acct_000136,2025-12-25T15:40:49
emp_000021,acct_000116,2025-04-17T18:12:22
emp_000021,acct_000136,2025-04-28T14:11:05
emp_000021,acct_000136,2025-11-25T10:38:25
emp_000021,acct_000136,2025-01-06T15:38:56
emp_000021,acct_000139,2025-11-03T10:19:39
emp_000021,acct_000139,2025-08-30T13:23:24
emp_000021,acct_000089,2025-09-15T16:49:35
emp_000021,acct_000116,2025-08-13T15:00:06
emp_000021,acct_000116,2025-02-23T17:40:24
emp_000021,acct_000116,2025-11-10T10:21:21
emp_000021,acct_000136,2025-06-11T13:50:35
emp_000021,acct_000089,2025-05-12T18:49:56
emp_000029,acct_000023,2025-09-16T10:24:41
emp_000029,acct_000177,2025-10-20T16:34:12
emp_000029,acct_000023,2025-05-05T13:25:31
emp_000029,acct_000177,2025-02-17T18:46:43
emp_000029,acct_000023,2025-07-07T14:15:23
emp_000029,acct_000177,2025-10-30T09:39:31
emp_000029,acct_000023,2025-11-17T16:01:08
emp_000029,acct_000079,2025-10-24T18:15:35
emp_000029,acct_000079,2025-10-13T09:55:20
emp_000029,acct_000079,2025-05-05T11:36:29
emp_000029,acct_000079,2025-12-29T16:10:55
emp_000029,acct_000079,2025-01-27T09:10:20
emp_000029,acct_000177,2025-03-22T16:08:40
emp_000029,acct_000079,2025-03-18T09:24:50
emp_000029,acct_000177,2025-12-10T18:11:43
emp_000029,acct_000079,2025-11-20T18:48:06
emp_000029,acct_000023,2025-12-17T16:21:36
emp_000029,acct_000079,2025-12-03T15:38:03
emp_000029,acct_000079,2025-08-26T16:30:33
emp_000029,acct_000177,2025-08-04T18:15:04
emp_000029,acct_000079,2025-02-02T15:10:31
emp_000029,acct_000023,2025-03-10T12:41:27
emp_000029,acct_000177,2025-04-08T09:51:11
emp_000029,acct_000177,2025-05-21T11:37:57
emp_000029,acct_000177,2025-07-15T17:38:06
emp_000029,acct_000079,2025-05-21T16:37:16
emp_000029,acct_000023,2025-03-27T14:05:20
emp_000029,acct_000023,2025-12-11T16:22:00
emp_000029,acct_000079,2025-03-24T15:51:32
emp_000029,acct_000177,2025-02-11T13:14:44
emp_000029,acct_000079,2025-02-03T15:33:21
emp_000029,acct_000207,2025-07-11T15:38:39
emp_000029,acct_000177,2025-01-06T12:51:04
emp_000029,acct_000023,2025-06-26T12:39:36
emp_000029,acct_000177,2025-08-20T13:38:08
emp_000029,acct_000207,2025-11-27T14:46:24
emp_000029,acct_000079,2025-08-27T10:31:48
emp_000029,acct_000023,2025-07-24T18:16:41
emp_000029,acct_000023,2025-10-13T18:27:30
emp_000029,acct_000023,2025-01-27T11:15:11
emp_000029,acct_000207,2025-10-09T14:07:26
emp_000029,acct_000207,2025-04-14T15:59:52
emp_000029,acct_000207,2025-06-25T09:04:52
emp_000029,acct_000177,2025-08-27T12:45:21
emp_000029,acct_000079,2025-06-13T13:22:24
emp_000029,acct_000207,2025-07-07T14:29:14
emp_000006,acct_000207,2025-12-02T15:08:36
emp_000006,acct_000207,2025-06-13T14:16:40
emp_000006,acct_000150,2025-10-02T15:00:25
emp_000006,acct_000201,2025-03-10T16:12:58
emp_000006,acct_000201,2025-09-19T15:11:53
emp_000006,acct_000150,2025-01-13T18:58:02
emp_000006,acct_000201,2025-11-24T15:55:32
emp_000006,acct_000150,2025-02-17T09:11:38
emp_000006,acct_000150,2026-01-01T14:49:09
emp_000006,acct_000150,2025-10-27T11:22:27
emp_000006,acct_000150,2025-08-04T13:06:13
emp_000006,acct_000201,2025-10-27T14:52:45
emp_000006,acct_000150,2025-04-24T13:58:37
emp_000006,acct_000207,2025-01-30T16:54:32
emp_000006,acct_000210,2025-03-06T13:14:43
emp_000006,acct_000207,2025-08-25T11:08:57
emp_000006,acct_000207,2025-04-28T09:49:18
emp_000006,acct_000207,2025-06-23T17:20:14
emp_000006,acct_000201,2025-11-03T14:08:50
emp_000006,acct_000207,2025-08-06T10:55:33
emp_000006,acct_000210,2025-05-09T16:00:20
emp_000006,acct_000150,2025-12-15T13:25:40
emp_000006,acct_000150,2025-12-03T15:41:29
emp_000006,acct_000210,2025-02-24T10:34:19
emp_000006,acct_000210,2025-06-18T09:33:45
emp_000006,acct_000150,2025-04-23T17:21:20
emp_000006,acct_000210,2025-06-06T11:19:00
emp_000006,acct_000201,2025-11-27T15:22:17
emp_000006,acct_000201,2025-07-29T11:06:48
emp_000006,acct_000210,2025-09-19T15:54:19
emp_000006,acct_000201,2025-09-01T09:27:40
emp_000006,acct_000150,2025-06-09T13:08:57
emp_000006,acct_000201,2025-07-29T09:19:32
emp_000006,acct_000201,2025-06-18T14:01:38
emp_000006,acct_000150,2025-12-10T14:27:19
emp_000006,acct_000201,2025-08-27T09:03:41
emp_000006,acct_000150,2025-04-25T16:56:00
emp_000006,acct_000150,2025-07-21T10:12:21
emp_000006,acct_000150,2025-12-30T16:46:23
emp_000006,acct_000150,2025-12-09T18:01:10
emp_000006,acct_000210,2025-07-07T14:12:30
emp_000006,acct_000150,2025-12-19T13:07:50
emp_000006,acct_000207,2025-01-20T11:11:55
emp_000006,acct_000150,2025-07-10T15:57:37
emp_000006,acct_000207,2025-09-12T18:04:45
emp_000006,acct_000207,2025-12-18T09:10:28
emp_000002,acct_000077,2025-01-09T13:07:49
emp_000002,acct_000016,2025-10-20T18:15:46
emp_000002,acct_000016,2025-03-21T18:06:08
emp_000002,acct_000016,2025-06-26T18:12:26
emp_000002,acct_000077,2026-01-01T16:26:33
emp_000002,acct_000016,2025-11-18T16:53:17
emp_000002,acct_000016,2025-05-12T17:31:12
emp_000002,acct_000077,2025-03-31T10:02:52
emp_000002,acct_000077,2025-10-14T16:58:57
emp_000002,acct_000016,2025-07-29T15:07:28
emp_000002,acct_000016,2025-03-06T18:12:39
emp_000002,acct_000016,2025-08-04T18:48:40
emp_000002,acct_000077,2025-10-20T14:37:23
emp_000002,acct_000016,2025-05-16T16:27:05
emp_000002,acct_000016,2025-04-22T14:05:29
emp_000002,acct_000077,2025-12-06T13:14:06
emp_000002,acct_000016,2025-03-24T12:38:02
emp_000002,acct_000016,2025-06-02T17:45:38
emp_000002,acct_000077,2025-02-27T16:28:18
emp_000002,acct_000016,2025-10-16T13:38:39
emp_000002,acct_000077,2025-01-16T09:06:32
emp_000002,acct_000077,2025-11-10T17:26:10
emp_000002,acct_000077,2025-02-18T18:45:11
emp_000002,acct_000016,2025-12-22T17:35:47
emp_000002,acct_000016,2025-03-19T12:41:57
emp_000002,acct_000077,2025-09-29T12:28:36
emp_000002,acct_000077,2025-09-29T16:22:14
emp_000002,acct_000016,2025-11-27T18:04:43
emp_000002,acct_000016,2025-05-22T10:35:59
emp_000002,acct_000077,2025-07-07T11:01:12
emp_000002,acct_000077,2025-12-01T13:53:12
emp_000002,acct_000016,2025-07-17T16:19:28
emp_000002,acct_000077,2025-08-18T13:07:54
emp_000002,acct_000016,2025-07-24T18:52:23
emp_000002,acct_000077,2025-01-20T18:44:22
emp_000002,acct_000016,2025-08-13T10:49:59
emp_000002,acct_000016,2025-10-09T16:34:58
emp_000002,acct_000016,2025-01-27T14:16:23
emp_000002,acct_000077,2025-07-07T15:01:43
emp_000002,acct_000077,2025-12-15T13:24:26
emp_000002,acct_000077,2025-11-05T10:48:38
emp_000002,acct_000077,2025-01-16T12:42:38
emp_000002,acct_000016,2025-06-20T16:50:18
emp_000002,acct_000077,2025-12-17T13:41:53
emp_000002,acct_000077,2025-01-09T09:10:46
emp_000002,acct_000077,2025-04-14T18:16:13
emp_000024,acct_000138,2025-02-18T13:28:18
emp_000024,acct_000016,2025-10-08T13:41:05
emp_000024,acct_000166,2025-05-07T13:47:56
emp_000024,acct_000016,2025-06-30T09:26:41
emp_000024,acct_000166,2025-05-19T11:22:04
emp_000024,acct_000166,2025-03-03T10:35:38
emp_000024,acct_000164,2025-12-25T09:52:12
emp_000024,acct_000177,2025-04-01T14:00:19
emp_000024,acct_000166,2025-10-27T17:58:53
emp_000024,acct_000166,2025-07-28T15:11:27
emp_000024,acct_000016,2025-02-03T13:40:45
emp_000024,acct_000138,2025-09-18T15:03:29
emp_000024,acct_000138,2025-10-15T13:12:35
emp_000024,acct_000138,2025-04-17T10:33:14
emp_000024,acct_000166,2025-09-22T12:56:09
emp_000024,acct_000138,2025-04-17T10:52:23
emp_000024,acct_000177,2025-08-04T12:34:31
emp_000024,acct_000138,2025-04-14T11:25:23
emp_000024,acct_000016,2025-10-13T13:34:02
emp_000024,acct_000166,2025-08-21T14:14:40
emp_000024,acct_000016,2025-08-20T17:16:24
emp_000024,acct_000177,2025-12-26T11:52:43
emp_000024,acct_000138,2025-04-16T15:21:05
emp_000024,acct_000138,2025-03-10T09:06:32
emp_000024,acct_000166,2025-06-24T13:47:57
emp_000024,acct_000166,2025-04-25T14:36:35
emp_000024,acct_000164,2025-12-04T10:39:02
emp_000024,acct_000166,2025-12-10T10:48:34
emp_000024,acct_000164,2025-12-15T18:01:54
emp_000024,acct_000164,2025-07-23T15:18:19
emp_000024,acct_000138,2025-09-17T16:36:59
emp_000024,acct_000166,2025-08-12T11:53:35
emp_000024,acct_000177,2025-04-14T12:39:11
emp_000024,acct_000016,2025-05-01T18:15:17
emp_000024,acct_000166,2025-11-14T14:00:08
emp_000024,acct_000138,2025-01-27T16:21:09
emp_000024,acct_000166,2025-03-06T16:47:30
emp_000024,acct_000164,2025-08-05T15:48:42
emp_000024,acct_000016,2025-06-09T14:36:37
emp_000024,acct_000177,2025-06-30T12:05:33
emp_000024,acct_000177,2025-07-24T12:30:11
emp_000024,acct_000164,2025-04-28T11:58:34
emp_000024,acct_000138,2025-02-24T11:22:22
emp_000024,acct_000164,2025-02-06T15:49:09
emp_000024,acct_000177,2025-05-27T12:14:59
emp_000024,acct_000177,2025-01-17T18:44:15
emp_000023,acct_000036,2025-01-20T14:38:21
emp_000023,acct_000111,2025-10-16T14:36:01
emp_000023,acct_000034,2025-06-22T14:10:14
emp_000023,acct_000034,2025-01-23T14:26:24
emp_000023,acct_000121,2025-06-23T12:02:23
emp_000023,acct_000121,2025-12-24T18:26:10
emp_000023,acct_000111,2025-09-11T09:31:54
emp_000023,acct_000214,2025-12-01T16:30:19
emp_000023,acct_000111,2025-06-23T17:16:37
emp_000023,acct_000034,2025-05-16T14:44:03
emp_000023,acct_000111,2025-07-18T18:51:56
emp_000023,acct_000036,2025-01-21T14:05:08
emp_000023,acct_000111,2025-07-01T14:56:19
emp_000023,acct_000034,2025-04-12T09:42:15
emp_000023,acct_000121,2025-11-19T14:08:00
emp_000023,acct_000121,2025-04-25T16:46:43
emp_000023,acct_000036,2025-08-29T10:45:01
emp_000023,acct_000111,2025-06-23T12:09:16
emp_000023,acct_000034,2025-09-08T13:11:58
emp_000023,acct_000121,2025-10-16T17:15:47
emp_000023,acct_000111,2025-04-03T16:29:17
emp_000023,acct_000121,2025-05-20T11:01:08
emp_000023,acct_000034,2025-10-27T16:56:25
emp_000023,acct_000121,2025-02-26T13:51:57
emp_000023,acct_000111,2025-07-14T14:53:41
emp_000023,acct_000036,2025-10-27T18:58:29
emp_000023,acct_000036,2025-03-17T17:26:56
emp_000023,acct_000111,2025-11-26T15:04:42
emp_000023,acct_000036,2025-02-24T10:50:44
emp_000023,acct_000034,2025-10-23T16:49:21
emp_000023,acct_000214,2025-10-07T17:28:12
emp_000023,acct_000036,2025-01-02T10:22:28
emp_000023,acct_000214,2025-04-15T11:18:20
emp_000023,acct_000121,2025-02-17T16:16:08
emp_000023,acct_000034,2025-10-28T11:38:32
emp_000023,acct_000036,2025-02-07T17:41:20
emp_000023,acct_000034,2025-05-05T11:15:44
emp_000023,acct_000034,2025-02-07T11:58:59
emp_000023,acct_000034,2025-02-03T12:52:46
emp_000023,acct_000214,2025-12-20T18:52:00
emp_000023,acct_000111,2025-06-03T18:37:03
emp_000023,acct_000034,2025-11-10T17:47:43
emp_000023,acct_000036,2025-04-03T09:38:20
emp_000023,acct_000121,2025-06-09T13:25:11
emp_000023,acct_000036,2025-02-28T18:09:47
emp_000023,acct_000034,2025-03-27T15:26:33
emp_000002,acct_000118,2025-02-11T11:45:27
emp_000002,acct_000118,2025-12-10T12:03:54
emp_000002,acct_000118,2025-03-17T13:59:22
emp_000002,acct_000118,2025-04-21T13:20:43
emp_000002,acct_000173,2025-09-08T13:01:01
emp_000002,acct_000173,2025-02-10T11:21:53
emp_000002,acct_000173,2025-02-20T10:56:36
emp_000002,acct_000104,2025-06-17T14:09:14
emp_000002,acct_000104,2025-04-12T10:12:38
emp_000002,acct_000173,2025-12-22T12:21:01
emp_000002,acct_000118,2025-12-18T10:46:22
emp_000002,acct_000184,2025-03-31T14:51:17
emp_000002,acct_000184,2025-01-24T13:48:18
emp_000002,acct_000173,2025-03-12T16:10:50
emp_000002,acct_000118,2025-06-30T11:19:11
emp_000002,acct_000104,2025-10-08T10:05:34
emp_000002,acct_000118,2025-03-25T13:21:22
emp_000002,acct_000118,2025-07-07T11:29:48
emp_000002,acct_000118,2025-08-02T17:18:35
emp_000002,acct_000173,2025-01-08T14:39:38
emp_000002,acct_000184,2025-01-07T12:11:56
emp_000002,acct_000104,2025-09-04T13:05:56
emp_000002,acct_000213,2025-12-19T09:23:29
emp_000002,acct_000173,2025-01-04T12:32:04
emp_000002,acct_000184,2025-03-06T18:11:07
emp_000002,acct_000173,2025-03-27T09:22:45
emp_000002,acct_000184,2025-05-26T15:19:15
emp_000002,acct_000118,2025-01-21T10:12:02
emp_000002,acct_000104,2025-10-16T10:45:41
emp_000002,acct_000104,2025-10-31T13:42:48
emp_000002,acct_000173,2025-06-23T17:19:58
emp_000002,acct_000118,2025-04-07T16:49:48
emp_000002,acct_000184,2025-04-24T11:04:49
emp_000002,acct_000213,2025-08-12T11:54:51
emp_000002,acct_000118,2025-09-08T17:47:37
emp_000002,acct_000184,2025-04-29T12:38:54
emp_000002,acct_000173,2025-10-16T09:18:27
emp_000002,acct_000173,2025-10-13T15:41:58
emp_000002,acct_000118,2025-04-10T10:15:30
emp_000002,acct_000184,2025-04-03T09:32:30
emp_000002,acct_000173,2025-09-01T15:29:13
emp_000002,acct_000213,2025-04-30T18:16:45
emp_000002,acct_000213,2025-06-26T11:00:31
emp_000002,acct_000213,2025-09-19T17:00:08
emp_000002,acct_000213,2025-08-26T12:49:00
emp_000002,acct_000104,2025-12-16T16:45:13
emp_000005,acct_000034,2025-10-11T13:56:04
emp_000005,acct_000034,2025-06-06T10:25:04
emp_000005,acct_000034,2025-04-21T11:27:17
emp_000005,acct_000183,2025-10-21T14:16:32
emp_000005,acct_000183,2025-02-11T16:25:10
emp_000005,acct_000183,2025-01-20T12:54:33
emp_000005,acct_000213,2025-04-17T09:17:47
emp_000005,acct_000183,2025-07-22T11:32:38
emp_000005,acct_000183,2025-03-03T18:36:51
emp_000005,acct_000213,2025-08-25T10:24:03
emp_000005,acct_000034,2025-07-06T15:22:13
emp_000005,acct_000183,2025-07-18T15:44:47
emp_000005,acct_000034,2025-11-10T15:51:51
emp_000005,acct_000213,2025-02-17T11:36:13
emp_000005,acct_000213,2025-10-10T18:33:27
emp_000005,acct_000183,2025-05-01T09:54:08
emp_000005,acct_000034,2025-03-10T14:02:54
emp_000005,acct_000034,2025-06-23T15:56:16
emp_000005,acct_000213,2025-09-16T09:16:23
emp_000005,acct_000034,2025-11-03T15:46:17
emp_000005,acct_000183,2025-01-06T12:52:34
emp_000005,acct_000213,2025-09-08T17:15:18
emp_000005,acct_000183,2025-09-24T09:18:32
emp_000005,acct_000183,2025-11-04T10:27:05
emp_000005,acct_000213,2025-04-28T16:19:55
emp_000005,acct_000213,2025-12-23T16:02:01
emp_000005,acct_000213,2025-12-30T14:25:52
emp_000005,acct_000213,2025-10-20T11:06:45
emp_000005,acct_000183,2025-10-28T16:53:41
emp_000005,acct_000213,2025-06-16T12:48:16
emp_000005,acct_000034,2025-02-10T13:24:19
emp_000005,acct_000034,2025-11-02T10:19:12
emp_000005,acct_000034,2025-03-04T12:45:32
emp_000005,acct_000034,2025-05-09T14:06:21
emp_000005,acct_000183,2025-11-06T17:06:38
emp_000005,acct_000183,2025-06-02T10:08:30
emp_000005,acct_000213,2025-08-19T14:34:09
emp_000005,acct_000213,2025-11-14T18:29:37
emp_000005,acct_000213,2025-10-29T15:07:53
emp_000005,acct_000213,2025-11-03T17:07:37
emp_000005,acct_000034,2025-04-18T14:50:09
emp_000005,acct_000034,2025-08-07T18:42:17
emp_000005,acct_000034,2025-04-04T12:38:29
emp_000005,acct_000213,2025-08-25T15:53:31
emp_000005,acct_000183,2025-01-29T17:22:15
emp_000005,acct_000034,2025-01-27T11:57:07
emp_000019,acct_000141,2025-07-30T10:22:43
emp_000019,acct_000141,2025-03-24T16:31:11
emp_000019,acct_000141,2025-01-11T14:12:10
emp_000019,acct_000187,2025-01-22T11:00:35
emp_000019,acct_000141,2025-10-09T14:30:54
emp_000019,acct_000141,2025-12-18T10:19:26
emp_000019,acct_000187,2025-07-02T17:23:12
emp_000019,acct_000187,2025-08-14T14:52:21
emp_000019,acct_000141,2025-09-11T13:46:33
emp_000019,acct_000141,2025-04-18T13:18:06
emp_000019,acct_000187,2025-03-25T09:31:03
emp_000019,acct_000141,2025-01-03T09:18:41
emp_000019,acct_000187,2025-08-29T09:54:42
emp_000019,acct_000187,2025-07-07T18:09:50
emp_000019,acct_000187,2025-08-01T17:23:03
emp_000019,acct_000141,2025-01-06T10:36:35
emp_000019,acct_000187,2025-06-23T13:37:22
emp_000019,acct_000187,2025-07-07T14:56:05
emp_000019,acct_000141,2025-09-04T17:29:44
emp_000019,acct_000187,2025-05-19T16:47:45
emp_000019,acct_000187,2025-04-21T17:18:32
emp_000019,acct_000187,2025-09-29T09:48:50
emp_000019,acct_000141,2025-06-03T15:16:50
emp_000019,acct_000141,2025-05-13T14:31:28
emp_000019,acct_000187,2025-07-02T10:49:32
emp_000019,acct_000187,2025-08-25T16:25:38
emp_000019,acct_000141,2025-12-09T12:16:21
emp_000019,acct_000187,2025-07-09T15:26:38
emp_000019,acct_000141,2025-11-05T12:13:30
emp_000019,acct_000141,2025-07-28T16:24:57
emp_000019,acct_000141,2025-04-12T15:45:13
emp_000019,acct_000141,2025-01-20T12:43:24
emp_000019,acct_000187,2025-04-01T10:34:17
emp_000019,acct_000187,2025-10-06T16:39:13
emp_000019,acct_000141,2025-01-29T16:27:15
emp_000019,acct_000187,2025-11-10T09:45:27
emp_000019,acct_000141,2025-08-03T17:22:02
emp_000019,acct_000187,2025-09-08T14:24:20
emp_000019,acct_000187,2025-09-08T14:14:21
emp_000019,acct_000141,2025-10-30T18:02:34
emp_000019,acct_000141,2025-09-12T11:53:45
emp_000019,acct_000187,2025-05-30T16:30:28
emp_000019,acct_000187,2025-09-08T16:19:16
emp_000019,acct_000141,2025-08-04T14:33:16
emp_000019,acct_000187,2025-05-04T11:03:53
emp_000019,acct_000187,2025-09-01T12:33:42
emp_000024,acct_000149,2025-05-27T17:25:46
emp_000024,acct_000021,2025-01-06T12:28:47
emp_000024,acct_000169,2025-01-03T18:30:02
emp_000024,acct_000190,2025-03-24T09:04:18
emp_000024,acct_000149,2025-10-01T12:27:04
emp_000024,acct_000021,2025-01-02T16:57:44
emp_000024,acct_000190,2025-03-26T13:59:53
emp_000024,acct_000149,2025-09-01T15:32:36
emp_000024,acct_000021,2025-03-18T10:23:12
emp_000024,acct_000169,2025-03-26T16:18:44
emp_000024,acct_000186,2025-04-28T18:54:31
emp_000024,acct_000149,2025-09-15T15:30:15
emp_000024,acct_000021,2025-09-08T11:49:26
emp_000024,acct_000186,2025-10-20T10:34:30
emp_000024,acct_000149,2025-01-13T10:15:26
emp_000024,acct_000190,2025-02-17T17:45:00
emp_000024,acct_000021,2025-09-13T14:35:18
emp_000024,acct_000186,2025-10-20T11:13:13
emp_000024,acct_000190,2025-09-07T11:11:38
emp_000024,acct_000190,2025-07-28T09:08:44
emp_000024,acct_000190,2025-10-09T16:39:28
emp_000024,acct_000149,2025-04-22T15:31:14
emp_000024,acct_000190,2025-02-11T16:35:07
emp_000024,acct_000186,2025-12-30T13:28:40
emp_000024,acct_000190,2025-02-28T10:08:20
emp_000024,acct_000169,2025-01-27T17:47:47
emp_000024,acct_000021,2025-02-10T13:57:01
emp_000024,acct_000021,2025-05-19T12:48:01
emp_000024,acct_000149,2025-08-18T15:37:43
emp_000024,acct_000149,2025-12-15T13:17:23
emp_000024,acct_000169,2025-01-17T17:28:32
emp_000024,acct_000190,2025-02-26T16:39:03
emp_000024,acct_000190,2025-09-09T13:51:40
emp_000024,acct_000149,2025-04-01T17:27:16
emp_000024,acct_000149,2025-03-03T09:42:02
emp_000024,acct_000186,2025-02-26T16:24:28
emp_000024,acct_000169,2025-05-19T17:56:34
emp_000024,acct_000149,2025-05-26T13:31:09
emp_000024,acct_000149,2025-04-17T10:23:48
emp_000024,acct_000149,2025-05-07T17:41:30
emp_000024,acct_000186,2025-03-06T13:25:07
emp_000024,acct_000021,2025-09-26T15:58:33
emp_000024,acct_000169,2025-04-19T11:42:08
emp_000024,acct_000021,2025-09-28T12:21:25
emp_000024,acct_000169,2025-07-31T13:39:50
emp_000024,acct_000021,2025-01-12T14:27:10
emp_000032,acct_000031,2025-09-26T18:13:36
emp_000032,acct_000031,2025-05-26T14:52:26
emp_000032,acct_000210,2025-07-27T18:31:24
emp_000032,acct_000031,2025-08-12T15:49:24
emp_000032,acct_000031,2025-11-17T11:25:05
emp_000032,acct_000210,2025-11-10T09:31:26
emp_000032,acct_000210,2025-11-17T13:10:38
emp_000032,acct_000210,2025-08-07T17:03:30
emp_000032,acct_000031,2025-12-10T11:52:55
emp_000032,acct_000210,2025-06-20T16:23:24
emp_000032,acct_000210,2025-10-13T17:28:28
emp_000032,acct_000031,2025-06-16T12:28:39
emp_000032,acct_000210,2025-02-19T15:02:58
emp_000032,acct_000210,2025-10-31T10:17:04
emp_000032,acct_000031,2025-08-14T10:16:08
emp_000032,acct_000031,2025-09-22T10:27:45
emp_000032,acct_000210,2025-11-25T18:16:37
emp_000032,acct_000031,2025-04-10T17:11:58
emp_000032,acct_000210,2025-06-07T12:02:29
emp_000032,acct_000210,2025-04-10T14:05:37
emp_000032,acct_000210,2025-12-25T14:46:40
emp_000032,acct_000031,2025-05-19T13:31:58
emp_000032,acct_000210,2025-02-10T15:00:26
emp_000032,acct_000210,2025-11-03T13:52:53
emp_000032,acct_000210,2025-07-28T17:48:22
emp_000032,acct_000031,2025-11-07T17:44:56
emp_000032,acct_000031,2025-10-27T17:40:49
emp_000032,acct_000210,2025-01-20T16:25:10
emp_000032,acct_000210,2025-10-06T16:33:12
emp_000032,acct_000031,2025-09-22T15:13:00
emp_000032,acct_000031,2025-01-03T14:55:58
emp_000032,acct_000031,2025-01-30T14:19:12
emp_000032,acct_000210,2025-12-08T18:29:17
emp_000032,acct_000031,2025-02-27T16:59:59
emp_000032,acct_000031,2025-08-04T14:08:13
emp_000032,acct_000210,2025-10-06T14:38:47
emp_000032,acct_000031,2025-02-14T10:42:42
emp_000032,acct_000031,2025-08-08T10:21:42
emp_000032,acct_000031,2025-09-02T17:22:02
emp_000032,acct_000210,2025-07-01T10:53:53
emp_000032,acct_000031,2025-04-23T14:47:49
emp_000032,acct_000031,2025-02-26T18:05:29
emp_000032,acct_000210,2025-12-28T09:26:29
emp_000032,acct_000031,2025-01-03T18:32:06
emp_000032,acct_000031,2025-07-09T12:00:33
emp_000032,acct_000210,2025-07-04T12:22:35
emp_000006,acct_000001,2025-03-12T13:57:52
emp_000006,acct_000016,2025-04-03T12:24:07
emp_000006,acct_000016,2025-12-31T16:19:14
emp_000006,acct_000001,2025-09-24T12:46:20
emp_000006,acct_000016,2025-01-22T14:44:21
emp_000006,acct_000016,2025-02-04T11:22:45
emp_000006,acct_000001,2025-05-29T14:14:44
emp_000006,acct_000001,2025-10-31T12:45:46
emp_000006,acct_000001,2025-05-19T15:02:27
emp_000006,acct_000001,2025-06-16T09:51:20
emp_000006,acct_000001,2025-12-27T10:15:32
emp_000006,acct_000016,2025-12-10T16:47:09
emp_000006,acct_000016,2025-02-19T14:27:09
emp_000006,acct_000016,2025-11-09T17:44:35
emp_000006,acct_000001,2025-02-10T17:59:32
emp_000006,acct_000001,2025-04-09T18:27:48
emp_000006,acct_000001,2025-08-01T10:46:52
emp_000006,acct_000001,2025-07-14T15:03:50
emp_000006,acct_000016,2025-10-07T10:09:19
emp_000006,acct_000016,2025-10-31T09:06:45
emp_000006,acct_000001,2025-05-22T13:18:27
emp_000006,acct_000001,2025-07-14T12:30:44
emp_000006,acct_000016,2025-05-26T13:34:53
emp_000006,acct_000016,2025-04-28T11:59:10
emp_000006,acct_000016,2025-03-31T14:45:52
emp_000006,acct_000001,2025-04-28T16:10:16
emp_000006,acct_000001,2025-02-09T16:19:28
emp_000006,acct_000016,2025-04-14T09:28:38
emp_000006,acct_000016,2025-12-12T11:24:44
emp_000006,acct_000016,2025-11-14T17:00:47
emp_000006,acct_000016,2025-10-28T09:43:06
emp_000006,acct_000001,2025-03-11T14:43:44
emp_000006,acct_000001,2025-08-25T12:28:55
emp_000006,acct_000016,2025-11-13T18:42:34
emp_000006,acct_000016,2025-10-08T14:17:16
emp_000006,acct_000001,2025-11-12T13:36:42
emp_000006,acct_000001,2025-08-14T13:48:56
emp_000006,acct_000001,2025-02-10T14:07:40
emp_000006,acct_000001,2025-01-27T15:44:39
emp_000006,acct_000016,2025-06-20T18:51:23
emp_000006,acct_000001,2025-04-07T17:49:54
emp_000006,acct_000016,2025-09-01T12:14:15
emp_000006,acct_000001,2025-03-06T15:47:15
emp_000006,acct_000001,2025-10-27T13:45:23
emp_000006,acct_000016,2025-10-29T18:27:48
emp_000006,acct_000001,2025-07-21T11:29:20
emp_000005,acct_000095,2025-02-17T16:47:13
emp_000005,acct_000025,2025-01-17T16:06:14
emp_000005,acct_000087,2025-01-28T13:30:39
emp_000005,acct_000087,2025-11-12T16:46:42
emp_000005,acct_000065,2025-01-13T13:55:36
emp_000005,acct_000025,2025-03-11T12:15:00
emp_000005,acct_000095,2025-03-26T13:01:30
emp_000005,acct_000087,2025-04-10T15:50:12
emp_000005,acct_000095,2025-10-20T18:21:27
emp_000005,acct_000025,2025-02-25T16:57:59
emp_000005,acct_000065,2025-12-08T16:18:18
emp_000005,acct_000025,2025-04-14T12:34:30
emp_000005,acct_000025,2025-09-17T15:27:03
emp_000005,acct_000065,2025-04-11T10:22:42
emp_000005,acct_000025,2025-03-12T17:09:16
emp_000005,acct_000095,2025-12-25T11:14:23
emp_000005,acct_000025,2025-03-07T14:00:44
emp_000005,acct_000087,2025-10-09T18:52:58
emp_000005,acct_000025,2025-10-21T12:13:28
emp_000005,acct_000065,2025-02-27T09:25:42
emp_000005,acct_000065,2025-11-10T13:27:12
emp_000005,acct_000095,2025-11-27T14:54:11
emp_000005,acct_000087,2025-07-07T10:29:42
emp_000005,acct_000087,2025-01-15T12:16:17
emp_000005,acct_000065,2025-03-10T10:25:31
emp_000005,acct_000095,2025-03-07T14:28:25
emp_000005,acct_000065,2025-08-04T12:01:40
emp_000005,acct_000025,2025-05-07T14:31:54
emp_000005,acct_000087,2025-01-24T15:50:39
emp_000005,acct_000065,2025-01-13T11:25:55
emp_000005,acct_000087,2025-12-25T12:00:52
emp_000005,acct_000087,2025-06-23T12:19:25
emp_000005,acct_000087,2025-02-07T13:36:08
emp_000005,acct_000087,2025-06-16T11:41:08
emp_000005,acct_000065,2025-08-07T16:11:18
emp_000005,acct_000065,2025-03-18T13:56:22
emp_000005,acct_000087,2025-01-08T10:58:38
emp_000005,acct_000087,2025-07-07T13:36:41
emp_000005,acct_000025,2025-03-17T18:25:03
emp_000005,acct_000087,2025-12-18T17:04:02
emp_000005,acct_000087,2025-03-03T13:24:26
emp_000005,acct_000095,2025-06-25T17:03:54
emp_000005,acct_000025,2025-04-28T11:12:13
emp_000005,acct_000087,2025-09-16T15:49:09
emp_000005,acct_000025,2025-06-26T18:31:35
emp_000005,acct_000095,2025-10-13T10:26:49
emp_000021,acct_000112,2025-10-27T18:26:05
emp_000021,acct_000022,2025-05-23T13:10:05
emp_000021,acct_000022,2025-03-10T17:26:14
emp_000021,acct_000127,2025-07-09T17:04:58
emp_000021,acct_000183,2025-04-21T12:13:29
emp_000021,acct_000022,2025-01-07T14:18:21
emp_000021,acct_000022,2025-05-19T10:02:45
emp_000021,acct_000183,2025-12-05T15:06:36
emp_000021,acct_000183,2025-01-01T09:01:56
emp_000021,acct_000127,2025-08-11T11:50:41
emp_000021,acct_000022,2025-03-26T18:59:15
emp_000021,acct_000009,2025-04-10T11:46:11
emp_000021,acct_000022,2025-07-11T11:25:12
emp_000021,acct_000127,2025-05-02T09:16:59
emp_000021,acct_000183,2025-04-25T13:56:30
emp_000021,acct_000183,2025-08-27T10:03:34
emp_000021,acct_000183,2025-07-14T12:05:47
emp_000021,acct_000183,2025-11-19T15:01:46
emp_000021,acct_000183,2025-01-13T09:11:02
emp_000021,acct_000127,2025-04-21T15:01:05
emp_000021,acct_000009,2025-12-22T16:48:06
emp_000021,acct_000112,2025-05-26T14:15:55
emp_000021,acct_000022,2025-08-18T15:25:40
emp_000021,acct_000009,2025-11-28T15:33:42
emp_000021,acct_000183,2025-01-23T17:20:16
emp_000021,acct_000183,2025-03-03T12:24:21
emp_000021,acct_000183,2025-09-16T13:41:26
emp_000021,acct_000022,2025-06-02T12:47:40
emp_000021,acct_000183,2025-11-18T09:52:37
emp_000021,acct_000183,2025-08-25T15:58:31
emp_000021,acct_000127,2025-03-31T11:10:40
emp_000021,acct_000112,2025-10-31T10:25:57
emp_000021,acct_000009,2025-01-15T10:38:07
emp_000021,acct_000112,2025-08-11T13:55:52
emp_000021,acct_000183,2025-03-17T18:16:00
emp_000021,acct_000183,2025-04-14T10:58:12
emp_000021,acct_000183,2025-05-12T10:09:11
emp_000021,acct_000127,2025-05-02T15:36:17
emp_000021,acct_000022,2025-11-17T15:55:28
emp_000021,acct_000009,2025-12-08T13:22:25
emp_000021,acct_000022,2025-04-18T10:17:13
emp_000021,acct_000022,2025-08-26T15:53:16
emp_000021,acct_000009,2025-02-13T11:23:45
emp_000021,acct_000009,2025-09-04T14:21:12
emp_000021,acct_000112,2025-02-17T11:43:01
emp_000021,acct_000009,2025-05-01T14:00:32
emp_000013,acct_000011,2025-12-19T10:25:29
emp_000013,acct_000011,2025-11-03T12:21:13
emp_000013,acct_000011,2025-06-25T18:48:43
emp_000013,acct_000011,2025-12-16T15:54:33
emp_000013,acct_000011,2025-06-09T14:58:56
emp_000013,acct_000011,2025-04-08T16:12:49
emp_000013,acct_000011,2025-10-07T14:56:30
emp_000013,acct_000011,2025-11-10T10:29:24
emp_000013,acct_000073,2025-06-16T10:59:30
emp_000013,acct_000114,2025-06-16T09:57:29
emp_000013,acct_000011,2025-01-13T09:56:54
emp_000013,acct_000011,2025-09-29T14:44:35
emp_000013,acct_000073,2025-06-19T15:09:08
emp_000013,acct_000114,2025-10-09T13:46:24
emp_000013,acct_000011,2025-08-25T10:01:36
emp_000013,acct_000114,2025-04-09T17:10:01
emp_000013,acct_000114,2025-10-22T11:59:27
emp_000013,acct_000114,2025-10-28T18:38:47
emp_000013,acct_000114,2025-09-08T10:00:53
emp_000013,acct_000114,2025-07-21T14:12:44
emp_000013,acct_000011,2025-03-11T10:34:44
emp_000013,acct_000114,2025-03-19T14:06:46
emp_000013,acct_000073,2025-07-29T18:39:24
emp_000013,acct_000114,2025-07-31T18:50:04
emp_000013,acct_000011,2025-10-11T14:02:11
emp_000013,acct_000114,2025-01-13T12:46:48
emp_000013,acct_000114,2025-08-08T09:30:24
emp_000013,acct_000073,2025-04-24T13:15:38
emp_000013,acct_000011,2025-04-18T16:42:09
emp_000013,acct_000114,2025-12-08T18:46:26
emp_000013,acct_000073,2025-03-04T09:41:39
emp_000013,acct_000011,2025-04-14T09:08:34
emp_000013,acct_000011,2025-06-04T17:21:04
emp_000013,acct_000114,2025-12-16T12:20:42
emp_000013,acct_000011,2025-02-10T18:15:59
emp_000013,acct_000011,2025-06-09T14:35:44
emp_000013,acct_000073,2025-03-13T10:06:39
emp_000013,acct_000011,2025-06-30T12:20:33
emp_000013,acct_000114,2025-08-29T10:28:23
emp_000013,acct_000073,2025-05-09T16:42:30
emp_000013,acct_000011,2025-01-20T11:29:27
emp_000013,acct_000073,2025-12-15T15:46:23
emp_000013,acct_000073,2025-02-17T09:00:29
emp_000013,acct_000011,2025-04-14T11:13:13
emp_000013,acct_000011,2025-07-10T16:27:44
emp_000013,acct_000011,2025-05-19T09:04:53
emp_000028,acct_000073,2025-12-17T16:10:49
emp_000028,acct_000073,2025-03-17T16:28:22
emp_000028,acct_000073,2025-01-25T18:09:16
emp_000028,acct_000073,2025-10-13T18:37:55
emp_000028,acct_000073,2025-03-12T18:15:09
emp_000028,acct_000152,2025-03-31T10:54:08
emp_000028,acct_000073,2025-06-09T18:17:11
emp_000028,acct_000152,2025-05-02T15:51:09
emp_000028,acct_000152,2025-05-05T17:08:10
emp_000028,acct_000131,2025-04-30T15:10:00
emp_000028,acct_000073,2025-08-06T15:46:14
emp_000028,acct_000152,2025-12-15T13:48:12
emp_000028,acct_000073,2025-12-08T15:30:12
emp_000028,acct_000073,2025-05-07T15:44:12
emp_000028,acct_000073,2025-09-14T11:45:33
emp_000028,acct_000131,2025-07-30T10:20:17
emp_000028,acct_000131,2025-06-17T15:55:31
emp_000028,acct_000073,2025-01-13T10:02:26
emp_000028,acct_000073,2025-05-26T09:33:55
emp_000028,acct_000073,2025-09-17T12:11:32
emp_000028,acct_000152,2025-08-22T13:43:14
emp_000028,acct_000152,2025-04-07T12:34:45
emp_000028,acct_000073,2025-07-21T14:11:48
emp_000028,acct_000073,2025-07-19T16:07:05
emp_000028,acct_000073,2025-04-29T15:36:19
emp_000028,acct_000131,2025-12-08T09:11:47
emp_000028,acct_000073,2025-10-17T17:43:26
emp_000028,acct_000073,2025-03-14T13:17:15
emp_000028,acct_000152,2025-11-03T15:00:13
emp_000028,acct_000152,2025-06-23T17:22:43
emp_000028,acct_000152,2026-01-01T18:42:05
emp_000028,acct_000131,2025-12-08T18:23:14
emp_000028,acct_000073,2025-11-06T13:32:54
emp_000028,acct_000073,2025-09-24T13:41:18
emp_000028,acct_000131,2025-10-31T14:07:03
emp_000028,acct_000073,2025-01-03T15:27:46
emp_000028,acct_000131,2025-02-10T17:59:15
emp_000028,acct_000073,2025-08-22T15:51:12
emp_000028,acct_000073,2025-11-17T10:10:40
emp_000028,acct_000152,2025-10-23T16:56:43
emp_000028,acct_000131,2025-08-18T18:22:50
emp_000028,acct_000152,2025-04-23T14:41:55
emp_000028,acct_000073,2025-11-10T14:16:25
emp_000028,acct_000152,2025-03-17T11:25:03
emp_000028,acct_000152,2025-09-18T18:42:40
emp_000028,acct_000131,2025-02-04T18:29:01
emp_000026,acct_000132,2025-01-21T18:00:16
emp_000026,acct_000025,2025-05-19T18:31:04
emp_000026,acct_000025,2025-06-26T12:43:04
emp_000026,acct_000025,2025-02-24T14:54:33
emp_000026,acct_000025,2025-04-07T18:53:27
emp_000026,acct_000132,2025-01-07T17:17:26
emp_000026,acct_000025,2025-06-09T17:19:57
emp_000026,acct_000025,2026-01-01T16:51:09
emp_000026,acct_000025,2025-12-29T11:25:11
emp_000026,acct_000025,2025-09-25T13:13:58
emp_000026,acct_000025,2025-05-06T16:35:38
emp_000026,acct_000025,2025-01-13T15:40:56
emp_000026,acct_000025,2025-10-06T14:13:05
emp_000026,acct_000132,2025-11-03T18:23:28
emp_000026,acct_000025,2025-08-27T09:37:51
emp_000026,acct_000132,2025-11-04T10:08:22
emp_000026,acct_000132,2025-01-28T14:36:19
emp_000026,acct_000132,2025-12-16T13:27:48
emp_000026,acct_000025,2025-08-19T13:13:55
emp_000026,acct_000025,2025-04-20T13:51:48
emp_000026,acct_000132,2025-02-15T13:21:23
emp_000026,acct_000132,2025-07-21T10:45:33
emp_000026,acct_000025,2025-07-31T18:08:59
emp_000026,acct_000132,2025-02-07T09:16:44
emp_000026,acct_000025,2025-08-07T12:00:35
emp_000026,acct_000025,2025-11-10T13:37:38
emp_000026,acct_000025,2025-07-21T09:30:36
emp_000026,acct_000132,2025-09-18T18:13:31
emp_000026,acct_000132,2025-09-24T12:27:14
emp_000026,acct_000025,2025-09-10T17:20:19
emp_000026,acct_000132,2025-12-25T15:52:51
emp_000026,acct_000132,2025-11-19T15:40:51
emp_000026,acct_000025,2025-12-01T11:08:20
emp_000026,acct_000132,2025-02-22T10:21:58
emp_000026,acct_000132,2025-12-01T09:07:25
emp_000026,acct_000132,2025-12-01T10:34:14
emp_000026,acct_000132,2025-04-30T10:04:54
emp_000026,acct_000132,2025-07-26T15:55:21
emp_000026,acct_000025,2025-06-24T17:34:48
emp_000026,acct_000025,2025-05-23T13:43:06
emp_000026,acct_000132,2025-01-02T10:56:45
emp_000026,acct_000132,2025-01-03T13:21:32
emp_000026,acct_000132,2025-07-21T10:42:48
emp_000026,acct_000132,2025-03-27T18:18:46
emp_000026,acct_000025,2025-01-01T14:11:55
emp_000026,acct_000025,2025-04-08T09:32:08
emp_000028,acct_000187,2025-06-02T13:04:08
emp_000028,acct_000070,2025-12-15T15:50:45
emp_000028,acct_000018,2025-09-12T17:58:16
emp_000028,acct_000109,2025-10-21T16:22:25
emp_000028,acct_000018,2025-11-24T12:41:23
emp_000028,acct_000109,2025-02-15T11:16:51
emp_000028,acct_000070,2025-11-24T10:37:33
emp_000028,acct_000070,2025-08-29T12:40:22
emp_000028,acct_000187,2025-03-10T10:02:52
emp_000028,acct_000187,2025-03-31T18:47:39
emp_000028,acct_000109,2025-12-01T14:55:55
emp_000028,acct_000109,2025-09-18T11:34:52
emp_000028,acct_000018,2025-04-07T11:50:06
emp_000028,acct_000109,2025-01-17T10:43:08
emp_000028,acct_000187,2025-04-14T17:21:56
emp_000028,acct_000109,2025-09-16T13:01:46
emp_000028,acct_000109,2025-05-09T10:15:58
emp_000028,acct_000070,2025-06-10T12:43:46
emp_000028,acct_000070,2025-10-31T09:22:24
emp_000028,acct_000070,2025-11-01T09:17:10
emp_000028,acct_000081,2025-08-04T09:33:54
emp_000028,acct_000187,2025-05-27T18:41:38
emp_000028,acct_000070,2025-10-27T11:25:01
emp_000028,acct_000109,2025-05-30T18:38:35
emp_000028,acct_000018,2025-03-05T12:53:51
emp_000028,acct_000081,2025-01-05T09:53:46
emp_000028,acct_000187,2025-04-26T18:55:31
emp_000028,acct_000187,2025-12-24T18:21:24
emp_000028,acct_000018,2025-02-24T15:31:12
emp_000028,acct_000187,2025-11-03T10:18:35
emp_000028,acct_000018,2025-10-13T13:30:36
emp_000028,acct_000109,2025-08-15T12:29:37
emp_000028,acct_000018,2025-02-21T15:22:11
emp_000028,acct_000109,2025-12-18T15:04:33
emp_000028,acct_000081,2025-08-27T17:11:31
emp_000028,acct_000018,2025-06-16T11:09:08
emp_000028,acct_000081,2025-02-07T09:03:50
emp_000028,acct_000018,2025-02-11T12:45:39
emp_000028,acct_000018,2025-08-11T10:04:16
emp_000028,acct_000187,2025-12-09T18:08:45
emp_000028,acct_000070,2025-12-31T18:40:17
emp_000028,acct_000187,2025-09-29T13:21:17
emp_000028,acct_000070,2025-11-17T16:47:00
emp_000028,acct_000070,2025-05-16T17:50:35
emp_000028,acct_000070,2025-02-24T10:40:04
emp_000028,acct_000081,2025-12-17T13:27:37
emp_000014,acct_000178,2025-02-10T09:22:17
emp_000014,acct_000178,2025-05-19T18:58:44
emp_000014,acct_000013,2025-12-01T18:03:13
emp_000014,acct_000172,2025-01-06T10:08:44
emp_000014,acct_000178,2025-02-24T11:54:17
emp_000014,acct_000178,2025-08-11T14:18:00
emp_000014,acct_000172,2025-01-27T17:43:39
emp_000014,acct_000178,2025-06-17T13:16:52
emp_000014,acct_000013,2025-07-17T12:17:22
emp_000014,acct_000013,2025-02-28T18:30:31
emp_000014,acct_000013,2025-09-22T09:22:51
emp_000014,acct_000172,2025-04-16T12:27:38
emp_000014,acct_000178,2025-02-18T17:08:33
emp_000014,acct_000178,2025-07-07T11:32:16
emp_000014,acct_000178,2025-09-26T09:18:54
emp_000014,acct_000172,2025-02-03T17:11:52
emp_000014,acct_000178,2025-12-21T13:26:18
emp_000014,acct_000178,2025-01-02T11:23:06
emp_000014,acct_000172,2025-03-09T15:36:50
emp_000014,acct_000172,2025-03-24T13:11:11
emp_000014,acct_000178,2025-01-06T18:14:02
emp_000014,acct_000013,2025-01-06T09:03:26
emp_000014,acct_000178,2025-09-15T13:34:06
emp_000014,acct_000178,2025-08-14T14:51:45
emp_000014,acct_000172,2025-07-02T12:27:34
emp_000014,acct_000013,2025-12-22T13:53:18
emp_000014,acct_000013,2025-08-08T12:17:37
emp_000014,acct_000178,2025-02-25T09:24:11
emp_000014,acct_000013,2025-03-26T09:48:26
emp_000014,acct_000013,2025-09-16T10:36:52
emp_000014,acct_000172,2025-12-29T17:29:06
emp_000014,acct_000172,2025-10-20T15:37:36
emp_000014,acct_000172,2025-11-04T14:59:12
emp_000014,acct_000172,2025-02-25T16:56:41
emp_000014,acct_000172,2025-10-29T13:43:40
emp_000014,acct_000172,2025-09-22T12:23:01
emp_000014,acct_000178,2025-09-22T13:34:48
emp_000014,acct_000172,2025-10-16T14:43:51
emp_000014,acct_000178,2025-03-23T10:41:38
emp_000014,acct_000172,2025-03-24T12:40:25
emp_000014,acct_000178,2025-06-18T17:43:16
emp_000014,acct_000178,2025-11-04T17:05:22
emp_000014,acct_000172,2025-02-25T18:30:13
emp_000014,acct_000178,2025-05-22T11:09:55
emp_000014,acct_000178,2025-04-21T12:28:49
emp_000014,acct_000178,2025-06-03T15:23:31
emp_000025,acct_000162,2025-06-27T15:18:17
emp_000025,acct_000162,2025-07-21T13:23:18
emp_000025,acct_000162,2025-05-02T14:07:28
emp_000025,acct_000162,2025-10-24T09:40:18
emp_000025,acct_000162,2025-09-18T16:29:05
emp_000025,acct_000194,2025-12-22T09:15:58
emp_000025,acct_000194,2025-07-14T12:22:07
emp_000025,acct_000162,2025-06-03T15:39:59
emp_000025,acct_000162,2025-10-09T17:05:02
emp_000025,acct_000194,2025-11-28T11:39:01
emp_000025,acct_000162,2025-02-03T18:51:42
emp_000025,acct_000194,2025-02-13T18:57:25
emp_000025,acct_000162,2025-07-10T15:20:35
emp_000025,acct_000194,2025-02-10T15:32:13
emp_000025,acct_000194,2025-11-03T11:46:17
emp_000025,acct_000162,2025-09-12T18:52:46
emp_000025,acct_000194,2025-03-25T15:20:24
emp_000025,acct_000194,2025-03-21T10:55:12
emp_000025,acct_000194,2025-08-04T17:44:48
emp_000025,acct_000194,2025-06-16T12:37:41
emp_000025,acct_000194,2026-01-01T12:16:25
emp_000025,acct_000162,2025-06-30T12:35:57
emp_000025,acct_000162,2025-12-29T16:33:32
emp_000025,acct_000194,2025-10-09T12:38:53
emp_000025,acct_000162,2025-03-31T13:47:12
emp_000025,acct_000194,2025-06-27T11:30:12
emp_000025,acct_000194,2025-12-29T15:22:40
emp_000025,acct_000194,2025-04-16T18:11:53
emp_000025,acct_000194,2025-03-09T09:10:01
emp_000025,acct_000162,2025-09-05T16:50:43
emp_000025,acct_000194,2025-10-27T11:44:53
emp_000025,acct_000194,2025-09-11T18:02:00
emp_000025,acct_000194,2025-04-02T09:07:59
emp_000025,acct_000194,2025-08-01T13:36:05
emp_000025,acct_000162,2025-11-10T12:53:04
emp_000025,acct_000162,2025-01-27T15:13:05
emp_000025,acct_000162,2025-08-12T09:38:37
emp_000025,acct_000162,2025-03-17T13:01:44
emp_000025,acct_000194,2025-06-18T11:34:18
emp_000025,acct_000162,2025-03-17T12:05:54
emp_000025,acct_000162,2025-09-01T11:32:43
emp_000025,acct_000194,2025-11-25T18:58:27
emp_000025,acct_000194,2025-03-07T10:32:47
emp_000025,acct_000162,2025-04-08T14:55:25
emp_000025,acct_000194,2025-06-30T16:15:18
emp_000025,acct_000162,2025-10-27T11:33:39
emp_000026,acct_000193,2025-01-14T18:38:29
emp_000026,acct_000042,2025-02-14T10:10:15
emp_000026,acct_000177,2025-02-27T17:41:44
emp_000026,acct_000177,2025-08-26T15:53:36
emp_000026,acct_000193,2025-06-30T17:12:31
emp_000026,acct_000193,2025-01-03T16:49:05
emp_000026,acct_000193,2025-12-01T18:11:38
emp_000026,acct_000177,2025-09-25T14:00:02
emp_000026,acct_000193,2025-04-21T18:28:45
emp_000026,acct_000177,2025-12-01T17:59:21
emp_000026,acct_000042,2025-09-05T17:43:54
emp_000026,acct_000042,2025-12-03T16:23:37
emp_000026,acct_000177,2025-09-29T15:39:22
emp_000026,acct_000042,2025-12-08T15:59:38
emp_000026,acct_000042,2025-03-11T10:01:43
emp_000026,acct_000042,2025-11-03T17:07:19
emp_000026,acct_000042,2025-05-06T16:48:17
emp_000026,acct_000042,2025-06-26T18:00:34
emp_000026,acct_000193,2025-01-17T15:37:20
emp_000026,acct_000193,2025-02-10T17:53:37
emp_000026,acct_000042,2025-01-27T15:12:40
emp_000026,acct_000177,2025-06-17T13:49:45
emp_000026,acct_000193,2025-05-20T17:33:15
emp_000026,acct_000193,2025-08-11T14:22:23
emp_000026,acct_000177,2025-11-05T11:42:01
emp_000026,acct_000042,2025-09-30T15:26:59
emp_000026,acct_000193,2025-10-27T13:59:08
emp_000026,acct_000177,2025-01-03T10:56:07
emp_000026,acct_000042,2025-02-10T14:12:48
emp_000026,acct_000177,2025-07-16T12:42:50
emp_000026,acct_000193,2025-10-27T13:55:49
emp_000026,acct_000177,2025-04-03T15:00:22
emp_000026,acct_000177,2025-10-06T18:42:25
emp_000026,acct_000193,2025-06-27T13:31:19
emp_000026,acct_000177,2025-10-14T18:57:13
emp_000026,acct_000193,2025-09-15T17:12:12
emp_000026,acct_000193,2025-10-13T11:04:08
emp_000026,acct_000177,2025-09-12T11:29:46
emp_000026,acct_000177,2025-03-21T10:30:15
emp_000026,acct_000042,2025-01-06T14:05:57
emp_000026,acct_000177,2025-09-05T13:52:52
emp_000026,acct_000042,2025-02-12T18:04:05
emp_000026,acct_000042,2025-06-16T13:38:58
emp_000026,acct_000042,2025-01-13T10:21:48
emp_000026,acct_000177,2025-03-05T13:15:45
emp_000026,acct_000042,2025-02-03T15:11:52
emp_000005,acct_000084,2025-01-28T14:32:02
emp_000005,acct_000084,2025-05-13T17:07:36
emp_000005,acct_000041,2025-10-30T12:48:51
emp_000005,acct_000084,2025-12-05T14:28:11
emp_000005,acct_000084,2025-06-23T12:57:17
emp_000005,acct_000041,2025-03-18T16:24:47
emp_000005,acct_000084,2025-07-08T11:58:51
emp_000005,acct_000084,2025-12-16T14:24:39
emp_000005,acct_000041,2025-04-29T09:26:11
emp_000005,acct_000084,2025-10-08T14:09:31
emp_000005,acct_000084,2025-04-06T17:35:23
emp_000005,acct_000041,2025-02-10T15:46:43
emp_000005,acct_000041,2025-12-15T09:44:01
emp_000005,acct_000041,2025-10-01T10:25:14
emp_000005,acct_000041,2025-12-19T18:45:20
emp_000005,acct_000041,2025-10-17T12:59:30
emp_000005,acct_000084,2025-10-06T12:17:57
emp_000005,acct_000084,2025-10-27T11:28:41
emp_000005,acct_000084,2025-07-17T12:00:22
emp_000005,acct_000041,2025-06-24T12:25:38
emp_000005,acct_000084,2025-12-31T18:44:28
emp_000005,acct_000041,2025-10-15T15:49:51
emp_000005,acct_000084,2025-02-14T18:44:58
emp_000005,acct_000041,2025-03-10T10:22:01
emp_000005,acct_000084,2025-06-10T09:49:56
emp_000005,acct_000041,2025-06-23T09:52:47
emp_000005,acct_000041,2025-09-01T17:34:52
emp_000005,acct_000084,2025-11-17T10:43:14
emp_000005,acct_000084,2025-01-30T17:29:37
emp_000005,acct_000041,2025-11-04T09:21:53
emp_000005,acct_000041,2025-12-15T16:29:30
emp_000005,acct_000041,2025-06-09T11:15:42
emp_000005,acct_000084,2025-06-03T12:24:30
emp_000005,acct_000084,2025-03-27T16:15:15
emp_000005,acct_000084,2025-11-10T13:57:09
emp_000005,acct_000041,2025-11-04T10:25:54
emp_000005,acct_000084,2025-06-27T14:08:12
emp_000005,acct_000041,2025-07-14T09:06:50
emp_000005,acct_000084,2025-05-13T16:55:56
emp_000005,acct_000041,2025-05-05T10:02:56
emp_000005,acct_000084,2025-03-27T13:14:47
emp_000005,acct_000041,2025-02-17T09:32:09
emp_000005,acct_000041,2025-10-06T11:52:59
emp_000005,acct_000041,2025-06-03T16:49:33
emp_000005,acct_000084,2025-04-24T10:15:42
emp_000005,acct_000041,2025-02-19T14:36:36
emp_000052,acct_000401,2025-07-01T17:55:12
emp_000042,acct_000439,2025-06-05T16:50:17
emp_000036,acct_000510,2025-06-02T10:39:37
emp_000036,acct_000579,2025-06-03T16:37:47
emp_000043,acct_000453,2025-06-09T16:12:12
emp_000050,acct_000642,2025-09-01T15:50:13
emp_000047,acct_000343,2025-04-23T12:49:31
emp_000056,acct_000365,2025-02-05T15:10:36
emp_000056,acct_000301,2025-11-05T14:40:18
emp_000047,acct_000585,2025-02-25T15:53:27
emp_000053,acct_000444,2025-08-03T17:06:05
emp_000047,acct_000616,2025-01-29T17:32:08
emp_000047,acct_000404,2025-02-24T17:21:28
emp_000053,acct_000417,2025-11-24T13:38:15
emp_000037,acct_000576,2025-03-12T11:50:01
emp_000038,acct_000362,2025-10-13T17:02:35
emp_000053,acct_000426,2025-08-13T12:41:08
emp_000037,acct_000315,2025-12-08T15:34:22
emp_000053,acct_000267,2026-01-01T12:55:45
emp_000041,acct_000361,2025-03-27T12:53:21
emp_000034,acct_000300,2025-10-15T09:50:39
emp_000056,acct_000402,2025-09-24T16:55:56
emp_000045,acct_000226,2025-02-26T16:45:29
emp_000037,acct_000560,2025-05-13T12:16:46
emp_000048,acct_000627,2025-12-15T13:38:20
emp_000050,acct_000249,2025-01-23T15:23:04
emp_000043,acct_000580,2025-09-12T16:24:23
emp_000046,acct_000335,2025-03-06T10:17:34
emp_000035,acct_000413,2025-11-04T17:31:48
emp_000043,acct_000441,2025-07-28T10:46:34
emp_000035,acct_000413,2025-01-15T15:03:25
emp_000034,acct_000401,2025-11-20T18:43:09
emp_000050,acct_000347,2025-12-15T17:49:19
emp_000041,acct_000649,2025-01-27T13:04:19
emp_000037,acct_000430,2025-12-30T18:20:42
emp_000046,acct_000547,2025-06-14T18:39:50
emp_000040,acct_000434,2025-02-19T15:54:16
emp_000049,acct_000322,2025-11-17T13:58:36
emp_000042,acct_000583,2025-10-13T14:42:07
emp_000048,acct_000590,2025-06-25T18:16:09
emp_000043,acct_000264,2025-05-16T11:58:08
emp_000034,acct_000508,2025-06-20T18:24:07
emp_000046,acct_000243,2025-07-01T10:55:57
emp_000035,acct_000634,2025-11-10T14:51:08
emp_000043,acct_000391,2025-10-29T13:51:21
emp_000055,acct_000635,2025-12-15T18:16:49
emp_000037,acct_000443,2025-07-22T10:07:34
emp_000053,acct_000397,2025-02-11T13:25:33
emp_000042,acct_000318,2025-10-27T15:38:45
emp_000045,acct_000375,2025-11-20T11:10:55
emp_000052,acct_000656,2025-07-28T15:19:27
emp_000047,acct_000481,2025-06-02T11:57:06
emp_000049,acct_000652,2025-10-02T11:03:57
emp_000034,acct_000523,2025-04-14T11:54:55
emp_000041,acct_000415,2025-02-25T18:48:14
emp_000038,acct_000599,2025-04-20T12:59:20
emp_000044,acct_000597,2025-07-16T10:18:34
emp_000036,acct_000324,2025-09-03T17:03:42
emp_000044,acct_000590,2025-09-21T18:51:45
emp_000048,acct_000223,2025-04-02T14:51:01
emp_000046,acct_000350,2025-01-06T14:13:38
emp_000038,acct_000450,2025-02-12T13:50:03
emp_000426,acct_002137,2025-12-28T15:29:04
emp_000035,acct_002168,2025-08-05T17:08:26
emp_000022,acct_002102,2025-11-19T12:16:38
emp_000332,acct_002187,2025-03-21T04:39:57
emp_000263,acct_002124,2025-08-03T21:58:02
emp_000503,acct_002259,2025-02-26T11:14:04
emp_000510,acct_002127,2025-07-21T07:24:37
emp_000104,acct_002103,2025-10-16T12:15:07
emp_000256,acct_002128,2025-11-29T09:41:42
emp_000167,acct_002258,2025-10-12T04:45:44
