transaction_id,account_id,device_id,ip_id,payment_token_id,merchant_id,amount,currency,txn_type,event_timestamp,ingestion_timestamp
txn_001348,acct_000916,device_000380,ip_000469,token_000027,merchant_000007,4.52,USD,purchase,2025-01-01T05:53:22,2025-01-01T05:56:27
txn_002647,acct_001059,device_000348,ip_000138,token_000078,merchant_000057,7.94,USD,purchase,2025-01-01T08:35:18,2025-01-01T08:35:41
txn_003462,acct_000562,device_000217,ip_000470,token_000493,merchant_000054,115.49,USD,purchase,2025-01-01T09:03:40,2025-01-01T09:04:31
txn_003110,acct_000554,device_000241,ip_000140,token_000004,merchant_000011,111.36,USD,purchase,2025-01-01T09:24:11,2025-01-01T09:25:47
txn_001207,acct_000121,device_000094,ip_000060,token_001177,merchant_000048,93.16,USD,purchase,2025-01-01T09:33:36,2025-01-01T09:37:23
txn_003753,acct_000400,device_000089,ip_000253,token_000778,merchant_000062,86.71,USD,purchase,2025-01-01T09:42:14,2025-01-01T09:44:20
txn_001385,acct_000077,device_000194,ip_000343,token_001148,merchant_000070,18.87,USD,purchase,2025-01-01T11:23:37,2025-01-01T11:27:37
txn_002809,acct_000200,device_000082,ip_000339,token_000126,merchant_000038,29.88,USD,purchase,2025-01-01T14:19:26,2025-01-01T14:20:30
txn_003089,acct_000369,device_000292,ip_000265,token_001213,merchant_000010,15.37,USD,purchase,2025-01-01T16:27:00,2025-01-01T16:29:25
txn_003451,acct_000683,device_000087,ip_000228,token_000189,merchant_000078,22.31,USD,purchase,2025-01-01T17:57:00,2025-01-01T17:58:57
txn_001648,acct_000093,device_000027,ip_000111,token_001122,merchant_000042,17.58,USD,purchase,2025-01-01T23:06:59,2025-01-01T23:10:04
txn_001764,acct_000341,device_000511,ip_000343,token_000264,merchant_000038,224.05,USD,purchase,2025-01-02T00:21:42,2025-01-02T00:22:19
txn_002141,acct_000536,device_000570,ip_000011,token_001070,merchant_000057,49.64,USD,purchase,2025-01-02T01:45:13,2025-01-02T01:48:57
txn_001223,acct_000025,device_000209,ip_000354,token_001186,merchant_000016,15.17,USD,purchase,2025-01-02T04:00:04,2025-01-02T04:00:13
txn_001193,acct_000035,device_000469,ip_000428,token_000828,merchant_000024,6.49,USD,purchase,2025-01-02T08:41:59,2025-01-02T08:43:24
txn_000996,acct_000107,device_000141,ip_000036,token_000194,merchant_000076,5.94,USD,purchase,2025-01-02T13:22:14,2025-01-02T13:24:15
txn_002674,acct_000161,device_000433,ip_000129,token_000273,merchant_000031,9.06,USD,purchase,2025-01-02T16:18:22,2025-01-02T16:21:26
txn_001540,acct_000317,device_000130,ip_000207,token_000021,merchant_000004,70.39,USD,purchase,2025-01-02T17:11:17,2025-01-02T17:11:30
txn_001789,acct_000944,device_000485,ip_000187,token_001075,merchant_000061,15.34,USD,purchase,2025-01-02T18:38:45,2025-01-02T18:42:32
txn_002156,acct_001106,device_000287,ip_000229,token_000625,merchant_000050,9.67,USD,purchase,2025-01-02T21:51:23,2025-01-02T21:55:23
txn_000624,acct_000580,device_000127,ip_000028,token_001001,merchant_000040,16.66,USD,purchase,2025-01-02T23:26:40,2025-01-02T23:26:41
txn_001730,acct_000045,device_000315,ip_000209,token_000283,merchant_000041,113.1,USD,purchase,2025-01-03T06:11:10,2025-01-03T06:12:49
txn_004160,acct_000100,device_000019,ip_000007,token_001033,merchant_000076,2.53,USD,purchase,2025-01-03T16:07:33,2025-01-03T16:09:37
txn_000789,acct_000523,device_000521,ip_000058,token_000936,merchant_000003,16.6,USD,purchase,2025-01-03T19:37:37,2025-01-03T19:41:17
txn_002911,acct_000802,device_000182,ip_000204,token_000082,merchant_000062,123.97,USD,purchase,2025-01-03T19:46:47,2025-01-03T19:48:59
txn_000975,acct_000865,device_000323,ip_000491,token_001161,merchant_000024,56.46,USD,purchase,2025-01-03T21:20:01,2025-01-03T21:21:06
txn_002720,acct_000274,device_000413,ip_000099,token_001097,merchant_000070,52.8,USD,purchase,2025-01-03T22:25:45,2025-01-03T22:26:28
txn_003672,acct_000816,device_000391,ip_000381,token_000147,merchant_000070,24.43,USD,purchase,2025-01-04T08:57:19,2025-01-04T08:57:45
txn_000638,acct_000286,device_000480,ip_000452,token_000939,merchant_000036,101.04,USD,purchase,2025-01-04T13:00:18,2025-01-04T13:03:58
txn_001363,acct_000357,device_000492,ip_000279,token_000974,merchant_000026,9.87,USD,purchase,2025-01-04T17:52:34,2025-01-04T17:53:22
txn_002597,acct_000110,device_000048,ip_000320,token_000487,merchant_000067,109.78,USD,purchase,2025-01-04T18:08:00,2025-01-04T18:11:07
txn_003978,acct_000019,device_000061,ip_000439,token_000310,merchant_000018,34.53,USD,purchase,2025-01-04T18:55:07,2025-01-04T18:55:56
txn_001344,acct_001094,device_000029,ip_000136,token_000594,merchant_000041,47.56,USD,purchase,2025-01-04T20:03:14,2025-01-04T20:05:58
txn_000653,acct_000119,device_000244,ip_000119,token_000189,merchant_000076,3.19,USD,purchase,2025-01-04T21:40:10,2025-01-04T21:43:58
txn_001895,acct_000080,device_000195,ip_000031,token_000630,merchant_000038,20.03,USD,purchase,2025-01-04T23:39:20,2025-01-04T23:42:12
txn_000168,acct_000118,device_000180,ip_000328,token_001013,merchant_000057,4.76,USD,purchase,2025-01-05T03:49:41,2025-01-05T03:53:07
txn_004016,acct_000024,device_000489,ip_000136,token_000740,merchant_000048,8.2,USD,purchase,2025-01-05T08:10:55,2025-01-05T08:12:06
txn_003270,acct_000052,device_000557,ip_000127,token_000218,merchant_000025,33.41,USD,purchase,2025-01-05T10:35:37,2025-01-05T10:37:16
txn_004169,acct_000086,device_000013,ip_000001,token_001072,merchant_000015,34.19,USD,purchase,2025-01-05T11:43:21,2025-01-05T11:46:11
txn_000274,acct_000972,device_000269,ip_000075,token_001087,merchant_000056,3.43,USD,purchase,2025-01-05T14:34:17,2025-01-05T14:35:55
txn_003654,acct_000152,device_000505,ip_000156,token_000902,merchant_000076,12.79,USD,purchase,2025-01-05T14:36:51,2025-01-05T14:40:04
txn_000468,acct_000663,device_000178,ip_000008,token_000824,merchant_000041,16.67,USD,purchase,2025-01-05T15:40:28,2025-01-05T15:40:45
txn_002560,acct_000620,device_000208,ip_000045,token_000050,merchant_000080,22.95,USD,purchase,2025-01-05T16:04:39,2025-01-05T16:07:02
txn_003144,acct_000786,device_000159,ip_000481,token_000347,merchant_000020,46.43,USD,purchase,2025-01-05T16:04:43,2025-01-05T16:05:36
txn_000898,acct_000517,device_000223,ip_000262,token_000049,merchant_000040,12.76,USD,purchase,2025-01-05T19:12:24,2025-01-05T19:13:50
txn_002679,acct_000166,device_000119,ip_000286,token_001055,merchant_000020,31.22,USD,purchase,2025-01-05T23:55:34,2025-01-05T23:57:24
txn_003267,acct_000306,device_000306,ip_000323,token_000524,merchant_000035,38.45,USD,purchase,2025-01-06T01:27:17,2025-01-06T01:27:43
txn_000654,acct_000119,device_000244,ip_000119,token_000189,merchant_000076,-3.19,USD,refund,2025-01-06T05:40:10,2025-01-06T05:43:39
txn_000530,acct_000044,device_000130,ip_000080,token_000705,merchant_000065,47.51,USD,purchase,2025-01-06T07:13:02,2025-01-06T07:15:56
txn_002527,acct_000302,device_000265,ip_000127,token_000899,merchant_000070,10.37,USD,purchase,2025-01-06T15:59:17,2025-01-06T16:02:43
txn_003818,acct_000331,device_000446,ip_000346,token_000506,merchant_000046,122.75,USD,purchase,2025-01-06T16:41:45,2025-01-06T16:44:25
txn_001444,acct_000751,device_000361,ip_000239,token_001026,merchant_000005,10.6,USD,purchase,2025-01-06T17:17:52,2025-01-06T17:21:35
txn_002361,acct_001028,device_000465,ip_000199,token_000212,merchant_000044,322.35,USD,purchase,2025-01-06T18:48:44,2025-01-06T18:50:56
txn_003973,acct_000033,device_000066,ip_000381,token_001005,merchant_000062,18.71,USD,purchase,2025-01-06T20:30:29,2025-01-06T20:31:20
txn_003182,acct_000421,device_000044,ip_000436,token_000694,merchant_000025,139.55,USD,purchase,2025-01-06T20:51:44,2025-01-06T20:55:32
txn_003492,acct_000627,device_000080,ip_000033,token_000434,merchant_000045,213.18,USD,purchase,2025-01-06T23:42:06,2025-01-06T23:45:28
txn_001184,acct_000446,device_000462,ip_000361,token_001132,merchant_000014,52.8,USD,purchase,2025-01-07T01:07:08,2025-01-07T01:11:02
txn_000291,acct_000084,device_000137,ip_000052,token_000771,merchant_000021,64.09,USD,purchase,2025-01-07T01:41:06,2025-01-07T01:42:19
txn_003489,acct_000284,device_000288,ip_000436,token_000134,merchant_000029,5.91,USD,purchase,2025-01-07T01:59:15,2025-01-07T02:02:49
txn_001783,acct_000836,device_000216,ip_000421,token_000244,merchant_000072,3.6,USD,purchase,2025-01-07T02:07:22,2025-01-07T02:07:26
txn_002638,acct_001095,device_000214,ip_000200,token_000909,merchant_000056,19.91,USD,purchase,2025-01-07T03:54:37,2025-01-07T03:55:03
txn_000981,acct_000156,device_000281,ip_000275,token_001120,merchant_000054,26.3,USD,purchase,2025-01-07T08:19:53,2025-01-07T08:23:17
txn_001565,acct_000788,device_000076,ip_000379,token_001095,merchant_000039,6.3,USD,purchase,2025-01-07T09:16:05,2025-01-07T09:18:28
txn_002878,acct_000784,device_000448,ip_000046,token_000474,merchant_000037,48.92,USD,purchase,2025-01-07T11:09:04,2025-01-07T11:11:52
txn_002293,acct_000244,device_000528,ip_000140,token_000761,merchant_000053,34.05,USD,purchase,2025-01-07T11:15:58,2025-01-07T11:16:37
txn_004181,acct_000112,device_000050,ip_000052,token_000669,merchant_000046,34.1,USD,purchase,2025-01-07T11:56:12,2025-01-07T11:56:13
txn_002055,acct_000829,device_000308,ip_000037,token_000009,merchant_000050,9.9,USD,purchase,2025-01-07T13:43:07,2025-01-07T13:46:35
txn_002022,acct_001055,device_000135,ip_000143,token_000839,merchant_000032,75.67,USD,purchase,2025-01-07T18:38:25,2025-01-07T18:41:36
txn_003423,acct_000086,device_000308,ip_000370,token_000604,merchant_000044,498.03,USD,purchase,2025-01-07T21:33:33,2025-01-07T21:35:54
txn_001413,acct_000427,device_000224,ip_000002,token_000125,merchant_000003,28.42,USD,purchase,2025-01-08T01:23:28,2025-01-08T01:26:52
txn_002883,acct_000533,device_000366,ip_000109,token_001212,merchant_000071,132.57,USD,purchase,2025-01-08T01:25:59,2025-01-08T01:29:14
txn_001590,acct_000110,device_000136,ip_000460,token_001016,merchant_000035,304.25,USD,purchase,2025-01-08T04:27:25,2025-01-08T04:29:27
txn_000660,acct_000174,device_000062,ip_000143,token_000787,merchant_000064,74.63,USD,purchase,2025-01-08T07:40:49,2025-01-08T07:41:01
txn_004170,acct_000084,device_000017,ip_000002,token_000796,merchant_000079,20.75,USD,purchase,2025-01-08T08:05:09,2025-01-08T08:07:51
txn_003137,acct_000014,device_000503,ip_000102,token_000457,merchant_000048,66.57,USD,purchase,2025-01-08T09:08:23,2025-01-08T09:09:47
txn_000389,acct_001052,device_000500,ip_000119,token_000125,merchant_000068,19.78,USD,purchase,2025-01-08T09:16:33,2025-01-08T09:16:50
txn_003647,acct_000966,device_000377,ip_000048,token_000051,merchant_000005,50.69,USD,purchase,2025-01-08T12:20:09,2025-01-08T12:23:50
txn_001068,acct_000844,device_000134,ip_000306,token_000281,merchant_000045,27.53,USD,purchase,2025-01-08T13:24:12,2025-01-08T13:27:56
txn_001139,acct_000995,device_000479,ip_000064,token_000517,merchant_000005,46.4,USD,purchase,2025-01-08T15:07:52,2025-01-08T15:08:53
txn_003505,acct_000633,device_000383,ip_000173,token_000432,merchant_000004,8.97,USD,purchase,2025-01-08T15:41:33,2025-01-08T15:44:52
txn_003445,acct_001081,device_000508,ip_000102,token_000130,merchant_000038,145.1,USD,purchase,2025-01-08T18:54:10,2025-01-08T18:57:46
txn_003084,acct_000203,device_000409,ip_000473,token_000561,merchant_000030,68.51,USD,purchase,2025-01-08T22:47:57,2025-01-08T22:48:32
txn_003791,acct_000114,device_000369,ip_000015,token_000715,merchant_000080,59.98,USD,purchase,2025-01-09T02:03:24,2025-01-09T02:05:14
txn_003266,acct_000097,device_000474,ip_000148,token_000427,merchant_000075,103.46,USD,purchase,2025-01-09T02:31:10,2025-01-09T02:35:06
txn_003741,acct_001111,device_000538,ip_000155,token_000300,merchant_000003,84.7,USD,purchase,2025-01-09T02:34:13,2025-01-09T02:36:58
txn_003021,acct_000199,device_000392,ip_000029,token_000756,merchant_000072,172.7,USD,purchase,2025-01-09T04:18:18,2025-01-09T04:21:10
txn_000358,acct_000297,device_000372,ip_000244,token_000754,merchant_000040,443.71,USD,purchase,2025-01-09T04:25:33,2025-01-09T04:25:42
txn_000471,acct_000477,device_000516,ip_000301,token_000028,merchant_000030,205.84,USD,purchase,2025-01-09T05:43:22,2025-01-09T05:44:42
txn_002454,acct_000341,device_000471,ip_000282,token_000874,merchant_000067,1.91,USD,purchase,2025-01-09T06:55:09,2025-01-09T06:59:05
txn_003369,acct_001042,device_000374,ip_000404,token_000164,merchant_000079,6.9,USD,purchase,2025-01-09T09:37:19,2025-01-09T09:39:48
txn_002967,acct_000071,device_000354,ip_000245,token_001124,merchant_000078,63.72,USD,purchase,2025-01-09T19:31:25,2025-01-09T19:34:25
txn_001069,acct_000330,device_000579,ip_000359,token_000137,merchant_000034,16.33,USD,purchase,2025-01-09T19:54:22,2025-01-09T19:56:39
txn_001118,acct_000334,device_000216,ip_000447,token_001169,merchant_000012,107.14,USD,purchase,2025-01-09T20:53:22,2025-01-09T20:54:05
txn_001568,acct_000486,device_000030,ip_000074,token_000748,merchant_000018,33.42,USD,purchase,2025-01-10T01:13:22,2025-01-10T01:16:19
txn_000893,acct_000811,device_000020,ip_000262,token_000594,merchant_000064,70.6,USD,purchase,2025-01-10T03:09:29,2025-01-10T03:11:50
txn_001424,acct_000449,device_000057,ip_000136,token_000874,merchant_000053,13.91,USD,purchase,2025-01-10T03:19:50,2025-01-10T03:20:13
txn_001765,acct_000773,device_000018,ip_000164,token_000177,merchant_000076,29.06,USD,purchase,2025-01-10T08:30:50,2025-01-10T08:31:44
txn_000892,acct_000535,device_000233,ip_000123,token_000116,merchant_000072,12.29,USD,purchase,2025-01-10T09:47:42,2025-01-10T09:48:22
txn_002403,acct_000685,device_000339,ip_000379,token_000227,merchant_000074,76.05,USD,purchase,2025-01-10T12:49:15,2025-01-10T12:50:34
txn_003584,acct_000495,device_000349,ip_000121,token_001181,merchant_000012,11.21,USD,purchase,2025-01-10T12:54:09,2025-01-10T12:55:07
txn_003441,acct_001061,device_000239,ip_000139,token_000546,merchant_000029,4.63,USD,purchase,2025-01-10T13:46:44,2025-01-10T13:49:41
txn_002130,acct_000301,device_000116,ip_000002,token_000691,merchant_000029,23.48,USD,purchase,2025-01-10T15:59:47,2025-01-10T16:03:43
txn_002300,acct_001079,device_000571,ip_000388,token_000383,merchant_000071,11.72,USD,purchase,2025-01-10T19:16:30,2025-01-10T19:18:52
txn_001101,acct_000244,device_000085,ip_000416,token_000877,merchant_000043,60.77,USD,purchase,2025-01-10T20:42:19,2025-01-10T20:43:18
txn_002628,acct_000352,device_000267,ip_000167,token_000403,merchant_000010,39.09,USD,purchase,2025-01-10T23:38:40,2025-01-10T23:39:45
txn_003245,acct_000039,device_000364,ip_000127,token_000790,merchant_000042,13.23,USD,purchase,2025-01-11T01:14:58,2025-01-11T01:17:13
txn_003353,acct_000021,device_000312,ip_000129,token_000934,merchant_000048,5.18,USD,purchase,2025-01-11T04:26:47,2025-01-11T04:30:22
txn_002746,acct_000730,device_000538,ip_000010,token_000392,merchant_000029,27.64,USD,purchase,2025-01-11T05:08:17,2025-01-11T05:11:48
txn_000820,acct_000084,device_000252,ip_000281,token_000318,merchant_000036,23.05,USD,purchase,2025-01-11T05:41:07,2025-01-11T05:42:04
txn_002151,acct_000729,device_000455,ip_000131,token_000544,merchant_000043,32.79,USD,purchase,2025-01-11T09:52:47,2025-01-11T09:54:39
txn_002529,acct_000379,device_000075,ip_000080,token_000511,merchant_000001,28.52,USD,purchase,2025-01-11T10:23:23,2025-01-11T10:26:12
txn_002098,acct_000589,device_000298,ip_000404,token_000679,merchant_000071,6.76,USD,purchase,2025-01-11T16:01:57,2025-01-11T16:02:34
txn_001955,acct_000533,device_000392,ip_000344,token_000276,merchant_000022,76.65,USD,purchase,2025-01-11T20:03:31,2025-01-11T20:05:45
txn_001382,acct_000492,device_000483,ip_000249,token_000373,merchant_000059,106.96,USD,purchase,2025-01-11T22:35:30,2025-01-11T22:37:18
txn_003055,acct_000858,device_000437,ip_000104,token_000847,merchant_000065,23.15,USD,purchase,2025-01-12T05:46:24,2025-01-12T05:50:00
txn_003162,acct_000693,device_000103,ip_000106,token_000454,merchant_000017,33.47,USD,purchase,2025-01-12T09:15:56,2025-01-12T09:16:11
txn_001425,acct_000875,device_000071,ip_000180,token_000184,merchant_000017,36.5,USD,purchase,2025-01-12T09:42:08,2025-01-12T09:44:25
txn_001188,acct_000310,device_000116,ip_000331,token_001126,merchant_000064,8.05,USD,purchase,2025-01-12T16:23:56,2025-01-12T16:27:42
txn_000559,acct_000152,device_000489,ip_000429,token_001217,merchant_000021,11.29,USD,purchase,2025-01-12T17:21:05,2025-01-12T17:22:08
txn_002163,acct_000058,device_000429,ip_000172,token_000517,merchant_000067,49.8,USD,purchase,2025-01-12T18:00:22,2025-01-12T18:04:19
txn_002514,acct_000399,device_000068,ip_000285,token_000929,merchant_000029,50.53,USD,purchase,2025-01-12T18:36:50,2025-01-12T18:38:23
txn_000832,acct_000903,device_000182,ip_000260,token_000305,merchant_000057,862.95,USD,purchase,2025-01-12T18:48:17,2025-01-12T18:52:05
txn_001607,acct_000100,device_000554,ip_000314,token_001096,merchant_000029,15.64,USD,purchase,2025-01-12T19:19:07,2025-01-12T19:20:16
txn_002531,acct_000436,device_000418,ip_000335,token_000095,merchant_000027,6.55,USD,purchase,2025-01-12T23:19:14,2025-01-12T23:20:41
txn_000914,acct_001007,device_000033,ip_000256,token_000655,merchant_000045,10.22,USD,purchase,2025-01-13T01:19:00,2025-01-13T01:22:25
txn_002502,acct_000124,device_000228,ip_000073,token_000518,merchant_000060,21.51,USD,purchase,2025-01-13T01:42:20,2025-01-13T01:42:55
txn_000670,acct_000768,device_000482,ip_000483,token_000603,merchant_000080,80.5,USD,purchase,2025-01-13T02:24:29,2025-01-13T02:27:49
txn_003547,acct_000418,device_000107,ip_000233,token_000670,merchant_000013,51.71,USD,purchase,2025-01-13T03:19:03,2025-01-13T03:20:37
txn_001525,acct_000099,device_000209,ip_000016,token_001051,merchant_000070,33.99,USD,purchase,2025-01-13T05:05:34,2025-01-13T05:09:14
txn_004119,acct_000067,device_000026,ip_000010,token_000962,merchant_000066,13.38,USD,purchase,2025-01-13T06:08:26,2025-01-13T06:10:43
txn_004120,acct_000060,device_000026,ip_000010,token_000108,merchant_000003,11.77,USD,purchase,2025-01-13T06:08:29,2025-01-13T06:12:27
txn_004121,acct_000065,device_000026,ip_000010,token_000237,merchant_000039,4.81,USD,purchase,2025-01-13T06:08:32,2025-01-13T06:11:16
txn_004122,acct_000065,device_000026,ip_000010,token_000295,merchant_000001,11.04,USD,purchase,2025-01-13T06:08:35,2025-01-13T06:11:43
txn_004123,acct_000071,device_000026,ip_000010,token_000057,merchant_000036,12.68,USD,purchase,2025-01-13T06:08:38,2025-01-13T06:10:28
txn_004124,acct_000056,device_000026,ip_000010,token_001143,merchant_000016,12.19,USD,purchase,2025-01-13T06:08:41,2025-01-13T06:11:18
txn_004125,acct_000069,device_000026,ip_000010,token_000991,merchant_000014,3.06,USD,purchase,2025-01-13T06:08:44,2025-01-13T06:08:55
txn_004126,acct_000068,device_000026,ip_000010,token_000748,merchant_000078,9.53,USD,purchase,2025-01-13T06:08:47,2025-01-13T06:08:48
txn_004127,acct_000059,device_000026,ip_000010,token_000461,merchant_000055,12.18,USD,purchase,2025-01-13T06:08:50,2025-01-13T06:11:50
txn_004128,acct_000057,device_000026,ip_000010,token_001113,merchant_000049,13.09,USD,purchase,2025-01-13T06:08:53,2025-01-13T06:11:49
txn_004129,acct_000056,device_000026,ip_000010,token_000745,merchant_000004,13.23,USD,purchase,2025-01-13T06:08:56,2025-01-13T06:12:54
txn_004130,acct_000062,device_000026,ip_000010,token_000604,merchant_000068,8.66,USD,purchase,2025-01-13T06:08:59,2025-01-13T06:11:57
txn_004131,acct_000060,device_000026,ip_000010,token_000533,merchant_000057,5.23,USD,purchase,2025-01-13T06:09:02,2025-01-13T06:12:12
txn_004132,acct_000065,device_000026,ip_000010,token_000639,merchant_000037,12.17,USD,purchase,2025-01-13T06:09:05,2025-01-13T06:11:57
txn_004133,acct_000068,device_000026,ip_000010,token_000183,merchant_000077,6.58,USD,purchase,2025-01-13T06:09:08,2025-01-13T06:09:31
txn_004134,acct_000061,device_000026,ip_000010,token_000765,merchant_000002,2.6,USD,purchase,2025-01-13T06:09:11,2025-01-13T06:12:04
txn_004135,acct_000062,device_000026,ip_000010,token_000276,merchant_000014,6.49,USD,purchase,2025-01-13T06:09:14,2025-01-13T06:12:52
txn_004136,acct_000070,device_000026,ip_000010,token_000308,merchant_000049,10.36,USD,purchase,2025-01-13T06:09:17,2025-01-13T06:12:11
txn_004137,acct_000059,device_000026,ip_000010,token_000460,merchant_000068,8.49,USD,purchase,2025-01-13T06:09:20,2025-01-13T06:13:19
txn_004138,acct_000058,device_000026,ip_000010,token_000809,merchant_000061,12.73,USD,purchase,2025-01-13T06:09:23,2025-01-13T06:11:57
txn_002761,acct_001018,device_000322,ip_000220,token_000570,merchant_000028,20.65,USD,purchase,2025-01-13T07:26:14,2025-01-13T07:26:56
txn_001398,acct_000348,device_000058,ip_000479,token_000311,merchant_000005,55.09,USD,purchase,2025-01-13T08:22:28,2025-01-13T08:23:29
txn_003811,acct_000437,device_000347,ip_000493,token_000745,merchant_000014,24.85,USD,purchase,2025-01-13T10:51:08,2025-01-13T10:51:57
txn_003896,acct_000010,device_000007,ip_000018,token_000587,merchant_000053,43.08,USD,purchase,2025-01-13T11:26:09,2025-01-13T11:27:40
txn_003087,acct_000021,device_000420,ip_000231,token_000153,merchant_000003,34.0,USD,purchase,2025-01-13T12:02:49,2025-01-13T12:04:04
txn_000229,acct_000971,device_000141,ip_000084,token_000396,merchant_000029,4.99,USD,purchase,2025-01-13T12:24:04,2025-01-13T12:24:56
txn_000648,acct_000228,device_000483,ip_000480,token_000539,merchant_000004,16.22,USD,purchase,2025-01-13T12:49:20,2025-01-13T12:50:46
txn_001561,acct_000382,device_000123,ip_000058,token_001217,merchant_000052,12.08,USD,purchase,2025-01-13T13:30:37,2025-01-13T13:33:33
txn_001476,acct_000761,device_000307,ip_000452,token_000488,merchant_000080,9.89,USD,purchase,2025-01-13T15:36:56,2025-01-13T15:40:50
txn_003551,acct_000841,device_000558,ip_000293,token_000289,merchant_000019,16.16,USD,purchase,2025-01-13T15:54:25,2025-01-13T15:56:51
txn_002477,acct_000667,device_000245,ip_000339,token_000802,merchant_000018,17.08,USD,purchase,2025-01-13T19:17:08,2025-01-13T19:18:27
txn_003453,acct_000739,device_000251,ip_000125,token_000359,merchant_000012,7.86,USD,purchase,2025-01-13T20:10:50,2025-01-13T20:12:07
txn_002138,acct_001010,device_000077,ip_000331,token_001057,merchant_000055,7.77,USD,purchase,2025-01-13T22:08:56,2025-01-13T22:10:38
txn_002792,acct_000395,device_000222,ip_000145,token_000052,merchant_000044,36.06,USD,purchase,2025-01-13T22:40:14,2025-01-13T22:43:12
txn_003735,acct_000998,device_000466,ip_000132,token_000638,merchant_000013,38.99,USD,purchase,2025-01-13T23:58:40,2025-01-14T00:01:10
txn_003163,acct_000693,device_000103,ip_000106,token_000454,merchant_000017,-33.47,USD,refund,2025-01-14T01:15:56,2025-01-14T01:16:20
txn_003340,acct_000350,device_000426,ip_000265,token_000186,merchant_000030,24.29,USD,purchase,2025-01-14T11:49:41,2025-01-14T11:53:23
txn_000188,acct_000259,device_000135,ip_000270,token_000350,merchant_000004,223.7,USD,purchase,2025-01-14T15:40:05,2025-01-14T15:41:29
txn_003838,acct_000313,device_000280,ip_000300,token_000604,merchant_000015,32.45,USD,purchase,2025-01-14T18:20:26,2025-01-14T18:21:16
txn_002347,acct_000062,device_000438,ip_000137,token_000084,merchant_000064,157.66,USD,purchase,2025-01-14T21:47:52,2025-01-14T21:51:07
txn_003176,acct_000198,device_000398,ip_000127,token_000920,merchant_000079,13.14,USD,purchase,2025-01-15T01:08:56,2025-01-15T01:11:18
txn_002758,acct_001003,device_000207,ip_000345,token_000921,merchant_000060,8.76,USD,purchase,2025-01-15T08:18:52,2025-01-15T08:21:30
txn_003644,acct_000576,device_000298,ip_000334,token_000738,merchant_000023,18.9,USD,purchase,2025-01-15T11:49:07,2025-01-15T11:51:48
txn_002057,acct_000194,device_000170,ip_000165,token_000463,merchant_000051,18.25,USD,purchase,2025-01-15T13:04:35,2025-01-15T13:04:51
txn_003173,acct_000285,device_000261,ip_000105,token_000846,merchant_000012,195.21,USD,purchase,2025-01-15T18:22:56,2025-01-15T18:24:03
txn_002094,acct_000926,device_000138,ip_000067,token_000493,merchant_000042,3.7,USD,purchase,2025-01-15T20:51:16,2025-01-15T20:52:16
txn_003693,acct_000281,device_000124,ip_000447,token_000760,merchant_000009,51.44,USD,purchase,2025-01-15T22:35:23,2025-01-15T22:38:56
txn_001345,acct_000065,device_000168,ip_000205,token_000286,merchant_000059,18.64,USD,purchase,2025-01-16T04:17:38,2025-01-16T04:20:13
txn_002570,acct_000448,device_000193,ip_000277,token_000763,merchant_000028,233.82,USD,purchase,2025-01-16T08:05:41,2025-01-16T08:06:36
txn_000134,acct_000523,device_000006,ip_000170,token_000956,merchant_000020,9.35,USD,purchase,2025-01-16T12:16:23,2025-01-16T12:16:37
txn_000727,acct_000765,device_000346,ip_000248,token_000822,merchant_000039,25.1,USD,purchase,2025-01-16T14:01:44,2025-01-16T14:05:03
txn_001443,acct_001097,device_000203,ip_000249,token_000694,merchant_000030,20.68,USD,purchase,2025-01-16T15:47:40,2025-01-16T15:51:22
txn_002103,acct_001113,device_000566,ip_000276,token_000363,merchant_000052,8.82,USD,purchase,2025-01-16T16:20:21,2025-01-16T16:21:22
txn_003694,acct_000281,device_000124,ip_000447,token_000760,merchant_000009,-51.44,USD,refund,2025-01-16T16:35:23,2025-01-16T16:37:21
txn_000968,acct_000752,device_000366,ip_000342,token_001172,merchant_000012,9.82,USD,purchase,2025-01-16T16:50:00,2025-01-16T16:50:26
txn_000380,acct_000755,device_000191,ip_000223,token_000873,merchant_000012,62.92,USD,purchase,2025-01-16T16:54:37,2025-01-16T16:57:31
txn_002857,acct_001102,device_000227,ip_000065,token_000384,merchant_000077,32.15,USD,purchase,2025-01-16T17:23:53,2025-01-16T17:24:09
txn_002264,acct_000826,device_000521,ip_000164,token_000439,merchant_000065,11.22,USD,purchase,2025-01-16T18:12:11,2025-01-16T18:12:26
txn_002360,acct_000163,device_000345,ip_000464,token_000694,merchant_000076,7.17,USD,purchase,2025-01-16T22:19:18,2025-01-16T22:22:25
txn_003673,acct_000811,device_000574,ip_000425,token_000447,merchant_000079,2.7,USD,purchase,2025-01-17T05:57:15,2025-01-17T05:57:25
txn_000395,acct_000937,device_000114,ip_000055,token_000209,merchant_000072,24.94,USD,purchase,2025-01-17T07:11:00,2025-01-17T07:11:31
txn_001133,acct_000185,device_000501,ip_000083,token_000868,merchant_000067,29.17,USD,purchase,2025-01-17T13:16:45,2025-01-17T13:20:13
txn_000088,acct_000355,device_000172,ip_000109,token_000395,merchant_000017,104.3,USD,purchase,2025-01-17T13:46:05,2025-01-17T13:47:12
txn_000152,acct_000475,device_000065,ip_000136,token_000757,merchant_000030,47.46,USD,purchase,2025-01-17T15:00:12,2025-01-17T15:03:35
txn_000926,acct_000462,device_000269,ip_000209,token_000123,merchant_000056,93.16,USD,purchase,2025-01-17T15:56:23,2025-01-17T15:58:59
txn_003670,acct_000634,device_000424,ip_000475,token_000097,merchant_000011,5.36,USD,purchase,2025-01-17T18:02:33,2025-01-17T18:05:09
txn_002409,acct_001024,device_000029,ip_000266,token_000528,merchant_000039,11.83,USD,purchase,2025-01-17T18:17:01,2025-01-17T18:20:27
txn_001435,acct_000038,device_000356,ip_000434,token_000202,merchant_000013,11.99,USD,purchase,2025-01-17T23:42:31,2025-01-17T23:46:16
txn_003626,acct_000313,device_000131,ip_000060,token_000503,merchant_000043,32.43,USD,purchase,2025-01-18T00:29:59,2025-01-18T00:31:01
txn_001570,acct_000528,device_000280,ip_000323,token_001210,merchant_000018,6.35,USD,purchase,2025-01-18T00:39:45,2025-01-18T00:42:20
txn_001024,acct_000535,device_000341,ip_000282,token_000279,merchant_000023,9.87,USD,purchase,2025-01-18T02:16:57,2025-01-18T02:17:50
txn_003583,acct_000155,device_000268,ip_000165,token_000021,merchant_000078,29.85,USD,purchase,2025-01-18T05:45:39,2025-01-18T05:46:28
txn_001475,acct_000745,device_000423,ip_000434,token_000045,merchant_000022,31.73,USD,purchase,2025-01-18T07:39:14,2025-01-18T07:43:11
txn_000218,acct_000717,device_000453,ip_000320,token_000299,merchant_000057,69.71,USD,purchase,2025-01-18T10:17:20,2025-01-18T10:20:16
txn_002341,acct_000182,device_000022,ip_000092,token_001002,merchant_000056,22.9,USD,purchase,2025-01-18T10:41:26,2025-01-18T10:44:21
txn_000141,acct_001096,device_000007,ip_000329,token_000130,merchant_000075,36.92,USD,purchase,2025-01-18T16:14:52,2025-01-18T16:18:50
txn_000542,acct_000550,device_000566,ip_000061,token_000351,merchant_000029,26.83,USD,purchase,2025-01-18T17:08:20,2025-01-18T17:11:04
txn_002921,acct_000248,device_000303,ip_000163,token_000953,merchant_000033,17.27,USD,purchase,2025-01-18T22:37:34,2025-01-18T22:40:25
txn_002082,acct_000153,device_000317,ip_000401,token_000456,merchant_000029,21.26,USD,purchase,2025-01-18T23:50:49,2025-01-18T23:53:51
txn_003153,acct_000624,device_000239,ip_000263,token_000609,merchant_000031,31.76,USD,purchase,2025-01-19T02:52:33,2025-01-19T02:55:51
txn_001553,acct_000804,device_000375,ip_000128,token_000240,merchant_000051,115.34,USD,purchase,2025-01-19T05:03:21,2025-01-19T05:03:22
txn_001946,acct_000398,device_000008,ip_000039,token_000558,merchant_000025,219.45,USD,purchase,2025-01-19T07:16:04,2025-01-19T07:17:24
txn_003710,acct_000456,device_000407,ip_000337,token_000901,merchant_000018,46.99,USD,purchase,2025-01-19T07:22:22,2025-01-19T07:25:34
txn_000153,acct_000475,device_000065,ip_000136,token_000757,merchant_000030,-47.46,USD,refund,2025-01-19T09:00:12,2025-01-19T09:00:39
txn_002862,acct_000390,device_000477,ip_000437,token_000871,merchant_000032,33.54,USD,purchase,2025-01-19T09:49:10,2025-01-19T09:50:07
txn_003403,acct_000089,device_000427,ip_000321,token_000383,merchant_000047,59.39,USD,purchase,2025-01-19T14:58:58,2025-01-19T15:01:08
txn_002278,acct_000345,device_000113,ip_000061,token_001136,merchant_000056,149.08,USD,purchase,2025-01-19T16:00:36,2025-01-19T16:04:20
txn_002827,acct_000686,device_000545,ip_000438,token_000988,merchant_000042,8.4,USD,purchase,2025-01-19T16:12:51,2025-01-19T16:14:44
txn_003273,acct_000576,device_000486,ip_000060,token_000079,merchant_000049,19.25,USD,purchase,2025-01-19T17:40:07,2025-01-19T17:42:13
txn_002653,acct_000179,device_000228,ip_000242,token_001134,merchant_000070,97.62,USD,purchase,2025-01-19T17:59:45,2025-01-19T18:00:03
txn_000679,acct_000199,device_000238,ip_000153,token_001011,merchant_000044,79.71,USD,purchase,2025-01-19T18:04:34,2025-01-19T18:07:03
txn_003160,acct_001006,device_000161,ip_000019,token_000579,merchant_000047,58.18,USD,purchase,2025-01-19T20:39:49,2025-01-19T20:42:11
txn_002499,acct_000070,device_000314,ip_000219,token_000579,merchant_000007,20.07,USD,purchase,2025-01-19T22:55:52,2025-01-19T22:58:09
txn_002414,acct_000008,device_000570,ip_000035,token_000958,merchant_000007,24.5,USD,purchase,2025-01-20T00:36:43,2025-01-20T00:37:27
txn_003500,acct_001020,device_000542,ip_000133,token_000629,merchant_000036,30.96,USD,purchase,2025-01-20T01:28:42,2025-01-20T01:30:01
txn_001142,acct_000204,device_000153,ip_000111,token_000994,merchant_000037,22.97,USD,purchase,2025-01-20T01:41:02,2025-01-20T01:42:06
txn_003794,acct_000345,device_000083,ip_000052,token_000153,merchant_000075,3.39,USD,purchase,2025-01-20T02:24:37,2025-01-20T02:27:53
txn_003671,acct_000634,device_000424,ip_000475,token_000097,merchant_000011,-5.36,USD,refund,2025-01-20T06:02:33,2025-01-20T06:02:48
txn_003018,acct_000562,device_000507,ip_000249,token_000896,merchant_000054,59.25,USD,purchase,2025-01-20T07:06:05,2025-01-20T07:08:14
txn_002030,acct_000458,device_000030,ip_000492,token_001093,merchant_000029,88.16,USD,purchase,2025-01-20T07:23:41,2025-01-20T07:27:28
txn_003925,acct_000007,device_000008,ip_000339,token_000576,merchant_000018,18.23,USD,purchase,2025-01-20T09:45:09,2025-01-20T09:47:29
txn_001759,acct_000583,device_000490,ip_000344,token_000499,merchant_000054,51.61,USD,purchase,2025-01-20T10:40:31,2025-01-20T10:43:53
txn_003458,acct_000916,device_000269,ip_000490,token_000436,merchant_000044,16.64,USD,purchase,2025-01-20T11:17:08,2025-01-20T11:19:27
txn_001410,acct_000268,device_000088,ip_000224,token_000616,merchant_000006,12.29,USD,purchase,2025-01-20T13:18:49,2025-01-20T13:22:05
txn_003484,acct_001005,device_000190,ip_000240,token_000588,merchant_000016,66.74,USD,purchase,2025-01-20T13:51:44,2025-01-20T13:52:05
txn_002016,acct_000477,device_000284,ip_000175,token_000510,merchant_000027,11.22,USD,purchase,2025-01-20T14:26:53,2025-01-20T14:28:13
txn_003989,acct_000022,device_000516,ip_000294,token_000310,merchant_000003,39.21,USD,purchase,2025-01-20T16:06:28,2025-01-20T16:09:52
txn_001601,acct_000911,device_000158,ip_000104,token_000809,merchant_000016,83.98,USD,purchase,2025-01-20T16:30:51,2025-01-20T16:32:30
txn_002533,acct_000491,device_000254,ip_000447,token_000912,merchant_000005,182.85,USD,purchase,2025-01-20T18:15:07,2025-01-20T18:15:28
txn_002331,acct_000399,device_000421,ip_000141,token_000557,merchant_000064,11.21,USD,purchase,2025-01-20T19:55:01,2025-01-20T19:57:07
txn_002450,acct_000874,device_000405,ip_000466,token_000963,merchant_000039,108.97,USD,purchase,2025-01-21T02:53:41,2025-01-21T02:57:22
txn_000273,acct_000707,device_000056,ip_000329,token_000542,merchant_000015,8.64,USD,purchase,2025-01-21T09:33:06,2025-01-21T09:34:24
txn_002223,acct_001054,device_000499,ip_000368,token_000187,merchant_000006,174.41,USD,purchase,2025-01-21T14:11:23,2025-01-21T14:11:56
txn_003840,acct_000986,device_000163,ip_000426,token_000854,merchant_000041,72.62,USD,purchase,2025-01-21T14:57:29,2025-01-21T15:01:22
txn_003291,acct_001043,device_000090,ip_000165,token_000837,merchant_000051,106.0,USD,purchase,2025-01-21T19:18:15,2025-01-21T19:19:05
txn_000132,acct_000782,device_000397,ip_000214,token_000641,merchant_000071,69.3,USD,purchase,2025-01-21T21:28:22,2025-01-21T21:32:05
txn_002559,acct_000435,device_000253,ip_000483,token_000378,merchant_000066,157.42,USD,purchase,2025-01-22T00:19:23,2025-01-22T00:23:09
txn_001295,acct_000782,device_000066,ip_000076,token_000458,merchant_000073,49.89,USD,purchase,2025-01-22T04:58:49,2025-01-22T05:01:58
txn_000563,acct_000642,device_000415,ip_000424,token_000780,merchant_000022,123.96,USD,purchase,2025-01-22T05:34:36,2025-01-22T05:35:26
txn_000631,acct_001061,device_000472,ip_000430,token_000112,merchant_000011,3.94,USD,purchase,2025-01-22T05:46:24,2025-01-22T05:49:55
txn_003590,acct_000471,device_000499,ip_000068,token_001041,merchant_000009,91.62,USD,purchase,2025-01-22T06:40:54,2025-01-22T06:43:27
txn_003132,acct_000275,device_000149,ip_000227,token_000996,merchant_000061,28.24,USD,purchase,2025-01-22T07:22:46,2025-01-22T07:26:24
txn_003510,acct_000475,device_000450,ip_000088,token_000766,merchant_000005,8.46,USD,purchase,2025-01-22T08:07:50,2025-01-22T08:10:30
txn_000316,acct_000452,device_000457,ip_000183,token_000190,merchant_000042,31.61,USD,purchase,2025-01-22T08:57:02,2025-01-22T08:59:17
txn_000283,acct_000736,device_000342,ip_000350,token_000621,merchant_000052,4.67,USD,purchase,2025-01-22T10:27:05,2025-01-22T10:28:33
txn_000354,acct_000361,device_000044,ip_000494,token_000996,merchant_000003,103.9,USD,purchase,2025-01-22T11:41:15,2025-01-22T11:45:06
txn_002969,acct_000603,device_000190,ip_000018,token_000645,merchant_000034,223.72,USD,purchase,2025-01-22T13:35:39,2025-01-22T13:39:31
txn_003591,acct_000235,device_000160,ip_000221,token_000440,merchant_000060,41.9,USD,purchase,2025-01-22T16:27:19,2025-01-22T16:29:55
txn_001119,acct_000408,device_000490,ip_000142,token_001048,merchant_000025,31.92,USD,purchase,2025-01-23T00:22:35,2025-01-23T00:22:37
txn_001273,acct_000316,device_000189,ip_000092,token_000725,merchant_000052,6.71,USD,purchase,2025-01-23T04:46:08,2025-01-23T04:48:47
txn_002747,acct_000096,device_000528,ip_000164,token_000042,merchant_000043,47.4,USD,purchase,2025-01-23T05:23:10,2025-01-23T05:26:02
txn_001480,acct_000552,device_000277,ip_000047,token_000332,merchant_000075,20.96,USD,purchase,2025-01-23T08:14:20,2025-01-23T08:16:54
txn_001460,acct_001072,device_000403,ip_000303,token_000479,merchant_000023,129.63,USD,purchase,2025-01-23T08:15:33,2025-01-23T08:18:53
txn_003040,acct_000105,device_000323,ip_000383,token_001136,merchant_000032,23.43,USD,purchase,2025-01-23T09:39:50,2025-01-23T09:39:57
txn_003861,acct_000675,device_000506,ip_000208,token_000756,merchant_000060,17.94,USD,purchase,2025-01-23T10:39:17,2025-01-23T10:42:04
txn_000053,acct_000136,device_000318,ip_000358,token_000896,merchant_000031,3.78,USD,purchase,2025-01-23T11:43:21,2025-01-23T11:43:36
txn_001099,acct_000678,device_000571,ip_000415,token_000877,merchant_000054,32.13,USD,purchase,2025-01-23T16:02:23,2025-01-23T16:05:37
txn_001720,acct_001022,device_000439,ip_000216,token_000877,merchant_000044,10.39,USD,purchase,2025-01-23T16:27:05,2025-01-23T16:29:51
txn_003592,acct_000235,device_000160,ip_000221,token_000440,merchant_000060,-41.9,USD,refund,2025-01-23T16:27:19,2025-01-23T16:28:00
txn_003167,acct_000595,device_000398,ip_000441,token_000589,merchant_000021,48.58,USD,purchase,2025-01-23T18:41:53,2025-01-23T18:42:29
txn_002503,acct_000808,device_000059,ip_000112,token_000270,merchant_000048,35.37,USD,purchase,2025-01-23T19:17:09,2025-01-23T19:20:04
txn_001898,acct_000784,device_000390,ip_000354,token_000192,merchant_000003,274.66,USD,purchase,2025-01-23T20:44:24,2025-01-23T20:47:07
txn_003408,acct_000807,device_000037,ip_000465,token_000406,merchant_000075,8.38,USD,purchase,2025-01-23T20:52:29,2025-01-23T20:54:52
txn_002236,acct_000839,device_000181,ip_000316,token_000840,merchant_000045,38.36,USD,purchase,2025-01-24T00:23:29,2025-01-24T00:24:57
txn_003220,acct_001015,device_000004,ip_000402,token_000699,merchant_000051,70.66,USD,purchase,2025-01-24T00:53:25,2025-01-24T00:54:46
txn_003511,acct_000475,device_000450,ip_000088,token_000766,merchant_000005,-8.46,USD,refund,2025-01-24T05:07:50,2025-01-24T05:08:01
txn_002976,acct_000219,device_000394,ip_000181,token_000363,merchant_000048,27.71,USD,purchase,2025-01-24T06:06:22,2025-01-24T06:08:47
txn_001172,acct_001031,device_000258,ip_000274,token_001059,merchant_000050,26.52,USD,purchase,2025-01-24T06:56:52,2025-01-24T06:59:23
txn_002642,acct_000268,device_000285,ip_000177,token_001193,merchant_000038,29.55,USD,purchase,2025-01-24T15:29:31,2025-01-24T15:32:07
txn_000070,acct_000605,device_000511,ip_000211,token_001128,merchant_000062,6.95,USD,purchase,2025-01-24T16:21:58,2025-01-24T16:23:46
txn_002748,acct_000096,device_000528,ip_000164,token_000042,merchant_000043,-47.4,USD,refund,2025-01-24T22:23:10,2025-01-24T22:23:41
txn_000086,acct_000953,device_000270,ip_000116,token_000551,merchant_000073,2.8,USD,purchase,2025-01-24T22:31:14,2025-01-24T22:31:39
txn_002544,acct_001078,device_000443,ip_000402,token_000565,merchant_000005,15.88,USD,purchase,2025-01-24T23:07:04,2025-01-24T23:08:23
txn_002542,acct_000657,device_000190,ip_000037,token_001006,merchant_000047,8.46,USD,purchase,2025-01-25T02:05:48,2025-01-25T02:08:01
txn_000262,acct_001046,device_000414,ip_000434,token_000262,merchant_000038,14.2,USD,purchase,2025-01-25T05:42:30,2025-01-25T05:42:44
txn_003440,acct_000960,device_000395,ip_000396,token_000337,merchant_000058,13.95,USD,purchase,2025-01-25T05:57:11,2025-01-25T05:59:30
txn_003311,acct_000021,device_000466,ip_000037,token_000126,merchant_000070,90.88,USD,purchase,2025-01-25T06:44:22,2025-01-25T06:47:31
txn_003249,acct_000029,device_000219,ip_000040,token_001095,merchant_000040,59.07,USD,purchase,2025-01-25T11:09:54,2025-01-25T11:11:29
txn_002840,acct_000139,device_000539,ip_000137,token_000354,merchant_000048,46.94,USD,purchase,2025-01-25T12:21:40,2025-01-25T12:23:26
txn_002077,acct_000815,device_000295,ip_000063,token_000985,merchant_000050,49.37,USD,purchase,2025-01-25T12:25:08,2025-01-25T12:28:12
txn_003417,acct_000922,device_000282,ip_000181,token_000390,merchant_000078,26.41,USD,purchase,2025-01-25T14:50:44,2025-01-25T14:53:03
txn_001084,acct_000563,device_000390,ip_000400,token_000160,merchant_000079,84.03,USD,purchase,2025-01-25T15:41:11,2025-01-25T15:43:10
txn_001638,acct_000998,device_000275,ip_000380,token_000236,merchant_000055,20.8,USD,purchase,2025-01-25T17:11:11,2025-01-25T17:11:53
txn_000890,acct_000081,device_000524,ip_000029,token_000271,merchant_000064,10.0,USD,purchase,2025-01-25T19:23:06,2025-01-25T19:26:09
txn_000167,acct_000187,device_000149,ip_000242,token_000892,merchant_000012,12.05,USD,purchase,2025-01-25T21:16:23,2025-01-25T21:18:59
txn_003016,acct_000085,device_000284,ip_000425,token_000965,merchant_000011,212.04,USD,purchase,2025-01-25T21:52:12,2025-01-25T21:52:20
txn_002097,acct_000003,device_000261,ip_000192,token_000571,merchant_000033,96.45,USD,purchase,2025-01-25T23:06:38,2025-01-25T23:08:30
txn_003158,acct_000039,device_000072,ip_000236,token_000371,merchant_000042,11.32,USD,purchase,2025-01-26T00:34:59,2025-01-26T00:37:46
txn_000903,acct_000983,device_000065,ip_000375,token_000314,merchant_000028,17.98,USD,purchase,2025-01-26T07:18:51,2025-01-26T07:19:01
txn_003541,acct_000832,device_000405,ip_000381,token_000625,merchant_000062,2.07,USD,purchase,2025-01-26T12:20:32,2025-01-26T12:21:03
txn_000904,acct_000983,device_000065,ip_000375,token_000314,merchant_000028,-17.98,USD,refund,2025-01-26T13:18:51,2025-01-26T13:21:40
txn_000258,acct_000500,device_000562,ip_000082,token_000988,merchant_000050,4.88,USD,purchase,2025-01-26T15:43:23,2025-01-26T15:45:55
txn_003298,acct_000679,device_000118,ip_000212,token_001214,merchant_000023,23.4,USD,purchase,2025-01-26T20:06:49,2025-01-26T20:07:16
txn_001749,acct_000959,device_000494,ip_000172,token_001146,merchant_000006,51.57,USD,purchase,2025-01-26T20:09:32,2025-01-26T20:10:41
txn_001358,acct_001002,device_000378,ip_000315,token_000173,merchant_000058,28.53,USD,purchase,2025-01-26T20:23:06,2025-01-26T20:24:39
txn_001274,acct_000798,device_000249,ip_000427,token_000981,merchant_000032,52.3,USD,purchase,2025-01-26T21:24:03,2025-01-26T21:24:18
txn_001246,acct_000540,device_000254,ip_000432,token_001109,merchant_000036,35.61,USD,purchase,2025-01-26T23:22:28,2025-01-26T23:23:07
txn_000633,acct_000014,device_000497,ip_000320,token_000412,merchant_000015,8.5,USD,purchase,2025-01-27T01:48:33,2025-01-27T01:52:07
txn_001171,acct_000822,device_000138,ip_000392,token_000648,merchant_000079,19.47,USD,purchase,2025-01-27T03:34:56,2025-01-27T03:35:42
txn_001736,acct_001066,device_000437,ip_000103,token_000009,merchant_000015,235.04,USD,purchase,2025-01-27T03:52:27,2025-01-27T03:53:42
txn_002143,acct_000602,device_000423,ip_000043,token_000110,merchant_000042,34.83,USD,purchase,2025-01-27T03:58:04,2025-01-27T03:58:32
txn_002438,acct_000597,device_000110,ip_000250,token_000693,merchant_000052,19.48,USD,purchase,2025-01-27T03:58:50,2025-01-27T04:01:26
txn_002866,acct_000161,device_000360,ip_000218,token_001024,merchant_000016,21.88,USD,purchase,2025-01-27T06:53:44,2025-01-27T06:56:14
txn_002467,acct_000190,device_000039,ip_000470,token_000092,merchant_000017,24.59,USD,purchase,2025-01-27T07:13:02,2025-01-27T07:16:03
txn_001247,acct_000540,device_000254,ip_000432,token_001109,merchant_000036,-35.61,USD,refund,2025-01-27T07:22:28,2025-01-27T07:24:02
txn_002144,acct_000602,device_000423,ip_000043,token_000110,merchant_000042,-34.83,USD,refund,2025-01-27T10:58:04,2025-01-27T10:58:43
txn_003881,acct_000009,device_000003,ip_000419,token_000785,merchant_000021,17.88,USD,purchase,2025-01-27T11:06:41,2025-01-27T11:09:21
txn_001825,acct_000287,device_000223,ip_000352,token_000592,merchant_000049,4.23,USD,purchase,2025-01-27T17:42:20,2025-01-27T17:46:07
txn_002650,acct_000504,device_000210,ip_000135,token_000835,merchant_000010,27.18,USD,purchase,2025-01-27T18:38:25,2025-01-27T18:40:32
txn_001182,acct_000025,device_000037,ip_000440,token_000213,merchant_000066,48.07,USD,purchase,2025-01-27T20:16:42,2025-01-27T20:18:44
txn_002305,acct_000945,device_000320,ip_000139,token_000420,merchant_000028,38.99,USD,purchase,2025-01-27T20:18:55,2025-01-27T20:20:58
txn_003271,acct_000096,device_000061,ip_000430,token_001009,merchant_000038,62.82,USD,purchase,2025-01-27T23:27:58,2025-01-27T23:29:35
txn_000808,acct_000256,device_000555,ip_000381,token_000931,merchant_000020,57.78,USD,purchase,2025-01-28T08:12:03,2025-01-28T08:14:44
txn_002464,acct_000908,device_000328,ip_000450,token_000285,merchant_000016,95.73,USD,purchase,2025-01-28T10:05:46,2025-01-28T10:07:08
txn_001574,acct_000129,device_000375,ip_000259,token_000748,merchant_000004,18.25,USD,purchase,2025-01-28T13:49:34,2025-01-28T13:49:36
txn_001836,acct_000841,device_000224,ip_000250,token_001149,merchant_000065,75.91,USD,purchase,2025-01-28T14:03:11,2025-01-28T14:06:59
txn_001604,acct_001088,device_000136,ip_000150,token_000118,merchant_000046,19.13,USD,purchase,2025-01-28T16:28:52,2025-01-28T16:30:16
txn_002076,acct_000650,device_000430,ip_000036,token_000284,merchant_000017,73.2,USD,purchase,2025-01-28T21:25:36,2025-01-28T21:26:11
txn_002904,acct_000455,device_000513,ip_000271,token_000749,merchant_000025,8.88,USD,purchase,2025-01-28T22:44:27,2025-01-28T22:48:14
txn_001866,acct_000542,device_000183,ip_000408,token_001149,merchant_000056,20.49,USD,purchase,2025-01-29T00:01:47,2025-01-29T00:04:18
txn_003126,acct_000873,device_000052,ip_000328,token_000866,merchant_000067,16.55,USD,purchase,2025-01-29T04:49:08,2025-01-29T04:52:58
txn_001447,acct_000833,device_000306,ip_000422,token_000298,merchant_000050,10.61,USD,purchase,2025-01-29T05:36:34,2025-01-29T05:40:03
txn_001732,acct_000442,device_000264,ip_000351,token_000552,merchant_000018,14.21,USD,purchase,2025-01-29T07:56:09,2025-01-29T07:57:45
txn_001066,acct_000115,device_000286,ip_000042,token_000601,merchant_000078,66.36,USD,purchase,2025-01-29T09:55:36,2025-01-29T09:57:33
txn_001754,acct_000018,device_000454,ip_000465,token_000170,merchant_000019,53.8,USD,purchase,2025-01-29T10:07:06,2025-01-29T10:08:22
txn_001019,acct_000861,device_000112,ip_000044,token_000323,merchant_000028,11.79,USD,purchase,2025-01-29T10:23:41,2025-01-29T10:24:40
txn_003586,acct_000707,device_000340,ip_000379,token_000374,merchant_000004,70.49,USD,purchase,2025-01-29T12:23:00,2025-01-29T12:24:18
txn_003304,acct_000017,device_000102,ip_000069,token_000940,merchant_000061,7.14,USD,purchase,2025-01-29T12:56:19,2025-01-29T12:58:25
txn_001679,acct_000146,device_000445,ip_000253,token_000444,merchant_000005,6.77,USD,purchase,2025-01-29T16:55:23,2025-01-29T16:56:36
txn_000023,acct_000518,device_000158,ip_000367,token_000867,merchant_000049,19.32,USD,purchase,2025-01-29T17:24:18,2025-01-29T17:26:48
txn_003723,acct_000847,device_000341,ip_000002,token_000200,merchant_000068,22.14,USD,purchase,2025-01-29T17:47:58,2025-01-29T17:49:46
txn_001072,acct_000771,device_000125,ip_000098,token_000447,merchant_000058,124.46,USD,purchase,2025-01-29T20:51:43,2025-01-29T20:53:02
txn_000063,acct_000174,device_000098,ip_000259,token_000274,merchant_000051,29.52,USD,purchase,2025-01-30T01:28:14,2025-01-30T01:31:04
txn_003432,acct_000496,device_000427,ip_000155,token_001118,merchant_000044,21.61,USD,purchase,2025-01-30T04:51:17,2025-01-30T04:53:13
txn_002734,acct_000775,device_000156,ip_000084,token_001178,merchant_000046,42.76,USD,purchase,2025-01-30T11:55:44,2025-01-30T11:55:45
txn_001877,acct_000912,device_000360,ip_000103,token_000611,merchant_000012,12.77,USD,purchase,2025-01-30T12:39:48,2025-01-30T12:40:42
txn_003487,acct_000332,device_000024,ip_000457,token_000318,merchant_000080,40.48,USD,purchase,2025-01-30T13:01:36,2025-01-30T13:02:21
txn_001174,acct_000837,device_000270,ip_000437,token_000337,merchant_000055,11.6,USD,purchase,2025-01-30T13:40:24,2025-01-30T13:41:07
txn_000984,acct_000592,device_000317,ip_000278,token_001124,merchant_000009,2.66,USD,purchase,2025-01-30T14:28:32,2025-01-30T14:31:56
txn_003570,acct_000905,device_000585,ip_000416,token_001001,merchant_000042,5.42,USD,purchase,2025-01-30T20:55:48,2025-01-30T20:59:41
txn_003526,acct_000382,device_000414,ip_000249,token_000146,merchant_000015,82.01,USD,purchase,2025-01-30T21:05:55,2025-01-30T21:06:25
txn_002631,acct_000076,device_000396,ip_000174,token_000019,merchant_000055,60.27,USD,purchase,2025-01-31T02:36:00,2025-01-31T02:36:22
txn_001642,acct_000253,device_000387,ip_000213,token_000848,merchant_000056,2.66,USD,purchase,2025-01-31T06:38:07,2025-01-31T06:42:03
txn_003197,acct_000937,device_000223,ip_000392,token_000889,merchant_000026,14.04,USD,purchase,2025-01-31T08:48:23,2025-01-31T08:48:47
txn_002157,acct_000972,device_000185,ip_000042,token_000538,merchant_000056,20.94,USD,purchase,2025-01-31T11:53:02,2025-01-31T11:55:20
txn_002019,acct_000613,device_000350,ip_000202,token_000626,merchant_000010,30.25,USD,purchase,2025-01-31T13:30:07,2025-01-31T13:33:36
txn_000381,acct_001075,device_000086,ip_000149,token_000959,merchant_000056,106.8,USD,purchase,2025-01-31T18:02:24,2025-01-31T18:03:03
txn_003006,acct_001079,device_000584,ip_000427,token_000550,merchant_000077,119.39,USD,purchase,2025-01-31T18:44:22,2025-01-31T18:46:32
txn_000228,acct_000476,device_000237,ip_000352,token_000054,merchant_000046,48.34,USD,purchase,2025-01-31T20:45:52,2025-01-31T20:48:01
txn_000871,acct_000126,device_000454,ip_000095,token_001040,merchant_000001,11.45,USD,purchase,2025-01-31T21:32:13,2025-01-31T21:32:50
txn_001090,acct_000212,device_000349,ip_000208,token_000337,merchant_000034,2.06,USD,purchase,2025-01-31T21:59:25,2025-01-31T22:02:30
txn_000673,acct_000237,device_000247,ip_000228,token_000840,merchant_000047,13.94,USD,purchase,2025-01-31T22:45:55,2025-01-31T22:49:50
txn_003433,acct_000140,device_000267,ip_000446,token_000801,merchant_000004,24.08,USD,purchase,2025-02-01T01:53:39,2025-02-01T01:54:02
txn_002669,acct_000225,device_000333,ip_000187,token_000852,merchant_000054,78.19,USD,purchase,2025-02-01T10:30:59,2025-02-01T10:33:29
txn_001916,acct_000301,device_000082,ip_000119,token_000732,merchant_000026,82.99,USD,purchase,2025-02-01T12:28:29,2025-02-01T12:29:58
txn_001065,acct_000240,device_000397,ip_000258,token_000414,merchant_000010,135.71,USD,purchase,2025-02-01T12:58:13,2025-02-01T12:59:39
txn_002392,acct_000079,device_000373,ip_000078,token_000260,merchant_000078,26.67,USD,purchase,2025-02-01T15:50:09,2025-02-01T15:54:00
txn_000148,acct_000998,device_000565,ip_000056,token_000360,merchant_000078,5.63,USD,purchase,2025-02-01T20:03:00,2025-02-01T20:04:08
txn_003517,acct_000601,device_000169,ip_000277,token_000815,merchant_000005,23.5,USD,purchase,2025-02-01T20:40:53,2025-02-01T20:44:40
txn_002534,acct_000582,device_000202,ip_000199,token_001147,merchant_000057,56.44,USD,purchase,2025-02-02T00:28:21,2025-02-02T00:31:58
txn_003627,acct_000669,device_000028,ip_000303,token_000272,merchant_000073,95.85,USD,purchase,2025-02-02T02:04:15,2025-02-02T02:06:26
txn_000591,acct_000775,device_000267,ip_000338,token_000106,merchant_000036,45.64,USD,purchase,2025-02-02T05:16:28,2025-02-02T05:16:55
txn_000052,acct_001099,device_000551,ip_000316,token_000313,merchant_000036,11.77,USD,purchase,2025-02-02T11:10:52,2025-02-02T11:11:45
txn_001802,acct_000029,device_000061,ip_000218,token_001170,merchant_000030,34.59,USD,purchase,2025-02-02T13:24:38,2025-02-02T13:24:44
txn_002757,acct_000959,device_000243,ip_000149,token_000062,merchant_000012,2.14,USD,purchase,2025-02-02T15:44:59,2025-02-02T15:47:05
txn_001134,acct_000222,device_000351,ip_000361,token_000125,merchant_000060,21.81,USD,purchase,2025-02-02T18:59:28,2025-02-02T19:01:27
txn_000415,acct_000422,device_000252,ip_000425,token_001187,merchant_000057,107.04,USD,purchase,2025-02-02T20:58:33,2025-02-02T21:00:16
txn_003227,acct_000597,device_000302,ip_000111,token_000144,merchant_000021,52.32,USD,purchase,2025-02-02T22:04:56,2025-02-02T22:08:34
txn_002199,acct_001002,device_000056,ip_000154,token_000142,merchant_000062,25.77,USD,purchase,2025-02-03T00:58:01,2025-02-03T00:59:16
txn_002441,acct_000364,device_000312,ip_000304,token_000366,merchant_000022,33.15,USD,purchase,2025-02-03T06:15:47,2025-02-03T06:17:00
txn_001312,acct_000157,device_000191,ip_000052,token_000267,merchant_000011,20.84,USD,purchase,2025-02-03T09:08:13,2025-02-03T09:09:14
txn_000644,acct_000413,device_000166,ip_000223,token_001083,merchant_000025,37.25,USD,purchase,2025-02-03T09:44:55,2025-02-03T09:47:47
txn_003921,acct_000007,device_000008,ip_000099,token_000031,merchant_000054,43.73,USD,purchase,2025-02-03T10:04:48,2025-02-03T10:05:40
txn_000319,acct_000869,device_000425,ip_000072,token_001203,merchant_000077,9.35,USD,purchase,2025-02-03T10:18:17,2025-02-03T10:22:00
txn_000902,acct_000063,device_000488,ip_000090,token_000030,merchant_000015,53.45,USD,purchase,2025-02-03T10:27:57,2025-02-03T10:31:44
txn_002894,acct_000318,device_000334,ip_000181,token_000700,merchant_000050,27.81,USD,purchase,2025-02-03T12:29:53,2025-02-03T12:31:44
txn_000059,acct_000953,device_000290,ip_000397,token_000637,merchant_000042,27.14,USD,purchase,2025-02-03T13:10:17,2025-02-03T13:11:09
txn_002397,acct_000089,device_000180,ip_000114,token_000413,merchant_000052,18.01,USD,purchase,2025-02-03T13:45:10,2025-02-03T13:48:26
txn_002579,acct_000313,device_000171,ip_000311,token_000757,merchant_000005,85.71,USD,purchase,2025-02-03T18:25:31,2025-02-03T18:29:31
txn_001917,acct_001001,device_000282,ip_000276,token_000937,merchant_000036,3.62,USD,purchase,2025-02-03T18:45:52,2025-02-03T18:49:50
txn_004139,acct_000057,device_000025,ip_000010,token_000717,merchant_000021,7.69,USD,purchase,2025-02-03T23:51:31,2025-02-03T23:52:00
txn_004140,acct_000067,device_000025,ip_000010,token_000842,merchant_000063,13.92,USD,purchase,2025-02-03T23:51:36,2025-02-03T23:52:24
txn_004141,acct_000066,device_000025,ip_000010,token_000049,merchant_000032,14.45,USD,purchase,2025-02-03T23:51:41,2025-02-03T23:53:54
txn_004142,acct_000067,device_000025,ip_000010,token_001190,merchant_000078,9.8,USD,purchase,2025-02-03T23:51:46,2025-02-03T23:52:34
txn_004143,acct_000064,device_000025,ip_000010,token_000522,merchant_000034,1.38,USD,purchase,2025-02-03T23:51:51,2025-02-03T23:55:02
txn_004144,acct_000061,device_000025,ip_000010,token_000263,merchant_000018,1.74,USD,purchase,2025-02-03T23:51:56,2025-02-03T23:54:28
txn_004145,acct_000068,device_000025,ip_000010,token_000135,merchant_000071,3.63,USD,purchase,2025-02-03T23:52:01,2025-02-03T23:54:25
txn_004146,acct_000059,device_000025,ip_000010,token_000604,merchant_000029,3.47,USD,purchase,2025-02-03T23:52:06,2025-02-03T23:52:26
txn_004147,acct_000067,device_000025,ip_000010,token_000774,merchant_000008,11.92,USD,purchase,2025-02-03T23:52:11,2025-02-03T23:52:31
txn_004148,acct_000057,device_000025,ip_000010,token_001132,merchant_000053,2.59,USD,purchase,2025-02-03T23:52:16,2025-02-03T23:54:12
txn_004149,acct_000062,device_000025,ip_000010,token_000697,merchant_000029,14.46,USD,purchase,2025-02-03T23:52:21,2025-02-03T23:55:25
txn_004150,acct_000064,device_000025,ip_000010,token_000318,merchant_000008,13.44,USD,purchase,2025-02-03T23:52:26,2025-02-03T23:55:23
txn_004151,acct_000069,device_000025,ip_000010,token_000746,merchant_000073,11.73,USD,purchase,2025-02-03T23:52:31,2025-02-03T23:55:00
txn_004152,acct_000061,device_000025,ip_000010,token_000982,merchant_000074,3.2,USD,purchase,2025-02-03T23:52:36,2025-02-03T23:52:37
txn_004153,acct_000058,device_000025,ip_000010,token_000143,merchant_000057,3.01,USD,purchase,2025-02-03T23:52:41,2025-02-03T23:53:03
txn_004154,acct_000069,device_000025,ip_000010,token_000147,merchant_000050,7.85,USD,purchase,2025-02-03T23:52:46,2025-02-03T23:54:25
txn_004155,acct_000060,device_000025,ip_000010,token_000599,merchant_000011,1.53,USD,purchase,2025-02-03T23:52:51,2025-02-03T23:53:34
txn_004156,acct_000062,device_000025,ip_000010,token_000028,merchant_000071,3.89,USD,purchase,2025-02-03T23:52:56,2025-02-03T23:53:44
txn_004157,acct_000063,device_000025,ip_000010,token_000251,merchant_000074,4.33,USD,purchase,2025-02-03T23:53:01,2025-02-03T23:56:28
txn_004158,acct_000063,device_000025,ip_000010,token_000186,merchant_000009,10.9,USD,purchase,2025-02-03T23:53:06,2025-02-03T23:55:19
txn_004159,acct_000063,device_000025,ip_000010,token_000164,merchant_000030,9.23,USD,purchase,2025-02-03T23:53:11,2025-02-03T23:53:48
txn_002056,acct_000713,device_000501,ip_000474,token_000813,merchant_000031,35.27,USD,purchase,2025-02-04T00:23:22,2025-02-04T00:23:29
txn_001365,acct_000386,device_000300,ip_000143,token_000782,merchant_000064,54.41,USD,purchase,2025-02-04T00:41:57,2025-02-04T00:43:34
txn_002388,acct_000364,device_000044,ip_000032,token_000598,merchant_000020,156.27,USD,purchase,2025-02-04T02:10:12,2025-02-04T02:12:06
txn_002374,acct_001061,device_000519,ip_000280,token_000718,merchant_000004,6.04,USD,purchase,2025-02-04T04:10:25,2025-02-04T04:13:41
txn_003572,acct_000285,device_000054,ip_000301,token_000294,merchant_000041,45.36,USD,purchase,2025-02-04T04:35:58,2025-02-04T04:36:06
txn_002599,acct_000329,device_000370,ip_000076,token_000088,merchant_000021,13.66,USD,purchase,2025-02-04T06:37:21,2025-02-04T06:39:21
txn_003201,acct_001032,device_000548,ip_000128,token_000070,merchant_000023,8.15,USD,purchase,2025-02-04T07:41:34,2025-02-04T07:43:19
txn_001950,acct_001072,device_000400,ip_000220,token_001195,merchant_000014,146.37,USD,purchase,2025-02-04T08:30:46,2025-02-04T08:31:37
txn_000809,acct_000998,device_000299,ip_000116,token_001071,merchant_000014,32.89,USD,purchase,2025-02-04T09:33:35,2025-02-04T09:37:18
txn_003863,acct_000078,device_000046,ip_000178,token_000604,merchant_000073,5.17,USD,purchase,2025-02-04T09:43:23,2025-02-04T09:44:23
txn_002372,acct_000105,device_000301,ip_000103,token_000163,merchant_000061,17.04,USD,purchase,2025-02-04T11:37:26,2025-02-04T11:39:27
txn_001527,acct_000695,device_000579,ip_000095,token_000957,merchant_000036,4.3,USD,purchase,2025-02-04T11:50:14,2025-02-04T11:52:03
txn_002545,acct_000180,device_000264,ip_000127,token_000114,merchant_000025,27.18,USD,purchase,2025-02-04T13:11:10,2025-02-04T13:13:36
txn_003607,acct_000537,device_000298,ip_000184,token_000559,merchant_000022,6.67,USD,purchase,2025-02-04T13:39:07,2025-02-04T13:39:12
txn_001889,acct_001018,device_000491,ip_000155,token_000196,merchant_000027,5.82,USD,purchase,2025-02-05T00:28:09,2025-02-05T00:29:45
txn_002944,acct_000353,device_000295,ip_000040,token_000873,merchant_000013,92.06,USD,purchase,2025-02-05T02:27:09,2025-02-05T02:27:19
txn_003031,acct_000801,device_000547,ip_000441,token_001105,merchant_000004,14.87,USD,purchase,2025-02-05T04:29:30,2025-02-05T04:30:04
txn_000331,acct_000410,device_000190,ip_000344,token_000720,merchant_000004,9.03,USD,purchase,2025-02-05T06:07:28,2025-02-05T06:08:59
txn_000416,acct_000050,device_000541,ip_000163,token_000783,merchant_000033,11.8,USD,purchase,2025-02-05T08:24:55,2025-02-05T08:26:01
txn_000085,acct_000632,device_000408,ip_000242,token_001002,merchant_000034,37.98,USD,purchase,2025-02-05T09:27:26,2025-02-05T09:29:01
txn_000066,acct_000083,device_000221,ip_000428,token_000672,merchant_000019,19.97,USD,purchase,2025-02-05T10:09:57,2025-02-05T10:11:14
txn_003222,acct_000598,device_000384,ip_000193,token_000949,merchant_000076,25.21,USD,purchase,2025-02-05T11:56:12,2025-02-05T11:57:11
txn_003290,acct_000471,device_000236,ip_000412,token_001035,merchant_000038,1.74,USD,purchase,2025-02-05T14:01:01,2025-02-05T14:03:56
txn_001283,acct_000426,device_000317,ip_000104,token_000237,merchant_000078,36.49,USD,purchase,2025-02-05T14:39:50,2025-02-05T14:41:10
txn_000068,acct_000133,device_000203,ip_000463,token_000909,merchant_000017,17.6,USD,purchase,2025-02-05T17:18:10,2025-02-05T17:20:09
txn_003240,acct_000980,device_000312,ip_000396,token_000808,merchant_000032,63.64,USD,purchase,2025-02-05T17:24:48,2025-02-05T17:26:52
txn_003809,acct_000187,device_000205,ip_000223,token_000752,merchant_000054,14.36,USD,purchase,2025-02-05T18:49:54,2025-02-05T18:53:26
txn_002196,acct_000418,device_000515,ip_000043,token_000459,merchant_000006,1.47,USD,purchase,2025-02-05T19:59:24,2025-02-05T20:01:48
txn_003012,acct_000135,device_000473,ip_000141,token_001162,merchant_000025,98.77,USD,purchase,2025-02-05T20:04:12,2025-02-05T20:05:59
txn_002981,acct_000322,device_000469,ip_000384,token_000665,merchant_000074,42.93,USD,purchase,2025-02-05T20:27:20,2025-02-05T20:30:54
txn_000722,acct_000605,device_000266,ip_000358,token_000901,merchant_000034,23.45,USD,purchase,2025-02-05T21:20:34,2025-02-05T21:22:04
txn_003800,acct_000234,device_000303,ip_000139,token_000876,merchant_000053,209.16,USD,purchase,2025-02-05T23:37:24,2025-02-05T23:38:52
txn_001974,acct_000899,device_000223,ip_000432,token_000240,merchant_000070,111.17,USD,purchase,2025-02-06T00:18:10,2025-02-06T00:21:50
txn_000403,acct_000259,device_000533,ip_000277,token_000582,merchant_000028,25.33,USD,purchase,2025-02-06T01:08:27,2025-02-06T01:09:55
txn_000733,acct_000385,device_000046,ip_000109,token_000619,merchant_000056,10.23,USD,purchase,2025-02-06T01:25:40,2025-02-06T01:27:29
txn_002568,acct_000329,device_000577,ip_000414,token_000857,merchant_000076,14.12,USD,purchase,2025-02-06T01:56:04,2025-02-06T01:59:19
txn_002580,acct_000313,device_000171,ip_000311,token_000757,merchant_000005,-85.71,USD,refund,2025-02-06T02:25:31,2025-02-06T02:28:25
txn_000589,acct_000533,device_000567,ip_000082,token_000661,merchant_000027,6.27,USD,purchase,2025-02-06T05:11:39,2025-02-06T05:14:20
txn_001487,acct_000767,device_000258,ip_000441,token_000269,merchant_000020,24.64,USD,purchase,2025-02-06T06:46:39,2025-02-06T06:50:09
txn_002779,acct_000528,device_000031,ip_000360,token_000966,merchant_000029,55.43,USD,purchase,2025-02-06T08:23:03,2025-02-06T08:26:21
txn_001755,acct_000715,device_000496,ip_000435,token_000916,merchant_000061,459.38,USD,purchase,2025-02-06T11:32:37,2025-02-06T11:35:58
txn_002889,acct_000452,device_000092,ip_000389,token_000690,merchant_000064,12.44,USD,purchase,2025-02-06T12:35:17,2025-02-06T12:38:49
txn_001405,acct_000375,device_000431,ip_000329,token_000724,merchant_000041,13.5,USD,purchase,2025-02-06T15:37:25,2025-02-06T15:39:10
txn_000348,acct_000824,device_000232,ip_000320,token_000189,merchant_000075,31.14,USD,purchase,2025-02-06T18:58:52,2025-02-06T19:01:18
txn_002714,acct_000849,device_000489,ip_000486,token_000530,merchant_000047,41.72,USD,purchase,2025-02-06T19:05:04,2025-02-06T19:06:03
txn_001652,acct_000903,device_000508,ip_000334,token_000892,merchant_000055,25.22,USD,purchase,2025-02-06T19:12:50,2025-02-06T19:15:06
txn_002917,acct_000112,device_000193,ip_000060,token_000909,merchant_000019,32.02,USD,purchase,2025-02-06T21:22:09,2025-02-06T21:23:08
txn_003136,acct_000302,device_000286,ip_000121,token_000515,merchant_000019,69.77,USD,purchase,2025-02-07T06:49:01,2025-02-07T06:52:26
txn_001406,acct_000375,device_000431,ip_000329,token_000724,merchant_000041,-13.5,USD,refund,2025-02-07T09:37:25,2025-02-07T09:38:35
txn_003272,acct_000050,device_000304,ip_000076,token_001140,merchant_000031,19.6,USD,purchase,2025-02-07T10:43:27,2025-02-07T10:44:01
txn_003740,acct_000363,device_000231,ip_000327,token_001170,merchant_000046,42.92,USD,purchase,2025-02-07T10:49:46,2025-02-07T10:50:21
txn_002982,acct_000322,device_000469,ip_000384,token_000665,merchant_000074,-42.93,USD,refund,2025-02-07T12:27:20,2025-02-07T12:28:59
txn_001547,acct_000398,device_000494,ip_000339,token_000647,merchant_000052,24.0,USD,purchase,2025-02-07T15:28:56,2025-02-07T15:29:15
txn_000205,acct_000623,device_000080,ip_000484,token_000443,merchant_000067,9.22,USD,purchase,2025-02-07T17:13:01,2025-02-07T17:14:40
txn_003032,acct_000801,device_000547,ip_000441,token_001105,merchant_000004,-14.87,USD,refund,2025-02-08T04:29:30,2025-02-08T04:31:49
txn_003335,acct_000006,device_000533,ip_000170,token_000318,merchant_000057,12.29,USD,purchase,2025-02-08T14:07:01,2025-02-08T14:09:02
txn_001217,acct_000634,device_000029,ip_000342,token_000209,merchant_000030,21.27,USD,purchase,2025-02-08T17:32:59,2025-02-08T17:34:39
txn_000114,acct_000936,device_000304,ip_000136,token_000951,merchant_000007,69.34,USD,purchase,2025-02-08T18:17:11,2025-02-08T18:20:05
txn_002962,acct_000125,device_000412,ip_000110,token_000478,merchant_000012,95.72,USD,purchase,2025-02-08T18:50:54,2025-02-08T18:51:21
txn_000730,acct_000767,device_000006,ip_000245,token_000327,merchant_000045,20.58,USD,purchase,2025-02-08T19:15:39,2025-02-08T19:18:38
txn_002765,acct_000132,device_000415,ip_000014,token_001086,merchant_000038,46.23,USD,purchase,2025-02-08T19:19:38,2025-02-08T19:22:02
txn_001560,acct_000409,device_000149,ip_000416,token_000799,merchant_000049,4.73,USD,purchase,2025-02-08T22:29:26,2025-02-08T22:31:48
txn_002270,acct_001114,device_000426,ip_000366,token_000822,merchant_000001,83.67,USD,purchase,2025-02-08T23:57:21,2025-02-08T23:58:42
txn_001337,acct_000343,device_000007,ip_000326,token_001103,merchant_000067,14.65,USD,purchase,2025-02-09T00:16:21,2025-02-09T00:16:54
txn_002246,acct_000026,device_000276,ip_000238,token_000449,merchant_000057,58.93,USD,purchase,2025-02-09T05:38:45,2025-02-09T05:41:30
txn_000920,acct_001011,device_000235,ip_000366,token_000911,merchant_000015,11.83,USD,purchase,2025-02-09T10:24:00,2025-02-09T10:26:35
txn_000552,acct_000231,device_000504,ip_000087,token_000226,merchant_000029,81.4,USD,purchase,2025-02-09T12:15:02,2025-02-09T12:15:22
txn_000029,acct_000440,device_000211,ip_000143,token_000129,merchant_000074,83.13,USD,purchase,2025-02-09T12:23:52,2025-02-09T12:25:26
txn_000469,acct_000842,device_000309,ip_000393,token_001227,merchant_000064,167.56,USD,purchase,2025-02-09T12:58:17,2025-02-09T13:02:14
txn_003165,acct_000040,device_000012,ip_000015,token_001132,merchant_000039,12.92,USD,purchase,2025-02-09T14:26:41,2025-02-09T14:28:46
txn_001154,acct_000910,device_000012,ip_000079,token_001149,merchant_000044,18.99,USD,purchase,2025-02-09T16:39:47,2025-02-09T16:43:46
txn_003599,acct_000376,device_000517,ip_000191,token_000065,merchant_000038,12.72,USD,purchase,2025-02-09T16:40:22,2025-02-09T16:41:47
txn_003765,acct_000917,device_000216,ip_000286,token_000889,merchant_000069,85.53,USD,purchase,2025-02-09T19:20:03,2025-02-09T19:20:50
txn_001959,acct_001058,device_000405,ip_000288,token_000102,merchant_000039,24.78,USD,purchase,2025-02-09T23:49:29,2025-02-09T23:50:26
txn_001464,acct_000361,device_000180,ip_000484,token_000302,merchant_000062,22.07,USD,purchase,2025-02-10T02:42:31,2025-02-10T02:46:19
txn_001123,acct_000028,device_000184,ip_000234,token_000618,merchant_000067,12.53,USD,purchase,2025-02-10T05:53:51,2025-02-10T05:53:57
txn_002050,acct_000191,device_000203,ip_000387,token_000143,merchant_000067,152.52,USD,purchase,2025-02-10T06:02:15,2025-02-10T06:03:35
txn_001325,acct_001098,device_000512,ip_000206,token_000611,merchant_000002,42.89,USD,purchase,2025-02-10T09:10:29,2025-02-10T09:11:53
txn_003057,acct_000204,device_000537,ip_000355,token_000812,merchant_000018,78.24,USD,purchase,2025-02-10T12:15:50,2025-02-10T12:19:23
txn_002547,acct_000593,device_000365,ip_000079,token_001167,merchant_000051,16.32,USD,purchase,2025-02-10T12:32:15,2025-02-10T12:34:01
txn_000295,acct_000891,device_000258,ip_000172,token_000929,merchant_000006,23.76,USD,purchase,2025-02-10T13:16:30,2025-02-10T13:20:20
txn_000026,acct_001025,device_000155,ip_000177,token_000051,merchant_000062,47.77,USD,purchase,2025-02-10T14:28:14,2025-02-10T14:29:42
txn_003503,acct_000497,device_000105,ip_000328,token_001058,merchant_000067,12.4,USD,purchase,2025-02-10T14:31:05,2025-02-10T14:34:44
txn_003419,acct_000959,device_000314,ip_000227,token_000804,merchant_000028,26.29,USD,purchase,2025-02-10T15:45:38,2025-02-10T15:46:44
txn_003822,acct_000506,device_000389,ip_000222,token_001017,merchant_000012,14.99,USD,purchase,2025-02-10T15:47:21,2025-02-10T15:51:14
txn_003387,acct_000395,device_000270,ip_000058,token_000074,merchant_000051,39.66,USD,purchase,2025-02-10T19:01:47,2025-02-10T19:03:11
txn_003940,acct_000011,device_000008,ip_000300,token_001195,merchant_000039,248.25,USD,purchase,2025-02-10T19:05:54,2025-02-10T19:08:11
txn_003721,acct_000319,device_000008,ip_000462,token_001052,merchant_000063,18.71,USD,purchase,2025-02-11T00:57:42,2025-02-11T01:01:30
txn_001309,acct_000976,device_000508,ip_000165,token_000534,merchant_000053,97.23,USD,purchase,2025-02-11T02:47:16,2025-02-11T02:51:16
txn_002271,acct_000987,device_000198,ip_000405,token_001063,merchant_000002,4.62,USD,purchase,2025-02-11T03:19:14,2025-02-11T03:23:08
txn_001715,acct_000857,device_000098,ip_000344,token_001199,merchant_000007,36.75,USD,purchase,2025-02-11T06:15:20,2025-02-11T06:16:15
txn_000921,acct_000043,device_000538,ip_000460,token_000755,merchant_000070,20.93,USD,purchase,2025-02-11T07:02:59,2025-02-11T07:04:51
txn_000171,acct_000010,device_000268,ip_000090,token_000834,merchant_000065,30.65,USD,purchase,2025-02-11T08:19:31,2025-02-11T08:20:59
txn_000498,acct_000748,device_000130,ip_000267,token_001210,merchant_000029,15.99,USD,purchase,2025-02-11T09:27:10,2025-02-11T09:29:08
txn_001002,acct_000431,device_000114,ip_000425,token_000029,merchant_000053,14.28,USD,purchase,2025-02-11T12:52:49,2025-02-11T12:53:27
txn_001152,acct_000460,device_000342,ip_000371,token_000773,merchant_000046,65.07,USD,purchase,2025-02-11T13:23:42,2025-02-11T13:27:07
txn_003915,acct_000006,device_000287,ip_000431,token_000810,merchant_000027,57.29,USD,purchase,2025-02-11T16:28:49,2025-02-11T16:29:08
txn_001095,acct_000630,device_000091,ip_000167,token_000602,merchant_000059,15.09,USD,purchase,2025-02-11T18:11:00,2025-02-11T18:11:28
txn_000969,acct_000394,device_000175,ip_000460,token_000801,merchant_000063,13.2,USD,purchase,2025-02-11T18:19:52,2025-02-11T18:23:27
txn_000382,acct_000098,device_000565,ip_000040,token_000093,merchant_000066,25.39,USD,purchase,2025-02-11T19:12:16,2025-02-11T19:14:15
txn_001740,acct_000441,device_000384,ip_000026,token_000002,merchant_000010,71.02,USD,purchase,2025-02-12T01:15:14,2025-02-12T01:15:43
txn_002437,acct_000158,device_000053,ip_000227,token_001184,merchant_000046,18.0,USD,purchase,2025-02-12T01:56:56,2025-02-12T01:57:16
txn_001051,acct_001043,device_000564,ip_000094,token_000894,merchant_000074,20.48,USD,purchase,2025-02-12T05:50:39,2025-02-12T05:52:28
txn_001046,acct_000253,device_000539,ip_000328,token_001178,merchant_000037,26.99,USD,purchase,2025-02-12T06:36:45,2025-02-12T06:38:27
txn_003078,acct_000116,device_000512,ip_000397,token_000407,merchant_000021,18.61,USD,purchase,2025-02-12T08:01:11,2025-02-12T08:04:42
txn_003229,acct_001080,device_000203,ip_000227,token_000151,merchant_000048,6.97,USD,purchase,2025-02-12T09:26:14,2025-02-12T09:28:11
txn_000231,acct_001099,device_000538,ip_000329,token_000079,merchant_000067,14.47,USD,purchase,2025-02-12T10:54:06,2025-02-12T10:54:17
txn_000845,acct_000261,device_000531,ip_000019,token_000961,merchant_000062,19.48,USD,purchase,2025-02-12T11:09:32,2025-02-12T11:12:30
txn_003935,acct_000011,device_000008,ip_000350,token_000448,merchant_000030,148.78,USD,purchase,2025-02-12T11:27:36,2025-02-12T11:28:01
txn_002884,acct_000214,device_000309,ip_000006,token_001179,merchant_000049,39.44,USD,purchase,2025-02-12T12:30:58,2025-02-12T12:33:27
txn_000534,acct_001045,device_000438,ip_000330,token_000106,merchant_000039,13.39,USD,purchase,2025-02-12T17:47:11,2025-02-12T17:48:41
txn_003727,acct_000262,device_000329,ip_000224,token_000869,merchant_000044,14.23,USD,purchase,2025-02-12T19:36:32,2025-02-12T19:38:29
txn_001132,acct_000281,device_000258,ip_000237,token_000890,merchant_000001,9.99,USD,purchase,2025-02-12T22:29:45,2025-02-12T22:33:12
txn_003029,acct_000531,device_000211,ip_000006,token_001213,merchant_000020,15.27,USD,purchase,2025-02-13T00:13:02,2025-02-13T00:13:48
txn_001402,acct_000573,device_000418,ip_000406,token_000230,merchant_000064,32.77,USD,purchase,2025-02-13T02:12:57,2025-02-13T02:13:15
txn_000305,acct_000113,device_000528,ip_000485,token_000746,merchant_000007,16.23,USD,purchase,2025-02-13T02:16:59,2025-02-13T02:17:10
txn_003322,acct_000028,device_000002,ip_000054,token_000696,merchant_000072,10.07,USD,purchase,2025-02-13T04:38:29,2025-02-13T04:42:09
txn_003115,acct_000774,device_000115,ip_000181,token_000116,merchant_000062,17.83,USD,purchase,2025-02-13T07:45:02,2025-02-13T07:45:16
txn_003496,acct_000847,device_000499,ip_000021,token_000999,merchant_000015,37.1,USD,purchase,2025-02-13T11:57:57,2025-02-13T12:01:01
txn_003619,acct_001064,device_000301,ip_000338,token_000490,merchant_000041,36.73,USD,purchase,2025-02-13T13:55:25,2025-02-13T13:59:10
txn_002221,acct_000703,device_000173,ip_000257,token_000016,merchant_000002,2.46,USD,purchase,2025-02-13T14:12:30,2025-02-13T14:16:18
txn_002029,acct_001000,device_000161,ip_000422,token_000004,merchant_000071,15.37,USD,purchase,2025-02-13T14:20:15,2025-02-13T14:21:05
txn_000217,acct_000881,device_000332,ip_000351,token_001180,merchant_000012,43.04,USD,purchase,2025-02-13T16:51:15,2025-02-13T16:52:45
txn_001121,acct_000286,device_000055,ip_000059,token_000183,merchant_000015,19.16,USD,purchase,2025-02-13T18:31:46,2025-02-13T18:35:40
txn_003701,acct_000573,device_000156,ip_000063,token_000044,merchant_000002,9.75,USD,purchase,2025-02-13T19:02:53,2025-02-13T19:04:36
txn_002854,acct_000710,device_000371,ip_000232,token_000239,merchant_000032,105.46,USD,purchase,2025-02-13T23:23:38,2025-02-13T23:24:43
txn_002475,acct_000174,device_000468,ip_000425,token_000458,merchant_000036,50.35,USD,purchase,2025-02-14T01:36:35,2025-02-14T01:36:43
txn_000235,acct_000664,device_000168,ip_000368,token_000254,merchant_000012,71.06,USD,purchase,2025-02-14T08:05:39,2025-02-14T08:06:01
txn_001000,acct_000256,device_000431,ip_000131,token_001020,merchant_000001,19.68,USD,purchase,2025-02-14T12:14:57,2025-02-14T12:16:02
txn_000232,acct_001099,device_000538,ip_000329,token_000079,merchant_000067,-14.47,USD,refund,2025-02-14T12:54:06,2025-02-14T12:56:19
txn_003802,acct_000412,device_000202,ip_000177,token_000883,merchant_000015,6.24,USD,purchase,2025-02-14T14:09:40,2025-02-14T14:11:42
txn_003972,acct_000016,device_000066,ip_000381,token_000521,merchant_000038,13.12,USD,purchase,2025-02-14T22:01:36,2025-02-14T22:02:59
txn_003120,acct_001000,device_000341,ip_000303,token_000727,merchant_000003,51.0,USD,purchase,2025-02-14T22:02:08,2025-02-14T22:05:23
txn_002268,acct_000168,device_000437,ip_000042,token_000382,merchant_000023,142.56,USD,purchase,2025-02-14T23:15:46,2025-02-14T23:19:15
txn_002272,acct_000186,device_000303,ip_000312,token_001164,merchant_000075,9.23,USD,purchase,2025-02-15T00:35:59,2025-02-15T00:39:20
txn_000506,acct_000564,device_000456,ip_000189,token_000024,merchant_000016,5.25,USD,purchase,2025-02-15T07:02:54,2025-02-15T07:05:46
txn_000031,acct_000275,device_000321,ip_000061,token_000489,merchant_000040,3.49,USD,purchase,2025-02-15T10:02:34,2025-02-15T10:04:45
txn_002970,acct_000575,device_000010,ip_000289,token_000357,merchant_000007,83.31,USD,purchase,2025-02-15T10:55:20,2025-02-15T10:58:45
txn_003576,acct_000283,device_000302,ip_000046,token_000427,merchant_000006,21.02,USD,purchase,2025-02-15T15:15:53,2025-02-15T15:18:43
txn_003596,acct_000663,device_000509,ip_000249,token_000010,merchant_000042,56.15,USD,purchase,2025-02-15T16:13:07,2025-02-15T16:16:40
txn_000719,acct_000007,device_000319,ip_000141,token_001149,merchant_000045,12.27,USD,purchase,2025-02-15T17:10:45,2025-02-15T17:13:44
txn_003123,acct_000483,device_000481,ip_000276,token_000176,merchant_000029,107.09,USD,purchase,2025-02-15T21:21:02,2025-02-15T21:22:40
txn_000443,acct_000351,device_000540,ip_000410,token_000889,merchant_000009,48.84,USD,purchase,2025-02-16T00:26:16,2025-02-16T00:27:53
txn_003256,acct_000673,device_000245,ip_000405,token_000003,merchant_000030,15.2,USD,purchase,2025-02-16T03:36:25,2025-02-16T03:37:45
txn_003406,acct_000922,device_000454,ip_000143,token_001155,merchant_000012,59.85,USD,purchase,2025-02-16T04:13:36,2025-02-16T04:15:02
txn_002783,acct_000763,device_000137,ip_000210,token_000226,merchant_000041,92.44,USD,purchase,2025-02-16T06:29:20,2025-02-16T06:31:28
txn_002405,acct_000109,device_000003,ip_000296,token_001107,merchant_000037,5.94,USD,purchase,2025-02-16T09:59:18,2025-02-16T10:02:51
txn_003545,acct_000213,device_000429,ip_000080,token_000881,merchant_000026,24.31,USD,purchase,2025-02-16T11:08:02,2025-02-16T11:09:12
txn_001045,acct_001019,device_000271,ip_000374,token_000581,merchant_000077,42.9,USD,purchase,2025-02-16T11:41:37,2025-02-16T11:44:14
txn_000104,acct_000146,device_000484,ip_000456,token_000399,merchant_000065,75.31,USD,purchase,2025-02-16T12:45:55,2025-02-16T12:47:12
txn_004008,acct_000024,device_000423,ip_000199,token_000382,merchant_000019,71.52,USD,purchase,2025-02-16T17:40:00,2025-02-16T17:42:47
txn_003102,acct_000951,device_000058,ip_000394,token_000011,merchant_000045,20.84,USD,purchase,2025-02-16T20:18:09,2025-02-16T20:21:09
txn_000125,acct_000839,device_000110,ip_000131,token_000402,merchant_000025,93.43,USD,purchase,2025-02-16T21:25:56,2025-02-16T21:27:54
txn_002501,acct_000778,device_000022,ip_000299,token_000207,merchant_000018,6.14,USD,purchase,2025-02-17T02:26:36,2025-02-17T02:28:07
txn_000067,acct_000512,device_000097,ip_000237,token_000209,merchant_000018,64.91,USD,purchase,2025-02-17T04:01:35,2025-02-17T04:04:17
txn_000869,acct_000944,device_000339,ip_000403,token_000217,merchant_000079,2.99,USD,purchase,2025-02-17T08:55:15,2025-02-17T08:55:39
txn_001681,acct_000149,device_000041,ip_000127,token_000598,merchant_000019,79.47,USD,purchase,2025-02-17T09:03:55,2025-02-17T09:05:02
txn_000509,acct_000369,device_000006,ip_000285,token_000916,merchant_000041,33.64,USD,purchase,2025-02-17T18:51:55,2025-02-17T18:53:01
txn_000143,acct_000765,device_000012,ip_000284,token_001137,merchant_000019,3.24,USD,purchase,2025-02-17T20:38:05,2025-02-17T20:39:46
txn_002766,acct_000570,device_000220,ip_000234,token_000853,merchant_000027,26.8,USD,purchase,2025-02-18T03:33:52,2025-02-18T03:35:36
txn_003514,acct_000198,device_000372,ip_000062,token_000955,merchant_000041,35.38,USD,purchase,2025-02-18T09:26:21,2025-02-18T09:29:44
txn_001752,acct_000391,device_000008,ip_000275,token_001156,merchant_000061,75.04,USD,purchase,2025-02-18T13:39:32,2025-02-18T13:40:30
txn_000562,acct_000322,device_000279,ip_000048,token_001069,merchant_000049,52.73,USD,purchase,2025-02-18T14:19:38,2025-02-18T14:19:53
txn_001491,acct_000037,device_000521,ip_000137,token_000815,merchant_000062,94.88,USD,purchase,2025-02-18T16:09:13,2025-02-18T16:10:46
txn_003967,acct_000017,device_000547,ip_000225,token_001154,merchant_000054,13.88,USD,purchase,2025-02-18T16:13:51,2025-02-18T16:15:25
txn_002684,acct_000221,device_000206,ip_000080,token_000514,merchant_000044,79.94,USD,purchase,2025-02-18T23:45:03,2025-02-18T23:48:00
txn_000270,acct_000598,device_000028,ip_000147,token_000993,merchant_000011,26.34,USD,purchase,2025-02-19T06:03:37,2025-02-19T06:04:49
txn_001629,acct_000088,device_000326,ip_000226,token_000068,merchant_000046,43.41,USD,purchase,2025-02-19T07:31:27,2025-02-19T07:34:06
txn_003781,acct_000894,device_000347,ip_000094,token_000435,merchant_000024,29.28,USD,purchase,2025-02-19T09:18:07,2025-02-19T09:19:19
txn_000427,acct_000360,device_000067,ip_000302,token_000263,merchant_000009,8.54,USD,purchase,2025-02-19T11:44:31,2025-02-19T11:45:30
txn_001699,acct_000084,device_000476,ip_000269,token_000493,merchant_000004,8.55,USD,purchase,2025-02-19T13:33:29,2025-02-19T13:37:11
txn_000436,acct_000381,device_000249,ip_000071,token_000091,merchant_000008,13.07,USD,purchase,2025-02-19T14:04:15,2025-02-19T14:07:02
txn_003218,acct_000424,device_000212,ip_000348,token_000164,merchant_000031,31.15,USD,purchase,2025-02-19T16:09:42,2025-02-19T16:12:36
txn_000795,acct_000002,device_000319,ip_000244,token_000962,merchant_000033,11.86,USD,purchase,2025-02-19T18:53:51,2025-02-19T18:56:29
txn_003486,acct_000288,device_000142,ip_000050,token_000992,merchant_000026,27.48,USD,purchase,2025-02-19T19:03:00,2025-02-19T19:06:19
txn_000177,acct_001047,device_000287,ip_000204,token_000455,merchant_000074,22.44,USD,purchase,2025-02-19T19:20:20,2025-02-19T19:22:29
txn_002303,acct_000211,device_000381,ip_000398,token_000280,merchant_000051,2.68,USD,purchase,2025-02-19T20:43:27,2025-02-19T20:45:31
txn_003450,acct_000905,device_000245,ip_000129,token_000699,merchant_000035,93.58,USD,purchase,2025-02-19T22:25:13,2025-02-19T22:26:34
txn_003321,acct_000660,device_000458,ip_000165,token_000301,merchant_000079,82.92,USD,purchase,2025-02-20T00:56:49,2025-02-20T00:56:56
txn_002185,acct_000405,device_000334,ip_000207,token_000939,merchant_000003,39.1,USD,purchase,2025-02-20T05:10:01,2025-02-20T05:10:44
txn_001250,acct_000620,device_000386,ip_000086,token_000930,merchant_000025,71.08,USD,purchase,2025-02-20T06:48:05,2025-02-20T06:49:57
txn_000566,acct_001025,device_000200,ip_000162,token_000801,merchant_000046,37.48,USD,purchase,2025-02-20T07:11:05,2025-02-20T07:12:50
txn_001098,acct_000270,device_000490,ip_000004,token_000557,merchant_000047,8.76,USD,purchase,2025-02-20T09:35:56,2025-02-20T09:38:19
txn_003955,acct_000017,device_000083,ip_000092,token_001208,merchant_000080,168.01,USD,purchase,2025-02-20T09:41:29,2025-02-20T09:41:47
txn_002108,acct_000401,device_000279,ip_000235,token_000887,merchant_000010,59.67,USD,purchase,2025-02-20T10:47:58,2025-02-20T10:51:46
txn_003095,acct_000829,device_000184,ip_000478,token_000523,merchant_000026,19.1,USD,purchase,2025-02-20T11:42:20,2025-02-20T11:42:21
txn_003383,acct_000849,device_000297,ip_000029,token_000543,merchant_000011,5.55,USD,purchase,2025-02-20T12:32:35,2025-02-20T12:35:27
txn_000366,acct_000546,device_000295,ip_000383,token_001013,merchant_000049,20.83,USD,purchase,2025-02-20T13:32:44,2025-02-20T13:33:40
txn_000329,acct_000292,device_000233,ip_000158,token_000257,merchant_000027,118.91,USD,purchase,2025-02-20T13:43:19,2025-02-20T13:46:35
txn_000865,acct_000939,device_000083,ip_000171,token_001130,merchant_000005,15.41,USD,purchase,2025-02-20T17:44:41,2025-02-20T17:46:42
txn_002649,acct_000330,device_000292,ip_000214,token_000145,merchant_000040,130.19,USD,purchase,2025-02-20T19:31:35,2025-02-20T19:31:41
txn_003255,acct_000552,device_000428,ip_000365,token_000720,merchant_000010,57.96,USD,purchase,2025-02-20T22:18:45,2025-02-20T22:19:13
txn_001698,acct_000908,device_000150,ip_000085,token_001087,merchant_000076,76.73,USD,purchase,2025-02-20T23:21:26,2025-02-20T23:24:10
txn_001595,acct_000854,device_000447,ip_000152,token_000444,merchant_000017,11.7,USD,purchase,2025-02-21T04:21:13,2025-02-21T04:21:47
txn_000255,acct_000406,device_000547,ip_000041,token_000954,merchant_000073,37.16,USD,purchase,2025-02-21T04:25:15,2025-02-21T04:26:35
txn_001294,acct_000846,device_000380,ip_000173,token_000968,merchant_000075,53.26,USD,purchase,2025-02-21T05:30:21,2025-02-21T05:31:24
txn_003325,acct_000112,device_000545,ip_000109,token_000683,merchant_000057,54.9,USD,purchase,2025-02-21T06:37:10,2025-02-21T06:39:49
txn_002290,acct_000324,device_000065,ip_000460,token_000746,merchant_000064,3.47,USD,purchase,2025-02-21T07:36:17,2025-02-21T07:36:55
txn_000160,acct_000929,device_000071,ip_000118,token_000775,merchant_000050,9.72,USD,purchase,2025-02-21T08:18:58,2025-02-21T08:22:39
txn_001978,acct_000373,device_000418,ip_000035,token_000448,merchant_000067,21.78,USD,purchase,2025-02-21T08:20:58,2025-02-21T08:24:39
txn_000676,acct_000070,device_000442,ip_000013,token_000342,merchant_000010,26.04,USD,purchase,2025-02-21T09:51:00,2025-02-21T09:52:40
txn_001017,acct_000093,device_000184,ip_000101,token_000429,merchant_000026,16.25,USD,purchase,2025-02-21T12:11:02,2025-02-21T12:12:58
txn_000753,acct_000359,device_000484,ip_000480,token_000410,merchant_000042,8.79,USD,purchase,2025-02-21T12:23:17,2025-02-21T12:24:20
txn_000045,acct_000195,device_000002,ip_000110,token_000977,merchant_000010,35.44,USD,purchase,2025-02-21T12:51:06,2025-02-21T12:53:00
txn_003944,acct_000007,device_000008,ip_000005,token_001134,merchant_000056,44.42,USD,purchase,2025-02-21T14:06:32,2025-02-21T14:07:41
txn_003246,acct_000347,device_000224,ip_000097,token_000184,merchant_000041,8.58,USD,purchase,2025-02-21T15:57:22,2025-02-21T16:00:20
txn_000528,acct_000407,device_000114,ip_000098,token_000584,merchant_000006,11.28,USD,purchase,2025-02-21T21:59:27,2025-02-21T22:03:18
txn_002091,acct_000715,device_000153,ip_000095,token_000006,merchant_000061,104.37,USD,purchase,2025-02-21T22:29:39,2025-02-21T22:30:15
txn_003343,acct_000580,device_000129,ip_000264,token_000844,merchant_000026,24.33,USD,purchase,2025-02-21T23:05:04,2025-02-21T23:05:57
txn_002688,acct_000848,device_000355,ip_000071,token_001041,merchant_000022,175.11,USD,purchase,2025-02-21T23:49:48,2025-02-21T23:51:28
txn_000150,acct_000804,device_000229,ip_000457,token_001208,merchant_000038,21.41,USD,purchase,2025-02-21T23:51:49,2025-02-21T23:53:31
txn_000990,acct_000016,device_000323,ip_000442,token_000950,merchant_000011,121.14,USD,purchase,2025-02-22T01:42:45,2025-02-22T01:45:09
txn_002462,acct_001018,device_000146,ip_000073,token_000486,merchant_000034,14.76,USD,purchase,2025-02-22T03:50:35,2025-02-22T03:54:11
txn_000447,acct_000322,device_000384,ip_000131,token_001128,merchant_000011,48.11,USD,purchase,2025-02-22T04:02:57,2025-02-22T04:05:10
txn_000126,acct_000253,device_000462,ip_000235,token_001207,merchant_000065,66.53,USD,purchase,2025-02-22T06:53:54,2025-02-22T06:55:45
txn_002859,acct_000838,device_000129,ip_000441,token_000962,merchant_000014,11.38,USD,purchase,2025-02-22T07:47:05,2025-02-22T07:50:52
txn_000428,acct_000360,device_000067,ip_000302,token_000263,merchant_000009,-8.54,USD,refund,2025-02-22T08:44:31,2025-02-22T08:47:09
txn_001536,acct_000764,device_000318,ip_000291,token_000993,merchant_000023,7.06,USD,purchase,2025-02-22T09:15:05,2025-02-22T09:15:53
txn_001608,acct_000975,device_000497,ip_000445,token_001180,merchant_000063,64.66,USD,purchase,2025-02-22T09:38:01,2025-02-22T09:38:41
txn_002038,acct_000939,device_000243,ip_000267,token_001045,merchant_000062,16.49,USD,purchase,2025-02-22T11:15:58,2025-02-22T11:16:53
txn_003380,acct_000082,device_000071,ip_000376,token_000076,merchant_000014,2.19,USD,purchase,2025-02-22T12:13:12,2025-02-22T12:14:27
txn_000234,acct_001026,device_000116,ip_000093,token_001199,merchant_000070,18.21,USD,purchase,2025-02-22T13:08:58,2025-02-22T13:09:05
txn_003323,acct_000585,device_000496,ip_000348,token_000077,merchant_000001,95.86,USD,purchase,2025-02-22T14:12:10,2025-02-22T14:14:37
txn_000094,acct_000326,device_000068,ip_000160,token_001038,merchant_000052,74.65,USD,purchase,2025-02-22T16:20:52,2025-02-22T16:23:18
txn_001799,acct_000451,device_000465,ip_000358,token_000065,merchant_000054,22.02,USD,purchase,2025-02-22T16:55:54,2025-02-22T16:56:22
txn_002949,acct_000294,device_000351,ip_000026,token_000675,merchant_000073,183.17,USD,purchase,2025-02-22T19:04:02,2025-02-22T19:05:27
txn_001280,acct_000031,device_000073,ip_000319,token_001017,merchant_000013,39.44,USD,purchase,2025-02-22T19:11:41,2025-02-22T19:13:00
txn_000297,acct_000443,device_000466,ip_000092,token_000794,merchant_000048,22.22,USD,purchase,2025-02-22T23:22:59,2025-02-22T23:24:31
txn_000076,acct_000811,device_000104,ip_000173,token_000619,merchant_000042,17.63,USD,purchase,2025-02-22T23:49:18,2025-02-22T23:51:23
txn_001684,acct_001093,device_000471,ip_000436,token_000613,merchant_000041,9.39,USD,purchase,2025-02-23T02:17:55,2025-02-23T02:21:33
txn_001811,acct_000892,device_000496,ip_000059,token_000056,merchant_000046,36.07,USD,purchase,2025-02-23T04:05:03,2025-02-23T04:07:08
txn_001448,acct_000231,device_000552,ip_000444,token_000455,merchant_000074,1.56,USD,purchase,2025-02-23T04:29:58,2025-02-23T04:32:07
txn_002288,acct_000795,device_000087,ip_000062,token_000800,merchant_000050,73.9,USD,purchase,2025-02-23T05:54:58,2025-02-23T05:56:50
txn_000008,acct_000153,device_000050,ip_000392,token_000014,merchant_000053,56.89,USD,purchase,2025-02-23T09:30:50,2025-02-23T09:33:52
txn_001441,acct_001083,device_000455,ip_000268,token_000008,merchant_000061,91.28,USD,purchase,2025-02-23T10:32:30,2025-02-23T10:32:45
txn_002879,acct_000617,device_000035,ip_000486,token_001135,merchant_000076,6.45,USD,purchase,2025-02-23T12:11:35,2025-02-23T12:13:19
txn_003072,acct_000416,device_000550,ip_000342,token_001075,merchant_000050,3.88,USD,purchase,2025-02-23T12:38:16,2025-02-23T12:39:21
txn_001516,acct_000661,device_000023,ip_000433,token_000620,merchant_000074,11.33,USD,purchase,2025-02-23T14:43:21,2025-02-23T14:45:18
txn_003793,acct_000794,device_000019,ip_000304,token_000256,merchant_000004,10.01,USD,purchase,2025-02-23T15:03:01,2025-02-23T15:04:11
txn_001784,acct_000536,device_000177,ip_000464,token_000789,merchant_000055,2.4,USD,purchase,2025-02-23T22:34:29,2025-02-23T22:36:25
txn_002715,acct_000609,device_000531,ip_000273,token_000300,merchant_000042,81.77,USD,purchase,2025-02-24T04:11:46,2025-02-24T04:14:21
txn_002079,acct_000139,device_000234,ip_000338,token_000368,merchant_000044,78.81,USD,purchase,2025-02-24T08:04:27,2025-02-24T08:08:14
txn_002463,acct_000354,device_000222,ip_000325,token_001117,merchant_000015,25.89,USD,purchase,2025-02-24T08:13:11,2025-02-24T08:16:59
txn_000007,acct_001005,device_000472,ip_000087,token_000722,merchant_000022,55.29,USD,purchase,2025-02-24T08:30:28,2025-02-24T08:34:23
txn_001753,acct_000238,device_000124,ip_000450,token_001027,merchant_000038,8.06,USD,purchase,2025-02-24T10:50:18,2025-02-24T10:52:22
txn_002955,acct_000229,device_000435,ip_000418,token_001135,merchant_000024,19.15,USD,purchase,2025-02-24T14:06:12,2025-02-24T14:06:14
txn_001202,acct_000283,device_000447,ip_000137,token_000363,merchant_000021,35.61,USD,purchase,2025-02-24T17:24:24,2025-02-24T17:26:36
txn_003620,acct_000975,device_000115,ip_000412,token_000071,merchant_000038,39.75,USD,purchase,2025-02-24T20:22:10,2025-02-24T20:24:50
txn_001454,acct_000758,device_000287,ip_000217,token_000948,merchant_000060,6.09,USD,purchase,2025-02-24T21:26:39,2025-02-24T21:26:55
txn_003678,acct_000674,device_000003,ip_000451,token_000350,merchant_000038,10.28,USD,purchase,2025-02-25T00:16:54,2025-02-25T00:18:30
txn_000576,acct_000867,device_000277,ip_000130,token_000361,merchant_000011,6.26,USD,purchase,2025-02-25T01:05:34,2025-02-25T01:06:51
txn_000757,acct_000229,device_000174,ip_000188,token_000846,merchant_000044,13.38,USD,purchase,2025-02-25T03:04:14,2025-02-25T03:06:59
txn_003494,acct_000295,device_000496,ip_000418,token_000017,merchant_000037,2.38,USD,purchase,2025-02-25T07:09:43,2025-02-25T07:13:42
txn_002244,acct_000109,device_000008,ip_000279,token_001197,merchant_000040,36.25,USD,purchase,2025-02-25T08:53:40,2025-02-25T08:57:30
txn_000625,acct_001029,device_000575,ip_000080,token_000177,merchant_000035,29.22,USD,purchase,2025-02-25T09:32:26,2025-02-25T09:33:23
txn_000517,acct_000020,device_000526,ip_000366,token_000319,merchant_000017,10.34,USD,purchase,2025-02-25T09:46:55,2025-02-25T09:47:09
txn_002578,acct_000997,device_000159,ip_000092,token_001210,merchant_000072,3.75,USD,purchase,2025-02-25T10:27:58,2025-02-25T10:28:50
txn_002049,acct_000257,device_000323,ip_000434,token_000775,merchant_000077,16.73,USD,purchase,2025-02-25T12:59:32,2025-02-25T13:02:51
txn_000848,acct_000504,device_000542,ip_000148,token_001141,merchant_000021,27.95,USD,purchase,2025-02-25T16:14:39,2025-02-25T16:15:08
txn_001605,acct_001050,device_000484,ip_000478,token_000607,merchant_000001,9.5,USD,purchase,2025-02-25T19:34:12,2025-02-25T19:36:29
txn_000280,acct_000411,device_000403,ip_000092,token_001008,merchant_000014,28.07,USD,purchase,2025-02-25T20:59:23,2025-02-25T21:02:01
txn_001111,acct_000155,device_000311,ip_000121,token_001133,merchant_000071,13.51,USD,purchase,2025-02-25T20:59:35,2025-02-25T21:02:23
txn_000632,acct_001047,device_000055,ip_000360,token_000420,merchant_000067,878.69,USD,purchase,2025-02-25T23:35:35,2025-02-25T23:36:10
txn_001979,acct_000084,device_000211,ip_000292,token_001158,merchant_000053,15.42,USD,purchase,2025-02-26T01:06:50,2025-02-26T01:09:21
txn_000408,acct_000902,device_000502,ip_000375,token_000854,merchant_000021,25.06,USD,purchase,2025-02-26T01:24:14,2025-02-26T01:26:12
txn_002662,acct_000601,device_000306,ip_000222,token_000515,merchant_000042,7.48,USD,purchase,2025-02-26T01:42:56,2025-02-26T01:43:04
txn_000774,acct_000539,device_000484,ip_000479,token_000622,merchant_000048,6.44,USD,purchase,2025-02-26T07:22:20,2025-02-26T07:25:53
txn_001056,acct_000935,device_000092,ip_000456,token_001070,merchant_000038,27.25,USD,purchase,2025-02-26T09:11:07,2025-02-26T09:12:46
txn_001805,acct_000186,device_000299,ip_000333,token_000312,merchant_000008,6.42,USD,purchase,2025-02-26T09:49:30,2025-02-26T09:51:13
txn_000130,acct_000027,device_000536,ip_000055,token_000052,merchant_000049,3.16,USD,purchase,2025-02-26T10:32:35,2025-02-26T10:33:49
txn_000925,acct_000146,device_000150,ip_000342,token_000261,merchant_000066,181.0,USD,purchase,2025-02-26T11:15:02,2025-02-26T11:17:27
txn_000399,acct_001058,device_000371,ip_000484,token_000061,merchant_000057,149.22,USD,purchase,2025-02-26T12:56:38,2025-02-26T12:58:51
txn_003924,acct_000011,device_000008,ip_000174,token_001082,merchant_000064,122.73,USD,purchase,2025-02-26T13:01:30,2025-02-26T13:02:17
txn_002012,acct_000833,device_000070,ip_000443,token_000639,merchant_000039,20.52,USD,purchase,2025-02-26T13:32:48,2025-02-26T13:36:24
txn_002085,acct_000366,device_000407,ip_000203,token_000047,merchant_000028,7.47,USD,purchase,2025-02-26T14:31:39,2025-02-26T14:31:58
txn_000885,acct_000671,device_000365,ip_000423,token_000989,merchant_000072,23.52,USD,purchase,2025-02-26T17:56:20,2025-02-26T18:00:07
txn_002523,acct_000664,device_000048,ip_000350,token_000531,merchant_000052,14.02,USD,purchase,2025-02-26T19:01:25,2025-02-26T19:02:41
txn_001225,acct_000499,device_000383,ip_000352,token_001162,merchant_000044,6.05,USD,purchase,2025-02-26T21:33:10,2025-02-26T21:33:19
txn_001611,acct_000003,device_000173,ip_000368,token_000514,merchant_000035,108.49,USD,purchase,2025-02-27T03:26:01,2025-02-27T03:26:13
txn_001463,acct_000057,device_000248,ip_000426,token_001080,merchant_000034,85.18,USD,purchase,2025-02-27T03:39:16,2025-02-27T03:42:57
txn_003655,acct_000089,device_000369,ip_000306,token_000875,merchant_000034,12.96,USD,purchase,2025-02-27T05:07:21,2025-02-27T05:09:38
txn_000351,acct_000123,device_000535,ip_000103,token_000747,merchant_000060,3.55,USD,purchase,2025-02-27T09:04:15,2025-02-27T09:07:31
txn_000215,acct_000185,device_000228,ip_000222,token_000594,merchant_000051,28.27,USD,purchase,2025-02-27T11:34:32,2025-02-27T11:36:15
txn_001695,acct_000331,device_000144,ip_000118,token_000293,merchant_000071,6.32,USD,purchase,2025-02-27T12:14:08,2025-02-27T12:15:21
txn_002007,acct_000550,device_000061,ip_000468,token_000206,merchant_000043,22.87,USD,purchase,2025-02-27T14:20:06,2025-02-27T14:23:08
txn_002935,acct_000713,device_000101,ip_000322,token_000693,merchant_000079,19.8,USD,purchase,2025-02-27T18:59:27,2025-02-27T18:59:44
txn_001816,acct_000124,device_000103,ip_000280,token_000636,merchant_000021,35.08,USD,purchase,2025-02-27T19:49:22,2025-02-27T19:52:46
txn_000010,acct_000882,device_000184,ip_000055,token_000198,merchant_000068,6.78,USD,purchase,2025-02-27T19:49:30,2025-02-27T19:50:35
txn_001584,acct_001014,device_000073,ip_000310,token_001211,merchant_000068,39.94,USD,purchase,2025-02-28T00:03:01,2025-02-28T00:04:24
txn_003377,acct_000121,device_000213,ip_000245,token_000146,merchant_000045,12.62,USD,purchase,2025-02-28T00:06:33,2025-02-28T00:09:09
txn_002256,acct_001052,device_000503,ip_000112,token_000065,merchant_000007,40.24,USD,purchase,2025-02-28T02:31:54,2025-02-28T02:34:44
txn_001315,acct_000373,device_000168,ip_000011,token_000739,merchant_000038,8.37,USD,purchase,2025-02-28T02:52:18,2025-02-28T02:53:55
txn_003675,acct_000872,device_000235,ip_000429,token_000368,merchant_000072,50.49,USD,purchase,2025-02-28T04:25:04,2025-02-28T04:27:30
txn_003431,acct_000730,device_000096,ip_000426,token_000890,merchant_000029,36.16,USD,purchase,2025-02-28T04:31:38,2025-02-28T04:34:40
txn_001124,acct_000691,device_000009,ip_000296,token_000669,merchant_000018,32.82,USD,purchase,2025-02-28T07:17:42,2025-02-28T07:17:47
txn_000737,acct_000869,device_000545,ip_000389,token_000786,merchant_000011,41.59,USD,purchase,2025-02-28T09:42:37,2025-02-28T09:44:49
txn_000309,acct_000338,device_000283,ip_000058,token_000304,merchant_000064,107.38,USD,purchase,2025-02-28T10:44:37,2025-02-28T10:47:18
txn_000579,acct_000297,device_000332,ip_000341,token_000649,merchant_000002,24.5,USD,purchase,2025-02-28T10:49:12,2025-02-28T10:52:35
txn_000060,acct_001011,device_000201,ip_000376,token_001120,merchant_000032,5.06,USD,purchase,2025-02-28T11:22:49,2025-02-28T11:23:49
txn_003761,acct_000909,device_000238,ip_000051,token_000587,merchant_000073,41.37,USD,purchase,2025-02-28T12:33:02,2025-02-28T12:33:48
txn_002071,acct_000203,device_000554,ip_000203,token_000815,merchant_000075,18.21,USD,purchase,2025-02-28T14:38:01,2025-02-28T14:41:35
txn_000792,acct_000323,device_000430,ip_000089,token_000358,merchant_000067,272.4,USD,purchase,2025-02-28T18:58:06,2025-02-28T18:58:53
txn_002897,acct_000434,device_000501,ip_000272,token_000216,merchant_000032,19.9,USD,purchase,2025-02-28T19:34:49,2025-02-28T19:35:53
txn_001556,acct_000044,device_000456,ip_000274,token_001107,merchant_000002,19.25,USD,purchase,2025-02-28T20:33:53,2025-02-28T20:36:52
txn_000227,acct_000848,device_000422,ip_000156,token_000908,merchant_000036,44.24,USD,purchase,2025-03-01T00:20:32,2025-03-01T00:21:20
txn_001420,acct_000286,device_000553,ip_000467,token_000188,merchant_000065,26.11,USD,purchase,2025-03-01T02:40:37,2025-03-01T02:43:54
txn_001335,acct_000322,device_000206,ip_000461,token_000463,merchant_000078,4.73,USD,purchase,2025-03-01T04:02:50,2025-03-01T04:05:01
txn_000876,acct_000826,device_000475,ip_000445,token_000952,merchant_000058,21.0,USD,purchase,2025-03-01T07:07:33,2025-03-01T07:08:09
txn_002613,acct_000060,device_000099,ip_000248,token_000080,merchant_000073,66.37,USD,purchase,2025-03-01T12:39:34,2025-03-01T12:40:53
txn_001303,acct_000327,device_000204,ip_000103,token_000274,merchant_000067,33.26,USD,purchase,2025-03-01T13:01:38,2025-03-01T13:02:13
txn_002308,acct_000268,device_000119,ip_000188,token_001173,merchant_000076,24.48,USD,purchase,2025-03-01T14:13:26,2025-03-01T14:15:23
txn_003679,acct_000907,device_000510,ip_000483,token_000256,merchant_000025,9.26,USD,purchase,2025-03-01T15:57:59,2025-03-01T16:01:25
txn_001018,acct_000419,device_000376,ip_000322,token_000614,merchant_000056,206.72,USD,purchase,2025-03-01T18:43:36,2025-03-01T18:44:17
txn_002367,acct_000699,device_000432,ip_000338,token_001001,merchant_000016,11.3,USD,purchase,2025-03-01T19:44:18,2025-03-01T19:45:46
txn_003002,acct_000886,device_000444,ip_000331,token_001188,merchant_000033,15.05,USD,purchase,2025-03-01T21:05:23,2025-03-01T21:08:16
txn_003650,acct_000065,device_000211,ip_000489,token_000178,merchant_000007,18.29,USD,purchase,2025-03-01T21:32:14,2025-03-01T21:32:21
txn_003202,acct_000970,device_000534,ip_000233,token_000827,merchant_000002,25.27,USD,purchase,2025-03-02T00:25:18,2025-03-02T00:25:22
txn_001238,acct_000443,device_000069,ip_000281,token_000769,merchant_000078,25.49,USD,purchase,2025-03-02T00:43:36,2025-03-02T00:47:27
txn_001998,acct_000151,device_000134,ip_000024,token_000245,merchant_000072,34.33,USD,purchase,2025-03-02T02:15:25,2025-03-02T02:15:58
txn_000877,acct_000826,device_000475,ip_000445,token_000952,merchant_000058,-21.0,USD,refund,2025-03-02T06:07:33,2025-03-02T06:08:12
txn_004089,acct_000047,device_000524,ip_000127,token_000115,merchant_000022,0.78,USD,purchase,2025-03-02T07:12:27,2025-03-02T07:14:13
txn_004090,acct_000047,device_000524,ip_000127,token_000330,merchant_000069,2.02,USD,purchase,2025-03-02T07:12:31,2025-03-02T07:15:31
txn_004097,acct_000047,device_000524,ip_000127,token_000758,merchant_000057,1.78,USD,purchase,2025-03-02T07:12:59,2025-03-02T07:16:37
txn_004091,acct_000047,device_000524,ip_000127,token_000807,merchant_000045,2.72,USD,purchase,2025-03-02T07:13:05,2025-03-02T07:16:46
txn_004092,acct_000047,device_000524,ip_000127,token_000529,merchant_000071,2.25,USD,purchase,2025-03-02T07:13:09,2025-03-02T07:14:48
txn_004098,acct_000047,device_000524,ip_000127,token_000965,merchant_000070,0.89,USD,purchase,2025-03-02T07:13:12,2025-03-02T07:15:52
txn_004094,acct_000047,device_000524,ip_000127,token_000469,merchant_000007,1.08,USD,purchase,2025-03-02T07:13:27,2025-03-02T07:16:12
txn_004095,acct_000047,device_000524,ip_000127,token_000699,merchant_000051,1.59,USD,purchase,2025-03-02T07:13:33,2025-03-02T07:17:15
txn_004093,acct_000047,device_000524,ip_000127,token_000452,merchant_000029,2.87,USD,purchase,2025-03-02T07:13:47,2025-03-02T07:15:27
txn_004096,acct_000047,device_000524,ip_000127,token_001152,merchant_000010,2.73,USD,purchase,2025-03-02T07:14:12,2025-03-02T07:18:08
txn_001810,acct_000110,device_000516,ip_000251,token_000469,merchant_000080,4.98,USD,purchase,2025-03-02T10:28:53,2025-03-02T10:29:57
txn_002134,acct_000040,device_000437,ip_000454,token_000544,merchant_000057,40.23,USD,purchase,2025-03-02T10:35:26,2025-03-02T10:38:56
txn_000723,acct_000350,device_000038,ip_000487,token_001199,merchant_000050,26.86,USD,purchase,2025-03-02T11:16:06,2025-03-02T11:19:06
txn_000190,acct_000905,device_000316,ip_000188,token_000845,merchant_000034,14.08,USD,purchase,2025-03-02T11:23:33,2025-03-02T11:23:36
txn_000061,acct_001011,device_000201,ip_000376,token_001120,merchant_000032,-5.06,USD,refund,2025-03-02T12:22:49,2025-03-02T12:26:27
txn_000841,acct_000468,device_000381,ip_000470,token_000824,merchant_000006,10.0,USD,purchase,2025-03-02T13:21:48,2025-03-02T13:24:40
txn_002322,acct_000408,device_000423,ip_000129,token_001023,merchant_000080,47.45,USD,purchase,2025-03-02T16:40:16,2025-03-02T16:42:46
txn_000392,acct_000177,device_000495,ip_000067,token_000355,merchant_000026,30.63,USD,purchase,2025-03-02T16:57:10,2025-03-02T16:58:57
txn_000142,acct_000897,device_000391,ip_000203,token_000064,merchant_000061,26.39,USD,purchase,2025-03-02T17:02:25,2025-03-02T17:04:06
txn_000580,acct_000297,device_000332,ip_000341,token_000649,merchant_000002,-24.5,USD,refund,2025-03-02T20:49:12,2025-03-02T20:52:46
txn_000695,acct_001028,device_000408,ip_000406,token_000994,merchant_000006,54.37,USD,purchase,2025-03-02T22:50:17,2025-03-02T22:50:26
txn_000457,acct_000023,device_000176,ip_000168,token_000842,merchant_000051,13.47,USD,purchase,2025-03-02T23:40:35,2025-03-02T23:42:15
txn_002564,acct_000456,device_000256,ip_000292,token_000104,merchant_000056,17.18,USD,purchase,2025-03-03T04:54:54,2025-03-03T04:57:13
txn_000594,acct_000711,device_000496,ip_000315,token_001120,merchant_000001,25.92,USD,purchase,2025-03-03T12:17:08,2025-03-03T12:17:40
txn_000588,acct_000356,device_000413,ip_000463,token_000652,merchant_000067,21.52,USD,purchase,2025-03-03T12:48:06,2025-03-03T12:51:32
txn_002132,acct_000298,device_000064,ip_000205,token_000397,merchant_000020,52.27,USD,purchase,2025-03-03T15:55:53,2025-03-03T15:58:51
txn_002554,acct_000261,device_000010,ip_000097,token_001106,merchant_000059,338.45,USD,purchase,2025-03-03T16:32:48,2025-03-03T16:35:32
txn_003653,acct_000578,device_000163,ip_000427,token_000418,merchant_000057,8.37,USD,purchase,2025-03-03T19:55:06,2025-03-03T19:58:17
txn_003594,acct_000753,device_000408,ip_000480,token_000718,merchant_000051,48.08,USD,purchase,2025-03-03T23:45:24,2025-03-03T23:49:01
txn_003651,acct_000358,device_000359,ip_000082,token_000313,merchant_000074,2.79,USD,purchase,2025-03-04T00:46:02,2025-03-04T00:49:28
txn_002526,acct_000444,device_000466,ip_000243,token_000108,merchant_000010,14.43,USD,purchase,2025-03-04T04:18:41,2025-03-04T04:22:17
txn_002237,acct_000566,device_000092,ip_000396,token_001225,merchant_000066,24.71,USD,purchase,2025-03-04T04:47:47,2025-03-04T04:50:18
txn_000201,acct_000663,device_000480,ip_000141,token_001227,merchant_000071,14.54,USD,purchase,2025-03-04T06:30:32,2025-03-04T06:32:06
txn_001006,acct_000565,device_000489,ip_000494,token_000800,merchant_000035,22.97,USD,purchase,2025-03-04T07:34:46,2025-03-04T07:35:21
txn_001228,acct_000322,device_000343,ip_000168,token_000017,merchant_000028,105.81,USD,purchase,2025-03-04T09:38:49,2025-03-04T09:39:08
txn_002488,acct_001025,device_000147,ip_000134,token_000828,merchant_000074,52.59,USD,purchase,2025-03-04T11:10:24,2025-03-04T11:14:22
txn_000081,acct_000215,device_000076,ip_000176,token_000349,merchant_000049,64.49,USD,purchase,2025-03-04T11:44:18,2025-03-04T11:48:08
txn_000144,acct_000705,device_000217,ip_000212,token_001050,merchant_000019,5.17,USD,purchase,2025-03-04T12:12:12,2025-03-04T12:13:17
txn_000390,acct_000711,device_000460,ip_000358,token_000894,merchant_000003,14.95,USD,purchase,2025-03-04T15:44:11,2025-03-04T15:45:40
txn_002507,acct_000272,device_000149,ip_000478,token_000574,merchant_000004,13.5,USD,purchase,2025-03-04T16:22:12,2025-03-04T16:22:46
txn_001999,acct_000405,device_000489,ip_000300,token_000698,merchant_000065,29.86,USD,purchase,2025-03-04T17:31:30,2025-03-04T17:33:48
txn_001530,acct_000023,device_000303,ip_000415,token_000293,merchant_000039,39.45,USD,purchase,2025-03-05T00:48:15,2025-03-05T00:50:00
txn_000872,acct_000156,device_000193,ip_000096,token_000659,merchant_000030,7.3,USD,purchase,2025-03-05T01:53:50,2025-03-05T01:55:06
txn_002297,acct_000088,device_000581,ip_000197,token_000309,merchant_000040,95.72,USD,purchase,2025-03-05T03:46:24,2025-03-05T03:48:23
txn_001302,acct_000468,device_000550,ip_000407,token_000751,merchant_000007,5.77,USD,purchase,2025-03-05T10:42:51,2025-03-05T10:44:03
txn_003378,acct_000062,device_000374,ip_000124,token_000160,merchant_000024,76.36,USD,purchase,2025-03-05T12:14:10,2025-03-05T12:16:41
txn_002000,acct_000433,device_000455,ip_000043,token_000579,merchant_000077,16.92,USD,purchase,2025-03-06T00:44:02,2025-03-06T00:46:00
txn_003443,acct_000409,device_000262,ip_000481,token_000357,merchant_000063,3.79,USD,purchase,2025-03-06T07:06:37,2025-03-06T07:07:04
txn_000387,acct_000304,device_000486,ip_000217,token_000045,merchant_000015,20.07,USD,purchase,2025-03-06T12:12:55,2025-03-06T12:13:01
txn_003923,acct_000011,device_000008,ip_000317,token_001044,merchant_000025,201.88,USD,purchase,2025-03-06T13:43:26,2025-03-06T13:45:08
txn_002919,acct_000428,device_000335,ip_000096,token_000015,merchant_000056,12.14,USD,purchase,2025-03-06T14:47:03,2025-03-06T14:47:57
txn_000233,acct_000816,device_000312,ip_000397,token_000586,merchant_000060,16.81,USD,purchase,2025-03-06T15:46:03,2025-03-06T15:46:17
txn_000032,acct_000997,device_000551,ip_000356,token_000355,merchant_000072,23.98,USD,purchase,2025-03-06T19:17:57,2025-03-06T19:19:18
txn_000056,acct_001047,device_000369,ip_000029,token_001024,merchant_000073,17.55,USD,purchase,2025-03-06T19:26:50,2025-03-06T19:27:17
txn_000598,acct_000723,device_000383,ip_000460,token_000132,merchant_000058,11.14,USD,purchase,2025-03-06T22:52:26,2025-03-06T22:55:01
txn_002309,acct_000093,device_000216,ip_000110,token_000241,merchant_000021,11.47,USD,purchase,2025-03-07T00:05:11,2025-03-07T00:09:09
txn_001237,acct_000168,device_000321,ip_000292,token_000950,merchant_000061,37.52,USD,purchase,2025-03-07T01:01:15,2025-03-07T01:03:38
txn_001887,acct_000185,device_000260,ip_000233,token_001025,merchant_000044,12.89,USD,purchase,2025-03-07T02:42:03,2025-03-07T02:43:21
txn_001477,acct_000395,device_000254,ip_000106,token_000355,merchant_000001,14.64,USD,purchase,2025-03-07T03:45:18,2025-03-07T03:45:58
txn_003858,acct_000367,device_000171,ip_000022,token_001110,merchant_000076,24.61,USD,purchase,2025-03-07T09:30:15,2025-03-07T09:33:32
txn_002924,acct_000813,device_000425,ip_000168,token_000868,merchant_000003,15.41,USD,purchase,2025-03-07T10:49:40,2025-03-07T10:50:30
txn_003999,acct_000018,device_000313,ip_000379,token_000967,merchant_000008,136.53,USD,purchase,2025-03-07T13:05:09,2025-03-07T13:06:38
txn_000983,acct_000983,device_000022,ip_000051,token_000266,merchant_000034,60.67,USD,purchase,2025-03-07T15:24:18,2025-03-07T15:26:05
txn_000570,acct_000179,device_000511,ip_000049,token_000932,merchant_000041,12.79,USD,purchase,2025-03-07T21:52:58,2025-03-07T21:53:21
txn_003713,acct_000021,device_000252,ip_000385,token_000838,merchant_000032,10.97,USD,purchase,2025-03-07T22:28:37,2025-03-07T22:29:09
txn_001676,acct_000228,device_000034,ip_000054,token_000798,merchant_000014,7.03,USD,purchase,2025-03-07T22:43:39,2025-03-07T22:43:47
txn_001357,acct_000666,device_000176,ip_000093,token_001197,merchant_000040,41.4,USD,purchase,2025-03-08T03:24:54,2025-03-08T03:27:57
txn_000485,acct_000856,device_000538,ip_000214,token_000591,merchant_000056,11.58,USD,purchase,2025-03-08T06:25:35,2025-03-08T06:26:10
txn_000516,acct_000578,device_000565,ip_000139,token_000203,merchant_000007,6.15,USD,purchase,2025-03-08T07:28:52,2025-03-08T07:29:39
txn_004019,acct_000599,device_000135,ip_000456,token_000054,merchant_000019,63.34,USD,purchase,2025-03-08T08:37:17,2025-03-08T08:38:35
txn_001677,acct_000228,device_000034,ip_000054,token_000798,merchant_000014,-7.03,USD,refund,2025-03-08T09:43:39,2025-03-08T09:44:29
txn_003751,acct_000860,device_000327,ip_000048,token_000812,merchant_000051,23.37,USD,purchase,2025-03-08T16:21:34,2025-03-08T16:23:38
txn_000332,acct_000029,device_000542,ip_000112,token_000393,merchant_000037,126.16,USD,purchase,2025-03-08T17:02:40,2025-03-08T17:05:46
txn_003059,acct_000097,device_000320,ip_000373,token_000335,merchant_000048,27.49,USD,purchase,2025-03-08T17:50:06,2025-03-08T17:51:29
txn_000288,acct_000094,device_000249,ip_000360,token_000268,merchant_000002,338.95,USD,purchase,2025-03-08T21:28:37,2025-03-08T21:32:08
txn_000718,acct_001028,device_000152,ip_000374,token_000547,merchant_000011,21.17,USD,purchase,2025-03-09T00:36:39,2025-03-09T00:37:30
txn_001597,acct_001088,device_000312,ip_000481,token_001020,merchant_000039,8.5,USD,purchase,2025-03-09T00:58:53,2025-03-09T01:00:52
txn_002174,acct_000755,device_000492,ip_000125,token_000701,merchant_000055,4.68,USD,purchase,2025-03-09T08:59:25,2025-03-09T09:03:05
txn_002625,acct_000836,device_000280,ip_000386,token_001006,merchant_000079,229.46,USD,purchase,2025-03-09T10:25:07,2025-03-09T10:26:21
txn_000715,acct_000063,device_000483,ip_000312,token_000931,merchant_000063,16.43,USD,purchase,2025-03-09T11:39:46,2025-03-09T11:42:59
txn_000183,acct_000720,device_000204,ip_000296,token_001180,merchant_000069,86.88,USD,purchase,2025-03-09T18:49:11,2025-03-09T18:50:35
txn_001170,acct_000872,device_000165,ip_000439,token_000383,merchant_000016,11.01,USD,purchase,2025-03-09T22:15:35,2025-03-09T22:18:51
txn_001494,acct_000561,device_000090,ip_000148,token_001167,merchant_000074,56.67,USD,purchase,2025-03-09T23:08:49,2025-03-09T23:11:25
txn_001187,acct_000184,device_000554,ip_000383,token_000781,merchant_000033,145.69,USD,purchase,2025-03-09T23:23:37,2025-03-09T23:26:09
txn_001109,acct_000373,device_000451,ip_000492,token_000248,merchant_000061,1.69,USD,purchase,2025-03-10T04:14:06,2025-03-10T04:17:13
txn_002814,acct_001095,device_000501,ip_000278,token_001036,merchant_000039,100.13,USD,purchase,2025-03-10T11:39:49,2025-03-10T11:41:48
txn_003573,acct_000192,device_000312,ip_000226,token_000526,merchant_000058,30.98,USD,purchase,2025-03-10T12:57:21,2025-03-10T12:58:50
txn_000613,acct_000866,device_000199,ip_000151,token_000388,merchant_000052,35.78,USD,purchase,2025-03-10T14:27:06,2025-03-10T14:29:13
txn_000341,acct_000771,device_000454,ip_000236,token_000074,merchant_000005,52.76,USD,purchase,2025-03-10T16:32:24,2025-03-10T16:33:42
txn_001107,acct_000966,device_000414,ip_000266,token_000179,merchant_000059,23.21,USD,purchase,2025-03-10T17:12:40,2025-03-10T17:15:52
txn_000862,acct_000705,device_000348,ip_000044,token_000758,merchant_000009,9.17,USD,purchase,2025-03-10T19:57:15,2025-03-10T19:58:56
txn_003749,acct_000961,device_000302,ip_000373,token_000289,merchant_000079,24.08,USD,purchase,2025-03-10T23:52:05,2025-03-10T23:53:14
txn_000077,acct_000360,device_000388,ip_000158,token_000604,merchant_000017,98.67,USD,purchase,2025-03-11T00:21:40,2025-03-11T00:24:58
txn_001039,acct_000755,device_000248,ip_000285,token_001026,merchant_000067,58.01,USD,purchase,2025-03-11T07:19:03,2025-03-11T07:22:09
txn_001501,acct_000590,device_000120,ip_000469,token_000403,merchant_000059,20.1,USD,purchase,2025-03-11T09:23:29,2025-03-11T09:25:09
txn_002733,acct_000796,device_000422,ip_000121,token_000769,merchant_000056,26.35,USD,purchase,2025-03-11T11:41:23,2025-03-11T11:42:45
txn_000151,acct_000340,device_000527,ip_000072,token_000914,merchant_000021,32.73,USD,purchase,2025-03-11T13:45:14,2025-03-11T13:48:58
txn_000322,acct_000968,device_000128,ip_000335,token_000590,merchant_000054,23.36,USD,purchase,2025-03-11T15:52:15,2025-03-11T15:53:18
txn_002601,acct_000843,device_000139,ip_000488,token_001225,merchant_000001,14.74,USD,purchase,2025-03-11T17:13:57,2025-03-11T17:16:07
txn_003874,acct_000007,device_000003,ip_000042,token_000999,merchant_000039,105.28,USD,purchase,2025-03-11T18:17:22,2025-03-11T18:20:02
txn_000504,acct_000345,device_000058,ip_000050,token_000729,merchant_000061,25.64,USD,purchase,2025-03-11T18:17:59,2025-03-11T18:19:51
txn_002948,acct_001008,device_000239,ip_000359,token_001004,merchant_000033,67.5,USD,purchase,2025-03-11T20:46:20,2025-03-11T20:47:55
txn_002517,acct_000249,device_000535,ip_000300,token_000572,merchant_000045,58.95,USD,purchase,2025-03-11T21:36:24,2025-03-11T21:39:42
txn_002064,acct_000114,device_000319,ip_000317,token_001200,merchant_000075,17.03,USD,purchase,2025-03-11T22:46:06,2025-03-11T22:47:36
txn_001198,acct_000063,device_000380,ip_000412,token_001212,merchant_000055,4.68,USD,purchase,2025-03-12T03:24:28,2025-03-12T03:26:54
txn_001235,acct_000706,device_000166,ip_000116,token_001128,merchant_000001,3.46,USD,purchase,2025-03-12T06:24:48,2025-03-12T06:25:32
txn_000507,acct_000983,device_000281,ip_000356,token_000194,merchant_000076,42.32,USD,purchase,2025-03-12T07:56:33,2025-03-12T07:57:06
txn_000917,acct_000058,device_000519,ip_000228,token_000142,merchant_000065,19.5,USD,purchase,2025-03-12T09:12:59,2025-03-12T09:14:39
txn_002173,acct_000897,device_000082,ip_000490,token_000015,merchant_000053,36.79,USD,purchase,2025-03-12T16:19:56,2025-03-12T16:20:53
txn_000798,acct_000071,device_000395,ip_000324,token_000099,merchant_000026,56.28,USD,purchase,2025-03-12T17:58:13,2025-03-12T17:59:55
txn_000312,acct_000341,device_000165,ip_000365,token_001097,merchant_000037,73.03,USD,purchase,2025-03-12T18:58:38,2025-03-12T18:59:18
txn_002575,acct_000469,device_000225,ip_000230,token_000645,merchant_000020,30.46,USD,purchase,2025-03-12T19:30:58,2025-03-12T19:32:08
txn_001927,acct_000285,device_000092,ip_000469,token_000326,merchant_000050,20.07,USD,purchase,2025-03-12T20:01:33,2025-03-12T20:04:09
txn_001531,acct_000457,device_000470,ip_000187,token_000510,merchant_000002,27.99,USD,purchase,2025-03-12T22:19:28,2025-03-12T22:21:24
txn_001328,acct_000894,device_000149,ip_000092,token_000154,merchant_000025,13.53,USD,purchase,2025-03-13T01:53:10,2025-03-13T01:53:39
txn_001728,acct_000452,device_000378,ip_000033,token_000296,merchant_000063,111.34,USD,purchase,2025-03-13T02:25:01,2025-03-13T02:28:35
txn_001492,acct_000803,device_000173,ip_000285,token_000326,merchant_000023,9.88,USD,purchase,2025-03-13T06:58:03,2025-03-13T07:01:10
txn_002127,acct_000292,device_000435,ip_000456,token_001153,merchant_000003,5.55,USD,purchase,2025-03-13T08:35:48,2025-03-13T08:37:15
txn_003841,acct_000244,device_000535,ip_000353,token_000037,merchant_000044,35.48,USD,purchase,2025-03-13T10:16:31,2025-03-13T10:18:06
txn_000541,acct_000800,device_000411,ip_000311,token_000557,merchant_000027,29.24,USD,purchase,2025-03-13T11:37:21,2025-03-13T11:41:19
txn_001586,acct_000806,device_000292,ip_000126,token_000438,merchant_000020,60.9,USD,purchase,2025-03-13T13:50:51,2025-03-13T13:53:32
txn_000993,acct_000834,device_000024,ip_000014,token_000584,merchant_000042,524.7,USD,purchase,2025-03-13T18:14:18,2025-03-13T18:18:17
txn_000303,acct_000050,device_000466,ip_000238,token_000284,merchant_000052,58.49,USD,purchase,2025-03-13T19:49:09,2025-03-13T19:51:08
txn_000384,acct_000922,device_000272,ip_000175,token_000384,merchant_000028,6.11,USD,purchase,2025-03-13T21:08:22,2025-03-13T21:10:14
txn_000645,acct_000836,device_000582,ip_000280,token_000148,merchant_000044,61.13,USD,purchase,2025-03-13T23:09:42,2025-03-13T23:10:31
txn_002890,acct_000076,device_000272,ip_000135,token_000215,merchant_000048,20.41,USD,purchase,2025-03-13T23:38:07,2025-03-13T23:39:36
txn_001396,acct_000161,device_000508,ip_000432,token_000612,merchant_000019,14.29,USD,purchase,2025-03-14T01:11:31,2025-03-14T01:15:19
txn_002479,acct_000728,device_000202,ip_000235,token_001145,merchant_000036,11.5,USD,purchase,2025-03-14T04:49:11,2025-03-14T04:52:16
txn_001457,acct_000808,device_000541,ip_000207,token_000303,merchant_000058,45.83,USD,purchase,2025-03-14T05:03:13,2025-03-14T05:03:25
txn_002424,acct_000520,device_000492,ip_000259,token_000254,merchant_000015,29.52,USD,purchase,2025-03-14T08:24:35,2025-03-14T08:28:14
txn_000028,acct_000874,device_000474,ip_000119,token_000830,merchant_000024,39.13,USD,purchase,2025-03-14T09:15:07,2025-03-14T09:15:15
txn_000974,acct_000101,device_000033,ip_000431,token_000517,merchant_000050,73.65,USD,purchase,2025-03-14T10:53:18,2025-03-14T10:55:00
txn_003821,acct_000324,device_000377,ip_000155,token_000435,merchant_000003,109.41,USD,purchase,2025-03-14T16:00:27,2025-03-14T16:01:20
txn_004042,acct_000037,device_000233,ip_000397,token_001210,merchant_000020,31.45,USD,purchase,2025-03-14T16:56:44,2025-03-14T16:57:49
txn_004043,acct_000037,device_000233,ip_000397,token_000033,merchant_000064,34.58,USD,purchase,2025-03-14T17:00:44,2025-03-14T17:00:53
txn_004044,acct_000037,device_000233,ip_000397,token_000687,merchant_000016,30.35,USD,purchase,2025-03-14T17:02:44,2025-03-14T17:03:14
txn_002434,acct_000844,device_000294,ip_000431,token_000331,merchant_000050,72.0,USD,purchase,2025-03-14T18:28:29,2025-03-14T18:29:11
txn_001412,acct_001081,device_000421,ip_000164,token_000562,merchant_000056,3.07,USD,purchase,2025-03-14T19:32:56,2025-03-14T19:35:52
txn_003639,acct_000654,device_000348,ip_000097,token_000633,merchant_000026,6.93,USD,purchase,2025-03-14T20:26:12,2025-03-14T20:29:15
txn_002345,acct_000195,device_000224,ip_000292,token_000225,merchant_000017,24.04,USD,purchase,2025-03-14T20:35:20,2025-03-14T20:37:54
txn_001263,acct_000271,device_000441,ip_000205,token_000664,merchant_000053,15.72,USD,purchase,2025-03-15T03:05:08,2025-03-15T03:08:40
txn_003640,acct_000654,device_000348,ip_000097,token_000633,merchant_000026,-6.93,USD,refund,2025-03-15T03:26:12,2025-03-15T03:29:45
txn_000308,acct_001092,device_000300,ip_000232,token_000754,merchant_000009,95.98,USD,purchase,2025-03-15T03:34:57,2025-03-15T03:35:18
txn_002120,acct_000923,device_000160,ip_000135,token_001217,merchant_000007,11.25,USD,purchase,2025-03-15T03:46:41,2025-03-15T03:47:50
txn_001493,acct_000615,device_000458,ip_000089,token_001132,merchant_000053,30.71,USD,purchase,2025-03-15T06:50:20,2025-03-15T06:51:07
txn_000335,acct_000463,device_000568,ip_000209,token_000596,merchant_000055,66.84,USD,purchase,2025-03-15T07:36:12,2025-03-15T07:37:54
txn_002233,acct_001085,device_000137,ip_000056,token_000003,merchant_000002,94.95,USD,purchase,2025-03-15T08:47:11,2025-03-15T08:47:14
txn_000372,acct_000310,device_000570,ip_000437,token_000902,merchant_000007,10.37,USD,purchase,2025-03-15T08:51:41,2025-03-15T08:51:51
txn_000438,acct_000411,device_000207,ip_000403,token_000141,merchant_000044,69.26,USD,purchase,2025-03-15T12:55:18,2025-03-15T12:57:18
txn_000414,acct_001110,device_000055,ip_000491,token_001168,merchant_000067,63.48,USD,purchase,2025-03-15T13:17:50,2025-03-15T13:17:55
txn_001747,acct_000058,device_000341,ip_000275,token_000425,merchant_000048,6.72,USD,purchase,2025-03-15T15:07:08,2025-03-15T15:07:26
txn_001580,acct_000738,device_000443,ip_000251,token_000496,merchant_000028,53.09,USD,purchase,2025-03-15T15:42:02,2025-03-15T15:45:03
txn_002986,acct_000118,device_000084,ip_000302,token_000247,merchant_000077,59.7,USD,purchase,2025-03-15T16:22:47,2025-03-15T16:26:22
txn_003561,acct_000660,device_000165,ip_000260,token_001071,merchant_000024,9.8,USD,purchase,2025-03-15T17:20:11,2025-03-15T17:22:50
txn_000521,acct_001091,device_000128,ip_000208,token_000029,merchant_000079,95.47,USD,purchase,2025-03-15T20:38:36,2025-03-15T20:41:48
txn_001742,acct_000697,device_000078,ip_000352,token_000438,merchant_000043,27.73,USD,purchase,2025-03-16T03:37:00,2025-03-16T03:38:11
txn_001941,acct_000825,device_000038,ip_000063,token_000946,merchant_000004,34.28,USD,purchase,2025-03-16T03:54:31,2025-03-16T03:54:36
txn_003188,acct_000224,device_000272,ip_000033,token_000479,merchant_000040,4.77,USD,purchase,2025-03-16T06:03:01,2025-03-16T06:05:14
txn_002552,acct_000240,device_000497,ip_000495,token_001209,merchant_000059,18.44,USD,purchase,2025-03-16T06:28:46,2025-03-16T06:32:21
txn_001038,acct_000756,device_000349,ip_000279,token_000383,merchant_000038,16.55,USD,purchase,2025-03-16T10:30:46,2025-03-16T10:31:58
txn_001490,acct_001032,device_000368,ip_000377,token_001080,merchant_000068,95.23,USD,purchase,2025-03-16T14:33:08,2025-03-16T14:36:27
txn_001969,acct_001010,device_000084,ip_000439,token_000996,merchant_000004,5.49,USD,purchase,2025-03-16T15:51:31,2025-03-16T15:53:27
txn_001168,acct_000923,device_000316,ip_000394,token_000654,merchant_000029,374.48,USD,purchase,2025-03-16T16:14:58,2025-03-16T16:15:06
txn_002975,acct_000648,device_000455,ip_000217,token_000124,merchant_000011,29.63,USD,purchase,2025-03-16T17:26:53,2025-03-16T17:29:28
txn_001942,acct_000825,device_000038,ip_000063,token_000946,merchant_000004,-34.28,USD,refund,2025-03-16T17:54:31,2025-03-16T17:56:24
txn_000406,acct_000508,device_000108,ip_000168,token_001058,merchant_000075,63.68,USD,purchase,2025-03-16T18:44:42,2025-03-16T18:45:08
txn_003191,acct_000138,device_000224,ip_000039,token_001077,merchant_000034,14.96,USD,purchase,2025-03-16T20:49:25,2025-03-16T20:53:06
txn_001391,acct_000018,device_000013,ip_000319,token_000231,merchant_000045,26.2,USD,purchase,2025-03-16T22:54:11,2025-03-16T22:55:59
txn_000833,acct_000370,device_000531,ip_000086,token_000205,merchant_000064,146.84,USD,purchase,2025-03-17T00:22:43,2025-03-17T00:24:23
txn_000956,acct_000083,device_000491,ip_000035,token_000722,merchant_000043,11.88,USD,purchase,2025-03-17T03:21:28,2025-03-17T03:21:31
txn_000243,acct_001009,device_000185,ip_000453,token_000477,merchant_000038,32.09,USD,purchase,2025-03-17T04:04:02,2025-03-17T04:07:40
txn_003649,acct_000160,device_000549,ip_000082,token_000394,merchant_000053,138.7,USD,purchase,2025-03-17T05:21:50,2025-03-17T05:22:25
txn_000854,acct_000504,device_000223,ip_000365,token_000392,merchant_000073,56.95,USD,purchase,2025-03-17T13:49:17,2025-03-17T13:51:16
txn_000430,acct_001091,device_000460,ip_000162,token_000011,merchant_000051,1.82,USD,purchase,2025-03-17T13:52:45,2025-03-17T13:56:12
txn_002496,acct_000637,device_000033,ip_000094,token_000393,merchant_000018,15.52,USD,purchase,2025-03-17T16:10:02,2025-03-17T16:11:01
txn_000802,acct_000170,device_000517,ip_000094,token_000815,merchant_000066,2.95,USD,purchase,2025-03-17T16:23:40,2025-03-17T16:26:59
txn_002551,acct_000628,device_000482,ip_000216,token_000345,merchant_000076,4.24,USD,purchase,2025-03-18T02:09:52,2025-03-18T02:13:52
txn_001892,acct_000188,device_000561,ip_000457,token_000085,merchant_000008,11.68,USD,purchase,2025-03-18T03:34:45,2025-03-18T03:35:52
txn_000426,acct_000076,device_000288,ip_000253,token_000429,merchant_000001,8.88,USD,purchase,2025-03-18T03:39:40,2025-03-18T03:41:49
txn_001872,acct_000477,device_000108,ip_000276,token_000148,merchant_000020,9.63,USD,purchase,2025-03-18T04:29:43,2025-03-18T04:31:31
txn_001894,acct_000186,device_000090,ip_000152,token_000823,merchant_000012,12.08,USD,purchase,2025-03-18T08:50:05,2025-03-18T08:52:50
txn_000601,acct_000892,device_000326,ip_000417,token_000656,merchant_000026,4.58,USD,purchase,2025-03-18T13:19:18,2025-03-18T13:19:30
txn_001304,acct_000419,device_000011,ip_000118,token_000045,merchant_000029,10.23,USD,purchase,2025-03-18T14:40:34,2025-03-18T14:40:52
txn_000878,acct_000802,device_000484,ip_000077,token_000555,merchant_000044,5.56,USD,purchase,2025-03-18T19:13:26,2025-03-18T19:14:44
txn_002553,acct_000240,device_000497,ip_000495,token_001209,merchant_000059,-18.44,USD,refund,2025-03-18T22:28:46,2025-03-18T22:32:15
txn_000728,acct_000341,device_000308,ip_000454,token_001223,merchant_000068,176.3,USD,purchase,2025-03-19T01:48:04,2025-03-19T01:48:40
txn_003052,acct_000842,device_000234,ip_000123,token_000095,merchant_000017,54.98,USD,purchase,2025-03-19T01:55:33,2025-03-19T01:56:30
txn_001141,acct_001084,device_000505,ip_000328,token_000459,merchant_000009,21.68,USD,purchase,2025-03-19T03:40:50,2025-03-19T03:41:21
txn_002872,acct_001057,device_000127,ip_000217,token_000908,merchant_000021,27.59,USD,purchase,2025-03-19T06:21:40,2025-03-19T06:24:31
txn_003540,acct_000607,device_000333,ip_000450,token_000218,merchant_000029,32.03,USD,purchase,2025-03-19T09:33:38,2025-03-19T09:36:43
txn_000379,acct_000736,device_000099,ip_000427,token_000753,merchant_000066,20.68,USD,purchase,2025-03-19T14:56:06,2025-03-19T14:58:08
txn_000779,acct_000311,device_000155,ip_000302,token_000613,merchant_000074,30.2,USD,purchase,2025-03-19T16:04:55,2025-03-19T16:06:19
txn_003388,acct_000442,device_000125,ip_000435,token_000074,merchant_000064,24.5,USD,purchase,2025-03-19T16:46:17,2025-03-19T16:46:55
txn_001758,acct_000747,device_000201,ip_000400,token_000940,merchant_000080,111.69,USD,purchase,2025-03-19T18:50:42,2025-03-19T18:53:57
txn_003354,acct_000813,device_000509,ip_000444,token_000273,merchant_000021,11.44,USD,purchase,2025-03-20T10:21:45,2025-03-20T10:22:50
txn_001117,acct_000485,device_000548,ip_000202,token_000125,merchant_000006,10.88,USD,purchase,2025-03-20T10:43:54,2025-03-20T10:44:15
txn_002342,acct_000538,device_000473,ip_000244,token_001159,merchant_000061,8.66,USD,purchase,2025-03-20T12:29:49,2025-03-20T12:33:37
txn_002730,acct_000438,device_000403,ip_000108,token_000160,merchant_000051,16.34,USD,purchase,2025-03-20T14:06:27,2025-03-20T14:08:28
txn_003981,acct_000021,device_000317,ip_000427,token_001157,merchant_000056,11.22,USD,purchase,2025-03-20T19:16:50,2025-03-20T19:17:47
txn_001683,acct_000203,device_000089,ip_000405,token_001015,merchant_000015,14.68,USD,purchase,2025-03-20T22:41:23,2025-03-20T22:42:05
txn_000002,acct_001086,device_000138,ip_000199,token_000498,merchant_000033,17.33,USD,purchase,2025-03-20T23:14:08,2025-03-20T23:16:04
txn_003827,acct_000826,device_000571,ip_000326,token_000612,merchant_000073,33.96,USD,purchase,2025-03-21T09:44:33,2025-03-21T09:47:33
txn_001722,acct_000905,device_000025,ip_000198,token_000979,merchant_000055,17.12,USD,purchase,2025-03-21T10:03:26,2025-03-21T10:04:17
txn_001750,acct_000415,device_000007,ip_000078,token_001056,merchant_000044,2.09,USD,purchase,2025-03-21T10:09:28,2025-03-21T10:11:19
txn_001040,acct_000594,device_000059,ip_000437,token_000597,merchant_000031,66.26,USD,purchase,2025-03-21T11:22:54,2025-03-21T11:26:10
txn_003934,acct_000007,device_000008,ip_000422,token_000614,merchant_000063,64.58,USD,purchase,2025-03-21T13:05:03,2025-03-21T13:06:53
txn_002257,acct_000344,device_000360,ip_000377,token_000800,merchant_000060,269.18,USD,purchase,2025-03-21T13:41:32,2025-03-21T13:42:16
txn_000936,acct_001097,device_000275,ip_000066,token_000197,merchant_000055,14.35,USD,purchase,2025-03-21T13:44:19,2025-03-21T13:45:16
txn_002731,acct_000438,device_000403,ip_000108,token_000160,merchant_000051,-16.34,USD,refund,2025-03-21T17:06:27,2025-03-21T17:09:27
txn_003929,acct_000011,device_000008,ip_000332,token_001114,merchant_000068,106.97,USD,purchase,2025-03-21T17:23:05,2025-03-21T17:24:53
txn_001623,acct_000540,device_000564,ip_000263,token_000908,merchant_000053,34.52,USD,purchase,2025-03-21T18:07:19,2025-03-21T18:07:24
txn_001473,acct_000930,device_000171,ip_000284,token_000623,merchant_000046,30.76,USD,purchase,2025-03-21T18:33:01,2025-03-21T18:36:13
txn_001517,acct_000823,device_000454,ip_000016,token_000834,merchant_000051,1192.28,USD,purchase,2025-03-21T23:25:56,2025-03-21T23:29:46
txn_003744,acct_000338,device_000490,ip_000028,token_000617,merchant_000041,26.32,USD,purchase,2025-03-22T00:07:57,2025-03-22T00:09:51
txn_001440,acct_000747,device_000010,ip_000322,token_000247,merchant_000010,91.06,USD,purchase,2025-03-22T00:22:01,2025-03-22T00:23:28
txn_002930,acct_000183,device_000473,ip_000015,token_000793,merchant_000014,32.93,USD,purchase,2025-03-22T02:49:19,2025-03-22T02:49:46
txn_000763,acct_000030,device_000067,ip_000176,token_000461,merchant_000040,11.93,USD,purchase,2025-03-22T04:03:36,2025-03-22T04:06:56
txn_002353,acct_000111,device_000128,ip_000381,token_000741,merchant_000021,147.28,USD,purchase,2025-03-22T06:47:40,2025-03-22T06:51:31
txn_000839,acct_000454,device_000328,ip_000038,token_000417,merchant_000064,34.71,USD,purchase,2025-03-22T06:55:40,2025-03-22T06:55:52
txn_001003,acct_001063,device_000282,ip_000228,token_000413,merchant_000019,18.96,USD,purchase,2025-03-22T07:20:34,2025-03-22T07:23:25
txn_000446,acct_000550,device_000411,ip_000327,token_001196,merchant_000005,12.63,USD,purchase,2025-03-22T11:14:24,2025-03-22T11:18:05
txn_001824,acct_000449,device_000026,ip_000191,token_000745,merchant_000064,22.27,USD,purchase,2025-03-22T13:47:26,2025-03-22T13:51:03
txn_002275,acct_000866,device_000086,ip_000079,token_001211,merchant_000029,6.29,USD,purchase,2025-03-22T14:22:22,2025-03-22T14:23:04
txn_002460,acct_000719,device_000302,ip_000050,token_001192,merchant_000053,39.1,USD,purchase,2025-03-22T20:16:36,2025-03-22T20:20:32
txn_002691,acct_000820,device_000455,ip_000264,token_000385,merchant_000019,34.74,USD,purchase,2025-03-22T21:22:33,2025-03-22T21:25:43
txn_001102,acct_000238,device_000334,ip_000445,token_000650,merchant_000009,5.97,USD,purchase,2025-03-22T21:54:22,2025-03-22T21:54:31
txn_000569,acct_000883,device_000041,ip_000457,token_000794,merchant_000031,180.48,USD,purchase,2025-03-23T02:20:57,2025-03-23T02:23:05
txn_001630,acct_000092,device_000319,ip_000189,token_001043,merchant_000069,114.1,USD,purchase,2025-03-23T06:13:34,2025-03-23T06:17:34
txn_003757,acct_000557,device_000199,ip_000358,token_000366,merchant_000001,39.93,USD,purchase,2025-03-23T08:52:14,2025-03-23T08:53:51
txn_003145,acct_000270,device_000580,ip_000352,token_000792,merchant_000016,26.07,USD,purchase,2025-03-23T10:32:14,2025-03-23T10:34:38
txn_000128,acct_000643,device_000567,ip_000324,token_000446,merchant_000026,34.13,USD,purchase,2025-03-23T10:39:50,2025-03-23T10:41:19
txn_000241,acct_000563,device_000338,ip_000270,token_000848,merchant_000068,63.6,USD,purchase,2025-03-23T11:54:02,2025-03-23T11:54:30
txn_002692,acct_000820,device_000455,ip_000264,token_000385,merchant_000019,-34.74,USD,refund,2025-03-23T12:22:33,2025-03-23T12:25:02
txn_000840,acct_000454,device_000328,ip_000038,token_000417,merchant_000064,-34.71,USD,refund,2025-03-23T13:55:40,2025-03-23T13:58:29
txn_001933,acct_000494,device_000306,ip_000443,token_000231,merchant_000045,14.99,USD,purchase,2025-03-23T18:05:11,2025-03-23T18:05:43
txn_002245,acct_000403,device_000127,ip_000324,token_001101,merchant_000066,27.1,USD,purchase,2025-03-23T18:23:41,2025-03-23T18:26:24
txn_000109,acct_000827,device_000020,ip_000117,token_000460,merchant_000017,71.99,USD,purchase,2025-03-24T00:26:08,2025-03-24T00:26:52
txn_002875,acct_000656,device_000334,ip_000271,token_000917,merchant_000020,13.48,USD,purchase,2025-03-24T00:48:30,2025-03-24T00:51:44
txn_002110,acct_000673,device_000404,ip_000479,token_000100,merchant_000029,26.49,USD,purchase,2025-03-24T00:56:01,2025-03-24T00:58:20
txn_001834,acct_000209,device_000010,ip_000222,token_000158,merchant_000064,54.01,USD,purchase,2025-03-24T01:04:46,2025-03-24T01:08:28
txn_003691,acct_001083,device_000111,ip_000326,token_000780,merchant_000020,8.38,USD,purchase,2025-03-24T06:42:52,2025-03-24T06:44:02
txn_003495,acct_000431,device_000566,ip_000044,token_000624,merchant_000030,109.22,USD,purchase,2025-03-24T09:48:21,2025-03-24T09:50:05
txn_002422,acct_000388,device_000216,ip_000190,token_000490,merchant_000005,33.71,USD,purchase,2025-03-24T16:15:19,2025-03-24T16:17:42
txn_001474,acct_000930,device_000171,ip_000284,token_000623,merchant_000046,-30.76,USD,refund,2025-03-24T16:33:01,2025-03-24T16:34:53
txn_003708,acct_000357,device_000339,ip_000222,token_000326,merchant_000062,65.25,USD,purchase,2025-03-24T16:36:03,2025-03-24T16:36:54
txn_003658,acct_000010,device_000096,ip_000178,token_000047,merchant_000034,81.63,USD,purchase,2025-03-24T23:36:28,2025-03-24T23:39:50
txn_001333,acct_000424,device_000514,ip_000313,token_000790,merchant_000027,66.81,USD,purchase,2025-03-25T07:11:35,2025-03-25T07:14:47
txn_001220,acct_000104,device_000081,ip_000164,token_000228,merchant_000044,79.42,USD,purchase,2025-03-25T08:12:20,2025-03-25T08:15:45
txn_002232,acct_000882,device_000370,ip_000467,token_000417,merchant_000071,142.09,USD,purchase,2025-03-25T12:01:03,2025-03-25T12:02:36
txn_002876,acct_000656,device_000334,ip_000271,token_000917,merchant_000020,-13.48,USD,refund,2025-03-25T13:48:30,2025-03-25T13:49:00
txn_001714,acct_000812,device_000227,ip_000065,token_000727,merchant_000005,9.69,USD,purchase,2025-03-25T16:07:43,2025-03-25T16:08:24
txn_003239,acct_000061,device_000109,ip_000098,token_001180,merchant_000080,121.18,USD,purchase,2025-03-25T16:32:11,2025-03-25T16:32:56
txn_002998,acct_000095,device_000022,ip_000269,token_000130,merchant_000026,166.55,USD,purchase,2025-03-25T19:01:07,2025-03-25T19:04:39
txn_001788,acct_000879,device_000164,ip_000438,token_000853,merchant_000064,20.0,USD,purchase,2025-03-25T19:43:17,2025-03-25T19:44:34
txn_001828,acct_000794,device_000523,ip_000463,token_000990,merchant_000003,14.52,USD,purchase,2025-03-26T01:27:57,2025-03-26T01:28:57
txn_003635,acct_000610,device_000071,ip_000307,token_000990,merchant_000045,242.0,USD,purchase,2025-03-26T02:14:59,2025-03-26T02:16:00
txn_000465,acct_000560,device_000158,ip_000226,token_000734,merchant_000023,27.36,USD,purchase,2025-03-26T03:32:00,2025-03-26T03:32:13
txn_002868,acct_000694,device_000489,ip_000073,token_000896,merchant_000067,4.9,USD,purchase,2025-03-26T05:53:19,2025-03-26T05:56:18
txn_003975,acct_000019,device_000201,ip_000119,token_000310,merchant_000003,7.83,USD,purchase,2025-03-26T06:29:37,2025-03-26T06:31:46
txn_000003,acct_000081,device_000075,ip_000097,token_001204,merchant_000072,18.21,USD,purchase,2025-03-26T06:44:26,2025-03-26T06:45:52
txn_003155,acct_000731,device_000452,ip_000159,token_000794,merchant_000001,26.98,USD,purchase,2025-03-26T08:28:59,2025-03-26T08:32:12
txn_000260,acct_000777,device_000336,ip_000254,token_000126,merchant_000012,198.61,USD,purchase,2025-03-26T12:17:19,2025-03-26T12:17:20
txn_001361,acct_000063,device_000228,ip_000100,token_000256,merchant_000068,7.56,USD,purchase,2025-03-26T13:47:37,2025-03-26T13:47:55
txn_002707,acct_000035,device_000218,ip_000289,token_000964,merchant_000071,26.82,USD,purchase,2025-03-26T14:40:19,2025-03-26T14:43:11
txn_000942,acct_000774,device_000173,ip_000404,token_000828,merchant_000027,13.61,USD,purchase,2025-03-26T15:14:22,2025-03-26T15:15:26
txn_001355,acct_000168,device_000141,ip_000148,token_000683,merchant_000045,132.94,USD,purchase,2025-03-26T17:24:40,2025-03-26T17:24:41
txn_001297,acct_000882,device_000081,ip_000473,token_001175,merchant_000079,76.32,USD,purchase,2025-03-26T19:38:37,2025-03-26T19:40:10
txn_002338,acct_000563,device_000090,ip_000181,token_000003,merchant_000050,82.18,USD,purchase,2025-03-26T19:51:13,2025-03-26T19:53:26
txn_000136,acct_000437,device_000340,ip_000170,token_000739,merchant_000038,22.02,USD,purchase,2025-03-26T20:03:27,2025-03-26T20:06:40
txn_001471,acct_000717,device_000564,ip_000167,token_000223,merchant_000078,43.81,USD,purchase,2025-03-27T01:04:37,2025-03-27T01:06:36
txn_004006,acct_000599,device_000401,ip_000144,token_000403,merchant_000047,80.15,USD,purchase,2025-03-27T01:05:16,2025-03-27T01:06:43
txn_002801,acct_000410,device_000252,ip_000160,token_000075,merchant_000067,12.5,USD,purchase,2025-03-27T03:32:14,2025-03-27T03:36:11
txn_000544,acct_000604,device_000333,ip_000030,token_000022,merchant_000046,44.87,USD,purchase,2025-03-27T03:50:02,2025-03-27T03:51:08
txn_000439,acct_000333,device_000108,ip_000233,token_000087,merchant_000064,220.05,USD,purchase,2025-03-27T05:00:39,2025-03-27T05:03:37
txn_001496,acct_000154,device_000052,ip_000378,token_000173,merchant_000074,3.24,USD,purchase,2025-03-27T06:52:35,2025-03-27T06:54:53
txn_001231,acct_000239,device_000091,ip_000197,token_000805,merchant_000057,104.44,USD,purchase,2025-03-27T10:01:37,2025-03-27T10:01:39
txn_000135,acct_000734,device_000075,ip_000402,token_000651,merchant_000068,148.25,USD,purchase,2025-03-27T10:11:40,2025-03-27T10:15:02
txn_002841,acct_000689,device_000572,ip_000308,token_000321,merchant_000020,43.36,USD,purchase,2025-03-27T11:36:58,2025-03-27T11:37:32
txn_002572,acct_000495,device_000297,ip_000141,token_000863,merchant_000028,10.62,USD,purchase,2025-03-27T12:35:34,2025-03-27T12:37:11
txn_002627,acct_000535,device_000378,ip_000484,token_000155,merchant_000068,89.52,USD,purchase,2025-03-27T12:47:49,2025-03-27T12:50:15
txn_003889,acct_000009,device_000003,ip_000403,token_000389,merchant_000028,85.88,USD,purchase,2025-03-27T13:22:38,2025-03-27T13:25:30
txn_003008,acct_000577,device_000103,ip_000381,token_000649,merchant_000063,4.7,USD,purchase,2025-03-27T14:17:33,2025-03-27T14:18:10
txn_003467,acct_000403,device_000343,ip_000104,token_000060,merchant_000046,1.74,USD,purchase,2025-03-27T14:38:22,2025-03-27T14:40:13
txn_003922,acct_000011,device_000008,ip_000178,token_000553,merchant_000024,198.4,USD,purchase,2025-03-27T14:41:56,2025-03-27T14:42:58
txn_002216,acct_000848,device_000141,ip_000078,token_001017,merchant_000020,101.32,USD,purchase,2025-03-27T15:38:32,2025-03-27T15:41:03
txn_000289,acct_000218,device_000117,ip_000255,token_001219,merchant_000079,8.72,USD,purchase,2025-03-27T15:53:05,2025-03-27T15:54:32
txn_003659,acct_000010,device_000096,ip_000178,token_000047,merchant_000034,-81.63,USD,refund,2025-03-27T17:36:28,2025-03-27T17:37:30
txn_000692,acct_000696,device_000047,ip_000158,token_000917,merchant_000053,28.91,USD,purchase,2025-03-27T22:45:32,2025-03-27T22:46:25
txn_003481,acct_000800,device_000476,ip_000464,token_000504,merchant_000024,31.77,USD,purchase,2025-03-27T23:34:29,2025-03-27T23:35:19
txn_002582,acct_000804,device_000387,ip_000312,token_000633,merchant_000072,16.28,USD,purchase,2025-03-28T05:00:47,2025-03-28T05:00:49
txn_000025,acct_000882,device_000109,ip_000006,token_000202,merchant_000034,25.58,USD,purchase,2025-03-28T05:12:00,2025-03-28T05:14:29
txn_002153,acct_001048,device_000568,ip_000343,token_000659,merchant_000077,12.96,USD,purchase,2025-03-28T08:39:42,2025-03-28T08:40:13
txn_000300,acct_000506,device_000254,ip_000168,token_000890,merchant_000075,150.09,USD,purchase,2025-03-28T08:58:47,2025-03-28T08:59:26
txn_001390,acct_000963,device_000454,ip_000334,token_000736,merchant_000066,42.86,USD,purchase,2025-03-28T09:20:05,2025-03-28T09:21:18
txn_000573,acct_000770,device_000163,ip_000292,token_000818,merchant_000010,16.57,USD,purchase,2025-03-28T14:59:19,2025-03-28T14:59:43
txn_003296,acct_000774,device_000144,ip_000225,token_000977,merchant_000027,17.48,USD,purchase,2025-03-28T16:47:37,2025-03-28T16:50:29
txn_002957,acct_000897,device_000237,ip_000279,token_000253,merchant_000013,66.48,USD,purchase,2025-03-28T17:36:20,2025-03-28T17:39:12
txn_003413,acct_000640,device_000273,ip_000459,token_000099,merchant_000036,52.14,USD,purchase,2025-03-28T18:05:58,2025-03-28T18:08:50
txn_002782,acct_000682,device_000464,ip_000115,token_000383,merchant_000015,7.48,USD,purchase,2025-03-28T19:53:53,2025-03-28T19:57:33
txn_001660,acct_000426,device_000263,ip_000274,token_000629,merchant_000027,29.29,USD,purchase,2025-03-28T20:21:22,2025-03-28T20:24:07
txn_003632,acct_000157,device_000244,ip_000481,token_001221,merchant_000013,142.39,USD,purchase,2025-03-28T22:03:29,2025-03-28T22:06:08
txn_001918,acct_000242,device_000505,ip_000218,token_000527,merchant_000043,11.74,USD,purchase,2025-03-29T00:00:55,2025-03-29T00:04:17
txn_002119,acct_000267,device_000568,ip_000171,token_000089,merchant_000024,56.25,USD,purchase,2025-03-29T01:46:22,2025-03-29T01:47:03
txn_002404,acct_000390,device_000292,ip_000201,token_000748,merchant_000032,11.91,USD,purchase,2025-03-29T02:21:07,2025-03-29T02:24:09
txn_001362,acct_000063,device_000228,ip_000100,token_000256,merchant_000068,-7.56,USD,refund,2025-03-29T02:47:37,2025-03-29T02:49:47
txn_002474,acct_000330,device_000043,ip_000143,token_001038,merchant_000061,6.28,USD,purchase,2025-03-29T07:31:04,2025-03-29T07:33:35
txn_000962,acct_001066,device_000286,ip_000413,token_001217,merchant_000032,70.09,USD,purchase,2025-03-29T20:19:35,2025-03-29T20:20:45
txn_000107,acct_001088,device_000196,ip_000010,token_000009,merchant_000032,42.82,USD,purchase,2025-03-29T20:56:57,2025-03-29T20:57:31
txn_000551,acct_000851,device_000146,ip_000001,token_000460,merchant_000004,20.88,USD,purchase,2025-03-30T00:45:55,2025-03-30T00:48:43
txn_000296,acct_000668,device_000236,ip_000399,token_000226,merchant_000042,75.02,USD,purchase,2025-03-30T11:04:57,2025-03-30T11:05:54
txn_001031,acct_000483,device_000423,ip_000077,token_000552,merchant_000066,106.56,USD,purchase,2025-03-30T11:40:01,2025-03-30T11:40:14
txn_002953,acct_000350,device_000217,ip_000072,token_000259,merchant_000024,40.75,USD,purchase,2025-03-30T14:29:10,2025-03-30T14:31:25
txn_000944,acct_000869,device_000092,ip_000224,token_000523,merchant_000045,14.32,USD,purchase,2025-03-30T18:18:14,2025-03-30T18:19:11
txn_001996,acct_000532,device_000344,ip_000229,token_001218,merchant_000020,6.42,USD,purchase,2025-03-30T23:33:11,2025-03-30T23:34:20
txn_002461,acct_000702,device_000110,ip_000345,token_000472,merchant_000055,18.41,USD,purchase,2025-03-31T01:57:42,2025-03-31T02:00:17
txn_001994,acct_000917,device_000259,ip_000142,token_000350,merchant_000007,77.72,USD,purchase,2025-03-31T06:00:04,2025-03-31T06:02:08
txn_000006,acct_000856,device_000303,ip_000079,token_000402,merchant_000043,6.29,USD,purchase,2025-03-31T07:55:44,2025-03-31T07:57:52
txn_003360,acct_001001,device_000581,ip_000050,token_000478,merchant_000043,84.3,USD,purchase,2025-03-31T10:07:01,2025-03-31T10:08:39
txn_003629,acct_000258,device_000111,ip_000230,token_000739,merchant_000053,33.62,USD,purchase,2025-03-31T16:26:50,2025-03-31T16:27:58
txn_001233,acct_000868,device_000320,ip_000086,token_000810,merchant_000006,75.63,USD,purchase,2025-03-31T16:33:53,2025-03-31T16:36:45
txn_002014,acct_000549,device_000585,ip_000116,token_000403,merchant_000040,43.76,USD,purchase,2025-03-31T18:55:06,2025-03-31T18:55:11
txn_003582,acct_000804,device_000167,ip_000157,token_000035,merchant_000021,24.67,USD,purchase,2025-03-31T22:07:32,2025-03-31T22:10:12
txn_003954,acct_000019,device_000221,ip_000256,token_000190,merchant_000023,2.85,USD,purchase,2025-04-01T00:03:23,2025-04-01T00:06:57
txn_003074,acct_000626,device_000165,ip_000211,token_000299,merchant_000062,20.05,USD,purchase,2025-04-01T00:40:02,2025-04-01T00:40:22
txn_002423,acct_000272,device_000528,ip_000409,token_000978,merchant_000048,3.46,USD,purchase,2025-04-01T03:43:39,2025-04-01T03:43:53
txn_001798,acct_000532,device_000442,ip_000021,token_000166,merchant_000075,17.12,USD,purchase,2025-04-01T03:47:51,2025-04-01T03:50:42
txn_000923,acct_000380,device_000424,ip_000060,token_001147,merchant_000006,11.0,USD,purchase,2025-04-01T04:42:39,2025-04-01T04:45:51
txn_003344,acct_000092,device_000390,ip_000002,token_000993,merchant_000050,57.89,USD,purchase,2025-04-01T06:16:30,2025-04-01T06:17:24
txn_001772,acct_000632,device_000144,ip_000342,token_000865,merchant_000078,22.61,USD,purchase,2025-04-01T09:40:18,2025-04-01T09:44:00
txn_001842,acct_000077,device_000125,ip_000357,token_001111,merchant_000051,29.44,USD,purchase,2025-04-01T14:14:34,2025-04-01T14:15:41
txn_000064,acct_000805,device_000335,ip_000163,token_000928,merchant_000035,8.97,USD,purchase,2025-04-01T17:24:52,2025-04-01T17:28:12
txn_001053,acct_001083,device_000140,ip_000209,token_000095,merchant_000028,49.92,USD,purchase,2025-04-01T18:41:03,2025-04-01T18:41:35
txn_001248,acct_000806,device_000472,ip_000489,token_000084,merchant_000050,4.91,USD,purchase,2025-04-01T19:48:23,2025-04-01T19:50:04
txn_002780,acct_000662,device_000294,ip_000336,token_000009,merchant_000042,42.18,USD,purchase,2025-04-01T23:56:36,2025-04-01T23:57:17
txn_003544,acct_000628,device_000356,ip_000352,token_000214,merchant_000038,22.33,USD,purchase,2025-04-02T01:39:57,2025-04-02T01:41:06
txn_000487,acct_000567,device_000066,ip_000176,token_000061,merchant_000075,21.6,USD,purchase,2025-04-02T04:18:33,2025-04-02T04:18:59
txn_001767,acct_000078,device_000054,ip_000270,token_001219,merchant_000076,5.63,USD,purchase,2025-04-02T04:27:31,2025-04-02T04:28:01
txn_000905,acct_000416,device_000274,ip_000013,token_000557,merchant_000025,161.96,USD,purchase,2025-04-02T04:40:01,2025-04-02T04:42:48
txn_002101,acct_000396,device_000467,ip_000332,token_000912,merchant_000039,16.63,USD,purchase,2025-04-02T06:28:02,2025-04-02T06:28:17
txn_002420,acct_000683,device_000564,ip_000158,token_000443,merchant_000069,13.38,USD,purchase,2025-04-02T08:11:27,2025-04-02T08:13:59
txn_001145,acct_000057,device_000266,ip_000049,token_001118,merchant_000011,10.73,USD,purchase,2025-04-02T08:19:22,2025-04-02T08:22:00
txn_002455,acct_000474,device_000081,ip_000267,token_000753,merchant_000075,17.64,USD,purchase,2025-04-02T08:49:32,2025-04-02T08:50:20
txn_001083,acct_000074,device_000452,ip_000047,token_000732,merchant_000023,85.32,USD,purchase,2025-04-02T08:58:37,2025-04-02T09:00:17
txn_001628,acct_000726,device_000457,ip_000007,token_000998,merchant_000057,169.5,USD,purchase,2025-04-02T16:51:01,2025-04-02T16:54:37
txn_000418,acct_000107,device_000208,ip_000123,token_001223,merchant_000076,23.25,USD,purchase,2025-04-02T20:15:25,2025-04-02T20:17:04
txn_001566,acct_000100,device_000339,ip_000476,token_000107,merchant_000051,5.86,USD,purchase,2025-04-02T20:22:38,2025-04-02T20:24:30
txn_000073,acct_000796,device_000364,ip_000479,token_000356,merchant_000023,60.4,USD,purchase,2025-04-02T20:48:58,2025-04-02T20:51:57
txn_001427,acct_000052,device_000110,ip_000319,token_000181,merchant_000043,83.8,USD,purchase,2025-04-02T21:15:05,2025-04-02T21:15:58
txn_002358,acct_001077,device_000154,ip_000139,token_000675,merchant_000042,25.93,USD,purchase,2025-04-02T22:13:26,2025-04-02T22:17:06
txn_001896,acct_000641,device_000328,ip_000234,token_000834,merchant_000056,48.3,USD,purchase,2025-04-03T04:33:00,2025-04-03T04:36:47
txn_001919,acct_000826,device_000452,ip_000272,token_001227,merchant_000055,93.92,USD,purchase,2025-04-03T06:25:57,2025-04-03T06:26:50
txn_003945,acct_000760,device_000290,ip_000039,token_000165,merchant_000020,14.83,USD,purchase,2025-04-03T09:01:09,2025-04-03T09:02:39
txn_001096,acct_000860,device_000488,ip_000373,token_001075,merchant_000013,68.05,USD,purchase,2025-04-03T11:42:28,2025-04-03T11:43:50
txn_001555,acct_000429,device_000392,ip_000202,token_000329,merchant_000006,33.32,USD,purchase,2025-04-03T15:25:22,2025-04-03T15:27:42
txn_000302,acct_000833,device_000224,ip_000068,token_000735,merchant_000038,33.33,USD,purchase,2025-04-03T20:13:22,2025-04-03T20:15:25
txn_000169,acct_000475,device_000174,ip_000346,token_000074,merchant_000047,8.36,USD,purchase,2025-04-03T22:02:00,2025-04-03T22:03:43
txn_003258,acct_000701,device_000194,ip_000298,token_000056,merchant_000005,93.27,USD,purchase,2025-04-04T03:58:37,2025-04-04T04:01:53
txn_001255,acct_000550,device_000344,ip_000485,token_000409,merchant_000047,18.64,USD,purchase,2025-04-04T04:18:06,2025-04-04T04:21:46
txn_001206,acct_001059,device_000188,ip_000083,token_000537,merchant_000058,78.2,USD,purchase,2025-04-04T08:24:54,2025-04-04T08:28:12
txn_001032,acct_000081,device_000482,ip_000028,token_000833,merchant_000027,7.56,USD,purchase,2025-04-04T08:35:45,2025-04-04T08:38:08
txn_003602,acct_000674,device_000283,ip_000190,token_001148,merchant_000077,63.88,USD,purchase,2025-04-04T08:41:06,2025-04-04T08:42:04
txn_002591,acct_000752,device_000185,ip_000016,token_000013,merchant_000020,31.1,USD,purchase,2025-04-04T09:15:07,2025-04-04T09:16:03
txn_001705,acct_000100,device_000398,ip_000170,token_000861,merchant_000059,3.12,USD,purchase,2025-04-04T10:29:12,2025-04-04T10:30:48
txn_001438,acct_000028,device_000215,ip_000153,token_000973,merchant_000015,76.59,USD,purchase,2025-04-04T11:30:14,2025-04-04T11:32:14
txn_000001,acct_000615,device_000386,ip_000095,token_001102,merchant_000061,62.98,USD,purchase,2025-04-04T13:59:10,2025-04-04T14:02:12
txn_002946,acct_000286,device_000568,ip_000077,token_000329,merchant_000027,16.23,USD,purchase,2025-04-04T18:10:03,2025-04-04T18:11:32
txn_001792,acct_000291,device_000323,ip_000139,token_000708,merchant_000001,27.68,USD,purchase,2025-04-04T20:42:21,2025-04-04T20:44:09
txn_002991,acct_000970,device_000400,ip_000483,token_000840,merchant_000027,180.57,USD,purchase,2025-04-04T23:50:38,2025-04-04T23:51:26
txn_001052,acct_000541,device_000298,ip_000384,token_000083,merchant_000015,10.69,USD,purchase,2025-04-05T00:32:11,2025-04-05T00:35:35
txn_002630,acct_000234,device_000028,ip_000194,token_001219,merchant_000053,134.06,USD,purchase,2025-04-05T02:49:27,2025-04-05T02:50:05
txn_001843,acct_000798,device_000223,ip_000398,token_000108,merchant_000078,22.34,USD,purchase,2025-04-05T02:58:20,2025-04-05T03:01:10
txn_002607,acct_000343,device_000466,ip_000329,token_001219,merchant_000057,104.06,USD,purchase,2025-04-05T03:05:43,2025-04-05T03:06:44
txn_001983,acct_000626,device_000093,ip_000070,token_001036,merchant_000044,20.07,USD,purchase,2025-04-05T03:42:19,2025-04-05T03:42:28
txn_001762,acct_000967,device_000584,ip_000047,token_000517,merchant_000050,18.23,USD,purchase,2025-04-05T03:56:48,2025-04-05T04:00:21
txn_001343,acct_001033,device_000310,ip_000058,token_000842,merchant_000060,11.76,USD,purchase,2025-04-05T04:33:39,2025-04-05T04:36:21
txn_001115,acct_000670,device_000142,ip_000297,token_001144,merchant_000067,8.29,USD,purchase,2025-04-05T09:10:39,2025-04-05T09:13:46
txn_003834,acct_000063,device_000081,ip_000357,token_000611,merchant_000066,1.17,USD,purchase,2025-04-05T11:12:13,2025-04-05T11:12:37
txn_001793,acct_000291,device_000323,ip_000139,token_000708,merchant_000001,-27.68,USD,refund,2025-04-05T13:42:21,2025-04-05T13:45:18
txn_003112,acct_000665,device_000022,ip_000406,token_000312,merchant_000031,88.82,USD,purchase,2025-04-05T15:06:06,2025-04-05T15:09:06
txn_000157,acct_000432,device_000166,ip_000332,token_000842,merchant_000003,3.25,USD,purchase,2025-04-05T15:10:18,2025-04-05T15:11:00
txn_002675,acct_000186,device_000585,ip_000423,token_001029,merchant_000055,20.13,USD,purchase,2025-04-05T15:36:25,2025-04-05T15:36:30
txn_003452,acct_000200,device_000401,ip_000462,token_000610,merchant_000041,27.8,USD,purchase,2025-04-05T16:16:30,2025-04-05T16:20:18
txn_002916,acct_000035,device_000287,ip_000426,token_000689,merchant_000070,27.58,USD,purchase,2025-04-05T18:19:34,2025-04-05T18:19:38
txn_001868,acct_000511,device_000530,ip_000332,token_000589,merchant_000074,55.91,USD,purchase,2025-04-05T22:50:50,2025-04-05T22:53:14
txn_003763,acct_000491,device_000399,ip_000314,token_000980,merchant_000078,83.63,USD,purchase,2025-04-05T23:56:50,2025-04-06T00:00:12
txn_004010,acct_000027,device_000446,ip_000071,token_000308,merchant_000035,39.64,USD,purchase,2025-04-06T00:39:10,2025-04-06T00:39:23
txn_001615,acct_000567,device_000109,ip_000293,token_000861,merchant_000021,34.98,USD,purchase,2025-04-06T00:42:00,2025-04-06T00:45:49
txn_003948,acct_000017,device_000274,ip_000193,token_000573,merchant_000066,150.95,USD,purchase,2025-04-06T01:48:43,2025-04-06T01:50:27
txn_000253,acct_000653,device_000278,ip_000073,token_000581,merchant_000074,9.97,USD,purchase,2025-04-06T01:56:06,2025-04-06T01:59:55
txn_000754,acct_001025,device_000114,ip_000412,token_000679,merchant_000021,3.67,USD,purchase,2025-04-06T02:17:34,2025-04-06T02:17:36
txn_000599,acct_000661,device_000440,ip_000405,token_000381,merchant_000046,8.2,USD,purchase,2025-04-06T06:31:51,2025-04-06T06:32:23
txn_001984,acct_000689,device_000295,ip_000273,token_000981,merchant_000044,70.56,USD,purchase,2025-04-06T07:22:37,2025-04-06T07:24:51
txn_000933,acct_000691,device_000188,ip_000455,token_001018,merchant_000048,11.91,USD,purchase,2025-04-06T09:28:23,2025-04-06T09:32:22
txn_000857,acct_000406,device_000155,ip_000211,token_000649,merchant_000060,54.53,USD,purchase,2025-04-06T10:04:32,2025-04-06T10:08:31
txn_001879,acct_001076,device_000342,ip_000336,token_000866,merchant_000047,17.05,USD,purchase,2025-04-06T12:54:10,2025-04-06T12:55:02
txn_000991,acct_000698,device_000123,ip_000320,token_000067,merchant_000041,3.34,USD,purchase,2025-04-06T13:14:11,2025-04-06T13:15:27
txn_003005,acct_000909,device_000150,ip_000143,token_000626,merchant_000066,37.37,USD,purchase,2025-04-06T13:38:36,2025-04-06T13:40:59
txn_003699,acct_000729,device_000546,ip_000146,token_000972,merchant_000034,31.86,USD,purchase,2025-04-06T14:03:08,2025-04-06T14:05:14
txn_003333,acct_000365,device_000538,ip_000481,token_000212,merchant_000025,192.38,USD,purchase,2025-04-06T14:17:35,2025-04-06T14:18:49
txn_001880,acct_001076,device_000342,ip_000336,token_000866,merchant_000047,-17.05,USD,refund,2025-04-06T14:54:10,2025-04-06T14:57:51
txn_001163,acct_000370,device_000060,ip_000433,token_000979,merchant_000047,44.75,USD,purchase,2025-04-06T16:34:54,2025-04-06T16:37:52
txn_001114,acct_000902,device_000072,ip_000083,token_000114,merchant_000043,53.44,USD,purchase,2025-04-06T17:26:50,2025-04-06T17:30:05
txn_002753,acct_000578,device_000005,ip_000157,token_000443,merchant_000075,44.03,USD,purchase,2025-04-06T22:49:40,2025-04-06T22:49:45
txn_002838,acct_000980,device_000010,ip_000026,token_000261,merchant_000074,4.25,USD,purchase,2025-04-07T00:52:59,2025-04-07T00:53:26
txn_001985,acct_000294,device_000543,ip_000411,token_000014,merchant_000042,111.94,USD,purchase,2025-04-07T03:37:29,2025-04-07T03:38:47
txn_003179,acct_000536,device_000362,ip_000030,token_000160,merchant_000040,33.75,USD,purchase,2025-04-07T05:47:15,2025-04-07T05:48:47
txn_001334,acct_000825,device_000182,ip_000204,token_000932,merchant_000014,20.51,USD,purchase,2025-04-07T05:57:47,2025-04-07T06:01:06
txn_001546,acct_000314,device_000298,ip_000435,token_000014,merchant_000040,54.86,USD,purchase,2025-04-07T06:40:39,2025-04-07T06:41:45
txn_001564,acct_000794,device_000418,ip_000068,token_000835,merchant_000024,6.32,USD,purchase,2025-04-07T09:21:55,2025-04-07T09:23:32
txn_003409,acct_000417,device_000333,ip_000483,token_000154,merchant_000041,5.41,USD,purchase,2025-04-07T10:37:52,2025-04-07T10:39:59
txn_000510,acct_000745,device_000558,ip_000088,token_000867,merchant_000001,29.05,USD,purchase,2025-04-07T10:40:09,2025-04-07T10:42:58
txn_002755,acct_000646,device_000154,ip_000134,token_001134,merchant_000009,13.53,USD,purchase,2025-04-07T12:07:38,2025-04-07T12:11:25
txn_003743,acct_000579,device_000383,ip_000244,token_000896,merchant_000007,72.42,USD,purchase,2025-04-07T14:07:45,2025-04-07T14:10:11
txn_003904,acct_000010,device_000376,ip_000355,token_000891,merchant_000038,26.09,USD,purchase,2025-04-07T17:19:33,2025-04-07T17:20:18
txn_000460,acct_000610,device_000401,ip_000314,token_000359,merchant_000054,5.04,USD,purchase,2025-04-07T18:06:17,2025-04-07T18:08:08
txn_002659,acct_000523,device_000140,ip_000233,token_001186,merchant_000059,3.27,USD,purchase,2025-04-07T19:09:41,2025-04-07T19:09:55
txn_000039,acct_000843,device_000061,ip_000142,token_000260,merchant_000017,9.16,USD,purchase,2025-04-07T23:09:38,2025-04-07T23:10:42
txn_001130,acct_000325,device_000008,ip_000114,token_000585,merchant_000005,1.62,USD,purchase,2025-04-07T23:20:55,2025-04-07T23:23:03
txn_002839,acct_000537,device_000431,ip_000011,token_000321,merchant_000009,18.7,USD,purchase,2025-04-07T23:30:02,2025-04-07T23:32:20
txn_002652,acct_000598,device_000289,ip_000045,token_001084,merchant_000039,11.3,USD,purchase,2025-04-08T00:18:51,2025-04-08T00:20:42
txn_000211,acct_000320,device_000142,ip_000136,token_000752,merchant_000075,1.7,USD,purchase,2025-04-08T00:50:06,2025-04-08T00:50:30
txn_001001,acct_000510,device_000136,ip_000365,token_000083,merchant_000030,136.93,USD,purchase,2025-04-08T02:07:52,2025-04-08T02:10:48
txn_003520,acct_000541,device_000286,ip_000282,token_000818,merchant_000071,19.37,USD,purchase,2025-04-08T05:23:52,2025-04-08T05:24:21
txn_002605,acct_000128,device_000239,ip_000401,token_001017,merchant_000065,18.01,USD,purchase,2025-04-08T06:51:37,2025-04-08T06:51:50
txn_002587,acct_001069,device_000483,ip_000483,token_000347,merchant_000035,130.23,USD,purchase,2025-04-08T07:34:34,2025-04-08T07:37:21
txn_000145,acct_000945,device_000563,ip_000038,token_000596,merchant_000009,23.66,USD,purchase,2025-04-08T08:34:40,2025-04-08T08:35:13
txn_002536,acct_001002,device_000519,ip_000186,token_000479,merchant_000009,24.81,USD,purchase,2025-04-08T08:37:26,2025-04-08T08:39:14
txn_003180,acct_000296,device_000534,ip_000177,token_000686,merchant_000014,5.34,USD,purchase,2025-04-08T10:24:39,2025-04-08T10:25:19
txn_001088,acct_000361,device_000351,ip_000437,token_000768,merchant_000035,6.98,USD,purchase,2025-04-08T13:24:25,2025-04-08T13:26:23
txn_001610,acct_000030,device_000330,ip_000256,token_000457,merchant_000074,486.21,USD,purchase,2025-04-08T13:29:29,2025-04-08T13:31:59
txn_001277,acct_000567,device_000488,ip_000024,token_000741,merchant_000041,46.79,USD,purchase,2025-04-08T15:28:12,2025-04-08T15:32:12
txn_001596,acct_000675,device_000296,ip_000288,token_000696,merchant_000030,8.25,USD,purchase,2025-04-08T15:56:35,2025-04-08T15:59:45
txn_001240,acct_000469,device_000139,ip_000340,token_000319,merchant_000008,8.36,USD,purchase,2025-04-08T20:27:22,2025-04-08T20:28:34
txn_002058,acct_000776,device_000532,ip_000303,token_000557,merchant_000066,26.03,USD,purchase,2025-04-08T23:50:43,2025-04-08T23:54:33
txn_002749,acct_000215,device_000061,ip_000315,token_000107,merchant_000062,11.56,USD,purchase,2025-04-09T07:23:12,2025-04-09T07:26:09
txn_001970,acct_000783,device_000005,ip_000169,token_000191,merchant_000051,27.12,USD,purchase,2025-04-09T09:34:47,2025-04-09T09:37:30
txn_001886,acct_001096,device_000433,ip_000090,token_000319,merchant_000009,111.56,USD,purchase,2025-04-09T09:38:36,2025-04-09T09:40:13
txn_003512,acct_000233,device_000344,ip_000469,token_001108,merchant_000067,12.66,USD,purchase,2025-04-09T10:01:52,2025-04-09T10:02:48
txn_002933,acct_000556,device_000177,ip_000156,token_000143,merchant_000016,95.16,USD,purchase,2025-04-09T10:35:40,2025-04-09T10:39:25
txn_002847,acct_000862,device_000499,ip_000305,token_001008,merchant_000034,24.51,USD,purchase,2025-04-09T12:05:03,2025-04-09T12:05:58
txn_000165,acct_000367,device_000380,ip_000287,token_001137,merchant_000062,57.96,USD,purchase,2025-04-09T13:22:44,2025-04-09T13:23:20
txn_000482,acct_000058,device_000152,ip_000134,token_000933,merchant_000019,7.92,USD,purchase,2025-04-09T18:08:10,2025-04-09T18:11:00
txn_001812,acct_000166,device_000383,ip_000443,token_000403,merchant_000008,15.66,USD,purchase,2025-04-09T18:12:22,2025-04-09T18:15:50
txn_002348,acct_001050,device_000201,ip_000413,token_000022,merchant_000030,28.31,USD,purchase,2025-04-09T18:17:46,2025-04-09T18:19:45
txn_000244,acct_000435,device_000012,ip_000328,token_000413,merchant_000037,54.11,USD,purchase,2025-04-09T19:20:35,2025-04-09T19:22:45
txn_001229,acct_000377,device_000293,ip_000055,token_000941,merchant_000069,38.44,USD,purchase,2025-04-09T22:38:21,2025-04-09T22:41:44
txn_000960,acct_000856,device_000156,ip_000219,token_001121,merchant_000073,49.09,USD,purchase,2025-04-10T02:09:02,2025-04-10T02:12:57
txn_001741,acct_001073,device_000522,ip_000296,token_000074,merchant_000037,32.38,USD,purchase,2025-04-10T03:23:25,2025-04-10T03:23:41
txn_002963,acct_000502,device_000502,ip_000106,token_000234,merchant_000025,38.63,USD,purchase,2025-04-10T06:40:41,2025-04-10T06:42:48
txn_002833,acct_000361,device_000452,ip_000171,token_000808,merchant_000039,6.83,USD,purchase,2025-04-10T06:59:06,2025-04-10T07:01:48
txn_000746,acct_001022,device_000216,ip_000273,token_000349,merchant_000050,14.3,USD,purchase,2025-04-10T07:13:39,2025-04-10T07:16:06
txn_001234,acct_000758,device_000363,ip_000267,token_000383,merchant_000010,21.46,USD,purchase,2025-04-10T08:33:01,2025-04-10T08:33:08
txn_003133,acct_000739,device_000380,ip_000136,token_000407,merchant_000036,26.79,USD,purchase,2025-04-10T10:43:35,2025-04-10T10:44:37
txn_003770,acct_000996,device_000288,ip_000022,token_000870,merchant_000021,11.37,USD,purchase,2025-04-10T12:46:40,2025-04-10T12:49:42
txn_002977,acct_000045,device_000450,ip_000445,token_000145,merchant_000064,5.89,USD,purchase,2025-04-10T16:49:47,2025-04-10T16:50:58
txn_003170,acct_001023,device_000169,ip_000006,token_000292,merchant_000001,55.06,USD,purchase,2025-04-10T20:15:56,2025-04-10T20:17:09
txn_002512,acct_000003,device_000502,ip_000226,token_000339,merchant_000009,5.19,USD,purchase,2025-04-10T23:41:53,2025-04-10T23:42:58
txn_000830,acct_000696,device_000463,ip_000385,token_000193,merchant_000068,18.4,USD,purchase,2025-04-11T02:34:13,2025-04-11T02:36:29
txn_003560,acct_000857,device_000059,ip_000298,token_000603,merchant_000012,84.95,USD,purchase,2025-04-11T04:43:18,2025-04-11T04:44:59
txn_002349,acct_001050,device_000201,ip_000413,token_000022,merchant_000030,-28.31,USD,refund,2025-04-11T08:17:46,2025-04-11T08:21:31
txn_002538,acct_000014,device_000297,ip_000368,token_000560,merchant_000066,83.94,USD,purchase,2025-04-11T10:01:25,2025-04-11T10:03:22
txn_001859,acct_000197,device_000482,ip_000208,token_000673,merchant_000006,16.41,USD,purchase,2025-04-11T10:27:34,2025-04-11T10:29:48
txn_000486,acct_000381,device_000206,ip_000031,token_000375,merchant_000025,6.79,USD,purchase,2025-04-11T17:20:06,2025-04-11T17:20:34
txn_001148,acct_000024,device_000553,ip_000089,token_000127,merchant_000004,27.94,USD,purchase,2025-04-11T18:43:17,2025-04-11T18:44:39
txn_001451,acct_000243,device_000283,ip_000467,token_001022,merchant_000054,44.72,USD,purchase,2025-04-11T19:25:47,2025-04-11T19:27:57
txn_003534,acct_001031,device_000286,ip_000448,token_001169,merchant_000042,41.32,USD,purchase,2025-04-11T23:39:00,2025-04-11T23:40:04
txn_000634,acct_000991,device_000189,ip_000420,token_000482,merchant_000070,164.83,USD,purchase,2025-04-12T01:54:23,2025-04-12T01:58:03
txn_002832,acct_000851,device_000074,ip_000094,token_000776,merchant_000012,43.46,USD,purchase,2025-04-12T02:14:50,2025-04-12T02:17:26
txn_003083,acct_001011,device_000325,ip_000289,token_000384,merchant_000008,89.21,USD,purchase,2025-04-12T02:26:45,2025-04-12T02:30:31
txn_003351,acct_000130,device_000539,ip_000395,token_000316,merchant_000072,158.39,USD,purchase,2025-04-12T05:17:42,2025-04-12T05:21:02
txn_003435,acct_000971,device_000490,ip_000246,token_000784,merchant_000043,117.44,USD,purchase,2025-04-12T05:58:20,2025-04-12T05:58:52
txn_002387,acct_000270,device_000406,ip_000327,token_000981,merchant_000055,5.55,USD,purchase,2025-04-12T09:59:06,2025-04-12T10:00:12
txn_001183,acct_000353,device_000286,ip_000131,token_000521,merchant_000047,15.26,USD,purchase,2025-04-12T14:46:49,2025-04-12T14:49:06
txn_001347,acct_001108,device_000565,ip_000122,token_001219,merchant_000061,285.15,USD,purchase,2025-04-12T17:11:31,2025-04-12T17:11:59
txn_000051,acct_000150,device_000018,ip_000301,token_000139,merchant_000002,100.12,USD,purchase,2025-04-12T19:44:38,2025-04-12T19:45:52
txn_001674,acct_000616,device_000012,ip_000111,token_000810,merchant_000074,25.32,USD,purchase,2025-04-12T20:28:55,2025-04-12T20:31:46
txn_001495,acct_000082,device_000138,ip_000210,token_000817,merchant_000001,32.05,USD,purchase,2025-04-12T20:35:28,2025-04-12T20:36:16
txn_000635,acct_000991,device_000189,ip_000420,token_000482,merchant_000070,-164.83,USD,refund,2025-04-12T20:54:23,2025-04-12T20:57:53
txn_000799,acct_000831,device_000463,ip_000110,token_000929,merchant_000080,27.06,USD,purchase,2025-04-13T01:31:00,2025-04-13T01:32:12
txn_002283,acct_000484,device_000280,ip_000218,token_001155,merchant_000042,5.54,USD,purchase,2025-04-13T09:02:33,2025-04-13T09:05:05
txn_001662,acct_000611,device_000454,ip_000220,token_000011,merchant_000023,32.36,USD,purchase,2025-04-13T09:56:41,2025-04-13T09:57:31
txn_000606,acct_000227,device_000050,ip_000485,token_000624,merchant_000010,10.68,USD,purchase,2025-04-13T10:06:54,2025-04-13T10:10:22
txn_002923,acct_000967,device_000443,ip_000123,token_000741,merchant_000024,2.95,USD,purchase,2025-04-13T10:10:08,2025-04-13T10:10:16
txn_003278,acct_000397,device_000271,ip_000450,token_000435,merchant_000004,39.0,USD,purchase,2025-04-13T10:13:07,2025-04-13T10:13:14
txn_000931,acct_000687,device_000531,ip_000347,token_000843,merchant_000036,42.88,USD,purchase,2025-04-13T11:49:15,2025-04-13T11:50:04
txn_003231,acct_000243,device_000136,ip_000016,token_000627,merchant_000043,29.71,USD,purchase,2025-04-13T12:23:54,2025-04-13T12:26:51
txn_001576,acct_000906,device_000581,ip_000136,token_000116,merchant_000049,48.89,USD,purchase,2025-04-13T14:39:25,2025-04-13T14:39:50
txn_002354,acct_000339,device_000252,ip_000184,token_000819,merchant_000046,59.95,USD,purchase,2025-04-13T19:31:46,2025-04-13T19:32:57
txn_002122,acct_000516,device_000076,ip_000100,token_000857,merchant_000040,44.61,USD,purchase,2025-04-14T02:20:59,2025-04-14T02:24:24
txn_001258,acct_000280,device_000246,ip_000189,token_001206,merchant_000016,12.37,USD,purchase,2025-04-14T04:27:27,2025-04-14T04:30:56
txn_003697,acct_001031,device_000488,ip_000041,token_000566,merchant_000014,7.2,USD,purchase,2025-04-14T08:33:25,2025-04-14T08:34:00
txn_000614,acct_000450,device_000118,ip_000028,token_000074,merchant_000074,8.55,USD,purchase,2025-04-14T08:57:39,2025-04-14T08:58:50
txn_003349,acct_000238,device_000232,ip_000314,token_000035,merchant_000001,14.29,USD,purchase,2025-04-14T10:29:15,2025-04-14T10:31:50
txn_003792,acct_000510,device_000099,ip_000475,token_000632,merchant_000063,13.33,USD,purchase,2025-04-14T12:26:54,2025-04-14T12:29:20
txn_003214,acct_000773,device_000039,ip_000145,token_000268,merchant_000035,16.36,USD,purchase,2025-04-14T16:25:27,2025-04-14T16:29:01
txn_001592,acct_000844,device_000073,ip_000145,token_001175,merchant_000058,12.45,USD,purchase,2025-04-14T19:05:51,2025-04-14T19:08:22
txn_001033,acct_001077,device_000190,ip_000065,token_000133,merchant_000008,61.71,USD,purchase,2025-04-15T00:10:35,2025-04-15T00:12:51
txn_002382,acct_000023,device_000569,ip_000481,token_001158,merchant_000049,83.12,USD,purchase,2025-04-15T04:26:52,2025-04-15T04:28:32
txn_001848,acct_000193,device_000558,ip_000052,token_000635,merchant_000038,1.79,USD,purchase,2025-04-15T06:11:11,2025-04-15T06:13:33
txn_003194,acct_000029,device_000559,ip_000445,token_001071,merchant_000078,12.84,USD,purchase,2025-04-15T06:55:19,2025-04-15T06:55:51
txn_000664,acct_000809,device_000040,ip_000316,token_000562,merchant_000047,97.62,USD,purchase,2025-04-15T08:54:24,2025-04-15T08:57:52
txn_002053,acct_000313,device_000469,ip_000168,token_000968,merchant_000077,67.09,USD,purchase,2025-04-15T09:20:03,2025-04-15T09:21:12
txn_003816,acct_000093,device_000339,ip_000294,token_000849,merchant_000006,98.38,USD,purchase,2025-04-15T10:00:49,2025-04-15T10:03:18
txn_003477,acct_000662,device_000370,ip_000221,token_000161,merchant_000035,10.06,USD,purchase,2025-04-15T10:36:36,2025-04-15T10:39:40
txn_001820,acct_000019,device_000468,ip_000059,token_000889,merchant_000031,59.7,USD,purchase,2025-04-15T11:12:29,2025-04-15T11:12:37
txn_003891,acct_000007,device_000003,ip_000438,token_000464,merchant_000035,104.0,USD,purchase,2025-04-15T12:14:54,2025-04-15T12:15:21
txn_003312,acct_000776,device_000401,ip_000086,token_000232,merchant_000047,96.09,USD,purchase,2025-04-15T12:19:27,2025-04-15T12:20:02
txn_001600,acct_000665,device_000528,ip_000220,token_000909,merchant_000080,45.86,USD,purchase,2025-04-15T14:25:34,2025-04-15T14:26:24
txn_003565,acct_000702,device_000341,ip_000178,token_000400,merchant_000078,17.68,USD,purchase,2025-04-15T14:28:27,2025-04-15T14:31:05
txn_003648,acct_000554,device_000462,ip_000328,token_000187,merchant_000070,60.27,USD,purchase,2025-04-15T15:45:55,2025-04-15T15:46:15
txn_001780,acct_000740,device_000045,ip_000003,token_000377,merchant_000034,40.15,USD,purchase,2025-04-15T18:26:09,2025-04-15T18:28:23
txn_002789,acct_000081,device_000523,ip_000049,token_000005,merchant_000014,26.03,USD,purchase,2025-04-15T18:27:12,2025-04-15T18:29:42
txn_000111,acct_000020,device_000309,ip_000216,token_000207,merchant_000067,53.21,USD,purchase,2025-04-15T20:22:09,2025-04-15T20:23:57
txn_002965,acct_000612,device_000131,ip_000153,token_000884,merchant_000072,72.05,USD,purchase,2025-04-15T20:44:05,2025-04-15T20:45:38
txn_000514,acct_000889,device_000389,ip_000014,token_000507,merchant_000010,27.05,USD,purchase,2025-04-15T21:44:58,2025-04-15T21:47:42
txn_000275,acct_000725,device_000443,ip_000313,token_000559,merchant_000043,15.07,USD,purchase,2025-04-15T23:37:19,2025-04-15T23:40:07
txn_003515,acct_000725,device_000240,ip_000042,token_000555,merchant_000028,61.39,USD,purchase,2025-04-16T01:05:02,2025-04-16T01:07:09
txn_001394,acct_000558,device_000103,ip_000290,token_000441,merchant_000021,8.1,USD,purchase,2025-04-16T03:19:02,2025-04-16T03:22:38
txn_000769,acct_000935,device_000001,ip_000129,token_000834,merchant_000077,24.12,USD,purchase,2025-04-16T03:30:34,2025-04-16T03:32:44
txn_003399,acct_000227,device_000090,ip_000436,token_000041,merchant_000071,60.92,USD,purchase,2025-04-16T04:40:38,2025-04-16T04:42:41
txn_002490,acct_000166,device_000487,ip_000030,token_000045,merchant_000032,3.26,USD,purchase,2025-04-16T08:01:15,2025-04-16T08:02:25
txn_003275,acct_000935,device_000063,ip_000377,token_000707,merchant_000051,14.76,USD,purchase,2025-04-16T09:51:10,2025-04-16T09:53:00
txn_001404,acct_000553,device_000085,ip_000073,token_000035,merchant_000075,3.06,USD,purchase,2025-04-16T11:28:09,2025-04-16T11:31:34
txn_001063,acct_000306,device_000247,ip_000301,token_000637,merchant_000066,31.43,USD,purchase,2025-04-16T14:18:18,2025-04-16T14:18:26
txn_001323,acct_000457,device_000552,ip_000390,token_000083,merchant_000006,62.81,USD,purchase,2025-04-16T20:55:19,2025-04-16T20:56:17
txn_000252,acct_000567,device_000546,ip_000164,token_000904,merchant_000016,9.86,USD,purchase,2025-04-16T21:19:17,2025-04-16T21:19:21
txn_000324,acct_000945,device_000139,ip_000183,token_000335,merchant_000007,11.94,USD,purchase,2025-04-16T21:28:18,2025-04-16T21:29:50
txn_002150,acct_000801,device_000529,ip_000261,token_000162,merchant_000036,29.15,USD,purchase,2025-04-16T23:20:03,2025-04-16T23:20:18
txn_002235,acct_000072,device_000585,ip_000494,token_001055,merchant_000031,25.06,USD,purchase,2025-04-17T00:11:39,2025-04-17T00:14:32
txn_000421,acct_000593,device_000172,ip_000001,token_000124,merchant_000062,77.52,USD,purchase,2025-04-17T03:22:04,2025-04-17T03:23:42
txn_003666,acct_000042,device_000067,ip_000148,token_000639,merchant_000053,45.36,USD,purchase,2025-04-17T06:04:31,2025-04-17T06:06:35
txn_000095,acct_000935,device_000052,ip_000471,token_000739,merchant_000026,15.43,USD,purchase,2025-04-17T09:39:19,2025-04-17T09:41:01
txn_001645,acct_000624,device_000283,ip_000417,token_000827,merchant_000016,8.89,USD,purchase,2025-04-17T13:06:25,2025-04-17T13:07:20
txn_003901,acct_000010,device_000005,ip_000383,token_000281,merchant_000030,103.25,USD,purchase,2025-04-17T14:41:13,2025-04-17T14:43:02
txn_003634,acct_000004,device_000209,ip_000437,token_001080,merchant_000027,44.54,USD,purchase,2025-04-17T19:41:34,2025-04-17T19:43:36
txn_002369,acct_000580,device_000377,ip_000486,token_000232,merchant_000026,32.2,USD,purchase,2025-04-18T07:20:58,2025-04-18T07:22:25
txn_000294,acct_001106,device_000520,ip_000113,token_000951,merchant_000027,115.05,USD,purchase,2025-04-18T08:28:57,2025-04-18T08:29:38
txn_003038,acct_000494,device_000578,ip_000119,token_000056,merchant_000001,20.72,USD,purchase,2025-04-18T10:35:41,2025-04-18T10:39:09
txn_000147,acct_000642,device_000253,ip_000403,token_000454,merchant_000056,51.49,USD,purchase,2025-04-18T10:50:34,2025-04-18T10:53:42
txn_003808,acct_000731,device_000375,ip_000134,token_001208,merchant_000027,14.32,USD,purchase,2025-04-18T14:55:09,2025-04-18T14:57:34
txn_003926,acct_000011,device_000008,ip_000028,token_000257,merchant_000013,28.36,USD,purchase,2025-04-18T15:07:02,2025-04-18T15:08:04
txn_000709,acct_000785,device_000339,ip_000295,token_001213,merchant_000078,272.94,USD,purchase,2025-04-18T16:02:26,2025-04-18T16:03:20
txn_002304,acct_000008,device_000125,ip_000008,token_000794,merchant_000011,84.39,USD,purchase,2025-04-18T17:12:36,2025-04-18T17:15:08
txn_002736,acct_000217,device_000389,ip_000457,token_000275,merchant_000040,16.24,USD,purchase,2025-04-18T18:04:47,2025-04-18T18:07:07
txn_000766,acct_000364,device_000042,ip_000312,token_000545,merchant_000071,9.47,USD,purchase,2025-04-18T18:16:08,2025-04-18T18:19:41
txn_003345,acct_000769,device_000214,ip_000126,token_000751,merchant_000051,6.37,USD,purchase,2025-04-18T20:39:03,2025-04-18T20:39:49
txn_001602,acct_000653,device_000461,ip_000351,token_001038,merchant_000053,9.43,USD,purchase,2025-04-18T21:07:32,2025-04-18T21:09:46
txn_003400,acct_000227,device_000090,ip_000436,token_000041,merchant_000071,-60.92,USD,refund,2025-04-19T00:40:38,2025-04-19T00:42:25
txn_000804,acct_000464,device_000156,ip_000277,token_000869,merchant_000026,18.06,USD,purchase,2025-04-19T03:04:31,2025-04-19T03:06:45
txn_002179,acct_000704,device_000390,ip_000312,token_000021,merchant_000039,36.14,USD,purchase,2025-04-19T04:09:26,2025-04-19T04:10:34
txn_001411,acct_000262,device_000203,ip_000403,token_000668,merchant_000030,28.65,USD,purchase,2025-04-19T04:45:48,2025-04-19T04:46:58
txn_002719,acct_000309,device_000251,ip_000154,token_000737,merchant_000018,62.02,USD,purchase,2025-04-19T07:30:11,2025-04-19T07:31:38
txn_001064,acct_000306,device_000247,ip_000301,token_000637,merchant_000066,-31.43,USD,refund,2025-04-19T08:18:18,2025-04-19T08:20:10
txn_001833,acct_000277,device_000110,ip_000252,token_000255,merchant_000015,28.44,USD,purchase,2025-04-19T09:57:13,2025-04-19T09:58:39
txn_003154,acct_000068,device_000068,ip_000416,token_001077,merchant_000061,20.58,USD,purchase,2025-04-19T11:01:04,2025-04-19T11:04:07
txn_002469,acct_000023,device_000215,ip_000341,token_000263,merchant_000003,10.42,USD,purchase,2025-04-19T18:45:40,2025-04-19T18:47:47
txn_001830,acct_000119,device_000393,ip_000169,token_001226,merchant_000029,56.37,USD,purchase,2025-04-19T19:16:34,2025-04-19T19:16:55
txn_002960,acct_000660,device_000060,ip_000413,token_000280,merchant_000069,23.66,USD,purchase,2025-04-19T20:53:16,2025-04-19T20:55:38
txn_001883,acct_001046,device_000419,ip_000262,token_000998,merchant_000001,116.65,USD,purchase,2025-04-19T23:58:45,2025-04-20T00:00:31
txn_000992,acct_000281,device_000265,ip_000418,token_000778,merchant_000020,14.68,USD,purchase,2025-04-20T00:00:58,2025-04-20T00:01:18
txn_002215,acct_000056,device_000204,ip_000149,token_000559,merchant_000041,15.38,USD,purchase,2025-04-20T01:20:12,2025-04-20T01:22:01
txn_000928,acct_000299,device_000041,ip_000190,token_000569,merchant_000051,17.34,USD,purchase,2025-04-20T01:33:27,2025-04-20T01:37:22
txn_002339,acct_000414,device_000299,ip_000474,token_000809,merchant_000060,35.87,USD,purchase,2025-04-20T04:20:46,2025-04-20T04:24:08
txn_000873,acct_000707,device_000247,ip_000272,token_000015,merchant_000033,40.98,USD,purchase,2025-04-20T07:17:45,2025-04-20T07:18:02
txn_003277,acct_000043,device_000223,ip_000381,token_000990,merchant_000068,40.98,USD,purchase,2025-04-20T15:44:06,2025-04-20T15:45:27
txn_003720,acct_000533,device_000201,ip_000292,token_000893,merchant_000067,25.42,USD,purchase,2025-04-21T02:43:28,2025-04-21T02:45:58
txn_000600,acct_000659,device_000239,ip_000288,token_000136,merchant_000050,36.83,USD,purchase,2025-04-21T03:28:35,2025-04-21T03:29:02
txn_001864,acct_000535,device_000577,ip_000455,token_000371,merchant_000027,2.67,USD,purchase,2025-04-21T07:52:44,2025-04-21T07:54:36
txn_000441,acct_000738,device_000045,ip_000016,token_000408,merchant_000026,45.86,USD,purchase,2025-04-21T08:00:43,2025-04-21T08:03:05
txn_000375,acct_001021,device_000097,ip_000455,token_000674,merchant_000004,71.62,USD,purchase,2025-04-21T09:41:35,2025-04-21T09:43:16
txn_000844,acct_000526,device_000408,ip_000146,token_001099,merchant_000037,60.85,USD,purchase,2025-04-21T13:38:28,2025-04-21T13:41:43
txn_002577,acct_000813,device_000424,ip_000024,token_000560,merchant_000009,7.55,USD,purchase,2025-04-21T13:58:15,2025-04-21T13:59:10
txn_002142,acct_000212,device_000057,ip_000242,token_000585,merchant_000008,9.99,USD,purchase,2025-04-21T16:13:04,2025-04-21T16:15:25
txn_002375,acct_000420,device_000178,ip_000023,token_000332,merchant_000052,3.99,USD,purchase,2025-04-21T16:43:23,2025-04-21T16:44:24
txn_000602,acct_000670,device_000393,ip_000122,token_001181,merchant_000003,28.32,USD,purchase,2025-04-21T16:44:11,2025-04-21T16:46:10
txn_000535,acct_000002,device_000054,ip_000339,token_000659,merchant_000028,13.79,USD,purchase,2025-04-21T19:20:48,2025-04-21T19:21:14
txn_000899,acct_000339,device_000504,ip_000246,token_001149,merchant_000077,130.57,USD,purchase,2025-04-21T19:35:04,2025-04-21T19:36:08
txn_003593,acct_001091,device_000179,ip_000061,token_000337,merchant_000063,20.66,USD,purchase,2025-04-21T22:39:07,2025-04-21T22:40:01
txn_003361,acct_001064,device_000282,ip_000209,token_001000,merchant_000049,34.2,USD,purchase,2025-04-22T00:33:50,2025-04-22T00:36:19
txn_002635,acct_000536,device_000168,ip_000017,token_000127,merchant_000009,7.93,USD,purchase,2025-04-22T00:56:42,2025-04-22T00:59:27
txn_000966,acct_000812,device_000220,ip_000208,token_000881,merchant_000031,2.06,USD,purchase,2025-04-22T06:04:17,2025-04-22T06:05:44
txn_002061,acct_000049,device_000175,ip_000473,token_000191,merchant_000035,59.09,USD,purchase,2025-04-22T07:26:10,2025-04-22T07:28:42
txn_003331,acct_001042,device_000294,ip_000148,token_000933,merchant_000001,169.67,USD,purchase,2025-04-22T07:43:16,2025-04-22T07:44:36
txn_002651,acct_000387,device_000224,ip_000355,token_001040,merchant_000006,79.71,USD,purchase,2025-04-22T09:41:10,2025-04-22T09:42:13
txn_003728,acct_000847,device_000177,ip_000274,token_000191,merchant_000025,12.88,USD,purchase,2025-04-22T14:03:47,2025-04-22T14:05:07
txn_003872,acct_000005,device_000003,ip_000342,token_000729,merchant_000039,24.59,USD,purchase,2025-04-22T15:16:18,2025-04-22T15:17:05
txn_001757,acct_000774,device_000537,ip_000438,token_000481,merchant_000025,34.56,USD,purchase,2025-04-22T16:21:57,2025-04-22T16:22:39
txn_001700,acct_000259,device_000523,ip_000390,token_000196,merchant_000034,22.25,USD,purchase,2025-04-22T19:31:37,2025-04-22T19:33:34
txn_002556,acct_000435,device_000362,ip_000019,token_001069,merchant_000020,12.47,USD,purchase,2025-04-22T19:52:40,2025-04-22T19:53:13
txn_002562,acct_000692,device_000329,ip_000159,token_001142,merchant_000014,22.95,USD,purchase,2025-04-22T21:17:30,2025-04-22T21:21:23
txn_002362,acct_000063,device_000523,ip_000293,token_000279,merchant_000033,19.17,USD,purchase,2025-04-22T21:21:01,2025-04-22T21:22:02
txn_000264,acct_000788,device_000369,ip_000431,token_000855,merchant_000020,23.46,USD,purchase,2025-04-23T00:44:36,2025-04-23T00:45:11
txn_004003,acct_000014,device_000487,ip_000426,token_000473,merchant_000054,115.0,USD,purchase,2025-04-23T00:44:57,2025-04-23T00:48:11
txn_002557,acct_000435,device_000362,ip_000019,token_001069,merchant_000020,-12.47,USD,refund,2025-04-23T02:52:40,2025-04-23T02:55:25
txn_003225,acct_001060,device_000570,ip_000019,token_000591,merchant_000014,33.99,USD,purchase,2025-04-23T06:51:02,2025-04-23T06:52:00
txn_001657,acct_000283,device_000173,ip_000148,token_000196,merchant_000013,20.52,USD,purchase,2025-04-23T08:14:55,2025-04-23T08:16:16
txn_002248,acct_001105,device_000228,ip_000238,token_000323,merchant_000056,115.21,USD,purchase,2025-04-23T09:05:00,2025-04-23T09:07:16
txn_003909,acct_000010,device_000329,ip_000271,token_000211,merchant_000035,82.1,USD,purchase,2025-04-23T10:52:15,2025-04-23T10:56:00
txn_000623,acct_001022,device_000151,ip_000239,token_000308,merchant_000067,49.2,USD,purchase,2025-04-23T12:57:42,2025-04-23T12:59:00
txn_002829,acct_000311,device_000093,ip_000236,token_000246,merchant_000022,54.64,USD,purchase,2025-04-23T13:25:13,2025-04-23T13:27:02
txn_003928,acct_000007,device_000008,ip_000372,token_000657,merchant_000032,172.59,USD,purchase,2025-04-23T13:25:51,2025-04-23T13:27:59
txn_000567,acct_000049,device_000392,ip_000245,token_001201,merchant_000005,3.28,USD,purchase,2025-04-23T16:06:31,2025-04-23T16:06:52
txn_000496,acct_000895,device_000239,ip_000115,token_000531,merchant_000015,41.36,USD,purchase,2025-04-24T00:05:51,2025-04-24T00:07:26
txn_002039,acct_000122,device_000029,ip_000016,token_001189,merchant_000011,13.2,USD,purchase,2025-04-24T00:46:47,2025-04-24T00:48:06
txn_001313,acct_000103,device_000076,ip_000233,token_000102,merchant_000063,149.59,USD,purchase,2025-04-24T03:33:38,2025-04-24T03:37:37
txn_000847,acct_000411,device_000058,ip_000201,token_000779,merchant_000020,24.87,USD,purchase,2025-04-24T07:49:31,2025-04-24T07:52:12
txn_000497,acct_000895,device_000239,ip_000115,token_000531,merchant_000015,-41.36,USD,refund,2025-04-24T08:05:51,2025-04-24T08:08:23
txn_001502,acct_000865,device_000214,ip_000405,token_000515,merchant_000078,74.2,USD,purchase,2025-04-24T12:35:47,2025-04-24T12:39:27
txn_001616,acct_000574,device_000170,ip_000236,token_000861,merchant_000062,68.19,USD,purchase,2025-04-24T14:37:44,2025-04-24T14:41:22
txn_001349,acct_000729,device_000209,ip_000009,token_000733,merchant_000050,8.77,USD,purchase,2025-04-24T16:56:35,2025-04-24T16:59:00
txn_002920,acct_000465,device_000237,ip_000060,token_000777,merchant_000013,3.76,USD,purchase,2025-04-24T17:25:11,2025-04-24T17:25:51
txn_003337,acct_000648,device_000537,ip_000346,token_000115,merchant_000070,19.35,USD,purchase,2025-04-24T18:09:35,2025-04-24T18:12:41
txn_001403,acct_000111,device_000149,ip_000423,token_000462,merchant_000039,8.28,USD,purchase,2025-04-24T20:13:23,2025-04-24T20:13:47
txn_003732,acct_000879,device_000225,ip_000280,token_001005,merchant_000035,22.72,USD,purchase,2025-04-24T20:24:24,2025-04-24T20:25:23
txn_003553,acct_001054,device_000088,ip_000219,token_000361,merchant_000048,30.79,USD,purchase,2025-04-24T22:06:00,2025-04-24T22:09:56
txn_000339,acct_001065,device_000505,ip_000406,token_000955,merchant_000026,44.7,USD,purchase,2025-04-25T00:12:17,2025-04-25T00:13:24
txn_003687,acct_000479,device_000394,ip_000213,token_000669,merchant_000073,1.06,USD,purchase,2025-04-25T03:12:41,2025-04-25T03:15:03
txn_003424,acct_000799,device_000024,ip_000268,token_000246,merchant_000033,34.2,USD,purchase,2025-04-25T06:16:04,2025-04-25T06:16:16
txn_003992,acct_000017,device_000313,ip_000379,token_000590,merchant_000044,22.58,USD,purchase,2025-04-25T06:18:40,2025-04-25T06:22:09
txn_002470,acct_000843,device_000370,ip_000034,token_000093,merchant_000003,11.69,USD,purchase,2025-04-25T06:24:39,2025-04-25T06:26:13
txn_001422,acct_000456,device_000353,ip_000233,token_000036,merchant_000002,3.16,USD,purchase,2025-04-25T10:25:23,2025-04-25T10:28:41
txn_002189,acct_000379,device_000095,ip_000154,token_000767,merchant_000063,43.99,USD,purchase,2025-04-25T17:17:32,2025-04-25T17:17:48
txn_002745,acct_000491,device_000575,ip_000118,token_001036,merchant_000037,84.56,USD,purchase,2025-04-25T20:00:36,2025-04-25T20:02:17
txn_001777,acct_000312,device_000445,ip_000166,token_001016,merchant_000049,84.2,USD,purchase,2025-04-26T02:30:57,2025-04-26T02:34:07
txn_002913,acct_000358,device_000336,ip_000132,token_000077,merchant_000015,80.92,USD,purchase,2025-04-26T05:35:04,2025-04-26T05:36:08
txn_001696,acct_000395,device_000367,ip_000311,token_001211,merchant_000077,7.28,USD,purchase,2025-04-26T09:44:03,2025-04-26T09:44:13
txn_000360,acct_000805,device_000262,ip_000155,token_000185,merchant_000031,206.21,USD,purchase,2025-04-26T12:10:56,2025-04-26T12:14:42
txn_000901,acct_000764,device_000078,ip_000144,token_000856,merchant_000003,14.78,USD,purchase,2025-04-26T12:37:14,2025-04-26T12:41:13
txn_001992,acct_000008,device_000085,ip_000371,token_001002,merchant_000047,17.36,USD,purchase,2025-04-26T13:26:11,2025-04-26T13:27:53
txn_000739,acct_000731,device_000428,ip_000009,token_000915,merchant_000042,46.29,USD,purchase,2025-04-26T14:36:35,2025-04-26T14:38:07
txn_004005,acct_000023,device_000489,ip_000136,token_000597,merchant_000032,27.77,USD,purchase,2025-04-26T16:29:49,2025-04-26T16:31:01
txn_000417,acct_000121,device_000334,ip_000093,token_000056,merchant_000008,18.08,USD,purchase,2025-04-26T17:47:17,2025-04-26T17:49:03
txn_003548,acct_000482,device_000173,ip_000243,token_000208,merchant_000004,6.49,USD,purchase,2025-04-26T21:28:59,2025-04-26T21:30:22
txn_001472,acct_000242,device_000397,ip_000114,token_000713,merchant_000007,21.06,USD,purchase,2025-04-26T21:53:48,2025-04-26T21:55:39
txn_001960,acct_000673,device_000411,ip_000132,token_000880,merchant_000060,3.65,USD,purchase,2025-04-26T22:19:14,2025-04-26T22:20:57
txn_001290,acct_000577,device_000424,ip_000337,token_000891,merchant_000032,14.82,USD,purchase,2025-04-26T22:34:02,2025-04-26T22:37:04
txn_001245,acct_000184,device_000426,ip_000350,token_000152,merchant_000061,13.64,USD,purchase,2025-04-26T22:34:32,2025-04-26T22:38:13
txn_004013,acct_000024,device_000362,ip_000433,token_000947,merchant_000028,33.31,USD,purchase,2025-04-27T01:48:19,2025-04-27T01:48:20
txn_000523,acct_000512,device_000553,ip_000436,token_000242,merchant_000038,23.49,USD,purchase,2025-04-27T04:32:27,2025-04-27T04:32:28
txn_000340,acct_001065,device_000505,ip_000406,token_000955,merchant_000026,-44.7,USD,refund,2025-04-27T08:12:17,2025-04-27T08:16:03
txn_001665,acct_001047,device_000063,ip_000318,token_000854,merchant_000054,5.97,USD,purchase,2025-04-27T13:33:58,2025-04-27T13:35:33
txn_003235,acct_000939,device_000055,ip_000232,token_000283,merchant_000047,5.12,USD,purchase,2025-04-27T13:39:56,2025-04-27T13:41:59
txn_000102,acct_001095,device_000488,ip_000465,token_000735,merchant_000065,58.42,USD,purchase,2025-04-27T14:01:06,2025-04-27T14:01:31
txn_001135,acct_000590,device_000370,ip_000272,token_000565,merchant_000063,9.52,USD,purchase,2025-04-27T14:24:27,2025-04-27T14:24:57
txn_000855,acct_000290,device_000482,ip_000056,token_001112,merchant_000058,80.48,USD,purchase,2025-04-27T15:11:16,2025-04-27T15:12:08
txn_003097,acct_000400,device_000399,ip_000290,token_000223,merchant_000067,17.19,USD,purchase,2025-04-27T17:15:08,2025-04-27T17:18:50
txn_001259,acct_000508,device_000162,ip_000482,token_000851,merchant_000015,21.08,USD,purchase,2025-04-27T21:29:57,2025-04-27T21:32:46
txn_002956,acct_000475,device_000077,ip_000474,token_000920,merchant_000070,8.32,USD,purchase,2025-04-28T03:04:46,2025-04-28T03:07:10
txn_000582,acct_000030,device_000380,ip_000417,token_000746,merchant_000003,110.31,USD,purchase,2025-04-28T06:19:35,2025-04-28T06:23:18
txn_001961,acct_000673,device_000411,ip_000132,token_000880,merchant_000060,-3.65,USD,refund,2025-04-28T07:19:14,2025-04-28T07:22:38
txn_000973,acct_000892,device_000420,ip_000063,token_001131,merchant_000076,69.73,USD,purchase,2025-04-28T11:55:59,2025-04-28T11:58:01
txn_003556,acct_000357,device_000111,ip_000233,token_001083,merchant_000077,180.41,USD,purchase,2025-04-28T12:13:21,2025-04-28T12:15:01
txn_003820,acct_000663,device_000191,ip_000173,token_000784,merchant_000074,3.83,USD,purchase,2025-04-28T12:28:01,2025-04-28T12:31:56
txn_000450,acct_000684,device_000202,ip_000346,token_000675,merchant_000033,181.04,USD,purchase,2025-04-28T13:30:49,2025-04-28T13:34:26
txn_003884,acct_000007,device_000003,ip_000080,token_000733,merchant_000037,104.7,USD,purchase,2025-04-28T13:49:15,2025-04-28T13:52:11
txn_003837,acct_000287,device_000379,ip_000226,token_000292,merchant_000040,34.12,USD,purchase,2025-04-28T14:13:16,2025-04-28T14:16:39
txn_002045,acct_000662,device_000565,ip_000415,token_000578,merchant_000039,11.47,USD,purchase,2025-04-28T15:31:16,2025-04-28T15:34:41
txn_000761,acct_000527,device_000234,ip_000015,token_000434,merchant_000075,14.56,USD,purchase,2025-04-28T15:45:35,2025-04-28T15:49:18
txn_001770,acct_000879,device_000533,ip_000035,token_000715,merchant_000074,66.39,USD,purchase,2025-04-28T17:05:42,2025-04-28T17:09:15
txn_003242,acct_000840,device_000133,ip_000156,token_001057,merchant_000054,8.82,USD,purchase,2025-04-28T17:38:48,2025-04-28T17:39:59
txn_002971,acct_000147,device_000230,ip_000453,token_000528,merchant_000011,72.37,USD,purchase,2025-04-28T18:13:44,2025-04-28T18:16:26
txn_000859,acct_000915,device_000487,ip_000174,token_000359,merchant_000038,4.41,USD,purchase,2025-04-28T18:24:22,2025-04-28T18:28:13
txn_001214,acct_000614,device_000555,ip_000258,token_000400,merchant_000071,89.47,USD,purchase,2025-04-28T22:07:38,2025-04-28T22:08:37
txn_000321,acct_001005,device_000044,ip_000422,token_000619,merchant_000075,23.5,USD,purchase,2025-04-29T00:41:14,2025-04-29T00:42:12
txn_003738,acct_001021,device_000479,ip_000270,token_001125,merchant_000066,13.9,USD,purchase,2025-04-29T06:42:48,2025-04-29T06:45:49
txn_000627,acct_000278,device_000427,ip_000284,token_000409,merchant_000039,4.04,USD,purchase,2025-04-29T10:46:10,2025-04-29T10:48:51
txn_001785,acct_000669,device_000507,ip_000453,token_000189,merchant_000036,13.32,USD,purchase,2025-04-29T11:30:36,2025-04-29T11:33:09
txn_000219,acct_000303,device_000295,ip_000008,token_000704,merchant_000015,22.28,USD,purchase,2025-04-29T11:54:22,2025-04-29T11:55:16
txn_001177,acct_000550,device_000049,ip_000017,token_000880,merchant_000033,36.72,USD,purchase,2025-04-29T15:29:42,2025-04-29T15:31:42
txn_002658,acct_000218,device_000328,ip_000324,token_000253,merchant_000039,76.52,USD,purchase,2025-04-29T17:25:13,2025-04-29T17:25:54
txn_003313,acct_000838,device_000222,ip_000171,token_001102,merchant_000031,41.81,USD,purchase,2025-04-29T23:24:07,2025-04-29T23:25:47
txn_002939,acct_000661,device_000285,ip_000328,token_000581,merchant_000063,56.79,USD,purchase,2025-04-30T00:14:40,2025-04-30T00:15:49
txn_001093,acct_000589,device_000268,ip_000115,token_000016,merchant_000025,32.29,USD,purchase,2025-04-30T01:53:57,2025-04-30T01:56:50
txn_003680,acct_000921,device_000436,ip_000426,token_000947,merchant_000036,25.56,USD,purchase,2025-04-30T07:31:19,2025-04-30T07:33:30
txn_003381,acct_000264,device_000108,ip_000058,token_001043,merchant_000062,79.59,USD,purchase,2025-04-30T09:05:11,2025-04-30T09:05:18
txn_000586,acct_000459,device_000520,ip_000146,token_000549,merchant_000034,19.84,USD,purchase,2025-04-30T09:08:41,2025-04-30T09:12:32
txn_003756,acct_000588,device_000434,ip_000460,token_000698,merchant_000073,40.12,USD,purchase,2025-04-30T10:15:49,2025-04-30T10:19:05
txn_001431,acct_000258,device_000241,ip_000161,token_000557,merchant_000027,136.06,USD,purchase,2025-04-30T11:02:07,2025-04-30T11:02:46
txn_003830,acct_000877,device_000502,ip_000008,token_000656,merchant_000062,7.69,USD,purchase,2025-04-30T11:25:32,2025-04-30T11:27:18
txn_003788,acct_000496,device_000557,ip_000484,token_000877,merchant_000046,20.0,USD,purchase,2025-04-30T13:23:11,2025-04-30T13:23:59
txn_000786,acct_000727,device_000157,ip_000097,token_000304,merchant_000027,84.64,USD,purchase,2025-04-30T19:15:27,2025-04-30T19:18:47
txn_000770,acct_000699,device_000282,ip_000348,token_001150,merchant_000065,32.05,USD,purchase,2025-04-30T22:15:43,2025-04-30T22:18:57
txn_002972,acct_000522,device_000279,ip_000489,token_000888,merchant_000046,25.44,USD,purchase,2025-05-01T03:09:26,2025-05-01T03:09:39
txn_003630,acct_000625,device_000431,ip_000356,token_000744,merchant_000063,28.71,USD,purchase,2025-05-01T04:24:04,2025-05-01T04:27:14
txn_002051,acct_000645,device_000119,ip_000228,token_001203,merchant_000001,16.96,USD,purchase,2025-05-01T06:46:42,2025-05-01T06:48:15
txn_001176,acct_000755,device_000272,ip_000486,token_001053,merchant_000023,2.89,USD,purchase,2025-05-01T07:11:59,2025-05-01T07:14:57
txn_001299,acct_000278,device_000035,ip_000440,token_000510,merchant_000025,22.24,USD,purchase,2025-05-01T09:39:52,2025-05-01T09:41:37
txn_003731,acct_000447,device_000067,ip_000175,token_000136,merchant_000027,54.76,USD,purchase,2025-05-01T12:36:04,2025-05-01T12:36:18
txn_000092,acct_000551,device_000382,ip_000011,token_000692,merchant_000039,10.86,USD,purchase,2025-05-01T18:15:27,2025-05-01T18:18:26
txn_001436,acct_000507,device_000031,ip_000061,token_000823,merchant_000007,10.86,USD,purchase,2025-05-01T18:18:50,2025-05-01T18:19:52
txn_002380,acct_000909,device_000310,ip_000140,token_001161,merchant_000022,16.76,USD,purchase,2025-05-01T19:39:46,2025-05-01T19:40:09
txn_003302,acct_000634,device_000111,ip_000250,token_000869,merchant_000046,9.9,USD,purchase,2025-05-01T22:29:18,2025-05-01T22:29:44
txn_001966,acct_000491,device_000335,ip_000436,token_000173,merchant_000062,16.29,USD,purchase,2025-05-01T23:22:31,2025-05-01T23:24:58
txn_001794,acct_000048,device_000190,ip_000492,token_001152,merchant_000013,12.08,USD,purchase,2025-05-02T00:48:21,2025-05-02T00:48:38
txn_002776,acct_000344,device_000449,ip_000018,token_000295,merchant_000045,14.65,USD,purchase,2025-05-02T04:09:04,2025-05-02T04:11:48
txn_001653,acct_001098,device_000492,ip_000495,token_000499,merchant_000011,13.39,USD,purchase,2025-05-02T04:14:08,2025-05-02T04:14:32
txn_003026,acct_000958,device_000401,ip_000211,token_000215,merchant_000007,54.02,USD,purchase,2025-05-02T12:20:11,2025-05-02T12:20:19
txn_003597,acct_000137,device_000102,ip_000192,token_001200,merchant_000001,138.96,USD,purchase,2025-05-02T13:30:50,2025-05-02T13:34:26
txn_002222,acct_000583,device_000327,ip_000300,token_000378,merchant_000030,146.53,USD,purchase,2025-05-02T13:47:10,2025-05-02T13:50:13
txn_000935,acct_001003,device_000111,ip_000244,token_000896,merchant_000050,10.21,USD,purchase,2025-05-02T14:41:41,2025-05-02T14:43:14
txn_000433,acct_000256,device_000088,ip_000032,token_000069,merchant_000049,35.44,USD,purchase,2025-05-02T15:58:33,2025-05-02T15:59:00
txn_000883,acct_000511,device_000501,ip_000289,token_000963,merchant_000003,25.1,USD,purchase,2025-05-02T17:39:33,2025-05-02T17:42:46
txn_002785,acct_000814,device_000155,ip_000448,token_000818,merchant_000032,21.43,USD,purchase,2025-05-02T19:21:03,2025-05-02T19:23:49
txn_000174,acct_000701,device_000078,ip_000284,token_000366,merchant_000061,1.79,USD,purchase,2025-05-02T21:30:22,2025-05-02T21:31:31
txn_002299,acct_000295,device_000201,ip_000384,token_001012,merchant_000020,5.95,USD,purchase,2025-05-03T03:58:44,2025-05-03T03:59:17
txn_000616,acct_000977,device_000313,ip_000437,token_000489,merchant_000022,37.0,USD,purchase,2025-05-03T09:03:40,2025-05-03T09:05:06
txn_001550,acct_001095,device_000426,ip_000444,token_000264,merchant_000029,258.95,USD,purchase,2025-05-03T10:00:01,2025-05-03T10:02:02
txn_002429,acct_000944,device_000005,ip_000413,token_001067,merchant_000069,14.13,USD,purchase,2025-05-03T11:57:31,2025-05-03T12:00:46
txn_001735,acct_000320,device_000058,ip_000475,token_001163,merchant_000035,22.31,USD,purchase,2025-05-03T23:26:57,2025-05-03T23:28:51
txn_001140,acct_000553,device_000004,ip_000162,token_000511,merchant_000009,37.29,USD,purchase,2025-05-03T23:32:24,2025-05-03T23:35:51
txn_000937,acct_000485,device_000156,ip_000012,token_001134,merchant_000075,44.6,USD,purchase,2025-05-04T00:01:25,2025-05-04T00:04:57
txn_002836,acct_000328,device_000495,ip_000473,token_000335,merchant_000077,34.27,USD,purchase,2025-05-04T01:44:55,2025-05-04T01:46:48
txn_000711,acct_000790,device_000486,ip_000182,token_000639,merchant_000067,40.29,USD,purchase,2025-05-04T02:23:32,2025-05-04T02:27:08
txn_003464,acct_000777,device_000300,ip_000034,token_001004,merchant_000054,179.26,USD,purchase,2025-05-04T02:36:05,2025-05-04T02:36:10
txn_003416,acct_000292,device_000094,ip_000363,token_001087,merchant_000076,15.68,USD,purchase,2025-05-04T03:14:54,2025-05-04T03:16:37
txn_003712,acct_000172,device_000090,ip_000164,token_000782,merchant_000070,17.03,USD,purchase,2025-05-04T09:17:06,2025-05-04T09:18:46
txn_002099,acct_000606,device_000099,ip_000061,token_000735,merchant_000001,139.21,USD,purchase,2025-05-04T10:35:14,2025-05-04T10:38:41
txn_001761,acct_000934,device_000570,ip_000471,token_000417,merchant_000029,11.06,USD,purchase,2025-05-04T17:58:55,2025-05-04T17:59:48
txn_000767,acct_000978,device_000476,ip_000051,token_001100,merchant_000007,44.27,USD,purchase,2025-05-04T19:58:30,2025-05-04T20:00:33
txn_000021,acct_000412,device_000491,ip_000161,token_000364,merchant_000051,6.75,USD,purchase,2025-05-04T22:34:43,2025-05-04T22:36:49
txn_002569,acct_000905,device_000408,ip_000368,token_001025,merchant_000031,6.58,USD,purchase,2025-05-04T22:36:05,2025-05-04T22:39:42
txn_003475,acct_000715,device_000121,ip_000474,token_000561,merchant_000002,37.61,USD,purchase,2025-05-05T01:12:39,2025-05-05T01:16:24
txn_003051,acct_000241,device_000377,ip_000017,token_001113,merchant_000075,18.33,USD,purchase,2025-05-05T03:01:25,2025-05-05T03:04:13
txn_000772,acct_000475,device_000219,ip_000158,token_001028,merchant_000040,63.56,USD,purchase,2025-05-05T06:45:50,2025-05-05T06:48:46
txn_004173,acct_000089,device_000017,ip_000002,token_000796,merchant_000021,8.13,USD,purchase,2025-05-05T07:32:12,2025-05-05T07:35:52
txn_001085,acct_000894,device_000518,ip_000255,token_000316,merchant_000017,25.48,USD,purchase,2025-05-05T07:41:59,2025-05-05T07:45:11
txn_000499,acct_000581,device_000150,ip_000383,token_000071,merchant_000077,51.78,USD,purchase,2025-05-05T07:54:54,2025-05-05T07:58:27
txn_001050,acct_000792,device_000158,ip_000351,token_000934,merchant_000010,70.5,USD,purchase,2025-05-05T10:08:28,2025-05-05T10:09:13
txn_003786,acct_000296,device_000077,ip_000258,token_000736,merchant_000007,19.45,USD,purchase,2025-05-05T10:31:03,2025-05-05T10:35:03
txn_000343,acct_001014,device_000387,ip_000316,token_000723,merchant_000037,3.25,USD,purchase,2025-05-05T11:06:57,2025-05-05T11:07:30
txn_000193,acct_000933,device_000464,ip_000140,token_001008,merchant_000025,26.6,USD,purchase,2025-05-05T12:36:58,2025-05-05T12:37:25
txn_000793,acct_000827,device_000383,ip_000466,token_000544,merchant_000080,4.57,USD,purchase,2025-05-05T16:36:53,2025-05-05T16:40:02
txn_002961,acct_000144,device_000381,ip_000219,token_000604,merchant_000013,3.49,USD,purchase,2025-05-05T17:07:23,2025-05-05T17:09:18
txn_001507,acct_000188,device_000401,ip_000372,token_000571,merchant_000031,93.07,USD,purchase,2025-05-05T18:36:45,2025-05-05T18:40:19
txn_002968,acct_000849,device_000553,ip_000441,token_000539,merchant_000036,1.99,USD,purchase,2025-05-05T23:42:15,2025-05-05T23:44:10
txn_000941,acct_000421,device_000504,ip_000224,token_001074,merchant_000044,3.91,USD,purchase,2025-05-06T02:00:12,2025-05-06T02:01:52
txn_000346,acct_000046,device_000325,ip_000194,token_001169,merchant_000050,50.11,USD,purchase,2025-05-06T05:11:05,2025-05-06T05:11:31
txn_000325,acct_000376,device_000097,ip_000307,token_000343,merchant_000070,40.42,USD,purchase,2025-05-06T06:54:49,2025-05-06T06:57:45
txn_001086,acct_000894,device_000518,ip_000255,token_000316,merchant_000017,-25.48,USD,refund,2025-05-06T07:41:59,2025-05-06T07:44:54
txn_000710,acct_000301,device_000147,ip_000085,token_000974,merchant_000001,18.79,USD,purchase,2025-05-06T13:43:38,2025-05-06T13:44:56
txn_000038,acct_001091,device_000288,ip_000306,token_001104,merchant_000022,88.05,USD,purchase,2025-05-06T16:40:13,2025-05-06T16:42:40
txn_001867,acct_000267,device_000339,ip_000029,token_000493,merchant_000069,20.81,USD,purchase,2025-05-06T17:20:46,2025-05-06T17:22:23
txn_002772,acct_000881,device_000508,ip_000236,token_000247,merchant_000072,9.38,USD,purchase,2025-05-06T18:09:06,2025-05-06T18:12:23
txn_001195,acct_000461,device_000289,ip_000001,token_000916,merchant_000070,3.48,USD,purchase,2025-05-06T19:15:21,2025-05-06T19:19:18
txn_001915,acct_001029,device_000019,ip_000313,token_000818,merchant_000036,50.85,USD,purchase,2025-05-06T19:24:43,2025-05-06T19:25:52
txn_001668,acct_000857,device_000202,ip_000382,token_001121,merchant_000029,10.06,USD,purchase,2025-05-06T19:43:37,2025-05-06T19:45:46
txn_000545,acct_000528,device_000565,ip_000106,token_000906,merchant_000029,8.65,USD,purchase,2025-05-06T22:21:01,2025-05-06T22:24:28
txn_002123,acct_000191,device_000152,ip_000245,token_000030,merchant_000054,10.13,USD,purchase,2025-05-07T04:32:45,2025-05-07T04:36:28
txn_003105,acct_001008,device_000138,ip_000440,token_000054,merchant_000057,21.63,USD,purchase,2025-05-07T06:49:08,2025-05-07T06:49:33
txn_003979,acct_000019,device_000516,ip_000294,token_000574,merchant_000051,11.06,USD,purchase,2025-05-07T07:57:21,2025-05-07T07:58:56
txn_002886,acct_000748,device_000056,ip_000052,token_000781,merchant_000033,11.44,USD,purchase,2025-05-07T10:01:10,2025-05-07T10:01:50
txn_002426,acct_000568,device_000450,ip_000192,token_000114,merchant_000041,24.08,USD,purchase,2025-05-07T11:20:27,2025-05-07T11:24:04
txn_003849,acct_000996,device_000574,ip_000093,token_000469,merchant_000078,29.33,USD,purchase,2025-05-07T13:46:41,2025-05-07T13:50:04
txn_001340,acct_001039,device_000580,ip_000457,token_000333,merchant_000044,11.97,USD,purchase,2025-05-07T15:56:27,2025-05-07T15:58:19
txn_002092,acct_001004,device_000441,ip_000391,token_000429,merchant_000051,48.1,USD,purchase,2025-05-07T16:50:37,2025-05-07T16:51:01
txn_002385,acct_001055,device_000424,ip_000252,token_000617,merchant_000067,24.27,USD,purchase,2025-05-07T21:49:42,2025-05-07T21:53:40
txn_001520,acct_001097,device_000241,ip_000453,token_000179,merchant_000031,29.82,USD,purchase,2025-05-07T22:19:20,2025-05-07T22:20:33
txn_002583,acct_000326,device_000365,ip_000464,token_000034,merchant_000068,16.79,USD,purchase,2025-05-07T23:40:03,2025-05-07T23:43:25
txn_000595,acct_000443,device_000374,ip_000059,token_000445,merchant_000004,37.11,USD,purchase,2025-05-08T04:53:29,2025-05-08T04:54:40
txn_003341,acct_000224,device_000176,ip_000378,token_000484,merchant_000034,29.64,USD,purchase,2025-05-08T07:09:05,2025-05-08T07:09:51
txn_001292,acct_000351,device_000150,ip_000115,token_000098,merchant_000076,24.56,USD,purchase,2025-05-08T10:56:02,2025-05-08T10:59:08
txn_001524,acct_000518,device_000146,ip_000462,token_001047,merchant_000012,44.05,USD,purchase,2025-05-08T14:28:18,2025-05-08T14:28:32
txn_000810,acct_000574,device_000283,ip_000464,token_000516,merchant_000066,9.72,USD,purchase,2025-05-08T16:54:52,2025-05-08T16:56:24
txn_000455,acct_001095,device_000396,ip_000097,token_000973,merchant_000014,31.16,USD,purchase,2025-05-08T17:01:25,2025-05-08T17:05:15
txn_003711,acct_000264,device_000560,ip_000161,token_000811,merchant_000067,29.09,USD,purchase,2025-05-09T00:22:31,2025-05-09T00:22:52
txn_002116,acct_000923,device_000520,ip_000388,token_000457,merchant_000064,28.74,USD,purchase,2025-05-09T02:34:15,2025-05-09T02:36:30
txn_001278,acct_000549,device_000074,ip_000040,token_001160,merchant_000044,21.38,USD,purchase,2025-05-09T03:20:28,2025-05-09T03:24:27
txn_002663,acct_001078,device_000385,ip_000254,token_001103,merchant_000047,72.93,USD,purchase,2025-05-09T06:00:05,2025-05-09T06:02:06
txn_004167,acct_000098,device_000013,ip_000001,token_001072,merchant_000064,10.97,USD,purchase,2025-05-09T09:22:51,2025-05-09T09:25:02
txn_002643,acct_000567,device_000251,ip_000241,token_000929,merchant_000076,5.07,USD,purchase,2025-05-09T11:45:47,2025-05-09T11:49:36
txn_000082,acct_000338,device_000445,ip_000081,token_000110,merchant_000013,12.35,USD,purchase,2025-05-09T14:01:30,2025-05-09T14:04:29
txn_003807,acct_000565,device_000008,ip_000194,token_000006,merchant_000034,30.5,USD,purchase,2025-05-09T14:12:15,2025-05-09T14:14:52
txn_000078,acct_000453,device_000580,ip_000054,token_001017,merchant_000019,45.04,USD,purchase,2025-05-09T14:42:48,2025-05-09T14:44:10
txn_000536,acct_000199,device_000014,ip_000350,token_001131,merchant_000017,6.14,USD,purchase,2025-05-09T15:07:01,2025-05-09T15:10:12
txn_001635,acct_000427,device_000039,ip_000070,token_001157,merchant_000012,102.33,USD,purchase,2025-05-09T17:07:15,2025-05-09T17:10:05
txn_000694,acct_000811,device_000235,ip_000149,token_000331,merchant_000048,17.02,USD,purchase,2025-05-09T17:49:25,2025-05-09T17:50:29
txn_000828,acct_000368,device_000186,ip_000016,token_001014,merchant_000016,379.87,USD,purchase,2025-05-09T20:30:28,2025-05-09T20:32:08
txn_002573,acct_000134,device_000343,ip_000152,token_000842,merchant_000026,8.67,USD,purchase,2025-05-10T06:49:27,2025-05-10T06:50:20
txn_003478,acct_000120,device_000196,ip_000339,token_000265,merchant_000016,9.99,USD,purchase,2025-05-10T10:49:54,2025-05-10T10:52:02
txn_000223,acct_000082,device_000254,ip_000473,token_001085,merchant_000040,22.78,USD,purchase,2025-05-10T13:05:39,2025-05-10T13:05:44
txn_000957,acct_001068,device_000381,ip_000013,token_000919,merchant_000052,69.67,USD,purchase,2025-05-10T17:29:13,2025-05-10T17:31:53
txn_002028,acct_000718,device_000037,ip_000339,token_001211,merchant_000049,26.62,USD,purchase,2025-05-10T17:46:15,2025-05-10T17:48:18
txn_002015,acct_000358,device_000526,ip_000241,token_001143,merchant_000029,22.0,USD,purchase,2025-05-10T20:35:25,2025-05-10T20:38:50
txn_000553,acct_000089,device_000155,ip_000092,token_000878,merchant_000068,44.1,USD,purchase,2025-05-11T00:58:22,2025-05-11T00:59:01
txn_003386,acct_000472,device_000553,ip_000199,token_000236,merchant_000014,39.58,USD,purchase,2025-05-11T01:59:48,2025-05-11T02:02:54
txn_001768,acct_000473,device_000344,ip_000358,token_000571,merchant_000009,105.31,USD,purchase,2025-05-11T03:23:07,2025-05-11T03:26:21
txn_002521,acct_000011,device_000347,ip_000295,token_000199,merchant_000039,62.55,USD,purchase,2025-05-11T04:49:51,2025-05-11T04:50:55
txn_002777,acct_000863,device_000280,ip_000454,token_000989,merchant_000017,10.13,USD,purchase,2025-05-11T06:44:45,2025-05-11T06:46:24
txn_001661,acct_000440,device_000163,ip_000125,token_001225,merchant_000033,71.26,USD,purchase,2025-05-11T07:24:48,2025-05-11T07:26:01
txn_003286,acct_000717,device_000319,ip_000219,token_001125,merchant_000073,8.23,USD,purchase,2025-05-11T08:47:42,2025-05-11T08:48:30
txn_002898,acct_000880,device_000450,ip_000150,token_000890,merchant_000079,123.91,USD,purchase,2025-05-11T09:21:09,2025-05-11T09:24:46
txn_002497,acct_000683,device_000176,ip_000261,token_001061,merchant_000004,1.6,USD,purchase,2025-05-11T12:20:11,2025-05-11T12:23:15
txn_001932,acct_001100,device_000483,ip_000337,token_001009,merchant_000014,12.01,USD,purchase,2025-05-11T14:24:32,2025-05-11T14:24:33
txn_002508,acct_000063,device_000284,ip_000021,token_000570,merchant_000050,34.58,USD,purchase,2025-05-11T15:04:08,2025-05-11T15:04:50
txn_002657,acct_000144,device_000319,ip_000336,token_001066,merchant_000041,5.79,USD,purchase,2025-05-11T15:06:48,2025-05-11T15:06:53
txn_001169,acct_000781,device_000134,ip_000438,token_000378,merchant_000054,36.61,USD,purchase,2025-05-11T16:28:32,2025-05-11T16:30:14
txn_002043,acct_001058,device_000170,ip_000396,token_001039,merchant_000002,6.3,USD,purchase,2025-05-11T19:20:10,2025-05-11T19:20:22
txn_003754,acct_000869,device_000165,ip_000378,token_000567,merchant_000040,7.31,USD,purchase,2025-05-11T19:30:59,2025-05-11T19:34:37
txn_002243,acct_000449,device_000510,ip_000346,token_000362,merchant_000024,44.6,USD,purchase,2025-05-11T21:14:27,2025-05-11T21:14:37
txn_002907,acct_000300,device_000437,ip_000493,token_000204,merchant_000032,5.61,USD,purchase,2025-05-12T00:20:14,2025-05-12T00:20:31
txn_001512,acct_000745,device_000422,ip_000386,token_000878,merchant_000005,65.12,USD,purchase,2025-05-12T01:21:49,2025-05-12T01:22:53
txn_002206,acct_000611,device_000221,ip_000433,token_000063,merchant_000052,28.97,USD,purchase,2025-05-12T03:04:54,2025-05-12T03:05:44
txn_001666,acct_000555,device_000404,ip_000223,token_000651,merchant_000030,6.61,USD,purchase,2025-05-12T06:59:01,2025-05-12T07:01:58
txn_001822,acct_000861,device_000484,ip_000073,token_000810,merchant_000045,19.38,USD,purchase,2025-05-12T10:24:37,2025-05-12T10:25:25
txn_002576,acct_000377,device_000131,ip_000167,token_000190,merchant_000034,0.84,USD,purchase,2025-05-12T11:09:20,2025-05-12T11:12:03
txn_000336,acct_000209,device_000173,ip_000034,token_000745,merchant_000026,19.39,USD,purchase,2025-05-12T12:16:32,2025-05-12T12:18:21
txn_003498,acct_000267,device_000216,ip_000207,token_000365,merchant_000039,82.46,USD,purchase,2025-05-12T14:56:48,2025-05-12T14:58:02
txn_001399,acct_000839,device_000557,ip_000299,token_000064,merchant_000002,20.74,USD,purchase,2025-05-12T15:22:29,2025-05-12T15:22:37
txn_003918,acct_000010,device_000394,ip_000355,token_000267,merchant_000076,20.07,USD,purchase,2025-05-12T17:28:41,2025-05-12T17:31:38
txn_003903,acct_000006,device_000005,ip_000271,token_000985,merchant_000052,37.25,USD,purchase,2025-05-12T19:05:26,2025-05-12T19:07:07
txn_003198,acct_000413,device_000533,ip_000382,token_000015,merchant_000040,105.3,USD,purchase,2025-05-12T19:05:28,2025-05-12T19:08:50
txn_002623,acct_000302,device_000087,ip_000040,token_000216,merchant_000060,8.63,USD,purchase,2025-05-12T20:41:09,2025-05-12T20:42:25
txn_002606,acct_000805,device_000280,ip_000338,token_000603,merchant_000006,71.25,USD,purchase,2025-05-12T22:37:46,2025-05-12T22:39:10
txn_000784,acct_000312,device_000339,ip_000038,token_000373,merchant_000074,16.51,USD,purchase,2025-05-12T23:15:22,2025-05-12T23:18:32
txn_003261,acct_000383,device_000543,ip_000482,token_000031,merchant_000073,21.72,USD,purchase,2025-05-13T02:00:52,2025-05-13T02:04:25
txn_000987,acct_000398,device_000491,ip_000474,token_000720,merchant_000004,12.66,USD,purchase,2025-05-13T02:42:52,2025-05-13T02:46:11
txn_002530,acct_000480,device_000146,ip_000362,token_000625,merchant_000024,56.81,USD,purchase,2025-05-13T04:56:13,2025-05-13T04:56:15
txn_003509,acct_000832,device_000043,ip_000235,token_000332,merchant_000049,177.43,USD,purchase,2025-05-13T05:16:22,2025-05-13T05:19:28
txn_000014,acct_000110,device_000101,ip_000224,token_000476,merchant_000010,41.02,USD,purchase,2025-05-13T06:33:16,2025-05-13T06:35:49
txn_003262,acct_000383,device_000543,ip_000482,token_000031,merchant_000073,-21.72,USD,refund,2025-05-13T12:00:52,2025-05-13T12:03:16
txn_003636,acct_000764,device_000164,ip_000050,token_000002,merchant_000068,64.61,USD,purchase,2025-05-13T14:44:30,2025-05-13T14:47:14
txn_000423,acct_000536,device_000464,ip_000140,token_000504,merchant_000042,34.7,USD,purchase,2025-05-13T16:13:14,2025-05-13T16:15:20
txn_001157,acct_000437,device_000487,ip_000369,token_000835,merchant_000001,11.17,USD,purchase,2025-05-13T17:08:43,2025-05-13T17:12:39
txn_001482,acct_000550,device_000096,ip_000290,token_000417,merchant_000058,76.28,USD,purchase,2025-05-13T18:43:07,2025-05-13T18:45:38
txn_002037,acct_000595,device_000346,ip_000165,token_000049,merchant_000008,25.89,USD,purchase,2025-05-13T20:37:02,2025-05-13T20:37:12
txn_001914,acct_000086,device_000448,ip_000460,token_001045,merchant_000066,14.81,USD,purchase,2025-05-14T03:34:31,2025-05-14T03:37:26
txn_003252,acct_000684,device_000218,ip_000174,token_000537,merchant_000024,11.28,USD,purchase,2025-05-14T03:36:28,2025-05-14T03:38:45
txn_001256,acct_000428,device_000288,ip_000065,token_000162,merchant_000023,3.44,USD,purchase,2025-05-14T07:23:32,2025-05-14T07:26:11
txn_002149,acct_000772,device_000005,ip_000429,token_001086,merchant_000041,24.35,USD,purchase,2025-05-14T09:41:56,2025-05-14T09:45:20
txn_003933,acct_000007,device_000008,ip_000290,token_000443,merchant_000029,37.88,USD,purchase,2025-05-14T14:41:10,2025-05-14T14:42:59
txn_003755,acct_000869,device_000165,ip_000378,token_000567,merchant_000040,-7.31,USD,refund,2025-05-14T17:30:59,2025-05-14T17:33:07
txn_003588,acct_000926,device_000468,ip_000169,token_000112,merchant_000018,196.14,USD,purchase,2025-05-14T18:00:14,2025-05-14T18:02:55
txn_002722,acct_000442,device_000481,ip_000013,token_000429,merchant_000072,36.47,USD,purchase,2025-05-14T19:22:09,2025-05-14T19:24:33
txn_003684,acct_000946,device_000121,ip_000126,token_000923,merchant_000015,12.36,USD,purchase,2025-05-14T19:38:50,2025-05-14T19:40:59
txn_001070,acct_000272,device_000322,ip_000184,token_000351,merchant_000026,90.98,USD,purchase,2025-05-14T21:13:12,2025-05-14T21:15:12
txn_000318,acct_000758,device_000396,ip_000191,token_000025,merchant_000037,53.18,USD,purchase,2025-05-14T22:53:21,2025-05-14T22:55:08
txn_000707,acct_000321,device_000069,ip_000180,token_001146,merchant_000029,713.87,USD,purchase,2025-05-14T23:14:11,2025-05-14T23:15:22
txn_002667,acct_000986,device_000332,ip_000432,token_000364,merchant_000063,15.09,USD,purchase,2025-05-15T02:31:52,2025-05-15T02:34:01
txn_001030,acct_000006,device_000268,ip_000454,token_000504,merchant_000049,32.56,USD,purchase,2025-05-15T02:54:55,2025-05-15T02:58:01
txn_001423,acct_000858,device_000072,ip_000322,token_000362,merchant_000042,29.1,USD,purchase,2025-05-15T08:30:08,2025-05-15T08:33:50
txn_003719,acct_000097,device_000431,ip_000263,token_000840,merchant_000048,13.0,USD,purchase,2025-05-15T10:16:20,2025-05-15T10:16:48
txn_000866,acct_001050,device_000435,ip_000209,token_000701,merchant_000017,61.79,USD,purchase,2025-05-15T11:10:56,2025-05-15T11:13:02
txn_002452,acct_000282,device_000353,ip_000142,token_000375,merchant_000056,16.04,USD,purchase,2025-05-15T12:15:52,2025-05-15T12:19:03
txn_003552,acct_000086,device_000178,ip_000476,token_001050,merchant_000039,19.56,USD,purchase,2025-05-15T14:16:55,2025-05-15T14:18:42
txn_001381,acct_000491,device_000500,ip_000291,token_000381,merchant_000046,45.54,USD,purchase,2025-05-15T15:38:23,2025-05-15T15:40:01
txn_002201,acct_000801,device_000354,ip_000030,token_001016,merchant_000059,42.94,USD,purchase,2025-05-15T15:58:01,2025-05-15T16:01:03
txn_003279,acct_000960,device_000358,ip_000173,token_000537,merchant_000058,3.56,USD,purchase,2025-05-15T20:18:06,2025-05-15T20:20:44
txn_003589,acct_000926,device_000468,ip_000169,token_000112,merchant_000018,-196.14,USD,refund,2025-05-15T21:00:14,2025-05-15T21:01:00
txn_000615,acct_000550,device_000508,ip_000106,token_000351,merchant_000027,59.04,USD,purchase,2025-05-16T00:10:31,2025-05-16T00:11:45
txn_003603,acct_000137,device_000444,ip_000303,token_000712,merchant_000029,32.65,USD,purchase,2025-05-16T05:15:01,2025-05-16T05:15:36
txn_003965,acct_000033,device_000066,ip_000381,token_000617,merchant_000019,44.21,USD,purchase,2025-05-16T05:25:58,2025-05-16T05:29:53
txn_001686,acct_000347,device_000256,ip_000329,token_000311,merchant_000016,15.99,USD,purchase,2025-05-16T06:52:03,2025-05-16T06:55:05
txn_000794,acct_001076,device_000174,ip_000081,token_000206,merchant_000002,1.56,USD,purchase,2025-05-16T09:48:23,2025-05-16T09:52:03
txn_002427,acct_000617,device_000217,ip_000155,token_000654,merchant_000027,24.29,USD,purchase,2025-05-16T19:49:59,2025-05-16T19:52:30
txn_003090,acct_000535,device_000235,ip_000136,token_000719,merchant_000049,11.49,USD,purchase,2025-05-17T00:49:41,2025-05-17T00:49:56
txn_001870,acct_001032,device_000378,ip_000076,token_001003,merchant_000059,29.65,USD,purchase,2025-05-17T00:49:44,2025-05-17T00:49:57
txn_002393,acct_000684,device_000136,ip_000243,token_000039,merchant_000024,36.05,USD,purchase,2025-05-17T10:47:34,2025-05-17T10:48:03
txn_001284,acct_000094,device_000163,ip_000062,token_001201,merchant_000009,23.53,USD,purchase,2025-05-17T16:37:28,2025-05-17T16:38:41
txn_002314,acct_000814,device_000034,ip_000455,token_000560,merchant_000070,4.85,USD,purchase,2025-05-17T19:48:32,2025-05-17T19:49:40
txn_003288,acct_000062,device_000103,ip_000136,token_000035,merchant_000079,128.37,USD,purchase,2025-05-18T01:37:12,2025-05-18T01:40:40
txn_000424,acct_000159,device_000552,ip_000016,token_000912,merchant_000016,102.35,USD,purchase,2025-05-18T02:08:57,2025-05-18T02:11:31
txn_003091,acct_000535,device_000235,ip_000136,token_000719,merchant_000049,-11.49,USD,refund,2025-05-18T04:49:41,2025-05-18T04:50:00
txn_001485,acct_000126,device_000196,ip_000086,token_000217,merchant_000009,322.71,USD,purchase,2025-05-18T09:57:41,2025-05-18T09:59:12
txn_001717,acct_000576,device_000505,ip_000033,token_001053,merchant_000048,88.52,USD,purchase,2025-05-18T10:33:44,2025-05-18T10:36:51
txn_000069,acct_000061,device_000392,ip_000350,token_000874,merchant_000023,12.65,USD,purchase,2025-05-18T10:59:24,2025-05-18T11:00:36
txn_001037,acct_000800,device_000299,ip_000485,token_000799,merchant_000021,94.08,USD,purchase,2025-05-18T17:49:14,2025-05-18T17:50:29
txn_003474,acct_000839,device_000581,ip_000329,token_000627,merchant_000067,10.33,USD,purchase,2025-05-18T18:44:40,2025-05-18T18:47:02
txn_002686,acct_000599,device_000555,ip_000310,token_000148,merchant_000065,2.41,USD,purchase,2025-05-19T01:52:23,2025-05-19T01:54:33
txn_002865,acct_000474,device_000187,ip_000354,token_000303,merchant_000052,6.2,USD,purchase,2025-05-19T03:17:36,2025-05-19T03:19:05
txn_001230,acct_000066,device_000041,ip_000330,token_000864,merchant_000006,6.49,USD,purchase,2025-05-19T07:44:25,2025-05-19T07:46:44
txn_003806,acct_001061,device_000274,ip_000037,token_001007,merchant_000065,6.92,USD,purchase,2025-05-19T09:49:39,2025-05-19T09:52:24
txn_002750,acct_000515,device_000011,ip_000016,token_000411,merchant_000033,13.18,USD,purchase,2025-05-19T11:14:17,2025-05-19T11:16:27
txn_001359,acct_000966,device_000236,ip_000392,token_000750,merchant_000028,51.0,USD,purchase,2025-05-19T11:57:28,2025-05-19T12:01:12
txn_001011,acct_000402,device_000251,ip_000167,token_000094,merchant_000044,22.85,USD,purchase,2025-05-19T14:22:07,2025-05-19T14:23:33
txn_002418,acct_000358,device_000361,ip_000023,token_000100,merchant_000064,6.08,USD,purchase,2025-05-19T14:46:36,2025-05-19T14:47:45
txn_003598,acct_000870,device_000269,ip_000194,token_001024,merchant_000080,44.73,USD,purchase,2025-05-19T16:30:23,2025-05-19T16:30:25
txn_000620,acct_000043,device_000152,ip_000211,token_000452,merchant_000019,24.4,USD,purchase,2025-05-19T17:17:35,2025-05-19T17:20:45
txn_001839,acct_000497,device_000488,ip_000345,token_000335,merchant_000077,51.93,USD,purchase,2025-05-19T17:52:40,2025-05-19T17:55:59
txn_002355,acct_000335,device_000027,ip_000061,token_000299,merchant_000078,7.26,USD,purchase,2025-05-19T18:06:54,2025-05-19T18:10:50
txn_002471,acct_000301,device_000131,ip_000348,token_000476,merchant_000077,8.68,USD,purchase,2025-05-19T18:39:24,2025-05-19T18:42:22
txn_000115,acct_000020,device_000142,ip_000340,token_000350,merchant_000043,4.77,USD,purchase,2025-05-19T20:23:48,2025-05-19T20:25:24
txn_001489,acct_000349,device_000572,ip_000221,token_000726,merchant_000013,7.51,USD,purchase,2025-05-20T00:30:27,2025-05-20T00:32:46
txn_001796,acct_000060,device_000282,ip_000445,token_000342,merchant_000052,8.14,USD,purchase,2025-05-20T00:31:10,2025-05-20T00:32:18
txn_000834,acct_000491,device_000503,ip_000097,token_000828,merchant_000006,19.37,USD,purchase,2025-05-20T03:47:51,2025-05-20T03:50:40
txn_004164,acct_000101,device_000019,ip_000007,token_001033,merchant_000075,11.6,USD,purchase,2025-05-20T06:47:08,2025-05-20T06:47:52
txn_001242,acct_000449,device_000135,ip_000067,token_000899,merchant_000064,52.34,USD,purchase,2025-05-20T11:45:21,2025-05-20T11:49:06
txn_002811,acct_000463,device_000133,ip_000069,token_000541,merchant_000017,102.72,USD,purchase,2025-05-20T20:13:14,2025-05-20T20:15:10
txn_003568,acct_000798,device_000151,ip_000160,token_000293,merchant_000071,24.28,USD,purchase,2025-05-21T02:14:15,2025-05-21T02:14:21
txn_001891,acct_000156,device_000175,ip_000284,token_000769,merchant_000043,18.06,USD,purchase,2025-05-21T04:49:09,2025-05-21T04:49:55
txn_002513,acct_000784,device_000352,ip_000111,token_001018,merchant_000009,104.69,USD,purchase,2025-05-21T06:33:19,2025-05-21T06:33:48
txn_003539,acct_000381,device_000581,ip_000478,token_000907,merchant_000033,8.38,USD,purchase,2025-05-21T09:20:43,2025-05-21T09:24:03
txn_000557,acct_001080,device_000225,ip_000360,token_000179,merchant_000031,6.84,USD,purchase,2025-05-21T11:22:34,2025-05-21T11:26:12
txn_000156,acct_000576,device_000217,ip_000077,token_000383,merchant_000021,70.23,USD,purchase,2025-05-21T16:09:45,2025-05-21T16:12:35
txn_000503,acct_000297,device_000215,ip_000112,token_000401,merchant_000002,67.01,USD,purchase,2025-05-21T16:11:20,2025-05-21T16:14:14
txn_003301,acct_001108,device_000181,ip_000327,token_000262,merchant_000033,85.45,USD,purchase,2025-05-21T16:57:14,2025-05-21T16:57:45
txn_003906,acct_000006,device_000186,ip_000383,token_000045,merchant_000029,58.41,USD,purchase,2025-05-21T18:54:28,2025-05-21T18:56:36
txn_003571,acct_000468,device_000288,ip_000487,token_000836,merchant_000014,44.11,USD,purchase,2025-05-21T19:13:47,2025-05-21T19:16:50
txn_002321,acct_000027,device_000502,ip_000435,token_000832,merchant_000015,8.73,USD,purchase,2025-05-22T02:22:57,2025-05-22T02:23:25
txn_001562,acct_000964,device_000008,ip_000244,token_000978,merchant_000035,43.22,USD,purchase,2025-05-22T02:44:46,2025-05-22T02:47:52
txn_000756,acct_000123,device_000300,ip_000416,token_000816,merchant_000006,1.8,USD,purchase,2025-05-22T02:53:03,2025-05-22T02:55:45
txn_001797,acct_000705,device_000114,ip_000355,token_000105,merchant_000068,24.13,USD,purchase,2025-05-22T03:51:16,2025-05-22T03:53:38
txn_000764,acct_000025,device_000537,ip_000460,token_000468,merchant_000026,41.07,USD,purchase,2025-05-22T04:37:40,2025-05-22T04:38:06
txn_002326,acct_000886,device_000313,ip_000115,token_000356,merchant_000008,25.22,USD,purchase,2025-05-22T07:10:23,2025-05-22T07:12:48
txn_000057,acct_000091,device_000013,ip_000126,token_000095,merchant_000061,18.92,USD,purchase,2025-05-22T08:30:24,2025-05-22T08:34:23
txn_002800,acct_000382,device_000424,ip_000051,token_000446,merchant_000073,17.37,USD,purchase,2025-05-22T09:25:13,2025-05-22T09:27:33
txn_002858,acct_000898,device_000236,ip_000195,token_000660,merchant_000071,13.46,USD,purchase,2025-05-22T11:42:46,2025-05-22T11:45:12
txn_002622,acct_000860,device_000187,ip_000455,token_000445,merchant_000025,22.04,USD,purchase,2025-05-22T12:48:00,2025-05-22T12:49:09
txn_002088,acct_000949,device_000442,ip_000054,token_000212,merchant_000021,80.94,USD,purchase,2025-05-22T15:52:58,2025-05-22T15:56:36
txn_001763,acct_001014,device_000143,ip_000419,token_000835,merchant_000055,6.13,USD,purchase,2025-05-22T16:48:30,2025-05-22T16:49:50
txn_003219,acct_000136,device_000414,ip_000192,token_000919,merchant_000047,15.06,USD,purchase,2025-05-22T17:00:02,2025-05-22T17:01:39
txn_003309,acct_000848,device_000045,ip_000007,token_001136,merchant_000002,28.62,USD,purchase,2025-05-22T18:34:00,2025-05-22T18:37:43
txn_002133,acct_000109,device_000299,ip_000133,token_000852,merchant_000054,24.76,USD,purchase,2025-05-23T00:20:11,2025-05-23T00:23:21
txn_001092,acct_001034,device_000109,ip_000287,token_000802,merchant_000048,55.53,USD,purchase,2025-05-23T01:32:32,2025-05-23T01:36:10
txn_002006,acct_000344,device_000416,ip_000196,token_000284,merchant_000017,14.42,USD,purchase,2025-05-23T03:03:46,2025-05-23T03:03:55
txn_001634,acct_000427,device_000122,ip_000182,token_001193,merchant_000064,8.43,USD,purchase,2025-05-23T03:50:49,2025-05-23T03:53:23
txn_001380,acct_001116,device_000330,ip_000448,token_000882,merchant_000012,34.96,USD,purchase,2025-05-23T10:03:35,2025-05-23T10:06:26
txn_003339,acct_001089,device_000310,ip_000475,token_000689,merchant_000080,235.93,USD,purchase,2025-05-23T15:58:15,2025-05-23T16:00:09
txn_000952,acct_000259,device_000038,ip_000106,token_000151,merchant_000077,50.89,USD,purchase,2025-05-23T17:21:36,2025-05-23T17:25:28
txn_000448,acct_000873,device_000462,ip_000240,token_000886,merchant_000053,56.9,USD,purchase,2025-05-23T17:27:34,2025-05-23T17:29:12
txn_000364,acct_000671,device_000289,ip_000102,token_000173,merchant_000054,318.98,USD,purchase,2025-05-23T18:16:34,2025-05-23T18:18:33
txn_003758,acct_000964,device_000376,ip_000191,token_001006,merchant_000069,52.31,USD,purchase,2025-05-23T22:22:30,2025-05-23T22:24:34
txn_002121,acct_000069,device_000249,ip_000364,token_000732,merchant_000041,14.38,USD,purchase,2025-05-23T23:21:17,2025-05-23T23:21:28
txn_002636,acct_000867,device_000070,ip_000368,token_000725,merchant_000075,2.97,USD,purchase,2025-05-24T00:00:13,2025-05-24T00:03:49
txn_002417,acct_000306,device_000038,ip_000182,token_000247,merchant_000027,6.76,USD,purchase,2025-05-24T01:41:22,2025-05-24T01:44:29
txn_004168,acct_000075,device_000013,ip_000001,token_001072,merchant_000029,9.22,USD,purchase,2025-05-24T03:22:29,2025-05-24T03:23:40
txn_000887,acct_000607,device_000026,ip_000015,token_000864,merchant_000011,11.78,USD,purchase,2025-05-24T03:53:45,2025-05-24T03:54:23
txn_000732,acct_000056,device_000228,ip_000454,token_000365,merchant_000031,14.57,USD,purchase,2025-05-24T08:33:53,2025-05-24T08:33:54
txn_000407,acct_000267,device_000488,ip_000110,token_000914,merchant_000010,42.89,USD,purchase,2025-05-24T10:04:17,2025-05-24T10:06:41
txn_002247,acct_000790,device_000554,ip_000009,token_000791,merchant_000038,67.31,USD,purchase,2025-05-24T12:15:38,2025-05-24T12:16:56
txn_001622,acct_001012,device_000060,ip_000286,token_001190,merchant_000039,25.74,USD,purchase,2025-05-24T12:51:52,2025-05-24T12:54:55
txn_003609,acct_000248,device_000050,ip_000294,token_000420,merchant_000059,338.28,USD,purchase,2025-05-24T13:34:31,2025-05-24T13:34:32
txn_002990,acct_001103,device_000329,ip_000235,token_000664,merchant_000017,13.96,USD,purchase,2025-05-24T18:32:04,2025-05-24T18:34:10
txn_000752,acct_000512,device_000171,ip_000292,token_000967,merchant_000012,60.09,USD,purchase,2025-05-24T19:24:29,2025-05-24T19:26:40
txn_003043,acct_000706,device_000323,ip_000115,token_000377,merchant_000002,16.67,USD,purchase,2025-05-24T20:51:25,2025-05-24T20:53:00
txn_003652,acct_000158,device_000443,ip_000309,token_000189,merchant_000039,12.42,USD,purchase,2025-05-24T22:05:06,2025-05-24T22:08:42
txn_000176,acct_000014,device_000555,ip_000491,token_000087,merchant_000062,38.42,USD,purchase,2025-05-25T03:48:08,2025-05-25T03:51:54
txn_000954,acct_000518,device_000499,ip_000205,token_000956,merchant_000060,94.11,USD,purchase,2025-05-25T07:15:23,2025-05-25T07:17:10
txn_001324,acct_000311,device_000097,ip_000487,token_000355,merchant_000010,64.22,USD,purchase,2025-05-25T12:20:46,2025-05-25T12:24:40
txn_001165,acct_000205,device_000528,ip_000297,token_000533,merchant_000042,33.19,USD,purchase,2025-05-25T14:54:40,2025-05-25T14:54:42
txn_001659,acct_000268,device_000189,ip_000341,token_000361,merchant_000007,12.57,USD,purchase,2025-05-25T15:22:33,2025-05-25T15:22:58
txn_002100,acct_000400,device_000126,ip_000169,token_000333,merchant_000043,10.49,USD,purchase,2025-05-25T15:44:43,2025-05-25T15:45:25
txn_000058,acct_000656,device_000278,ip_000423,token_000160,merchant_000074,2.72,USD,purchase,2025-05-25T18:49:26,2025-05-25T18:49:40
txn_002952,acct_000219,device_000031,ip_000244,token_000673,merchant_000025,10.79,USD,purchase,2025-05-25T20:11:56,2025-05-25T20:14:24
txn_000326,acct_000295,device_000014,ip_000071,token_001062,merchant_000037,60.03,USD,purchase,2025-05-25T20:44:39,2025-05-25T20:48:35
txn_002140,acct_000538,device_000137,ip_000286,token_000740,merchant_000031,38.29,USD,purchase,2025-05-25T21:21:48,2025-05-25T21:25:23
txn_002826,acct_000671,device_000238,ip_000484,token_000885,merchant_000060,69.03,USD,purchase,2025-05-25T21:54:11,2025-05-25T21:56:19
txn_000191,acct_000600,device_000237,ip_000408,token_000015,merchant_000071,20.94,USD,purchase,2025-05-26T02:36:48,2025-05-26T02:39:52
txn_003287,acct_001007,device_000494,ip_000416,token_000453,merchant_000074,3.07,USD,purchase,2025-05-26T05:15:11,2025-05-26T05:16:50
txn_002250,acct_000488,device_000169,ip_000049,token_001217,merchant_000066,389.9,USD,purchase,2025-05-26T07:09:10,2025-05-26T07:10:58
txn_003254,acct_000181,device_000516,ip_000446,token_000650,merchant_000003,55.03,USD,purchase,2025-05-26T08:45:57,2025-05-26T08:46:33
txn_002017,acct_000520,device_000023,ip_000325,token_001168,merchant_000069,10.46,USD,purchase,2025-05-26T08:48:19,2025-05-26T08:49:48
txn_001800,acct_000288,device_000089,ip_000342,token_000651,merchant_000061,174.02,USD,purchase,2025-05-26T11:04:32,2025-05-26T11:07:47
txn_002843,acct_000899,device_000540,ip_000314,token_001020,merchant_000014,41.66,USD,purchase,2025-05-26T11:11:32,2025-05-26T11:14:58
txn_002626,acct_000419,device_000331,ip_000110,token_001082,merchant_000064,78.36,USD,purchase,2025-05-26T12:03:29,2025-05-26T12:04:00
txn_002598,acct_000232,device_000390,ip_000342,token_000026,merchant_000004,11.79,USD,purchase,2025-05-26T12:03:52,2025-05-26T12:04:12
txn_001166,acct_000513,device_000184,ip_000025,token_000601,merchant_000049,39.41,USD,purchase,2025-05-26T15:40:10,2025-05-26T15:44:02
txn_000478,acct_000780,device_000475,ip_000157,token_000929,merchant_000037,30.75,USD,purchase,2025-05-26T16:37:20,2025-05-26T16:38:46
txn_003610,acct_000248,device_000050,ip_000294,token_000420,merchant_000059,-338.28,USD,refund,2025-05-26T17:34:31,2025-05-26T17:34:55
txn_000748,acct_000048,device_000291,ip_000285,token_001006,merchant_000031,94.13,USD,purchase,2025-05-26T17:54:12,2025-05-26T17:54:37
txn_000015,acct_000923,device_000503,ip_000117,token_000729,merchant_000071,16.42,USD,purchase,2025-05-26T19:13:59,2025-05-26T19:16:49
txn_001532,acct_000920,device_000001,ip_000068,token_000602,merchant_000032,2.7,USD,purchase,2025-05-26T19:17:08,2025-05-26T19:20:57
txn_000488,acct_000086,device_000100,ip_000109,token_001070,merchant_000001,22.73,USD,purchase,2025-05-26T21:27:32,2025-05-26T21:29:22
txn_000472,acct_000768,device_000511,ip_000152,token_000414,merchant_000020,179.1,USD,purchase,2025-05-26T22:13:28,2025-05-26T22:15:22
txn_003692,acct_000830,device_000346,ip_000020,token_001182,merchant_000009,6.01,USD,purchase,2025-05-27T04:02:57,2025-05-27T04:06:43
txn_002773,acct_000527,device_000063,ip_000494,token_000324,merchant_000045,15.06,USD,purchase,2025-05-27T10:05:13,2025-05-27T10:05:39
txn_001106,acct_000015,device_000313,ip_000320,token_000190,merchant_000008,26.13,USD,purchase,2025-05-27T11:21:06,2025-05-27T11:23:12
txn_000950,acct_000509,device_000166,ip_000328,token_000087,merchant_000009,9.36,USD,purchase,2025-05-27T13:51:24,2025-05-27T13:53:40
txn_001952,acct_000808,device_000327,ip_000232,token_000541,merchant_000035,3.59,USD,purchase,2025-05-27T14:57:00,2025-05-27T14:58:22
txn_000643,acct_000061,device_000179,ip_000165,token_000221,merchant_000058,3.64,USD,purchase,2025-05-27T15:45:24,2025-05-27T15:47:47
txn_001352,acct_000821,device_000384,ip_000085,token_000617,merchant_000005,35.6,USD,purchase,2025-05-27T17:37:44,2025-05-27T17:39:47
txn_003952,acct_000032,device_000583,ip_000435,token_000620,merchant_000042,16.23,USD,purchase,2025-05-27T17:44:18,2025-05-27T17:47:15
txn_002457,acct_000819,device_000203,ip_000401,token_000710,merchant_000059,25.26,USD,purchase,2025-05-27T18:08:29,2025-05-27T18:10:16
txn_001801,acct_000288,device_000089,ip_000342,token_000651,merchant_000061,-174.02,USD,refund,2025-05-27T20:04:32,2025-05-27T20:06:47
txn_002751,acct_000427,device_000491,ip_000151,token_000570,merchant_000077,0.9,USD,purchase,2025-05-27T22:34:34,2025-05-27T22:36:28
txn_002330,acct_000972,device_000206,ip_000483,token_000711,merchant_000065,142.73,USD,purchase,2025-05-27T23:53:47,2025-05-27T23:57:20
txn_000515,acct_000561,device_000011,ip_000051,token_000773,merchant_000029,5.47,USD,purchase,2025-05-28T01:06:33,2025-05-28T01:10:18
txn_003631,acct_001047,device_000547,ip_000342,token_000807,merchant_000039,28.43,USD,purchase,2025-05-28T03:39:57,2025-05-28T03:40:04
txn_003007,acct_000171,device_000054,ip_000151,token_000037,merchant_000057,366.28,USD,purchase,2025-05-28T08:15:44,2025-05-28T08:16:27
txn_002979,acct_000847,device_000523,ip_000131,token_000600,merchant_000036,31.39,USD,purchase,2025-05-28T11:17:18,2025-05-28T11:20:33
txn_003941,acct_000011,device_000008,ip_000068,token_000291,merchant_000057,53.71,USD,purchase,2025-05-28T11:30:05,2025-05-28T11:30:26
txn_001071,acct_000337,device_000105,ip_000041,token_000335,merchant_000001,8.88,USD,purchase,2025-05-28T12:16:04,2025-05-28T12:18:56
txn_002491,acct_000961,device_000304,ip_000015,token_000678,merchant_000027,34.25,USD,purchase,2025-05-28T13:19:15,2025-05-28T13:19:47
txn_003789,acct_001085,device_000484,ip_000019,token_000689,merchant_000052,176.67,USD,purchase,2025-05-28T19:06:13,2025-05-28T19:09:47
txn_001087,acct_000552,device_000031,ip_000340,token_000739,merchant_000050,46.67,USD,purchase,2025-05-28T22:36:38,2025-05-28T22:38:35
txn_000585,acct_000434,device_000229,ip_000398,token_000932,merchant_000071,90.86,USD,purchase,2025-05-28T23:55:17,2025-05-28T23:58:41
txn_001270,acct_000248,device_000518,ip_000414,token_000325,merchant_000026,7.59,USD,purchase,2025-05-29T00:25:00,2025-05-29T00:26:31
txn_001738,acct_000831,device_000511,ip_000371,token_000176,merchant_000027,6.08,USD,purchase,2025-05-29T00:57:13,2025-05-29T01:00:07
txn_001257,acct_000818,device_000147,ip_000166,token_000761,merchant_000074,7.05,USD,purchase,2025-05-29T01:51:03,2025-05-29T01:51:50
txn_003398,acct_000310,device_000334,ip_000376,token_000240,merchant_000018,212.85,USD,purchase,2025-05-29T02:29:45,2025-05-29T02:30:00
txn_001529,acct_000575,device_000276,ip_000112,token_000668,merchant_000077,33.15,USD,purchase,2025-05-29T03:41:58,2025-05-29T03:43:03
txn_001921,acct_000441,device_000313,ip_000396,token_000343,merchant_000062,20.53,USD,purchase,2025-05-29T04:29:38,2025-05-29T04:32:19
txn_003192,acct_000255,device_000067,ip_000056,token_000588,merchant_000060,21.35,USD,purchase,2025-05-29T06:11:12,2025-05-29T06:13:30
txn_001426,acct_000666,device_000230,ip_000490,token_000530,merchant_000040,15.7,USD,purchase,2025-05-29T06:57:58,2025-05-29T06:58:35
txn_002458,acct_000819,device_000203,ip_000401,token_000710,merchant_000059,-25.26,USD,refund,2025-05-29T12:08:29,2025-05-29T12:12:23
txn_000713,acct_000869,device_000219,ip_000316,token_001147,merchant_000025,0.7,USD,purchase,2025-05-29T12:45:41,2025-05-29T12:45:44
txn_001397,acct_001093,device_000053,ip_000019,token_000395,merchant_000040,25.9,USD,purchase,2025-05-29T13:49:43,2025-05-29T13:51:21
txn_000046,acct_000865,device_000136,ip_000245,token_000146,merchant_000030,7.51,USD,purchase,2025-05-29T18:28:13,2025-05-29T18:29:30
txn_001852,acct_000145,device_000028,ip_000330,token_000409,merchant_000041,15.41,USD,purchase,2025-05-29T20:54:09,2025-05-29T20:57:21
txn_000434,acct_000197,device_000421,ip_000120,token_000022,merchant_000059,21.8,USD,purchase,2025-05-30T02:23:38,2025-05-30T02:26:17
txn_002661,acct_000174,device_000308,ip_000426,token_000734,merchant_000011,40.7,USD,purchase,2025-05-30T04:00:24,2025-05-30T04:02:54
txn_003146,acct_000415,device_000270,ip_000175,token_000153,merchant_000005,46.22,USD,purchase,2025-05-30T06:15:38,2025-05-30T06:17:51
txn_003003,acct_000588,device_000163,ip_000272,token_001026,merchant_000039,4.33,USD,purchase,2025-05-30T11:35:44,2025-05-30T11:36:46
txn_001718,acct_000705,device_000223,ip_000070,token_000480,merchant_000011,41.93,USD,purchase,2025-05-30T13:07:10,2025-05-30T13:11:05
txn_002001,acct_000958,device_000244,ip_000299,token_000844,merchant_000021,4.26,USD,purchase,2025-05-30T16:55:23,2025-05-30T16:57:36
txn_001701,acct_001045,device_000569,ip_000475,token_000458,merchant_000003,11.02,USD,purchase,2025-05-30T17:21:42,2025-05-30T17:25:36
txn_002213,acct_001104,device_000391,ip_000061,token_000209,merchant_000040,25.46,USD,purchase,2025-05-31T04:24:09,2025-05-31T04:27:21
txn_001226,acct_000878,device_000561,ip_000031,token_000151,merchant_000070,53.74,USD,purchase,2025-05-31T05:46:19,2025-05-31T05:46:31
txn_003036,acct_000737,device_000048,ip_000413,token_001126,merchant_000003,30.57,USD,purchase,2025-05-31T09:03:42,2025-05-31T09:05:35
txn_003228,acct_000084,device_000487,ip_000095,token_000702,merchant_000052,27.77,USD,purchase,2025-05-31T10:28:19,2025-05-31T10:29:23
txn_003667,acct_000876,device_000505,ip_000168,token_001087,merchant_000002,38.87,USD,purchase,2025-05-31T12:44:27,2025-05-31T12:45:07
txn_003066,acct_000343,device_000123,ip_000431,token_000979,merchant_000044,31.36,USD,purchase,2025-05-31T13:36:10,2025-05-31T13:39:15
txn_003159,acct_000187,device_000320,ip_000003,token_000154,merchant_000036,31.15,USD,purchase,2025-05-31T17:58:46,2025-05-31T18:01:47
txn_000895,acct_000577,device_000273,ip_000285,token_000767,merchant_000066,10.98,USD,purchase,2025-05-31T20:20:05,2025-05-31T20:22:41
txn_001416,acct_000169,device_000561,ip_000218,token_000984,merchant_000034,154.22,USD,purchase,2025-05-31T21:09:21,2025-05-31T21:12:17
txn_000221,acct_000109,device_000477,ip_000336,token_000018,merchant_000009,60.22,USD,purchase,2025-05-31T22:26:07,2025-05-31T22:30:01
txn_001571,acct_000034,device_000575,ip_000062,token_001123,merchant_000077,15.77,USD,purchase,2025-06-01T04:26:33,2025-06-01T04:27:28
txn_002996,acct_000590,device_000578,ip_000034,token_001201,merchant_000015,4.01,USD,purchase,2025-06-01T07:15:10,2025-06-01T07:17:39
txn_003902,acct_000010,device_000005,ip_000300,token_001014,merchant_000014,22.79,USD,purchase,2025-06-01T11:05:20,2025-06-01T11:06:16
txn_002834,acct_000034,device_000064,ip_000334,token_000807,merchant_000026,42.61,USD,purchase,2025-06-01T11:42:02,2025-06-01T11:42:17
txn_001563,acct_000164,device_000455,ip_000385,token_000131,merchant_000038,336.9,USD,purchase,2025-06-01T14:48:20,2025-06-01T14:50:47
txn_002539,acct_000545,device_000114,ip_000376,token_000952,merchant_000049,42.91,USD,purchase,2025-06-01T16:32:31,2025-06-01T16:34:59
txn_001498,acct_000857,device_000057,ip_000243,token_000893,merchant_000017,5.95,USD,purchase,2025-06-01T19:39:36,2025-06-01T19:42:39
txn_001372,acct_000423,device_000436,ip_000255,token_000328,merchant_000067,11.4,USD,purchase,2025-06-01T22:25:18,2025-06-01T22:25:26
txn_003530,acct_000412,device_000200,ip_000242,token_001048,merchant_000028,51.66,USD,purchase,2025-06-02T09:06:35,2025-06-02T09:10:09
txn_003890,acct_000009,device_000003,ip_000287,token_000769,merchant_000034,101.94,USD,purchase,2025-06-02T09:40:14,2025-06-02T09:41:37
txn_003430,acct_000992,device_000393,ip_000366,token_000123,merchant_000029,57.72,USD,purchase,2025-06-02T09:59:57,2025-06-02T10:01:37
txn_000030,acct_001081,device_000321,ip_000306,token_000796,merchant_000079,31.56,USD,purchase,2025-06-02T10:46:31,2025-06-02T10:50:08
txn_003812,acct_000234,device_000038,ip_000137,token_000660,merchant_000016,13.42,USD,purchase,2025-06-02T13:18:30,2025-06-02T13:20:23
txn_000934,acct_000518,device_000128,ip_000495,token_000772,merchant_000071,30.51,USD,purchase,2025-06-02T15:46:48,2025-06-02T15:49:14
txn_002541,acct_000789,device_000411,ip_000441,token_000516,merchant_000062,6.55,USD,purchase,2025-06-03T00:48:07,2025-06-03T00:48:10
txn_000301,acct_000964,device_000517,ip_000018,token_000872,merchant_000068,20.21,USD,purchase,2025-06-03T03:19:48,2025-06-03T03:23:19
txn_000980,acct_000080,device_000235,ip_000343,token_001187,merchant_000033,9.55,USD,purchase,2025-06-03T07:55:11,2025-06-03T07:55:22
txn_003897,acct_000010,device_000530,ip_000197,token_000292,merchant_000024,64.15,USD,purchase,2025-06-03T12:14:43,2025-06-03T12:15:52
txn_000216,acct_000277,device_000493,ip_000287,token_000406,merchant_000063,35.07,USD,purchase,2025-06-03T12:38:17,2025-06-03T12:40:55
txn_001285,acct_000003,device_000144,ip_000216,token_001150,merchant_000060,10.99,USD,purchase,2025-06-03T15:39:43,2025-06-03T15:42:59
txn_002209,acct_000423,device_000561,ip_000364,token_001002,merchant_000026,26.11,USD,purchase,2025-06-03T22:31:20,2025-06-03T22:34:18
txn_000561,acct_000066,device_000178,ip_000258,token_000329,merchant_000002,174.38,USD,purchase,2025-06-03T22:37:44,2025-06-03T22:41:29
txn_003785,acct_000903,device_000532,ip_000299,token_001189,merchant_000073,4.83,USD,purchase,2025-06-03T23:52:12,2025-06-03T23:53:13
txn_000463,acct_000946,device_000391,ip_000176,token_000818,merchant_000025,7.66,USD,purchase,2025-06-04T01:16:21,2025-06-04T01:19:23
txn_001986,acct_000869,device_000564,ip_000272,token_000915,merchant_000070,7.04,USD,purchase,2025-06-04T03:15:31,2025-06-04T03:16:05
txn_000612,acct_000173,device_000363,ip_000221,token_000435,merchant_000020,24.74,USD,purchase,2025-06-04T03:38:13,2025-06-04T03:38:27
txn_002204,acct_000576,device_000413,ip_000468,token_001224,merchant_000051,39.11,USD,purchase,2025-06-04T06:17:40,2025-06-04T06:20:44
txn_004024,acct_000034,device_000576,ip_000222,token_000328,merchant_000002,105.11,USD,purchase,2025-06-04T13:53:52,2025-06-04T13:57:10
txn_004025,acct_000034,device_000576,ip_000222,token_000655,merchant_000024,19.31,USD,purchase,2025-06-04T13:56:52,2025-06-04T13:57:18
txn_004026,acct_000041,device_000576,ip_000222,token_000303,merchant_000003,36.18,USD,purchase,2025-06-04T14:04:52,2025-06-04T14:08:21
txn_004027,acct_000041,device_000576,ip_000222,token_001166,merchant_000052,46.95,USD,purchase,2025-06-04T14:06:52,2025-06-04T14:08:17
txn_004029,acct_000044,device_000576,ip_000222,token_001006,merchant_000020,195.79,USD,purchase,2025-06-04T14:08:52,2025-06-04T14:09:18
txn_004028,acct_000041,device_000576,ip_000222,token_000852,merchant_000079,76.98,USD,purchase,2025-06-04T14:10:52,2025-06-04T14:14:30
txn_004031,acct_000044,device_000576,ip_000222,token_000849,merchant_000077,99.52,USD,purchase,2025-06-04T14:10:52,2025-06-04T14:11:22
txn_004030,acct_000044,device_000576,ip_000222,token_000208,merchant_000039,42.95,USD,purchase,2025-06-04T14:12:52,2025-06-04T14:15:01
txn_004020,acct_000038,device_000576,ip_000222,token_000910,merchant_000027,195.19,USD,purchase,2025-06-04T14:20:52,2025-06-04T14:22:00
txn_004032,acct_000044,device_000576,ip_000222,token_000147,merchant_000008,30.31,USD,purchase,2025-06-04T14:20:52,2025-06-04T14:22:59
txn_004021,acct_000038,device_000576,ip_000222,token_000615,merchant_000060,33.54,USD,purchase,2025-06-04T14:23:52,2025-06-04T14:27:36
txn_004023,acct_000038,device_000576,ip_000222,token_001004,merchant_000030,23.43,USD,purchase,2025-06-04T14:23:52,2025-06-04T14:25:53
txn_004033,acct_000044,device_000576,ip_000222,token_000520,merchant_000055,77.0,USD,purchase,2025-06-04T14:24:52,2025-06-04T14:28:37
txn_004022,acct_000038,device_000576,ip_000222,token_000941,merchant_000077,17.29,USD,purchase,2025-06-04T14:28:52,2025-06-04T14:32:52
txn_001773,acct_000981,device_000101,ip_000261,token_001015,merchant_000062,54.47,USD,purchase,2025-06-04T14:49:34,2025-06-04T14:51:50
txn_001987,acct_000869,device_000564,ip_000272,token_000915,merchant_000070,-7.04,USD,refund,2025-06-04T15:15:31,2025-06-04T15:18:11
txn_001672,acct_000426,device_000121,ip_000068,token_000251,merchant_000037,91.19,USD,purchase,2025-06-04T15:47:24,2025-06-04T15:48:41
txn_001982,acct_000774,device_000580,ip_000133,token_000465,merchant_000001,45.21,USD,purchase,2025-06-04T21:20:01,2025-06-04T21:20:50
txn_000704,acct_001075,device_000499,ip_000072,token_001121,merchant_000054,65.65,USD,purchase,2025-06-05T02:43:50,2025-06-05T02:45:13
txn_002241,acct_000051,device_000064,ip_000369,token_000734,merchant_000027,149.8,USD,purchase,2025-06-05T03:03:17,2025-06-05T03:05:51
txn_002864,acct_000095,device_000455,ip_000361,token_000288,merchant_000077,4.67,USD,purchase,2025-06-05T05:45:08,2025-06-05T05:48:15
txn_003098,acct_000927,device_000583,ip_000079,token_001080,merchant_000022,235.14,USD,purchase,2025-06-05T06:07:50,2025-06-05T06:07:55
txn_002915,acct_000356,device_000277,ip_000386,token_000878,merchant_000028,16.15,USD,purchase,2025-06-05T06:14:59,2025-06-05T06:17:13
txn_000731,acct_000197,device_000397,ip_000066,token_000652,merchant_000018,230.02,USD,purchase,2025-06-05T07:11:05,2025-06-05T07:12:54
txn_001845,acct_000386,device_000337,ip_000334,token_000191,merchant_000054,24.94,USD,purchase,2025-06-05T12:33:30,2025-06-05T12:34:23
txn_001378,acct_000614,device_000218,ip_000366,token_000945,merchant_000027,7.12,USD,purchase,2025-06-05T12:33:58,2025-06-05T12:36:57
txn_002013,acct_000582,device_000181,ip_000329,token_000510,merchant_000016,42.98,USD,purchase,2025-06-05T13:25:06,2025-06-05T13:28:12
txn_003019,acct_000017,device_000280,ip_000087,token_000368,merchant_000040,4.34,USD,purchase,2025-06-05T14:54:00,2025-06-05T14:56:50
txn_003073,acct_000883,device_000089,ip_000031,token_000465,merchant_000047,17.67,USD,purchase,2025-06-05T21:43:49,2025-06-05T21:46:11
txn_000574,acct_000222,device_000407,ip_000394,token_000888,merchant_000026,15.28,USD,purchase,2025-06-05T22:26:31,2025-06-05T22:29:06
txn_001964,acct_000816,device_000142,ip_000400,token_000699,merchant_000022,46.98,USD,purchase,2025-06-05T22:31:21,2025-06-05T22:31:50
txn_000907,acct_000657,device_000356,ip_000209,token_000357,merchant_000075,44.34,USD,purchase,2025-06-06T00:51:12,2025-06-06T00:54:05
txn_001159,acct_000561,device_000029,ip_000404,token_001162,merchant_000054,83.84,USD,purchase,2025-06-06T03:30:54,2025-06-06T03:34:04
txn_003375,acct_000544,device_000051,ip_000379,token_000642,merchant_000073,16.66,USD,purchase,2025-06-06T05:40:25,2025-06-06T05:41:17
txn_002571,acct_000975,device_000457,ip_000453,token_000678,merchant_000037,16.13,USD,purchase,2025-06-06T07:27:10,2025-06-06T07:29:13
txn_002903,acct_000197,device_000525,ip_000009,token_000216,merchant_000051,2.5,USD,purchase,2025-06-06T10:30:23,2025-06-06T10:31:04
txn_001138,acct_000973,device_000020,ip_000017,token_000118,merchant_000035,20.52,USD,purchase,2025-06-06T12:05:10,2025-06-06T12:06:35
txn_000121,acct_000104,device_000520,ip_000115,token_001128,merchant_000049,19.17,USD,purchase,2025-06-06T14:48:50,2025-06-06T14:49:13
txn_000106,acct_000181,device_000133,ip_000315,token_000889,merchant_000055,18.99,USD,purchase,2025-06-06T15:53:59,2025-06-06T15:54:01
txn_003232,acct_000284,device_000387,ip_000431,token_001205,merchant_000058,523.49,USD,purchase,2025-06-06T18:35:29,2025-06-06T18:36:30
txn_003745,acct_000233,device_000201,ip_000172,token_000615,merchant_000042,52.35,USD,purchase,2025-06-06T21:48:02,2025-06-06T21:49:20
txn_003624,acct_000997,device_000429,ip_000284,token_000754,merchant_000037,12.5,USD,purchase,2025-06-06T21:58:10,2025-06-06T22:00:06
txn_001884,acct_000033,device_000382,ip_000365,token_000273,merchant_000048,11.69,USD,purchase,2025-06-06T22:38:05,2025-06-06T22:39:41
txn_002147,acct_000529,device_000170,ip_000029,token_000577,merchant_000011,13.12,USD,purchase,2025-06-07T01:52:24,2025-06-07T01:55:29
txn_000479,acct_000027,device_000513,ip_000374,token_000767,merchant_000063,101.13,USD,purchase,2025-06-07T02:43:41,2025-06-07T02:45:47
txn_000101,acct_000053,device_000510,ip_000152,token_000532,merchant_000054,19.72,USD,purchase,2025-06-07T03:08:06,2025-06-07T03:11:08
txn_001042,acct_000188,device_000203,ip_000253,token_000444,merchant_000018,5.67,USD,purchase,2025-06-07T06:49:20,2025-06-07T06:49:29
txn_000149,acct_001039,device_000032,ip_000417,token_001192,merchant_000075,46.77,USD,purchase,2025-06-07T08:07:36,2025-06-07T08:07:46
txn_002398,acct_000936,device_000143,ip_000458,token_000111,merchant_000031,38.95,USD,purchase,2025-06-07T08:34:28,2025-06-07T08:34:43
txn_000158,acct_000341,device_000265,ip_000473,token_000369,merchant_000067,37.7,USD,purchase,2025-06-07T11:07:36,2025-06-07T11:07:41
txn_001254,acct_000162,device_000375,ip_000435,token_001084,merchant_000064,58.07,USD,purchase,2025-06-07T13:05:52,2025-06-07T13:08:49
txn_001281,acct_000827,device_000474,ip_000273,token_001161,merchant_000059,23.29,USD,purchase,2025-06-07T16:02:23,2025-06-07T16:04:13
txn_002710,acct_000850,device_000058,ip_000175,token_000897,merchant_000058,87.75,USD,purchase,2025-06-07T16:07:00,2025-06-07T16:09:32
txn_001336,acct_000130,device_000542,ip_000245,token_000667,merchant_000003,127.74,USD,purchase,2025-06-07T16:45:33,2025-06-07T16:47:12
txn_002877,acct_000957,device_000311,ip_000297,token_000502,merchant_000015,15.2,USD,purchase,2025-06-07T16:49:16,2025-06-07T16:49:47
txn_000480,acct_000027,device_000513,ip_000374,token_000767,merchant_000063,-101.13,USD,refund,2025-06-07T18:43:41,2025-06-07T18:45:20
txn_000698,acct_000772,device_000299,ip_000220,token_000191,merchant_000029,30.65,USD,purchase,2025-06-07T19:16:36,2025-06-07T19:20:29
txn_002218,acct_000397,device_000265,ip_000016,token_001175,merchant_000011,1.71,USD,purchase,2025-06-07T19:48:22,2025-06-07T19:51:03
txn_001655,acct_000617,device_000132,ip_000170,token_000931,merchant_000007,53.04,USD,purchase,2025-06-07T21:17:05,2025-06-07T21:17:06
txn_001048,acct_000075,device_000302,ip_000067,token_001065,merchant_000069,18.98,USD,purchase,2025-06-08T03:49:32,2025-06-08T03:52:55
txn_002816,acct_000112,device_000154,ip_000479,token_000650,merchant_000040,6.29,USD,purchase,2025-06-08T04:19:58,2025-06-08T04:22:49
txn_001060,acct_000036,device_000292,ip_000424,token_000007,merchant_000045,2.68,USD,purchase,2025-06-08T05:54:57,2025-06-08T05:57:34
txn_003210,acct_000386,device_000340,ip_000328,token_000136,merchant_000031,53.08,USD,purchase,2025-06-08T07:28:17,2025-06-08T07:28:30
txn_001058,acct_000881,device_000414,ip_000289,token_001147,merchant_000008,31.06,USD,purchase,2025-06-08T09:08:58,2025-06-08T09:11:21
txn_001814,acct_000098,device_000279,ip_000005,token_000422,merchant_000035,46.76,USD,purchase,2025-06-08T11:38:45,2025-06-08T11:40:15
txn_001537,acct_000149,device_000465,ip_000486,token_001166,merchant_000075,34.85,USD,purchase,2025-06-08T12:31:35,2025-06-08T12:35:30
txn_003109,acct_000765,device_000425,ip_000220,token_000159,merchant_000080,205.34,USD,purchase,2025-06-08T12:31:57,2025-06-08T12:34:53
txn_001606,acct_000086,device_000066,ip_000232,token_000041,merchant_000032,10.71,USD,purchase,2025-06-08T12:47:09,2025-06-08T12:49:54
txn_000163,acct_000477,device_000086,ip_000146,token_001226,merchant_000070,26.8,USD,purchase,2025-06-08T16:51:48,2025-06-08T16:53:25
txn_003140,acct_000279,device_000429,ip_000074,token_000416,merchant_000011,108.45,USD,purchase,2025-06-08T17:59:53,2025-06-08T17:59:59
txn_000775,acct_000855,device_000006,ip_000391,token_000828,merchant_000008,5.93,USD,purchase,2025-06-08T18:10:41,2025-06-08T18:12:38
txn_000946,acct_000893,device_000286,ip_000446,token_000381,merchant_000030,11.69,USD,purchase,2025-06-09T00:29:04,2025-06-09T00:30:04
txn_002162,acct_000834,device_000122,ip_000472,token_000144,merchant_000047,29.13,USD,purchase,2025-06-09T01:39:03,2025-06-09T01:42:04
txn_001330,acct_000041,device_000059,ip_000113,token_000885,merchant_000055,67.74,USD,purchase,2025-06-09T03:48:42,2025-06-09T03:49:32
txn_001675,acct_000599,device_000581,ip_000236,token_000182,merchant_000080,18.56,USD,purchase,2025-06-09T05:27:30,2025-06-09T05:29:16
txn_001855,acct_000364,device_000525,ip_000382,token_000385,merchant_000035,50.11,USD,purchase,2025-06-09T06:30:58,2025-06-09T06:31:57
txn_000751,acct_000202,device_000393,ip_000298,token_000857,merchant_000054,6.47,USD,purchase,2025-06-09T08:12:55,2025-06-09T08:15:04
txn_001938,acct_001088,device_000269,ip_000322,token_000241,merchant_000025,11.05,USD,purchase,2025-06-09T10:33:11,2025-06-09T10:36:20
txn_002412,acct_000374,device_000461,ip_000057,token_001190,merchant_000021,10.51,USD,purchase,2025-06-09T11:43:15,2025-06-09T11:43:32
txn_003853,acct_001090,device_000214,ip_000072,token_000448,merchant_000030,40.63,USD,purchase,2025-06-09T12:22:49,2025-06-09T12:25:53
txn_003804,acct_000486,device_000437,ip_000433,token_000179,merchant_000058,136.42,USD,purchase,2025-06-09T17:18:00,2025-06-09T17:19:38
txn_003836,acct_000848,device_000032,ip_000477,token_001070,merchant_000063,25.26,USD,purchase,2025-06-09T17:48:58,2025-06-09T17:52:54
txn_004002,acct_000018,device_000313,ip_000379,token_000564,merchant_000048,5.2,USD,purchase,2025-06-09T19:21:23,2025-06-09T19:24:10
txn_003724,acct_000901,device_000328,ip_000384,token_000257,merchant_000017,4.36,USD,purchase,2025-06-09T19:25:45,2025-06-09T19:26:08
txn_000560,acct_000287,device_000541,ip_000358,token_000614,merchant_000061,52.21,USD,purchase,2025-06-09T19:40:03,2025-06-09T19:42:49
txn_000299,acct_000349,device_000567,ip_000438,token_000471,merchant_000012,91.73,USD,purchase,2025-06-09T21:17:10,2025-06-09T21:18:06
txn_000701,acct_000477,device_000061,ip_000393,token_001011,merchant_000033,14.33,USD,purchase,2025-06-09T22:48:00,2025-06-09T22:48:39
txn_000344,acct_000780,device_000100,ip_000220,token_000707,merchant_000046,10.71,USD,purchase,2025-06-09T23:27:43,2025-06-09T23:28:47
txn_001129,acct_000175,device_000442,ip_000219,token_001210,merchant_000003,13.64,USD,purchase,2025-06-10T03:17:52,2025-06-10T03:19:05
txn_002844,acct_001078,device_000318,ip_000436,token_001022,merchant_000035,12.71,USD,purchase,2025-06-10T03:28:30,2025-06-10T03:28:39
txn_000173,acct_000784,device_000226,ip_000347,token_000471,merchant_000041,145.13,USD,purchase,2025-06-10T04:05:19,2025-06-10T04:05:22
txn_003048,acct_000418,device_000050,ip_000193,token_000105,merchant_000047,21.43,USD,purchase,2025-06-10T07:21:07,2025-06-10T07:24:40
txn_002676,acct_000861,device_000154,ip_000089,token_000395,merchant_000002,8.95,USD,purchase,2025-06-10T11:33:51,2025-06-10T11:34:44
txn_003379,acct_000781,device_000298,ip_000145,token_000335,merchant_000065,153.63,USD,purchase,2025-06-10T14:49:10,2025-06-10T14:49:20
txn_002413,acct_000374,device_000461,ip_000057,token_001190,merchant_000021,-10.51,USD,refund,2025-06-10T16:43:15,2025-06-10T16:45:07
txn_001947,acct_000830,device_000231,ip_000161,token_000983,merchant_000073,13.3,USD,purchase,2025-06-10T19:11:30,2025-06-10T19:11:47
txn_002845,acct_001078,device_000318,ip_000436,token_001022,merchant_000035,-12.71,USD,refund,2025-06-10T19:28:30,2025-06-10T19:30:51
txn_003248,acct_000657,device_000459,ip_000202,token_000775,merchant_000011,287.65,USD,purchase,2025-06-10T20:20:08,2025-06-10T20:20:53
txn_000965,acct_000117,device_000447,ip_000208,token_000886,merchant_000020,23.28,USD,purchase,2025-06-10T20:50:14,2025-06-10T20:51:49
txn_000320,acct_000770,device_000091,ip_000004,token_000839,merchant_000035,7.84,USD,purchase,2025-06-10T23:33:02,2025-06-10T23:35:28
txn_004176,acct_000095,device_000017,ip_000002,token_000483,merchant_000036,23.54,USD,purchase,2025-06-11T06:50:33,2025-06-11T06:52:03
txn_002632,acct_000005,device_000143,ip_000373,token_000392,merchant_000011,45.03,USD,purchase,2025-06-11T07:00:55,2025-06-11T07:02:59
txn_001817,acct_000793,device_000536,ip_000063,token_000842,merchant_000029,57.07,USD,purchase,2025-06-11T07:12:40,2025-06-11T07:15:05
txn_003062,acct_000557,device_000547,ip_000127,token_000395,merchant_000033,74.26,USD,purchase,2025-06-11T17:50:56,2025-06-11T17:52:33
txn_001907,acct_000487,device_000076,ip_000106,token_000798,merchant_000007,274.72,USD,purchase,2025-06-11T19:50:11,2025-06-11T19:50:47
txn_000391,acct_000960,device_000135,ip_000453,token_000601,merchant_000050,167.81,USD,purchase,2025-06-11T21:25:36,2025-06-11T21:28:45
txn_001897,acct_000833,device_000274,ip_000175,token_000313,merchant_000008,16.49,USD,purchase,2025-06-11T22:29:54,2025-06-11T22:32:33
txn_002555,acct_000784,device_000176,ip_000424,token_000625,merchant_000035,37.3,USD,purchase,2025-06-11T23:23:48,2025-06-11T23:24:13
txn_003688,acct_000682,device_000251,ip_000112,token_000715,merchant_000050,25.36,USD,purchase,2025-06-12T00:54:35,2025-06-12T00:55:09
txn_002009,acct_001104,device_000249,ip_000428,token_000662,merchant_000079,22.93,USD,purchase,2025-06-12T01:06:38,2025-06-12T01:10:38
txn_003203,acct_000694,device_000032,ip_000128,token_001204,merchant_000012,23.59,USD,purchase,2025-06-12T02:54:18,2025-06-12T02:56:34
txn_000411,acct_000251,device_000561,ip_000179,token_000139,merchant_000006,23.3,USD,purchase,2025-06-12T04:04:57,2025-06-12T04:06:53
txn_003502,acct_000606,device_000457,ip_000238,token_000591,merchant_000076,19.26,USD,purchase,2025-06-12T04:30:39,2025-06-12T04:31:54
txn_000971,acct_000735,device_000522,ip_000157,token_000602,merchant_000052,52.32,USD,purchase,2025-06-12T07:45:32,2025-06-12T07:49:09
txn_003848,acct_000401,device_000006,ip_000482,token_000369,merchant_000021,30.11,USD,purchase,2025-06-12T10:39:34,2025-06-12T10:42:22
txn_003174,acct_000609,device_000453,ip_000022,token_000309,merchant_000026,22.87,USD,purchase,2025-06-12T11:14:04,2025-06-12T11:14:08
txn_000556,acct_000848,device_000342,ip_000071,token_000504,merchant_000050,30.02,USD,purchase,2025-06-12T14:11:26,2025-06-12T14:13:33
txn_001760,acct_000197,device_000045,ip_000036,token_000813,merchant_000020,8.51,USD,purchase,2025-06-12T17:54:47,2025-06-12T17:57:14
txn_002640,acct_000840,device_000393,ip_000218,token_000031,merchant_000080,11.18,USD,purchase,2025-06-12T18:42:11,2025-06-12T18:44:11
txn_000964,acct_001111,device_000518,ip_000186,token_000846,merchant_000052,29.35,USD,purchase,2025-06-12T20:04:49,2025-06-12T20:05:52
txn_000716,acct_000314,device_000182,ip_000446,token_000270,merchant_000011,50.19,USD,purchase,2025-06-12T22:41:59,2025-06-12T22:43:53
txn_000689,acct_000606,device_000099,ip_000113,token_000231,merchant_000037,91.19,USD,purchase,2025-06-12T22:53:59,2025-06-12T22:56:49
txn_002010,acct_001104,device_000249,ip_000428,token_000662,merchant_000079,-22.93,USD,refund,2025-06-12T23:06:38,2025-06-12T23:07:21
txn_001196,acct_000753,device_000576,ip_000390,token_000399,merchant_000056,27.91,USD,purchase,2025-06-12T23:47:53,2025-06-12T23:48:30
txn_001497,acct_000178,device_000228,ip_000196,token_000012,merchant_000006,6.63,USD,purchase,2025-06-13T01:29:27,2025-06-13T01:29:37
txn_003338,acct_000057,device_000329,ip_000100,token_000133,merchant_000018,6.49,USD,purchase,2025-06-13T01:56:51,2025-06-13T02:00:28
txn_000194,acct_000309,device_000016,ip_000253,token_000445,merchant_000044,4.17,USD,purchase,2025-06-13T04:56:56,2025-06-13T04:58:32
txn_000103,acct_000183,device_000228,ip_000182,token_000458,merchant_000040,55.31,USD,purchase,2025-06-13T07:05:18,2025-06-13T07:06:25
txn_002918,acct_000226,device_000384,ip_000345,token_000862,merchant_000075,14.85,USD,purchase,2025-06-13T07:34:17,2025-06-13T07:34:39
txn_003080,acct_000834,device_000277,ip_000091,token_000303,merchant_000059,69.2,USD,purchase,2025-06-13T07:35:47,2025-06-13T07:37:07
txn_003295,acct_000050,device_000177,ip_000299,token_000688,merchant_000014,51.32,USD,purchase,2025-06-13T08:30:24,2025-06-13T08:32:55
txn_001627,acct_000931,device_000048,ip_000125,token_000648,merchant_000006,23.76,USD,purchase,2025-06-13T09:25:25,2025-06-13T09:28:03
txn_002208,acct_000231,device_000217,ip_000318,token_000235,merchant_000074,127.29,USD,purchase,2025-06-13T10:25:30,2025-06-13T10:26:13
txn_003787,acct_000538,device_000560,ip_000182,token_001082,merchant_000073,10.49,USD,purchase,2025-06-13T12:21:50,2025-06-13T12:24:12
txn_003161,acct_000743,device_000028,ip_000058,token_000824,merchant_000024,30.91,USD,purchase,2025-06-13T13:59:20,2025-06-13T13:59:51
txn_003363,acct_000250,device_000343,ip_000217,token_000963,merchant_000021,64.99,USD,purchase,2025-06-13T15:42:10,2025-06-13T15:42:58
txn_001957,acct_000989,device_000048,ip_000375,token_001174,merchant_000002,44.23,USD,purchase,2025-06-13T19:20:52,2025-06-13T19:21:20
txn_003750,acct_000984,device_000346,ip_000011,token_001005,merchant_000073,12.9,USD,purchase,2025-06-13T19:44:40,2025-06-13T19:45:51
txn_000913,acct_000147,device_000069,ip_000130,token_000927,merchant_000016,15.28,USD,purchase,2025-06-13T20:33:22,2025-06-13T20:34:40
txn_001194,acct_000041,device_000048,ip_000224,token_000887,merchant_000050,15.31,USD,purchase,2025-06-13T22:05:15,2025-06-13T22:09:07
txn_003063,acct_000444,device_000072,ip_000344,token_001033,merchant_000004,112.17,USD,purchase,2025-06-14T00:39:09,2025-06-14T00:40:56
txn_003957,acct_000760,device_000583,ip_000435,token_000843,merchant_000075,84.11,USD,purchase,2025-06-14T02:17:55,2025-06-14T02:20:15
txn_002520,acct_000050,device_000049,ip_000228,token_001052,merchant_000070,24.08,USD,purchase,2025-06-14T08:28:51,2025-06-14T08:31:51
txn_001583,acct_000045,device_000097,ip_000129,token_000001,merchant_000009,32.64,USD,purchase,2025-06-14T09:15:14,2025-06-14T09:18:39
txn_001151,acct_000470,device_000121,ip_000133,token_000182,merchant_000075,6.84,USD,purchase,2025-06-14T11:31:06,2025-06-14T11:33:13
txn_001483,acct_000987,device_000382,ip_000119,token_000821,merchant_000017,61.73,USD,purchase,2025-06-14T11:47:33,2025-06-14T11:48:55
txn_001126,acct_000930,device_000122,ip_000073,token_000565,merchant_000025,151.96,USD,purchase,2025-06-14T14:40:52,2025-06-14T14:43:11
txn_002681,acct_000993,device_000031,ip_000415,token_000429,merchant_000051,18.51,USD,purchase,2025-06-14T15:01:21,2025-06-14T15:04:08
txn_003733,acct_001063,device_000255,ip_000135,token_000179,merchant_000004,15.52,USD,purchase,2025-06-14T15:20:26,2025-06-14T15:24:16
txn_000179,acct_000966,device_000352,ip_000188,token_000377,merchant_000064,3.95,USD,purchase,2025-06-14T15:26:02,2025-06-14T15:27:38
txn_000333,acct_000901,device_000110,ip_000093,token_000727,merchant_000049,12.21,USD,purchase,2025-06-14T16:49:21,2025-06-14T16:49:50
txn_001944,acct_000748,device_000243,ip_000341,token_001126,merchant_000075,17.81,USD,purchase,2025-06-14T18:01:18,2025-06-14T18:02:49
txn_000787,acct_000472,device_000214,ip_000104,token_000621,merchant_000021,21.23,USD,purchase,2025-06-14T18:36:36,2025-06-14T18:39:54
txn_002183,acct_000295,device_000558,ip_000115,token_000508,merchant_000046,27.09,USD,purchase,2025-06-14T18:44:50,2025-06-14T18:48:39
txn_001769,acct_000538,device_000226,ip_000325,token_000909,merchant_000054,15.97,USD,purchase,2025-06-14T22:28:04,2025-06-14T22:30:49
txn_003613,acct_000043,device_000537,ip_000331,token_000365,merchant_000064,45.53,USD,purchase,2025-06-14T22:39:10,2025-06-14T22:39:30
txn_001156,acct_000310,device_000540,ip_000228,token_001180,merchant_000009,6.04,USD,purchase,2025-06-15T00:29:22,2025-06-15T00:31:56
txn_001127,acct_000930,device_000122,ip_000073,token_000565,merchant_000025,-151.96,USD,refund,2025-06-15T00:40:52,2025-06-15T00:44:40
txn_000697,acct_000802,device_000199,ip_000426,token_000640,merchant_000042,25.13,USD,purchase,2025-06-15T02:42:37,2025-06-15T02:43:48
txn_004179,acct_000093,device_000017,ip_000002,token_000483,merchant_000080,14.02,USD,purchase,2025-06-15T05:39:52,2025-06-15T05:41:05
txn_002697,acct_000515,device_000006,ip_000303,token_000700,merchant_000035,210.42,USD,purchase,2025-06-15T07:52:39,2025-06-15T07:54:46
txn_002421,acct_000165,device_000205,ip_000032,token_000779,merchant_000033,33.19,USD,purchase,2025-06-15T08:36:39,2025-06-15T08:38:17
txn_003460,acct_000753,device_000358,ip_000482,token_000611,merchant_000063,4.05,USD,purchase,2025-06-15T08:51:05,2025-06-15T08:54:18
txn_002184,acct_000295,device_000558,ip_000115,token_000508,merchant_000046,-27.09,USD,refund,2025-06-15T09:44:50,2025-06-15T09:46:24
txn_001136,acct_001089,device_000541,ip_000347,token_000728,merchant_000058,63.47,USD,purchase,2025-06-15T09:45:14,2025-06-15T09:47:22
txn_002399,acct_000730,device_000448,ip_000282,token_000999,merchant_000006,30.54,USD,purchase,2025-06-15T13:05:11,2025-06-15T13:05:31
txn_000225,acct_000466,device_000428,ip_000124,token_001174,merchant_000020,12.14,USD,purchase,2025-06-15T14:56:30,2025-06-15T14:57:23
txn_000254,acct_000104,device_000109,ip_000197,token_000111,merchant_000012,12.3,USD,purchase,2025-06-15T14:56:55,2025-06-15T15:00:44
txn_000683,acct_000053,device_000379,ip_000105,token_000578,merchant_000074,61.2,USD,purchase,2025-06-15T15:17:31,2025-06-15T15:21:04
txn_003718,acct_000690,device_000024,ip_000234,token_000782,merchant_000055,6.04,USD,purchase,2025-06-15T17:39:44,2025-06-15T17:42:29
txn_001318,acct_001018,device_000264,ip_000320,token_000373,merchant_000051,33.83,USD,purchase,2025-06-15T21:13:15,2025-06-15T21:17:00
txn_000785,acct_000799,device_000020,ip_000005,token_000462,merchant_000042,48.7,USD,purchase,2025-06-15T21:19:23,2025-06-15T21:21:40
txn_000230,acct_001004,device_000333,ip_000444,token_000938,merchant_000032,20.34,USD,purchase,2025-06-16T01:06:28,2025-06-16T01:09:37
txn_003595,acct_000612,device_000511,ip_000187,token_000427,merchant_000057,53.92,USD,purchase,2025-06-16T01:27:45,2025-06-16T01:29:35
txn_003028,acct_000877,device_000495,ip_000247,token_000094,merchant_000056,22.83,USD,purchase,2025-06-16T04:02:00,2025-06-16T04:04:35
txn_001535,acct_000312,device_000203,ip_000492,token_000261,merchant_000030,5.7,USD,purchase,2025-06-16T04:12:03,2025-06-16T04:14:02
txn_001408,acct_001098,device_000424,ip_000131,token_000981,merchant_000072,25.65,USD,purchase,2025-06-16T04:52:30,2025-06-16T04:53:25
txn_002034,acct_000067,device_000138,ip_000179,token_001084,merchant_000045,5.35,USD,purchase,2025-06-16T10:07:00,2025-06-16T10:08:02
txn_003774,acct_000017,device_000028,ip_000297,token_001206,merchant_000066,16.45,USD,purchase,2025-06-16T12:06:07,2025-06-16T12:09:07
txn_003706,acct_000362,device_000128,ip_000173,token_000178,merchant_000044,30.48,USD,purchase,2025-06-16T12:08:54,2025-06-16T12:11:16
txn_003025,acct_000161,device_000450,ip_000335,token_000022,merchant_000006,47.91,USD,purchase,2025-06-16T16:11:18,2025-06-16T16:12:15
txn_000652,acct_000107,device_000397,ip_000393,token_000773,merchant_000017,57.02,USD,purchase,2025-06-16T21:16:05,2025-06-16T21:16:35
txn_000587,acct_001063,device_000326,ip_000172,token_000350,merchant_000074,4.8,USD,purchase,2025-06-17T00:04:26,2025-06-17T00:07:59
txn_003557,acct_000289,device_000054,ip_000140,token_000183,merchant_000071,11.31,USD,purchase,2025-06-17T00:11:48,2025-06-17T00:14:26
txn_003376,acct_000666,device_000204,ip_000367,token_000320,merchant_000004,2.54,USD,purchase,2025-06-17T01:31:33,2025-06-17T01:34:41
txn_000525,acct_000382,device_000412,ip_000182,token_000019,merchant_000013,24.13,USD,purchase,2025-06-17T07:22:57,2025-06-17T07:25:09
txn_000740,acct_000194,device_000130,ip_000373,token_000297,merchant_000064,76.1,USD,purchase,2025-06-17T10:08:53,2025-06-17T10:10:51
txn_002543,acct_000613,device_000283,ip_000073,token_000342,merchant_000001,18.69,USD,purchase,2025-06-17T10:22:24,2025-06-17T10:26:12
txn_002035,acct_000067,device_000138,ip_000179,token_001084,merchant_000045,-5.35,USD,refund,2025-06-17T12:07:00,2025-06-17T12:07:26
txn_001249,acct_000522,device_000308,ip_000336,token_000075,merchant_000057,19.02,USD,purchase,2025-06-17T13:44:00,2025-06-17T13:45:19
txn_003414,acct_000257,device_000173,ip_000239,token_000910,merchant_000017,7.92,USD,purchase,2025-06-17T14:07:37,2025-06-17T14:10:57
txn_003643,acct_000750,device_000508,ip_000318,token_001106,merchant_000076,7.25,USD,purchase,2025-06-17T15:29:44,2025-06-17T15:30:13
txn_003206,acct_000849,device_000102,ip_000441,token_000176,merchant_000044,137.66,USD,purchase,2025-06-17T16:48:28,2025-06-17T16:51:50
txn_001419,acct_000513,device_000291,ip_000298,token_000560,merchant_000052,16.64,USD,purchase,2025-06-17T17:59:43,2025-06-17T18:00:08
txn_002377,acct_000922,device_000533,ip_000051,token_000845,merchant_000058,11.98,USD,purchase,2025-06-17T21:06:46,2025-06-17T21:07:56
txn_003681,acct_000127,device_000045,ip_000472,token_000613,merchant_000079,4.55,USD,purchase,2025-06-17T22:14:52,2025-06-17T22:18:47
txn_003542,acct_000748,device_000056,ip_000397,token_000842,merchant_000028,38.53,USD,purchase,2025-06-18T00:24:50,2025-06-18T00:27:01
txn_002168,acct_000351,device_000536,ip_000361,token_001107,merchant_000049,146.6,USD,purchase,2025-06-18T01:54:25,2025-06-18T01:55:46
txn_002802,acct_001045,device_000128,ip_000302,token_000353,merchant_000002,34.36,USD,purchase,2025-06-18T07:18:24,2025-06-18T07:21:01
txn_000685,acct_001051,device_000076,ip_000362,token_000645,merchant_000005,25.78,USD,purchase,2025-06-18T07:22:20,2025-06-18T07:24:43
txn_000597,acct_000639,device_000170,ip_000407,token_000422,merchant_000063,85.95,USD,purchase,2025-06-18T08:14:55,2025-06-18T08:18:07
txn_003803,acct_000306,device_000324,ip_000134,token_000684,merchant_000041,352.86,USD,purchase,2025-06-18T10:08:32,2025-06-18T10:09:05
txn_003415,acct_000257,device_000173,ip_000239,token_000910,merchant_000017,-7.92,USD,refund,2025-06-18T14:07:37,2025-06-18T14:09:51
txn_000687,acct_000182,device_000529,ip_000439,token_000439,merchant_000001,3.87,USD,purchase,2025-06-18T16:08:40,2025-06-18T16:09:34
txn_000526,acct_000382,device_000412,ip_000182,token_000019,merchant_000013,-24.13,USD,refund,2025-06-18T16:22:57,2025-06-18T16:23:55
txn_002251,acct_000262,device_000340,ip_000006,token_000812,merchant_000056,27.8,USD,purchase,2025-06-18T16:54:56,2025-06-18T16:58:13
txn_001756,acct_000973,device_000111,ip_000193,token_000748,merchant_000079,15.31,USD,purchase,2025-06-18T17:51:24,2025-06-18T17:54:42
txn_002378,acct_000190,device_000191,ip_000151,token_000382,merchant_000052,14.25,USD,purchase,2025-06-18T22:09:57,2025-06-18T22:13:04
txn_002261,acct_001006,device_000253,ip_000367,token_000557,merchant_000054,9.84,USD,purchase,2025-06-19T01:33:39,2025-06-19T01:34:34
txn_002610,acct_001108,device_000361,ip_000481,token_000901,merchant_000073,141.63,USD,purchase,2025-06-19T04:22:03,2025-06-19T04:22:53
txn_002853,acct_000611,device_000497,ip_000369,token_000475,merchant_000050,12.67,USD,purchase,2025-06-19T06:17:46,2025-06-19T06:20:32
txn_000347,acct_000696,device_000171,ip_000315,token_000614,merchant_000047,5.24,USD,purchase,2025-06-19T07:43:54,2025-06-19T07:47:16
txn_003483,acct_000016,device_000277,ip_000083,token_001075,merchant_000009,28.1,USD,purchase,2025-06-19T07:45:03,2025-06-19T07:46:28
txn_000353,acct_000503,device_000318,ip_000238,token_000995,merchant_000072,5.16,USD,purchase,2025-06-19T09:03:12,2025-06-19T09:04:04
txn_002561,acct_000265,device_000501,ip_000244,token_000452,merchant_000063,16.96,USD,purchase,2025-06-19T09:21:14,2025-06-19T09:22:56
txn_003674,acct_000551,device_000115,ip_000003,token_000783,merchant_000060,223.85,USD,purchase,2025-06-19T11:15:52,2025-06-19T11:19:28
txn_001585,acct_000797,device_000059,ip_000469,token_000907,merchant_000042,34.14,USD,purchase,2025-06-19T11:42:21,2025-06-19T11:42:39
txn_002171,acct_000426,device_000443,ip_000484,token_000782,merchant_000067,10.46,USD,purchase,2025-06-19T12:16:37,2025-06-19T12:18:41
txn_003737,acct_000277,device_000055,ip_000109,token_000164,merchant_000002,18.74,USD,purchase,2025-06-19T18:27:55,2025-06-19T18:29:47
txn_001409,acct_000935,device_000266,ip_000013,token_001047,merchant_000030,96.38,USD,purchase,2025-06-20T05:27:25,2025-06-20T05:27:48
txn_000527,acct_000374,device_000550,ip_000416,token_000552,merchant_000014,41.51,USD,purchase,2025-06-20T07:47:16,2025-06-20T07:47:52
txn_003913,acct_000006,device_000069,ip_000310,token_000610,merchant_000058,89.12,USD,purchase,2025-06-20T13:14:25,2025-06-20T13:15:10
txn_001521,acct_000368,device_000066,ip_000316,token_000697,merchant_000069,9.72,USD,purchase,2025-06-20T13:32:24,2025-06-20T13:35:00
txn_001308,acct_000272,device_000300,ip_000027,token_000765,merchant_000008,207.53,USD,purchase,2025-06-20T15:00:25,2025-06-20T15:04:20
txn_002212,acct_000552,device_000260,ip_000410,token_000163,merchant_000048,12.38,USD,purchase,2025-06-20T15:37:12,2025-06-20T15:38:32
txn_000665,acct_000542,device_000184,ip_000228,token_000948,merchant_000003,11.75,USD,purchase,2025-06-20T20:15:06,2025-06-20T20:17:29
txn_001575,acct_000648,device_000434,ip_000028,token_000711,merchant_000068,30.48,USD,purchase,2025-06-20T21:26:55,2025-06-20T21:27:41
txn_003702,acct_000762,device_000214,ip_000290,token_000065,merchant_000045,57.19,USD,purchase,2025-06-20T22:49:33,2025-06-20T22:51:12
txn_000020,acct_000014,device_000406,ip_000171,token_000779,merchant_000043,4.53,USD,purchase,2025-06-20T23:10:30,2025-06-20T23:14:11
txn_002449,acct_000519,device_000163,ip_000124,token_001100,merchant_000055,23.33,USD,purchase,2025-06-21T06:31:27,2025-06-21T06:34:45
txn_003752,acct_000888,device_000520,ip_000224,token_000334,merchant_000028,26.35,USD,purchase,2025-06-21T12:56:43,2025-06-21T12:58:38
txn_002211,acct_000682,device_000354,ip_000456,token_000346,merchant_000074,23.63,USD,purchase,2025-06-21T18:12:29,2025-06-21T18:13:36
txn_003297,acct_000545,device_000008,ip_000132,token_000214,merchant_000080,14.96,USD,purchase,2025-06-21T18:45:28,2025-06-21T18:49:06
txn_000474,acct_000456,device_000391,ip_000267,token_000659,merchant_000024,31.88,USD,purchase,2025-06-21T19:06:08,2025-06-21T19:08:14
txn_003367,acct_000318,device_000258,ip_000416,token_000758,merchant_000050,49.05,USD,purchase,2025-06-21T22:57:51,2025-06-21T23:01:22
txn_003116,acct_000243,device_000123,ip_000236,token_001176,merchant_000061,46.11,USD,purchase,2025-06-22T01:39:58,2025-06-22T01:40:25
txn_002187,acct_000492,device_000397,ip_000069,token_001154,merchant_000011,5.5,USD,purchase,2025-06-22T02:05:19,2025-06-22T02:09:04
txn_002239,acct_000797,device_000262,ip_000177,token_000352,merchant_000048,49.4,USD,purchase,2025-06-22T03:52:07,2025-06-22T03:55:22
txn_002928,acct_000853,device_000451,ip_000112,token_000153,merchant_000027,8.63,USD,purchase,2025-06-22T07:17:45,2025-06-22T07:21:42
txn_001954,acct_001106,device_000103,ip_000354,token_001215,merchant_000028,243.05,USD,purchase,2025-06-22T15:35:30,2025-06-22T15:37:42
txn_001939,acct_000953,device_000105,ip_000129,token_000821,merchant_000076,32.42,USD,purchase,2025-06-22T15:51:48,2025-06-22T15:54:55
txn_001499,acct_000356,device_000205,ip_000139,token_000868,merchant_000012,149.18,USD,purchase,2025-06-22T16:50:17,2025-06-22T16:53:57
txn_000900,acct_000023,device_000281,ip_000477,token_000001,merchant_000039,14.61,USD,purchase,2025-06-22T20:15:56,2025-06-22T20:16:37
txn_003283,acct_000991,device_000130,ip_000048,token_000205,merchant_000018,7.06,USD,purchase,2025-06-22T21:46:16,2025-06-22T21:46:44
txn_002024,acct_001026,device_000368,ip_000342,token_000861,merchant_000077,22.63,USD,purchase,2025-06-22T23:21:35,2025-06-22T23:22:24
txn_002346,acct_000425,device_000255,ip_000256,token_000843,merchant_000065,38.71,USD,purchase,2025-06-23T04:02:08,2025-06-23T04:04:14
txn_003121,acct_000180,device_000068,ip_000428,token_000671,merchant_000049,69.74,USD,purchase,2025-06-23T05:44:46,2025-06-23T05:45:03
txn_003695,acct_000688,device_000407,ip_000290,token_000593,merchant_000019,50.79,USD,purchase,2025-06-23T09:23:29,2025-06-23T09:25:51
txn_003899,acct_000006,device_000342,ip_000043,token_000947,merchant_000047,45.67,USD,purchase,2025-06-23T13:58:40,2025-06-23T14:00:39
txn_003119,acct_001088,device_000402,ip_000276,token_000883,merchant_000023,3.52,USD,purchase,2025-06-23T14:15:48,2025-06-23T14:15:52
txn_003843,acct_000087,device_000361,ip_000231,token_001123,merchant_000063,101.15,USD,purchase,2025-06-23T15:23:47,2025-06-23T15:26:21
txn_001573,acct_000286,device_000318,ip_000278,token_000867,merchant_000004,4.59,USD,purchase,2025-06-23T20:21:12,2025-06-23T20:23:56
txn_002584,acct_000300,device_000216,ip_000414,token_000293,merchant_000042,41.51,USD,purchase,2025-06-23T22:58:19,2025-06-23T22:59:22
txn_003047,acct_000784,device_000576,ip_000293,token_001196,merchant_000034,9.33,USD,purchase,2025-06-24T00:20:50,2025-06-24T00:23:27
txn_001690,acct_001034,device_000304,ip_000454,token_000299,merchant_000024,32.63,USD,purchase,2025-06-24T02:02:16,2025-06-24T02:02:56
txn_001484,acct_000291,device_000027,ip_000456,token_000872,merchant_000016,52.2,USD,purchase,2025-06-24T04:57:53,2025-06-24T04:57:55
txn_003122,acct_000602,device_000416,ip_000158,token_000244,merchant_000031,7.68,USD,purchase,2025-06-24T12:31:41,2025-06-24T12:34:25
txn_003533,acct_000229,device_000222,ip_000412,token_000968,merchant_000037,83.1,USD,purchase,2025-06-24T14:20:17,2025-06-24T14:22:43
txn_002416,acct_000822,device_000314,ip_000223,token_000058,merchant_000063,10.76,USD,purchase,2025-06-24T14:33:30,2025-06-24T14:36:03
txn_001857,acct_000274,device_000568,ip_000169,token_000704,merchant_000003,12.67,USD,purchase,2025-06-24T16:07:49,2025-06-24T16:11:23
txn_003914,acct_000006,device_000005,ip_000093,token_000492,merchant_000005,66.32,USD,purchase,2025-06-24T16:50:39,2025-06-24T16:51:56
txn_000953,acct_000407,device_000017,ip_000111,token_000892,merchant_000019,93.71,USD,purchase,2025-06-24T17:44:55,2025-06-24T17:46:13
txn_000572,acct_000643,device_000383,ip_000043,token_000847,merchant_000065,60.83,USD,purchase,2025-06-24T19:09:50,2025-06-24T19:12:35
txn_003175,acct_000415,device_000083,ip_000097,token_000522,merchant_000012,62.68,USD,purchase,2025-06-24T19:17:56,2025-06-24T19:19:25
txn_001598,acct_001027,device_000539,ip_000073,token_000264,merchant_000027,27.32,USD,purchase,2025-06-24T20:38:44,2025-06-24T20:40:48
txn_003107,acct_000289,device_000505,ip_000229,token_000153,merchant_000046,58.28,USD,purchase,2025-06-24T22:39:20,2025-06-24T22:42:03
txn_002428,acct_000071,device_000193,ip_000195,token_001212,merchant_000048,5.34,USD,purchase,2025-06-25T00:53:48,2025-06-25T00:54:39
txn_000908,acct_000519,device_000141,ip_000171,token_000735,merchant_000060,26.72,USD,purchase,2025-06-25T01:28:09,2025-06-25T01:30:50
txn_002852,acct_000156,device_000277,ip_000182,token_001204,merchant_000063,14.3,USD,purchase,2025-06-25T02:39:47,2025-06-25T02:43:00
txn_004056,acct_000036,device_000186,ip_000130,token_000032,merchant_000019,181.1,USD,purchase,2025-06-25T03:46:19,2025-06-25T03:49:18
txn_004057,acct_000036,device_000186,ip_000130,token_000008,merchant_000064,63.41,USD,purchase,2025-06-25T03:47:19,2025-06-25T03:50:30
txn_004058,acct_000036,device_000186,ip_000130,token_000196,merchant_000039,159.48,USD,purchase,2025-06-25T03:52:19,2025-06-25T03:52:22
txn_004051,acct_000034,device_000186,ip_000130,token_000398,merchant_000007,103.22,USD,purchase,2025-06-25T03:53:19,2025-06-25T03:57:05
txn_004052,acct_000034,device_000186,ip_000130,token_000424,merchant_000026,63.36,USD,purchase,2025-06-25T03:55:19,2025-06-25T03:55:56
txn_004059,acct_000036,device_000186,ip_000130,token_000082,merchant_000032,28.64,USD,purchase,2025-06-25T03:55:19,2025-06-25T03:56:47
txn_004053,acct_000034,device_000186,ip_000130,token_000208,merchant_000019,76.3,USD,purchase,2025-06-25T03:59:19,2025-06-25T04:00:17
txn_004054,acct_000034,device_000186,ip_000130,token_000733,merchant_000067,136.88,USD,purchase,2025-06-25T03:59:19,2025-06-25T04:00:26
txn_004060,acct_000038,device_000186,ip_000130,token_000820,merchant_000009,40.92,USD,purchase,2025-06-25T04:02:19,2025-06-25T04:02:28
txn_004061,acct_000038,device_000186,ip_000130,token_000327,merchant_000068,55.15,USD,purchase,2025-06-25T04:03:19,2025-06-25T04:04:48
txn_004049,acct_000035,device_000186,ip_000130,token_000080,merchant_000019,171.03,USD,purchase,2025-06-25T04:05:19,2025-06-25T04:09:18
txn_004063,acct_000038,device_000186,ip_000130,token_001076,merchant_000061,28.4,USD,purchase,2025-06-25T04:05:19,2025-06-25T04:05:48
txn_004050,acct_000035,device_000186,ip_000130,token_000708,merchant_000017,19.16,USD,purchase,2025-06-25T04:06:19,2025-06-25T04:08:46
txn_004062,acct_000038,device_000186,ip_000130,token_000784,merchant_000031,27.4,USD,purchase,2025-06-25T04:06:19,2025-06-25T04:09:30
txn_004055,acct_000034,device_000186,ip_000130,token_000564,merchant_000023,37.65,USD,purchase,2025-06-25T04:09:19,2025-06-25T04:12:51
txn_001332,acct_000351,device_000579,ip_000393,token_000128,merchant_000008,12.99,USD,purchase,2025-06-25T04:34:26,2025-06-25T04:35:08
txn_000747,acct_001085,device_000379,ip_000156,token_000598,merchant_000041,34.44,USD,purchase,2025-06-25T08:16:38,2025-06-25T08:19:18
txn_002042,acct_000588,device_000040,ip_000191,token_000783,merchant_000060,7.6,USD,purchase,2025-06-25T09:17:26,2025-06-25T09:20:15
txn_002113,acct_000518,device_000318,ip_000142,token_000226,merchant_000006,3.53,USD,purchase,2025-06-25T12:00:30,2025-06-25T12:01:14
txn_000248,acct_000178,device_000509,ip_000450,token_000487,merchant_000048,59.83,USD,purchase,2025-06-25T12:04:20,2025-06-25T12:06:35
txn_000490,acct_001087,device_000287,ip_000487,token_000510,merchant_000048,47.22,USD,purchase,2025-06-25T12:10:54,2025-06-25T12:12:56
txn_003193,acct_000663,device_000358,ip_000407,token_000856,merchant_000040,16.13,USD,purchase,2025-06-25T13:32:43,2025-06-25T13:35:15
txn_003951,acct_000760,device_000583,ip_000435,token_000018,merchant_000028,21.16,USD,purchase,2025-06-25T14:00:34,2025-06-25T14:02:54
txn_000699,acct_000807,device_000382,ip_000391,token_001120,merchant_000014,19.06,USD,purchase,2025-06-25T15:27:54,2025-06-25T15:29:29
txn_003118,acct_001004,device_000555,ip_000265,token_000637,merchant_000061,102.64,USD,purchase,2025-06-25T15:54:53,2025-06-25T15:58:46
txn_002041,acct_000774,device_000161,ip_000075,token_000690,merchant_000020,101.99,USD,purchase,2025-06-25T16:07:46,2025-06-25T16:08:01
txn_004099,acct_000045,device_000483,ip_000117,token_000059,merchant_000020,1.64,USD,purchase,2025-06-25T17:21:51,2025-06-25T17:23:59
txn_004100,acct_000045,device_000483,ip_000117,token_001198,merchant_000040,1.49,USD,purchase,2025-06-25T17:22:07,2025-06-25T17:23:43
txn_004101,acct_000045,device_000483,ip_000117,token_000802,merchant_000041,1.89,USD,purchase,2025-06-25T17:22:19,2025-06-25T17:26:13
txn_004106,acct_000045,device_000483,ip_000117,token_000465,merchant_000021,2.46,USD,purchase,2025-06-25T17:22:40,2025-06-25T17:26:24
txn_004102,acct_000045,device_000483,ip_000117,token_000868,merchant_000072,1.24,USD,purchase,2025-06-25T17:22:51,2025-06-25T17:24:09
txn_004103,acct_000045,device_000483,ip_000117,token_000561,merchant_000014,2.56,USD,purchase,2025-06-25T17:23:07,2025-06-25T17:24:43
txn_004104,acct_000045,device_000483,ip_000117,token_000404,merchant_000071,2.66,USD,purchase,2025-06-25T17:23:16,2025-06-25T17:24:44
txn_004107,acct_000045,device_000483,ip_000117,token_001023,merchant_000027,2.93,USD,purchase,2025-06-25T17:23:27,2025-06-25T17:26:58
txn_004105,acct_000045,device_000483,ip_000117,token_000269,merchant_000068,0.7,USD,purchase,2025-06-25T17:23:39,2025-06-25T17:27:38
txn_003866,acct_000693,device_000203,ip_000410,token_000717,merchant_000069,52.59,USD,purchase,2025-06-25T17:51:15,2025-06-25T17:54:34
txn_003308,acct_000260,device_000426,ip_000328,token_000654,merchant_000072,156.14,USD,purchase,2025-06-25T19:08:54,2025-06-25T19:12:52
txn_004015,acct_000027,device_000489,ip_000136,token_000875,merchant_000063,56.31,USD,purchase,2025-06-25T21:39:27,2025-06-25T21:41:04
txn_003784,acct_000085,device_000515,ip_000332,token_000232,merchant_000009,56.56,USD,purchase,2025-06-26T01:47:09,2025-06-26T01:49:43
txn_001691,acct_001034,device_000304,ip_000454,token_000299,merchant_000024,-32.63,USD,refund,2025-06-26T03:02:16,2025-06-26T03:06:00
txn_001724,acct_000395,device_000023,ip_000021,token_000060,merchant_000032,3.53,USD,purchase,2025-06-26T03:26:49,2025-06-26T03:29:14
txn_003004,acct_000368,device_000460,ip_000244,token_000280,merchant_000011,52.75,USD,purchase,2025-06-26T07:06:30,2025-06-26T07:08:13
txn_002131,acct_000949,device_000456,ip_000384,token_000573,merchant_000024,53.0,USD,purchase,2025-06-26T07:51:58,2025-06-26T07:54:37
txn_002324,acct_000460,device_000544,ip_000339,token_000055,merchant_000049,40.41,USD,purchase,2025-06-26T09:21:06,2025-06-26T09:23:05
txn_003437,acct_000771,device_000491,ip_000186,token_000796,merchant_000023,17.67,USD,purchase,2025-06-26T10:09:09,2025-06-26T10:12:02
txn_004000,acct_000017,device_000118,ip_000438,token_000724,merchant_000060,13.69,USD,purchase,2025-06-26T11:26:20,2025-06-26T11:27:25
txn_001199,acct_000046,device_000090,ip_000068,token_000884,merchant_000046,146.42,USD,purchase,2025-06-26T12:43:58,2025-06-26T12:46:26
txn_002685,acct_000512,device_000056,ip_000190,token_000825,merchant_000065,29.74,USD,purchase,2025-06-26T14:48:30,2025-06-26T14:48:48
txn_002654,acct_000847,device_000511,ip_000482,token_000938,merchant_000060,10.59,USD,purchase,2025-06-26T16:09:22,2025-06-26T16:12:38
txn_002481,acct_000278,device_000109,ip_000391,token_000065,merchant_000005,127.05,USD,purchase,2025-06-26T21:51:53,2025-06-26T21:51:56
txn_000800,acct_000523,device_000350,ip_000414,token_000999,merchant_000071,62.05,USD,purchase,2025-06-27T05:10:24,2025-06-27T05:11:52
txn_003236,acct_000335,device_000563,ip_000244,token_000568,merchant_000008,16.8,USD,purchase,2025-06-27T05:42:47,2025-06-27T05:45:25
txn_000043,acct_000034,device_000128,ip_000476,token_000324,merchant_000057,4.04,USD,purchase,2025-06-27T07:03:26,2025-06-27T07:04:00
txn_003717,acct_000497,device_000444,ip_000101,token_000082,merchant_000043,55.98,USD,purchase,2025-06-27T09:17:58,2025-06-27T09:20:08
txn_003504,acct_000721,device_000352,ip_000339,token_000898,merchant_000077,32.01,USD,purchase,2025-06-27T09:25:30,2025-06-27T09:27:28
txn_000637,acct_000854,device_000436,ip_000076,token_000058,merchant_000037,7.58,USD,purchase,2025-06-27T12:18:56,2025-06-27T12:21:25
txn_000801,acct_000053,device_000557,ip_000065,token_000194,merchant_000030,49.8,USD,purchase,2025-06-27T15:35:19,2025-06-27T15:38:22
txn_001861,acct_000529,device_000468,ip_000009,token_000837,merchant_000014,333.28,USD,purchase,2025-06-27T16:55:05,2025-06-27T16:55:11
txn_002525,acct_000155,device_000089,ip_000028,token_000810,merchant_000056,15.85,USD,purchase,2025-06-27T18:21:18,2025-06-27T18:23:13
txn_002645,acct_000678,device_000565,ip_000425,token_000595,merchant_000054,310.3,USD,purchase,2025-06-27T20:32:41,2025-06-27T20:36:20
txn_000314,acct_000052,device_000415,ip_000477,token_001023,merchant_000019,173.27,USD,purchase,2025-06-27T21:14:56,2025-06-27T21:17:06
txn_003739,acct_000175,device_000102,ip_000150,token_001227,merchant_000012,177.16,USD,purchase,2025-06-27T21:50:23,2025-06-27T21:51:39
txn_002023,acct_000487,device_000324,ip_000068,token_000019,merchant_000001,21.53,USD,purchase,2025-06-27T22:44:48,2025-06-27T22:44:59
txn_001307,acct_000270,device_000048,ip_000066,token_001107,merchant_000038,44.48,USD,purchase,2025-06-28T01:05:18,2025-06-28T01:09:13
txn_000298,acct_000123,device_000288,ip_000070,token_000228,merchant_000060,12.89,USD,purchase,2025-06-28T02:15:55,2025-06-28T02:16:52
txn_002148,acct_000751,device_000096,ip_000462,token_000385,merchant_000031,357.85,USD,purchase,2025-06-28T02:19:51,2025-06-28T02:21:33
txn_000237,acct_000270,device_000208,ip_000002,token_000519,merchant_000002,24.31,USD,purchase,2025-06-28T02:51:33,2025-06-28T02:55:00
txn_002052,acct_000792,device_000465,ip_000052,token_000607,merchant_000065,25.89,USD,purchase,2025-06-28T04:03:30,2025-06-28T04:04:21
txn_001360,acct_000244,device_000365,ip_000298,token_000615,merchant_000074,11.04,USD,purchase,2025-06-28T10:29:57,2025-06-28T10:33:48
txn_002325,acct_000460,device_000544,ip_000339,token_000055,merchant_000049,-40.41,USD,refund,2025-06-28T12:21:06,2025-06-28T12:21:37
txn_002504,acct_001042,device_000544,ip_000133,token_000548,merchant_000020,28.99,USD,purchase,2025-06-28T14:51:02,2025-06-28T14:53:58
txn_000459,acct_000506,device_000539,ip_000169,token_001166,merchant_000063,22.8,USD,purchase,2025-06-28T17:25:02,2025-06-28T17:25:26
txn_000824,acct_000459,device_000477,ip_000138,token_001177,merchant_000007,38.31,USD,purchase,2025-06-28T17:44:13,2025-06-28T17:46:05
txn_002518,acct_001057,device_000476,ip_000485,token_000719,merchant_000015,7.04,USD,purchase,2025-06-28T17:47:06,2025-06-28T17:47:14
txn_001613,acct_000942,device_000483,ip_000147,token_001091,merchant_000056,16.3,USD,purchase,2025-06-28T18:04:55,2025-06-28T18:05:25
txn_001282,acct_000380,device_000136,ip_000225,token_000798,merchant_000004,161.0,USD,purchase,2025-06-28T19:04:25,2025-06-28T19:06:27
txn_000729,acct_000290,device_000355,ip_000235,token_000811,merchant_000022,69.01,USD,purchase,2025-06-28T20:59:19,2025-06-28T20:59:40
txn_002665,acct_000058,device_000059,ip_000409,token_000635,merchant_000010,22.03,USD,purchase,2025-06-29T04:48:14,2025-06-29T04:51:47
txn_001873,acct_000915,device_000309,ip_000144,token_000732,merchant_000060,59.22,USD,purchase,2025-06-29T05:57:55,2025-06-29T05:59:41
txn_001160,acct_000086,device_000560,ip_000278,token_000006,merchant_000052,51.22,USD,purchase,2025-06-29T07:35:22,2025-06-29T07:36:32
txn_002912,acct_001085,device_000176,ip_000033,token_000474,merchant_000022,13.73,USD,purchase,2025-06-29T08:43:07,2025-06-29T08:44:32
txn_001453,acct_000532,device_000159,ip_000193,token_000094,merchant_000077,2.2,USD,purchase,2025-06-29T08:50:42,2025-06-29T08:50:47
txn_002566,acct_000497,device_000581,ip_000357,token_000743,merchant_000041,34.72,USD,purchase,2025-06-29T09:46:29,2025-06-29T09:47:43
txn_001371,acct_001107,device_000193,ip_000328,token_000926,merchant_000011,6.27,USD,purchase,2025-06-29T11:17:24,2025-06-29T11:19:53
txn_002762,acct_000870,device_000104,ip_000199,token_000656,merchant_000065,8.84,USD,purchase,2025-06-29T15:41:14,2025-06-29T15:42:33
txn_003237,acct_000335,device_000563,ip_000244,token_000568,merchant_000008,-16.8,USD,refund,2025-06-29T15:42:47,2025-06-29T15:45:07
txn_002563,acct_000445,device_000131,ip_000311,token_000546,merchant_000023,254.15,USD,purchase,2025-06-29T16:24:33,2025-06-29T16:24:51
txn_002172,acct_000693,device_000191,ip_000242,token_000295,merchant_000068,40.18,USD,purchase,2025-06-29T17:18:51,2025-06-29T17:21:01
txn_000705,acct_000419,device_000381,ip_000266,token_000515,merchant_000061,10.86,USD,purchase,2025-06-29T18:21:21,2025-06-29T18:24:33
txn_000259,acct_000160,device_000499,ip_000059,token_001213,merchant_000077,17.03,USD,purchase,2025-06-29T18:37:09,2025-06-29T18:39:03
txn_001265,acct_000263,device_000068,ip_000159,token_000382,merchant_000041,37.11,USD,purchase,2025-06-29T20:32:30,2025-06-29T20:36:26
txn_001321,acct_000647,device_000412,ip_000120,token_000893,merchant_000032,133.4,USD,purchase,2025-06-29T22:00:40,2025-06-29T22:03:26
txn_002310,acct_000640,device_000538,ip_000112,token_000812,merchant_000072,12.43,USD,purchase,2025-06-29T22:29:22,2025-06-29T22:33:02
txn_001150,acct_000868,device_000574,ip_000463,token_001034,merchant_000020,49.51,USD,purchase,2025-06-29T22:49:10,2025-06-29T22:52:02
txn_001791,acct_000066,device_000180,ip_000273,token_000552,merchant_000052,31.28,USD,purchase,2025-06-29T23:57:24,2025-06-29T23:57:36
txn_001004,acct_000896,device_000051,ip_000130,token_000007,merchant_000056,299.47,USD,purchase,2025-06-30T00:54:07,2025-06-30T00:56:22
txn_001609,acct_001079,device_000014,ip_000153,token_000651,merchant_000006,2.56,USD,purchase,2025-06-30T05:09:14,2025-06-30T05:10:51
txn_002415,acct_001016,device_000051,ip_000044,token_000569,merchant_000076,7.97,USD,purchase,2025-06-30T06:09:11,2025-06-30T06:09:45
txn_003317,acct_000672,device_000161,ip_000334,token_000087,merchant_000024,213.46,USD,purchase,2025-06-30T06:40:18,2025-06-30T06:42:56
txn_001963,acct_000814,device_000558,ip_000073,token_001187,merchant_000051,120.93,USD,purchase,2025-06-30T09:53:26,2025-06-30T09:54:11
txn_002473,acct_000760,device_000066,ip_000112,token_001025,merchant_000062,34.42,USD,purchase,2025-06-30T11:29:51,2025-06-30T11:30:46
txn_001844,acct_000627,device_000372,ip_000452,token_001187,merchant_000069,9.47,USD,purchase,2025-06-30T12:22:46,2025-06-30T12:25:53
txn_002240,acct_000703,device_000151,ip_000332,token_000305,merchant_000035,17.06,USD,purchase,2025-06-30T13:58:04,2025-06-30T13:58:36
txn_003773,acct_000813,device_000536,ip_000166,token_000071,merchant_000002,297.32,USD,purchase,2025-06-30T14:48:34,2025-06-30T14:50:45
txn_002596,acct_000624,device_000446,ip_000317,token_000237,merchant_000015,60.87,USD,purchase,2025-06-30T15:56:31,2025-06-30T15:56:34
txn_002117,acct_000432,device_000059,ip_000227,token_000201,merchant_000060,218.89,USD,purchase,2025-06-30T20:33:41,2025-06-30T20:34:31
txn_003554,acct_001060,device_000445,ip_000057,token_000457,merchant_000054,270.13,USD,purchase,2025-06-30T22:55:46,2025-06-30T22:56:07
txn_003628,acct_000570,device_000450,ip_000073,token_000721,merchant_000038,163.13,USD,purchase,2025-07-01T01:14:59,2025-07-01T01:18:15
txn_003646,acct_000763,device_000283,ip_000152,token_000043,merchant_000019,21.65,USD,purchase,2025-07-01T06:36:59,2025-07-01T06:39:50
txn_002687,acct_000152,device_000336,ip_000062,token_000567,merchant_000076,20.34,USD,purchase,2025-07-01T06:56:17,2025-07-01T06:58:45
txn_001012,acct_000281,device_000237,ip_000211,token_000090,merchant_000027,122.42,USD,purchase,2025-07-01T09:31:40,2025-07-01T09:32:15
txn_003521,acct_000751,device_000333,ip_000324,token_000637,merchant_000017,29.99,USD,purchase,2025-07-01T09:31:47,2025-07-01T09:34:18
txn_001013,acct_000281,device_000237,ip_000211,token_000090,merchant_000027,-122.42,USD,refund,2025-07-01T11:31:40,2025-07-01T11:35:36
txn_003054,acct_000892,device_000389,ip_000220,token_001055,merchant_000039,4.33,USD,purchase,2025-07-01T11:34:15,2025-07-01T11:34:55
txn_002306,acct_000567,device_000462,ip_000085,token_000886,merchant_000079,33.95,USD,purchase,2025-07-01T12:30:48,2025-07-01T12:32:06
txn_002585,acct_000340,device_000485,ip_000493,token_000113,merchant_000035,38.66,USD,purchase,2025-07-01T13:38:50,2025-07-01T13:39:55
txn_002384,acct_000282,device_000191,ip_000463,token_000108,merchant_000029,8.39,USD,purchase,2025-07-01T15:22:36,2025-07-01T15:24:59
txn_002106,acct_000458,device_000019,ip_000363,token_000626,merchant_000043,20.2,USD,purchase,2025-07-01T15:36:52,2025-07-01T15:40:36
txn_000609,acct_001013,device_000062,ip_000109,token_000027,merchant_000028,51.43,USD,purchase,2025-07-01T19:28:40,2025-07-01T19:29:07
txn_003966,acct_000030,device_000066,ip_000381,token_001005,merchant_000071,140.58,USD,purchase,2025-07-01T23:10:46,2025-07-01T23:12:37
txn_003798,acct_000717,device_000221,ip_000279,token_000238,merchant_000042,15.63,USD,purchase,2025-07-02T04:30:40,2025-07-02T04:33:00
txn_003507,acct_000333,device_000335,ip_000436,token_000215,merchant_000064,10.47,USD,purchase,2025-07-02T04:45:36,2025-07-02T04:47:27
txn_003355,acct_000216,device_000039,ip_000424,token_000880,merchant_000073,49.88,USD,purchase,2025-07-02T06:29:35,2025-07-02T06:33:13
txn_002287,acct_001015,device_000143,ip_000269,token_000821,merchant_000016,15.05,USD,purchase,2025-07-02T07:14:53,2025-07-02T07:17:23
txn_001269,acct_000875,device_000090,ip_000260,token_000717,merchant_000005,3.01,USD,purchase,2025-07-02T08:27:09,2025-07-02T08:29:31
txn_003555,acct_000928,device_000021,ip_000248,token_000486,merchant_000049,5.02,USD,purchase,2025-07-02T09:10:35,2025-07-02T09:11:42
txn_000777,acct_000498,device_000165,ip_000167,token_000983,merchant_000076,58.56,USD,purchase,2025-07-02T11:31:19,2025-07-02T11:35:12
txn_000603,acct_000081,device_000346,ip_000331,token_000034,merchant_000009,43.85,USD,purchase,2025-07-02T11:43:24,2025-07-02T11:46:37
txn_002984,acct_000978,device_000429,ip_000412,token_000522,merchant_000074,106.31,USD,purchase,2025-07-02T12:54:56,2025-07-02T12:55:08
txn_001838,acct_000864,device_000124,ip_000411,token_000496,merchant_000010,38.64,USD,purchase,2025-07-02T14:38:30,2025-07-02T14:39:39
txn_001603,acct_001011,device_000361,ip_000052,token_000353,merchant_000033,21.52,USD,purchase,2025-07-02T15:08:36,2025-07-02T15:08:50
txn_003532,acct_000414,device_000419,ip_000338,token_000033,merchant_000036,156.03,USD,purchase,2025-07-02T15:52:47,2025-07-02T15:55:11
txn_002992,acct_000442,device_000011,ip_000352,token_000921,merchant_000021,112.87,USD,purchase,2025-07-02T16:38:24,2025-07-02T16:40:40
txn_000706,acct_000021,device_000326,ip_000214,token_000368,merchant_000020,15.85,USD,purchase,2025-07-02T17:19:00,2025-07-02T17:21:58
txn_002468,acct_000537,device_000433,ip_000033,token_000870,merchant_000071,29.18,USD,purchase,2025-07-02T18:08:34,2025-07-02T18:11:16
txn_003454,acct_000599,device_000367,ip_000435,token_001170,merchant_000058,16.54,USD,purchase,2025-07-03T00:08:40,2025-07-03T00:09:13
txn_001806,acct_000487,device_000110,ip_000127,token_000523,merchant_000017,16.21,USD,purchase,2025-07-03T01:35:10,2025-07-03T01:36:47
txn_001619,acct_000056,device_000156,ip_000453,token_000351,merchant_000030,54.21,USD,purchase,2025-07-03T02:56:38,2025-07-03T02:56:48
txn_000640,acct_000807,device_000070,ip_000470,token_000991,merchant_000049,31.3,USD,purchase,2025-07-03T05:03:00,2025-07-03T05:06:02
txn_003142,acct_000485,device_000451,ip_000303,token_001204,merchant_000069,12.95,USD,purchase,2025-07-03T12:23:08,2025-07-03T12:25:27
txn_003772,acct_000617,device_000022,ip_000205,token_000488,merchant_000047,7.97,USD,purchase,2025-07-03T12:30:50,2025-07-03T12:34:28
txn_001401,acct_001108,device_000390,ip_000290,token_000085,merchant_000066,201.18,USD,purchase,2025-07-03T13:04:54,2025-07-03T13:07:01
txn_003845,acct_000402,device_000421,ip_000340,token_000333,merchant_000062,8.0,USD,purchase,2025-07-03T17:07:48,2025-07-03T17:10:15
txn_002941,acct_000521,device_000005,ip_000408,token_001155,merchant_000028,8.34,USD,purchase,2025-07-03T23:50:25,2025-07-03T23:52:07
txn_001911,acct_000491,device_000368,ip_000452,token_000191,merchant_000053,38.4,USD,purchase,2025-07-04T04:09:49,2025-07-04T04:10:22
txn_002340,acct_000280,device_000498,ip_000101,token_001169,merchant_000080,12.57,USD,purchase,2025-07-04T07:00:20,2025-07-04T07:00:58
txn_002786,acct_000915,device_000372,ip_000039,token_001199,merchant_000026,63.46,USD,purchase,2025-07-04T07:47:50,2025-07-04T07:49:16
txn_002726,acct_000416,device_000163,ip_000259,token_000309,merchant_000056,4.24,USD,purchase,2025-07-04T09:51:42,2025-07-04T09:55:25
txn_003905,acct_000006,device_000005,ip_000144,token_000282,merchant_000024,59.81,USD,purchase,2025-07-04T12:51:26,2025-07-04T12:53:15
txn_001876,acct_000976,device_000399,ip_000239,token_000860,merchant_000072,13.99,USD,purchase,2025-07-04T14:18:05,2025-07-04T14:18:44
txn_001920,acct_000393,device_000039,ip_000044,token_000671,merchant_000074,34.47,USD,purchase,2025-07-04T15:02:56,2025-07-04T15:06:53
txn_003104,acct_000384,device_000184,ip_000203,token_001056,merchant_000079,16.8,USD,purchase,2025-07-04T18:07:01,2025-07-04T18:10:13
txn_003669,acct_000117,device_000566,ip_000239,token_000976,merchant_000030,5.61,USD,purchase,2025-07-04T18:46:09,2025-07-04T18:47:56
txn_000870,acct_000793,device_000329,ip_000321,token_001085,merchant_000025,191.31,USD,purchase,2025-07-04T21:03:09,2025-07-04T21:05:16
txn_002855,acct_000656,device_000186,ip_000174,token_000981,merchant_000033,23.09,USD,purchase,2025-07-05T10:21:29,2025-07-05T10:23:22
txn_002995,acct_000816,device_000106,ip_000222,token_000727,merchant_000029,23.65,USD,purchase,2025-07-05T17:08:15,2025-07-05T17:11:10
txn_002942,acct_000521,device_000005,ip_000408,token_001155,merchant_000028,-8.34,USD,refund,2025-07-05T21:50:25,2025-07-05T21:51:09
txn_001846,acct_000059,device_000490,ip_000355,token_000279,merchant_000016,67.29,USD,purchase,2025-07-05T22:56:33,2025-07-05T22:56:36
txn_002394,acct_000397,device_000046,ip_000160,token_000013,merchant_000062,133.47,USD,purchase,2025-07-06T01:51:38,2025-07-06T01:53:12
txn_002759,acct_000747,device_000399,ip_000441,token_000689,merchant_000074,73.47,USD,purchase,2025-07-06T03:09:53,2025-07-06T03:11:32
txn_003971,acct_000033,device_000129,ip_000414,token_001005,merchant_000037,58.71,USD,purchase,2025-07-06T04:01:59,2025-07-06T04:04:19
txn_003425,acct_000457,device_000079,ip_000177,token_000413,merchant_000003,45.96,USD,purchase,2025-07-06T04:04:10,2025-07-06T04:04:21
txn_002002,acct_000963,device_000461,ip_000121,token_000890,merchant_000060,2.03,USD,purchase,2025-07-06T10:04:39,2025-07-06T10:05:56
txn_002954,acct_000624,device_000213,ip_000300,token_000215,merchant_000032,2.54,USD,purchase,2025-07-06T10:16:50,2025-07-06T10:19:03
txn_003574,acct_000058,device_000259,ip_000314,token_001013,merchant_000045,42.09,USD,purchase,2025-07-06T10:45:18,2025-07-06T10:46:55
txn_000129,acct_000661,device_000119,ip_000390,token_000722,merchant_000072,374.59,USD,purchase,2025-07-06T13:22:19,2025-07-06T13:25:21
txn_002344,acct_000964,device_000343,ip_000222,token_000964,merchant_000008,79.66,USD,purchase,2025-07-06T18:10:35,2025-07-06T18:11:06
txn_001481,acct_000498,device_000509,ip_000206,token_000406,merchant_000010,20.41,USD,purchase,2025-07-06T20:22:59,2025-07-06T20:24:11
txn_003762,acct_000413,device_000569,ip_000078,token_001029,merchant_000008,9.2,USD,purchase,2025-07-06T21:54:20,2025-07-06T21:57:38
txn_002510,acct_001078,device_000139,ip_000227,token_000861,merchant_000063,48.43,USD,purchase,2025-07-07T00:05:02,2025-07-07T00:07:42
txn_001840,acct_000481,device_000562,ip_000389,token_000254,merchant_000020,5.77,USD,purchase,2025-07-07T02:58:21,2025-07-07T02:58:59
txn_003212,acct_001039,device_000279,ip_000182,token_000454,merchant_000044,17.97,USD,purchase,2025-07-07T03:11:18,2025-07-07T03:15:06
txn_001908,acct_000397,device_000570,ip_000196,token_000019,merchant_000036,58.16,USD,purchase,2025-07-07T04:30:48,2025-07-07T04:34:01
txn_000161,acct_000080,device_000545,ip_000258,token_000241,merchant_000012,527.83,USD,purchase,2025-07-07T06:48:40,2025-07-07T06:50:59
txn_002365,acct_000304,device_000296,ip_000378,token_001202,merchant_000032,39.33,USD,purchase,2025-07-07T09:28:56,2025-07-07T09:29:01
txn_002231,acct_000064,device_000564,ip_000084,token_000340,merchant_000052,34.01,USD,purchase,2025-07-07T14:32:47,2025-07-07T14:35:25
txn_000821,acct_000026,device_000304,ip_000125,token_000043,merchant_000079,72.91,USD,purchase,2025-07-07T16:26:00,2025-07-07T16:28:22
txn_003269,acct_000804,device_000426,ip_000340,token_000861,merchant_000036,39.26,USD,purchase,2025-07-07T17:45:48,2025-07-07T17:46:35
txn_000172,acct_000513,device_000454,ip_000495,token_000773,merchant_000073,200.46,USD,purchase,2025-07-07T19:45:26,2025-07-07T19:48:45
txn_001808,acct_000079,device_000161,ip_000341,token_001199,merchant_000062,3.28,USD,purchase,2025-07-07T19:53:24,2025-07-07T19:54:47
txn_003472,acct_001088,device_000147,ip_000168,token_001106,merchant_000042,25.35,USD,purchase,2025-07-07T23:50:46,2025-07-07T23:53:50
txn_000019,acct_000343,device_000446,ip_000142,token_000863,merchant_000039,56.54,USD,purchase,2025-07-08T01:21:46,2025-07-08T01:22:50
txn_003147,acct_001058,device_000387,ip_000008,token_000627,merchant_000024,25.62,USD,purchase,2025-07-08T06:08:17,2025-07-08T06:11:41
txn_000373,acct_001014,device_000042,ip_000227,token_000731,merchant_000072,22.43,USD,purchase,2025-07-08T10:23:14,2025-07-08T10:26:19
txn_003577,acct_000750,device_000580,ip_000125,token_000596,merchant_000016,92.16,USD,purchase,2025-07-08T11:33:09,2025-07-08T11:35:50
txn_003888,acct_000007,device_000003,ip_000457,token_000321,merchant_000062,16.17,USD,purchase,2025-07-08T12:40:20,2025-07-08T12:44:02
txn_002672,acct_000639,device_000572,ip_000430,token_000795,merchant_000075,30.34,USD,purchase,2025-07-08T18:37:55,2025-07-08T18:40:22
txn_002059,acct_000934,device_000480,ip_000003,token_000148,merchant_000057,8.93,USD,purchase,2025-07-08T20:31:10,2025-07-08T20:33:37
txn_001688,acct_000005,device_000143,ip_000325,token_000745,merchant_000037,38.3,USD,purchase,2025-07-08T23:03:24,2025-07-08T23:06:26
txn_001909,acct_000397,device_000570,ip_000196,token_000019,merchant_000036,-58.16,USD,refund,2025-07-08T23:30:48,2025-07-08T23:31:20
txn_000138,acct_000768,device_000527,ip_000412,token_001042,merchant_000058,7.44,USD,purchase,2025-07-09T01:20:55,2025-07-09T01:21:20
txn_000915,acct_000719,device_000503,ip_000014,token_000779,merchant_000005,41.9,USD,purchase,2025-07-09T07:20:54,2025-07-09T07:21:59
txn_000105,acct_000938,device_000147,ip_000162,token_000370,merchant_000011,16.88,USD,purchase,2025-07-09T08:34:58,2025-07-09T08:36:54
txn_003289,acct_000456,device_000145,ip_000115,token_000119,merchant_000040,49.73,USD,purchase,2025-07-09T09:21:31,2025-07-09T09:24:31
txn_000571,acct_000906,device_000144,ip_000482,token_000254,merchant_000073,6.64,USD,purchase,2025-07-09T14:54:13,2025-07-09T14:58:08
txn_001874,acct_000642,device_000043,ip_000261,token_001136,merchant_000078,54.89,USD,purchase,2025-07-09T16:04:39,2025-07-09T16:06:46
txn_000508,acct_000807,device_000570,ip_000419,token_001099,merchant_000068,36.82,USD,purchase,2025-07-09T17:44:22,2025-07-09T17:47:09
txn_002492,acct_000056,device_000141,ip_000015,token_000777,merchant_000002,34.98,USD,purchase,2025-07-09T19:56:53,2025-07-09T20:00:14
txn_001945,acct_000730,device_000540,ip_000305,token_000835,merchant_000006,26.62,USD,purchase,2025-07-09T22:16:27,2025-07-09T22:19:47
txn_000788,acct_001058,device_000125,ip_000084,token_000430,merchant_000016,49.79,USD,purchase,2025-07-09T22:49:15,2025-07-09T22:50:37
txn_000285,acct_000396,device_000026,ip_000369,token_001215,merchant_000031,8.91,USD,purchase,2025-07-09T23:58:40,2025-07-10T00:01:25
txn_003725,acct_000827,device_000447,ip_000173,token_000165,merchant_000063,12.05,USD,purchase,2025-07-10T00:00:02,2025-07-10T00:03:39
txn_001179,acct_000816,device_000212,ip_000125,token_000602,merchant_000022,11.35,USD,purchase,2025-07-10T00:28:07,2025-07-10T00:31:41
txn_002419,acct_001109,device_000124,ip_000283,token_000268,merchant_000015,43.83,USD,purchase,2025-07-10T07:43:51,2025-07-10T07:45:47
txn_002861,acct_000246,device_000414,ip_000470,token_000001,merchant_000068,39.67,USD,purchase,2025-07-10T07:56:22,2025-07-10T07:57:46
txn_003473,acct_001088,device_000147,ip_000168,token_001106,merchant_000042,-25.35,USD,refund,2025-07-10T09:50:46,2025-07-10T09:52:47
txn_000357,acct_000837,device_000261,ip_000442,token_001208,merchant_000008,30.27,USD,purchase,2025-07-10T10:28:23,2025-07-10T10:28:52
txn_000317,acct_000913,device_000090,ip_000263,token_000808,merchant_000025,10.27,USD,purchase,2025-07-10T11:28:06,2025-07-10T11:28:21
txn_000836,acct_000874,device_000414,ip_000223,token_000773,merchant_000011,32.99,USD,purchase,2025-07-10T11:28:06,2025-07-10T11:29:25
txn_003114,acct_000607,device_000169,ip_000279,token_001222,merchant_000001,37.52,USD,purchase,2025-07-10T14:02:11,2025-07-10T14:06:00
txn_001428,acct_000717,device_000572,ip_000493,token_000864,merchant_000011,9.66,USD,purchase,2025-07-10T18:01:37,2025-07-10T18:02:03
txn_001373,acct_000234,device_000084,ip_000296,token_000504,merchant_000079,87.05,USD,purchase,2025-07-10T22:49:40,2025-07-10T22:49:43
txn_002296,acct_001088,device_000151,ip_000117,token_000190,merchant_000028,41.82,USD,purchase,2025-07-11T02:34:33,2025-07-11T02:37:28
txn_000967,acct_000169,device_000009,ip_000077,token_001107,merchant_000055,153.05,USD,purchase,2025-07-11T07:48:59,2025-07-11T07:49:38
txn_003645,acct_000175,device_000093,ip_000479,token_001159,merchant_000060,25.02,USD,purchase,2025-07-11T11:07:44,2025-07-11T11:09:34
txn_002506,acct_000238,device_000178,ip_000230,token_000396,merchant_000014,42.76,USD,purchase,2025-07-11T11:12:01,2025-07-11T11:15:08
txn_002195,acct_000876,device_000560,ip_000213,token_000179,merchant_000024,1.61,USD,purchase,2025-07-11T16:23:41,2025-07-11T16:24:11
txn_001837,acct_000425,device_000014,ip_000256,token_000158,merchant_000055,6.04,USD,purchase,2025-07-11T18:05:55,2025-07-11T18:08:54
txn_003519,acct_000746,device_000169,ip_000076,token_000431,merchant_000060,16.03,USD,purchase,2025-07-11T18:31:09,2025-07-11T18:34:33
txn_000286,acct_000396,device_000026,ip_000369,token_001215,merchant_000031,-8.91,USD,refund,2025-07-11T19:58:40,2025-07-11T19:58:55
txn_001356,acct_000140,device_000484,ip_000122,token_000294,merchant_000060,28.5,USD,purchase,2025-07-12T02:30:16,2025-07-12T02:31:20
txn_002673,acct_000871,device_000230,ip_000030,token_000712,merchant_000021,33.91,USD,purchase,2025-07-12T02:34:16,2025-07-12T02:35:09
txn_002797,acct_000532,device_000444,ip_000190,token_000855,merchant_000046,54.72,USD,purchase,2025-07-12T09:48:02,2025-07-12T09:50:08
txn_001467,acct_000546,device_000189,ip_000348,token_000815,merchant_000035,47.69,USD,purchase,2025-07-12T09:58:53,2025-07-12T10:00:49
txn_000529,acct_000545,device_000122,ip_000216,token_001002,merchant_000071,177.77,USD,purchase,2025-07-12T11:01:29,2025-07-12T11:02:53
txn_001158,acct_000045,device_000170,ip_000185,token_000571,merchant_000039,11.4,USD,purchase,2025-07-12T11:15:06,2025-07-12T11:15:31
txn_000546,acct_000889,device_000378,ip_000076,token_000982,merchant_000012,11.73,USD,purchase,2025-07-12T14:41:35,2025-07-12T14:45:16
txn_002276,acct_000437,device_000490,ip_000447,token_000150,merchant_000061,13.72,USD,purchase,2025-07-12T15:18:14,2025-07-12T15:19:53
txn_000970,acct_000533,device_000162,ip_000330,token_001055,merchant_000013,46.81,USD,purchase,2025-07-12T18:55:40,2025-07-12T18:55:49
txn_002500,acct_000937,device_000373,ip_000413,token_000748,merchant_000027,22.39,USD,purchase,2025-07-12T22:52:33,2025-07-12T22:56:20
txn_001421,acct_000069,device_000544,ip_000178,token_001026,merchant_000009,12.62,USD,purchase,2025-07-12T23:15:48,2025-07-12T23:16:23
txn_003564,acct_000402,device_000432,ip_000208,token_000362,merchant_000065,5.98,USD,purchase,2025-07-13T03:23:45,2025-07-13T03:24:15
txn_000338,acct_000061,device_000102,ip_000378,token_000109,merchant_000009,12.3,USD,purchase,2025-07-13T10:57:13,2025-07-13T10:57:53
txn_002925,acct_000617,device_000045,ip_000189,token_000965,merchant_000011,17.08,USD,purchase,2025-07-13T13:11:53,2025-07-13T13:14:56
txn_002863,acct_000844,device_000028,ip_000292,token_001024,merchant_000073,24.76,USD,purchase,2025-07-13T15:11:54,2025-07-13T15:13:20
txn_003959,acct_000019,device_000583,ip_000435,token_000128,merchant_000037,37.4,USD,purchase,2025-07-13T18:30:57,2025-07-13T18:32:11
txn_000350,acct_000039,device_000529,ip_000442,token_000383,merchant_000074,57.86,USD,purchase,2025-07-13T20:54:54,2025-07-13T20:58:54
txn_003294,acct_000595,device_000248,ip_000011,token_000834,merchant_000037,9.55,USD,purchase,2025-07-14T02:15:06,2025-07-14T02:15:58
txn_000702,acct_000429,device_000576,ip_000407,token_001001,merchant_000070,8.9,USD,purchase,2025-07-14T02:37:04,2025-07-14T02:38:27
txn_002612,acct_000205,device_000281,ip_000421,token_000687,merchant_000053,62.39,USD,purchase,2025-07-14T02:55:00,2025-07-14T02:56:53
txn_004045,acct_000040,device_000556,ip_000197,token_000859,merchant_000047,98.41,USD,purchase,2025-07-14T05:28:41,2025-07-14T05:32:17
txn_004046,acct_000040,device_000556,ip_000197,token_000256,merchant_000014,104.82,USD,purchase,2025-07-14T05:30:41,2025-07-14T05:32:23
txn_004048,acct_000040,device_000556,ip_000197,token_000302,merchant_000069,113.03,USD,purchase,2025-07-14T05:34:41,2025-07-14T05:34:44
txn_004047,acct_000040,device_000556,ip_000197,token_001134,merchant_000044,125.65,USD,purchase,2025-07-14T05:36:41,2025-07-14T05:37:36
txn_002641,acct_000168,device_000176,ip_000045,token_000117,merchant_000012,12.86,USD,purchase,2025-07-14T08:08:50,2025-07-14T08:11:40
txn_001935,acct_000355,device_000361,ip_000483,token_000749,merchant_000060,16.23,USD,purchase,2025-07-14T08:49:33,2025-07-14T08:50:31
txn_002781,acct_000569,device_000227,ip_000172,token_000459,merchant_000022,20.29,USD,purchase,2025-07-14T09:44:06,2025-07-14T09:45:40
txn_003623,acct_000712,device_000534,ip_000059,token_000477,merchant_000053,11.49,USD,purchase,2025-07-14T12:06:22,2025-07-14T12:06:43
txn_001504,acct_000551,device_000354,ip_000220,token_000687,merchant_000026,102.53,USD,purchase,2025-07-14T13:30:05,2025-07-14T13:32:00
txn_003850,acct_000126,device_000305,ip_000240,token_001075,merchant_000026,37.95,USD,purchase,2025-07-14T16:01:52,2025-07-14T16:05:29
txn_000909,acct_000422,device_000406,ip_000042,token_000859,merchant_000015,29.16,USD,purchase,2025-07-14T17:14:03,2025-07-14T17:16:31
txn_003716,acct_000602,device_000431,ip_000421,token_000710,merchant_000013,9.83,USD,purchase,2025-07-14T17:37:54,2025-07-14T17:38:46
txn_000743,acct_000895,device_000282,ip_000383,token_000381,merchant_000036,55.6,USD,purchase,2025-07-14T18:54:24,2025-07-14T18:58:17
txn_002273,acct_000456,device_000422,ip_000273,token_000898,merchant_000011,16.92,USD,purchase,2025-07-14T19:52:08,2025-07-14T19:52:28
txn_002849,acct_000983,device_000152,ip_000080,token_000882,merchant_000022,17.16,USD,purchase,2025-07-14T22:57:58,2025-07-14T23:00:03
txn_004178,acct_000091,device_000017,ip_000002,token_000483,merchant_000016,21.49,USD,purchase,2025-07-14T23:20:43,2025-07-14T23:23:37
txn_003282,acct_000880,device_000081,ip_000055,token_000341,merchant_000048,6.68,USD,purchase,2025-07-15T00:04:29,2025-07-15T00:08:15
txn_002943,acct_000718,device_000495,ip_000472,token_001169,merchant_000020,8.06,USD,purchase,2025-07-15T00:45:06,2025-07-15T00:48:13
txn_000518,acct_000938,device_000188,ip_000225,token_000725,merchant_000060,28.16,USD,purchase,2025-07-15T01:06:57,2025-07-15T01:10:54
txn_002945,acct_000054,device_000523,ip_000273,token_000111,merchant_000051,45.58,USD,purchase,2025-07-15T01:47:50,2025-07-15T01:48:22
txn_000214,acct_000654,device_000553,ip_000290,token_000307,merchant_000042,38.12,USD,purchase,2025-07-15T02:43:20,2025-07-15T02:46:13
txn_003642,acct_001020,device_000175,ip_000157,token_000522,merchant_000062,7.75,USD,purchase,2025-07-15T05:45:04,2025-07-15T05:45:12
txn_003088,acct_000777,device_000266,ip_000068,token_000249,merchant_000017,8.22,USD,purchase,2025-07-15T06:05:26,2025-07-15T06:06:56
txn_002617,acct_000335,device_000262,ip_000016,token_000498,merchant_000074,17.73,USD,purchase,2025-07-15T08:34:18,2025-07-15T08:37:21
txn_001205,acct_000433,device_000140,ip_000143,token_000963,merchant_000023,5.78,USD,purchase,2025-07-15T09:13:10,2025-07-15T09:14:34
txn_002695,acct_000409,device_000455,ip_000115,token_000605,merchant_000033,14.8,USD,purchase,2025-07-15T10:58:32,2025-07-15T11:00:30
txn_001116,acct_000544,device_000568,ip_000251,token_000954,merchant_000067,25.18,USD,purchase,2025-07-15T12:35:38,2025-07-15T12:37:08
txn_001146,acct_000172,device_000456,ip_000493,token_000046,merchant_000069,126.67,USD,purchase,2025-07-15T14:21:13,2025-07-15T14:24:42
txn_000628,acct_000197,device_000142,ip_000270,token_000906,merchant_000041,22.1,USD,purchase,2025-07-15T15:53:51,2025-07-15T15:55:39
txn_002637,acct_000964,device_000448,ip_000110,token_001004,merchant_000078,10.94,USD,purchase,2025-07-15T16:09:26,2025-07-15T16:10:54
txn_002266,acct_000210,device_000365,ip_000200,token_000066,merchant_000031,22.39,USD,purchase,2025-07-15T21:23:06,2025-07-15T21:25:26
txn_002821,acct_000048,device_000031,ip_000050,token_000524,merchant_000023,148.52,USD,purchase,2025-07-15T23:18:13,2025-07-15T23:20:46
txn_001905,acct_000527,device_000086,ip_000325,token_001030,merchant_000075,14.49,USD,purchase,2025-07-16T03:29:43,2025-07-16T03:32:40
txn_000404,acct_000530,device_000248,ip_000427,token_000623,merchant_000055,12.9,USD,purchase,2025-07-16T05:30:01,2025-07-16T05:31:32
txn_003508,acct_000553,device_000222,ip_000225,token_000631,merchant_000020,203.72,USD,purchase,2025-07-16T05:36:24,2025-07-16T05:36:31
txn_000033,acct_000993,device_000140,ip_000100,token_000787,merchant_000072,40.0,USD,purchase,2025-07-16T07:01:25,2025-07-16T07:03:31
txn_003722,acct_000298,device_000489,ip_000042,token_001160,merchant_000013,60.5,USD,purchase,2025-07-16T11:49:36,2025-07-16T11:52:00
txn_003493,acct_000826,device_000195,ip_000112,token_001157,merchant_000053,96.52,USD,purchase,2025-07-16T12:32:15,2025-07-16T12:32:28
txn_003476,acct_000224,device_000139,ip_000350,token_000394,merchant_000033,44.42,USD,purchase,2025-07-16T15:23:49,2025-07-16T15:25:13
txn_002078,acct_000239,device_000447,ip_000312,token_000489,merchant_000055,30.61,USD,purchase,2025-07-16T19:11:11,2025-07-16T19:14:48
txn_003947,acct_000019,device_000583,ip_000435,token_000332,merchant_000080,6.61,USD,purchase,2025-07-16T20:43:21,2025-07-16T20:47:16
txn_000735,acct_000026,device_000165,ip_000164,token_000264,merchant_000074,16.42,USD,purchase,2025-07-16T21:18:24,2025-07-16T21:20:29
txn_001977,acct_000051,device_000209,ip_000297,token_000022,merchant_000078,5.74,USD,purchase,2025-07-17T01:58:08,2025-07-17T02:00:24
txn_001995,acct_000387,device_000207,ip_000007,token_001174,merchant_000048,8.07,USD,purchase,2025-07-17T04:00:02,2025-07-17T04:01:44
txn_001856,acct_001079,device_000391,ip_000224,token_000522,merchant_000005,12.89,USD,purchase,2025-07-17T04:23:23,2025-07-17T04:26:51
txn_001190,acct_000889,device_000389,ip_000059,token_000093,merchant_000004,121.21,USD,purchase,2025-07-17T06:11:13,2025-07-17T06:14:56
txn_001514,acct_000167,device_000017,ip_000395,token_001049,merchant_000058,39.95,USD,purchase,2025-07-17T07:41:51,2025-07-17T07:42:47
txn_003429,acct_000729,device_000061,ip_000333,token_000114,merchant_000057,19.18,USD,purchase,2025-07-17T10:16:41,2025-07-17T10:18:07
txn_001276,acct_000451,device_000395,ip_000090,token_000822,merchant_000008,121.26,USD,purchase,2025-07-17T13:35:42,2025-07-17T13:36:41
txn_002742,acct_000148,device_000366,ip_000403,token_000371,merchant_000007,18.01,USD,purchase,2025-07-17T16:19:37,2025-07-17T16:21:30
txn_000629,acct_000197,device_000142,ip_000270,token_000906,merchant_000041,-22.1,USD,refund,2025-07-17T21:53:51,2025-07-17T21:54:14
txn_001379,acct_000287,device_000451,ip_000041,token_000445,merchant_000045,49.16,USD,purchase,2025-07-17T22:20:51,2025-07-17T22:21:54
txn_003185,acct_000894,device_000120,ip_000456,token_000634,merchant_000032,21.09,USD,purchase,2025-07-18T00:00:14,2025-07-18T00:01:08
txn_003044,acct_000166,device_000095,ip_000411,token_000897,merchant_000071,19.98,USD,purchase,2025-07-18T02:53:37,2025-07-18T02:56:56
txn_000985,acct_000249,device_000513,ip_000393,token_001095,merchant_000060,2.86,USD,purchase,2025-07-18T08:48:39,2025-07-18T08:49:51
txn_003011,acct_000163,device_000032,ip_000452,token_000234,merchant_000042,13.23,USD,purchase,2025-07-18T12:19:53,2025-07-18T12:23:29
txn_001729,acct_000962,device_000421,ip_000134,token_001084,merchant_000057,12.44,USD,purchase,2025-07-18T13:44:52,2025-07-18T13:45:35
txn_000337,acct_000820,device_000365,ip_000244,token_000829,merchant_000063,4.06,USD,purchase,2025-07-18T14:43:43,2025-07-18T14:44:11
txn_000099,acct_001067,device_000407,ip_000300,token_000210,merchant_000001,105.68,USD,purchase,2025-07-18T15:39:12,2025-07-18T15:41:45
txn_003459,acct_000244,device_000097,ip_000071,token_000038,merchant_000028,4.88,USD,purchase,2025-07-18T16:28:19,2025-07-18T16:30:29
txn_001082,acct_000267,device_000306,ip_000452,token_000692,merchant_000079,27.34,USD,purchase,2025-07-18T22:06:09,2025-07-18T22:06:31
txn_003764,acct_000402,device_000540,ip_000229,token_000880,merchant_000071,3.49,USD,purchase,2025-07-18T23:37:12,2025-07-18T23:38:55
txn_002111,acct_000749,device_000575,ip_000441,token_001049,merchant_000051,46.14,USD,purchase,2025-07-19T01:07:17,2025-07-19T01:10:34
txn_000741,acct_000079,device_000151,ip_000312,token_000208,merchant_000049,21.13,USD,purchase,2025-07-19T02:04:44,2025-07-19T02:07:56
txn_003045,acct_000247,device_000544,ip_000326,token_000548,merchant_000012,48.23,USD,purchase,2025-07-19T04:24:22,2025-07-19T04:24:28
txn_000724,acct_001032,device_000565,ip_000425,token_000551,merchant_000012,49.18,USD,purchase,2025-07-19T08:02:45,2025-07-19T08:04:45
txn_002166,acct_000654,device_000306,ip_000178,token_001046,merchant_000043,19.25,USD,purchase,2025-07-19T11:05:37,2025-07-19T11:07:28
txn_001906,acct_000726,device_000442,ip_000413,token_000276,merchant_000029,31.09,USD,purchase,2025-07-19T22:30:04,2025-07-19T22:34:02
txn_002682,acct_000505,device_000163,ip_000213,token_000669,merchant_000075,4.12,USD,purchase,2025-07-20T04:04:38,2025-07-20T04:07:15
txn_001144,acct_000286,device_000027,ip_000110,token_000957,merchant_000007,11.33,USD,purchase,2025-07-20T05:28:20,2025-07-20T05:31:57
txn_003480,acct_000795,device_000423,ip_000366,token_001155,merchant_000039,4.29,USD,purchase,2025-07-20T11:56:11,2025-07-20T11:56:43
txn_002478,acct_000648,device_000258,ip_000016,token_000841,merchant_000030,13.39,USD,purchase,2025-07-20T14:42:28,2025-07-20T14:44:25
txn_003205,acct_000649,device_000251,ip_000424,token_000864,merchant_000076,43.43,USD,purchase,2025-07-20T14:53:59,2025-07-20T14:57:18
txn_003395,acct_000873,device_000505,ip_000242,token_001020,merchant_000080,10.83,USD,purchase,2025-07-20T15:34:16,2025-07-20T15:36:14
txn_003875,acct_000008,device_000003,ip_000434,token_000539,merchant_000030,35.45,USD,purchase,2025-07-20T16:14:42,2025-07-20T16:16:47
txn_000054,acct_000024,device_000168,ip_000255,token_000711,merchant_000067,166.08,USD,purchase,2025-07-20T20:51:58,2025-07-20T20:52:41
txn_001486,acct_000206,device_000108,ip_000154,token_000487,merchant_000007,88.92,USD,purchase,2025-07-20T22:44:52,2025-07-20T22:47:24
txn_002332,acct_000719,device_000404,ip_000414,token_000541,merchant_000043,16.36,USD,purchase,2025-07-21T06:22:15,2025-07-21T06:23:54
txn_002683,acct_000505,device_000163,ip_000213,token_000669,merchant_000075,-4.12,USD,refund,2025-07-21T09:04:38,2025-07-21T09:06:44
txn_000483,acct_000788,device_000408,ip_000362,token_001201,merchant_000011,8.16,USD,purchase,2025-07-21T09:06:55,2025-07-21T09:09:53
txn_003900,acct_000010,device_000005,ip_000280,token_000323,merchant_000059,78.51,USD,purchase,2025-07-21T13:52:10,2025-07-21T13:54:33
txn_003195,acct_000214,device_000415,ip_000192,token_000888,merchant_000002,26.01,USD,purchase,2025-07-21T14:11:51,2025-07-21T14:14:45
txn_000680,acct_000366,device_000147,ip_000022,token_000432,merchant_000056,14.34,USD,purchase,2025-07-21T14:41:19,2025-07-21T14:42:02
txn_003499,acct_000946,device_000565,ip_000255,token_000710,merchant_000004,40.41,USD,purchase,2025-07-21T14:55:07,2025-07-21T14:58:05
txn_003138,acct_000600,device_000043,ip_000244,token_001109,merchant_000021,17.12,USD,purchase,2025-07-21T17:04:56,2025-07-21T17:06:25
txn_003826,acct_000504,device_000393,ip_000415,token_000836,merchant_000043,6.9,USD,purchase,2025-07-21T17:49:18,2025-07-21T17:52:42
txn_000703,acct_000159,device_000385,ip_000066,token_000028,merchant_000021,43.02,USD,purchase,2025-07-21T22:10:58,2025-07-21T22:12:51
txn_001930,acct_000880,device_000283,ip_000318,token_001109,merchant_000023,188.43,USD,purchase,2025-07-21T22:52:36,2025-07-21T22:54:49
txn_002511,acct_000936,device_000199,ip_000375,token_000273,merchant_000057,82.07,USD,purchase,2025-07-21T23:01:38,2025-07-21T23:01:59
txn_000622,acct_000566,device_000317,ip_000098,token_000085,merchant_000075,243.92,USD,purchase,2025-07-21T23:28:32,2025-07-21T23:29:04
txn_000251,acct_000179,device_000342,ip_000240,token_000095,merchant_000014,176.64,USD,purchase,2025-07-22T04:08:09,2025-07-22T04:08:15
txn_003427,acct_001041,device_000214,ip_000103,token_001017,merchant_000072,2.95,USD,purchase,2025-07-22T06:55:04,2025-07-22T06:58:17
txn_000197,acct_000662,device_000163,ip_000323,token_000087,merchant_000071,6.21,USD,purchase,2025-07-22T07:23:04,2025-07-22T07:24:21
txn_002291,acct_000700,device_000400,ip_000426,token_000070,merchant_000001,3.09,USD,purchase,2025-07-22T08:03:41,2025-07-22T08:07:16
txn_002167,acct_000654,device_000306,ip_000178,token_001046,merchant_000043,-19.25,USD,refund,2025-07-22T10:05:37,2025-07-22T10:08:32
txn_001094,acct_000986,device_000496,ip_000085,token_000097,merchant_000026,63.0,USD,purchase,2025-07-22T13:07:45,2025-07-22T13:08:46
txn_000835,acct_000657,device_000540,ip_000289,token_001178,merchant_000069,15.8,USD,purchase,2025-07-22T14:20:35,2025-07-22T14:21:27
txn_001210,acct_000671,device_000301,ip_000117,token_000289,merchant_000073,21.18,USD,purchase,2025-07-22T16:29:17,2025-07-22T16:31:44
txn_001614,acct_001071,device_000163,ip_000104,token_000008,merchant_000065,42.59,USD,purchase,2025-07-22T17:13:37,2025-07-22T17:16:13
txn_001007,acct_001044,device_000149,ip_000057,token_000549,merchant_000048,14.68,USD,purchase,2025-07-22T17:39:20,2025-07-22T17:43:01
txn_003385,acct_000733,device_000119,ip_000137,token_000238,merchant_000034,16.73,USD,purchase,2025-07-22T20:59:43,2025-07-22T21:00:17
txn_003663,acct_001086,device_000006,ip_000279,token_000828,merchant_000057,32.69,USD,purchase,2025-07-22T21:28:45,2025-07-22T21:29:13
txn_003662,acct_001014,device_000541,ip_000168,token_000127,merchant_000058,107.98,USD,purchase,2025-07-22T22:01:15,2025-07-22T22:02:02
txn_000055,acct_000024,device_000168,ip_000255,token_000711,merchant_000067,-166.08,USD,refund,2025-07-23T03:51:58,2025-07-23T03:53:08
txn_000762,acct_000705,device_000160,ip_000301,token_001027,merchant_000041,4.21,USD,purchase,2025-07-23T05:51:29,2025-07-23T05:53:34
txn_000886,acct_000247,device_000303,ip_000376,token_000125,merchant_000025,53.84,USD,purchase,2025-07-23T07:23:38,2025-07-23T07:27:01
txn_000838,acct_001102,device_000054,ip_000422,token_000889,merchant_000066,93.83,USD,purchase,2025-07-23T11:53:20,2025-07-23T11:56:15
txn_000108,acct_000611,device_000298,ip_000234,token_001066,merchant_000077,1.6,USD,purchase,2025-07-23T13:07:49,2025-07-23T13:08:24
txn_001988,acct_000428,device_000135,ip_000277,token_000967,merchant_000073,45.66,USD,purchase,2025-07-23T16:32:24,2025-07-23T16:36:11
txn_000891,acct_000143,device_000505,ip_000206,token_001117,merchant_000008,11.58,USD,purchase,2025-07-23T18:21:57,2025-07-23T18:24:55
txn_002090,acct_000351,device_000114,ip_000021,token_000967,merchant_000067,12.46,USD,purchase,2025-07-23T19:09:17,2025-07-23T19:11:10
txn_001103,acct_000206,device_000291,ip_000156,token_000583,merchant_000067,35.14,USD,purchase,2025-07-23T19:24:53,2025-07-23T19:27:32
txn_003329,acct_000873,device_000394,ip_000137,token_001026,merchant_000062,8.62,USD,purchase,2025-07-23T22:41:24,2025-07-23T22:45:08
txn_003428,acct_001041,device_000214,ip_000103,token_001017,merchant_000072,-2.95,USD,refund,2025-07-23T22:55:04,2025-07-23T22:56:01
txn_000242,acct_000589,device_000438,ip_000312,token_000649,merchant_000034,35.74,USD,purchase,2025-07-24T01:00:04,2025-07-24T01:04:02
txn_002812,acct_000695,device_000050,ip_000085,token_000219,merchant_000067,58.87,USD,purchase,2025-07-24T02:23:24,2025-07-24T02:23:50
txn_002926,acct_000713,device_000168,ip_000202,token_000250,merchant_000041,11.41,USD,purchase,2025-07-24T15:16:56,2025-07-24T15:19:36
txn_001991,acct_000040,device_000332,ip_000041,token_000085,merchant_000023,23.68,USD,purchase,2025-07-24T16:39:29,2025-07-24T16:39:50
txn_003771,acct_001021,device_000193,ip_000200,token_000718,merchant_000014,33.56,USD,purchase,2025-07-25T02:43:45,2025-07-25T02:44:14
txn_002973,acct_000522,device_000368,ip_000129,token_000947,merchant_000050,53.63,USD,purchase,2025-07-25T05:15:33,2025-07-25T05:17:51
txn_002263,acct_000621,device_000461,ip_000227,token_000186,merchant_000076,138.62,USD,purchase,2025-07-25T07:30:58,2025-07-25T07:31:59
txn_002432,acct_000503,device_000379,ip_000230,token_000658,merchant_000027,11.78,USD,purchase,2025-07-25T07:33:20,2025-07-25T07:36:03
txn_001296,acct_000946,device_000342,ip_000440,token_000806,merchant_000046,46.62,USD,purchase,2025-07-25T08:26:49,2025-07-25T08:28:14
txn_002558,acct_000561,device_000164,ip_000032,token_000290,merchant_000037,5.22,USD,purchase,2025-07-25T12:41:02,2025-07-25T12:42:31
txn_002075,acct_000447,device_000076,ip_000032,token_000541,merchant_000034,2.75,USD,purchase,2025-07-25T12:44:14,2025-07-25T12:46:14
txn_002595,acct_000436,device_000179,ip_000481,token_000603,merchant_000040,73.34,USD,purchase,2025-07-25T16:13:19,2025-07-25T16:16:39
txn_001680,acct_000639,device_000166,ip_000458,token_000080,merchant_000020,65.77,USD,purchase,2025-07-25T16:34:23,2025-07-25T16:38:02
txn_001213,acct_000496,device_000346,ip_000447,token_000311,merchant_000054,121.64,USD,purchase,2025-07-25T19:23:45,2025-07-25T19:26:56
txn_000924,acct_000231,device_000538,ip_000341,token_000545,merchant_000075,8.02,USD,purchase,2025-07-26T00:47:53,2025-07-26T00:49:56
txn_002175,acct_000115,device_000261,ip_000170,token_000437,merchant_000044,12.79,USD,purchase,2025-07-26T02:51:37,2025-07-26T02:52:33
txn_002813,acct_000695,device_000050,ip_000085,token_000219,merchant_000067,-58.87,USD,refund,2025-07-26T03:23:24,2025-07-26T03:24:13
txn_001350,acct_001030,device_000492,ip_000468,token_000040,merchant_000016,22.42,USD,purchase,2025-07-26T03:35:46,2025-07-26T03:38:31
txn_001260,acct_000038,device_000031,ip_000274,token_000250,merchant_000064,11.38,USD,purchase,2025-07-26T03:41:47,2025-07-26T03:43:22
txn_001433,acct_001010,device_000201,ip_000280,token_001128,merchant_000011,10.1,USD,purchase,2025-07-26T07:06:34,2025-07-26T07:10:14
txn_002433,acct_000503,device_000379,ip_000230,token_000658,merchant_000027,-11.78,USD,refund,2025-07-26T08:33:20,2025-07-26T08:34:37
txn_002509,acct_000718,device_000007,ip_000481,token_000279,merchant_000017,40.12,USD,purchase,2025-07-26T13:38:21,2025-07-26T13:40:24
txn_002336,acct_000988,device_000538,ip_000004,token_000768,merchant_000030,3.38,USD,purchase,2025-07-26T15:29:30,2025-07-26T15:31:06
txn_001779,acct_000722,device_000406,ip_000180,token_000191,merchant_000069,17.91,USD,purchase,2025-07-26T22:46:19,2025-07-26T22:49:55
txn_003983,acct_000019,device_000506,ip_000430,token_001106,merchant_000011,22.58,USD,purchase,2025-07-27T00:18:37,2025-07-27T00:18:41
txn_002885,acct_001027,device_000119,ip_000455,token_000816,merchant_000053,64.31,USD,purchase,2025-07-27T02:45:17,2025-07-27T02:47:58
txn_002909,acct_000811,device_000429,ip_000478,token_000767,merchant_000007,7.36,USD,purchase,2025-07-27T03:38:17,2025-07-27T03:41:33
txn_001678,acct_000859,device_000494,ip_000337,token_000421,merchant_000036,53.18,USD,purchase,2025-07-27T04:23:08,2025-07-27T04:26:40
txn_001339,acct_000309,device_000401,ip_000193,token_000755,merchant_000052,18.86,USD,purchase,2025-07-27T07:59:49,2025-07-27T08:03:32
txn_001519,acct_000478,device_000475,ip_000047,token_000938,merchant_000001,10.4,USD,purchase,2025-07-27T08:14:51,2025-07-27T08:17:28
txn_003285,acct_000149,device_000013,ip_000232,token_000014,merchant_000051,15.24,USD,purchase,2025-07-27T10:28:01,2025-07-27T10:29:12
txn_003768,acct_000316,device_000419,ip_000340,token_000889,merchant_000024,17.58,USD,purchase,2025-07-27T14:53:20,2025-07-27T14:55:14
txn_001155,acct_000001,device_000515,ip_000294,token_000455,merchant_000035,13.18,USD,purchase,2025-07-27T15:02:20,2025-07-27T15:03:19
txn_003412,acct_000051,device_000476,ip_000178,token_001002,merchant_000067,60.05,USD,purchase,2025-07-27T16:24:17,2025-07-27T16:28:04
txn_002217,acct_000912,device_000213,ip_000200,token_001087,merchant_000030,7.63,USD,purchase,2025-07-27T19:18:02,2025-07-27T19:18:17
txn_002495,acct_000675,device_000323,ip_000108,token_000899,merchant_000041,108.39,USD,purchase,2025-07-27T21:29:54,2025-07-27T21:30:27
txn_001384,acct_000946,device_000332,ip_000325,token_000420,merchant_000043,167.89,USD,purchase,2025-07-27T22:24:46,2025-07-27T22:26:03
txn_004165,acct_000098,device_000013,ip_000001,token_001072,merchant_000036,14.35,USD,purchase,2025-07-27T22:34:34,2025-07-27T22:34:55
txn_000087,acct_000125,device_000397,ip_000420,token_001071,merchant_000054,29.36,USD,purchase,2025-07-27T23:21:21,2025-07-27T23:22:38
txn_003213,acct_000695,device_000518,ip_000120,token_000848,merchant_000010,26.62,USD,purchase,2025-07-28T01:18:03,2025-07-28T01:19:56
txn_002974,acct_000522,device_000368,ip_000129,token_000947,merchant_000050,-53.63,USD,refund,2025-07-28T04:15:33,2025-07-28T04:18:02
txn_002690,acct_000839,device_000405,ip_000040,token_000487,merchant_000070,65.97,USD,purchase,2025-07-28T04:24:05,2025-07-28T04:25:33
txn_001831,acct_000255,device_000532,ip_000099,token_000042,merchant_000012,2.23,USD,purchase,2025-07-28T08:17:45,2025-07-28T08:21:03
txn_001387,acct_000008,device_000584,ip_000089,token_000355,merchant_000065,48.86,USD,purchase,2025-07-28T09:17:52,2025-07-28T09:20:30
txn_003181,acct_001110,device_000420,ip_000173,token_001156,merchant_000016,43.14,USD,purchase,2025-07-28T10:37:01,2025-07-28T10:40:36
txn_000034,acct_000452,device_000300,ip_000017,token_000563,merchant_000029,3.98,USD,purchase,2025-07-28T18:52:31,2025-07-28T18:54:56
txn_000139,acct_000437,device_000435,ip_000428,token_000213,merchant_000027,54.96,USD,purchase,2025-07-28T20:13:57,2025-07-28T20:17:27
txn_003513,acct_000056,device_000035,ip_000407,token_000350,merchant_000005,31.78,USD,purchase,2025-07-28T20:22:09,2025-07-28T20:25:21
txn_000778,acct_000122,device_000104,ip_000029,token_000702,merchant_000036,0.98,USD,purchase,2025-07-28T21:33:05,2025-07-28T21:33:34
txn_002026,acct_001052,device_000538,ip_000257,token_001142,merchant_000013,29.5,USD,purchase,2025-07-28T22:01:45,2025-07-28T22:05:10
txn_003310,acct_000001,device_000341,ip_000476,token_000400,merchant_000059,76.93,USD,purchase,2025-07-28T23:15:50,2025-07-28T23:18:38
txn_000826,acct_000274,device_000406,ip_000111,token_000926,merchant_000040,41.9,USD,purchase,2025-07-29T02:12:41,2025-07-29T02:13:41
txn_000345,acct_000625,device_000118,ip_000173,token_000348,merchant_000003,13.35,USD,purchase,2025-07-29T02:24:30,2025-07-29T02:28:12
txn_004007,acct_000027,device_000489,ip_000136,token_000167,merchant_000068,44.48,USD,purchase,2025-07-29T03:58:27,2025-07-29T03:59:08
txn_003023,acct_000297,device_000415,ip_000253,token_000039,merchant_000068,6.9,USD,purchase,2025-07-29T06:09:03,2025-07-29T06:09:15
txn_002803,acct_000893,device_000168,ip_000072,token_000492,merchant_000054,1.88,USD,purchase,2025-07-29T06:39:20,2025-07-29T06:41:21
txn_003621,acct_000564,device_000100,ip_000256,token_000090,merchant_000016,126.17,USD,purchase,2025-07-29T09:28:35,2025-07-29T09:29:33
txn_003910,acct_000010,device_000005,ip_000163,token_000811,merchant_000011,106.53,USD,purchase,2025-07-29T11:47:01,2025-07-29T11:50:27
txn_001554,acct_000638,device_000327,ip_000458,token_000639,merchant_000016,85.21,USD,purchase,2025-07-29T13:12:54,2025-07-29T13:16:16
txn_000282,acct_001005,device_000490,ip_000224,token_000828,merchant_000009,10.59,USD,purchase,2025-07-29T18:21:52,2025-07-29T18:24:49
txn_002522,acct_000365,device_000514,ip_000220,token_000695,merchant_000014,72.97,USD,purchase,2025-07-29T18:48:42,2025-07-29T18:51:39
txn_002170,acct_000163,device_000226,ip_000430,token_000344,merchant_000079,73.56,USD,purchase,2025-07-29T20:50:14,2025-07-29T20:50:38
txn_000420,acct_000172,device_000513,ip_000105,token_000292,merchant_000048,27.74,USD,purchase,2025-07-29T21:15:48,2025-07-29T21:19:42
txn_002994,acct_000384,device_000476,ip_000223,token_000628,merchant_000034,71.65,USD,purchase,2025-07-30T02:05:18,2025-07-30T02:06:32
txn_001100,acct_001010,device_000346,ip_000262,token_000691,merchant_000036,62.41,USD,purchase,2025-07-30T05:44:33,2025-07-30T05:46:22
txn_000745,acct_000944,device_000431,ip_000326,token_001220,merchant_000043,1.24,USD,purchase,2025-07-30T06:45:13,2025-07-30T06:45:17
txn_001693,acct_000211,device_000006,ip_000002,token_000844,merchant_000053,43.51,USD,purchase,2025-07-30T07:06:09,2025-07-30T07:09:35
txn_003559,acct_000211,device_000445,ip_000058,token_000605,merchant_000030,14.06,USD,purchase,2025-07-30T07:09:52,2025-07-30T07:13:36
txn_000564,acct_000688,device_000029,ip_000123,token_000578,merchant_000021,9.56,USD,purchase,2025-07-30T07:46:43,2025-07-30T07:46:46
txn_001956,acct_000200,device_000114,ip_000095,token_000908,merchant_000022,9.92,USD,purchase,2025-07-30T09:02:05,2025-07-30T09:02:56
txn_000074,acct_000292,device_000577,ip_000486,token_000386,merchant_000064,12.1,USD,purchase,2025-07-30T12:58:03,2025-07-30T12:58:27
txn_003605,acct_000490,device_000215,ip_000217,token_000053,merchant_000073,30.88,USD,purchase,2025-07-30T19:06:56,2025-07-30T19:10:39
txn_000837,acct_000183,device_000315,ip_000457,token_001204,merchant_000074,9.99,USD,purchase,2025-07-30T19:08:30,2025-07-30T19:08:43
txn_000195,acct_000300,device_000058,ip_000137,token_000804,merchant_000010,22.88,USD,purchase,2025-07-30T22:54:57,2025-07-30T22:58:33
txn_002165,acct_000216,device_000134,ip_000321,token_000157,merchant_000027,51.26,USD,purchase,2025-07-31T02:46:42,2025-07-31T02:50:19
txn_003364,acct_000964,device_000462,ip_000443,token_000932,merchant_000026,41.36,USD,purchase,2025-07-31T05:26:06,2025-07-31T05:27:23
txn_003575,acct_000401,device_000216,ip_000422,token_000504,merchant_000072,70.26,USD,purchase,2025-07-31T06:47:20,2025-07-31T06:49:47
txn_002180,acct_000366,device_000073,ip_000494,token_000334,merchant_000037,33.05,USD,purchase,2025-07-31T09:49:52,2025-07-31T09:51:52
txn_003058,acct_000357,device_000518,ip_000333,token_000140,merchant_000055,97.31,USD,purchase,2025-07-31T10:34:34,2025-07-31T10:34:38
txn_000071,acct_000040,device_000392,ip_000401,token_000736,merchant_000062,55.13,USD,purchase,2025-07-31T11:16:25,2025-07-31T11:18:50
txn_001552,acct_000726,device_000522,ip_000001,token_000706,merchant_000045,132.23,USD,purchase,2025-07-31T12:07:26,2025-07-31T12:10:53
txn_003887,acct_000009,device_000003,ip_000375,token_000605,merchant_000021,32.19,USD,purchase,2025-07-31T14:15:09,2025-07-31T14:15:49
txn_001567,acct_000180,device_000440,ip_000137,token_000017,merchant_000080,29.0,USD,purchase,2025-07-31T15:56:31,2025-07-31T15:57:27
txn_003300,acct_000942,device_000531,ip_000153,token_000236,merchant_000029,35.04,USD,purchase,2025-07-31T21:35:05,2025-07-31T21:37:02
txn_002431,acct_000219,device_000538,ip_000410,token_000146,merchant_000065,155.88,USD,purchase,2025-07-31T22:16:09,2025-07-31T22:18:46
txn_000875,acct_000759,device_000512,ip_000154,token_001002,merchant_000041,29.14,USD,purchase,2025-08-01T00:18:51,2025-08-01T00:20:22
txn_003061,acct_000435,device_000271,ip_000287,token_000009,merchant_000080,81.0,USD,purchase,2025-08-01T01:43:34,2025-08-01T01:46:40
txn_000035,acct_001113,device_000376,ip_000278,token_000086,merchant_000057,9.74,USD,purchase,2025-08-01T04:22:53,2025-08-01T04:26:02
txn_000449,acct_000169,device_000302,ip_000432,token_001028,merchant_000066,87.01,USD,purchase,2025-08-01T07:09:53,2025-08-01T07:13:51
txn_000726,acct_000384,device_000367,ip_000157,token_000334,merchant_000060,71.78,USD,purchase,2025-08-01T08:20:28,2025-08-01T08:22:56
txn_001153,acct_000864,device_000290,ip_000428,token_000771,merchant_000050,12.87,USD,purchase,2025-08-01T08:31:51,2025-08-01T08:34:28
txn_002586,acct_000206,device_000306,ip_000307,token_000792,merchant_000012,6.22,USD,purchase,2025-08-01T08:58:36,2025-08-01T09:00:48
txn_002842,acct_000896,device_000200,ip_000003,token_000310,merchant_000019,153.35,USD,purchase,2025-08-01T09:49:53,2025-08-01T09:52:29
txn_000377,acct_000580,device_000331,ip_000409,token_000114,merchant_000010,97.37,USD,purchase,2025-08-01T11:51:56,2025-08-01T11:53:39
txn_001694,acct_000211,device_000006,ip_000002,token_000844,merchant_000053,-43.51,USD,refund,2025-08-01T12:06:09,2025-08-01T12:06:53
txn_003880,acct_000008,device_000003,ip_000476,token_000342,merchant_000060,129.0,USD,purchase,2025-08-01T13:53:46,2025-08-01T13:54:05
txn_001721,acct_000328,device_000568,ip_000045,token_000658,merchant_000062,109.41,USD,purchase,2025-08-01T14:30:37,2025-08-01T14:31:17
txn_002036,acct_000330,device_000426,ip_000056,token_000761,merchant_000037,23.49,USD,purchase,2025-08-01T15:07:30,2025-08-01T15:11:09
txn_000276,acct_000400,device_000533,ip_000173,token_000369,merchant_000041,6.14,USD,purchase,2025-08-01T16:07:08,2025-08-01T16:09:23
txn_000124,acct_000455,device_000003,ip_000175,token_000728,merchant_000038,28.2,USD,purchase,2025-08-01T16:50:46,2025-08-01T16:50:58
txn_002320,acct_000150,device_000355,ip_000113,token_001138,merchant_000004,102.88,USD,purchase,2025-08-01T17:10:28,2025-08-01T17:11:14
txn_001687,acct_000888,device_000190,ip_000199,token_000137,merchant_000053,12.06,USD,purchase,2025-08-01T18:29:43,2025-08-01T18:30:26
txn_002391,acct_000098,device_000286,ip_000066,token_000425,merchant_000027,6.85,USD,purchase,2025-08-01T19:25:31,2025-08-01T19:29:27
txn_000910,acct_000686,device_000501,ip_000060,token_000667,merchant_000048,138.24,USD,purchase,2025-08-01T23:55:51,2025-08-01T23:59:21
txn_000475,acct_000419,device_000129,ip_000047,token_000356,merchant_000076,14.3,USD,purchase,2025-08-02T03:37:32,2025-08-02T03:40:38
txn_003963,acct_000019,device_000095,ip_000414,token_001005,merchant_000043,10.82,USD,purchase,2025-08-02T04:24:54,2025-08-02T04:25:06
txn_001044,acct_000061,device_000110,ip_000172,token_000850,merchant_000015,4.29,USD,purchase,2025-08-02T11:57:08,2025-08-02T12:01:05
txn_000512,acct_000736,device_000285,ip_000066,token_000865,merchant_000010,11.61,USD,purchase,2025-08-02T12:57:37,2025-08-02T13:01:29
txn_000036,acct_001113,device_000376,ip_000278,token_000086,merchant_000057,-9.74,USD,refund,2025-08-02T14:22:53,2025-08-02T14:24:23
txn_000207,acct_001094,device_000454,ip_000478,token_000722,merchant_000041,96.86,USD,purchase,2025-08-02T15:07:46,2025-08-02T15:09:22
txn_000889,acct_000978,device_000378,ip_000073,token_000646,merchant_000049,5.04,USD,purchase,2025-08-02T15:33:23,2025-08-02T15:34:46
txn_002694,acct_000002,device_000144,ip_000015,token_000458,merchant_000028,188.48,USD,purchase,2025-08-02T19:46:58,2025-08-02T19:48:40
txn_001298,acct_000454,device_000087,ip_000038,token_000457,merchant_000070,2.95,USD,purchase,2025-08-02T21:10:34,2025-08-02T21:11:50
txn_000096,acct_000914,device_000182,ip_000492,token_000972,merchant_000076,17.48,USD,purchase,2025-08-03T02:48:09,2025-08-03T02:51:58
txn_003468,acct_001015,device_000045,ip_000136,token_000844,merchant_000036,72.3,USD,purchase,2025-08-03T03:07:13,2025-08-03T03:08:45
txn_000009,acct_000990,device_000500,ip_000009,token_000014,merchant_000069,20.69,USD,purchase,2025-08-03T05:41:26,2025-08-03T05:44:31
txn_003485,acct_000173,device_000383,ip_000174,token_000689,merchant_000012,14.13,USD,purchase,2025-08-03T07:14:20,2025-08-03T07:17:43
txn_002440,acct_000138,device_000337,ip_000464,token_000883,merchant_000041,3.16,USD,purchase,2025-08-03T08:18:58,2025-08-03T08:19:24
txn_000265,acct_000872,device_000185,ip_000233,token_001044,merchant_000055,65.47,USD,purchase,2025-08-03T09:28:45,2025-08-03T09:29:43
txn_000662,acct_000889,device_000438,ip_000401,token_000117,merchant_000014,11.5,USD,purchase,2025-08-03T21:04:31,2025-08-03T21:07:25
txn_002592,acct_000445,device_000069,ip_000150,token_000010,merchant_000076,11.8,USD,purchase,2025-08-03T21:15:09,2025-08-03T21:15:21
txn_001980,acct_000897,device_000245,ip_000184,token_000253,merchant_000017,30.61,USD,purchase,2025-08-04T02:42:34,2025-08-04T02:45:24
txn_002820,acct_001011,device_000476,ip_000292,token_000176,merchant_000062,32.57,USD,purchase,2025-08-04T03:14:14,2025-08-04T03:17:56
txn_002350,acct_000119,device_000011,ip_000097,token_000242,merchant_000058,100.51,USD,purchase,2025-08-04T04:24:34,2025-08-04T04:27:57
txn_002472,acct_000158,device_000536,ip_000410,token_001146,merchant_000075,24.2,USD,purchase,2025-08-04T06:35:46,2025-08-04T06:39:24
txn_003990,acct_000025,device_000313,ip_000379,token_000590,merchant_000030,10.31,USD,purchase,2025-08-04T09:17:16,2025-08-04T09:19:39
txn_003886,acct_000007,device_000003,ip_000261,token_001048,merchant_000052,157.78,USD,purchase,2025-08-04T10:31:35,2025-08-04T10:34:15
txn_001626,acct_000450,device_000493,ip_000400,token_000301,merchant_000076,5.45,USD,purchase,2025-08-04T11:27:18,2025-08-04T11:31:07
txn_002593,acct_000445,device_000069,ip_000150,token_000010,merchant_000076,-11.8,USD,refund,2025-08-04T12:15:09,2025-08-04T12:15:56
txn_003877,acct_000007,device_000003,ip_000365,token_000997,merchant_000047,6.86,USD,purchase,2025-08-04T14:13:33,2025-08-04T14:16:05
txn_000246,acct_000115,device_000534,ip_000154,token_001158,merchant_000041,26.72,USD,purchase,2025-08-04T14:37:35,2025-08-04T14:40:31
txn_000180,acct_000469,device_000103,ip_000370,token_000553,merchant_000031,19.95,USD,purchase,2025-08-04T16:08:39,2025-08-04T16:09:17
txn_002888,acct_000633,device_000501,ip_000144,token_000746,merchant_000005,3.65,USD,purchase,2025-08-04T16:27:05,2025-08-04T16:29:15
txn_003215,acct_001059,device_000178,ip_000317,token_000682,merchant_000076,26.97,USD,purchase,2025-08-04T16:37:18,2025-08-04T16:39:00
txn_003196,acct_000266,device_000289,ip_000146,token_000824,merchant_000024,26.08,USD,purchase,2025-08-04T19:56:01,2025-08-04T19:56:18
txn_003700,acct_000626,device_000342,ip_000419,token_000939,merchant_000073,152.7,USD,purchase,2025-08-04T20:55:23,2025-08-04T20:56:11
txn_002524,acct_000774,device_000460,ip_000132,token_000069,merchant_000057,133.03,USD,purchase,2025-08-04T21:28:57,2025-08-04T21:32:42
txn_001346,acct_000735,device_000533,ip_000054,token_000454,merchant_000001,130.03,USD,purchase,2025-08-05T00:55:25,2025-08-05T00:56:14
txn_003223,acct_000742,device_000270,ip_000202,token_000035,merchant_000050,1.83,USD,purchase,2025-08-05T03:50:08,2025-08-05T03:50:55
txn_000017,acct_000272,device_000090,ip_000096,token_000883,merchant_000058,29.21,USD,purchase,2025-08-05T07:28:36,2025-08-05T07:28:43
txn_000122,acct_000037,device_000106,ip_000207,token_000845,merchant_000005,41.77,USD,purchase,2025-08-05T08:50:14,2025-08-05T08:53:37
txn_003876,acct_000007,device_000003,ip_000345,token_000539,merchant_000042,9.98,USD,purchase,2025-08-05T11:06:02,2025-08-05T11:06:22
txn_002124,acct_000747,device_000396,ip_000152,token_000581,merchant_000054,40.02,USD,purchase,2025-08-05T11:52:41,2025-08-05T11:52:43
txn_001528,acct_000968,device_000416,ip_000201,token_000272,merchant_000002,19.56,USD,purchase,2025-08-05T11:59:26,2025-08-05T12:02:52
txn_001080,acct_000815,device_000468,ip_000387,token_001217,merchant_000006,52.04,USD,purchase,2025-08-05T12:31:22,2025-08-05T12:32:31
txn_000712,acct_000905,device_000502,ip_000356,token_000514,merchant_000016,214.51,USD,purchase,2025-08-05T16:03:08,2025-08-05T16:03:54
txn_001197,acct_000032,device_000541,ip_000120,token_001106,merchant_000056,68.2,USD,purchase,2025-08-05T17:13:01,2025-08-05T17:15:26
txn_000140,acct_000180,device_000076,ip_000028,token_000365,merchant_000033,90.85,USD,purchase,2025-08-05T17:43:18,2025-08-05T17:45:14
txn_003839,acct_000800,device_000449,ip_000069,token_000205,merchant_000070,64.06,USD,purchase,2025-08-05T18:10:24,2025-08-05T18:14:00
txn_002752,acct_000963,device_000270,ip_000054,token_000304,merchant_000001,18.25,USD,purchase,2025-08-05T20:00:09,2025-08-05T20:02:18
txn_002754,acct_000272,device_000441,ip_000215,token_001149,merchant_000038,70.05,USD,purchase,2025-08-06T01:30:28,2025-08-06T01:33:38
txn_004166,acct_000098,device_000013,ip_000001,token_001072,merchant_000002,30.33,USD,purchase,2025-08-06T03:19:26,2025-08-06T03:22:21
txn_001342,acct_000937,device_000315,ip_000352,token_001020,merchant_000033,11.81,USD,purchase,2025-08-06T03:39:19,2025-08-06T03:41:46
txn_002446,acct_000254,device_000321,ip_000098,token_000307,merchant_000015,369.7,USD,purchase,2025-08-06T09:12:54,2025-08-06T09:13:20
txn_002230,acct_001015,device_000470,ip_000003,token_000116,merchant_000061,27.94,USD,purchase,2025-08-06T14:32:14,2025-08-06T14:32:52
txn_002371,acct_000991,device_000425,ip_000213,token_001043,merchant_000007,116.89,USD,purchase,2025-08-06T16:09:07,2025-08-06T16:12:22
txn_002376,acct_000379,device_000003,ip_000341,token_000484,merchant_000070,41.86,USD,purchase,2025-08-06T16:23:25,2025-08-06T16:26:13
txn_003932,acct_000007,device_000008,ip_000333,token_000561,merchant_000077,248.29,USD,purchase,2025-08-06T16:57:40,2025-08-06T17:01:06
txn_003516,acct_000933,device_000469,ip_000087,token_000340,merchant_000019,20.82,USD,purchase,2025-08-07T00:14:08,2025-08-07T00:16:41
txn_001059,acct_000063,device_000453,ip_000090,token_000443,merchant_000040,25.75,USD,purchase,2025-08-07T03:02:50,2025-08-07T03:05:42
txn_003397,acct_000728,device_000466,ip_000296,token_000366,merchant_000008,10.99,USD,purchase,2025-08-07T05:32:18,2025-08-07T05:34:09
txn_000467,acct_001050,device_000111,ip_000418,token_000670,merchant_000042,46.41,USD,purchase,2025-08-07T06:43:26,2025-08-07T06:47:26
txn_003350,acct_001008,device_000037,ip_000386,token_000767,merchant_000054,36.52,USD,purchase,2025-08-07T10:01:49,2025-08-07T10:03:23
txn_000313,acct_000903,device_000267,ip_000190,token_000378,merchant_000027,78.94,USD,purchase,2025-08-07T10:45:39,2025-08-07T10:47:08
txn_002255,acct_000690,device_000296,ip_000004,token_000412,merchant_000072,6.34,USD,purchase,2025-08-07T14:26:32,2025-08-07T14:27:46
txn_002741,acct_000731,device_000262,ip_000377,token_000136,merchant_000022,41.28,USD,purchase,2025-08-07T14:40:16,2025-08-07T14:43:31
txn_001710,acct_000578,device_000030,ip_000197,token_000357,merchant_000064,12.61,USD,purchase,2025-08-07T16:28:06,2025-08-07T16:28:22
txn_003243,acct_000609,device_000276,ip_000494,token_000509,merchant_000033,36.48,USD,purchase,2025-08-07T16:54:00,2025-08-07T16:54:34
txn_001469,acct_000459,device_000116,ip_000442,token_000903,merchant_000021,11.58,USD,purchase,2025-08-07T17:25:03,2025-08-07T17:26:05
txn_000374,acct_000370,device_000173,ip_000384,token_001042,merchant_000035,145.53,USD,purchase,2025-08-07T17:50:46,2025-08-07T17:53:16
txn_003164,acct_000860,device_000425,ip_000173,token_000490,merchant_000031,94.48,USD,purchase,2025-08-07T19:52:27,2025-08-07T19:53:39
txn_002105,acct_000747,device_000186,ip_000024,token_000668,merchant_000046,18.93,USD,purchase,2025-08-07T20:29:18,2025-08-07T20:31:25
txn_000164,acct_000873,device_000260,ip_000134,token_001098,merchant_000055,17.29,USD,purchase,2025-08-08T07:06:29,2025-08-08T07:09:24
txn_000565,acct_000067,device_000247,ip_000138,token_000175,merchant_000073,23.76,USD,purchase,2025-08-08T08:17:16,2025-08-08T08:17:40
txn_002822,acct_000697,device_000111,ip_000130,token_001194,merchant_000006,48.33,USD,purchase,2025-08-08T10:45:47,2025-08-08T10:48:29
txn_001976,acct_000857,device_000350,ip_000237,token_000307,merchant_000066,46.79,USD,purchase,2025-08-08T12:44:20,2025-08-08T12:46:00
txn_000881,acct_000699,device_000383,ip_000414,token_000263,merchant_000048,20.67,USD,purchase,2025-08-08T13:14:09,2025-08-08T13:15:03
txn_003885,acct_000009,device_000003,ip_000256,token_000919,merchant_000012,25.5,USD,purchase,2025-08-08T15:26:13,2025-08-08T15:26:35
txn_000405,acct_000011,device_000465,ip_000174,token_000484,merchant_000075,182.84,USD,purchase,2025-08-08T15:44:53,2025-08-08T15:45:53
txn_002871,acct_000495,device_000003,ip_000446,token_000873,merchant_000025,18.03,USD,purchase,2025-08-08T22:50:38,2025-08-08T22:52:23
txn_000765,acct_001102,device_000082,ip_000409,token_000115,merchant_000058,25.98,USD,purchase,2025-08-09T02:02:49,2025-08-09T02:06:14
txn_001110,acct_000668,device_000187,ip_000089,token_000318,merchant_000074,65.6,USD,purchase,2025-08-09T03:39:15,2025-08-09T03:41:01
txn_001162,acct_000902,device_000320,ip_000477,token_001038,merchant_000049,7.6,USD,purchase,2025-08-09T06:53:11,2025-08-09T06:54:18
txn_000365,acct_000533,device_000153,ip_000046,token_000754,merchant_000022,5.32,USD,purchase,2025-08-09T07:05:13,2025-08-09T07:07:10
txn_000311,acct_001086,device_000562,ip_000228,token_000938,merchant_000039,10.62,USD,purchase,2025-08-09T07:10:07,2025-08-09T07:12:11
txn_002005,acct_000858,device_000052,ip_000321,token_000063,merchant_000007,8.95,USD,purchase,2025-08-09T10:38:26,2025-08-09T10:40:14
txn_002065,acct_000935,device_000242,ip_000054,token_000931,merchant_000028,37.87,USD,purchase,2025-08-09T13:26:41,2025-08-09T13:28:51
txn_002319,acct_001065,device_000505,ip_000244,token_001000,merchant_000047,1.84,USD,purchase,2025-08-09T13:44:02,2025-08-09T13:45:51
txn_002114,acct_000584,device_000238,ip_000153,token_000926,merchant_000046,7.31,USD,purchase,2025-08-09T14:33:49,2025-08-09T14:37:49
txn_000575,acct_000319,device_000482,ip_000075,token_000438,merchant_000041,0.7,USD,purchase,2025-08-09T16:04:08,2025-08-09T16:05:41
txn_001739,acct_000050,device_000576,ip_000190,token_000859,merchant_000036,37.65,USD,purchase,2025-08-09T16:33:36,2025-08-09T16:37:18
txn_001470,acct_000459,device_000116,ip_000442,token_000903,merchant_000021,-11.58,USD,refund,2025-08-09T20:25:03,2025-08-09T20:28:17
txn_002670,acct_000795,device_000257,ip_000209,token_000029,merchant_000044,70.24,USD,purchase,2025-08-09T20:25:41,2025-08-09T20:28:40
txn_002823,acct_000697,device_000111,ip_000130,token_001194,merchant_000006,-48.33,USD,refund,2025-08-09T20:45:47,2025-08-09T20:48:29
txn_002775,acct_000606,device_000183,ip_000357,token_000940,merchant_000021,38.41,USD,purchase,2025-08-10T03:50:37,2025-08-10T03:52:58
txn_001057,acct_000603,device_000022,ip_000396,token_001025,merchant_000040,12.19,USD,purchase,2025-08-10T03:57:09,2025-08-10T03:57:58
txn_003447,acct_001029,device_000142,ip_000093,token_000640,merchant_000060,6.08,USD,purchase,2025-08-10T04:06:16,2025-08-10T04:09:03
txn_002798,acct_000708,device_000059,ip_000156,token_000482,merchant_000065,42.44,USD,purchase,2025-08-10T07:00:38,2025-08-10T07:03:25
txn_001775,acct_000910,device_000528,ip_000426,token_001055,merchant_000002,39.13,USD,purchase,2025-08-10T07:37:44,2025-08-10T07:40:29
txn_001326,acct_000274,device_000001,ip_000022,token_000796,merchant_000023,24.26,USD,purchase,2025-08-10T08:56:45,2025-08-10T08:58:48
txn_001689,acct_000736,device_000437,ip_000200,token_000579,merchant_000065,43.58,USD,purchase,2025-08-10T10:46:16,2025-08-10T10:48:12
txn_000261,acct_000916,device_000201,ip_000106,token_000649,merchant_000039,138.85,USD,purchase,2025-08-10T11:21:40,2025-08-10T11:25:36
txn_002494,acct_000839,device_000112,ip_000494,token_000641,merchant_000080,44.26,USD,purchase,2025-08-10T16:56:40,2025-08-10T16:59:49
txn_002819,acct_000576,device_000472,ip_000110,token_001013,merchant_000063,19.22,USD,purchase,2025-08-10T17:36:52,2025-08-10T17:37:43
txn_000247,acct_000064,device_000348,ip_000193,token_001095,merchant_000022,31.36,USD,purchase,2025-08-10T17:56:04,2025-08-10T17:56:34
txn_002008,acct_000135,device_000265,ip_000252,token_000673,merchant_000054,50.23,USD,purchase,2025-08-10T23:29:31,2025-08-10T23:30:56
txn_003017,acct_000647,device_000249,ip_000473,token_000144,merchant_000015,66.3,USD,purchase,2025-08-11T05:03:13,2025-08-11T05:06:46
txn_001929,acct_000990,device_000384,ip_000190,token_000141,merchant_000020,39.01,USD,purchase,2025-08-11T08:53:38,2025-08-11T08:54:03
txn_002602,acct_000033,device_000175,ip_000088,token_000084,merchant_000079,11.77,USD,purchase,2025-08-11T16:13:01,2025-08-11T16:16:28
txn_002603,acct_000033,device_000175,ip_000088,token_000084,merchant_000079,-11.77,USD,refund,2025-08-11T18:13:01,2025-08-11T18:14:34
txn_000783,acct_000231,device_000545,ip_000082,token_001052,merchant_000012,189.52,USD,purchase,2025-08-11T21:22:15,2025-08-11T21:23:04
txn_002095,acct_000563,device_000203,ip_000234,token_000678,merchant_000027,6.78,USD,purchase,2025-08-12T01:00:35,2025-08-12T01:03:02
txn_000257,acct_000350,device_000290,ip_000394,token_000714,merchant_000078,9.61,USD,purchase,2025-08-12T04:23:22,2025-08-12T04:26:45
txn_001641,acct_000059,device_000156,ip_000218,token_000713,merchant_000004,68.58,USD,purchase,2025-08-12T08:40:27,2025-08-12T08:43:29
txn_002702,acct_000432,device_000110,ip_000295,token_001088,merchant_000041,19.16,USD,purchase,2025-08-12T09:37:43,2025-08-12T09:38:40
txn_001599,acct_000788,device_000079,ip_000375,token_000410,merchant_000033,38.42,USD,purchase,2025-08-12T12:22:14,2025-08-12T12:24:14
txn_002774,acct_000002,device_000449,ip_000057,token_000319,merchant_000058,22.08,USD,purchase,2025-08-12T13:28:36,2025-08-12T13:29:31
txn_001704,acct_000627,device_000022,ip_000279,token_000570,merchant_000024,27.99,USD,purchase,2025-08-12T15:53:38,2025-08-12T15:54:55
txn_002220,acct_000728,device_000262,ip_000146,token_000793,merchant_000055,16.88,USD,purchase,2025-08-12T17:26:00,2025-08-12T17:26:22
txn_001989,acct_000635,device_000582,ip_000186,token_000838,merchant_000023,76.6,USD,purchase,2025-08-12T19:17:35,2025-08-12T19:20:26
txn_000266,acct_000485,device_000514,ip_000138,token_000842,merchant_000070,37.93,USD,purchase,2025-08-12T19:59:35,2025-08-12T20:00:04
txn_000994,acct_000542,device_000342,ip_000163,token_000254,merchant_000024,1.62,USD,purchase,2025-08-12T20:32:35,2025-08-12T20:33:35
txn_002729,acct_001073,device_000552,ip_000090,token_000432,merchant_000003,9.25,USD,purchase,2025-08-12T22:29:09,2025-08-12T22:31:02
txn_003746,acct_000366,device_000052,ip_000017,token_001065,merchant_000043,78.17,USD,purchase,2025-08-13T01:49:22,2025-08-13T01:52:42
txn_002252,acct_000856,device_000483,ip_000048,token_000610,merchant_000073,44.24,USD,purchase,2025-08-13T02:05:10,2025-08-13T02:05:47
txn_000961,acct_000702,device_000382,ip_000436,token_000961,merchant_000034,66.5,USD,purchase,2025-08-13T02:26:05,2025-08-13T02:29:34
txn_001173,acct_000262,device_000201,ip_000448,token_000163,merchant_000023,542.19,USD,purchase,2025-08-13T09:51:18,2025-08-13T09:53:12
txn_001446,acct_000731,device_000068,ip_000224,token_000243,merchant_000032,8.88,USD,purchase,2025-08-13T11:56:55,2025-08-13T12:00:40
txn_001291,acct_000501,device_000249,ip_000427,token_000530,merchant_000036,21.76,USD,purchase,2025-08-13T14:19:36,2025-08-13T14:23:22
txn_003260,acct_000498,device_000297,ip_000107,token_000147,merchant_000004,35.63,USD,purchase,2025-08-13T14:38:14,2025-08-13T14:40:33
txn_001748,acct_000757,device_000253,ip_000187,token_000491,merchant_000032,88.55,USD,purchase,2025-08-13T16:02:00,2025-08-13T16:04:11
txn_003823,acct_000728,device_000227,ip_000178,token_000362,merchant_000016,14.66,USD,purchase,2025-08-13T16:40:35,2025-08-13T16:42:15
txn_001466,acct_000768,device_000180,ip_000482,token_000213,merchant_000055,49.97,USD,purchase,2025-08-13T16:48:05,2025-08-13T16:51:56
txn_003184,acct_000036,device_000337,ip_000007,token_001003,merchant_000013,20.12,USD,purchase,2025-08-13T17:18:40,2025-08-13T17:20:45
txn_001186,acct_000318,device_000063,ip_000157,token_000645,merchant_000062,259.42,USD,purchase,2025-08-13T18:34:32,2025-08-13T18:34:59
txn_000823,acct_000276,device_000330,ip_000441,token_000506,merchant_000069,72.89,USD,purchase,2025-08-13T20:17:02,2025-08-13T20:19:04
txn_001990,acct_000635,device_000582,ip_000186,token_000838,merchant_000023,-76.6,USD,refund,2025-08-13T20:17:35,2025-08-13T20:20:50
txn_002425,acct_000473,device_000585,ip_000085,token_000262,merchant_000018,9.57,USD,purchase,2025-08-13T20:45:22,2025-08-13T20:47:20
txn_002317,acct_000195,device_000086,ip_000353,token_000842,merchant_000044,15.73,USD,purchase,2025-08-14T00:15:07,2025-08-14T00:18:37
txn_002905,acct_000993,device_000252,ip_000134,token_000178,merchant_000041,16.4,USD,purchase,2025-08-14T04:08:47,2025-08-14T04:10:56
txn_000812,acct_000202,device_000098,ip_000061,token_000489,merchant_000047,19.23,USD,purchase,2025-08-14T07:07:46,2025-08-14T07:10:57
txn_003046,acct_000563,device_000383,ip_000035,token_000679,merchant_000055,82.02,USD,purchase,2025-08-14T10:26:23,2025-08-14T10:27:19
txn_002936,acct_000479,device_000101,ip_000485,token_000888,merchant_000035,6.68,USD,purchase,2025-08-14T10:32:30,2025-08-14T10:36:01
txn_002964,acct_000433,device_000029,ip_000213,token_000200,merchant_000069,18.55,USD,purchase,2025-08-14T12:36:29,2025-08-14T12:38:32
txn_002993,acct_001040,device_000570,ip_000255,token_000124,merchant_000072,39.54,USD,purchase,2025-08-14T15:57:09,2025-08-14T15:58:53
txn_000768,acct_000441,device_000499,ip_000154,token_001166,merchant_000002,6.08,USD,purchase,2025-08-14T21:57:47,2025-08-14T22:00:52
txn_000932,acct_001112,device_000567,ip_000165,token_000419,merchant_000060,25.61,USD,purchase,2025-08-14T22:17:38,2025-08-14T22:20:44
txn_003336,acct_000983,device_000400,ip_000357,token_001059,merchant_000069,8.18,USD,purchase,2025-08-15T03:27:25,2025-08-15T03:27:46
txn_003149,acct_000345,device_000561,ip_000271,token_001119,merchant_000079,158.6,USD,purchase,2025-08-15T04:40:48,2025-08-15T04:43:42
txn_002228,acct_000528,device_000261,ip_000196,token_000168,merchant_000014,59.5,USD,purchase,2025-08-15T05:30:47,2025-08-15T05:34:02
txn_001647,acct_000731,device_000391,ip_000458,token_000686,merchant_000046,94.6,USD,purchase,2025-08-15T06:40:17,2025-08-15T06:42:22
txn_002181,acct_000332,device_000245,ip_000347,token_000537,merchant_000041,179.68,USD,purchase,2025-08-15T07:00:22,2025-08-15T07:01:34
txn_002951,acct_000204,device_000433,ip_000492,token_000147,merchant_000017,10.26,USD,purchase,2025-08-15T09:54:37,2025-08-15T09:55:04
txn_000220,acct_000990,device_000145,ip_000356,token_000038,merchant_000049,123.87,USD,purchase,2025-08-15T09:59:59,2025-08-15T10:01:05
txn_001853,acct_000984,device_000392,ip_000365,token_000782,merchant_000056,56.81,USD,purchase,2025-08-15T10:45:20,2025-08-15T10:47:46
txn_003917,acct_000010,device_000263,ip_000422,token_000212,merchant_000031,8.76,USD,purchase,2025-08-15T11:23:36,2025-08-15T11:23:42
txn_003491,acct_000956,device_000410,ip_000319,token_000969,merchant_000079,61.83,USD,purchase,2025-08-15T16:32:05,2025-08-15T16:34:01
txn_003870,acct_000009,device_000003,ip_000006,token_000909,merchant_000041,227.21,USD,purchase,2025-08-15T16:44:12,2025-08-15T16:46:32
txn_001776,acct_001102,device_000001,ip_000238,token_000597,merchant_000075,12.01,USD,purchase,2025-08-15T16:46:37,2025-08-15T16:48:55
txn_002253,acct_000856,device_000483,ip_000048,token_000610,merchant_000073,-44.24,USD,refund,2025-08-15T22:05:10,2025-08-15T22:06:36
txn_000198,acct_000890,device_000333,ip_000008,token_000343,merchant_000036,68.0,USD,purchase,2025-08-16T01:46:11,2025-08-16T01:48:44
txn_002796,acct_000548,device_000522,ip_000422,token_001147,merchant_000034,83.15,USD,purchase,2025-08-16T02:37:06,2025-08-16T02:38:46
txn_001881,acct_000162,device_000072,ip_000031,token_000503,merchant_000040,54.84,USD,purchase,2025-08-16T03:47:47,2025-08-16T03:49:56
txn_002618,acct_000586,device_000273,ip_000070,token_000932,merchant_000032,28.75,USD,purchase,2025-08-16T09:35:33,2025-08-16T09:38:48
txn_003997,acct_000018,device_000313,ip_000379,token_001185,merchant_000006,78.71,USD,purchase,2025-08-16T16:37:50,2025-08-16T16:39:58
txn_002020,acct_000073,device_000498,ip_000395,token_001059,merchant_000010,8.78,USD,purchase,2025-08-16T17:28:53,2025-08-16T17:32:01
txn_000437,acct_000703,device_000299,ip_000189,token_000017,merchant_000067,34.74,USD,purchase,2025-08-16T18:00:58,2025-08-16T18:01:59
txn_002359,acct_001056,device_000142,ip_000224,token_000563,merchant_000017,24.79,USD,purchase,2025-08-16T22:07:56,2025-08-16T22:09:29
txn_003316,acct_001000,device_000375,ip_000107,token_000038,merchant_000020,19.4,USD,purchase,2025-08-16T23:24:52,2025-08-16T23:27:22
txn_002112,acct_000018,device_000005,ip_000241,token_000486,merchant_000064,9.27,USD,purchase,2025-08-17T02:49:47,2025-08-17T02:52:24
txn_001875,acct_000585,device_000515,ip_000365,token_000685,merchant_000018,17.46,USD,purchase,2025-08-17T03:16:26,2025-08-17T03:19:38
txn_000827,acct_000645,device_000007,ip_000313,token_000109,merchant_000046,38.74,USD,purchase,2025-08-17T03:24:33,2025-08-17T03:27:40
txn_000458,acct_000973,device_000163,ip_000310,token_001178,merchant_000040,3.39,USD,purchase,2025-08-17T03:49:18,2025-08-17T03:51:16
txn_001366,acct_000636,device_000230,ip_000108,token_000812,merchant_000018,32.0,USD,purchase,2025-08-17T05:23:43,2025-08-17T05:25:20
txn_002395,acct_000314,device_000144,ip_000056,token_000823,merchant_000071,21.62,USD,purchase,2025-08-17T05:31:06,2025-08-17T05:35:06
txn_000874,acct_000914,device_000013,ip_000382,token_000181,merchant_000041,63.28,USD,purchase,2025-08-17T09:50:57,2025-08-17T09:51:14
txn_003224,acct_000323,device_000318,ip_000312,token_001206,merchant_000056,12.34,USD,purchase,2025-08-17T12:09:03,2025-08-17T12:11:23
txn_003531,acct_001061,device_000025,ip_000278,token_000046,merchant_000062,16.92,USD,purchase,2025-08-17T16:23:56,2025-08-17T16:24:10
txn_001287,acct_000645,device_000226,ip_000241,token_000408,merchant_000005,33.79,USD,purchase,2025-08-17T16:36:13,2025-08-17T16:38:12
txn_002696,acct_000668,device_000503,ip_000413,token_000588,merchant_000025,17.59,USD,purchase,2025-08-17T17:26:31,2025-08-17T17:27:53
txn_001910,acct_000346,device_000584,ip_000149,token_000631,merchant_000010,38.64,USD,purchase,2025-08-17T19:00:31,2025-08-17T19:02:29
txn_003129,acct_001065,device_000424,ip_000048,token_000917,merchant_000045,29.82,USD,purchase,2025-08-17T22:20:23,2025-08-17T22:23:41
txn_003536,acct_000853,device_000078,ip_000341,token_001027,merchant_000004,3.67,USD,purchase,2025-08-17T22:46:06,2025-08-17T22:49:12
txn_003980,acct_000020,device_000516,ip_000294,token_000084,merchant_000059,119.91,USD,purchase,2025-08-17T23:33:05,2025-08-17T23:35:47
txn_001781,acct_000102,device_000239,ip_000329,token_000035,merchant_000019,12.75,USD,purchase,2025-08-17T23:56:30,2025-08-17T23:59:38
txn_001669,acct_001103,device_000151,ip_000152,token_001159,merchant_000061,48.55,USD,purchase,2025-08-18T05:24:50,2025-08-18T05:28:03
txn_003920,acct_000007,device_000008,ip_000374,token_000582,merchant_000033,212.05,USD,purchase,2025-08-18T18:25:48,2025-08-18T18:26:20
txn_001386,acct_000929,device_000119,ip_000271,token_001186,merchant_000030,15.83,USD,purchase,2025-08-18T21:37:54,2025-08-18T21:38:00
txn_000022,acct_000805,device_000374,ip_000059,token_001155,merchant_000026,1.64,USD,purchase,2025-08-18T23:57:21,2025-08-19T00:00:54
txn_000708,acct_000522,device_000575,ip_000278,token_000415,merchant_000010,2.15,USD,purchase,2025-08-19T03:47:49,2025-08-19T03:49:01
txn_000290,acct_000282,device_000330,ip_000429,token_000437,merchant_000006,4.22,USD,purchase,2025-08-19T07:57:18,2025-08-19T07:58:02
txn_000330,acct_000088,device_000202,ip_000056,token_000068,merchant_000066,14.89,USD,purchase,2025-08-19T08:48:09,2025-08-19T08:51:00
txn_002887,acct_000864,device_000111,ip_000066,token_000904,merchant_000052,24.58,USD,purchase,2025-08-19T11:51:27,2025-08-19T11:54:45
txn_000678,acct_000376,device_000522,ip_000043,token_000312,merchant_000001,42.03,USD,purchase,2025-08-19T12:19:03,2025-08-19T12:21:00
txn_001288,acct_000457,device_000329,ip_000106,token_000102,merchant_000048,22.99,USD,purchase,2025-08-19T12:25:18,2025-08-19T12:26:53
txn_002284,acct_000936,device_000269,ip_000175,token_000816,merchant_000056,34.59,USD,purchase,2025-08-19T17:36:33,2025-08-19T17:39:17
txn_003882,acct_000007,device_000003,ip_000286,token_000668,merchant_000033,34.55,USD,purchase,2025-08-19T18:11:01,2025-08-19T18:12:50
txn_001437,acct_000335,device_000064,ip_000358,token_000413,merchant_000014,13.67,USD,purchase,2025-08-19T22:46:05,2025-08-19T22:48:45
txn_002146,acct_000684,device_000236,ip_000445,token_000865,merchant_000042,45.98,USD,purchase,2025-08-20T01:49:48,2025-08-20T01:53:03
txn_003009,acct_000943,device_000105,ip_000291,token_000142,merchant_000018,50.51,USD,purchase,2025-08-20T03:07:24,2025-08-20T03:10:46
txn_000212,acct_000989,device_000178,ip_000250,token_001181,merchant_000013,32.42,USD,purchase,2025-08-20T03:57:24,2025-08-20T04:00:51
txn_003463,acct_000681,device_000134,ip_000296,token_000168,merchant_000061,40.36,USD,purchase,2025-08-20T03:59:29,2025-08-20T04:01:07
txn_001462,acct_000843,device_000462,ip_000030,token_000971,merchant_000065,103.6,USD,purchase,2025-08-20T05:19:55,2025-08-20T05:21:22
txn_001367,acct_000060,device_000038,ip_000058,token_000099,merchant_000069,29.85,USD,purchase,2025-08-20T07:11:00,2025-08-20T07:13:28
txn_001506,acct_000546,device_000065,ip_000335,token_000025,merchant_000001,13.34,USD,purchase,2025-08-20T07:34:54,2025-08-20T07:36:21
txn_003150,acct_000188,device_000004,ip_000236,token_000204,merchant_000037,9.68,USD,purchase,2025-08-20T09:37:28,2025-08-20T09:38:31
txn_003815,acct_000446,device_000485,ip_000018,token_000268,merchant_000065,27.2,USD,purchase,2025-08-20T12:40:13,2025-08-20T12:42:05
txn_003892,acct_000007,device_000003,ip_000195,token_000574,merchant_000072,149.54,USD,purchase,2025-08-20T14:09:19,2025-08-20T14:10:58
txn_003867,acct_000336,device_000049,ip_000255,token_001194,merchant_000025,91.35,USD,purchase,2025-08-20T16:37:50,2025-08-20T16:40:13
txn_003543,acct_000862,device_000370,ip_000182,token_001189,merchant_000010,6.67,USD,purchase,2025-08-20T19:56:08,2025-08-20T19:58:38
txn_001354,acct_000622,device_000555,ip_000148,token_000667,merchant_000048,9.69,USD,purchase,2025-08-20T23:07:30,2025-08-20T23:08:14
txn_003362,acct_000388,device_000001,ip_000329,token_000953,merchant_000006,8.03,USD,purchase,2025-08-21T00:18:34,2025-08-21T00:22:33
txn_003449,acct_000354,device_000197,ip_000490,token_000647,merchant_000020,32.29,USD,purchase,2025-08-21T02:33:09,2025-08-21T02:33:16
txn_002567,acct_000364,device_000035,ip_000427,token_000802,merchant_000042,13.95,USD,purchase,2025-08-21T06:08:12,2025-08-21T06:09:53
txn_000906,acct_000475,device_000049,ip_000147,token_000746,merchant_000012,6.07,USD,purchase,2025-08-21T06:13:17,2025-08-21T06:15:37
txn_003124,acct_000099,device_000312,ip_000222,token_000626,merchant_000037,3.47,USD,purchase,2025-08-21T09:43:35,2025-08-21T09:46:30
txn_004038,acct_000036,device_000027,ip_000097,token_000579,merchant_000051,49.27,USD,purchase,2025-08-21T13:24:48,2025-08-21T13:26:53
txn_004039,acct_000036,device_000027,ip_000097,token_000224,merchant_000043,37.64,USD,purchase,2025-08-21T13:27:48,2025-08-21T13:28:18
txn_004040,acct_000036,device_000027,ip_000097,token_000817,merchant_000015,63.17,USD,purchase,2025-08-21T13:32:48,2025-08-21T13:34:12
txn_004041,acct_000036,device_000027,ip_000097,token_000786,merchant_000067,58.14,USD,purchase,2025-08-21T13:33:48,2025-08-21T13:34:58
txn_004034,acct_000043,device_000027,ip_000097,token_001183,merchant_000058,81.87,USD,purchase,2025-08-21T13:45:48,2025-08-21T13:48:14
txn_004035,acct_000043,device_000027,ip_000097,token_000063,merchant_000033,140.73,USD,purchase,2025-08-21T13:46:48,2025-08-21T13:50:17
txn_004036,acct_000043,device_000027,ip_000097,token_000617,merchant_000016,207.49,USD,purchase,2025-08-21T13:51:48,2025-08-21T13:53:28
txn_004037,acct_000043,device_000027,ip_000097,token_000458,merchant_000034,79.69,USD,purchase,2025-08-21T13:51:48,2025-08-21T13:54:26
txn_003479,acct_001055,device_000240,ip_000081,token_000514,merchant_000005,18.74,USD,purchase,2025-08-21T14:15:38,2025-08-21T14:18:52
txn_000927,acct_001044,device_000417,ip_000331,token_000323,merchant_000031,26.57,USD,purchase,2025-08-21T14:53:15,2025-08-21T14:53:35
txn_000744,acct_000849,device_000133,ip_000141,token_000547,merchant_000060,109.95,USD,purchase,2025-08-21T15:49:30,2025-08-21T15:49:55
txn_003960,acct_000016,device_000066,ip_000381,token_000080,merchant_000072,274.67,USD,purchase,2025-08-21T16:43:29,2025-08-21T16:47:25
txn_001712,acct_000287,device_000446,ip_000201,token_000377,merchant_000080,13.92,USD,purchase,2025-08-22T01:17:01,2025-08-22T01:19:35
txn_000238,acct_000930,device_000420,ip_000227,token_000163,merchant_000077,7.94,USD,purchase,2025-08-22T01:21:25,2025-08-22T01:24:55
txn_002850,acct_000103,device_000331,ip_000494,token_000338,merchant_000015,13.7,USD,purchase,2025-08-22T03:04:31,2025-08-22T03:07:14
txn_000159,acct_000966,device_000494,ip_000088,token_000450,merchant_000053,4.88,USD,purchase,2025-08-22T08:13:21,2025-08-22T08:16:38
txn_002160,acct_000437,device_000426,ip_000456,token_000007,merchant_000043,16.4,USD,purchase,2025-08-22T19:40:13,2025-08-22T19:41:39
txn_001201,acct_000185,device_000142,ip_000250,token_000608,merchant_000050,36.2,USD,purchase,2025-08-22T20:11:41,2025-08-22T20:14:27
txn_003233,acct_000874,device_000519,ip_000310,token_001195,merchant_000051,105.53,USD,purchase,2025-08-22T23:55:39,2025-08-22T23:57:42
txn_003949,acct_000760,device_000424,ip_000233,token_000901,merchant_000068,9.26,USD,purchase,2025-08-23T07:35:00,2025-08-23T07:36:19
txn_001268,acct_000907,device_000233,ip_000359,token_000390,merchant_000067,15.04,USD,purchase,2025-08-23T08:00:00,2025-08-23T08:02:58
txn_002003,acct_000624,device_000474,ip_000266,token_001015,merchant_000022,103.11,USD,purchase,2025-08-23T09:58:18,2025-08-23T10:00:20
txn_000916,acct_000193,device_000466,ip_000195,token_000691,merchant_000031,4.9,USD,purchase,2025-08-23T10:02:28,2025-08-23T10:06:07
txn_000781,acct_000683,device_000204,ip_000347,token_000531,merchant_000033,7.25,USD,purchase,2025-08-23T10:07:01,2025-08-23T10:08:43
txn_003096,acct_000986,device_000526,ip_000319,token_000495,merchant_000057,121.34,USD,purchase,2025-08-23T16:09:56,2025-08-23T16:12:46
txn_002407,acct_000776,device_000456,ip_000192,token_000076,merchant_000046,4.96,USD,purchase,2025-08-23T16:32:40,2025-08-23T16:35:05
txn_002286,acct_001093,device_000295,ip_000233,token_000832,merchant_000050,3.46,USD,purchase,2025-08-23T21:19:41,2025-08-23T21:21:10
txn_000185,acct_000643,device_000325,ip_000335,token_000597,merchant_000035,35.68,USD,purchase,2025-08-24T02:35:48,2025-08-24T02:37:42
txn_003549,acct_000604,device_000231,ip_000034,token_000901,merchant_000010,59.9,USD,purchase,2025-08-24T03:09:44,2025-08-24T03:10:01
txn_002997,acct_000361,device_000353,ip_000019,token_000203,merchant_000050,6.03,USD,purchase,2025-08-24T12:24:42,2025-08-24T12:26:44
txn_001047,acct_000835,device_000200,ip_000088,token_000323,merchant_000028,30.75,USD,purchase,2025-08-24T13:37:35,2025-08-24T13:38:37
txn_000811,acct_000889,device_000273,ip_000054,token_001000,merchant_000072,68.04,USD,purchase,2025-08-24T14:18:01,2025-08-24T14:20:14
txn_002851,acct_000103,device_000331,ip_000494,token_000338,merchant_000015,-13.7,USD,refund,2025-08-24T17:04:31,2025-08-24T17:08:13
txn_002899,acct_000603,device_000155,ip_000295,token_000593,merchant_000035,65.45,USD,purchase,2025-08-24T18:33:15,2025-08-24T18:34:07
txn_000492,acct_000976,device_000103,ip_000376,token_000789,merchant_000038,12.53,USD,purchase,2025-08-24T19:16:12,2025-08-24T19:18:26
txn_002068,acct_000979,device_000235,ip_000423,token_000655,merchant_000060,10.73,USD,purchase,2025-08-24T22:32:34,2025-08-24T22:32:41
txn_002616,acct_000358,device_000470,ip_000491,token_000352,merchant_000080,58.98,USD,purchase,2025-08-25T00:01:29,2025-08-25T00:04:10
txn_003186,acct_000651,device_000382,ip_000212,token_001015,merchant_000055,42.09,USD,purchase,2025-08-25T05:36:41,2025-08-25T05:37:28
txn_002054,acct_001076,device_000461,ip_000002,token_000471,merchant_000032,9.37,USD,purchase,2025-08-25T07:14:42,2025-08-25T07:17:54
txn_000091,acct_000353,device_000283,ip_000207,token_000295,merchant_000080,43.39,USD,purchase,2025-08-25T09:04:41,2025-08-25T09:06:23
txn_003056,acct_000089,device_000578,ip_000236,token_000061,merchant_000012,93.47,USD,purchase,2025-08-25T09:32:57,2025-08-25T09:33:41
txn_000677,acct_000601,device_000122,ip_000173,token_000690,merchant_000076,14.93,USD,purchase,2025-08-25T10:01:50,2025-08-25T10:03:35
txn_003769,acct_000469,device_000494,ip_000039,token_001092,merchant_000009,6.91,USD,purchase,2025-08-25T10:27:44,2025-08-25T10:29:53
txn_003314,acct_000664,device_000360,ip_000312,token_000182,merchant_000007,12.54,USD,purchase,2025-08-25T15:47:15,2025-08-25T15:48:48
txn_001329,acct_000915,device_000158,ip_000423,token_000833,merchant_000076,38.81,USD,purchase,2025-08-25T16:06:58,2025-08-25T16:09:26
txn_002396,acct_000318,device_000045,ip_000146,token_000504,merchant_000011,9.19,USD,purchase,2025-08-25T17:46:56,2025-08-25T17:50:21
txn_003396,acct_000276,device_000258,ip_000492,token_000111,merchant_000065,110.35,USD,purchase,2025-08-25T18:37:30,2025-08-25T18:37:52
txn_003135,acct_000964,device_000371,ip_000008,token_001033,merchant_000028,24.27,USD,purchase,2025-08-25T19:41:17,2025-08-25T19:42:39
txn_000292,acct_001072,device_000462,ip_000211,token_000490,merchant_000023,60.09,USD,purchase,2025-08-26T02:37:35,2025-08-26T02:40:39
txn_001143,acct_001056,device_000297,ip_000299,token_001165,merchant_000015,22.13,USD,purchase,2025-08-26T02:42:09,2025-08-26T02:45:12
txn_000532,acct_000879,device_000204,ip_000243,token_000212,merchant_000065,39.28,USD,purchase,2025-08-26T07:52:08,2025-08-26T07:53:07
txn_000117,acct_000989,device_000583,ip_000348,token_000898,merchant_000024,17.22,USD,purchase,2025-08-26T09:56:41,2025-08-26T09:56:49
txn_001014,acct_000922,device_000215,ip_000048,token_000698,merchant_000031,80.33,USD,purchase,2025-08-26T14:08:50,2025-08-26T14:11:32
txn_002203,acct_000901,device_000032,ip_000489,token_000385,merchant_000074,9.04,USD,purchase,2025-08-26T16:44:00,2025-08-26T16:44:16
txn_003795,acct_000224,device_000225,ip_000486,token_000511,merchant_000001,128.59,USD,purchase,2025-08-26T16:55:10,2025-08-26T16:55:36
txn_001850,acct_000134,device_000345,ip_000214,token_000562,merchant_000002,54.54,USD,purchase,2025-08-26T22:40:17,2025-08-26T22:41:37
txn_001542,acct_001114,device_000482,ip_000068,token_000068,merchant_000076,30.36,USD,purchase,2025-08-27T00:37:09,2025-08-27T00:40:43
txn_001813,acct_001067,device_000250,ip_000287,token_001013,merchant_000072,58.28,USD,purchase,2025-08-27T00:48:29,2025-08-27T00:49:50
txn_002655,acct_000120,device_000214,ip_000129,token_001033,merchant_000015,2.47,USD,purchase,2025-08-27T05:07:17,2025-08-27T05:08:22
txn_000293,acct_001072,device_000462,ip_000211,token_000490,merchant_000023,-60.09,USD,refund,2025-08-27T09:37:35,2025-08-27T09:38:25
txn_001289,acct_000874,device_000307,ip_000121,token_000161,merchant_000041,10.66,USD,purchase,2025-08-27T11:39:16,2025-08-27T11:42:54
txn_003859,acct_000375,device_000357,ip_000028,token_000315,merchant_000040,13.66,USD,purchase,2025-08-27T12:18:27,2025-08-27T12:18:43
txn_001128,acct_000987,device_000056,ip_000217,token_000253,merchant_000047,10.7,USD,purchase,2025-08-27T13:14:08,2025-08-27T13:16:15
txn_001934,acct_000517,device_000474,ip_000233,token_000469,merchant_000037,77.1,USD,purchase,2025-08-27T16:07:43,2025-08-27T16:08:02
txn_001719,acct_000590,device_000251,ip_000228,token_000027,merchant_000016,5.02,USD,purchase,2025-08-27T19:38:40,2025-08-27T19:39:31
txn_001400,acct_000026,device_000027,ip_000409,token_000945,merchant_000028,22.43,USD,purchase,2025-08-27T23:20:47,2025-08-27T23:24:07
txn_001267,acct_000993,device_000253,ip_000177,token_000262,merchant_000048,1.8,USD,purchase,2025-08-27T23:39:59,2025-08-27T23:42:48
txn_000742,acct_000239,device_000197,ip_000293,token_000535,merchant_000039,29.42,USD,purchase,2025-08-28T01:38:06,2025-08-28T01:39:09
txn_003244,acct_000065,device_000079,ip_000359,token_000362,merchant_000068,13.01,USD,purchase,2025-08-28T03:08:24,2025-08-28T03:10:34
txn_003117,acct_000794,device_000050,ip_000282,token_000945,merchant_000035,20.87,USD,purchase,2025-08-28T04:29:20,2025-08-28T04:29:59
txn_003318,acct_001109,device_000083,ip_000415,token_000146,merchant_000072,126.73,USD,purchase,2025-08-28T05:18:38,2025-08-28T05:19:20
txn_000131,acct_001109,device_000034,ip_000184,token_000927,merchant_000014,28.55,USD,purchase,2025-08-28T06:33:01,2025-08-28T06:36:22
txn_000146,acct_000397,device_000326,ip_000249,token_000923,merchant_000043,65.46,USD,purchase,2025-08-28T08:43:40,2025-08-28T08:44:20
txn_001572,acct_000344,device_000380,ip_000077,token_000253,merchant_000064,24.2,USD,purchase,2025-08-28T10:29:07,2025-08-28T10:30:52
txn_003014,acct_000352,device_000424,ip_000081,token_000158,merchant_000071,2.35,USD,purchase,2025-08-28T10:56:49,2025-08-28T11:00:39
txn_001981,acct_000395,device_000248,ip_000027,token_000294,merchant_000028,30.54,USD,purchase,2025-08-28T12:49:49,2025-08-28T12:51:01
txn_001465,acct_000337,device_000059,ip_000400,token_000604,merchant_000021,77.55,USD,purchase,2025-08-28T12:52:53,2025-08-28T12:54:07
txn_000959,acct_000548,device_000148,ip_000073,token_000403,merchant_000012,17.08,USD,purchase,2025-08-28T13:41:08,2025-08-28T13:41:19
txn_003664,acct_000581,device_000423,ip_000247,token_000146,merchant_000073,34.09,USD,purchase,2025-08-28T14:00:47,2025-08-28T14:01:31
txn_000531,acct_000996,device_000085,ip_000390,token_000879,merchant_000032,6.41,USD,purchase,2025-08-28T20:34:18,2025-08-28T20:35:22
txn_000367,acct_000299,device_000030,ip_000149,token_000537,merchant_000031,21.69,USD,purchase,2025-08-28T21:11:49,2025-08-28T21:14:19
txn_003307,acct_000092,device_000413,ip_000134,token_000199,merchant_000078,51.34,USD,purchase,2025-08-28T21:33:39,2025-08-28T21:36:51
txn_004162,acct_000078,device_000019,ip_000007,token_001033,merchant_000076,39.51,USD,purchase,2025-08-28T21:42:55,2025-08-28T21:43:44
txn_002444,acct_001037,device_000310,ip_000360,token_000630,merchant_000056,157.69,USD,purchase,2025-08-29T02:42:01,2025-08-29T02:44:15
txn_000818,acct_000607,device_000574,ip_000276,token_000365,merchant_000051,38.89,USD,purchase,2025-08-29T04:34:02,2025-08-29T04:34:26
txn_003776,acct_000588,device_000330,ip_000121,token_000782,merchant_000038,28.14,USD,purchase,2025-08-29T05:58:35,2025-08-29T05:58:51
txn_003612,acct_000949,device_000064,ip_000355,token_000839,merchant_000075,9.16,USD,purchase,2025-08-29T13:03:19,2025-08-29T13:03:48
txn_000369,acct_000726,device_000047,ip_000003,token_000520,merchant_000065,35.6,USD,purchase,2025-08-29T15:37:48,2025-08-29T15:41:37
txn_002660,acct_000069,device_000162,ip_000118,token_000740,merchant_000065,8.75,USD,purchase,2025-08-29T18:51:21,2025-08-29T18:51:50
txn_003438,acct_001045,device_000253,ip_000310,token_000920,merchant_000047,17.27,USD,purchase,2025-08-29T20:26:51,2025-08-29T20:29:40
txn_003010,acct_000747,device_000449,ip_000271,token_000205,merchant_000038,9.15,USD,purchase,2025-08-29T21:50:14,2025-08-29T21:51:36
txn_001543,acct_000278,device_000304,ip_000466,token_000024,merchant_000043,16.43,USD,purchase,2025-08-30T04:55:45,2025-08-30T04:58:11
txn_001029,acct_000157,device_000155,ip_000090,token_000592,merchant_000065,54.23,USD,purchase,2025-08-30T10:14:39,2025-08-30T10:16:40
txn_000863,acct_000171,device_000364,ip_000309,token_001014,merchant_000003,87.13,USD,purchase,2025-08-30T12:10:32,2025-08-30T12:11:16
txn_003736,acct_000113,device_000013,ip_000112,token_000564,merchant_000005,47.91,USD,purchase,2025-08-30T15:58:32,2025-08-30T16:01:46
txn_001266,acct_000072,device_000204,ip_000063,token_000406,merchant_000049,9.02,USD,purchase,2025-08-30T17:30:31,2025-08-30T17:32:44
txn_001055,acct_000340,device_000413,ip_000388,token_001225,merchant_000074,103.74,USD,purchase,2025-08-31T06:00:34,2025-08-31T06:03:14
txn_002764,acct_000241,device_000171,ip_000435,token_001005,merchant_000072,43.48,USD,purchase,2025-08-31T06:10:10,2025-08-31T06:11:44
txn_001589,acct_000071,device_000344,ip_000315,token_000642,merchant_000022,24.76,USD,purchase,2025-08-31T07:12:55,2025-08-31T07:15:37
txn_001621,acct_000415,device_000538,ip_000040,token_001116,merchant_000070,228.02,USD,purchase,2025-08-31T11:02:22,2025-08-31T11:05:34
txn_002787,acct_000515,device_000343,ip_000272,token_000041,merchant_000009,123.29,USD,purchase,2025-08-31T11:56:41,2025-08-31T11:57:22
txn_000263,acct_000064,device_000241,ip_000222,token_001209,merchant_000051,14.07,USD,purchase,2025-08-31T19:25:10,2025-08-31T19:26:48
txn_003299,acct_000534,device_000466,ip_000015,token_000670,merchant_000001,17.13,USD,purchase,2025-08-31T23:09:53,2025-08-31T23:12:55
txn_002302,acct_001026,device_000458,ip_000041,token_000265,merchant_000008,22.98,USD,purchase,2025-09-01T00:35:15,2025-09-01T00:38:11
txn_000431,acct_000404,device_000169,ip_000169,token_000637,merchant_000009,31.29,USD,purchase,2025-09-01T02:41:36,2025-09-01T02:43:27
txn_002352,acct_000050,device_000205,ip_000096,token_000069,merchant_000060,89.64,USD,purchase,2025-09-01T05:50:58,2025-09-01T05:54:35
txn_003506,acct_000360,device_000112,ip_000327,token_000376,merchant_000074,28.95,USD,purchase,2025-09-01T06:04:10,2025-09-01T06:07:07
txn_001161,acct_000464,device_000335,ip_000319,token_000379,merchant_000051,17.87,USD,purchase,2025-09-01T08:14:34,2025-09-01T08:16:23
txn_002115,acct_001056,device_000215,ip_000472,token_001057,merchant_000043,159.82,USD,purchase,2025-09-01T09:01:52,2025-09-01T09:05:02
txn_001636,acct_000770,device_000382,ip_000036,token_001127,merchant_000045,65.02,USD,purchase,2025-09-01T10:28:04,2025-09-01T10:30:34
txn_001224,acct_000583,device_000066,ip_000037,token_001112,merchant_000039,31.07,USD,purchase,2025-09-01T10:46:04,2025-09-01T10:47:01
txn_003860,acct_000036,device_000185,ip_000076,token_000666,merchant_000070,8.76,USD,purchase,2025-09-01T12:40:51,2025-09-01T12:44:09
txn_003852,acct_001021,device_000048,ip_000106,token_000361,merchant_000021,46.2,USD,purchase,2025-09-01T14:18:39,2025-09-01T14:21:51
txn_001901,acct_000721,device_000505,ip_000067,token_000272,merchant_000071,18.53,USD,purchase,2025-09-01T14:50:03,2025-09-01T14:50:44
txn_003326,acct_000856,device_000256,ip_000137,token_000943,merchant_000040,42.72,USD,purchase,2025-09-01T17:13:31,2025-09-01T17:13:35
txn_001545,acct_000175,device_000486,ip_000338,token_000747,merchant_000032,108.8,USD,purchase,2025-09-01T20:53:43,2025-09-01T20:55:28
txn_000323,acct_000741,device_000493,ip_000290,token_000894,merchant_000034,63.96,USD,purchase,2025-09-01T21:20:50,2025-09-01T21:23:58
txn_003686,acct_000594,device_000439,ip_000353,token_000626,merchant_000044,15.63,USD,purchase,2025-09-01T21:29:26,2025-09-01T21:33:15
txn_001075,acct_001007,device_000550,ip_000424,token_000374,merchant_000014,7.36,USD,purchase,2025-09-01T23:51:36,2025-09-01T23:53:24
txn_003276,acct_000044,device_000231,ip_000413,token_000461,merchant_000052,18.73,USD,purchase,2025-09-02T01:24:37,2025-09-02T01:27:20
txn_000537,acct_000787,device_000090,ip_000455,token_000218,merchant_000017,41.28,USD,purchase,2025-09-02T11:54:42,2025-09-02T11:57:13
txn_000539,acct_000518,device_000574,ip_000178,token_000750,merchant_000058,6.02,USD,purchase,2025-09-02T14:45:50,2025-09-02T14:49:49
txn_002703,acct_001110,device_000260,ip_000336,token_000359,merchant_000046,224.1,USD,purchase,2025-09-02T18:26:13,2025-09-02T18:27:04
txn_000388,acct_000803,device_000053,ip_000171,token_000017,merchant_000014,77.83,USD,purchase,2025-09-02T19:50:45,2025-09-02T19:52:32
txn_002882,acct_000608,device_000189,ip_000134,token_000558,merchant_000079,70.07,USD,purchase,2025-09-02T22:17:24,2025-09-02T22:20:24
txn_000189,acct_001105,device_000182,ip_000303,token_001224,merchant_000059,17.45,USD,purchase,2025-09-03T01:47:21,2025-09-03T01:49:38
txn_002770,acct_000984,device_000200,ip_000416,token_000842,merchant_000053,60.43,USD,purchase,2025-09-03T01:59:43,2025-09-03T02:00:54
txn_000930,acct_001003,device_000351,ip_000273,token_001059,merchant_000079,30.9,USD,purchase,2025-09-03T04:45:23,2025-09-03T04:49:21
txn_001900,acct_000782,device_000150,ip_000016,token_001084,merchant_000025,8.92,USD,purchase,2025-09-03T05:19:40,2025-09-03T05:23:39
txn_000880,acct_000444,device_000427,ip_000252,token_000027,merchant_000040,4.29,USD,purchase,2025-09-03T06:05:12,2025-09-03T06:08:08
txn_002234,acct_000999,device_000533,ip_000398,token_000125,merchant_000068,26.73,USD,purchase,2025-09-03T06:08:01,2025-09-03T06:11:57
txn_002732,acct_000582,device_000512,ip_000145,token_001170,merchant_000011,389.34,USD,purchase,2025-09-03T07:45:46,2025-09-03T07:48:41
txn_001924,acct_000084,device_000448,ip_000249,token_000548,merchant_000052,51.96,USD,purchase,2025-09-03T19:54:48,2025-09-03T19:55:01
txn_000513,acct_000294,device_000549,ip_000105,token_000145,merchant_000035,38.86,USD,purchase,2025-09-03T21:06:16,2025-09-03T21:07:52
txn_001120,acct_000191,device_000118,ip_000075,token_000815,merchant_000007,11.28,USD,purchase,2025-09-03T22:41:49,2025-09-03T22:42:43
txn_000040,acct_000551,device_000425,ip_000193,token_000926,merchant_000010,271.9,USD,purchase,2025-09-04T01:50:19,2025-09-04T01:52:03
txn_002708,acct_000835,device_000245,ip_000083,token_001165,merchant_000027,51.3,USD,purchase,2025-09-04T01:56:37,2025-09-04T01:58:32
txn_003660,acct_000460,device_000438,ip_000134,token_000657,merchant_000034,29.55,USD,purchase,2025-09-04T02:01:31,2025-09-04T02:04:08
txn_003103,acct_000427,device_000175,ip_000374,token_001140,merchant_000060,56.21,USD,purchase,2025-09-04T02:29:01,2025-09-04T02:29:44
txn_001218,acct_000912,device_000399,ip_000028,token_000363,merchant_000022,17.85,USD,purchase,2025-09-04T03:52:19,2025-09-04T03:55:49
txn_002704,acct_001110,device_000260,ip_000336,token_000359,merchant_000046,-224.1,USD,refund,2025-09-04T08:26:13,2025-09-04T08:26:56
txn_000590,acct_000162,device_000392,ip_000013,token_000268,merchant_000059,36.11,USD,purchase,2025-09-04T09:37:30,2025-09-04T09:38:32
txn_002611,acct_000522,device_000058,ip_000230,token_000052,merchant_000040,7.31,USD,purchase,2025-09-04T12:01:07,2025-09-04T12:02:11
txn_003579,acct_000138,device_000541,ip_000476,token_000771,merchant_000060,34.92,USD,purchase,2025-09-04T12:27:05,2025-09-04T12:27:27
txn_002044,acct_001080,device_000567,ip_000151,token_000565,merchant_000063,41.17,USD,purchase,2025-09-04T13:33:46,2025-09-04T13:35:24
txn_000476,acct_000510,device_000311,ip_000147,token_001181,merchant_000058,11.88,USD,purchase,2025-09-04T20:15:23,2025-09-04T20:16:56
txn_002594,acct_000502,device_000101,ip_000340,token_000935,merchant_000063,82.55,USD,purchase,2025-09-04T20:15:28,2025-09-04T20:18:16
txn_002164,acct_000361,device_000504,ip_000035,token_001100,merchant_000053,36.31,USD,purchase,2025-09-04T21:31:25,2025-09-04T21:33:22
txn_003037,acct_001020,device_000100,ip_000419,token_001098,merchant_000026,39.19,USD,purchase,2025-09-04T23:56:35,2025-09-04T23:57:58
txn_000831,acct_000768,device_000072,ip_000490,token_000354,merchant_000025,32.42,USD,purchase,2025-09-05T04:26:23,2025-09-05T04:27:19
txn_001663,acct_000970,device_000249,ip_000142,token_001174,merchant_000071,32.69,USD,purchase,2025-09-05T09:02:55,2025-09-05T09:04:56
txn_003825,acct_000585,device_000481,ip_000109,token_000051,merchant_000018,110.95,USD,purchase,2025-09-05T10:13:11,2025-09-05T10:14:44
txn_001577,acct_000943,device_000127,ip_000294,token_000164,merchant_000068,31.09,USD,purchase,2025-09-05T11:22:03,2025-09-05T11:25:14
txn_003183,acct_001080,device_000297,ip_000010,token_000215,merchant_000056,19.52,USD,purchase,2025-09-05T12:30:04,2025-09-05T12:32:36
txn_003093,acct_000207,device_000074,ip_000094,token_000806,merchant_000040,25.28,USD,purchase,2025-09-05T12:52:48,2025-09-05T12:53:56
txn_001067,acct_000843,device_000148,ip_000026,token_000755,merchant_000029,24.14,USD,purchase,2025-09-05T13:57:27,2025-09-05T13:58:40
txn_002178,acct_001101,device_000071,ip_000185,token_001196,merchant_000054,51.99,USD,purchase,2025-09-05T15:09:33,2025-09-05T15:13:16
txn_003846,acct_000653,device_000035,ip_000073,token_001079,merchant_000004,7.85,USD,purchase,2025-09-05T15:20:04,2025-09-05T15:22:36
txn_001890,acct_000431,device_000540,ip_000398,token_001102,merchant_000047,12.04,USD,purchase,2025-09-05T15:45:08,2025-09-05T15:47:29
txn_003320,acct_001011,device_000190,ip_000011,token_000115,merchant_000072,39.42,USD,purchase,2025-09-05T16:07:02,2025-09-05T16:10:28
txn_003448,acct_000934,device_000105,ip_000201,token_000908,merchant_000012,6.61,USD,purchase,2025-09-05T17:20:03,2025-09-05T17:21:35
txn_002609,acct_000822,device_000323,ip_000033,token_000136,merchant_000061,42.68,USD,purchase,2025-09-05T18:56:03,2025-09-05T18:58:05
txn_001632,acct_000915,device_000551,ip_000028,token_000292,merchant_000030,35.68,USD,purchase,2025-09-06T02:08:11,2025-09-06T02:10:23
txn_000359,acct_000491,device_000260,ip_000283,token_000788,merchant_000040,95.39,USD,purchase,2025-09-06T03:26:12,2025-09-06T03:29:40
txn_001972,acct_000665,device_000466,ip_000347,token_000478,merchant_000011,193.85,USD,purchase,2025-09-06T04:24:12,2025-09-06T04:24:24
txn_002487,acct_000989,device_000263,ip_000308,token_000123,merchant_000028,49.6,USD,purchase,2025-09-06T04:43:28,2025-09-06T04:44:27
txn_001743,acct_001036,device_000052,ip_000101,token_000087,merchant_000080,25.67,USD,purchase,2025-09-06T05:25:08,2025-09-06T05:26:21
txn_001744,acct_001036,device_000052,ip_000101,token_000087,merchant_000080,-25.67,USD,refund,2025-09-06T10:25:08,2025-09-06T10:25:48
txn_000184,acct_000587,device_000475,ip_000324,token_000297,merchant_000022,58.93,USD,purchase,2025-09-06T18:38:39,2025-09-06T18:41:21
txn_003189,acct_000910,device_000394,ip_000416,token_001121,merchant_000011,38.16,USD,purchase,2025-09-06T21:59:54,2025-09-06T22:03:53
txn_003330,acct_000360,device_000352,ip_000181,token_000535,merchant_000052,1.31,USD,purchase,2025-09-06T23:14:47,2025-09-06T23:15:49
txn_000362,acct_000670,device_000465,ip_000356,token_000057,merchant_000007,50.52,USD,purchase,2025-09-07T02:01:39,2025-09-07T02:05:02
txn_000669,acct_000668,device_000585,ip_000191,token_000852,merchant_000010,20.22,USD,purchase,2025-09-07T06:49:14,2025-09-07T06:49:21
txn_003401,acct_000710,device_000046,ip_000201,token_000801,merchant_000052,126.66,USD,purchase,2025-09-07T15:01:41,2025-09-07T15:05:04
txn_001262,acct_001021,device_000050,ip_000058,token_001019,merchant_000025,45.31,USD,purchase,2025-09-07T15:28:39,2025-09-07T15:30:07
txn_001104,acct_000455,device_000434,ip_000230,token_000904,merchant_000038,12.85,USD,purchase,2025-09-07T18:33:05,2025-09-07T18:33:39
txn_003402,acct_000710,device_000046,ip_000201,token_000801,merchant_000052,-126.66,USD,refund,2025-09-07T20:01:41,2025-09-07T20:03:08
txn_002040,acct_000570,device_000109,ip_000225,token_001164,merchant_000073,18.78,USD,purchase,2025-09-08T00:49:07,2025-09-08T00:51:19
txn_002934,acct_001082,device_000150,ip_000065,token_000469,merchant_000008,5.42,USD,purchase,2025-09-08T04:34:22,2025-09-08T04:37:46
txn_002615,acct_000305,device_000061,ip_000317,token_000724,merchant_000076,52.73,USD,purchase,2025-09-08T05:37:02,2025-09-08T05:39:17
txn_003393,acct_000091,device_000153,ip_000208,token_000874,merchant_000034,10.88,USD,purchase,2025-09-08T09:44:28,2025-09-08T09:48:28
txn_000093,acct_000658,device_000276,ip_000374,token_000854,merchant_000078,6.12,USD,purchase,2025-09-08T17:00:25,2025-09-08T17:04:19
txn_001028,acct_000641,device_000389,ip_000345,token_000236,merchant_000065,14.01,USD,purchase,2025-09-08T17:29:37,2025-09-08T17:30:18
txn_000413,acct_000695,device_000554,ip_000024,token_000908,merchant_000036,9.67,USD,purchase,2025-09-08T20:22:42,2025-09-08T20:22:49
txn_001786,acct_001112,device_000505,ip_000404,token_000427,merchant_000047,11.11,USD,purchase,2025-09-08T20:36:31,2025-09-08T20:36:48
txn_003108,acct_000225,device_000555,ip_000080,token_000716,merchant_000012,27.33,USD,purchase,2025-09-09T00:04:35,2025-09-09T00:04:40
txn_000396,acct_001037,device_000511,ip_000376,token_000204,merchant_000020,5.92,USD,purchase,2025-09-09T07:20:37,2025-09-09T07:21:09
txn_001723,acct_000283,device_000388,ip_000420,token_001059,merchant_000037,25.55,USD,purchase,2025-09-09T07:36:35,2025-09-09T07:40:29
txn_000378,acct_000334,device_000398,ip_000400,token_000825,merchant_000037,97.29,USD,purchase,2025-09-09T08:02:34,2025-09-09T08:03:05
txn_002334,acct_000495,device_000454,ip_000254,token_000348,merchant_000077,93.91,USD,purchase,2025-09-09T10:42:13,2025-09-09T10:44:50
txn_003869,acct_000955,device_000460,ip_000364,token_000862,merchant_000037,12.99,USD,purchase,2025-09-09T11:28:18,2025-09-09T11:32:14
txn_003315,acct_001056,device_000227,ip_000135,token_000820,merchant_000028,26.46,USD,purchase,2025-09-09T12:26:10,2025-09-09T12:29:58
txn_000815,acct_000539,device_000165,ip_000108,token_001144,merchant_000071,13.99,USD,purchase,2025-09-09T18:28:19,2025-09-09T18:29:49
txn_000192,acct_000491,device_000530,ip_000392,token_000557,merchant_000037,269.81,USD,purchase,2025-09-09T20:03:27,2025-09-09T20:05:13
txn_000997,acct_000508,device_000084,ip_000172,token_000345,merchant_000024,19.96,USD,purchase,2025-09-09T20:19:31,2025-09-09T20:20:04
txn_000543,acct_000510,device_000216,ip_000274,token_000238,merchant_000001,11.83,USD,purchase,2025-09-09T21:48:51,2025-09-09T21:50:26
txn_000116,acct_000557,device_000395,ip_000354,token_000980,merchant_000054,58.82,USD,purchase,2025-09-09T23:41:15,2025-09-09T23:41:49
txn_001625,acct_000202,device_000524,ip_000393,token_000275,merchant_000004,12.8,USD,purchase,2025-09-09T23:46:34,2025-09-09T23:50:12
txn_000850,acct_000073,device_000578,ip_000280,token_000152,merchant_000003,78.87,USD,purchase,2025-09-09T23:50:16,2025-09-09T23:52:43
txn_004004,acct_000025,device_000313,ip_000379,token_000590,merchant_000008,268.24,USD,purchase,2025-09-09T23:50:24,2025-09-09T23:51:49
txn_000306,acct_000284,device_000343,ip_000123,token_001106,merchant_000015,12.59,USD,purchase,2025-09-10T01:28:34,2025-09-10T01:31:03
txn_001264,acct_001100,device_000065,ip_000013,token_000753,merchant_000042,237.4,USD,purchase,2025-09-10T01:50:15,2025-09-10T01:50:25
txn_001569,acct_000751,device_000237,ip_000440,token_000230,merchant_000074,26.21,USD,purchase,2025-09-10T03:36:34,2025-09-10T03:40:15
txn_003067,acct_000921,device_000232,ip_000370,token_000080,merchant_000046,91.37,USD,purchase,2025-09-10T03:43:43,2025-09-10T03:45:35
txn_000864,acct_000049,device_000502,ip_000164,token_000342,merchant_000007,12.05,USD,purchase,2025-09-10T04:53:39,2025-09-10T04:55:34
txn_001734,acct_000107,device_000470,ip_000013,token_000417,merchant_000030,31.24,USD,purchase,2025-09-10T07:55:23,2025-09-10T07:56:38
txn_002289,acct_000820,device_000562,ip_000305,token_000846,merchant_000062,5.94,USD,purchase,2025-09-10T14:47:27,2025-09-10T14:49:04
txn_003805,acct_000503,device_000369,ip_000196,token_000196,merchant_000036,31.57,USD,purchase,2025-09-10T15:07:11,2025-09-10T15:07:31
txn_000080,acct_000769,device_000104,ip_000425,token_000982,merchant_000074,46.03,USD,purchase,2025-09-10T19:28:33,2025-09-10T19:30:29
txn_003148,acct_000026,device_000369,ip_000193,token_001226,merchant_000043,76.64,USD,purchase,2025-09-10T22:56:28,2025-09-10T22:56:37
txn_000896,acct_000585,device_000463,ip_000015,token_000913,merchant_000078,100.49,USD,purchase,2025-09-10T23:34:06,2025-09-10T23:34:59
txn_001863,acct_000735,device_000429,ip_000222,token_000668,merchant_000001,12.61,USD,purchase,2025-09-11T10:51:07,2025-09-11T10:53:17
txn_000505,acct_001001,device_000310,ip_000353,token_001221,merchant_000023,193.31,USD,purchase,2025-09-11T12:30:31,2025-09-11T12:33:55
txn_000281,acct_000514,device_000457,ip_000010,token_001020,merchant_000020,37.47,USD,purchase,2025-09-11T13:08:45,2025-09-11T13:11:45
txn_003374,acct_000754,device_000364,ip_000379,token_000841,merchant_000023,16.45,USD,purchase,2025-09-11T17:36:17,2025-09-11T17:38:06
txn_000110,acct_001096,device_000050,ip_000305,token_000099,merchant_000014,6.65,USD,purchase,2025-09-11T19:41:30,2025-09-11T19:42:02
txn_002335,acct_000495,device_000454,ip_000254,token_000348,merchant_000077,-93.91,USD,refund,2025-09-11T19:42:13,2025-09-11T19:45:40
txn_000397,acct_001037,device_000511,ip_000376,token_000204,merchant_000020,-5.92,USD,refund,2025-09-11T20:20:37,2025-09-11T20:22:05
txn_000154,acct_000540,device_000558,ip_000292,token_000357,merchant_000049,14.07,USD,purchase,2025-09-11T20:41:43,2025-09-11T20:45:33
txn_002493,acct_000543,device_000168,ip_000332,token_000869,merchant_000057,333.79,USD,purchase,2025-09-11T23:35:23,2025-09-11T23:37:47
txn_003606,acct_000660,device_000399,ip_000326,token_000209,merchant_000080,18.98,USD,purchase,2025-09-12T03:31:22,2025-09-12T03:32:31
txn_001251,acct_000444,device_000421,ip_000341,token_000282,merchant_000044,28.57,USD,purchase,2025-09-12T04:48:40,2025-09-12T04:51:33
txn_000442,acct_000208,device_000022,ip_000426,token_000282,merchant_000049,45.15,USD,purchase,2025-09-12T07:49:23,2025-09-12T07:53:23
txn_000118,acct_000843,device_000452,ip_000024,token_000130,merchant_000034,7.49,USD,purchase,2025-09-12T08:47:46,2025-09-12T08:50:40
txn_001392,acct_000342,device_000041,ip_000474,token_000537,merchant_000009,14.13,USD,purchase,2025-09-12T10:59:18,2025-09-12T10:59:27
txn_000655,acct_000579,device_000045,ip_000161,token_000717,merchant_000078,7.69,USD,purchase,2025-09-12T10:59:24,2025-09-12T11:02:13
txn_003898,acct_000010,device_000422,ip_000387,token_001175,merchant_000005,34.69,USD,purchase,2025-09-12T13:06:46,2025-09-12T13:08:24
txn_000998,acct_000508,device_000084,ip_000172,token_000345,merchant_000024,-19.96,USD,refund,2025-09-12T15:19:31,2025-09-12T15:23:16
txn_000639,acct_001051,device_000065,ip_000090,token_000311,merchant_000046,45.88,USD,purchase,2025-09-12T17:44:32,2025-09-12T17:47:36
txn_000100,acct_000567,device_000333,ip_000442,token_000568,merchant_000034,15.69,USD,purchase,2025-09-12T19:28:40,2025-09-12T19:31:56
txn_003050,acct_000876,device_000359,ip_000348,token_000400,merchant_000011,6.04,USD,purchase,2025-09-13T11:01:19,2025-09-13T11:02:40
txn_002285,acct_000562,device_000081,ip_000157,token_000294,merchant_000080,13.29,USD,purchase,2025-09-13T12:18:28,2025-09-13T12:21:15
txn_000376,acct_000983,device_000465,ip_000322,token_000552,merchant_000077,7.17,USD,purchase,2025-09-13T13:03:47,2025-09-13T13:06:55
txn_001725,acct_000294,device_000266,ip_000224,token_000706,merchant_000077,122.17,USD,purchase,2025-09-13T19:34:51,2025-09-13T19:36:29
txn_001393,acct_000342,device_000041,ip_000474,token_000537,merchant_000009,-14.13,USD,refund,2025-09-13T22:59:18,2025-09-13T22:59:35
txn_001510,acct_000479,device_000414,ip_000284,token_000138,merchant_000048,7.01,USD,purchase,2025-09-13T23:27:29,2025-09-13T23:29:42
txn_000271,acct_000229,device_000179,ip_000466,token_001212,merchant_000020,14.53,USD,purchase,2025-09-13T23:46:33,2025-09-13T23:47:40
txn_002262,acct_000667,device_000134,ip_000257,token_001173,merchant_000004,13.96,USD,purchase,2025-09-14T00:00:40,2025-09-14T00:04:36
txn_002581,acct_000112,device_000559,ip_000240,token_001103,merchant_000028,24.43,USD,purchase,2025-09-14T00:28:36,2025-09-14T00:31:16
txn_003581,acct_000492,device_000367,ip_000217,token_000635,merchant_000035,35.23,USD,purchase,2025-09-14T01:38:36,2025-09-14T01:39:51
txn_000400,acct_000337,device_000445,ip_000032,token_000806,merchant_000005,6.47,USD,purchase,2025-09-14T09:17:16,2025-09-14T09:20:16
txn_002828,acct_000374,device_000523,ip_000016,token_000846,merchant_000011,23.39,USD,purchase,2025-09-14T11:01:09,2025-09-14T11:02:50
txn_003709,acct_000001,device_000145,ip_000478,token_001126,merchant_000054,30.81,USD,purchase,2025-09-14T16:22:53,2025-09-14T16:24:55
txn_002717,acct_000862,device_000507,ip_000019,token_000755,merchant_000008,7.3,USD,purchase,2025-09-14T17:08:28,2025-09-14T17:10:45
txn_001185,acct_000302,device_000550,ip_000234,token_001029,merchant_000066,9.02,USD,purchase,2025-09-14T17:37:24,2025-09-14T17:39:03
txn_002831,acct_000972,device_000574,ip_000389,token_000192,merchant_000008,24.46,USD,purchase,2025-09-14T18:42:12,2025-09-14T18:43:10
txn_002619,acct_000159,device_000567,ip_000376,token_001133,merchant_000054,22.11,USD,purchase,2025-09-14T21:45:07,2025-09-14T21:45:47
txn_000119,acct_000693,device_000532,ip_000268,token_000196,merchant_000056,56.01,USD,purchase,2025-09-14T23:36:52,2025-09-14T23:39:42
txn_002445,acct_000301,device_000475,ip_000096,token_000256,merchant_000032,3.64,USD,purchase,2025-09-15T02:58:47,2025-09-15T03:00:11
txn_002202,acct_000428,device_000121,ip_000202,token_000054,merchant_000026,24.21,USD,purchase,2025-09-15T03:33:51,2025-09-15T03:36:58
txn_002713,acct_000348,device_000273,ip_000389,token_001223,merchant_000061,90.11,USD,purchase,2025-09-15T05:55:28,2025-09-15T05:56:56
txn_001430,acct_000553,device_000301,ip_000243,token_000957,merchant_000011,2.13,USD,purchase,2025-09-15T05:56:09,2025-09-15T05:59:36
txn_000511,acct_000722,device_000552,ip_000262,token_000430,merchant_000013,54.11,USD,purchase,2025-09-15T08:02:16,2025-09-15T08:03:05
txn_003819,acct_000490,device_000242,ip_000240,token_000981,merchant_000045,15.01,USD,purchase,2025-09-15T09:52:24,2025-09-15T09:53:15
txn_000843,acct_000810,device_000043,ip_000357,token_000920,merchant_000017,36.04,USD,purchase,2025-09-15T11:15:47,2025-09-15T11:16:17
txn_001322,acct_000088,device_000442,ip_000194,token_000156,merchant_000043,9.62,USD,purchase,2025-09-15T13:53:40,2025-09-15T13:56:26
txn_001523,acct_000012,device_000396,ip_000325,token_000772,merchant_000035,13.57,USD,purchase,2025-09-15T14:37:29,2025-09-15T14:41:16
txn_003824,acct_000323,device_000087,ip_000386,token_000023,merchant_000073,10.86,USD,purchase,2025-09-15T14:58:25,2025-09-15T15:00:00
txn_003677,acct_000565,device_000161,ip_000462,token_000172,merchant_000067,4.75,USD,purchase,2025-09-15T15:06:29,2025-09-15T15:09:12
txn_000349,acct_000619,device_000517,ip_000412,token_000615,merchant_000056,26.96,USD,purchase,2025-09-15T15:51:52,2025-09-15T15:53:35
txn_003831,acct_000841,device_000061,ip_000406,token_000206,merchant_000008,101.73,USD,purchase,2025-09-15T16:12:52,2025-09-15T16:14:19
txn_003976,acct_000021,device_000516,ip_000294,token_000310,merchant_000069,55.7,USD,purchase,2025-09-15T16:57:08,2025-09-15T16:57:25
txn_002435,acct_000514,device_000399,ip_000319,token_000348,merchant_000019,12.69,USD,purchase,2025-09-15T17:18:21,2025-09-15T17:20:27
txn_002666,acct_000509,device_000109,ip_000212,token_000201,merchant_000029,5.46,USD,purchase,2025-09-15T17:24:40,2025-09-15T17:27:11
txn_003490,acct_001029,device_000029,ip_000494,token_000761,merchant_000043,6.51,USD,purchase,2025-09-15T18:58:39,2025-09-15T19:00:41
txn_001706,acct_000849,device_000096,ip_000475,token_000457,merchant_000054,28.84,USD,purchase,2025-09-15T19:49:48,2025-09-15T19:53:39
txn_000401,acct_000337,device_000445,ip_000032,token_000806,merchant_000005,-6.47,USD,refund,2025-09-15T21:17:16,2025-09-15T21:21:07
txn_000044,acct_000192,device_000370,ip_000129,token_000169,merchant_000048,61.14,USD,purchase,2025-09-16T01:40:15,2025-09-16T01:41:57
txn_001455,acct_000985,device_000545,ip_000329,token_000471,merchant_000062,41.94,USD,purchase,2025-09-16T02:19:46,2025-09-16T02:21:51
txn_001936,acct_000674,device_000384,ip_000240,token_000439,merchant_000080,15.48,USD,purchase,2025-09-16T08:01:57,2025-09-16T08:02:35
txn_000879,acct_001023,device_000444,ip_000223,token_000328,merchant_000063,7.33,USD,purchase,2025-09-16T13:36:18,2025-09-16T13:38:21
txn_003060,acct_000921,device_000138,ip_000081,token_000585,merchant_000013,65.43,USD,purchase,2025-09-16T13:57:04,2025-09-16T13:59:39
txn_000674,acct_000257,device_000551,ip_000126,token_000835,merchant_000075,9.75,USD,purchase,2025-09-16T14:39:45,2025-09-16T14:40:59
txn_002790,acct_000515,device_000253,ip_000230,token_000619,merchant_000071,122.6,USD,purchase,2025-09-16T15:48:53,2025-09-16T15:49:24
txn_001787,acct_000858,device_000363,ip_000475,token_001053,merchant_000026,46.43,USD,purchase,2025-09-16T17:57:58,2025-09-16T17:58:49
txn_000958,acct_000898,device_000500,ip_000222,token_001053,merchant_000005,171.15,USD,purchase,2025-09-16T18:33:09,2025-09-16T18:35:34
txn_001222,acct_000725,device_000375,ip_000330,token_000058,merchant_000030,40.73,USD,purchase,2025-09-16T19:33:01,2025-09-16T19:33:04
txn_000681,acct_000591,device_000266,ip_000311,token_000218,merchant_000030,15.45,USD,purchase,2025-09-16T19:36:41,2025-09-16T19:39:03
txn_001253,acct_000577,device_000472,ip_000491,token_000383,merchant_000047,4.13,USD,purchase,2025-09-16T22:11:30,2025-09-16T22:12:28
txn_002806,acct_000587,device_000274,ip_000233,token_000458,merchant_000047,13.5,USD,purchase,2025-09-17T00:23:14,2025-09-17T00:27:00
txn_002895,acct_000738,device_000353,ip_000038,token_000019,merchant_000074,161.23,USD,purchase,2025-09-17T01:00:50,2025-09-17T01:04:08
txn_000412,acct_000272,device_000142,ip_000259,token_000944,merchant_000058,11.95,USD,purchase,2025-09-17T02:56:53,2025-09-17T02:58:17
txn_002588,acct_000664,device_000428,ip_000410,token_000178,merchant_000030,16.5,USD,purchase,2025-09-17T02:57:01,2025-09-17T02:59:25
txn_003604,acct_000091,device_000068,ip_000281,token_000184,merchant_000064,10.18,USD,purchase,2025-09-17T04:18:48,2025-09-17T04:19:52
txn_001407,acct_000076,device_000135,ip_000055,token_000218,merchant_000074,60.21,USD,purchase,2025-09-17T04:45:25,2025-09-17T04:45:49
txn_000636,acct_000411,device_000488,ip_000246,token_000594,merchant_000038,3.91,USD,purchase,2025-09-17T05:52:55,2025-09-17T05:54:30
txn_001639,acct_000588,device_000102,ip_000117,token_000615,merchant_000036,21.58,USD,purchase,2025-09-17T06:54:53,2025-09-17T06:55:08
txn_001707,acct_000849,device_000096,ip_000475,token_000457,merchant_000054,-28.84,USD,refund,2025-09-17T07:49:48,2025-09-17T07:50:38
txn_001450,acct_000795,device_000298,ip_000207,token_000502,merchant_000030,148.41,USD,purchase,2025-09-17T07:50:57,2025-09-17T07:52:22
txn_000805,acct_000615,device_000001,ip_000039,token_000515,merchant_000072,5.99,USD,purchase,2025-09-17T11:19:52,2025-09-17T11:20:29
txn_002528,acct_000885,device_000143,ip_000388,token_000103,merchant_000029,22.82,USD,purchase,2025-09-17T12:21:28,2025-09-17T12:22:56
txn_003912,acct_000010,device_000173,ip_000332,token_000535,merchant_000024,75.19,USD,purchase,2025-09-17T13:36:07,2025-09-17T13:39:24
txn_002546,acct_000223,device_000115,ip_000411,token_001042,merchant_000034,6.07,USD,purchase,2025-09-17T15:39:13,2025-09-17T15:41:22
txn_000813,acct_001071,device_000039,ip_000482,token_000817,merchant_000056,65.52,USD,purchase,2025-09-17T20:10:08,2025-09-17T20:10:55
txn_003617,acct_000565,device_000084,ip_000323,token_000906,merchant_000002,18.71,USD,purchase,2025-09-17T21:03:53,2025-09-17T21:04:19
txn_003585,acct_000656,device_000222,ip_000486,token_000606,merchant_000070,13.22,USD,purchase,2025-09-18T03:24:25,2025-09-18T03:26:39
txn_002807,acct_000587,device_000274,ip_000233,token_000458,merchant_000047,-13.5,USD,refund,2025-09-18T04:23:14,2025-09-18T04:24:02
txn_002389,acct_000170,device_000095,ip_000293,token_001081,merchant_000045,15.16,USD,purchase,2025-09-18T11:05:46,2025-09-18T11:06:12
txn_002260,acct_000992,device_000442,ip_000408,token_000120,merchant_000079,6.68,USD,purchase,2025-09-18T13:11:50,2025-09-18T13:15:45
txn_003879,acct_000009,device_000003,ip_000147,token_000977,merchant_000060,620.93,USD,purchase,2025-09-18T14:27:20,2025-09-18T14:30:29
txn_002867,acct_000186,device_000567,ip_000236,token_000071,merchant_000065,24.57,USD,purchase,2025-09-18T16:33:45,2025-09-18T16:35:10
txn_000113,acct_000985,device_000339,ip_000121,token_000006,merchant_000002,32.35,USD,purchase,2025-09-18T20:04:28,2025-09-18T20:04:52
txn_003390,acct_000472,device_000241,ip_000209,token_000080,merchant_000013,77.33,USD,purchase,2025-09-19T00:55:08,2025-09-19T00:56:09
txn_003134,acct_000695,device_000489,ip_000208,token_000567,merchant_000013,3.36,USD,purchase,2025-09-19T01:21:41,2025-09-19T01:24:57
txn_002311,acct_000842,device_000362,ip_000206,token_000026,merchant_000001,101.08,USD,purchase,2025-09-19T01:27:11,2025-09-19T01:30:15
txn_003257,acct_000262,device_000561,ip_000009,token_000657,merchant_000033,41.99,USD,purchase,2025-09-19T06:35:23,2025-09-19T06:36:54
txn_002466,acct_000885,device_000343,ip_000401,token_001191,merchant_000034,87.16,USD,purchase,2025-09-19T11:54:36,2025-09-19T11:56:47
txn_000686,acct_000504,device_000141,ip_000301,token_000771,merchant_000029,8.3,USD,purchase,2025-09-19T12:03:17,2025-09-19T12:05:22
txn_003169,acct_000193,device_000401,ip_000332,token_000327,merchant_000019,41.88,USD,purchase,2025-09-19T14:46:27,2025-09-19T14:47:40
txn_000682,acct_000591,device_000266,ip_000311,token_000218,merchant_000030,-15.45,USD,refund,2025-09-19T17:36:41,2025-09-19T17:38:59
txn_000178,acct_001062,device_000472,ip_000162,token_000018,merchant_000002,6.67,USD,purchase,2025-09-19T19:05:45,2025-09-19T19:07:09
txn_002439,acct_000688,device_000277,ip_000063,token_000393,merchant_000028,9.58,USD,purchase,2025-09-19T19:10:24,2025-09-19T19:13:32
txn_000206,acct_000851,device_000109,ip_000393,token_001181,merchant_000046,19.44,USD,purchase,2025-09-19T22:43:34,2025-09-19T22:47:21
txn_002145,acct_000471,device_000180,ip_000017,token_000168,merchant_000002,13.74,USD,purchase,2025-09-19T23:33:11,2025-09-19T23:36:34
txn_000691,acct_000838,device_000063,ip_000288,token_000662,merchant_000034,13.94,USD,purchase,2025-09-20T03:21:14,2025-09-20T03:23:08
txn_000342,acct_000797,device_000500,ip_000392,token_000225,merchant_000073,23.57,USD,purchase,2025-09-20T03:41:06,2025-09-20T03:43:25
txn_002227,acct_000133,device_000538,ip_000444,token_000960,merchant_000005,122.23,USD,purchase,2025-09-20T04:43:17,2025-09-20T04:45:45
txn_002328,acct_000688,device_000316,ip_000348,token_000197,merchant_000060,24.43,USD,purchase,2025-09-20T12:05:58,2025-09-20T12:06:45
txn_003187,acct_000542,device_000234,ip_000251,token_000088,merchant_000025,144.99,USD,purchase,2025-09-20T16:24:25,2025-09-20T16:26:52
txn_001854,acct_000134,device_000555,ip_000401,token_000393,merchant_000078,2.08,USD,purchase,2025-09-20T20:18:04,2025-09-20T20:18:37
txn_000393,acct_000038,device_000368,ip_000452,token_000535,merchant_000046,5.78,USD,purchase,2025-09-20T21:25:29,2025-09-20T21:28:08
txn_001131,acct_000632,device_000067,ip_000190,token_000907,merchant_000076,54.91,USD,purchase,2025-09-20T22:44:07,2025-09-20T22:45:20
txn_002480,acct_000074,device_000461,ip_000389,token_001058,merchant_000076,18.03,USD,purchase,2025-09-21T03:02:45,2025-09-21T03:04:54
txn_000097,acct_000334,device_000220,ip_000439,token_000454,merchant_000029,5.01,USD,purchase,2025-09-21T04:34:39,2025-09-21T04:36:51
txn_003030,acct_000950,device_000288,ip_000402,token_000112,merchant_000068,29.18,USD,purchase,2025-09-21T06:12:32,2025-09-21T06:15:50
txn_001035,acct_000135,device_000145,ip_000357,token_000820,merchant_000080,15.39,USD,purchase,2025-09-21T06:30:51,2025-09-21T06:33:18
txn_003346,acct_000309,device_000097,ip_000185,token_000181,merchant_000035,64.61,USD,purchase,2025-09-21T07:30:26,2025-09-21T07:31:56
txn_002128,acct_000885,device_000474,ip_000013,token_000138,merchant_000044,7.38,USD,purchase,2025-09-21T09:25:27,2025-09-21T09:27:25
txn_002126,acct_000840,device_000197,ip_000296,token_000127,merchant_000034,27.68,USD,purchase,2025-09-21T10:54:20,2025-09-21T10:57:52
txn_003106,acct_000236,device_000579,ip_000193,token_000554,merchant_000041,54.91,USD,purchase,2025-09-21T12:22:41,2025-09-21T12:25:24
txn_002047,acct_001092,device_000033,ip_000357,token_000313,merchant_000049,14.22,USD,purchase,2025-09-21T17:06:40,2025-09-21T17:07:12
txn_003535,acct_001047,device_000220,ip_000073,token_000634,merchant_000004,18.76,USD,purchase,2025-09-21T17:10:15,2025-09-21T17:12:27
txn_002664,acct_000617,device_000385,ip_000232,token_000090,merchant_000079,56.24,USD,purchase,2025-09-21T17:23:29,2025-09-21T17:24:06
txn_003207,acct_000797,device_000511,ip_000283,token_000061,merchant_000009,30.98,USD,purchase,2025-09-21T18:20:44,2025-09-21T18:20:54
txn_000617,acct_000043,device_000182,ip_000136,token_000158,merchant_000022,14.44,USD,purchase,2025-09-21T18:37:48,2025-09-21T18:37:49
txn_001559,acct_000990,device_000044,ip_000306,token_000345,merchant_000006,67.76,USD,purchase,2025-09-21T21:23:18,2025-09-21T21:25:56
txn_002600,acct_000441,device_000172,ip_000456,token_000792,merchant_000064,5.94,USD,purchase,2025-09-21T22:38:27,2025-09-21T22:38:56
txn_003528,acct_000800,device_000089,ip_000251,token_000830,merchant_000048,23.7,USD,purchase,2025-09-21T22:40:04,2025-09-21T22:41:11
txn_003580,acct_001110,device_000571,ip_000124,token_000818,merchant_000074,23.6,USD,purchase,2025-09-22T01:21:15,2025-09-22T01:24:08
txn_001871,acct_000398,device_000433,ip_000111,token_000520,merchant_000039,8.07,USD,purchase,2025-09-22T02:05:08,2025-09-22T02:06:15
txn_000307,acct_000657,device_000362,ip_000460,token_000548,merchant_000065,21.03,USD,purchase,2025-09-22T04:10:21,2025-09-22T04:11:57
txn_003268,acct_000402,device_000408,ip_000251,token_000369,merchant_000079,8.84,USD,purchase,2025-09-22T12:35:30,2025-09-22T12:36:35
txn_003305,acct_000399,device_000005,ip_000427,token_001210,merchant_000013,21.6,USD,purchase,2025-09-22T12:45:55,2025-09-22T12:48:21
txn_003366,acct_000692,device_000029,ip_000198,token_000297,merchant_000063,38.76,USD,purchase,2025-09-22T17:17:03,2025-09-22T17:18:15
txn_003930,acct_000007,device_000008,ip_000133,token_000231,merchant_000049,83.37,USD,purchase,2025-09-22T18:12:06,2025-09-22T18:15:30
txn_003878,acct_000009,device_000003,ip_000054,token_001177,merchant_000071,91.48,USD,purchase,2025-09-22T18:28:21,2025-09-22T18:29:39
txn_000825,acct_000118,device_000356,ip_000245,token_000303,merchant_000009,13.94,USD,purchase,2025-09-22T20:45:57,2025-09-22T20:49:47
txn_002087,acct_000300,device_000261,ip_000369,token_000925,merchant_000035,122.35,USD,purchase,2025-09-22T22:28:05,2025-09-22T22:29:01
txn_000734,acct_000535,device_000432,ip_000092,token_000335,merchant_000051,25.45,USD,purchase,2025-09-22T23:52:03,2025-09-22T23:55:30
txn_000133,acct_000403,device_000199,ip_000151,token_000920,merchant_000023,40.6,USD,purchase,2025-09-23T02:50:30,2025-09-23T02:50:41
txn_003391,acct_000551,device_000061,ip_000014,token_001219,merchant_000079,24.82,USD,purchase,2025-09-23T06:05:23,2025-09-23T06:08:28
txn_001089,acct_000603,device_000191,ip_000327,token_000506,merchant_000018,28.38,USD,purchase,2025-09-23T10:55:12,2025-09-23T10:56:21
txn_003306,acct_000399,device_000005,ip_000427,token_001210,merchant_000013,-21.6,USD,refund,2025-09-23T13:45:55,2025-09-23T13:46:03
txn_000011,acct_000941,device_000579,ip_000125,token_000463,merchant_000039,5.55,USD,purchase,2025-09-23T15:43:48,2025-09-23T15:45:25
txn_003991,acct_000018,device_000313,ip_000379,token_000590,merchant_000042,65.64,USD,purchase,2025-09-23T16:34:00,2025-09-23T16:34:08
txn_000849,acct_000659,device_000380,ip_000020,token_000294,merchant_000014,10.89,USD,purchase,2025-09-23T18:17:35,2025-09-23T18:20:00
txn_000667,acct_000102,device_000239,ip_000059,token_000079,merchant_000024,25.09,USD,purchase,2025-09-23T19:27:21,2025-09-23T19:28:43
txn_001713,acct_001110,device_000182,ip_000464,token_000245,merchant_000046,13.55,USD,purchase,2025-09-23T19:58:29,2025-09-23T20:00:13
txn_001212,acct_000721,device_000575,ip_000340,token_000826,merchant_000029,7.97,USD,purchase,2025-09-23T20:57:23,2025-09-23T20:58:39
txn_002724,acct_000002,device_000402,ip_000095,token_000714,merchant_000031,76.43,USD,purchase,2025-09-24T02:33:21,2025-09-24T02:33:46
txn_001468,acct_000398,device_000457,ip_000455,token_000081,merchant_000044,29.92,USD,purchase,2025-09-24T03:00:04,2025-09-24T03:01:50
txn_002910,acct_000463,device_000483,ip_000101,token_000111,merchant_000068,14.64,USD,purchase,2025-09-24T09:05:06,2025-09-24T09:05:11
txn_003810,acct_000871,device_000155,ip_000191,token_000587,merchant_000028,26.1,USD,purchase,2025-09-24T12:37:44,2025-09-24T12:39:12
txn_001650,acct_000566,device_000388,ip_000375,token_000172,merchant_000048,22.65,USD,purchase,2025-09-24T15:55:39,2025-09-24T15:56:30
txn_002738,acct_000029,device_000472,ip_000040,token_000139,merchant_000002,22.6,USD,purchase,2025-09-24T19:27:39,2025-09-24T19:29:52
txn_002137,acct_000280,device_000525,ip_000408,token_000301,merchant_000052,101.11,USD,purchase,2025-09-24T19:27:58,2025-09-24T19:31:12
txn_003529,acct_000800,device_000089,ip_000251,token_000830,merchant_000048,-23.7,USD,refund,2025-09-24T22:40:04,2025-09-24T22:41:00
txn_002329,acct_001041,device_000349,ip_000209,token_001042,merchant_000071,29.65,USD,purchase,2025-09-25T03:19:09,2025-09-25T03:21:30
txn_003143,acct_000457,device_000400,ip_000411,token_000677,merchant_000058,63.68,USD,purchase,2025-09-25T03:59:53,2025-09-25T04:03:08
txn_002366,acct_000583,device_000561,ip_000427,token_000636,merchant_000073,56.36,USD,purchase,2025-09-25T04:31:18,2025-09-25T04:32:26
txn_002482,acct_000256,device_000178,ip_000152,token_000825,merchant_000014,17.79,USD,purchase,2025-09-25T05:23:41,2025-09-25T05:25:59
txn_000861,acct_000977,device_000175,ip_000393,token_000041,merchant_000076,103.92,USD,purchase,2025-09-25T05:45:25,2025-09-25T05:47:18
txn_002874,acct_000025,device_000301,ip_000021,token_000367,merchant_000043,281.94,USD,purchase,2025-09-25T08:46:46,2025-09-25T08:49:33
txn_001958,acct_000765,device_000003,ip_000248,token_000863,merchant_000062,142.09,USD,purchase,2025-09-25T14:20:42,2025-09-25T14:21:30
txn_003324,acct_000552,device_000436,ip_000026,token_000737,merchant_000061,23.7,USD,purchase,2025-09-25T14:50:23,2025-09-25T14:51:37
txn_000315,acct_000302,device_000579,ip_000374,token_000906,merchant_000044,6.02,USD,purchase,2025-09-25T15:18:55,2025-09-25T15:19:06
txn_003238,acct_000848,device_000536,ip_000487,token_001226,merchant_000078,33.77,USD,purchase,2025-09-25T16:09:27,2025-09-25T16:11:44
txn_003558,acct_000927,device_000322,ip_000381,token_001144,merchant_000050,36.52,USD,purchase,2025-09-26T01:35:13,2025-09-26T01:38:58
txn_001790,acct_000616,device_000250,ip_000447,token_000882,merchant_000077,12.66,USD,purchase,2025-09-26T04:00:31,2025-09-26T04:02:03
txn_003988,acct_000019,device_000371,ip_000463,token_001048,merchant_000019,18.93,USD,purchase,2025-09-26T05:11:18,2025-09-26T05:12:33
txn_001272,acct_000538,device_000135,ip_000075,token_000430,merchant_000028,2.67,USD,purchase,2025-09-26T07:12:15,2025-09-26T07:12:20
txn_001671,acct_000971,device_000134,ip_000195,token_000121,merchant_000061,27.63,USD,purchase,2025-09-26T09:49:46,2025-09-26T09:51:50
txn_001293,acct_000017,device_000585,ip_000229,token_000265,merchant_000008,63.29,USD,purchase,2025-09-26T11:07:17,2025-09-26T11:08:35
txn_002152,acct_000904,device_000112,ip_000050,token_000239,merchant_000012,29.11,USD,purchase,2025-09-26T13:00:32,2025-09-26T13:04:13
txn_002739,acct_000029,device_000472,ip_000040,token_000139,merchant_000002,-22.6,USD,refund,2025-09-26T16:27:39,2025-09-26T16:30:23
txn_000550,acct_000981,device_000159,ip_000125,token_000115,merchant_000070,9.38,USD,purchase,2025-09-26T18:17:29,2025-09-26T18:17:35
txn_003760,acct_000336,device_000432,ip_000202,token_000627,merchant_000031,197.98,USD,purchase,2025-09-26T19:54:20,2025-09-26T19:54:21
txn_002483,acct_000256,device_000178,ip_000152,token_000825,merchant_000014,-17.79,USD,refund,2025-09-26T21:23:41,2025-09-26T21:26:03
txn_002550,acct_001094,device_000145,ip_000168,token_000793,merchant_000006,3.86,USD,purchase,2025-09-26T22:34:24,2025-09-26T22:36:54
txn_001515,acct_000850,device_000210,ip_000156,token_000347,merchant_000066,105.87,USD,purchase,2025-09-27T08:48:57,2025-09-27T08:52:11
txn_003470,acct_000481,device_000526,ip_000330,token_001187,merchant_000010,10.52,USD,purchase,2025-09-27T08:55:58,2025-09-27T08:58:06
txn_000803,acct_000097,device_000546,ip_000186,token_001105,merchant_000030,148.22,USD,purchase,2025-09-27T09:42:13,2025-09-27T09:43:49
txn_002778,acct_000419,device_000447,ip_000318,token_000044,merchant_000051,76.16,USD,purchase,2025-09-27T09:47:47,2025-09-27T09:51:11
txn_000856,acct_000885,device_000185,ip_000483,token_000908,merchant_000004,6.82,USD,purchase,2025-09-27T12:15:56,2025-09-27T12:16:41
txn_003938,acct_000011,device_000008,ip_000033,token_001090,merchant_000012,279.24,USD,purchase,2025-09-27T12:17:00,2025-09-27T12:18:05
txn_003368,acct_000714,device_000036,ip_000144,token_000850,merchant_000021,12.86,USD,purchase,2025-09-27T13:49:59,2025-09-27T13:50:50
txn_003994,acct_000020,device_000313,ip_000379,token_000288,merchant_000062,35.74,USD,purchase,2025-09-27T16:13:49,2025-09-27T16:15:20
txn_000791,acct_000019,device_000132,ip_000266,token_000319,merchant_000018,23.12,USD,purchase,2025-09-27T22:31:26,2025-09-27T22:33:59
txn_000929,acct_000963,device_000524,ip_000250,token_000791,merchant_000076,35.07,USD,purchase,2025-09-28T00:11:44,2025-09-28T00:14:18
txn_000278,acct_000770,device_000580,ip_000412,token_000379,merchant_000015,10.54,USD,purchase,2025-09-28T03:57:42,2025-09-28T04:00:32
txn_000284,acct_000081,device_000394,ip_000339,token_000392,merchant_000039,19.45,USD,purchase,2025-09-28T06:05:34,2025-09-28T06:08:31
txn_001010,acct_000223,device_000314,ip_000370,token_000871,merchant_000033,98.4,USD,purchase,2025-09-28T07:26:28,2025-09-28T07:29:09
txn_000386,acct_000277,device_000015,ip_000098,token_000230,merchant_000003,5.15,USD,purchase,2025-09-28T07:29:33,2025-09-28T07:32:20
txn_001175,acct_000981,device_000351,ip_000117,token_000881,merchant_000045,32.22,USD,purchase,2025-09-28T11:14:17,2025-09-28T11:17:30
txn_000581,acct_000200,device_000038,ip_000112,token_000385,merchant_000054,27.23,USD,purchase,2025-09-28T11:20:52,2025-09-28T11:22:29
txn_000481,acct_000523,device_000357,ip_000261,token_001001,merchant_000048,6.31,USD,purchase,2025-09-28T11:26:05,2025-09-28T11:27:54
txn_002186,acct_000750,device_000442,ip_000338,token_000754,merchant_000060,15.52,USD,purchase,2025-09-28T14:59:49,2025-09-28T15:02:15
txn_002242,acct_000529,device_000133,ip_000077,token_001092,merchant_000046,10.69,USD,purchase,2025-09-28T17:55:40,2025-09-28T17:58:58
txn_002989,acct_000959,device_000057,ip_000070,token_000748,merchant_000003,7.11,USD,purchase,2025-09-28T18:29:16,2025-09-28T18:30:29
txn_001503,acct_001013,device_000579,ip_000097,token_000354,merchant_000039,14.66,USD,purchase,2025-09-28T19:37:00,2025-09-28T19:38:19
txn_001849,acct_000323,device_000287,ip_000126,token_000754,merchant_000001,34.45,USD,purchase,2025-09-28T23:05:50,2025-09-28T23:07:20
txn_002363,acct_000740,device_000355,ip_000402,token_000722,merchant_000077,16.9,USD,purchase,2025-09-28T23:40:46,2025-09-28T23:42:57
txn_000304,acct_001088,device_000034,ip_000152,token_000873,merchant_000035,154.44,USD,purchase,2025-09-29T02:20:38,2025-09-29T02:24:02
txn_002083,acct_000650,device_000357,ip_000305,token_000115,merchant_000050,55.44,USD,purchase,2025-09-29T07:25:40,2025-09-29T07:25:54
txn_002451,acct_000599,device_000054,ip_000011,token_000494,merchant_000028,129.91,USD,purchase,2025-09-29T10:45:38,2025-09-29T10:48:12
txn_003832,acct_000753,device_000394,ip_000024,token_000270,merchant_000025,10.51,USD,purchase,2025-09-29T11:04:03,2025-09-29T11:07:25
txn_003562,acct_000633,device_000208,ip_000478,token_000736,merchant_000069,42.27,USD,purchase,2025-09-29T13:45:45,2025-09-29T13:48:14
txn_002947,acct_000879,device_000127,ip_000218,token_000359,merchant_000059,8.43,USD,purchase,2025-09-29T13:59:06,2025-09-29T13:59:51
txn_002453,acct_000890,device_000240,ip_000298,token_001129,merchant_000041,6.45,USD,purchase,2025-09-29T14:05:52,2025-09-29T14:06:19
txn_000860,acct_000840,device_000163,ip_000288,token_001132,merchant_000061,35.25,USD,purchase,2025-09-29T19:11:32,2025-09-29T19:13:26
txn_002978,acct_000208,device_000041,ip_000354,token_000469,merchant_000021,7.81,USD,purchase,2025-09-30T01:57:31,2025-09-30T01:59:14
txn_001943,acct_000553,device_000035,ip_000251,token_001113,merchant_000056,659.14,USD,purchase,2025-09-30T03:16:07,2025-09-30T03:17:28
txn_001513,acct_000902,device_000217,ip_000012,token_000829,merchant_000061,27.24,USD,purchase,2025-09-30T04:19:50,2025-09-30T04:22:59
txn_000199,acct_000694,device_000062,ip_000031,token_000729,merchant_000020,26.49,USD,purchase,2025-09-30T08:51:07,2025-09-30T08:53:12
txn_002062,acct_001063,device_000311,ip_000340,token_001157,merchant_000053,88.51,USD,purchase,2025-09-30T08:51:59,2025-09-30T08:52:41
txn_003128,acct_000523,device_000492,ip_000249,token_001208,merchant_000042,23.53,USD,purchase,2025-09-30T11:59:25,2025-09-30T11:59:27
txn_001745,acct_001080,device_000573,ip_000331,token_000419,merchant_000062,0.73,USD,purchase,2025-09-30T12:34:02,2025-09-30T12:35:51
txn_003085,acct_000589,device_000233,ip_000117,token_000298,merchant_000076,7.98,USD,purchase,2025-09-30T17:11:49,2025-09-30T17:14:04
txn_002084,acct_000650,device_000357,ip_000305,token_000115,merchant_000050,-55.44,USD,refund,2025-09-30T18:25:40,2025-09-30T18:27:20
txn_002718,acct_000139,device_000229,ip_000133,token_000889,merchant_000042,5.53,USD,purchase,2025-09-30T20:13:11,2025-09-30T20:14:40
txn_003209,acct_000439,device_000460,ip_000279,token_001140,merchant_000055,47.33,USD,purchase,2025-09-30T21:02:17,2025-09-30T21:04:13
txn_004001,acct_000018,device_000313,ip_000379,token_000590,merchant_000047,21.88,USD,purchase,2025-09-30T22:00:18,2025-09-30T22:02:50
txn_001429,acct_000928,device_000004,ip_000261,token_000803,merchant_000054,15.52,USD,purchase,2025-10-01T05:57:22,2025-10-01T06:01:20
txn_003563,acct_000507,device_000525,ip_000186,token_001049,merchant_000051,93.47,USD,purchase,2025-10-01T06:08:58,2025-10-01T06:09:35
txn_002574,acct_001024,device_000406,ip_000292,token_000792,merchant_000046,62.56,USD,purchase,2025-10-01T06:21:34,2025-10-01T06:24:03
txn_002498,acct_000604,device_000135,ip_000184,token_000371,merchant_000036,51.83,USD,purchase,2025-10-01T07:22:16,2025-10-01T07:24:20
txn_000004,acct_000241,device_000491,ip_000469,token_000497,merchant_000078,38.01,USD,purchase,2025-10-01T07:35:55,2025-10-01T07:37:33
txn_003566,acct_000483,device_000063,ip_000311,token_001176,merchant_000060,9.12,USD,purchase,2025-10-01T08:37:03,2025-10-01T08:40:01
txn_002280,acct_001035,device_000108,ip_000434,token_000042,merchant_000075,19.31,USD,purchase,2025-10-01T08:45:20,2025-10-01T08:48:36
txn_003614,acct_000786,device_000113,ip_000172,token_000962,merchant_000027,13.32,USD,purchase,2025-10-01T08:49:49,2025-10-01T08:50:39
txn_002614,acct_000313,device_000211,ip_000285,token_000009,merchant_000033,11.68,USD,purchase,2025-10-01T09:27:46,2025-10-01T09:28:28
txn_002818,acct_000596,device_000336,ip_000403,token_001200,merchant_000018,38.55,USD,purchase,2025-10-01T12:12:29,2025-10-01T12:13:14
txn_002063,acct_001063,device_000311,ip_000340,token_001157,merchant_000053,-88.51,USD,refund,2025-10-01T12:51:59,2025-10-01T12:55:06
txn_001885,acct_000477,device_000238,ip_000002,token_000370,merchant_000074,8.79,USD,purchase,2025-10-01T13:13:11,2025-10-01T13:14:25
txn_003567,acct_000613,device_000225,ip_000044,token_000640,merchant_000073,10.43,USD,purchase,2025-10-01T17:20:22,2025-10-01T17:20:41
txn_001962,acct_000470,device_000306,ip_000067,token_000689,merchant_000015,119.66,USD,purchase,2025-10-01T20:38:16,2025-10-01T20:38:30
txn_002795,acct_000529,device_000148,ip_000259,token_000236,merchant_000020,88.48,USD,purchase,2025-10-02T01:09:36,2025-10-02T01:12:01
txn_002125,acct_000682,device_000053,ip_000065,token_000836,merchant_000028,24.22,USD,purchase,2025-10-02T01:32:00,2025-10-02T01:34:36
txn_000721,acct_000392,device_000136,ip_000159,token_000110,merchant_000049,14.05,USD,purchase,2025-10-02T03:35:42,2025-10-02T03:38:07
txn_002402,acct_000906,device_000304,ip_000097,token_000298,merchant_000014,25.91,USD,purchase,2025-10-02T06:51:18,2025-10-02T06:52:28
txn_000888,acct_000221,device_000281,ip_000234,token_000566,merchant_000026,32.5,USD,purchase,2025-10-02T07:09:45,2025-10-02T07:12:16
txn_001903,acct_000092,device_000340,ip_000347,token_001049,merchant_000003,100.17,USD,purchase,2025-10-02T09:01:46,2025-10-02T09:05:13
txn_001656,acct_000148,device_000382,ip_000483,token_000540,merchant_000023,20.21,USD,purchase,2025-10-02T11:11:21,2025-10-02T11:14:07
txn_000945,acct_000747,device_000050,ip_000390,token_000469,merchant_000012,36.16,USD,purchase,2025-10-02T14:41:31,2025-10-02T14:41:52
txn_001054,acct_000098,device_000520,ip_000189,token_001157,merchant_000075,7.73,USD,purchase,2025-10-02T18:49:05,2025-10-02T18:51:32
txn_002027,acct_001072,device_000117,ip_000209,token_001041,merchant_000061,27.22,USD,purchase,2025-10-02T20:26:34,2025-10-02T20:28:50
txn_000368,acct_000663,device_000408,ip_000352,token_000435,merchant_000050,17.13,USD,purchase,2025-10-03T03:15:43,2025-10-03T03:16:02
txn_002018,acct_000271,device_000335,ip_000050,token_000059,merchant_000063,2.33,USD,purchase,2025-10-03T05:34:45,2025-10-03T05:34:59
txn_001716,acct_000127,device_000003,ip_000030,token_000045,merchant_000024,31.01,USD,purchase,2025-10-03T05:52:19,2025-10-03T05:52:45
txn_002357,acct_000115,device_000355,ip_000153,token_001087,merchant_000037,7.76,USD,purchase,2025-10-03T06:38:57,2025-10-03T06:40:29
txn_003729,acct_000606,device_000439,ip_000359,token_000646,merchant_000039,14.24,USD,purchase,2025-10-03T07:03:22,2025-10-03T07:05:34
txn_001637,acct_000615,device_000299,ip_000407,token_000788,merchant_000061,13.98,USD,purchase,2025-10-03T08:32:09,2025-10-03T08:32:41
txn_001709,acct_000010,device_000033,ip_000141,token_000164,merchant_000059,16.07,USD,purchase,2025-10-03T12:26:30,2025-10-03T12:30:14
txn_002390,acct_000539,device_000193,ip_000468,token_000381,merchant_000024,60.1,USD,purchase,2025-10-03T13:41:40,2025-10-03T13:43:42
txn_001538,acct_000978,device_000410,ip_000285,token_001055,merchant_000060,24.0,USD,purchase,2025-10-03T18:45:24,2025-10-03T18:47:00
txn_000619,acct_000940,device_000014,ip_000424,token_000723,merchant_000039,12.8,USD,purchase,2025-10-03T19:08:39,2025-10-03T19:11:29
txn_000370,acct_000695,device_000480,ip_000068,token_000184,merchant_000041,26.23,USD,purchase,2025-10-03T20:03:42,2025-10-03T20:04:12
txn_000797,acct_000464,device_000257,ip_000095,token_000617,merchant_000043,26.81,USD,purchase,2025-10-03T21:58:17,2025-10-03T22:02:04
txn_001731,acct_000864,device_000130,ip_000385,token_000917,merchant_000054,23.65,USD,purchase,2025-10-04T02:38:43,2025-10-04T02:39:43
txn_003253,acct_000174,device_000255,ip_000401,token_001038,merchant_000037,21.58,USD,purchase,2025-10-04T08:38:32,2025-10-04T08:38:51
txn_000062,acct_000488,device_000430,ip_000252,token_000123,merchant_000019,15.89,USD,purchase,2025-10-04T09:04:54,2025-10-04T09:05:54
txn_002210,acct_000863,device_000281,ip_000265,token_000883,merchant_000062,11.84,USD,purchase,2025-10-04T09:37:46,2025-10-04T09:39:52
txn_003946,acct_000028,device_000232,ip_000172,token_001026,merchant_000035,10.65,USD,purchase,2025-10-04T12:36:03,2025-10-04T12:38:16
txn_001803,acct_001012,device_000061,ip_000160,token_000688,merchant_000005,10.65,USD,purchase,2025-10-04T14:54:07,2025-10-04T14:56:39
txn_000940,acct_000476,device_000103,ip_000434,token_000168,merchant_000053,21.67,USD,purchase,2025-10-04T16:16:56,2025-10-04T16:20:44
txn_000327,acct_000386,device_000573,ip_000315,token_001077,merchant_000069,36.44,USD,purchase,2025-10-04T17:25:14,2025-10-04T17:25:44
txn_001500,acct_000841,device_000118,ip_000007,token_000531,merchant_000037,6.3,USD,purchase,2025-10-04T17:27:34,2025-10-04T17:28:10
txn_001311,acct_000703,device_000395,ip_000202,token_001094,merchant_000037,9.59,USD,purchase,2025-10-04T18:01:15,2025-10-04T18:04:25
txn_002021,acct_000636,device_000261,ip_000477,token_000141,merchant_000079,316.53,USD,purchase,2025-10-04T21:10:52,2025-10-04T21:12:13
txn_000943,acct_000050,device_000577,ip_000125,token_000133,merchant_000058,61.97,USD,purchase,2025-10-04T22:17:27,2025-10-04T22:18:56
txn_000760,acct_000325,device_000582,ip_000325,token_000625,merchant_000061,20.89,USD,purchase,2025-10-04T22:22:35,2025-10-04T22:25:46
txn_000656,acct_001014,device_000366,ip_000460,token_000452,merchant_000057,13.63,USD,purchase,2025-10-04T22:53:21,2025-10-04T22:55:43
txn_000435,acct_000395,device_000111,ip_000053,token_000026,merchant_000077,6.33,USD,purchase,2025-10-05T00:25:56,2025-10-05T00:28:40
txn_001578,acct_000253,device_000568,ip_000121,token_000399,merchant_000042,32.3,USD,purchase,2025-10-05T02:08:39,2025-10-05T02:11:31
txn_000363,acct_000169,device_000114,ip_000081,token_000512,merchant_000067,133.02,USD,purchase,2025-10-05T02:53:52,2025-10-05T02:55:14
txn_001940,acct_000503,device_000298,ip_000064,token_001139,merchant_000045,14.64,USD,purchase,2025-10-05T03:38:53,2025-10-05T03:39:04
txn_003334,acct_000179,device_000083,ip_000267,token_000012,merchant_000014,47.18,USD,purchase,2025-10-05T05:21:44,2025-10-05T05:25:05
txn_004174,acct_000098,device_000017,ip_000002,token_000796,merchant_000049,36.71,USD,purchase,2025-10-05T14:19:44,2025-10-05T14:22:31
txn_002830,acct_000404,device_000397,ip_000477,token_001174,merchant_000048,8.56,USD,purchase,2025-10-05T17:28:53,2025-10-05T17:31:10
txn_001113,acct_000535,device_000260,ip_000296,token_001021,merchant_000079,41.19,USD,purchase,2025-10-05T20:51:30,2025-10-05T20:53:25
txn_002118,acct_000795,device_000161,ip_000077,token_000391,merchant_000026,44.19,USD,purchase,2025-10-05T20:54:40,2025-10-05T20:54:44
txn_002516,acct_000055,device_000539,ip_000077,token_000844,merchant_000070,23.02,USD,purchase,2025-10-06T03:17:53,2025-10-06T03:20:17
txn_000075,acct_000680,device_000207,ip_000413,token_000268,merchant_000044,2.58,USD,purchase,2025-10-06T10:20:35,2025-10-06T10:21:12
txn_003855,acct_000978,device_000338,ip_000240,token_000043,merchant_000053,71.8,USD,purchase,2025-10-06T10:32:07,2025-10-06T10:35:40
txn_003071,acct_000214,device_000234,ip_000265,token_000336,merchant_000057,69.69,USD,purchase,2025-10-06T13:26:17,2025-10-06T13:28:02
txn_000361,acct_000165,device_000504,ip_000242,token_000846,merchant_000043,4.06,USD,purchase,2025-10-06T14:31:20,2025-10-06T14:31:46
txn_003033,acct_000079,device_000072,ip_000436,token_000827,merchant_000022,52.43,USD,purchase,2025-10-06T17:17:42,2025-10-06T17:18:40
txn_000668,acct_000528,device_000017,ip_000348,token_000724,merchant_000070,7.98,USD,purchase,2025-10-06T23:13:16,2025-10-06T23:13:44
txn_002182,acct_000662,device_000212,ip_000031,token_000175,merchant_000017,9.16,USD,purchase,2025-10-07T00:04:26,2025-10-07T00:07:24
txn_002192,acct_000182,device_000565,ip_000462,token_000080,merchant_000047,51.76,USD,purchase,2025-10-07T00:15:14,2025-10-07T00:17:17
txn_003070,acct_000366,device_000057,ip_000238,token_000332,merchant_000018,16.56,USD,purchase,2025-10-07T01:59:39,2025-10-07T01:59:51
txn_003172,acct_000105,device_000051,ip_000075,token_000038,merchant_000055,30.71,USD,purchase,2025-10-07T04:37:31,2025-10-07T04:38:22
txn_003601,acct_000276,device_000505,ip_000194,token_000499,merchant_000042,25.27,USD,purchase,2025-10-07T05:00:09,2025-10-07T05:03:48
txn_000978,acct_000403,device_000446,ip_000395,token_000081,merchant_000059,31.25,USD,purchase,2025-10-07T06:33:53,2025-10-07T06:37:07
txn_001077,acct_000921,device_000024,ip_000253,token_001206,merchant_000070,37.78,USD,purchase,2025-10-07T07:16:14,2025-10-07T07:20:12
txn_001181,acct_000068,device_000396,ip_000312,token_000471,merchant_000042,40.54,USD,purchase,2025-10-07T07:18:18,2025-10-07T07:19:27
txn_003086,acct_000968,device_000466,ip_000067,token_000537,merchant_000051,7.98,USD,purchase,2025-10-07T09:01:51,2025-10-07T09:02:30
txn_003833,acct_000184,device_000545,ip_000118,token_000630,merchant_000064,38.49,USD,purchase,2025-10-07T11:09:39,2025-10-07T11:10:02
txn_002011,acct_000484,device_000413,ip_000167,token_000022,merchant_000006,5.93,USD,purchase,2025-10-07T12:07:02,2025-10-07T12:07:07
txn_000079,acct_000512,device_000070,ip_000180,token_000526,merchant_000014,5.3,USD,purchase,2025-10-07T18:44:28,2025-10-07T18:47:36
txn_000181,acct_001024,device_000138,ip_000458,token_001059,merchant_000069,12.46,USD,purchase,2025-10-07T20:06:32,2025-10-07T20:07:37
txn_002279,acct_000732,device_000521,ip_000394,token_001015,merchant_000075,49.3,USD,purchase,2025-10-07T20:52:56,2025-10-07T20:56:19
txn_001557,acct_000424,device_000209,ip_000370,token_000485,merchant_000044,20.19,USD,purchase,2025-10-07T22:39:00,2025-10-07T22:42:59
txn_003995,acct_000025,device_000313,ip_000379,token_000339,merchant_000031,84.96,USD,purchase,2025-10-08T01:38:23,2025-10-08T01:40:33
txn_001459,acct_000734,device_000129,ip_000112,token_001084,merchant_000056,24.88,USD,purchase,2025-10-08T09:51:33,2025-10-08T09:51:47
txn_000696,acct_000553,device_000087,ip_000040,token_000152,merchant_000065,103.16,USD,purchase,2025-10-08T10:34:47,2025-10-08T10:34:53
txn_000334,acct_001016,device_000370,ip_000361,token_000591,merchant_000072,6.75,USD,purchase,2025-10-08T10:48:02,2025-10-08T10:48:32
txn_001036,acct_000498,device_000430,ip_000388,token_000268,merchant_000048,60.41,USD,purchase,2025-10-08T11:51:10,2025-10-08T11:52:05
txn_001997,acct_000943,device_000008,ip_000049,token_000748,merchant_000006,6.64,USD,purchase,2025-10-08T12:56:50,2025-10-08T12:59:26
txn_001239,acct_000110,device_000099,ip_000264,token_000283,merchant_000022,43.48,USD,purchase,2025-10-08T13:05:33,2025-10-08T13:05:47
txn_003968,acct_000033,device_000066,ip_000381,token_000130,merchant_000007,73.31,USD,purchase,2025-10-08T13:16:36,2025-10-08T13:18:16
txn_001926,acct_000088,device_000175,ip_000044,token_000732,merchant_000042,55.49,USD,purchase,2025-10-08T15:37:53,2025-10-08T15:38:56
txn_001236,acct_001075,device_000128,ip_000268,token_001174,merchant_000063,5.61,USD,purchase,2025-10-08T16:53:07,2025-10-08T16:53:32
txn_002932,acct_000131,device_000325,ip_000149,token_000266,merchant_000052,12.77,USD,purchase,2025-10-08T16:58:07,2025-10-08T16:58:46
txn_000650,acct_000166,device_000565,ip_000246,token_000266,merchant_000035,25.56,USD,purchase,2025-10-08T21:55:19,2025-10-08T21:57:10
txn_004077,acct_000046,device_000356,ip_000206,token_000076,merchant_000072,1.56,USD,purchase,2025-10-08T22:10:18,2025-10-08T22:13:52
txn_004078,acct_000046,device_000356,ip_000206,token_001031,merchant_000035,1.8,USD,purchase,2025-10-08T22:10:33,2025-10-08T22:10:41
txn_004080,acct_000046,device_000356,ip_000206,token_000374,merchant_000004,1.34,USD,purchase,2025-10-08T22:10:33,2025-10-08T22:11:02
txn_004079,acct_000046,device_000356,ip_000206,token_000712,merchant_000051,2.04,USD,purchase,2025-10-08T22:10:48,2025-10-08T22:13:30
txn_004081,acct_000046,device_000356,ip_000206,token_000863,merchant_000039,1.66,USD,purchase,2025-10-08T22:11:34,2025-10-08T22:13:38
txn_002723,acct_000388,device_000126,ip_000408,token_000318,merchant_000023,29.62,USD,purchase,2025-10-09T03:16:27,2025-10-09T03:19:45
txn_001434,acct_000589,device_000513,ip_000448,token_001030,merchant_000023,4.48,USD,purchase,2025-10-09T04:18:54,2025-10-09T04:21:25
txn_000605,acct_000893,device_000232,ip_000088,token_000181,merchant_000025,81.68,USD,purchase,2025-10-09T05:10:29,2025-10-09T05:14:21
txn_003446,acct_000869,device_000174,ip_000160,token_000814,merchant_000080,33.46,USD,purchase,2025-10-09T07:42:54,2025-10-09T07:45:39
txn_000200,acct_000396,device_000022,ip_000353,token_000774,merchant_000046,23.35,USD,purchase,2025-10-09T07:53:22,2025-10-09T07:54:38
txn_000250,acct_000202,device_000529,ip_000347,token_000272,merchant_000027,5.88,USD,purchase,2025-10-09T09:29:16,2025-10-09T09:32:58
txn_003618,acct_000504,device_000523,ip_000249,token_000084,merchant_000066,2.35,USD,purchase,2025-10-09T10:16:26,2025-10-09T10:19:59
txn_000658,acct_000625,device_000567,ip_000108,token_000252,merchant_000048,49.2,USD,purchase,2025-10-09T12:39:28,2025-10-09T12:40:29
txn_003111,acct_000809,device_000372,ip_000382,token_000938,merchant_000025,3.65,USD,purchase,2025-10-09T14:35:05,2025-10-09T14:37:08
txn_001320,acct_000275,device_000029,ip_000335,token_000756,merchant_000074,15.88,USD,purchase,2025-10-09T14:40:49,2025-10-09T14:44:46
txn_001643,acct_000551,device_000558,ip_000021,token_000149,merchant_000027,20.01,USD,purchase,2025-10-09T15:20:07,2025-10-09T15:21:04
txn_000538,acct_000154,device_000560,ip_000317,token_000703,merchant_000039,20.01,USD,purchase,2025-10-09T16:45:29,2025-10-09T16:47:46
txn_003199,acct_001004,device_000423,ip_000131,token_001190,merchant_000024,22.25,USD,purchase,2025-10-09T16:47:44,2025-10-09T16:49:29
txn_001702,acct_000237,device_000150,ip_000050,token_000455,merchant_000080,97.11,USD,purchase,2025-10-09T17:04:53,2025-10-09T17:08:52
txn_000659,acct_000625,device_000567,ip_000108,token_000252,merchant_000048,-49.2,USD,refund,2025-10-09T17:39:28,2025-10-09T17:40:38
txn_003864,acct_000383,device_000018,ip_000247,token_000642,merchant_000065,11.87,USD,purchase,2025-10-09T18:22:55,2025-10-09T18:26:23
txn_002294,acct_000301,device_000278,ip_000470,token_000529,merchant_000029,209.93,USD,purchase,2025-10-09T18:29:58,2025-10-09T18:30:18
txn_000385,acct_000978,device_000472,ip_000355,token_000830,merchant_000078,22.97,USD,purchase,2025-10-09T21:59:04,2025-10-09T22:01:42
txn_000651,acct_000166,device_000565,ip_000246,token_000266,merchant_000035,-25.56,USD,refund,2025-10-09T23:55:19,2025-10-09T23:57:36
txn_003053,acct_000009,device_000149,ip_000167,token_000056,merchant_000079,39.51,USD,purchase,2025-10-10T01:26:28,2025-10-10T01:26:33
txn_000555,acct_000980,device_000069,ip_000058,token_001184,merchant_000055,15.49,USD,purchase,2025-10-10T05:24:25,2025-10-10T05:24:58
txn_000548,acct_000825,device_000103,ip_000371,token_001079,merchant_000018,7.2,USD,purchase,2025-10-10T05:56:14,2025-10-10T05:56:43
txn_002198,acct_000445,device_000197,ip_000165,token_000804,merchant_000072,52.11,USD,purchase,2025-10-10T08:41:27,2025-10-10T08:43:21
txn_003328,acct_000775,device_000353,ip_000491,token_000921,merchant_000047,17.94,USD,purchase,2025-10-10T14:21:23,2025-10-10T14:23:34
txn_001558,acct_000424,device_000209,ip_000370,token_000485,merchant_000044,-20.19,USD,refund,2025-10-10T15:39:00,2025-10-10T15:42:51
txn_003384,acct_000759,device_000010,ip_000112,token_000181,merchant_000047,26.49,USD,purchase,2025-10-10T16:53:33,2025-10-10T16:54:55
txn_002701,acct_000528,device_000402,ip_000226,token_000475,merchant_000040,24.3,USD,purchase,2025-10-10T21:46:39,2025-10-10T21:48:22
txn_002705,acct_000643,device_000579,ip_000230,token_001208,merchant_000005,103.83,USD,purchase,2025-10-10T23:57:24,2025-10-10T23:58:00
txn_000568,acct_000289,device_000165,ip_000494,token_001028,merchant_000067,37.73,USD,purchase,2025-10-11T00:10:07,2025-10-11T00:13:24
txn_001364,acct_000627,device_000419,ip_000168,token_000436,merchant_000042,1.57,USD,purchase,2025-10-11T02:11:58,2025-10-11T02:15:19
txn_001216,acct_000814,device_000164,ip_000106,token_001157,merchant_000024,110.97,USD,purchase,2025-10-11T04:30:39,2025-10-11T04:32:58
txn_000519,acct_000641,device_000093,ip_000325,token_000163,merchant_000010,14.28,USD,purchase,2025-10-11T11:39:19,2025-10-11T11:41:47
txn_001703,acct_000237,device_000150,ip_000050,token_000455,merchant_000080,-97.11,USD,refund,2025-10-11T12:04:53,2025-10-11T12:07:15
txn_003347,acct_000781,device_000520,ip_000188,token_000090,merchant_000034,94.93,USD,purchase,2025-10-11T14:09:30,2025-10-11T14:11:48
txn_002190,acct_000537,device_000475,ip_000104,token_000053,merchant_000066,44.86,USD,purchase,2025-10-11T18:09:42,2025-10-11T18:09:57
txn_003661,acct_000599,device_000166,ip_000324,token_001190,merchant_000008,50.79,USD,purchase,2025-10-11T23:26:36,2025-10-11T23:28:15
txn_003950,acct_000019,device_000585,ip_000289,token_001026,merchant_000049,22.23,USD,purchase,2025-10-12T02:18:48,2025-10-12T02:20:24
txn_000684,acct_000539,device_000089,ip_000443,token_000281,merchant_000036,230.6,USD,purchase,2025-10-12T03:19:14,2025-10-12T03:20:11
txn_001644,acct_000551,device_000558,ip_000021,token_000149,merchant_000027,-20.01,USD,refund,2025-10-12T04:20:07,2025-10-12T04:23:49
txn_003382,acct_000127,device_000450,ip_000087,token_000394,merchant_000010,60.82,USD,purchase,2025-10-12T06:24:42,2025-10-12T06:27:08
txn_003615,acct_001049,device_000276,ip_000304,token_000175,merchant_000032,28.38,USD,purchase,2025-10-12T10:19:31,2025-10-12T10:22:32
txn_003766,acct_000483,device_000492,ip_000279,token_001005,merchant_000030,32.68,USD,purchase,2025-10-12T13:46:10,2025-10-12T13:48:39
txn_003392,acct_000379,device_000529,ip_000267,token_000917,merchant_000040,61.76,USD,purchase,2025-10-12T15:53:07,2025-10-12T15:53:46
txn_000853,acct_000427,device_000416,ip_000216,token_000856,merchant_000059,3.71,USD,purchase,2025-10-12T20:14:34,2025-10-12T20:16:33
txn_002307,acct_000729,device_000565,ip_000368,token_000847,merchant_000009,27.59,USD,purchase,2025-10-12T22:13:22,2025-10-12T22:16:57
txn_003698,acct_000782,device_000115,ip_000145,token_000408,merchant_000065,25.7,USD,purchase,2025-10-12T22:36:16,2025-10-12T22:38:02
txn_002401,acct_000035,device_000380,ip_000140,token_001085,merchant_000037,30.86,USD,purchase,2025-10-13T02:05:02,2025-10-13T02:05:23
txn_003742,acct_000198,device_000280,ip_000387,token_000345,merchant_000006,20.46,USD,purchase,2025-10-13T04:29:08,2025-10-13T04:32:45
txn_001306,acct_000432,device_000058,ip_000041,token_000355,merchant_000030,47.91,USD,purchase,2025-10-13T08:03:02,2025-10-13T08:06:31
txn_002873,acct_000717,device_000578,ip_000183,token_000920,merchant_000032,3.04,USD,purchase,2025-10-13T10:49:09,2025-10-13T10:50:31
txn_003422,acct_001029,device_000164,ip_000362,token_000636,merchant_000017,16.03,USD,purchase,2025-10-13T11:08:23,2025-10-13T11:10:45
txn_001314,acct_000516,device_000364,ip_000092,token_001226,merchant_000041,24.2,USD,purchase,2025-10-13T12:44:04,2025-10-13T12:44:41
txn_003817,acct_000123,device_000248,ip_000346,token_000546,merchant_000062,38.58,USD,purchase,2025-10-13T14:09:42,2025-10-13T14:13:30
txn_001241,acct_000738,device_000201,ip_000359,token_000021,merchant_000017,31.29,USD,purchase,2025-10-13T17:24:02,2025-10-13T17:24:12
txn_002716,acct_000214,device_000106,ip_000420,token_000230,merchant_000041,7.48,USD,purchase,2025-10-13T18:16:38,2025-10-13T18:20:00
txn_001746,acct_000963,device_000395,ip_000225,token_000730,merchant_000075,40.58,USD,purchase,2025-10-13T18:33:19,2025-10-13T18:34:10
txn_000520,acct_000641,device_000093,ip_000325,token_000163,merchant_000010,-14.28,USD,refund,2025-10-13T18:39:19,2025-10-13T18:42:13
txn_002532,acct_000547,device_000455,ip_000444,token_000904,merchant_000004,24.45,USD,purchase,2025-10-13T23:26:17,2025-10-13T23:26:29
txn_003696,acct_000338,device_000404,ip_000415,token_000912,merchant_000054,5.81,USD,purchase,2025-10-14T01:30:18,2025-10-14T01:30:41
txn_002191,acct_000346,device_000292,ip_000450,token_000586,merchant_000002,61.23,USD,purchase,2025-10-14T03:19:49,2025-10-14T03:23:07
txn_001508,acct_000876,device_000052,ip_000157,token_001001,merchant_000053,9.16,USD,purchase,2025-10-14T05:42:11,2025-10-14T05:44:21
txn_001112,acct_000547,device_000428,ip_000063,token_001002,merchant_000060,60.77,USD,purchase,2025-10-14T06:24:32,2025-10-14T06:25:14
txn_004161,acct_000076,device_000019,ip_000007,token_001033,merchant_000059,3.31,USD,purchase,2025-10-14T06:34:32,2025-10-14T06:38:19
txn_000196,acct_000510,device_000395,ip_000395,token_000908,merchant_000032,40.05,USD,purchase,2025-10-14T11:06:26,2025-10-14T11:09:17
txn_001025,acct_000147,device_000433,ip_000370,token_001120,merchant_000011,60.98,USD,purchase,2025-10-14T12:14:43,2025-10-14T12:17:38
txn_003633,acct_000999,device_000497,ip_000248,token_000272,merchant_000057,8.02,USD,purchase,2025-10-14T12:54:41,2025-10-14T12:58:15
txn_003705,acct_001003,device_000033,ip_000063,token_000453,merchant_000013,14.13,USD,purchase,2025-10-14T15:29:38,2025-10-14T15:32:29
txn_001026,acct_000147,device_000433,ip_000370,token_001120,merchant_000011,-60.98,USD,refund,2025-10-14T16:14:43,2025-10-14T16:18:02
txn_001624,acct_000223,device_000185,ip_000059,token_000058,merchant_000043,27.24,USD,purchase,2025-10-14T16:46:52,2025-10-14T16:49:18
txn_003020,acct_001008,device_000346,ip_000437,token_000529,merchant_000014,26.27,USD,purchase,2025-10-14T21:27:48,2025-10-14T21:29:56
txn_001016,acct_000731,device_000464,ip_000285,token_000337,merchant_000004,3.2,USD,purchase,2025-10-14T23:03:13,2025-10-14T23:03:19
txn_002880,acct_000631,device_000248,ip_000171,token_000896,merchant_000045,68.29,USD,purchase,2025-10-15T00:55:47,2025-10-15T00:58:35
txn_001261,acct_000652,device_000161,ip_000108,token_000743,merchant_000036,91.72,USD,purchase,2025-10-15T01:08:18,2025-10-15T01:12:10
txn_001860,acct_000933,device_000218,ip_000479,token_000563,merchant_000037,83.21,USD,purchase,2025-10-15T05:18:34,2025-10-15T05:21:25
txn_000016,acct_000169,device_000275,ip_000079,token_000779,merchant_000020,17.71,USD,purchase,2025-10-15T06:05:13,2025-10-15T06:05:37
txn_000852,acct_000796,device_000264,ip_000452,token_000329,merchant_000048,7.07,USD,purchase,2025-10-15T09:21:06,2025-10-15T09:24:08
txn_001415,acct_000936,device_000545,ip_000484,token_001183,merchant_000059,37.62,USD,purchase,2025-10-15T09:25:03,2025-10-15T09:25:06
txn_003801,acct_000478,device_000391,ip_000220,token_000552,merchant_000066,25.0,USD,purchase,2025-10-15T11:03:27,2025-10-15T11:06:13
txn_002929,acct_000651,device_000055,ip_000278,token_000721,merchant_000061,51.13,USD,purchase,2025-10-15T11:52:45,2025-10-15T11:52:47
txn_002337,acct_000508,device_000417,ip_000308,token_000778,merchant_000039,28.64,USD,purchase,2025-10-15T12:24:10,2025-10-15T12:25:21
txn_003961,acct_000016,device_000066,ip_000381,token_001020,merchant_000039,47.69,USD,purchase,2025-10-15T12:45:32,2025-10-15T12:45:41
txn_002756,acct_000429,device_000367,ip_000124,token_000751,merchant_000018,293.28,USD,purchase,2025-10-15T13:56:02,2025-10-15T13:56:13
txn_003814,acct_000595,device_000241,ip_000494,token_000171,merchant_000077,6.56,USD,purchase,2025-10-15T16:18:24,2025-10-15T16:19:57
txn_001074,acct_001095,device_000111,ip_000475,token_000291,merchant_000060,127.75,USD,purchase,2025-10-15T17:50:30,2025-10-15T17:51:14
txn_000287,acct_001072,device_000470,ip_000482,token_001099,merchant_000020,179.74,USD,purchase,2025-10-15T19:06:02,2025-10-15T19:06:12
txn_002589,acct_001116,device_000029,ip_000063,token_000810,merchant_000075,8.17,USD,purchase,2025-10-15T20:29:58,2025-10-15T20:32:28
txn_002983,acct_000481,device_000159,ip_000330,token_000593,merchant_000072,90.26,USD,purchase,2025-10-15T22:49:19,2025-10-15T22:51:43
txn_002214,acct_000777,device_000360,ip_000466,token_000529,merchant_000023,9.79,USD,purchase,2025-10-15T23:27:11,2025-10-15T23:31:08
txn_004012,acct_000024,device_000489,ip_000136,token_001135,merchant_000014,19.64,USD,purchase,2025-10-16T02:06:38,2025-10-16T02:10:19
txn_001461,acct_000297,device_000486,ip_000103,token_001184,merchant_000054,34.11,USD,purchase,2025-10-16T05:50:23,2025-10-16T05:51:29
txn_002769,acct_000677,device_000313,ip_000079,token_000929,merchant_000027,62.76,USD,purchase,2025-10-16T09:54:46,2025-10-16T09:57:56
txn_003247,acct_000191,device_000179,ip_000246,token_000920,merchant_000074,11.44,USD,purchase,2025-10-16T11:02:39,2025-10-16T11:03:59
txn_002937,acct_000214,device_000230,ip_000329,token_000596,merchant_000055,63.95,USD,purchase,2025-10-16T11:40:40,2025-10-16T11:41:07
txn_002089,acct_000741,device_000408,ip_000490,token_000511,merchant_000005,29.27,USD,purchase,2025-10-16T14:20:15,2025-10-16T14:21:20
txn_000186,acct_000048,device_000129,ip_000373,token_000481,merchant_000033,37.03,USD,purchase,2025-10-16T21:25:14,2025-10-16T21:25:57
txn_003168,acct_001070,device_000561,ip_000477,token_000015,merchant_000052,29.26,USD,purchase,2025-10-16T23:47:21,2025-10-16T23:50:50
txn_001548,acct_000368,device_000047,ip_000076,token_000684,merchant_000080,118.5,USD,purchase,2025-10-17T00:32:52,2025-10-17T00:33:11
txn_001452,acct_000968,device_000253,ip_000283,token_000691,merchant_000042,17.17,USD,purchase,2025-10-17T02:52:12,2025-10-17T02:53:12
txn_000611,acct_000630,device_000105,ip_000076,token_000945,merchant_000014,22.18,USD,purchase,2025-10-17T08:08:44,2025-10-17T08:10:46
txn_003842,acct_000020,device_000502,ip_000478,token_000861,merchant_000045,5.83,USD,purchase,2025-10-17T09:35:00,2025-10-17T09:38:49
txn_001370,acct_000106,device_000184,ip_000074,token_000147,merchant_000057,44.18,USD,purchase,2025-10-17T09:41:48,2025-10-17T09:44:24
txn_000663,acct_001063,device_000267,ip_000084,token_000781,merchant_000060,71.5,USD,purchase,2025-10-17T13:48:40,2025-10-17T13:51:35
txn_003234,acct_001105,device_000246,ip_000166,token_001197,merchant_000005,75.65,USD,purchase,2025-10-17T16:09:17,2025-10-17T16:11:54
txn_003703,acct_000694,device_000248,ip_000475,token_000018,merchant_000005,533.18,USD,purchase,2025-10-17T17:45:03,2025-10-17T17:47:51
txn_003916,acct_000006,device_000005,ip_000350,token_000655,merchant_000039,101.58,USD,purchase,2025-10-17T18:07:34,2025-10-17T18:08:23
txn_002351,acct_000877,device_000505,ip_000382,token_001064,merchant_000042,96.29,USD,purchase,2025-10-17T18:16:25,2025-10-17T18:17:32
txn_003996,acct_000028,device_000313,ip_000379,token_000590,merchant_000042,76.99,USD,purchase,2025-10-17T19:51:14,2025-10-17T19:52:15
txn_001049,acct_000095,device_000532,ip_000356,token_000197,merchant_000015,25.74,USD,purchase,2025-10-17T20:25:12,2025-10-17T20:26:52
txn_000558,acct_000863,device_000249,ip_000108,token_000460,merchant_000008,45.53,USD,purchase,2025-10-18T02:30:05,2025-10-18T02:30:12
txn_000213,acct_000890,device_000427,ip_000477,token_000247,merchant_000030,50.65,USD,purchase,2025-10-18T08:52:12,2025-10-18T08:52:15
txn_002109,acct_001016,device_000288,ip_000200,token_000217,merchant_000015,1.3,USD,purchase,2025-10-18T09:04:45,2025-10-18T09:07:20
txn_000049,acct_000618,device_000211,ip_000266,token_001044,merchant_000025,13.77,USD,purchase,2025-10-18T10:24:28,2025-10-18T10:27:49
txn_003797,acct_000805,device_000424,ip_000390,token_001089,merchant_000005,38.42,USD,purchase,2025-10-18T11:06:17,2025-10-18T11:08:39
txn_003523,acct_000752,device_000270,ip_000151,token_000170,merchant_000076,8.47,USD,purchase,2025-10-18T14:01:02,2025-10-18T14:01:11
txn_001375,acct_001034,device_000552,ip_000385,token_000043,merchant_000060,16.57,USD,purchase,2025-10-18T21:12:25,2025-10-18T21:14:07
txn_001818,acct_000503,device_000390,ip_000308,token_000026,merchant_000060,26.21,USD,purchase,2025-10-18T21:59:21,2025-10-18T22:02:07
txn_000269,acct_000604,device_000297,ip_000086,token_000073,merchant_000077,4.39,USD,purchase,2025-10-19T01:08:59,2025-10-19T01:10:06
txn_003092,acct_000599,device_000245,ip_000166,token_000922,merchant_000070,143.94,USD,purchase,2025-10-19T02:00:53,2025-10-19T02:04:04
txn_002767,acct_000524,device_000262,ip_000281,token_000196,merchant_000035,46.45,USD,purchase,2025-10-19T04:01:50,2025-10-19T04:05:11
txn_003482,acct_000806,device_000174,ip_000090,token_001035,merchant_000003,22.77,USD,purchase,2025-10-19T06:11:54,2025-10-19T06:14:39
txn_002846,acct_000984,device_000324,ip_000207,token_000636,merchant_000045,30.93,USD,purchase,2025-10-19T08:04:12,2025-10-19T08:05:34
txn_003668,acct_000935,device_000080,ip_000427,token_000389,merchant_000005,4.86,USD,purchase,2025-10-19T10:25:47,2025-10-19T10:25:55
txn_000473,acct_000082,device_000534,ip_000406,token_000850,merchant_000037,16.12,USD,purchase,2025-10-19T11:38:29,2025-10-19T11:40:48
txn_001673,acct_000296,device_000169,ip_000199,token_000608,merchant_000045,2.85,USD,purchase,2025-10-19T12:35:22,2025-10-19T12:36:11
txn_001395,acct_000634,device_000102,ip_000489,token_000296,merchant_000019,27.91,USD,purchase,2025-10-19T12:35:30,2025-10-19T12:37:10
txn_001819,acct_000503,device_000390,ip_000308,token_000026,merchant_000060,-26.21,USD,refund,2025-10-19T14:59:21,2025-10-19T14:59:42
txn_001439,acct_000795,device_000160,ip_000390,token_000727,merchant_000079,8.24,USD,purchase,2025-10-19T18:12:43,2025-10-19T18:13:56
txn_000749,acct_000326,device_000411,ip_000282,token_000837,merchant_000046,3.98,USD,purchase,2025-10-19T18:26:44,2025-10-19T18:29:26
txn_000445,acct_000964,device_000067,ip_000086,token_001042,merchant_000050,14.98,USD,purchase,2025-10-19T18:41:54,2025-10-19T18:42:40
txn_002987,acct_001017,device_000016,ip_000272,token_000728,merchant_000054,66.0,USD,purchase,2025-10-20T01:22:44,2025-10-20T01:23:14
txn_001164,acct_000127,device_000233,ip_000427,token_001221,merchant_000069,350.56,USD,purchase,2025-10-20T07:43:53,2025-10-20T07:44:47
txn_002810,acct_000916,device_000481,ip_000365,token_000975,merchant_000080,16.88,USD,purchase,2025-10-20T09:51:50,2025-10-20T09:55:32
txn_000398,acct_000850,device_000370,ip_000323,token_000503,merchant_000020,56.11,USD,purchase,2025-10-20T12:23:28,2025-10-20T12:24:27
txn_003034,acct_000652,device_000127,ip_000201,token_000898,merchant_000049,5.27,USD,purchase,2025-10-20T13:03:03,2025-10-20T13:06:48
txn_003488,acct_000640,device_000344,ip_000431,token_001005,merchant_000067,7.65,USD,purchase,2025-10-20T15:12:32,2025-10-20T15:15:48
txn_003263,acct_001071,device_000300,ip_000207,token_000037,merchant_000058,1.23,USD,purchase,2025-10-20T16:51:04,2025-10-20T16:51:45
txn_001782,acct_000074,device_000506,ip_000141,token_000351,merchant_000074,107.65,USD,purchase,2025-10-20T21:58:57,2025-10-20T22:01:42
txn_002281,acct_000705,device_000168,ip_000046,token_000134,merchant_000019,8.27,USD,purchase,2025-10-21T00:46:12,2025-10-21T00:48:01
txn_000817,acct_000995,device_000360,ip_000173,token_000897,merchant_000047,11.32,USD,purchase,2025-10-21T02:58:27,2025-10-21T02:58:32
txn_002238,acct_000083,device_000199,ip_000158,token_000684,merchant_000017,10.88,USD,purchase,2025-10-21T03:12:32,2025-10-21T03:13:18
txn_002129,acct_000152,device_000565,ip_000333,token_000397,merchant_000031,38.75,USD,purchase,2025-10-21T04:15:49,2025-10-21T04:18:58
txn_000618,acct_000596,device_000234,ip_000269,token_001031,merchant_000022,6.06,USD,purchase,2025-10-21T05:02:23,2025-10-21T05:04:19
txn_000642,acct_000485,device_000108,ip_000461,token_000357,merchant_000050,8.14,USD,purchase,2025-10-21T12:41:45,2025-10-21T12:41:55
txn_003777,acct_000290,device_000440,ip_000158,token_000776,merchant_000011,21.8,USD,purchase,2025-10-21T16:19:11,2025-10-21T16:19:27
txn_003264,acct_001071,device_000300,ip_000207,token_000037,merchant_000058,-1.23,USD,refund,2025-10-21T19:51:04,2025-10-21T19:54:58
txn_003469,acct_000580,device_000033,ip_000432,token_000682,merchant_000058,15.92,USD,purchase,2025-10-21T21:07:57,2025-10-21T21:10:41
txn_003204,acct_001107,device_000337,ip_000464,token_001162,merchant_000029,328.89,USD,purchase,2025-10-21T22:11:37,2025-10-21T22:14:23
txn_002316,acct_000482,device_000479,ip_000286,token_000181,merchant_000061,43.17,USD,purchase,2025-10-22T01:04:35,2025-10-22T01:07:37
txn_000501,acct_000692,device_000433,ip_000348,token_000970,merchant_000045,19.67,USD,purchase,2025-10-22T06:24:29,2025-10-22T06:27:36
txn_000425,acct_000396,device_000456,ip_000005,token_000454,merchant_000003,18.27,USD,purchase,2025-10-22T12:59:45,2025-10-22T13:02:23
txn_002159,acct_000571,device_000338,ip_000263,token_000529,merchant_000058,16.19,USD,purchase,2025-10-22T13:39:18,2025-10-22T13:40:30
txn_002254,acct_000313,device_000106,ip_000167,token_000722,merchant_000073,3.22,USD,purchase,2025-10-22T21:51:52,2025-10-22T21:53:46
txn_002081,acct_000527,device_000265,ip_000155,token_001066,merchant_000036,55.51,USD,purchase,2025-10-23T04:50:15,2025-10-23T04:53:16
txn_000771,acct_000964,device_000508,ip_000084,token_000367,merchant_000009,20.4,USD,purchase,2025-10-23T07:47:38,2025-10-23T07:51:35
txn_000807,acct_000311,device_000211,ip_000228,token_000292,merchant_000036,10.01,USD,purchase,2025-10-23T09:09:44,2025-10-23T09:11:58
txn_003962,acct_000033,device_000066,ip_000381,token_001005,merchant_000040,149.54,USD,purchase,2025-10-23T19:06:55,2025-10-23T19:08:22
txn_002817,acct_000927,device_000538,ip_000341,token_000140,merchant_000067,45.47,USD,purchase,2025-10-23T19:41:30,2025-10-23T19:42:26
txn_000477,acct_000888,device_000160,ip_000420,token_000988,merchant_000003,5.3,USD,purchase,2025-10-23T21:41:44,2025-10-23T21:44:59
txn_002295,acct_000404,device_000477,ip_000449,token_000987,merchant_000076,32.04,USD,purchase,2025-10-23T22:54:20,2025-10-23T22:55:38
txn_003410,acct_000350,device_000059,ip_000235,token_001118,merchant_000006,24.16,USD,purchase,2025-10-24T03:30:30,2025-10-24T03:30:31
txn_003527,acct_000159,device_000416,ip_000306,token_000597,merchant_000018,349.63,USD,purchase,2025-10-24T05:26:15,2025-10-24T05:27:19
txn_002032,acct_000921,device_000382,ip_000036,token_001150,merchant_000044,24.09,USD,purchase,2025-10-24T06:23:03,2025-10-24T06:24:52
txn_002004,acct_000089,device_000161,ip_000315,token_001171,merchant_000007,54.13,USD,purchase,2025-10-24T06:44:09,2025-10-24T06:46:26
txn_001971,acct_000531,device_000119,ip_000388,token_001142,merchant_000059,78.05,USD,purchase,2025-10-24T16:39:38,2025-10-24T16:43:20
txn_001149,acct_000175,device_000307,ip_000305,token_000826,merchant_000012,33.28,USD,purchase,2025-10-24T22:40:39,2025-10-24T22:41:20
txn_003411,acct_000350,device_000059,ip_000235,token_001118,merchant_000006,-24.16,USD,refund,2025-10-24T23:30:30,2025-10-24T23:34:07
txn_001341,acct_000047,device_000456,ip_000138,token_000974,merchant_000019,36.01,USD,purchase,2025-10-25T00:45:09,2025-10-25T00:46:27
txn_000187,acct_000111,device_000027,ip_000395,token_000814,merchant_000068,31.29,USD,purchase,2025-10-25T02:16:58,2025-10-25T02:20:57
txn_002835,acct_001027,device_000111,ip_000047,token_000419,merchant_000047,234.79,USD,purchase,2025-10-25T03:41:39,2025-10-25T03:43:41
txn_001829,acct_000467,device_000412,ip_000374,token_000465,merchant_000011,42.3,USD,purchase,2025-10-25T07:03:00,2025-10-25T07:06:01
txn_000208,acct_000493,device_000577,ip_000280,token_000439,merchant_000049,35.56,USD,purchase,2025-10-25T08:55:04,2025-10-25T08:56:37
txn_003394,acct_000129,device_000086,ip_000020,token_000685,merchant_000009,4.36,USD,purchase,2025-10-25T11:03:10,2025-10-25T11:03:45
txn_003600,acct_000370,device_000343,ip_000090,token_000226,merchant_000024,47.94,USD,purchase,2025-10-25T11:12:08,2025-10-25T11:12:12
txn_000666,acct_000644,device_000066,ip_000226,token_000369,merchant_000034,50.95,USD,purchase,2025-10-25T11:25:17,2025-10-25T11:27:24
txn_000608,acct_000660,device_000495,ip_000116,token_000189,merchant_000034,16.13,USD,purchase,2025-10-25T13:31:12,2025-10-25T13:33:35
txn_000462,acct_000249,device_000378,ip_000040,token_000216,merchant_000065,59.99,USD,purchase,2025-10-25T16:39:43,2025-10-25T16:40:26
txn_000720,acct_000177,device_000191,ip_000163,token_001211,merchant_000003,39.74,USD,purchase,2025-10-25T18:22:20,2025-10-25T18:26:05
txn_000846,acct_000293,device_000453,ip_000306,token_000085,merchant_000065,38.24,USD,purchase,2025-10-25T19:00:08,2025-10-25T19:00:12
txn_000693,acct_000044,device_000389,ip_000047,token_000683,merchant_000046,41.93,USD,purchase,2025-10-25T19:29:09,2025-10-25T19:29:22
txn_003141,acct_000921,device_000026,ip_000398,token_000441,merchant_000039,22.96,USD,purchase,2025-10-25T20:44:55,2025-10-25T20:46:33
txn_003685,acct_000441,device_000150,ip_000480,token_000356,merchant_000060,4.39,USD,purchase,2025-10-26T01:42:57,2025-10-26T01:45:39
txn_004009,acct_000022,device_000489,ip_000136,token_000366,merchant_000004,16.66,USD,purchase,2025-10-26T06:38:18,2025-10-26T06:39:16
txn_001414,acct_000010,device_000004,ip_000265,token_001068,merchant_000074,10.15,USD,purchase,2025-10-26T07:22:41,2025-10-26T07:25:22
txn_002093,acct_000067,device_000526,ip_000059,token_000622,merchant_000069,14.46,USD,purchase,2025-10-26T11:43:02,2025-10-26T11:44:52
txn_000024,acct_000737,device_000550,ip_000305,token_000175,merchant_000014,5.95,USD,purchase,2025-10-26T15:10:16,2025-10-26T15:10:59
txn_002408,acct_000744,device_000086,ip_000397,token_000776,merchant_000078,27.68,USD,purchase,2025-10-26T16:19:37,2025-10-26T16:22:24
txn_002484,acct_000527,device_000280,ip_000077,token_000888,merchant_000017,2.66,USD,purchase,2025-10-26T21:06:26,2025-10-26T21:08:34
txn_000209,acct_000493,device_000577,ip_000280,token_000439,merchant_000049,-35.56,USD,refund,2025-10-26T21:55:04,2025-10-26T21:57:37
txn_001178,acct_000287,device_000199,ip_000079,token_000917,merchant_000037,33.11,USD,purchase,2025-10-26T22:35:55,2025-10-26T22:39:03
txn_001869,acct_000453,device_000020,ip_000369,token_000174,merchant_000003,18.7,USD,purchase,2025-10-26T22:52:27,2025-10-26T22:55:01
txn_002788,acct_000772,device_000079,ip_000164,token_000305,merchant_000056,17.01,USD,purchase,2025-10-27T01:07:08,2025-10-27T01:07:45
txn_000452,acct_000176,device_000321,ip_000434,token_000385,merchant_000055,102.73,USD,purchase,2025-10-27T02:08:30,2025-10-27T02:10:23
txn_000065,acct_000644,device_000417,ip_000062,token_001098,merchant_000046,11.05,USD,purchase,2025-10-27T04:03:32,2025-10-27T04:04:40
txn_000988,acct_000138,device_000233,ip_000428,token_001013,merchant_000072,21.82,USD,purchase,2025-10-27T08:44:25,2025-10-27T08:46:00
txn_002870,acct_000684,device_000230,ip_000231,token_001166,merchant_000072,9.84,USD,purchase,2025-10-27T09:22:29,2025-10-27T09:25:35
txn_003828,acct_000448,device_000563,ip_000060,token_000155,merchant_000057,4.77,USD,purchase,2025-10-27T10:37:57,2025-10-27T10:38:03
txn_003936,acct_000011,device_000008,ip_000191,token_000338,merchant_000079,34.35,USD,purchase,2025-10-27T12:36:37,2025-10-27T12:39:10
txn_002073,acct_000942,device_000198,ip_000288,token_000529,merchant_000033,85.53,USD,purchase,2025-10-27T13:11:12,2025-10-27T13:11:33
txn_002922,acct_000024,device_000006,ip_000431,token_000682,merchant_000053,13.71,USD,purchase,2025-10-27T13:31:59,2025-10-27T13:34:43
txn_000210,acct_000455,device_000220,ip_000439,token_000645,merchant_000003,173.81,USD,purchase,2025-10-27T15:06:58,2025-10-27T15:08:09
txn_000977,acct_000764,device_000346,ip_000002,token_000215,merchant_000062,83.65,USD,purchase,2025-10-27T15:32:06,2025-10-27T15:33:01
txn_002102,acct_000697,device_000204,ip_000306,token_000746,merchant_000006,16.74,USD,purchase,2025-10-27T15:43:27,2025-10-27T15:44:51
txn_001488,acct_000225,device_000185,ip_000377,token_000016,merchant_000039,28.76,USD,purchase,2025-10-27T16:23:58,2025-10-27T16:25:49
txn_002940,acct_000979,device_000036,ip_000049,token_000874,merchant_000065,4.91,USD,purchase,2025-10-27T17:22:19,2025-10-27T17:23:52
txn_002784,acct_001010,device_000274,ip_000149,token_000190,merchant_000017,67.07,USD,purchase,2025-10-27T23:39:52,2025-10-27T23:42:51
txn_001021,acct_000042,device_000201,ip_000208,token_000606,merchant_000049,61.53,USD,purchase,2025-10-28T00:45:47,2025-10-28T00:49:31
txn_001965,acct_000022,device_000145,ip_000443,token_000475,merchant_000026,404.04,USD,purchase,2025-10-28T02:06:37,2025-10-28T02:07:27
txn_002292,acct_000222,device_000371,ip_000490,token_000116,merchant_000044,4.2,USD,purchase,2025-10-28T02:13:21,2025-10-28T02:17:14
txn_002259,acct_000316,device_000424,ip_000159,token_000624,merchant_000058,33.15,USD,purchase,2025-10-28T10:00:12,2025-10-28T10:02:13
txn_001708,acct_000815,device_000303,ip_000138,token_000618,merchant_000059,86.06,USD,purchase,2025-10-28T13:00:35,2025-10-28T13:03:28
txn_002265,acct_000339,device_000272,ip_000477,token_000456,merchant_000039,73.88,USD,purchase,2025-10-28T19:07:42,2025-10-28T19:09:58
txn_003042,acct_000988,device_000215,ip_000463,token_001111,merchant_000066,23.82,USD,purchase,2025-10-28T21:38:49,2025-10-28T21:39:30
txn_003404,acct_000639,device_000080,ip_000300,token_001176,merchant_000037,4.68,USD,purchase,2025-10-28T21:59:55,2025-10-28T22:02:25
txn_002693,acct_000063,device_000426,ip_000197,token_000218,merchant_000072,16.06,USD,purchase,2025-10-28T23:32:05,2025-10-28T23:32:14
txn_001327,acct_000823,device_000289,ip_000485,token_000818,merchant_000040,77.13,USD,purchase,2025-10-29T00:11:00,2025-10-29T00:14:06
txn_002768,acct_000252,device_000053,ip_000373,token_000866,merchant_000040,31.21,USD,purchase,2025-10-29T04:12:01,2025-10-29T04:13:47
txn_004014,acct_000599,device_000489,ip_000136,token_000597,merchant_000052,65.94,USD,purchase,2025-10-29T05:35:23,2025-10-29T05:35:34
txn_001389,acct_000246,device_000109,ip_000388,token_000786,merchant_000035,280.66,USD,purchase,2025-10-29T05:40:19,2025-10-29T05:41:11
txn_000919,acct_000988,device_000498,ip_000128,token_000012,merchant_000050,93.05,USD,purchase,2025-10-29T06:25:18,2025-10-29T06:26:04
txn_000989,acct_000138,device_000233,ip_000428,token_001013,merchant_000072,-21.82,USD,refund,2025-10-29T06:44:25,2025-10-29T06:44:30
txn_002590,acct_000508,device_000565,ip_000414,token_000005,merchant_000012,36.18,USD,purchase,2025-10-29T07:52:16,2025-10-29T07:56:15
txn_001305,acct_000022,device_000449,ip_000439,token_000875,merchant_000019,22.1,USD,purchase,2025-10-29T07:57:55,2025-10-29T08:01:08
txn_002298,acct_000741,device_000517,ip_000243,token_000925,merchant_000037,88.52,USD,purchase,2025-10-29T11:39:28,2025-10-29T11:40:01
txn_001097,acct_000224,device_000291,ip_000487,token_000179,merchant_000005,14.77,USD,purchase,2025-10-29T11:57:16,2025-10-29T11:59:54
txn_003907,acct_000010,device_000005,ip_000387,token_000470,merchant_000009,97.43,USD,purchase,2025-10-29T13:10:24,2025-10-29T13:11:54
txn_003217,acct_000654,device_000124,ip_000008,token_001074,merchant_000053,138.38,USD,purchase,2025-10-29T15:21:29,2025-10-29T15:24:01
txn_001511,acct_000974,device_000171,ip_000296,token_000226,merchant_000002,25.75,USD,purchase,2025-10-29T18:49:34,2025-10-29T18:52:33
txn_000279,acct_000663,device_000264,ip_000083,token_000152,merchant_000036,6.36,USD,purchase,2025-10-29T19:09:08,2025-10-29T19:09:24
txn_001079,acct_000327,device_000089,ip_000202,token_000750,merchant_000002,19.86,USD,purchase,2025-10-29T20:50:09,2025-10-29T20:50:28
txn_003524,acct_000677,device_000011,ip_000106,token_000659,merchant_000053,51.52,USD,purchase,2025-10-30T08:17:38,2025-10-30T08:19:34
txn_000268,acct_000640,device_000055,ip_000463,token_000704,merchant_000069,4.52,USD,purchase,2025-10-30T08:23:55,2025-10-30T08:27:47
txn_002485,acct_000033,device_000121,ip_000258,token_000949,merchant_000060,5.66,USD,purchase,2025-10-30T08:58:06,2025-10-30T09:01:04
txn_001043,acct_000798,device_000098,ip_000237,token_001026,merchant_000053,50.87,USD,purchase,2025-10-30T11:59:54,2025-10-30T12:03:43
txn_001826,acct_000608,device_000114,ip_000037,token_000937,merchant_000054,8.3,USD,purchase,2025-10-30T14:04:02,2025-10-30T14:06:43
txn_000018,acct_000789,device_000013,ip_000150,token_000848,merchant_000050,28.89,USD,purchase,2025-10-30T14:22:56,2025-10-30T14:24:34
txn_001442,acct_000057,device_000566,ip_000354,token_001049,merchant_000015,387.87,USD,purchase,2025-10-30T14:38:40,2025-10-30T14:41:11
txn_003844,acct_001058,device_000116,ip_000472,token_001182,merchant_000026,17.85,USD,purchase,2025-10-30T15:12:01,2025-10-30T15:13:13
txn_002869,acct_000838,device_000426,ip_000230,token_000373,merchant_000009,18.57,USD,purchase,2025-10-30T17:17:57,2025-10-30T17:19:53
txn_002430,acct_000139,device_000017,ip_000154,token_000299,merchant_000063,59.86,USD,purchase,2025-10-30T17:40:11,2025-10-30T17:42:51
txn_001078,acct_001017,device_000242,ip_000461,token_000830,merchant_000067,18.67,USD,purchase,2025-10-30T21:03:47,2025-10-30T21:06:36
txn_002383,acct_001102,device_000187,ip_000430,token_000285,merchant_000074,50.63,USD,purchase,2025-10-31T12:07:45,2025-10-31T12:11:03
txn_001865,acct_000570,device_000332,ip_000389,token_000035,merchant_000043,7.39,USD,purchase,2025-10-31T12:28:45,2025-10-31T12:31:13
txn_001804,acct_000205,device_000178,ip_000488,token_000441,merchant_000036,2.52,USD,purchase,2025-10-31T13:27:21,2025-10-31T13:31:17
txn_002486,acct_000033,device_000121,ip_000258,token_000949,merchant_000060,-5.66,USD,refund,2025-10-31T16:58:06,2025-10-31T16:58:41
txn_001522,acct_000570,device_000252,ip_000416,token_000112,merchant_000019,216.92,USD,purchase,2025-11-01T00:19:04,2025-11-01T00:22:14
txn_001888,acct_000212,device_000018,ip_000477,token_000341,merchant_000029,25.13,USD,purchase,2025-11-01T02:56:15,2025-11-01T02:59:50
txn_003075,acct_000075,device_000445,ip_000039,token_000584,merchant_000078,7.23,USD,purchase,2025-11-01T03:50:37,2025-11-01T03:54:11
txn_001061,acct_001116,device_000151,ip_000223,token_000545,merchant_000012,30.68,USD,purchase,2025-11-01T07:41:21,2025-11-01T07:42:50
txn_002072,acct_000798,device_000055,ip_000004,token_000099,merchant_000011,86.61,USD,purchase,2025-11-01T09:16:51,2025-11-01T09:17:13
txn_001200,acct_000012,device_000378,ip_000479,token_000286,merchant_000010,21.96,USD,purchase,2025-11-01T11:05:03,2025-11-01T11:06:24
txn_001219,acct_000170,device_000139,ip_000094,token_000897,merchant_000041,88.02,USD,purchase,2025-11-01T20:06:40,2025-11-01T20:10:24
txn_002988,acct_000852,device_000497,ip_000024,token_000621,merchant_000036,1.18,USD,purchase,2025-11-01T21:38:04,2025-11-01T21:41:59
txn_000454,acct_000614,device_000334,ip_000301,token_000048,merchant_000073,46.56,USD,purchase,2025-11-02T00:03:55,2025-11-02T00:07:49
txn_002856,acct_000933,device_000456,ip_000190,token_000786,merchant_000010,145.15,USD,purchase,2025-11-02T00:55:23,2025-11-02T00:59:21
txn_001432,acct_000730,device_000168,ip_000183,token_000526,merchant_000074,37.23,USD,purchase,2025-11-02T02:49:57,2025-11-02T02:51:10
txn_001005,acct_000573,device_000182,ip_000219,token_000029,merchant_000061,41.69,USD,purchase,2025-11-02T03:12:36,2025-11-02T03:14:33
txn_003501,acct_000107,device_000294,ip_000159,token_001104,merchant_000051,5.43,USD,purchase,2025-11-02T04:20:25,2025-11-02T04:22:10
txn_003101,acct_000104,device_000146,ip_000058,token_000042,merchant_000003,4.4,USD,purchase,2025-11-02T05:04:46,2025-11-02T05:06:35
txn_000166,acct_000332,device_000103,ip_000110,token_001042,merchant_000052,12.45,USD,purchase,2025-11-02T06:48:25,2025-11-02T06:51:24
txn_000383,acct_001032,device_000017,ip_000059,token_000948,merchant_000023,9.13,USD,purchase,2025-11-02T07:42:05,2025-11-02T07:42:27
txn_000951,acct_001076,device_000478,ip_000493,token_001065,merchant_000046,49.75,USD,purchase,2025-11-02T09:38:12,2025-11-02T09:41:24
txn_002646,acct_000877,device_000336,ip_000450,token_000332,merchant_000027,39.07,USD,purchase,2025-11-02T11:04:01,2025-11-02T11:06:55
txn_000089,acct_000668,device_000283,ip_000267,token_000939,merchant_000002,61.38,USD,purchase,2025-11-02T11:10:59,2025-11-02T11:14:20
txn_003986,acct_000021,device_000192,ip_000249,token_000853,merchant_000079,262.93,USD,purchase,2025-11-02T12:07:47,2025-11-02T12:08:38
txn_002225,acct_000503,device_000321,ip_000366,token_000719,merchant_000020,30.54,USD,purchase,2025-11-02T17:00:25,2025-11-02T17:02:29
txn_003689,acct_000755,device_000311,ip_000310,token_000305,merchant_000001,22.11,USD,purchase,2025-11-02T17:27:35,2025-11-02T17:30:58
txn_000758,acct_000702,device_000303,ip_000353,token_000911,merchant_000043,21.62,USD,purchase,2025-11-02T18:51:25,2025-11-02T18:52:36
txn_002914,acct_000481,device_000088,ip_000260,token_001100,merchant_000052,10.07,USD,purchase,2025-11-02T19:12:31,2025-11-02T19:14:28
txn_001882,acct_000209,device_000326,ip_000258,token_000441,merchant_000058,94.99,USD,purchase,2025-11-02T20:32:54,2025-11-02T20:33:14
txn_003611,acct_000748,device_000103,ip_000088,token_001110,merchant_000034,57.97,USD,purchase,2025-11-03T02:21:53,2025-11-03T02:25:31
txn_001310,acct_000466,device_000550,ip_000447,token_000903,merchant_000020,60.54,USD,purchase,2025-11-03T06:28:09,2025-11-03T06:29:36
txn_000256,acct_000529,device_000373,ip_000201,token_000376,merchant_000043,67.24,USD,purchase,2025-11-03T07:57:01,2025-11-03T07:59:06
txn_002277,acct_000218,device_000070,ip_000354,token_000372,merchant_000054,6.3,USD,purchase,2025-11-03T09:56:59,2025-11-03T10:00:32
txn_001445,acct_000333,device_000125,ip_000201,token_001199,merchant_000005,74.31,USD,purchase,2025-11-03T13:12:02,2025-11-03T13:15:39
txn_000162,acct_000089,device_000543,ip_000220,token_000470,merchant_000062,53.55,USD,purchase,2025-11-03T15:11:29,2025-11-03T15:14:55
txn_000444,acct_000095,device_000194,ip_000438,token_001097,merchant_000038,10.17,USD,purchase,2025-11-03T15:29:29,2025-11-03T15:32:11
txn_001593,acct_000993,device_000555,ip_000363,token_000569,merchant_000077,3.36,USD,purchase,2025-11-03T15:32:40,2025-11-03T15:35:41
txn_001232,acct_000935,device_000343,ip_000387,token_001153,merchant_000072,128.68,USD,purchase,2025-11-03T18:54:30,2025-11-03T18:58:10
txn_000776,acct_000604,device_000383,ip_000013,token_000660,merchant_000055,14.85,USD,purchase,2025-11-04T03:54:30,2025-11-04T03:57:40
txn_002067,acct_000161,device_000248,ip_000141,token_001181,merchant_000026,89.33,USD,purchase,2025-11-04T04:56:32,2025-11-04T05:00:32
txn_000048,acct_000787,device_000360,ip_000494,token_000880,merchant_000041,9.58,USD,purchase,2025-11-04T05:22:08,2025-11-04T05:22:30
txn_000410,acct_000767,device_000311,ip_000151,token_000996,merchant_000004,2.37,USD,purchase,2025-11-04T06:33:10,2025-11-04T06:34:29
txn_000884,acct_000545,device_000069,ip_000231,token_000798,merchant_000025,143.77,USD,purchase,2025-11-04T07:16:43,2025-11-04T07:18:17
txn_003690,acct_000755,device_000311,ip_000310,token_000305,merchant_000001,-22.11,USD,refund,2025-11-04T09:27:35,2025-11-04T09:31:20
txn_000549,acct_000549,device_000147,ip_000481,token_000028,merchant_000002,8.65,USD,purchase,2025-11-04T10:48:45,2025-11-04T10:49:37
txn_000759,acct_000702,device_000303,ip_000353,token_000911,merchant_000043,-21.62,USD,refund,2025-11-04T18:51:25,2025-11-04T18:53:50
txn_000155,acct_001058,device_000416,ip_000181,token_000707,merchant_000063,22.53,USD,purchase,2025-11-04T20:06:10,2025-11-04T20:08:19
txn_001211,acct_000968,device_000119,ip_000212,token_000181,merchant_000080,11.32,USD,purchase,2025-11-04T23:35:22,2025-11-04T23:36:17
txn_001594,acct_000993,device_000555,ip_000363,token_000569,merchant_000077,-3.36,USD,refund,2025-11-05T04:32:40,2025-11-05T04:35:13
txn_001922,acct_000170,device_000519,ip_000018,token_000563,merchant_000002,27.35,USD,purchase,2025-11-05T05:12:14,2025-11-05T05:15:53
txn_000882,acct_000976,device_000288,ip_000285,token_000698,merchant_000074,16.52,USD,purchase,2025-11-05T06:55:12,2025-11-05T06:55:45
txn_000540,acct_000265,device_000297,ip_000024,token_001160,merchant_000008,79.47,USD,purchase,2025-11-05T12:15:17,2025-11-05T12:17:34
txn_003854,acct_000699,device_000278,ip_000106,token_000191,merchant_000018,12.65,USD,purchase,2025-11-05T18:29:34,2025-11-05T18:32:12
txn_002604,acct_000125,device_000351,ip_000015,token_000917,merchant_000042,11.94,USD,purchase,2025-11-05T21:20:39,2025-11-05T21:22:48
txn_003241,acct_001081,device_000422,ip_000036,token_000827,merchant_000030,7.56,USD,purchase,2025-11-05T22:53:05,2025-11-05T22:53:59
txn_001015,acct_000343,device_000007,ip_000475,token_001003,merchant_000028,19.13,USD,purchase,2025-11-06T00:40:09,2025-11-06T00:40:32
txn_002177,acct_000841,device_000534,ip_000310,token_000457,merchant_000075,8.01,USD,purchase,2025-11-06T01:03:22,2025-11-06T01:05:20
txn_001478,acct_000233,device_000232,ip_000173,token_000581,merchant_000043,10.29,USD,purchase,2025-11-06T05:15:29,2025-11-06T05:17:39
txn_001878,acct_000067,device_000048,ip_000293,token_000569,merchant_000005,18.44,USD,purchase,2025-11-06T06:08:07,2025-11-06T06:11:13
txn_003616,acct_000180,device_000123,ip_000370,token_000473,merchant_000030,22.76,USD,purchase,2025-11-06T06:43:27,2025-11-06T06:46:19
txn_001191,acct_000172,device_000303,ip_000097,token_000764,merchant_000050,13.68,USD,purchase,2025-11-06T11:16:10,2025-11-06T11:17:13
txn_002258,acct_000438,device_000067,ip_000219,token_000802,merchant_000001,32.43,USD,purchase,2025-11-06T12:05:46,2025-11-06T12:07:59
txn_002107,acct_000731,device_000544,ip_000293,token_000952,merchant_000005,1.67,USD,purchase,2025-11-06T21:49:33,2025-11-06T21:50:25
txn_002891,acct_000586,device_000378,ip_000132,token_000177,merchant_000074,28.39,USD,purchase,2025-11-06T23:24:16,2025-11-06T23:26:26
txn_001081,acct_000325,device_000130,ip_000457,token_000078,merchant_000043,88.52,USD,purchase,2025-11-07T01:29:18,2025-11-07T01:31:37
txn_001862,acct_000902,device_000085,ip_000042,token_000054,merchant_000028,30.52,USD,purchase,2025-11-07T01:49:16,2025-11-07T01:52:20
txn_001654,acct_000350,device_000107,ip_000484,token_000031,merchant_000063,30.05,USD,purchase,2025-11-07T01:55:25,2025-11-07T01:55:50
txn_003587,acct_000915,device_000278,ip_000030,token_000751,merchant_000014,98.78,USD,purchase,2025-11-07T02:54:49,2025-11-07T02:58:29
txn_002200,acct_000326,device_000024,ip_000391,token_000510,merchant_000035,12.11,USD,purchase,2025-11-07T07:20:27,2025-11-07T07:20:35
txn_003911,acct_000010,device_000005,ip_000271,token_000057,merchant_000009,34.14,USD,purchase,2025-11-07T16:17:06,2025-11-07T16:18:59
txn_003726,acct_000668,device_000141,ip_000366,token_001002,merchant_000055,16.54,USD,purchase,2025-11-07T17:31:07,2025-11-07T17:33:13
txn_003796,acct_000027,device_000213,ip_000159,token_000791,merchant_000028,25.49,USD,purchase,2025-11-07T18:26:14,2025-11-07T18:26:54
txn_002677,acct_000593,device_000171,ip_000393,token_001067,merchant_000040,40.69,USD,purchase,2025-11-07T20:09:13,2025-11-07T20:12:24
txn_003538,acct_000992,device_000184,ip_000095,token_000303,merchant_000014,14.37,USD,purchase,2025-11-07T20:51:28,2025-11-07T20:52:06
txn_002950,acct_000736,device_000561,ip_000252,token_001013,merchant_000078,13.45,USD,purchase,2025-11-07T23:18:47,2025-11-07T23:19:34
txn_002194,acct_000418,device_000310,ip_000380,token_000478,merchant_000034,24.7,USD,purchase,2025-11-08T02:16:38,2025-11-08T02:16:56
txn_001180,acct_000725,device_000013,ip_000336,token_001112,merchant_000008,129.56,USD,purchase,2025-11-08T03:41:20,2025-11-08T03:43:00
txn_001579,acct_000381,device_000249,ip_000382,token_000980,merchant_000061,63.56,USD,purchase,2025-11-08T04:33:12,2025-11-08T04:34:15
txn_003177,acct_000832,device_000106,ip_000014,token_001113,merchant_000021,38.89,USD,purchase,2025-11-08T05:09:01,2025-11-08T05:10:32
txn_001726,acct_000529,device_000106,ip_000252,token_001135,merchant_000026,44.17,USD,purchase,2025-11-08T06:01:51,2025-11-08T06:04:17
txn_003665,acct_000754,device_000395,ip_000098,token_000652,merchant_000010,18.21,USD,purchase,2025-11-08T07:31:10,2025-11-08T07:32:03
txn_000963,acct_000829,device_000053,ip_000488,token_001212,merchant_000039,10.43,USD,purchase,2025-11-08T08:08:28,2025-11-08T08:11:49
txn_003748,acct_000129,device_000300,ip_000453,token_000901,merchant_000016,31.0,USD,purchase,2025-11-08T10:02:25,2025-11-08T10:06:09
txn_003151,acct_001036,device_000294,ip_000134,token_000558,merchant_000027,50.66,USD,purchase,2025-11-08T13:12:59,2025-11-08T13:13:28
txn_002267,acct_000875,device_000001,ip_000464,token_000614,merchant_000076,4.99,USD,purchase,2025-11-08T14:43:57,2025-11-08T14:45:04
txn_003373,acct_000002,device_000177,ip_000171,token_000267,merchant_000048,136.34,USD,purchase,2025-11-08T19:05:35,2025-11-08T19:06:43
txn_000822,acct_000819,device_000397,ip_000383,token_000536,merchant_000047,66.77,USD,purchase,2025-11-09T00:28:25,2025-11-09T00:29:59
txn_002711,acct_000121,device_000160,ip_000272,token_000910,merchant_000041,21.73,USD,purchase,2025-11-09T04:12:42,2025-11-09T04:14:51
txn_001317,acct_000678,device_000013,ip_000139,token_000952,merchant_000003,34.64,USD,purchase,2025-11-09T09:55:10,2025-11-09T09:57:20
txn_001948,acct_000023,device_000053,ip_000469,token_000935,merchant_000030,12.3,USD,purchase,2025-11-09T11:20:51,2025-11-09T11:24:27
txn_003455,acct_000444,device_000338,ip_000157,token_000760,merchant_000050,64.66,USD,purchase,2025-11-09T11:29:29,2025-11-09T11:31:11
txn_001279,acct_000658,device_000462,ip_000281,token_001018,merchant_000046,7.87,USD,purchase,2025-11-09T13:46:43,2025-11-09T13:46:44
txn_001418,acct_000633,device_000154,ip_000010,token_000388,merchant_000034,16.74,USD,purchase,2025-11-09T14:23:48,2025-11-09T14:24:50
txn_001902,acct_000696,device_000506,ip_000377,token_000264,merchant_000033,8.29,USD,purchase,2025-11-09T15:43:00,2025-11-09T15:43:32
txn_000098,acct_000355,device_000009,ip_000115,token_000517,merchant_000078,42.32,USD,purchase,2025-11-09T15:56:28,2025-11-09T16:00:18
txn_001125,acct_000717,device_000390,ip_000430,token_000136,merchant_000001,29.92,USD,purchase,2025-11-09T18:31:09,2025-11-09T18:34:29
txn_001027,acct_000338,device_000084,ip_000043,token_000390,merchant_000062,27.58,USD,purchase,2025-11-09T18:37:22,2025-11-09T18:40:44
txn_000796,acct_000402,device_000129,ip_000113,token_001055,merchant_000017,72.08,USD,purchase,2025-11-09T19:18:52,2025-11-09T19:19:14
txn_000649,acct_000676,device_000064,ip_000121,token_001011,merchant_000010,125.82,USD,purchase,2025-11-09T21:18:53,2025-11-09T21:19:03
txn_000356,acct_000251,device_000321,ip_000169,token_001197,merchant_000050,45.31,USD,purchase,2025-11-09T22:59:17,2025-11-09T23:01:06
txn_000584,acct_000896,device_000291,ip_000360,token_000204,merchant_000012,40.99,USD,purchase,2025-11-09T23:54:10,2025-11-09T23:56:53
txn_001041,acct_000251,device_000405,ip_000373,token_000455,merchant_000019,36.51,USD,purchase,2025-11-09T23:58:47,2025-11-10T00:01:52
txn_003274,acct_000242,device_000041,ip_000031,token_000941,merchant_000021,37.0,USD,purchase,2025-11-10T03:26:17,2025-11-10T03:27:23
txn_003518,acct_001057,device_000059,ip_000061,token_000213,merchant_000009,4.98,USD,purchase,2025-11-10T05:34:19,2025-11-10T05:35:04
txn_003937,acct_000007,device_000008,ip_000044,token_000165,merchant_000051,148.32,USD,purchase,2025-11-10T09:38:59,2025-11-10T09:40:54
txn_002966,acct_000276,device_000025,ip_000172,token_000449,merchant_000050,99.68,USD,purchase,2025-11-10T10:25:16,2025-11-10T10:27:59
txn_000736,acct_000871,device_000265,ip_000380,token_000238,merchant_000078,69.28,USD,purchase,2025-11-10T10:57:03,2025-11-10T10:58:39
txn_001062,acct_000873,device_000101,ip_000345,token_000299,merchant_000025,27.81,USD,purchase,2025-11-10T11:57:06,2025-11-10T12:01:03
txn_001383,acct_000605,device_000182,ip_000267,token_000169,merchant_000049,14.93,USD,purchase,2025-11-10T12:00:10,2025-11-10T12:03:11
txn_003893,acct_000007,device_000003,ip_000271,token_000806,merchant_000005,26.87,USD,purchase,2025-11-10T12:50:08,2025-11-10T12:53:07
txn_000491,acct_000660,device_000018,ip_000325,token_000738,merchant_000006,97.68,USD,purchase,2025-11-10T14:59:03,2025-11-10T15:00:03
txn_001105,acct_000143,device_000539,ip_000112,token_000355,merchant_000070,237.54,USD,purchase,2025-11-10T16:34:52,2025-11-10T16:35:41
txn_002549,acct_000869,device_000443,ip_000449,token_000507,merchant_000027,229.19,USD,purchase,2025-11-10T18:02:16,2025-11-10T18:04:44
txn_002381,acct_000686,device_000256,ip_000048,token_000670,merchant_000043,20.65,USD,purchase,2025-11-10T19:54:34,2025-11-10T19:55:11
txn_000593,acct_000431,device_000430,ip_000193,token_000643,merchant_000058,9.86,USD,purchase,2025-11-11T00:13:24,2025-11-11T00:17:16
txn_002343,acct_001082,device_000216,ip_000438,token_000700,merchant_000003,123.37,USD,purchase,2025-11-11T00:20:36,2025-11-11T00:22:21
txn_003370,acct_000708,device_000061,ip_000261,token_000380,merchant_000045,3.36,USD,purchase,2025-11-11T00:53:56,2025-11-11T00:54:45
txn_000072,acct_000449,device_000031,ip_000459,token_000576,merchant_000008,36.73,USD,purchase,2025-11-11T01:12:01,2025-11-11T01:15:30
txn_002188,acct_000329,device_000321,ip_000068,token_000752,merchant_000019,42.47,USD,purchase,2025-11-11T04:28:26,2025-11-11T04:31:45
txn_002197,acct_000144,device_000389,ip_000347,token_000845,merchant_000039,17.74,USD,purchase,2025-11-11T09:44:04,2025-11-11T09:47:36
txn_002712,acct_000121,device_000160,ip_000272,token_000910,merchant_000041,-21.73,USD,refund,2025-11-11T10:12:42,2025-11-11T10:12:46
txn_001008,acct_000220,device_000248,ip_000461,token_000580,merchant_000033,157.31,USD,purchase,2025-11-11T11:02:44,2025-11-11T11:06:40
txn_003001,acct_000715,device_000099,ip_000043,token_000298,merchant_000004,11.43,USD,purchase,2025-11-11T11:08:35,2025-11-11T11:12:04
txn_003200,acct_000973,device_000135,ip_000455,token_000331,merchant_000063,56.59,USD,purchase,2025-11-11T12:10:19,2025-11-11T12:12:42
txn_001620,acct_001111,device_000459,ip_000029,token_001131,merchant_000036,21.85,USD,purchase,2025-11-11T12:59:59,2025-11-11T13:01:22
txn_000027,acct_000927,device_000327,ip_000035,token_000615,merchant_000006,17.59,USD,purchase,2025-11-11T15:28:48,2025-11-11T15:32:13
txn_002400,acct_000785,device_000465,ip_000446,token_001227,merchant_000026,11.08,USD,purchase,2025-11-11T15:32:43,2025-11-11T15:36:08
txn_002793,acct_000454,device_000350,ip_000491,token_001062,merchant_000056,98.6,USD,purchase,2025-11-11T17:05:26,2025-11-11T17:08:09
txn_001640,acct_000590,device_000027,ip_000377,token_000264,merchant_000076,39.35,USD,purchase,2025-11-11T17:08:53,2025-11-11T17:10:37
txn_000453,acct_000263,device_000313,ip_000483,token_000020,merchant_000064,39.04,USD,purchase,2025-11-11T17:29:18,2025-11-11T17:30:16
txn_002219,acct_000950,device_000035,ip_000008,token_000861,merchant_000023,23.17,USD,purchase,2025-11-11T18:08:11,2025-11-11T18:11:14
txn_000867,acct_000653,device_000522,ip_000459,token_000233,merchant_000003,13.61,USD,purchase,2025-11-11T20:47:06,2025-11-11T20:47:23
txn_001847,acct_000350,device_000277,ip_000049,token_001076,merchant_000030,66.19,USD,purchase,2025-11-11T20:48:57,2025-11-11T20:52:51
txn_000868,acct_000653,device_000522,ip_000459,token_000233,merchant_000003,-13.61,USD,refund,2025-11-11T22:47:06,2025-11-11T22:50:15
txn_004177,acct_000080,device_000017,ip_000002,token_000483,merchant_000064,33.3,USD,purchase,2025-11-12T11:21:18,2025-11-12T11:23:22
txn_002644,acct_000458,device_000498,ip_000449,token_000517,merchant_000072,137.41,USD,purchase,2025-11-12T12:16:58,2025-11-12T12:20:05
txn_003919,acct_000006,device_000137,ip_000400,token_000047,merchant_000057,62.94,USD,purchase,2025-11-12T13:46:41,2025-11-12T13:48:54
txn_003987,acct_000022,device_000376,ip_000380,token_000012,merchant_000033,11.29,USD,purchase,2025-11-12T16:49:46,2025-11-12T16:52:55
txn_003079,acct_001090,device_000414,ip_000385,token_000135,merchant_000016,24.22,USD,purchase,2025-11-13T00:50:06,2025-11-13T00:54:00
txn_002489,acct_000591,device_000251,ip_000070,token_000507,merchant_000011,12.28,USD,purchase,2025-11-13T03:41:49,2025-11-13T03:43:27
txn_001664,acct_000364,device_000393,ip_000492,token_000828,merchant_000048,3.11,USD,purchase,2025-11-13T03:43:14,2025-11-13T03:44:23
txn_003049,acct_000609,device_000089,ip_000071,token_000641,merchant_000069,8.64,USD,purchase,2025-11-13T03:58:33,2025-11-13T04:00:24
txn_000484,acct_000183,device_000112,ip_000326,token_001173,merchant_000045,94.43,USD,purchase,2025-11-13T05:09:18,2025-11-13T05:10:37
txn_001633,acct_000475,device_000434,ip_000372,token_000876,merchant_000039,5.01,USD,purchase,2025-11-13T06:47:27,2025-11-13T06:48:02
txn_001727,acct_000194,device_000101,ip_000399,token_000563,merchant_000004,17.69,USD,purchase,2025-11-13T07:55:27,2025-11-13T07:58:27
txn_001533,acct_000871,device_000262,ip_000257,token_000163,merchant_000069,20.49,USD,purchase,2025-11-13T13:46:20,2025-11-13T13:47:32
txn_002442,acct_000583,device_000008,ip_000385,token_000173,merchant_000028,25.51,USD,purchase,2025-11-13T17:38:21,2025-11-13T17:41:22
txn_003292,acct_001070,device_000221,ip_000135,token_000410,merchant_000036,30.41,USD,purchase,2025-11-13T18:38:24,2025-11-13T18:39:47
txn_001189,acct_000435,device_000172,ip_000075,token_000249,merchant_000006,10.1,USD,purchase,2025-11-13T23:40:08,2025-11-13T23:40:53
txn_001215,acct_000098,device_000339,ip_000172,token_000109,merchant_000058,21.22,USD,purchase,2025-11-14T00:30:30,2025-11-14T00:30:43
txn_001518,acct_000364,device_000522,ip_000430,token_000165,merchant_000073,26.63,USD,purchase,2025-11-14T01:24:34,2025-11-14T01:25:05
txn_001316,acct_000394,device_000200,ip_000379,token_000004,merchant_000070,12.23,USD,purchase,2025-11-14T01:54:09,2025-11-14T01:58:01
txn_001108,acct_000067,device_000334,ip_000073,token_000185,merchant_000066,118.45,USD,purchase,2025-11-14T03:53:50,2025-11-14T03:55:47
txn_000328,acct_000983,device_000357,ip_000160,token_000743,merchant_000018,105.62,USD,purchase,2025-11-14T07:21:09,2025-11-14T07:21:54
txn_003982,acct_000019,device_000516,ip_000294,token_000671,merchant_000017,9.53,USD,purchase,2025-11-14T08:58:43,2025-11-14T09:02:43
txn_003100,acct_000467,device_000073,ip_000407,token_000437,merchant_000039,22.43,USD,purchase,2025-11-14T09:37:30,2025-11-14T09:41:16
txn_002639,acct_001097,device_000106,ip_000163,token_000010,merchant_000036,112.39,USD,purchase,2025-11-14T09:51:43,2025-11-14T09:52:44
txn_001009,acct_000220,device_000248,ip_000461,token_000580,merchant_000033,-157.31,USD,refund,2025-11-14T10:02:44,2025-11-14T10:04:32
txn_001073,acct_000289,device_000406,ip_000151,token_001046,merchant_000006,8.53,USD,purchase,2025-11-14T11:17:30,2025-11-14T11:17:44
txn_000547,acct_000578,device_000022,ip_000159,token_000334,merchant_000023,14.74,USD,purchase,2025-11-14T11:38:41,2025-11-14T11:38:59
txn_003638,acct_000554,device_000186,ip_000288,token_000246,merchant_000064,130.14,USD,purchase,2025-11-14T15:24:31,2025-11-14T15:25:45
txn_002629,acct_000787,device_000173,ip_000158,token_000422,merchant_000007,625.02,USD,purchase,2025-11-14T16:02:00,2025-11-14T16:04:42
txn_003734,acct_000864,device_000161,ip_000487,token_000088,merchant_000054,24.48,USD,purchase,2025-11-14T16:15:10,2025-11-14T16:16:11
txn_003250,acct_000742,device_000289,ip_000220,token_000131,merchant_000017,33.78,USD,purchase,2025-11-14T18:14:28,2025-11-14T18:17:43
txn_002744,acct_000475,device_000303,ip_000123,token_000111,merchant_000032,9.17,USD,purchase,2025-11-14T19:26:31,2025-11-14T19:27:15
txn_000814,acct_000059,device_000468,ip_000435,token_000520,merchant_000046,41.82,USD,purchase,2025-11-14T19:44:47,2025-11-14T19:45:51
txn_001692,acct_000563,device_000114,ip_000430,token_000456,merchant_000001,12.75,USD,purchase,2025-11-14T20:09:02,2025-11-14T20:10:50
txn_003436,acct_000014,device_000131,ip_000273,token_000335,merchant_000054,5.74,USD,purchase,2025-11-14T20:30:23,2025-11-14T20:33:41
txn_003407,acct_000695,device_000204,ip_000378,token_000216,merchant_000043,18.39,USD,purchase,2025-11-14T21:12:16,2025-11-14T21:15:07
txn_002205,acct_001010,device_000111,ip_000381,token_000652,merchant_000067,22.24,USD,purchase,2025-11-14T23:41:47,2025-11-14T23:42:58
txn_000202,acct_000746,device_000245,ip_000165,token_000130,merchant_000069,15.7,USD,purchase,2025-11-15T02:05:48,2025-11-15T02:07:56
txn_001631,acct_001098,device_000455,ip_000059,token_000665,merchant_000051,142.36,USD,purchase,2025-11-15T02:53:46,2025-11-15T02:54:06
txn_003216,acct_000332,device_000299,ip_000002,token_000457,merchant_000066,11.88,USD,purchase,2025-11-15T05:42:57,2025-11-15T05:45:38
txn_002069,acct_000539,device_000403,ip_000155,token_000821,merchant_000027,43.4,USD,purchase,2025-11-15T07:19:17,2025-11-15T07:21:12
txn_003871,acct_000009,device_000003,ip_000429,token_000079,merchant_000059,16.31,USD,purchase,2025-11-15T09:49:44,2025-11-15T09:50:28
txn_001167,acct_000670,device_000447,ip_000135,token_000332,merchant_000002,54.34,USD,purchase,2025-11-15T12:44:15,2025-11-15T12:46:04
txn_002379,acct_000398,device_000171,ip_000390,token_001014,merchant_000077,20.83,USD,purchase,2025-11-15T14:58:14,2025-11-15T15:00:47
txn_003457,acct_000396,device_000579,ip_000072,token_000056,merchant_000049,8.94,USD,purchase,2025-11-15T17:20:52,2025-11-15T17:24:34
txn_001208,acct_000090,device_000372,ip_000117,token_000903,merchant_000007,28.9,USD,purchase,2025-11-15T18:33:18,2025-11-15T18:33:27
txn_001925,acct_000613,device_000065,ip_000055,token_000314,merchant_000068,114.06,USD,purchase,2025-11-15T20:22:59,2025-11-15T20:26:09
txn_002804,acct_000706,device_000348,ip_000326,token_000964,merchant_000072,5.93,USD,purchase,2025-11-15T22:03:16,2025-11-15T22:03:39
txn_003077,acct_000321,device_000005,ip_000467,token_000645,merchant_000024,45.24,USD,purchase,2025-11-15T23:29:05,2025-11-15T23:31:58
txn_000432,acct_000970,device_000245,ip_000491,token_000698,merchant_000007,5.34,USD,purchase,2025-11-16T02:10:55,2025-11-16T02:11:14
txn_004064,acct_000036,device_000488,ip_000358,token_000625,merchant_000058,107.68,USD,purchase,2025-11-16T03:28:20,2025-11-16T03:28:59
txn_004065,acct_000036,device_000488,ip_000358,token_000340,merchant_000012,44.57,USD,purchase,2025-11-16T03:30:20,2025-11-16T03:30:22
txn_004067,acct_000036,device_000488,ip_000358,token_000751,merchant_000053,108.18,USD,purchase,2025-11-16T03:31:20,2025-11-16T03:32:03
txn_004068,acct_000036,device_000488,ip_000358,token_000409,merchant_000036,75.46,USD,purchase,2025-11-16T03:32:20,2025-11-16T03:33:00
txn_004066,acct_000036,device_000488,ip_000358,token_000828,merchant_000003,41.47,USD,purchase,2025-11-16T03:34:20,2025-11-16T03:38:14
txn_004069,acct_000038,device_000488,ip_000358,token_000171,merchant_000077,57.37,USD,purchase,2025-11-16T03:36:20,2025-11-16T03:36:33
txn_004070,acct_000038,device_000488,ip_000358,token_000546,merchant_000014,25.93,USD,purchase,2025-11-16T03:38:20,2025-11-16T03:40:07
txn_004074,acct_000042,device_000488,ip_000358,token_000361,merchant_000033,26.38,USD,purchase,2025-11-16T03:38:20,2025-11-16T03:41:41
txn_004075,acct_000042,device_000488,ip_000358,token_000274,merchant_000065,157.02,USD,purchase,2025-11-16T03:39:20,2025-11-16T03:41:42
txn_004076,acct_000042,device_000488,ip_000358,token_001194,merchant_000040,87.81,USD,purchase,2025-11-16T03:40:20,2025-11-16T03:43:21
txn_004071,acct_000038,device_000488,ip_000358,token_000113,merchant_000033,55.98,USD,purchase,2025-11-16T03:44:20,2025-11-16T03:48:05
txn_004072,acct_000038,device_000488,ip_000358,token_000793,merchant_000002,178.65,USD,purchase,2025-11-16T03:48:20,2025-11-16T03:51:24
txn_004073,acct_000038,device_000488,ip_000358,token_001084,merchant_000027,60.38,USD,purchase,2025-11-16T03:52:20,2025-11-16T03:53:58
txn_000451,acct_001113,device_000268,ip_000005,token_000614,merchant_000037,3.83,USD,purchase,2025-11-16T08:28:26,2025-11-16T08:29:20
txn_002656,acct_000419,device_000323,ip_000191,token_000421,merchant_000031,44.1,USD,purchase,2025-11-16T11:03:01,2025-11-16T11:04:05
txn_002070,acct_000539,device_000403,ip_000155,token_000821,merchant_000027,-43.4,USD,refund,2025-11-16T13:19:17,2025-11-16T13:21:51
txn_002805,acct_000706,device_000348,ip_000326,token_000964,merchant_000072,-5.93,USD,refund,2025-11-16T15:03:16,2025-11-16T15:05:41
txn_001203,acct_000542,device_000376,ip_000137,token_000271,merchant_000014,33.68,USD,purchase,2025-11-16T17:46:55,2025-11-16T17:48:31
txn_000842,acct_000559,device_000420,ip_000354,token_000021,merchant_000054,19.58,USD,purchase,2025-11-16T20:05:17,2025-11-16T20:09:08
txn_000352,acct_000132,device_000209,ip_000434,token_000845,merchant_000035,15.2,USD,purchase,2025-11-16T21:32:24,2025-11-16T21:35:20
txn_001651,acct_000938,device_000539,ip_000265,token_000956,merchant_000076,16.96,USD,purchase,2025-11-16T23:17:59,2025-11-16T23:21:43
txn_000999,acct_000122,device_000441,ip_000109,token_000796,merchant_000025,26.57,USD,purchase,2025-11-17T09:47:37,2025-11-17T09:49:21
txn_000912,acct_000628,device_000248,ip_000387,token_000832,merchant_000039,5.38,USD,purchase,2025-11-17T11:43:09,2025-11-17T11:46:38
txn_002323,acct_000807,device_000100,ip_000410,token_000788,merchant_000033,20.29,USD,purchase,2025-11-17T14:23:25,2025-11-17T14:24:45
txn_002386,acct_000667,device_000461,ip_000340,token_000818,merchant_000048,76.87,USD,purchase,2025-11-17T15:50:45,2025-11-17T15:53:09
txn_003371,acct_000144,device_000571,ip_000224,token_000622,merchant_000065,7.42,USD,purchase,2025-11-17T17:02:47,2025-11-17T17:04:00
txn_000440,acct_000679,device_000385,ip_000106,token_000820,merchant_000024,104.67,USD,purchase,2025-11-17T19:39:50,2025-11-17T19:40:09
txn_000750,acct_000462,device_000414,ip_000254,token_000951,merchant_000037,79.39,USD,purchase,2025-11-17T20:10:05,2025-11-17T20:10:06
txn_001377,acct_000087,device_000061,ip_000354,token_001088,merchant_000042,26.4,USD,purchase,2025-11-17T22:09:24,2025-11-17T22:11:33
txn_002104,acct_000242,device_000557,ip_000222,token_000139,merchant_000040,61.61,USD,purchase,2025-11-18T02:29:44,2025-11-18T02:33:33
txn_001209,acct_000090,device_000372,ip_000117,token_000903,merchant_000007,-28.9,USD,refund,2025-11-18T08:33:18,2025-11-18T08:34:24
txn_003221,acct_000014,device_000030,ip_000383,token_000884,merchant_000049,35.67,USD,purchase,2025-11-18T13:58:00,2025-11-18T13:58:21
txn_003303,acct_000948,device_000228,ip_000291,token_000163,merchant_000022,54.82,USD,purchase,2025-11-18T16:26:53,2025-11-18T16:27:54
txn_002727,acct_000779,device_000369,ip_000227,token_000206,merchant_000055,92.83,USD,purchase,2025-11-18T16:29:12,2025-11-18T16:31:04
txn_001020,acct_001088,device_000338,ip_000454,token_000928,merchant_000021,379.13,USD,purchase,2025-11-18T20:44:52,2025-11-18T20:46:41
txn_003537,acct_000897,device_000151,ip_000138,token_000619,merchant_000043,6.27,USD,purchase,2025-11-18T23:25:30,2025-11-18T23:28:05
txn_003522,acct_000781,device_000080,ip_000380,token_000790,merchant_000079,22.64,USD,purchase,2025-11-19T01:17:05,2025-11-19T01:17:18
txn_000371,acct_000739,device_000441,ip_000145,token_000540,merchant_000079,47.96,USD,purchase,2025-11-19T04:19:53,2025-11-19T04:21:14
txn_001815,acct_001035,device_000099,ip_000023,token_000155,merchant_000032,27.32,USD,purchase,2025-11-19T09:08:05,2025-11-19T09:08:50
txn_001928,acct_000914,device_000575,ip_000313,token_000046,merchant_000062,10.12,USD,purchase,2025-11-19T09:25:42,2025-11-19T09:29:31
txn_003166,acct_000249,device_000275,ip_000201,token_000743,merchant_000001,48.7,USD,purchase,2025-11-19T11:34:30,2025-11-19T11:35:36
txn_001591,acct_000761,device_000583,ip_000475,token_000005,merchant_000056,10.93,USD,purchase,2025-11-19T11:56:57,2025-11-19T12:00:24
txn_000422,acct_000144,device_000308,ip_000046,token_000810,merchant_000016,5.3,USD,purchase,2025-11-19T12:48:12,2025-11-19T12:49:24
txn_001204,acct_000006,device_000145,ip_000065,token_000752,merchant_000064,33.77,USD,purchase,2025-11-19T12:51:48,2025-11-19T12:54:49
txn_003865,acct_001028,device_000414,ip_000062,token_000973,merchant_000041,22.19,USD,purchase,2025-11-19T18:39:37,2025-11-19T18:43:28
txn_001300,acct_000852,device_000517,ip_000380,token_000812,merchant_000070,7.37,USD,purchase,2025-11-19T19:17:59,2025-11-19T19:18:36
txn_002565,acct_000970,device_000194,ip_000111,token_001158,merchant_000009,59.33,USD,purchase,2025-11-19T20:42:37,2025-11-19T20:46:33
txn_000112,acct_001020,device_000204,ip_000312,token_000410,merchant_000034,25.91,USD,purchase,2025-11-19T22:07:50,2025-11-19T22:10:51
txn_004171,acct_000102,device_000017,ip_000002,token_000796,merchant_000037,23.89,USD,purchase,2025-11-20T01:11:01,2025-11-20T01:11:48
txn_001975,acct_000738,device_000307,ip_000412,token_000978,merchant_000053,0.29,USD,purchase,2025-11-20T02:23:01,2025-11-20T02:25:03
txn_003578,acct_000087,device_000465,ip_000057,token_001121,merchant_000020,26.18,USD,purchase,2025-11-20T02:29:39,2025-11-20T02:31:18
txn_001841,acct_000378,device_000331,ip_000286,token_000137,merchant_000033,24.02,USD,purchase,2025-11-20T03:28:04,2025-11-20T03:28:50
txn_002535,acct_000733,device_000490,ip_000363,token_001004,merchant_000039,21.43,USD,purchase,2025-11-20T06:59:17,2025-11-20T06:59:56
txn_001832,acct_000918,device_000539,ip_000314,token_001067,merchant_000033,96.34,USD,purchase,2025-11-20T08:40:52,2025-11-20T08:43:21
txn_001835,acct_000193,device_000173,ip_000306,token_000945,merchant_000047,5.31,USD,purchase,2025-11-20T10:17:13,2025-11-20T10:20:24
txn_001937,acct_000705,device_000498,ip_000383,token_001225,merchant_000039,17.82,USD,purchase,2025-11-20T10:51:30,2025-11-20T10:51:56
txn_000897,acct_000422,device_000205,ip_000389,token_001168,merchant_000039,38.7,USD,purchase,2025-11-20T11:28:02,2025-11-20T11:30:34
txn_003608,acct_000834,device_000329,ip_000139,token_001168,merchant_000005,21.81,USD,purchase,2025-11-20T13:36:29,2025-11-20T13:37:53
txn_002448,acct_000516,device_000405,ip_000090,token_000805,merchant_000062,8.65,USD,purchase,2025-11-20T18:00:08,2025-11-20T18:03:28
txn_003013,acct_000912,device_000219,ip_000233,token_000437,merchant_000031,63.79,USD,purchase,2025-11-20T19:44:47,2025-11-20T19:47:36
txn_000806,acct_000859,device_000401,ip_000303,token_000397,merchant_000032,17.03,USD,purchase,2025-11-21T00:30:36,2025-11-21T00:31:47
txn_000911,acct_000218,device_000232,ip_000328,token_000930,merchant_000020,108.16,USD,purchase,2025-11-21T00:41:56,2025-11-21T00:45:00
txn_001912,acct_001046,device_000530,ip_000207,token_001083,merchant_000053,61.08,USD,purchase,2025-11-21T04:05:25,2025-11-21T04:08:15
txn_001221,acct_000696,device_000033,ip_000225,token_000579,merchant_000006,23.06,USD,purchase,2025-11-21T04:28:00,2025-11-21T04:31:01
txn_000175,acct_000496,device_000272,ip_000106,token_000470,merchant_000026,7.11,USD,purchase,2025-11-21T06:12:33,2025-11-21T06:13:13
txn_000203,acct_000227,device_000099,ip_000268,token_000137,merchant_000006,38.0,USD,purchase,2025-11-21T08:33:58,2025-11-21T08:36:04
txn_002066,acct_000715,device_000539,ip_000193,token_000675,merchant_000032,135.81,USD,purchase,2025-11-21T12:17:48,2025-11-21T12:20:37
txn_002938,acct_000094,device_000496,ip_000275,token_000878,merchant_000074,40.97,USD,purchase,2025-11-21T12:27:19,2025-11-21T12:30:31
txn_003883,acct_000009,device_000003,ip_000442,token_000330,merchant_000031,78.66,USD,purchase,2025-11-21T13:41:49,2025-11-21T13:45:20
txn_000672,acct_001066,device_000452,ip_000163,token_000552,merchant_000025,121.1,USD,purchase,2025-11-21T16:10:05,2025-11-21T16:11:30
txn_003356,acct_000187,device_000309,ip_000368,token_000302,merchant_000007,8.29,USD,purchase,2025-11-21T19:14:02,2025-11-21T19:14:37
txn_003714,acct_000726,device_000409,ip_000048,token_000409,merchant_000008,13.47,USD,purchase,2025-11-21T20:55:42,2025-11-21T20:59:07
txn_003178,acct_000784,device_000292,ip_000198,token_000569,merchant_000053,122.01,USD,purchase,2025-11-21T22:46:39,2025-11-21T22:47:46
txn_002648,acct_000656,device_000482,ip_000456,token_000656,merchant_000029,42.84,USD,purchase,2025-11-22T02:51:53,2025-11-22T02:54:55
txn_001682,acct_000126,device_000490,ip_000290,token_000197,merchant_000063,186.76,USD,purchase,2025-11-22T04:30:47,2025-11-22T04:31:40
txn_000239,acct_000076,device_000149,ip_000438,token_000067,merchant_000074,32.83,USD,purchase,2025-11-22T10:51:38,2025-11-22T10:52:01
txn_002139,acct_000823,device_000388,ip_000157,token_000967,merchant_000074,18.79,USD,purchase,2025-11-22T11:47:09,2025-11-22T11:49:09
txn_001137,acct_000411,device_000413,ip_000081,token_000901,merchant_000033,20.19,USD,purchase,2025-11-22T13:48:30,2025-11-22T13:52:01
txn_001851,acct_000656,device_000319,ip_000426,token_000275,merchant_000039,17.04,USD,purchase,2025-11-22T17:54:34,2025-11-22T17:57:17
txn_003444,acct_001100,device_000088,ip_000175,token_000833,merchant_000016,57.84,USD,purchase,2025-11-22T19:04:52,2025-11-22T19:08:02
txn_000182,acct_000123,device_000221,ip_000417,token_000521,merchant_000061,38.3,USD,purchase,2025-11-22T19:46:59,2025-11-22T19:48:25
txn_000522,acct_001073,device_000231,ip_000090,token_000154,merchant_000047,8.42,USD,purchase,2025-11-22T23:51:30,2025-11-22T23:51:44
txn_003783,acct_000892,device_000379,ip_000363,token_000134,merchant_000002,12.08,USD,purchase,2025-11-23T00:30:37,2025-11-23T00:32:23
txn_002771,acct_000499,device_000496,ip_000466,token_000138,merchant_000008,39.11,USD,purchase,2025-11-23T00:46:40,2025-11-23T00:49:11
txn_003622,acct_000430,device_000264,ip_000018,token_000460,merchant_000008,9.97,USD,purchase,2025-11-23T01:53:42,2025-11-23T01:56:09
txn_003625,acct_000217,device_000136,ip_000138,token_000021,merchant_000059,56.47,USD,purchase,2025-11-23T03:12:56,2025-11-23T03:14:09
txn_000083,acct_000197,device_000051,ip_000202,token_001171,merchant_000071,24.09,USD,purchase,2025-11-23T04:00:40,2025-11-23T04:00:41
txn_003790,acct_000222,device_000370,ip_000006,token_000200,merchant_000018,48.19,USD,purchase,2025-11-23T05:51:57,2025-11-23T05:53:23
txn_000690,acct_000712,device_000408,ip_000361,token_000263,merchant_000062,75.62,USD,purchase,2025-11-23T06:29:37,2025-11-23T06:31:23
txn_002096,acct_000852,device_000406,ip_000114,token_000254,merchant_000055,91.39,USD,purchase,2025-11-23T07:32:48,2025-11-23T07:34:27
txn_001893,acct_000758,device_000475,ip_000382,token_000496,merchant_000007,214.53,USD,purchase,2025-11-23T09:14:57,2025-11-23T09:15:42
txn_002465,acct_000446,device_000073,ip_000045,token_000627,merchant_000078,75.58,USD,purchase,2025-11-23T17:08:11,2025-11-23T17:08:38
txn_003546,acct_000381,device_000309,ip_000068,token_000221,merchant_000076,5.8,USD,purchase,2025-11-23T18:26:04,2025-11-23T18:26:28
txn_002161,acct_001057,device_000028,ip_000057,token_000314,merchant_000036,86.7,USD,purchase,2025-11-23T19:14:48,2025-11-23T19:16:04
txn_001612,acct_000287,device_000341,ip_000267,token_000575,merchant_000079,91.62,USD,purchase,2025-11-23T19:38:37,2025-11-23T19:42:14
txn_002706,acct_000798,device_000441,ip_000019,token_000794,merchant_000022,67.85,USD,purchase,2025-11-23T19:45:09,2025-11-23T19:46:31
txn_000464,acct_000497,device_000449,ip_000072,token_000965,merchant_000036,31.36,USD,purchase,2025-11-23T19:55:52,2025-11-23T19:56:24
txn_003064,acct_000050,device_000544,ip_000256,token_001139,merchant_000002,48.88,USD,purchase,2025-11-23T22:44:32,2025-11-23T22:45:17
txn_001505,acct_001098,device_000379,ip_000382,token_000462,merchant_000049,57.2,USD,purchase,2025-11-24T00:37:49,2025-11-24T00:40:15
txn_000084,acct_000197,device_000051,ip_000202,token_001171,merchant_000071,-24.09,USD,refund,2025-11-24T02:00:40,2025-11-24T02:03:24
txn_001526,acct_000850,device_000564,ip_000090,token_000607,merchant_000039,30.04,USD,purchase,2025-11-24T04:10:40,2025-11-24T04:10:48
txn_003704,acct_000376,device_000379,ip_000205,token_000423,merchant_000059,153.38,USD,purchase,2025-11-24T06:15:22,2025-11-24T06:16:18
txn_003130,acct_000541,device_000103,ip_000313,token_000554,merchant_000076,13.63,USD,purchase,2025-11-24T07:32:28,2025-11-24T07:33:23
txn_003131,acct_000541,device_000103,ip_000313,token_000554,merchant_000076,-13.63,USD,refund,2025-11-24T09:32:28,2025-11-24T09:33:03
txn_003970,acct_000030,device_000066,ip_000381,token_001005,merchant_000048,17.8,USD,purchase,2025-11-24T09:55:24,2025-11-24T09:58:09
txn_001509,acct_000812,device_000385,ip_000043,token_001111,merchant_000058,179.75,USD,purchase,2025-11-24T11:34:44,2025-11-24T11:38:29
txn_003927,acct_000011,device_000008,ip_000260,token_000769,merchant_000080,441.98,USD,purchase,2025-11-24T12:33:55,2025-11-24T12:36:31
txn_001858,acct_001072,device_000383,ip_000312,token_000558,merchant_000062,48.26,USD,purchase,2025-11-24T14:15:02,2025-11-24T14:17:37
txn_003813,acct_000256,device_000183,ip_000217,token_001100,merchant_000039,10.67,USD,purchase,2025-11-24T14:54:38,2025-11-24T14:57:34
txn_000123,acct_000935,device_000350,ip_000187,token_000112,merchant_000029,20.18,USD,purchase,2025-11-24T21:36:32,2025-11-24T21:39:11
txn_000429,acct_000875,device_000054,ip_000438,token_000662,merchant_000056,46.41,USD,purchase,2025-11-24T21:50:01,2025-11-24T21:51:34
txn_002893,acct_000577,device_000124,ip_000160,token_000895,merchant_000034,48.42,USD,purchase,2025-11-25T02:38:50,2025-11-25T02:42:14
txn_001766,acct_000117,device_000203,ip_000121,token_000656,merchant_000054,35.68,USD,purchase,2025-11-25T04:07:03,2025-11-25T04:09:37
txn_000938,acct_000553,device_000498,ip_000064,token_000196,merchant_000032,19.43,USD,purchase,2025-11-25T07:32:01,2025-11-25T07:34:38
txn_002080,acct_000493,device_000473,ip_000299,token_000533,merchant_000078,34.68,USD,purchase,2025-11-25T10:37:48,2025-11-25T10:41:29
txn_001388,acct_000486,device_000337,ip_000276,token_000930,merchant_000018,23.78,USD,purchase,2025-11-25T11:58:14,2025-11-25T12:02:02
txn_001823,acct_000239,device_000514,ip_000257,token_000851,merchant_000019,17.5,USD,purchase,2025-11-25T17:33:15,2025-11-25T17:34:58
txn_001456,acct_000608,device_000075,ip_000431,token_000618,merchant_000065,13.29,USD,purchase,2025-11-25T19:35:37,2025-11-25T19:36:24
txn_002985,acct_001102,device_000466,ip_000063,token_000868,merchant_000017,27.95,USD,purchase,2025-11-25T19:37:59,2025-11-25T19:39:53
txn_003420,acct_000340,device_000499,ip_000276,token_000701,merchant_000021,9.64,USD,purchase,2025-11-25T22:08:16,2025-11-25T22:11:05
txn_002799,acct_000662,device_000195,ip_000407,token_000267,merchant_000017,9.22,USD,purchase,2025-11-25T22:47:50,2025-11-25T22:48:28
txn_003000,acct_000722,device_000121,ip_000061,token_000358,merchant_000074,10.19,USD,purchase,2025-11-25T23:04:44,2025-11-25T23:06:43
txn_001904,acct_000373,device_000269,ip_000007,token_000858,merchant_000046,11.94,USD,purchase,2025-11-26T00:27:40,2025-11-26T00:29:36
txn_003081,acct_000288,device_000442,ip_000345,token_000730,merchant_000008,16.1,USD,purchase,2025-11-26T02:01:54,2025-11-26T02:04:02
txn_001227,acct_000257,device_000224,ip_000340,token_000397,merchant_000073,9.48,USD,purchase,2025-11-26T10:31:28,2025-11-26T10:33:04
txn_001711,acct_000693,device_000299,ip_000184,token_000372,merchant_000029,2.75,USD,purchase,2025-11-26T10:56:52,2025-11-26T11:00:48
txn_000524,acct_001056,device_000037,ip_000479,token_000949,merchant_000080,23.7,USD,purchase,2025-11-26T11:12:42,2025-11-26T11:15:20
txn_001658,acct_000823,device_000435,ip_000458,token_000512,merchant_000027,41.57,USD,purchase,2025-11-26T15:25:54,2025-11-26T15:26:29
txn_000120,acct_000112,device_000012,ip_000330,token_000322,merchant_000065,21.87,USD,purchase,2025-11-26T15:48:51,2025-11-26T15:49:34
txn_003682,acct_000775,device_000033,ip_000324,token_000321,merchant_000078,17.19,USD,purchase,2025-11-26T17:14:23,2025-11-26T17:18:00
txn_001737,acct_001113,device_000209,ip_000105,token_000436,merchant_000055,19.75,USD,purchase,2025-11-26T18:19:41,2025-11-26T18:19:47
txn_000939,acct_000553,device_000498,ip_000064,token_000196,merchant_000032,-19.43,USD,refund,2025-11-26T23:32:01,2025-11-26T23:33:53
txn_003113,acct_000201,device_000385,ip_000487,token_000685,merchant_000029,80.28,USD,purchase,2025-11-27T00:22:38,2025-11-27T00:26:13
txn_001479,acct_000397,device_000252,ip_000099,token_000333,merchant_000038,29.97,USD,purchase,2025-11-27T00:43:39,2025-11-27T00:47:07
txn_000502,acct_000200,device_000135,ip_000166,token_001189,merchant_000007,79.71,USD,purchase,2025-11-27T00:48:02,2025-11-27T00:50:50
txn_002608,acct_000396,device_000262,ip_000015,token_000875,merchant_000026,19.55,USD,purchase,2025-11-27T01:00:26,2025-11-27T01:04:13
txn_002698,acct_001030,device_000440,ip_000274,token_000256,merchant_000008,10.89,USD,purchase,2025-11-27T01:02:07,2025-11-27T01:02:32
txn_000041,acct_000006,device_000096,ip_000375,token_000939,merchant_000046,4.18,USD,purchase,2025-11-27T03:33:52,2025-11-27T03:34:48
txn_004172,acct_000102,device_000017,ip_000002,token_000796,merchant_000009,32.51,USD,purchase,2025-11-27T03:55:48,2025-11-27T03:58:26
txn_003022,acct_000349,device_000412,ip_000252,token_001124,merchant_000049,4.55,USD,purchase,2025-11-27T05:09:49,2025-11-27T05:10:13
txn_002728,acct_000751,device_000062,ip_000269,token_000856,merchant_000023,55.23,USD,purchase,2025-11-27T06:37:10,2025-11-27T06:38:31
txn_003656,acct_000816,device_000041,ip_000356,token_000388,merchant_000038,64.63,USD,purchase,2025-11-27T06:59:12,2025-11-27T07:01:17
txn_002313,acct_000536,device_000221,ip_000307,token_000422,merchant_000026,107.73,USD,purchase,2025-11-27T07:07:05,2025-11-27T07:10:40
txn_002207,acct_000011,device_000505,ip_000096,token_000292,merchant_000068,51.62,USD,purchase,2025-11-27T11:07:50,2025-11-27T11:09:26
txn_002743,acct_000855,device_000441,ip_000086,token_000685,merchant_000006,17.37,USD,purchase,2025-11-27T12:14:41,2025-11-27T12:17:50
txn_000470,acct_000796,device_000137,ip_000171,token_000360,merchant_000041,34.35,USD,purchase,2025-11-27T17:03:37,2025-11-27T17:03:42
txn_003851,acct_000284,device_000522,ip_000143,token_000066,merchant_000042,155.79,USD,purchase,2025-11-27T17:32:05,2025-11-27T17:34:57
txn_002791,acct_000512,device_000009,ip_000373,token_000030,merchant_000067,107.26,USD,purchase,2025-11-27T18:12:28,2025-11-27T18:12:32
txn_003943,acct_000011,device_000008,ip_000206,token_000075,merchant_000016,90.13,USD,purchase,2025-11-27T19:05:11,2025-11-27T19:08:02
txn_001549,acct_000389,device_000306,ip_000375,token_000377,merchant_000038,19.77,USD,purchase,2025-11-27T19:12:12,2025-11-27T19:12:13
txn_000641,acct_000713,device_000414,ip_000035,token_000093,merchant_000004,43.47,USD,purchase,2025-11-27T21:30:22,2025-11-27T21:33:13
txn_002620,acct_000007,device_000400,ip_000323,token_000324,merchant_000008,6.71,USD,purchase,2025-11-27T22:08:40,2025-11-27T22:09:43
txn_003099,acct_000643,device_000170,ip_000247,token_000582,merchant_000058,16.58,USD,purchase,2025-11-27T23:39:52,2025-11-27T23:40:50
txn_000773,acct_000321,device_000197,ip_000393,token_000812,merchant_000022,3.62,USD,purchase,2025-11-28T00:32:44,2025-11-28T00:34:08
txn_000042,acct_000692,device_000561,ip_000296,token_000268,merchant_000073,23.52,USD,purchase,2025-11-28T01:09:15,2025-11-28T01:12:10
txn_002410,acct_000415,device_000378,ip_000240,token_000044,merchant_000064,94.21,USD,purchase,2025-11-28T01:48:01,2025-11-28T01:49:36
txn_000858,acct_000176,device_000022,ip_000005,token_000109,merchant_000043,8.55,USD,purchase,2025-11-28T02:48:59,2025-11-28T02:49:54
txn_003332,acct_000083,device_000438,ip_000309,token_000686,merchant_000014,19.54,USD,purchase,2025-11-28T04:12:23,2025-11-28T04:14:40
txn_001376,acct_000164,device_000011,ip_000128,token_001091,merchant_000017,31.94,USD,purchase,2025-11-28T04:57:49,2025-11-28T04:58:24
txn_001338,acct_000227,device_000361,ip_000304,token_000859,merchant_000075,26.66,USD,purchase,2025-11-28T08:40:07,2025-11-28T08:43:05
txn_000780,acct_000045,device_000144,ip_000396,token_000140,merchant_000041,7.75,USD,purchase,2025-11-28T10:34:30,2025-11-28T10:37:42
txn_002825,acct_000264,device_000305,ip_000418,token_001058,merchant_000026,18.94,USD,purchase,2025-11-28T11:01:04,2025-11-28T11:01:21
txn_000918,acct_001059,device_000503,ip_000090,token_000926,merchant_000038,10.01,USD,purchase,2025-11-28T11:42:35,2025-11-28T11:44:00
txn_002333,acct_000715,device_000363,ip_000432,token_000489,merchant_000036,21.26,USD,purchase,2025-11-28T12:46:10,2025-11-28T12:47:32
txn_002074,acct_001049,device_000144,ip_000336,token_000396,merchant_000068,130.25,USD,purchase,2025-11-28T13:00:31,2025-11-28T13:03:47
txn_003280,acct_000286,device_000350,ip_000042,token_000214,merchant_000061,32.08,USD,purchase,2025-11-28T13:44:45,2025-11-28T13:48:21
txn_003365,acct_000328,device_000170,ip_000096,token_000329,merchant_000068,8.22,USD,purchase,2025-11-28T17:12:12,2025-11-28T17:15:34
txn_002456,acct_000958,device_000059,ip_000178,token_000015,merchant_000061,23.6,USD,purchase,2025-11-28T22:08:13,2025-11-28T22:10:36
txn_000948,acct_000383,device_000252,ip_000403,token_000018,merchant_000042,10.47,USD,purchase,2025-11-29T04:58:27,2025-11-29T05:01:56
txn_003094,acct_000934,device_000054,ip_000250,token_000120,merchant_000048,12.35,USD,purchase,2025-11-29T08:01:04,2025-11-29T08:01:10
txn_002689,acct_000049,device_000135,ip_000289,token_000625,merchant_000072,3.27,USD,purchase,2025-11-29T09:07:00,2025-11-29T09:07:49
txn_002624,acct_000166,device_000568,ip_000273,token_000613,merchant_000023,34.41,USD,purchase,2025-11-29T13:14:00,2025-11-29T13:15:01
txn_003778,acct_000964,device_000448,ip_000356,token_001154,merchant_000032,26.41,USD,purchase,2025-11-29T14:05:28,2025-11-29T14:06:50
txn_002224,acct_000830,device_000077,ip_000378,token_000491,merchant_000006,171.16,USD,purchase,2025-11-29T14:33:06,2025-11-29T14:35:30
txn_001275,acct_000013,device_000498,ip_000343,token_000646,merchant_000030,28.79,USD,purchase,2025-11-29T17:41:32,2025-11-29T17:42:04
txn_002824,acct_000559,device_000161,ip_000338,token_000358,merchant_000062,61.05,USD,purchase,2025-11-30T03:21:03,2025-11-30T03:24:48
txn_002229,acct_001003,device_000218,ip_000492,token_001058,merchant_000070,37.75,USD,purchase,2025-11-30T04:56:26,2025-11-30T04:59:28
txn_001449,acct_000871,device_000077,ip_000417,token_000032,merchant_000041,13.46,USD,purchase,2025-11-30T06:33:11,2025-11-30T06:34:46
txn_001023,acct_000259,device_000247,ip_000465,token_000104,merchant_000066,140.53,USD,purchase,2025-11-30T07:57:54,2025-11-30T07:58:56
txn_001795,acct_000477,device_000230,ip_000385,token_001007,merchant_000080,62.63,USD,purchase,2025-11-30T09:32:36,2025-11-30T09:32:57
txn_002312,acct_001104,device_000131,ip_000062,token_001190,merchant_000028,77.5,USD,purchase,2025-11-30T11:49:33,2025-11-30T11:51:51
txn_001458,acct_000773,device_000212,ip_000074,token_000980,merchant_000009,54.4,USD,purchase,2025-11-30T20:40:30,2025-11-30T20:41:57
txn_002411,acct_000415,device_000378,ip_000240,token_000044,merchant_000064,-94.21,USD,refund,2025-11-30T22:48:01,2025-11-30T22:51:47
txn_002315,acct_000188,device_000116,ip_000495,token_001067,merchant_000040,58.45,USD,purchase,2025-12-01T01:46:18,2025-12-01T01:46:58
txn_002999,acct_000614,device_000238,ip_000092,token_000886,merchant_000074,132.22,USD,purchase,2025-12-01T04:03:06,2025-12-01T04:04:18
txn_000037,acct_000241,device_000243,ip_000108,token_001205,merchant_000045,72.46,USD,purchase,2025-12-01T09:33:19,2025-12-01T09:34:02
txn_003908,acct_000010,device_000005,ip_000275,token_000730,merchant_000066,31.02,USD,purchase,2025-12-01T11:00:49,2025-12-01T11:04:46
txn_001374,acct_000097,device_000380,ip_000162,token_000303,merchant_000072,19.21,USD,purchase,2025-12-01T13:13:52,2025-12-01T13:14:46
txn_004163,acct_000078,device_000019,ip_000007,token_001033,merchant_000016,29.17,USD,purchase,2025-12-01T14:54:03,2025-12-01T14:56:44
txn_000949,acct_000961,device_000160,ip_000434,token_000271,merchant_000031,33.95,USD,purchase,2025-12-01T15:31:01,2025-12-01T15:34:22
txn_003035,acct_000791,device_000056,ip_000068,token_000737,merchant_000032,15.51,USD,purchase,2025-12-01T15:51:49,2025-12-01T15:55:47
txn_003942,acct_000007,device_000008,ip_000121,token_000708,merchant_000058,117.33,USD,purchase,2025-12-01T17:20:03,2025-12-01T17:20:26
txn_003856,acct_000668,device_000113,ip_000192,token_000851,merchant_000068,4.39,USD,purchase,2025-12-01T18:44:04,2025-12-01T18:44:38
txn_003039,acct_001017,device_000040,ip_000197,token_000566,merchant_000073,58.71,USD,purchase,2025-12-01T20:18:49,2025-12-01T20:20:25
txn_003894,acct_000008,device_000003,ip_000337,token_001161,merchant_000011,26.2,USD,purchase,2025-12-02T09:07:09,2025-12-02T09:10:13
txn_001551,acct_000732,device_000092,ip_000248,token_000490,merchant_000022,27.4,USD,purchase,2025-12-02T11:55:35,2025-12-02T11:56:44
txn_003152,acct_001013,device_000508,ip_000438,token_000854,merchant_000028,260.09,USD,purchase,2025-12-02T12:58:40,2025-12-02T13:01:59
txn_000533,acct_000300,device_000437,ip_000010,token_000409,merchant_000012,5.87,USD,purchase,2025-12-02T16:19:37,2025-12-02T16:20:56
txn_003461,acct_000079,device_000318,ip_000373,token_000064,merchant_000001,429.75,USD,purchase,2025-12-02T17:05:27,2025-12-02T17:07:41
txn_002155,acct_000336,device_000530,ip_000446,token_000992,merchant_000071,3.58,USD,purchase,2025-12-02T17:22:48,2025-12-02T17:23:05
txn_000700,acct_000172,device_000098,ip_000288,token_000347,merchant_000027,190.92,USD,purchase,2025-12-02T20:46:42,2025-12-02T20:47:04
txn_002678,acct_001073,device_000179,ip_000364,token_000911,merchant_000039,44.42,USD,purchase,2025-12-02T21:12:14,2025-12-02T21:15:26
txn_003683,acct_000252,device_000425,ip_000153,token_001220,merchant_000042,1.64,USD,purchase,2025-12-02T21:35:07,2025-12-02T21:36:30
txn_003281,acct_000359,device_000398,ip_000490,token_000462,merchant_000032,143.49,USD,purchase,2025-12-03T03:44:46,2025-12-03T03:48:22
txn_003190,acct_000016,device_000164,ip_000349,token_000549,merchant_000024,3.41,USD,purchase,2025-12-03T04:53:25,2025-12-03T04:55:19
txn_002927,acct_000511,device_000102,ip_000245,token_000217,merchant_000041,4.71,USD,purchase,2025-12-03T05:33:14,2025-12-03T05:33:44
txn_003641,acct_000304,device_000284,ip_000397,token_000402,merchant_000005,22.51,USD,purchase,2025-12-03T06:50:10,2025-12-03T06:51:00
txn_003993,acct_000028,device_000557,ip_000228,token_000590,merchant_000027,16.38,USD,purchase,2025-12-03T10:29:39,2025-12-03T10:32:55
txn_002735,acct_000850,device_000045,ip_000379,token_000124,merchant_000024,20.99,USD,purchase,2025-12-03T10:32:54,2025-12-03T10:33:21
txn_001192,acct_000284,device_000200,ip_000162,token_000634,merchant_000053,92.92,USD,purchase,2025-12-03T11:00:35,2025-12-03T11:03:29
txn_003226,acct_000800,device_000124,ip_000465,token_001155,merchant_000031,22.21,USD,purchase,2025-12-03T13:06:00,2025-12-03T13:06:43
txn_004180,acct_000107,device_000372,ip_000383,token_000103,merchant_000073,42.25,USD,purchase,2025-12-03T14:02:29,2025-12-03T14:04:58
txn_002980,acct_001111,device_000234,ip_000095,token_001042,merchant_000009,10.22,USD,purchase,2025-12-03T15:15:58,2025-12-03T15:16:31
txn_000090,acct_000206,device_000109,ip_000289,token_000207,merchant_000037,27.18,USD,purchase,2025-12-03T21:27:19,2025-12-03T21:29:05
txn_001973,acct_000925,device_000342,ip_000468,token_001024,merchant_000034,6.25,USD,purchase,2025-12-04T04:57:59,2025-12-04T04:59:17
txn_002046,acct_000805,device_000196,ip_000371,token_000145,merchant_000032,21.43,USD,purchase,2025-12-04T05:12:06,2025-12-04T05:13:23
txn_001091,acct_000344,device_000176,ip_000207,token_001207,merchant_000029,42.91,USD,purchase,2025-12-04T05:27:44,2025-12-04T05:30:20
txn_001646,acct_000739,device_000445,ip_000452,token_000630,merchant_000018,7.43,USD,purchase,2025-12-04T07:30:26,2025-12-04T07:32:32
txn_001581,acct_000830,device_000297,ip_000133,token_000082,merchant_000024,28.0,USD,purchase,2025-12-04T07:43:33,2025-12-04T07:44:35
txn_003319,acct_000528,device_000044,ip_000431,token_000091,merchant_000074,11.55,USD,purchase,2025-12-04T09:20:12,2025-12-04T09:24:06
txn_000236,acct_000350,device_000344,ip_000290,token_000308,merchant_000021,7.22,USD,purchase,2025-12-04T09:58:32,2025-12-04T10:01:39
txn_003139,acct_000048,device_000439,ip_000449,token_000323,merchant_000047,25.11,USD,purchase,2025-12-04T11:02:58,2025-12-04T11:03:54
txn_003372,acct_000551,device_000561,ip_000128,token_000752,merchant_000049,13.71,USD,purchase,2025-12-04T15:45:31,2025-12-04T15:48:49
txn_003230,acct_000414,device_000132,ip_000369,token_000272,merchant_000035,35.44,USD,purchase,2025-12-04T23:33:54,2025-12-04T23:35:54
txn_003265,acct_000926,device_000337,ip_000028,token_001188,merchant_000071,19.34,USD,purchase,2025-12-05T03:22:10,2025-12-05T03:25:00
txn_001541,acct_000138,device_000313,ip_000380,token_000465,merchant_000005,7.7,USD,purchase,2025-12-05T03:39:13,2025-12-05T03:39:18
txn_003775,acct_000642,device_000017,ip_000477,token_000670,merchant_000009,24.81,USD,purchase,2025-12-05T08:29:01,2025-12-05T08:29:59
txn_003550,acct_000714,device_000268,ip_000229,token_000175,merchant_000046,6.41,USD,purchase,2025-12-05T12:12:05,2025-12-05T12:14:15
txn_003985,acct_000019,device_000516,ip_000294,token_001199,merchant_000018,30.38,USD,purchase,2025-12-05T12:21:03,2025-12-05T12:21:22
txn_003977,acct_000020,device_000516,ip_000294,token_000310,merchant_000079,9.22,USD,purchase,2025-12-05T13:14:15,2025-12-05T13:17:25
txn_000310,acct_000044,device_000299,ip_000097,token_000129,merchant_000003,25.94,USD,purchase,2025-12-05T13:42:22,2025-12-05T13:44:51
txn_003525,acct_000814,device_000010,ip_000151,token_001101,merchant_000046,3.74,USD,purchase,2025-12-05T18:39:13,2025-12-05T18:39:22
txn_000647,acct_000594,device_000258,ip_000200,token_000733,merchant_000009,3.71,USD,purchase,2025-12-05T19:45:13,2025-12-05T19:48:52
txn_003251,acct_000534,device_000310,ip_000346,token_000107,merchant_000010,72.38,USD,purchase,2025-12-05T22:03:19,2025-12-05T22:05:31
txn_003156,acct_000645,device_000539,ip_000279,token_001130,merchant_000012,7.67,USD,purchase,2025-12-05T23:53:43,2025-12-05T23:57:11
txn_000489,acct_000740,device_000409,ip_000194,token_000118,merchant_000046,17.18,USD,purchase,2025-12-06T01:40:17,2025-12-06T01:42:14
txn_000782,acct_000034,device_000580,ip_000224,token_000066,merchant_000065,358.57,USD,purchase,2025-12-06T01:42:13,2025-12-06T01:44:19
txn_000646,acct_000283,device_000069,ip_000225,token_000876,merchant_000049,52.42,USD,purchase,2025-12-06T10:03:18,2025-12-06T10:03:49
txn_001534,acct_001045,device_000560,ip_000076,token_000244,merchant_000046,51.75,USD,purchase,2025-12-06T12:51:51,2025-12-06T12:53:59
txn_001993,acct_000114,device_000276,ip_000208,token_000851,merchant_000017,20.47,USD,purchase,2025-12-06T14:25:43,2025-12-06T14:25:48
txn_001076,acct_000897,device_000240,ip_000389,token_000873,merchant_000030,54.82,USD,purchase,2025-12-06T17:06:17,2025-12-06T17:06:47
txn_001751,acct_000760,device_000063,ip_000085,token_000656,merchant_000017,44.49,USD,purchase,2025-12-06T17:36:48,2025-12-06T17:38:38
txn_000972,acct_000318,device_000038,ip_000041,token_000121,merchant_000076,21.9,USD,purchase,2025-12-06T20:54:40,2025-12-06T20:54:59
txn_003471,acct_000681,device_000517,ip_000436,token_000776,merchant_000068,42.61,USD,purchase,2025-12-06T22:35:04,2025-12-06T22:35:53
txn_004011,acct_000599,device_000178,ip_000107,token_001138,merchant_000075,6.33,USD,purchase,2025-12-06T22:44:08,2025-12-06T22:47:22
txn_003327,acct_000032,device_000324,ip_000400,token_001155,merchant_000062,16.59,USD,purchase,2025-12-07T01:29:13,2025-12-07T01:32:32
txn_000790,acct_000616,device_000235,ip_000360,token_000173,merchant_000050,8.09,USD,purchase,2025-12-07T04:22:10,2025-12-07T04:23:21
txn_002476,acct_000083,device_000254,ip_000321,token_000220,merchant_000045,23.5,USD,purchase,2025-12-07T08:23:10,2025-12-07T08:24:35
txn_000675,acct_000304,device_000507,ip_000324,token_000406,merchant_000024,22.11,USD,purchase,2025-12-07T08:41:35,2025-12-07T08:43:23
txn_002282,acct_000028,device_000260,ip_000131,token_000834,merchant_000006,26.68,USD,purchase,2025-12-07T09:02:19,2025-12-07T09:04:56
txn_002900,acct_000826,device_000419,ip_000259,token_000534,merchant_000078,5.74,USD,purchase,2025-12-07T11:00:14,2025-12-07T11:04:04
txn_003157,acct_000781,device_000353,ip_000067,token_000929,merchant_000022,15.83,USD,purchase,2025-12-07T12:31:40,2025-12-07T12:34:06
txn_003082,acct_000031,device_000161,ip_000261,token_000766,merchant_000074,9.16,USD,purchase,2025-12-07T16:15:04,2025-12-07T16:18:56
txn_003348,acct_000504,device_000342,ip_000148,token_000964,merchant_000020,7.14,USD,purchase,2025-12-07T16:31:38,2025-12-07T16:33:11
txn_003405,acct_001034,device_000113,ip_000380,token_000636,merchant_000079,27.6,USD,purchase,2025-12-07T17:38:46,2025-12-07T17:41:00
txn_001667,acct_000695,device_000256,ip_000079,token_000594,merchant_000026,1.54,USD,purchase,2025-12-07T18:14:16,2025-12-07T18:14:55
txn_002154,acct_000407,device_000282,ip_000355,token_001090,merchant_000002,12.44,USD,purchase,2025-12-07T19:40:46,2025-12-07T19:42:53
txn_002901,acct_000826,device_000419,ip_000259,token_000534,merchant_000078,-5.74,USD,refund,2025-12-07T21:00:14,2025-12-07T21:01:56
txn_003024,acct_000851,device_000182,ip_000211,token_001045,merchant_000033,34.92,USD,purchase,2025-12-07T21:22:22,2025-12-07T21:23:01
txn_000630,acct_001049,device_000383,ip_000066,token_001113,merchant_000073,4.98,USD,purchase,2025-12-07T21:44:16,2025-12-07T21:45:57
txn_000688,acct_000481,device_000358,ip_000248,token_001087,merchant_000024,15.01,USD,purchase,2025-12-07T22:31:28,2025-12-07T22:32:43
txn_000224,acct_001027,device_000283,ip_000416,token_000127,merchant_000033,73.29,USD,purchase,2025-12-08T05:51:56,2025-12-08T05:53:24
txn_003637,acct_000326,device_000090,ip_000271,token_000576,merchant_000048,29.59,USD,purchase,2025-12-08T09:03:29,2025-12-08T09:05:54
txn_003868,acct_000926,device_000055,ip_000494,token_001007,merchant_000029,6.82,USD,purchase,2025-12-08T09:28:18,2025-12-08T09:30:15
txn_000829,acct_000197,device_000319,ip_000182,token_000364,merchant_000056,14.66,USD,purchase,2025-12-08T09:28:31,2025-12-08T09:29:38
txn_001774,acct_001078,device_000367,ip_000013,token_000180,merchant_000051,104.16,USD,purchase,2025-12-08T09:47:08,2025-12-08T09:49:06
txn_003835,acct_000183,device_000027,ip_000227,token_000797,merchant_000050,18.82,USD,purchase,2025-12-08T10:15:40,2025-12-08T10:19:39
txn_003862,acct_000216,device_000519,ip_000188,token_000611,merchant_000014,18.44,USD,purchase,2025-12-08T12:58:34,2025-12-08T13:02:15
txn_003847,acct_000898,device_000010,ip_000170,token_000063,merchant_000042,21.87,USD,purchase,2025-12-08T14:02:58,2025-12-08T14:03:43
txn_002548,acct_000433,device_000325,ip_000038,token_000928,merchant_000074,31.48,USD,purchase,2025-12-08T15:21:02,2025-12-08T15:22:59
txn_003873,acct_000005,device_000003,ip_000037,token_000556,merchant_000074,46.22,USD,purchase,2025-12-08T17:23:35,2025-12-08T17:24:33
txn_003931,acct_000011,device_000008,ip_000478,token_000534,merchant_000005,270.07,USD,purchase,2025-12-08T18:19:04,2025-12-08T18:21:49
txn_001147,acct_000284,device_000165,ip_000389,token_000247,merchant_000058,111.45,USD,purchase,2025-12-08T19:50:50,2025-12-08T19:53:59
txn_001034,acct_000364,device_000561,ip_000486,token_000971,merchant_000064,131.48,USD,purchase,2025-12-08T22:25:33,2025-12-08T22:27:10
txn_002815,acct_000638,device_000458,ip_000386,token_000973,merchant_000008,11.73,USD,purchase,2025-12-08T22:28:55,2025-12-08T22:32:00
txn_003027,acct_000937,device_000357,ip_000388,token_000228,merchant_000069,140.35,USD,purchase,2025-12-08T23:34:44,2025-12-08T23:35:30
txn_000127,acct_000263,device_000107,ip_000199,token_000660,merchant_000065,124.3,USD,purchase,2025-12-09T07:09:19,2025-12-09T07:09:54
txn_000894,acct_000015,device_000358,ip_000360,token_000166,merchant_000075,2.11,USD,purchase,2025-12-09T09:32:42,2025-12-09T09:33:25
txn_003939,acct_000011,device_000008,ip_000240,token_000117,merchant_000015,34.23,USD,purchase,2025-12-09T10:46:45,2025-12-09T10:49:08
txn_001821,acct_000014,device_000542,ip_000191,token_000166,merchant_000015,210.94,USD,purchase,2025-12-09T14:15:24,2025-12-09T14:18:04
txn_002621,acct_000189,device_000384,ip_000204,token_000402,merchant_000033,42.24,USD,purchase,2025-12-09T15:03:42,2025-12-09T15:07:26
txn_002958,acct_000642,device_000316,ip_000016,token_000901,merchant_000063,31.28,USD,purchase,2025-12-09T15:55:46,2025-12-09T15:59:41
txn_001417,acct_000501,device_000457,ip_000043,token_000197,merchant_000067,42.72,USD,purchase,2025-12-09T16:22:55,2025-12-09T16:25:53
txn_000461,acct_000090,device_000246,ip_000454,token_000324,merchant_000036,34.51,USD,purchase,2025-12-09T18:00:59,2025-12-09T18:04:54
txn_000755,acct_000790,device_000073,ip_000401,token_000855,merchant_000034,39.0,USD,purchase,2025-12-10T01:29:03,2025-12-10T01:32:22
txn_003998,acct_000014,device_000313,ip_000379,token_000590,merchant_000020,19.54,USD,purchase,2025-12-10T03:22:52,2025-12-10T03:24:37
txn_002908,acct_001017,device_000019,ip_000203,token_000279,merchant_000079,25.69,USD,purchase,2025-12-10T10:02:20,2025-12-10T10:04:57
txn_003747,acct_000066,device_000221,ip_000208,token_000516,merchant_000024,9.49,USD,purchase,2025-12-10T11:42:26,2025-12-10T11:43:30
txn_003953,acct_000760,device_000117,ip_000107,token_000293,merchant_000018,25.68,USD,purchase,2025-12-10T12:32:20,2025-12-10T12:34:47
txn_004082,acct_000045,device_000385,ip_000071,token_000396,merchant_000049,0.81,USD,purchase,2025-12-10T16:15:23,2025-12-10T16:15:31
txn_004083,acct_000045,device_000385,ip_000071,token_000427,merchant_000061,1.85,USD,purchase,2025-12-10T16:15:28,2025-12-10T16:16:53
txn_004086,acct_000045,device_000385,ip_000071,token_000696,merchant_000006,0.64,USD,purchase,2025-12-10T16:15:39,2025-12-10T16:19:11
txn_004084,acct_000045,device_000385,ip_000071,token_000604,merchant_000029,1.41,USD,purchase,2025-12-10T16:15:49,2025-12-10T16:19:48
txn_004085,acct_000045,device_000385,ip_000071,token_001159,merchant_000054,1.05,USD,purchase,2025-12-10T16:16:23,2025-12-10T16:18:45
txn_004088,acct_000045,device_000385,ip_000071,token_000433,merchant_000075,2.1,USD,purchase,2025-12-10T16:16:29,2025-12-10T16:19:17
txn_004087,acct_000045,device_000385,ip_000071,token_000835,merchant_000002,1.43,USD,purchase,2025-12-10T16:16:38,2025-12-10T16:18:50
txn_003076,acct_000510,device_000040,ip_000028,token_000197,merchant_000061,25.76,USD,purchase,2025-12-10T17:35:39,2025-12-10T17:37:22
txn_003439,acct_000537,device_000449,ip_000018,token_000680,merchant_000033,2.81,USD,purchase,2025-12-10T20:53:49,2025-12-10T20:56:48
txn_002519,acct_001103,device_000059,ip_000407,token_000889,merchant_000001,630.39,USD,purchase,2025-12-11T02:01:11,2025-12-11T02:03:11
txn_001243,acct_000268,device_000516,ip_000048,token_000856,merchant_000043,7.81,USD,purchase,2025-12-11T05:14:57,2025-12-11T05:15:48
txn_003125,acct_000523,device_000160,ip_000254,token_001147,merchant_000073,31.7,USD,purchase,2025-12-11T08:01:14,2025-12-11T08:04:10
txn_001587,acct_000448,device_000209,ip_000481,token_000155,merchant_000054,101.57,USD,purchase,2025-12-11T08:40:08,2025-12-11T08:40:17
txn_003208,acct_000002,device_000262,ip_000151,token_000897,merchant_000014,39.68,USD,purchase,2025-12-11T11:10:26,2025-12-11T11:10:59
txn_002373,acct_000475,device_000229,ip_000201,token_001139,merchant_000050,38.57,USD,purchase,2025-12-11T12:59:42,2025-12-11T13:00:00
txn_001827,acct_000813,device_000545,ip_000378,token_000864,merchant_000027,72.37,USD,purchase,2025-12-11T13:04:17,2025-12-11T13:04:24
txn_002447,acct_000736,device_000413,ip_000425,token_001093,merchant_000022,84.32,USD,purchase,2025-12-11T13:24:33,2025-12-11T13:26:53
txn_003969,acct_000019,device_000066,ip_000381,token_000244,merchant_000041,55.08,USD,purchase,2025-12-11T15:47:40,2025-12-11T15:47:51
txn_000402,acct_000421,device_000558,ip_000320,token_000906,merchant_000045,131.02,USD,purchase,2025-12-11T17:43:46,2025-12-11T17:47:05
txn_000607,acct_000246,device_000130,ip_000164,token_000304,merchant_000075,53.45,USD,purchase,2025-12-11T18:52:51,2025-12-11T18:55:05
txn_002725,acct_001105,device_000169,ip_000163,token_001104,merchant_000068,69.94,USD,purchase,2025-12-11T19:03:14,2025-12-11T19:04:21
txn_003657,acct_000713,device_000390,ip_000434,token_000703,merchant_000031,152.3,USD,purchase,2025-12-11T20:37:02,2025-12-11T20:37:50
txn_002808,acct_000875,device_000480,ip_000439,token_001174,merchant_000007,16.52,USD,purchase,2025-12-12T00:49:12,2025-12-12T00:52:23
txn_003127,acct_000312,device_000285,ip_000084,token_000005,merchant_000053,94.24,USD,purchase,2025-12-12T02:07:45,2025-12-12T02:09:58
txn_002515,acct_000467,device_000108,ip_000067,token_000976,merchant_000025,63.19,USD,purchase,2025-12-12T06:54:12,2025-12-12T06:54:26
txn_000738,acct_000249,device_000502,ip_000236,token_000752,merchant_000007,33.02,USD,purchase,2025-12-12T07:37:37,2025-12-12T07:39:26
txn_001301,acct_000314,device_000092,ip_000332,token_000998,merchant_000057,11.52,USD,purchase,2025-12-12T08:35:01,2025-12-12T08:35:50
txn_002794,acct_000850,device_000583,ip_000156,token_000857,merchant_000003,3.73,USD,purchase,2025-12-12T12:40:57,2025-12-12T12:41:39
txn_003465,acct_000815,device_000026,ip_000462,token_001168,merchant_000004,51.07,USD,purchase,2025-12-12T14:02:08,2025-12-12T14:05:39
txn_000267,acct_000573,device_000477,ip_000265,token_000161,merchant_000067,32.3,USD,purchase,2025-12-12T14:36:48,2025-12-12T14:39:30
txn_002959,acct_000642,device_000316,ip_000016,token_000901,merchant_000063,-31.28,USD,refund,2025-12-12T15:55:46,2025-12-12T15:59:14
txn_001286,acct_000634,device_000092,ip_000215,token_000413,merchant_000050,9.68,USD,purchase,2025-12-12T20:18:27,2025-12-12T20:18:36
txn_002169,acct_001078,device_000318,ip_000090,token_001100,merchant_000065,2.97,USD,purchase,2025-12-12T20:37:59,2025-12-12T20:40:16
txn_003779,acct_000021,device_000120,ip_000477,token_000891,merchant_000067,56.39,USD,purchase,2025-12-12T23:39:42,2025-12-12T23:43:29
txn_002031,acct_000582,device_000562,ip_000105,token_000844,merchant_000060,6.71,USD,purchase,2025-12-13T07:14:05,2025-12-13T07:15:13
txn_001778,acct_000596,device_000128,ip_000396,token_000903,merchant_000014,97.31,USD,purchase,2025-12-13T09:29:54,2025-12-13T09:31:58
txn_001588,acct_000448,device_000209,ip_000481,token_000155,merchant_000054,-101.57,USD,refund,2025-12-13T17:40:08,2025-12-13T17:40:09
txn_002699,acct_000262,device_000324,ip_000140,token_001015,merchant_000066,17.41,USD,purchase,2025-12-14T10:08:51,2025-12-14T10:08:55
txn_003466,acct_000614,device_000373,ip_000324,token_000401,merchant_000035,31.71,USD,purchase,2025-12-14T12:41:41,2025-12-14T12:41:57
txn_000947,acct_000361,device_000296,ip_000281,token_000964,merchant_000055,3.29,USD,purchase,2025-12-14T13:16:39,2025-12-14T13:18:56
txn_000577,acct_000532,device_000189,ip_000426,token_000111,merchant_000012,77.63,USD,purchase,2025-12-14T13:35:59,2025-12-14T13:39:12
txn_001539,acct_001076,device_000177,ip_000026,token_001072,merchant_000033,32.16,USD,purchase,2025-12-14T15:59:17,2025-12-14T16:00:41
txn_001807,acct_000050,device_000293,ip_000322,token_000530,merchant_000025,11.03,USD,purchase,2025-12-14T16:48:07,2025-12-14T16:49:59
txn_000995,acct_000609,device_000566,ip_000337,token_000610,merchant_000013,1.77,USD,purchase,2025-12-14T17:02:29,2025-12-14T17:03:49
txn_003065,acct_001078,device_000541,ip_000255,token_000048,merchant_000037,11.72,USD,purchase,2025-12-14T17:07:06,2025-12-14T17:09:49
txn_003707,acct_000474,device_000332,ip_000487,token_000442,merchant_000045,52.53,USD,purchase,2025-12-14T23:45:31,2025-12-14T23:48:01
txn_000394,acct_000728,device_000048,ip_000395,token_001141,merchant_000035,2.93,USD,purchase,2025-12-15T02:17:11,2025-12-15T02:19:23
txn_000493,acct_000618,device_000562,ip_000448,token_000957,merchant_000022,21.88,USD,purchase,2025-12-15T03:08:00,2025-12-15T03:10:50
txn_003068,acct_000903,device_000534,ip_000141,token_000822,merchant_000033,21.02,USD,purchase,2025-12-15T07:31:17,2025-12-15T07:32:56
txn_001949,acct_000702,device_000186,ip_000486,token_000851,merchant_000031,238.97,USD,purchase,2025-12-15T07:57:47,2025-12-15T07:58:55
txn_001670,acct_000460,device_000513,ip_000043,token_000208,merchant_000051,114.87,USD,purchase,2025-12-15T08:03:38,2025-12-15T08:06:36
txn_003442,acct_000362,device_000288,ip_000032,token_000320,merchant_000079,12.8,USD,purchase,2025-12-15T08:38:12,2025-12-15T08:40:27
txn_004182,acct_000110,device_000279,ip_000178,token_000014,merchant_000042,43.86,USD,purchase,2025-12-15T08:43:00,2025-12-15T08:45:46
txn_002537,acct_000420,device_000225,ip_000296,token_001199,merchant_000068,4.81,USD,purchase,2025-12-15T09:08:43,2025-12-15T09:08:50
txn_003974,acct_000030,device_000066,ip_000381,token_000758,merchant_000061,11.5,USD,purchase,2025-12-15T12:08:42,2025-12-15T12:12:22
txn_003456,acct_000859,device_000308,ip_000343,token_000639,merchant_000040,82.61,USD,purchase,2025-12-15T15:42:06,2025-12-15T15:42:14
txn_001931,acct_000718,device_000389,ip_000400,token_000654,merchant_000075,7.43,USD,purchase,2025-12-15T16:56:44,2025-12-15T16:57:52
txn_003895,acct_000010,device_000005,ip_000477,token_000145,merchant_000001,7.71,USD,purchase,2025-12-15T18:56:16,2025-12-15T18:57:09
txn_003676,acct_000887,device_000457,ip_000075,token_000223,merchant_000009,12.59,USD,purchase,2025-12-15T20:13:48,2025-12-15T20:17:17
txn_001331,acct_000669,device_000184,ip_000139,token_000501,merchant_000068,4.38,USD,purchase,2025-12-16T04:38:01,2025-12-16T04:42:01
txn_000621,acct_000774,device_000111,ip_000495,token_000561,merchant_000070,57.99,USD,purchase,2025-12-16T05:21:02,2025-12-16T05:24:56
txn_002459,acct_000736,device_000285,ip_000384,token_000351,merchant_000021,17.02,USD,purchase,2025-12-16T14:42:09,2025-12-16T14:42:35
txn_000657,acct_001109,device_000516,ip_000054,token_000111,merchant_000045,0.82,USD,purchase,2025-12-16T16:34:22,2025-12-16T16:36:27
txn_000725,acct_000662,device_000382,ip_000289,token_000774,merchant_000076,159.14,USD,purchase,2025-12-17T00:29:27,2025-12-17T00:29:30
txn_003293,acct_000510,device_000292,ip_000250,token_000297,merchant_000038,37.31,USD,purchase,2025-12-17T08:15:44,2025-12-17T08:17:33
txn_002269,acct_000838,device_000515,ip_000365,token_000144,merchant_000073,32.25,USD,purchase,2025-12-17T16:01:06,2025-12-17T16:04:39
txn_003069,acct_000876,device_000352,ip_000324,token_000257,merchant_000041,3.25,USD,purchase,2025-12-17T16:11:10,2025-12-17T16:11:49
txn_001244,acct_000902,device_000468,ip_000236,token_000729,merchant_000051,36.98,USD,purchase,2025-12-17T17:26:24,2025-12-17T17:27:22
txn_004175,acct_000080,device_000017,ip_000002,token_000483,merchant_000009,29.19,USD,purchase,2025-12-17T19:22:41,2025-12-17T19:24:26
txn_000222,acct_000792,device_000237,ip_000195,token_001042,merchant_000013,1.8,USD,purchase,2025-12-18T00:41:53,2025-12-18T00:44:10
txn_002760,acct_000703,device_000482,ip_000106,token_000823,merchant_000070,117.89,USD,purchase,2025-12-18T01:18:58,2025-12-18T01:22:55
txn_003418,acct_000622,device_000262,ip_000115,token_000460,merchant_000057,2.69,USD,purchase,2025-12-18T01:51:51,2025-12-18T01:54:37
txn_002193,acct_000980,device_000259,ip_000046,token_000280,merchant_000031,9.62,USD,purchase,2025-12-18T04:06:17,2025-12-18T04:06:20
txn_001368,acct_001107,device_000420,ip_000340,token_001070,merchant_000038,7.79,USD,purchase,2025-12-18T07:30:09,2025-12-18T07:31:49
txn_002896,acct_001109,device_000516,ip_000327,token_000127,merchant_000066,19.71,USD,purchase,2025-12-18T08:45:59,2025-12-18T08:46:38
txn_002136,acct_000939,device_000055,ip_000223,token_000177,merchant_000019,37.84,USD,purchase,2025-12-18T10:06:37,2025-12-18T10:08:34
txn_003434,acct_000318,device_000336,ip_000212,token_001047,merchant_000026,65.56,USD,purchase,2025-12-18T10:30:50,2025-12-18T10:33:24
txn_000249,acct_000190,device_000455,ip_000260,token_000052,merchant_000062,24.54,USD,purchase,2025-12-18T10:47:57,2025-12-18T10:51:54
txn_003730,acct_000363,device_000109,ip_000389,token_000261,merchant_000043,11.95,USD,purchase,2025-12-18T15:50:12,2025-12-18T15:52:18
txn_000717,acct_000398,device_000018,ip_000171,token_000649,merchant_000022,18.99,USD,purchase,2025-12-18T17:57:59,2025-12-18T18:00:50
txn_002443,acct_000345,device_000423,ip_000165,token_000316,merchant_000001,10.44,USD,purchase,2025-12-18T18:20:21,2025-12-18T18:23:23
txn_002135,acct_000954,device_000257,ip_000241,token_001014,merchant_000071,26.3,USD,purchase,2025-12-18T21:50:19,2025-12-18T21:50:20
txn_001913,acct_001096,device_000191,ip_000447,token_000326,merchant_000068,6.27,USD,purchase,2025-12-18T22:42:20,2025-12-18T22:42:21
txn_000922,acct_000733,device_000487,ip_000206,token_001039,merchant_000032,11.76,USD,purchase,2025-12-19T02:16:32,2025-12-19T02:19:21
txn_002274,acct_000303,device_000209,ip_000363,token_000334,merchant_000072,157.51,USD,purchase,2025-12-19T07:27:29,2025-12-19T07:31:29
txn_000976,acct_000492,device_000526,ip_000310,token_001015,merchant_000036,12.36,USD,purchase,2025-12-19T08:42:47,2025-12-19T08:42:57
txn_003352,acct_000708,device_000369,ip_000251,token_000428,merchant_000026,26.74,USD,purchase,2025-12-19T09:57:05,2025-12-19T10:00:14
txn_001252,acct_000201,device_000418,ip_000076,token_000492,merchant_000040,44.67,USD,purchase,2025-12-19T09:57:09,2025-12-19T09:58:17
txn_004108,acct_000054,device_000393,ip_000188,token_001024,merchant_000014,1.83,USD,purchase,2025-12-19T10:08:43,2025-12-19T10:12:19
txn_004109,acct_000054,device_000393,ip_000188,token_000546,merchant_000005,1.95,USD,purchase,2025-12-19T10:08:53,2025-12-19T10:09:21
txn_004111,acct_000054,device_000393,ip_000188,token_000242,merchant_000005,1.97,USD,purchase,2025-12-19T10:09:04,2025-12-19T10:12:51
txn_004110,acct_000054,device_000393,ip_000188,token_000648,merchant_000054,2.88,USD,purchase,2025-12-19T10:09:19,2025-12-19T10:12:50
txn_004113,acct_000054,device_000393,ip_000188,token_000777,merchant_000027,2.94,USD,purchase,2025-12-19T10:09:23,2025-12-19T10:10:15
txn_004116,acct_000054,device_000393,ip_000188,token_000618,merchant_000060,2.51,USD,purchase,2025-12-19T10:09:23,2025-12-19T10:09:27
txn_004114,acct_000054,device_000393,ip_000188,token_000624,merchant_000025,1.55,USD,purchase,2025-12-19T10:09:31,2025-12-19T10:11:40
txn_004118,acct_000054,device_000393,ip_000188,token_000720,merchant_000006,0.5,USD,purchase,2025-12-19T10:09:43,2025-12-19T10:12:27
txn_004112,acct_000054,device_000393,ip_000188,token_000984,merchant_000021,2.43,USD,purchase,2025-12-19T10:09:47,2025-12-19T10:11:44
txn_004117,acct_000054,device_000393,ip_000188,token_000731,merchant_000038,0.7,USD,purchase,2025-12-19T10:10:22,2025-12-19T10:13:43
txn_004115,acct_000054,device_000393,ip_000188,token_001140,merchant_000079,1.62,USD,purchase,2025-12-19T10:10:49,2025-12-19T10:12:38
txn_002721,acct_001076,device_000400,ip_000396,token_000330,merchant_000066,44.38,USD,purchase,2025-12-20T03:03:08,2025-12-20T03:05:07
txn_001022,acct_001093,device_000116,ip_000287,token_000982,merchant_000051,65.51,USD,purchase,2025-12-20T03:35:51,2025-12-20T03:39:21
txn_000955,acct_000606,device_000384,ip_000028,token_000718,merchant_000060,13.23,USD,purchase,2025-12-20T04:08:53,2025-12-20T04:10:44
txn_001809,acct_000260,device_000400,ip_000463,token_000696,merchant_000009,12.99,USD,purchase,2025-12-20T07:02:12,2025-12-20T07:04:23
txn_000661,acct_000625,device_000033,ip_000278,token_000713,merchant_000004,167.47,USD,purchase,2025-12-20T10:19:05,2025-12-20T10:23:02
txn_002249,acct_000438,device_000039,ip_000114,token_000936,merchant_000079,255.7,USD,purchase,2025-12-20T11:28:39,2025-12-20T11:31:33
txn_001649,acct_000818,device_000493,ip_000073,token_000370,merchant_000069,28.75,USD,purchase,2025-12-20T15:27:12,2025-12-20T15:28:29
txn_001733,acct_001011,device_000473,ip_000282,token_000013,merchant_000037,13.78,USD,purchase,2025-12-20T16:24:43,2025-12-20T16:27:09
txn_001369,acct_000938,device_000380,ip_000225,token_000350,merchant_000072,73.38,USD,purchase,2025-12-20T17:37:53,2025-12-20T17:40:55
txn_001967,acct_000167,device_000312,ip_000025,token_000182,merchant_000020,27.12,USD,purchase,2025-12-20T18:02:12,2025-12-20T18:04:39
txn_000986,acct_000388,device_000559,ip_000484,token_000513,merchant_000003,44.96,USD,purchase,2025-12-20T18:23:20,2025-12-20T18:23:37
txn_003759,acct_000534,device_000429,ip_000148,token_000421,merchant_000003,24.85,USD,purchase,2025-12-20T19:18:01,2025-12-20T19:18:40
txn_002737,acct_000156,device_000441,ip_000179,token_000115,merchant_000023,36.9,USD,purchase,2025-12-20T20:46:06,2025-12-20T20:47:01
txn_002368,acct_000043,device_000385,ip_000155,token_000254,merchant_000020,45.36,USD,purchase,2025-12-20T21:37:12,2025-12-20T21:37:50
txn_000456,acct_001001,device_000028,ip_000096,token_000408,merchant_000009,83.09,USD,purchase,2025-12-20T22:21:14,2025-12-20T22:22:14
txn_003426,acct_000156,device_000368,ip_000032,token_001056,merchant_000029,13.23,USD,purchase,2025-12-21T04:42:53,2025-12-21T04:43:39
txn_001319,acct_001020,device_000486,ip_000164,token_000350,merchant_000021,17.9,USD,purchase,2025-12-21T04:54:30,2025-12-21T04:56:18
txn_000578,acct_001097,device_000165,ip_000495,token_000895,merchant_000046,44.52,USD,purchase,2025-12-21T10:01:41,2025-12-21T10:01:44
txn_000592,acct_000370,device_000096,ip_000040,token_001013,merchant_000047,69.96,USD,purchase,2025-12-21T11:09:31,2025-12-21T11:11:37
txn_003964,acct_000016,device_000066,ip_000381,token_000767,merchant_000057,114.22,USD,purchase,2025-12-21T11:38:53,2025-12-21T11:41:21
txn_002906,acct_000594,device_000407,ip_000020,token_000290,merchant_000053,23.83,USD,purchase,2025-12-21T12:22:15,2025-12-21T12:22:49
txn_003284,acct_000930,device_000426,ip_000461,token_000879,merchant_000030,18.66,USD,purchase,2025-12-21T12:27:55,2025-12-21T12:28:34
txn_003497,acct_000930,device_000132,ip_000123,token_001194,merchant_000008,12.84,USD,purchase,2025-12-21T18:28:38,2025-12-21T18:31:24
txn_000419,acct_000135,device_000496,ip_000015,token_000835,merchant_000030,66.49,USD,purchase,2025-12-21T20:37:42,2025-12-21T20:40:13
txn_001968,acct_000167,device_000312,ip_000025,token_000182,merchant_000020,-27.12,USD,refund,2025-12-21T23:02:12,2025-12-21T23:03:39
txn_000979,acct_000129,device_000486,ip_000425,token_000855,merchant_000060,133.53,USD,purchase,2025-12-22T00:04:40,2025-12-22T00:08:37
txn_000610,acct_000930,device_000158,ip_000435,token_001034,merchant_000014,16.54,USD,purchase,2025-12-22T00:15:54,2025-12-22T00:18:33
txn_000816,acct_001103,device_000234,ip_000163,token_000627,merchant_000013,78.38,USD,purchase,2025-12-22T00:41:39,2025-12-22T00:43:00
txn_000005,acct_001019,device_000478,ip_000051,token_000962,merchant_000041,10.86,USD,purchase,2025-12-22T02:10:40,2025-12-22T02:10:52
txn_002327,acct_000961,device_000107,ip_000341,token_000746,merchant_000047,60.3,USD,purchase,2025-12-22T08:28:07,2025-12-22T08:28:48
txn_000170,acct_000141,device_000093,ip_000282,token_000583,merchant_000072,31.18,USD,purchase,2025-12-22T08:30:06,2025-12-22T08:33:35
txn_002301,acct_000904,device_000407,ip_000243,token_000892,merchant_000049,19.31,USD,purchase,2025-12-22T09:10:46,2025-12-22T09:11:19
txn_002902,acct_000031,device_000350,ip_000125,token_000620,merchant_000006,4.35,USD,purchase,2025-12-22T09:42:49,2025-12-22T09:43:46
txn_003984,acct_000021,device_000530,ip_000370,token_000310,merchant_000018,16.34,USD,purchase,2025-12-22T11:01:32,2025-12-22T11:03:56
txn_001544,acct_000535,device_000573,ip_000464,token_000821,merchant_000017,95.39,USD,purchase,2025-12-22T11:54:04,2025-12-22T11:57:34
txn_000137,acct_000500,device_000041,ip_000350,token_000658,merchant_000049,46.08,USD,purchase,2025-12-22T17:06:32,2025-12-22T17:07:38
txn_004017,acct_000599,device_000489,ip_000136,token_000597,merchant_000041,7.24,USD,purchase,2025-12-22T18:24:02,2025-12-22T18:24:36
txn_002881,acct_000338,device_000312,ip_000186,token_000667,merchant_000066,59.89,USD,purchase,2025-12-22T20:34:34,2025-12-22T20:36:49
txn_002700,acct_000957,device_000014,ip_000021,token_000053,merchant_000010,28.78,USD,purchase,2025-12-22T21:08:24,2025-12-22T21:12:12
txn_002025,acct_000087,device_000039,ip_000056,token_000091,merchant_000011,4.69,USD,purchase,2025-12-22T22:01:56,2025-12-22T22:05:04
txn_004018,acct_000027,device_000515,ip_000372,token_000824,merchant_000016,28.37,USD,purchase,2025-12-23T00:48:16,2025-12-23T00:51:17
txn_002086,acct_001003,device_000480,ip_000395,token_000466,merchant_000059,49.2,USD,purchase,2025-12-23T02:35:56,2025-12-23T02:39:29
txn_003342,acct_000712,device_000327,ip_000429,token_001024,merchant_000010,7.25,USD,purchase,2025-12-23T03:38:56,2025-12-23T03:39:42
txn_000226,acct_001073,device_000139,ip_000221,token_000298,merchant_000073,30.62,USD,purchase,2025-12-23T04:06:16,2025-12-23T04:07:04
txn_001685,acct_000147,device_000245,ip_000284,token_000164,merchant_000005,35.54,USD,purchase,2025-12-23T12:06:24,2025-12-23T12:06:53
txn_002226,acct_001008,device_000569,ip_000064,token_000427,merchant_000007,13.03,USD,purchase,2025-12-23T15:12:48,2025-12-23T15:15:51
txn_001582,acct_000383,device_000265,ip_000085,token_000900,merchant_000061,2.45,USD,purchase,2025-12-23T16:32:20,2025-12-23T16:36:03
txn_002680,acct_000285,device_000069,ip_000288,token_000686,merchant_000026,56.87,USD,purchase,2025-12-23T16:50:25,2025-12-23T16:50:42
txn_001351,acct_000763,device_000126,ip_000025,token_000473,merchant_000035,7.58,USD,purchase,2025-12-23T21:05:08,2025-12-23T21:05:20
txn_000012,acct_000889,device_000340,ip_000290,token_000196,merchant_000068,23.37,USD,purchase,2025-12-23T23:07:10,2025-12-23T23:07:30
txn_000851,acct_001005,device_000257,ip_000177,token_000932,merchant_000062,97.33,USD,purchase,2025-12-24T01:40:34,2025-12-24T01:44:20
txn_002158,acct_000371,device_000434,ip_000229,token_000877,merchant_000080,24.99,USD,purchase,2025-12-24T02:12:05,2025-12-24T02:14:02
txn_000047,acct_000337,device_000451,ip_000180,token_000437,merchant_000020,14.42,USD,purchase,2025-12-24T06:02:04,2025-12-24T06:05:45
txn_002837,acct_000076,device_000486,ip_000046,token_000374,merchant_000076,40.75,USD,purchase,2025-12-24T06:24:08,2025-12-24T06:26:42
txn_000626,acct_000866,device_000409,ip_000463,token_000201,merchant_000034,14.27,USD,purchase,2025-12-24T08:49:51,2025-12-24T08:52:16
txn_002406,acct_000699,device_000174,ip_000283,token_000459,merchant_000028,40.82,USD,purchase,2025-12-24T10:59:22,2025-12-24T11:02:07
txn_002668,acct_000819,device_000502,ip_000352,token_001029,merchant_000044,7.4,USD,purchase,2025-12-24T10:59:36,2025-12-24T10:59:50
txn_002540,acct_000759,device_000451,ip_000335,token_000821,merchant_000063,124.92,USD,purchase,2025-12-24T12:50:54,2025-12-24T12:52:50
txn_003569,acct_000953,device_000021,ip_000103,token_000755,merchant_000033,21.84,USD,purchase,2025-12-24T15:26:36,2025-12-24T15:30:05
txn_003041,acct_000386,device_000005,ip_000352,token_000098,merchant_000042,31.8,USD,purchase,2025-12-24T17:34:30,2025-12-24T17:38:09
txn_000819,acct_000697,device_000546,ip_000182,token_000813,merchant_000018,6.07,USD,purchase,2025-12-24T18:44:59,2025-12-24T18:48:08
txn_001953,acct_001091,device_000351,ip_000044,token_000438,merchant_000049,20.24,USD,purchase,2025-12-24T19:45:25,2025-12-24T19:45:30
txn_002318,acct_000151,device_000253,ip_000256,token_001176,merchant_000026,3.76,USD,purchase,2025-12-24T20:02:02,2025-12-24T20:03:43
txn_000714,acct_000193,device_000378,ip_000469,token_000520,merchant_000065,53.27,USD,purchase,2025-12-24T21:35:55,2025-12-24T21:37:37
txn_000409,acct_000067,device_000161,ip_000484,token_001145,merchant_000048,20.16,USD,purchase,2025-12-24T22:50:31,2025-12-24T22:52:58
txn_000245,acct_000060,device_000180,ip_000100,token_000677,merchant_000044,119.47,USD,purchase,2025-12-25T04:16:13,2025-12-25T04:18:17
txn_000596,acct_000957,device_000508,ip_000224,token_001050,merchant_000052,12.18,USD,purchase,2025-12-25T04:54:26,2025-12-25T04:57:22
txn_002176,acct_000260,device_000175,ip_000282,token_000706,merchant_000058,75.89,USD,purchase,2025-12-25T08:56:28,2025-12-25T08:57:10
txn_001271,acct_000375,device_000092,ip_000494,token_001010,merchant_000056,41.7,USD,purchase,2025-12-25T11:22:59,2025-12-25T11:26:40
txn_000500,acct_000313,device_000216,ip_000435,token_000461,merchant_000007,56.82,USD,purchase,2025-12-25T12:27:17,2025-12-25T12:29:22
txn_001951,acct_000661,device_000163,ip_000413,token_000774,merchant_000011,5.77,USD,purchase,2025-12-25T13:31:37,2025-12-25T13:34:22
txn_001617,acct_000438,device_000089,ip_000191,token_000189,merchant_000068,21.8,USD,purchase,2025-12-25T13:59:36,2025-12-25T14:00:52
txn_002370,acct_000724,device_000365,ip_000319,token_000689,merchant_000047,21.1,USD,purchase,2025-12-25T16:52:30,2025-12-25T16:53:02
txn_003715,acct_000593,device_000330,ip_000489,token_000555,merchant_000040,22.3,USD,purchase,2025-12-25T17:54:16,2025-12-25T17:55:43
txn_003956,acct_000019,device_000008,ip_000339,token_000660,merchant_000007,56.19,USD,purchase,2025-12-25T20:17:23,2025-12-25T20:18:39
txn_001899,acct_000829,device_000549,ip_000073,token_000855,merchant_000065,2.57,USD,purchase,2025-12-26T06:08:22,2025-12-26T06:11:05
txn_001122,acct_001084,device_000449,ip_000478,token_000510,merchant_000026,57.89,USD,purchase,2025-12-26T10:07:35,2025-12-26T10:07:45
txn_002633,acct_001048,device_000233,ip_000328,token_000274,merchant_000015,6.14,USD,purchase,2025-12-26T10:18:55,2025-12-26T10:22:43
txn_000982,acct_001094,device_000566,ip_000148,token_000238,merchant_000031,12.05,USD,purchase,2025-12-26T11:29:20,2025-12-26T11:30:12
txn_002436,acct_000566,device_000395,ip_000197,token_000128,merchant_000080,23.22,USD,purchase,2025-12-26T14:10:57,2025-12-26T14:13:47
txn_002033,acct_000749,device_000412,ip_000107,token_000622,merchant_000032,63.6,USD,purchase,2025-12-26T16:08:29,2025-12-26T16:12:24
txn_000583,acct_001111,device_000437,ip_000268,token_000688,merchant_000015,8.41,USD,purchase,2025-12-26T18:11:49,2025-12-26T18:12:35
txn_003799,acct_000102,device_000493,ip_000233,token_000561,merchant_000080,39.38,USD,purchase,2025-12-26T18:39:30,2025-12-26T18:40:43
txn_003389,acct_000628,device_000329,ip_000417,token_000363,merchant_000039,3.75,USD,purchase,2025-12-26T18:43:22,2025-12-26T18:46:27
txn_002505,acct_000542,device_000584,ip_000213,token_000538,merchant_000044,101.9,USD,purchase,2025-12-26T19:11:46,2025-12-26T19:14:58
txn_003015,acct_000686,device_000277,ip_000434,token_001216,merchant_000055,19.67,USD,purchase,2025-12-26T19:57:53,2025-12-26T20:00:40
txn_001618,acct_000849,device_000562,ip_000304,token_000048,merchant_000054,11.52,USD,purchase,2025-12-27T08:11:55,2025-12-27T08:15:01
txn_003780,acct_000166,device_000357,ip_000188,token_001085,merchant_000045,64.55,USD,purchase,2025-12-27T09:02:44,2025-12-27T09:06:33
txn_000204,acct_000146,device_000014,ip_000477,token_000428,merchant_000063,144.45,USD,purchase,2025-12-27T13:20:59,2025-12-27T13:22:46
txn_001923,acct_001080,device_000409,ip_000205,token_000996,merchant_000014,16.55,USD,purchase,2025-12-27T14:39:22,2025-12-27T14:41:09
txn_000466,acct_000108,device_000005,ip_000025,token_000773,merchant_000026,162.38,USD,purchase,2025-12-27T17:14:06,2025-12-27T17:14:23
txn_000013,acct_000033,device_000213,ip_000301,token_000296,merchant_000051,3.25,USD,purchase,2025-12-27T17:44:31,2025-12-27T17:45:56
txn_000494,acct_000184,device_000109,ip_000223,token_000060,merchant_000021,46.74,USD,purchase,2025-12-27T18:56:23,2025-12-27T18:57:29
txn_003767,acct_000828,device_000032,ip_000342,token_000404,merchant_000027,9.21,USD,purchase,2025-12-27T20:26:34,2025-12-27T20:30:09
txn_001771,acct_000435,device_000251,ip_000005,token_000887,merchant_000064,8.88,USD,purchase,2025-12-28T03:00:12,2025-12-28T03:02:21
txn_003357,acct_000248,device_000277,ip_000002,token_000270,merchant_000037,16.92,USD,purchase,2025-12-28T03:13:39,2025-12-28T03:14:46
txn_002740,acct_000194,device_000259,ip_000277,token_000696,merchant_000030,12.75,USD,purchase,2025-12-28T05:04:59,2025-12-28T05:05:31
txn_002048,acct_000785,device_000088,ip_000013,token_000541,merchant_000059,44.14,USD,purchase,2025-12-28T10:33:37,2025-12-28T10:35:46
txn_002892,acct_000394,device_000455,ip_000127,token_001217,merchant_000051,16.53,USD,purchase,2025-12-28T12:41:15,2025-12-28T12:45:06
txn_002671,acct_000385,device_000192,ip_000068,token_000535,merchant_000048,17.59,USD,purchase,2025-12-28T14:32:23,2025-12-28T14:34:55
txn_003421,acct_001008,device_000413,ip_000377,token_000010,merchant_000067,30.4,USD,purchase,2025-12-28T17:05:06,2025-12-28T17:05:12
txn_000240,acct_000364,device_000467,ip_000384,token_001186,merchant_000047,0.94,USD,purchase,2025-12-28T18:01:16,2025-12-28T18:04:46
txn_003211,acct_000515,device_000225,ip_000491,token_000851,merchant_000052,82.4,USD,purchase,2025-12-28T18:06:37,2025-12-28T18:08:39
txn_002060,acct_000076,device_000455,ip_000271,token_000212,merchant_000015,90.26,USD,purchase,2025-12-28T18:55:48,2025-12-28T18:58:15
txn_000495,acct_001008,device_000093,ip_000408,token_000682,merchant_000029,161.19,USD,purchase,2025-12-28T20:49:07,2025-12-28T20:49:24
txn_001353,acct_000256,device_000009,ip_000170,token_000484,merchant_000028,51.95,USD,purchase,2025-12-28T21:39:33,2025-12-28T21:41:26
txn_002634,acct_001048,device_000233,ip_000328,token_000274,merchant_000015,-6.14,USD,refund,2025-12-28T22:18:55,2025-12-28T22:21:34
txn_002860,acct_000399,device_000378,ip_000314,token_000968,merchant_000041,156.24,USD,purchase,2025-12-29T05:25:00,2025-12-29T05:27:19
txn_000554,acct_000213,device_000278,ip_000470,token_001023,merchant_000048,354.06,USD,purchase,2025-12-29T07:05:20,2025-12-29T07:09:01
txn_000355,acct_000288,device_000242,ip_000058,token_001170,merchant_000065,2.91,USD,purchase,2025-12-29T07:35:19,2025-12-29T07:37:48
txn_002763,acct_000901,device_000570,ip_000470,token_000860,merchant_000058,7.87,USD,purchase,2025-12-29T08:36:21,2025-12-29T08:39:19
txn_003358,acct_000248,device_000277,ip_000002,token_000270,merchant_000037,-16.92,USD,refund,2025-12-29T09:13:39,2025-12-29T09:16:36
txn_002356,acct_001089,device_000144,ip_000359,token_000080,merchant_000050,29.04,USD,purchase,2025-12-29T10:48:11,2025-12-29T10:48:26
txn_002709,acct_000342,device_000005,ip_000242,token_000251,merchant_000045,16.58,USD,purchase,2025-12-29T11:57:49,2025-12-29T11:59:13
txn_003829,acct_000291,device_000420,ip_000045,token_000774,merchant_000076,41.64,USD,purchase,2025-12-29T13:55:59,2025-12-29T13:56:14
txn_002364,acct_000676,device_000308,ip_000229,token_000926,merchant_000064,24.03,USD,purchase,2025-12-29T15:23:00,2025-12-29T15:26:44
txn_000050,acct_000146,device_000541,ip_000456,token_000025,merchant_000047,13.95,USD,purchase,2025-12-29T16:48:22,2025-12-29T16:51:57
txn_000272,acct_000068,device_000352,ip_000044,token_000298,merchant_000077,55.29,USD,purchase,2025-12-29T16:58:08,2025-12-29T16:59:47
txn_000671,acct_000067,device_000154,ip_000196,token_000161,merchant_000010,63.92,USD,purchase,2025-12-30T07:39:30,2025-12-30T07:40:02
txn_001697,acct_000468,device_000382,ip_000456,token_000209,merchant_000015,5.82,USD,purchase,2025-12-30T12:16:07,2025-12-30T12:19:39
txn_002848,acct_000606,device_000398,ip_000391,token_000677,merchant_000032,11.51,USD,purchase,2025-12-30T12:21:46,2025-12-30T12:23:40
txn_002931,acct_001070,device_000090,ip_000233,token_000333,merchant_000004,12.1,USD,purchase,2025-12-31T02:21:02,2025-12-31T02:23:33
txn_003171,acct_000961,device_000118,ip_000352,token_001193,merchant_000057,14.98,USD,purchase,2025-12-31T03:38:39,2025-12-31T03:42:21
txn_000604,acct_000612,device_000466,ip_000253,token_000249,merchant_000048,30.86,USD,purchase,2025-12-31T04:01:56,2025-12-31T04:02:09
txn_003782,acct_000824,device_000578,ip_000308,token_000408,merchant_000027,3.72,USD,purchase,2025-12-31T04:35:30,2025-12-31T04:36:52
txn_003359,acct_000198,device_000196,ip_000067,token_000917,merchant_000068,37.69,USD,purchase,2025-12-31T09:04:45,2025-12-31T09:07:38
txn_000277,acct_000396,device_000035,ip_000013,token_000189,merchant_000008,131.03,USD,purchase,2025-12-31T11:30:17,2025-12-31T11:31:13
txn_003857,acct_001032,device_000192,ip_000356,token_000970,merchant_000045,62.83,USD,purchase,2025-12-31T16:10:24,2025-12-31T16:10:43
txn_003259,acct_000678,device_000374,ip_000394,token_000754,merchant_000045,11.64,USD,purchase,2025-12-31T19:22:28,2025-12-31T19:24:07
txn_003958,acct_000760,device_000583,ip_000435,token_001026,merchant_000028,15.88,USD,purchase,2025-12-31T22:15:57,2025-12-31T22:16:58
