label_id,entity_type,entity_id,ground_truth,label_timestamp,label_source,label_confidence
label_000001,TRANSACTION,txn_000001,LEGITIMATE,2025-04-04T14:59:10,automated_baseline,0.93
label_000002,TRANSACTION,txn_000002,LEGITIMATE,2025-03-20T23:26:08,automated_baseline,0.86
label_000003,TRANSACTION,txn_000003,LEGITIMATE,2025-03-26T06:46:26,automated_baseline,0.98
label_000004,TRANSACTION,txn_000004,LEGITIMATE,2025-10-01T08:59:55,fraud_analyst_review,0.89
label_000005,TRANSACTION,txn_000005,LEGITIMATE,2025-12-22T02:39:40,automated_baseline,0.85
label_000006,TRANSACTION,txn_000006,LEGITIMATE,2025-03-31T09:23:44,fraud_analyst_review,0.89
label_000007,TRANSACTION,txn_000007,LEGITIMATE,2025-02-24T09:53:28,automated_baseline,0.92
label_000008,TRANSACTION,txn_000008,LEGITIMATE,2025-02-23T09:58:50,fraud_analyst_review,0.9
label_000009,TRANSACTION,txn_000009,LEGITIMATE,2025-08-03T06:18:26,automated_baseline,0.92
label_000010,TRANSACTION,txn_000010,LEGITIMATE,2025-02-27T20:24:30,fraud_analyst_review,0.86
label_000011,TRANSACTION,txn_000011,LEGITIMATE,2025-09-23T15:51:48,automated_baseline,0.95
label_000012,TRANSACTION,txn_000012,LEGITIMATE,2025-12-23T23:43:10,automated_baseline,0.88
label_000013,TRANSACTION,txn_000013,LEGITIMATE,2025-12-27T18:02:31,automated_baseline,0.92
label_000014,TRANSACTION,txn_000014,LEGITIMATE,2025-05-13T07:15:16,automated_baseline,0.94
label_000015,TRANSACTION,txn_000015,LEGITIMATE,2025-05-26T20:33:59,fraud_analyst_review,0.96
label_000016,TRANSACTION,txn_000016,LEGITIMATE,2025-10-15T06:45:13,fraud_analyst_review,0.9
label_000017,TRANSACTION,txn_000017,LEGITIMATE,2025-08-05T08:39:36,automated_baseline,0.93
label_000018,TRANSACTION,txn_000018,LEGITIMATE,2025-10-30T14:57:56,fraud_analyst_review,0.89
label_000019,TRANSACTION,txn_000019,LEGITIMATE,2025-07-08T02:25:46,automated_baseline,0.91
label_000020,TRANSACTION,txn_000020,LEGITIMATE,2025-06-21T00:27:30,automated_baseline,0.89
label_000021,TRANSACTION,txn_000021,LEGITIMATE,2025-05-08T22:34:43,fraud_analyst_review,0.9
label_000022,TRANSACTION,txn_000022,LEGITIMATE,2025-08-19T00:50:21,fraud_analyst_review,0.87
label_000023,TRANSACTION,txn_000023,LEGITIMATE,2025-01-29T18:29:18,fraud_analyst_review,0.93
label_000024,TRANSACTION,txn_000024,LEGITIMATE,2025-10-26T15:16:16,fraud_analyst_review,0.99
label_000025,TRANSACTION,txn_000025,LEGITIMATE,2025-03-28T05:41:00,fraud_analyst_review,0.9
label_000026,TRANSACTION,txn_000026,LEGITIMATE,2025-02-10T14:55:14,fraud_analyst_review,0.9
label_000027,TRANSACTION,txn_000027,LEGITIMATE,2025-11-11T16:00:48,automated_baseline,0.93
label_000028,TRANSACTION,txn_000028,LEGITIMATE,2025-03-14T09:41:07,fraud_analyst_review,0.93
label_000029,TRANSACTION,txn_000029,LEGITIMATE,2025-02-09T13:22:52,automated_baseline,0.89
label_000030,TRANSACTION,txn_000030,LEGITIMATE,2025-06-02T11:09:31,fraud_analyst_review,0.98
label_000031,TRANSACTION,txn_000031,LEGITIMATE,2025-02-15T11:19:34,automated_baseline,0.93
label_000032,TRANSACTION,txn_000032,LEGITIMATE,2025-03-06T20:37:57,automated_baseline,0.97
label_000033,TRANSACTION,txn_000033,LEGITIMATE,2025-07-16T07:58:25,fraud_analyst_review,0.87
label_000034,TRANSACTION,txn_000034,LEGITIMATE,2025-07-28T19:56:31,automated_baseline,0.93
label_000035,TRANSACTION,txn_000035,LEGITIMATE,2025-08-01T04:54:53,fraud_analyst_review,0.97
label_000036,TRANSACTION,txn_000036,LEGITIMATE,2025-08-02T14:34:53,fraud_analyst_review,0.97
label_000037,TRANSACTION,txn_000037,LEGITIMATE,2025-12-01T10:00:19,automated_baseline,0.96
label_000038,TRANSACTION,txn_000038,LEGITIMATE,2025-05-06T17:46:13,automated_baseline,0.87
label_000039,TRANSACTION,txn_000039,LEGITIMATE,2025-04-08T00:36:38,fraud_analyst_review,0.92
label_000040,TRANSACTION,txn_000040,LEGITIMATE,2025-09-04T02:26:19,fraud_analyst_review,0.91
label_000041,TRANSACTION,txn_000041,LEGITIMATE,2025-12-01T03:33:52,fraud_analyst_review,0.89
label_000042,TRANSACTION,txn_000042,LEGITIMATE,2025-11-28T01:15:15,automated_baseline,0.94
label_000043,TRANSACTION,txn_000043,LEGITIMATE,2025-06-27T07:42:26,automated_baseline,0.97
label_000044,TRANSACTION,txn_000044,LEGITIMATE,2025-09-16T03:10:15,automated_baseline,0.91
label_000045,TRANSACTION,txn_000045,LEGITIMATE,2025-02-21T14:21:06,fraud_analyst_review,0.96
label_000046,TRANSACTION,txn_000046,LEGITIMATE,2025-05-29T18:46:13,automated_baseline,0.86
label_000047,TRANSACTION,txn_000047,LEGITIMATE,2025-12-24T06:15:04,automated_baseline,0.96
label_000048,TRANSACTION,txn_000048,LEGITIMATE,2025-11-04T06:39:08,fraud_analyst_review,0.96
label_000049,TRANSACTION,txn_000049,LEGITIMATE,2025-10-18T10:55:28,fraud_analyst_review,0.9
label_000050,TRANSACTION,txn_000050,LEGITIMATE,2025-12-29T17:35:22,automated_baseline,0.96
label_000051,TRANSACTION,txn_000051,LEGITIMATE,2025-04-12T20:49:38,fraud_analyst_review,0.91
label_000052,TRANSACTION,txn_000052,LEGITIMATE,2025-02-05T11:10:52,fraud_analyst_review,0.9
label_000053,TRANSACTION,txn_000053,LEGITIMATE,2025-01-23T13:08:21,automated_baseline,0.87
label_000054,TRANSACTION,txn_000054,LEGITIMATE,2025-07-20T21:26:58,automated_baseline,0.96
label_000055,TRANSACTION,txn_000055,LEGITIMATE,2025-07-23T04:25:58,automated_baseline,0.92
label_000056,TRANSACTION,txn_000056,LEGITIMATE,2025-03-06T20:53:50,automated_baseline,0.88
label_000057,TRANSACTION,txn_000057,LEGITIMATE,2025-05-23T08:30:24,fraud_analyst_review,0.88
label_000058,TRANSACTION,txn_000058,LEGITIMATE,2025-05-25T19:56:26,automated_baseline,0.98
label_000059,TRANSACTION,txn_000059,LEGITIMATE,2025-02-03T13:49:17,automated_baseline,0.91
label_000060,TRANSACTION,txn_000060,LEGITIMATE,2025-02-28T12:44:49,automated_baseline,0.98
label_000061,TRANSACTION,txn_000061,LEGITIMATE,2025-03-02T13:02:49,automated_baseline,0.88
label_000062,TRANSACTION,txn_000062,LEGITIMATE,2025-10-04T10:11:54,fraud_analyst_review,0.95
label_000063,TRANSACTION,txn_000063,LEGITIMATE,2025-02-03T01:28:14,fraud_analyst_review,0.89
label_000064,TRANSACTION,txn_000064,LEGITIMATE,2025-04-01T17:38:52,automated_baseline,0.86
label_000065,TRANSACTION,txn_000065,LEGITIMATE,2025-10-27T04:15:32,automated_baseline,0.96
label_000066,TRANSACTION,txn_000066,LEGITIMATE,2025-02-05T10:32:57,automated_baseline,0.98
label_000067,TRANSACTION,txn_000067,LEGITIMATE,2025-02-19T04:01:35,fraud_analyst_review,0.98
label_000068,TRANSACTION,txn_000068,LEGITIMATE,2025-02-05T18:32:10,fraud_analyst_review,0.97
label_000069,TRANSACTION,txn_000069,LEGITIMATE,2025-05-18T11:19:24,automated_baseline,0.94
label_000070,TRANSACTION,txn_000070,LEGITIMATE,2025-01-24T17:29:58,automated_baseline,0.94
label_000071,TRANSACTION,txn_000071,LEGITIMATE,2025-07-31T12:06:25,fraud_analyst_review,0.88
label_000072,TRANSACTION,txn_000072,LEGITIMATE,2025-11-11T01:20:01,automated_baseline,0.93
label_000073,TRANSACTION,txn_000073,LEGITIMATE,2025-04-02T22:04:58,automated_baseline,0.95
label_000074,TRANSACTION,txn_000074,LEGITIMATE,2025-07-30T14:16:03,automated_baseline,0.85
label_000075,TRANSACTION,txn_000075,LEGITIMATE,2025-10-06T11:28:35,fraud_analyst_review,0.98
label_000076,TRANSACTION,txn_000076,LEGITIMATE,2025-02-23T00:12:18,fraud_analyst_review,0.88
label_000077,TRANSACTION,txn_000077,LEGITIMATE,2025-03-12T00:21:40,automated_baseline,0.93
label_000078,TRANSACTION,txn_000078,LEGITIMATE,2025-05-09T14:54:48,fraud_analyst_review,0.91
label_000079,TRANSACTION,txn_000079,LEGITIMATE,2025-10-07T19:06:28,fraud_analyst_review,0.92
label_000080,TRANSACTION,txn_000080,LEGITIMATE,2025-09-10T19:33:33,fraud_analyst_review,0.85
label_000081,TRANSACTION,txn_000081,LEGITIMATE,2025-03-10T11:44:18,fraud_analyst_review,0.95
label_000082,TRANSACTION,txn_000082,LEGITIMATE,2025-05-09T15:11:30,fraud_analyst_review,0.94
label_000083,TRANSACTION,txn_000083,LEGITIMATE,2025-11-23T04:38:40,fraud_analyst_review,0.88
label_000084,TRANSACTION,txn_000084,LEGITIMATE,2025-11-24T02:11:40,fraud_analyst_review,0.97
label_000085,TRANSACTION,txn_000085,LEGITIMATE,2025-02-05T10:15:26,automated_baseline,0.91
label_000086,TRANSACTION,txn_000086,LEGITIMATE,2025-01-24T23:16:14,fraud_analyst_review,0.99
label_000087,TRANSACTION,txn_000087,LEGITIMATE,2025-07-27T23:26:21,automated_baseline,0.87
label_000088,TRANSACTION,txn_000088,LEGITIMATE,2025-01-17T13:55:05,automated_baseline,0.9
label_000089,TRANSACTION,txn_000089,LEGITIMATE,2025-11-02T12:04:59,automated_baseline,0.87
label_000090,TRANSACTION,txn_000090,LEGITIMATE,2025-12-03T22:51:19,fraud_analyst_review,0.93
label_000091,TRANSACTION,txn_000091,LEGITIMATE,2025-08-25T09:47:41,automated_baseline,0.86
label_000092,TRANSACTION,txn_000092,LEGITIMATE,2025-05-01T18:45:27,automated_baseline,0.89
label_000093,TRANSACTION,txn_000093,LEGITIMATE,2025-09-08T18:03:25,fraud_analyst_review,0.96
label_000094,TRANSACTION,txn_000094,LEGITIMATE,2025-02-22T16:45:52,automated_baseline,0.97
label_000095,TRANSACTION,txn_000095,LEGITIMATE,2025-04-17T09:55:19,automated_baseline,0.88
label_000096,TRANSACTION,txn_000096,LEGITIMATE,2025-08-03T04:17:09,automated_baseline,0.89
label_000097,TRANSACTION,txn_000097,LEGITIMATE,2025-09-21T06:02:39,automated_baseline,0.92
label_000098,TRANSACTION,txn_000098,LEGITIMATE,2025-11-09T16:41:28,fraud_analyst_review,0.89
label_000099,TRANSACTION,txn_000099,LEGITIMATE,2025-07-18T16:18:12,automated_baseline,0.92
label_000100,TRANSACTION,txn_000100,LEGITIMATE,2025-09-12T19:36:40,fraud_analyst_review,0.94
label_000101,TRANSACTION,txn_000101,LEGITIMATE,2025-06-11T03:08:06,fraud_analyst_review,0.95
label_000102,TRANSACTION,txn_000102,LEGITIMATE,2025-04-27T14:35:06,automated_baseline,0.98
label_000103,TRANSACTION,txn_000103,LEGITIMATE,2025-06-13T08:05:18,automated_baseline,0.92
label_000104,TRANSACTION,txn_000104,LEGITIMATE,2025-02-16T13:05:55,automated_baseline,0.99
label_000105,TRANSACTION,txn_000105,LEGITIMATE,2025-07-09T08:56:58,automated_baseline,0.92
label_000106,TRANSACTION,txn_000106,LEGITIMATE,2025-06-06T16:19:59,fraud_analyst_review,0.98
label_000107,TRANSACTION,txn_000107,LEGITIMATE,2025-03-29T22:01:57,fraud_analyst_review,0.87
label_000108,TRANSACTION,txn_000108,LEGITIMATE,2025-07-23T14:10:49,fraud_analyst_review,0.96
label_000109,TRANSACTION,txn_000109,LEGITIMATE,2025-03-24T01:50:08,automated_baseline,0.9
label_000110,TRANSACTION,txn_000110,LEGITIMATE,2025-09-11T20:42:30,automated_baseline,0.88
label_000111,TRANSACTION,txn_000111,LEGITIMATE,2025-04-15T20:36:09,automated_baseline,0.89
label_000112,TRANSACTION,txn_000112,LEGITIMATE,2025-11-19T22:28:50,automated_baseline,0.93
label_000113,TRANSACTION,txn_000113,LEGITIMATE,2025-09-18T20:14:28,automated_baseline,0.98
label_000114,TRANSACTION,txn_000114,LEGITIMATE,2025-02-08T18:32:11,automated_baseline,0.97
label_000115,TRANSACTION,txn_000115,LEGITIMATE,2025-05-19T20:47:48,automated_baseline,0.91
label_000116,TRANSACTION,txn_000116,LEGITIMATE,2025-09-09T23:49:15,automated_baseline,0.86
label_000117,TRANSACTION,txn_000117,LEGITIMATE,2025-08-26T10:13:41,fraud_analyst_review,0.98
label_000118,TRANSACTION,txn_000118,LEGITIMATE,2025-09-12T10:01:46,automated_baseline,0.99
label_000119,TRANSACTION,txn_000119,LEGITIMATE,2025-09-15T00:26:52,automated_baseline,0.97
label_000120,TRANSACTION,txn_000120,LEGITIMATE,2025-11-26T16:51:51,fraud_analyst_review,0.88
label_000121,TRANSACTION,txn_000121,LEGITIMATE,2025-06-06T15:46:50,fraud_analyst_review,0.87
label_000122,TRANSACTION,txn_000122,LEGITIMATE,2025-08-05T10:10:14,fraud_analyst_review,0.97
label_000123,TRANSACTION,txn_000123,LEGITIMATE,2025-11-24T23:01:32,fraud_analyst_review,0.95
label_000124,TRANSACTION,txn_000124,LEGITIMATE,2025-08-01T17:54:46,automated_baseline,0.97
label_000125,TRANSACTION,txn_000125,LEGITIMATE,2025-02-16T21:50:56,fraud_analyst_review,0.87
label_000126,TRANSACTION,txn_000126,LEGITIMATE,2025-02-22T07:55:54,automated_baseline,0.95
label_000127,TRANSACTION,txn_000127,LEGITIMATE,2025-12-09T08:27:19,fraud_analyst_review,0.97
label_000128,TRANSACTION,txn_000128,LEGITIMATE,2025-03-26T10:39:50,automated_baseline,0.92
label_000129,TRANSACTION,txn_000129,LEGITIMATE,2025-07-06T14:31:19,fraud_analyst_review,0.97
label_000130,TRANSACTION,txn_000130,LEGITIMATE,2025-02-26T10:51:35,automated_baseline,0.95
label_000131,TRANSACTION,txn_000131,LEGITIMATE,2025-08-28T08:03:01,fraud_analyst_review,0.95
label_000132,TRANSACTION,txn_000132,LEGITIMATE,2025-01-21T21:57:22,fraud_analyst_review,0.96
label_000133,TRANSACTION,txn_000133,LEGITIMATE,2025-09-23T04:02:30,fraud_analyst_review,0.87
label_000134,TRANSACTION,txn_000134,LEGITIMATE,2025-01-16T13:37:23,fraud_analyst_review,0.92
label_000135,TRANSACTION,txn_000135,LEGITIMATE,2025-03-27T11:05:40,fraud_analyst_review,0.86
label_000136,TRANSACTION,txn_000136,LEGITIMATE,2025-03-27T20:03:27,automated_baseline,0.94
label_000137,TRANSACTION,txn_000137,LEGITIMATE,2025-12-22T17:43:32,automated_baseline,0.98
label_000138,TRANSACTION,txn_000138,LEGITIMATE,2025-07-09T02:29:55,automated_baseline,0.94
label_000139,TRANSACTION,txn_000139,LEGITIMATE,2025-07-31T20:13:57,automated_baseline,0.91
label_000140,TRANSACTION,txn_000140,LEGITIMATE,2025-08-05T18:39:18,fraud_analyst_review,0.85
label_000141,TRANSACTION,txn_000141,LEGITIMATE,2025-01-18T16:52:52,fraud_analyst_review,0.93
label_000142,TRANSACTION,txn_000142,LEGITIMATE,2025-03-02T18:12:25,fraud_analyst_review,0.98
label_000143,TRANSACTION,txn_000143,LEGITIMATE,2025-02-17T20:49:05,fraud_analyst_review,0.88
label_000144,TRANSACTION,txn_000144,LEGITIMATE,2025-03-04T12:36:12,automated_baseline,0.97
label_000145,TRANSACTION,txn_000145,LEGITIMATE,2025-04-08T09:05:40,automated_baseline,0.89
label_000146,TRANSACTION,txn_000146,LEGITIMATE,2025-08-28T09:30:40,fraud_analyst_review,0.98
label_000147,TRANSACTION,txn_000147,LEGITIMATE,2025-04-18T11:52:34,fraud_analyst_review,0.91
label_000148,TRANSACTION,txn_000148,LEGITIMATE,2025-02-01T21:24:00,automated_baseline,0.95
label_000149,TRANSACTION,txn_000149,LEGITIMATE,2025-06-07T09:17:36,fraud_analyst_review,0.94
label_000150,TRANSACTION,txn_000150,LEGITIMATE,2025-02-21T23:53:49,automated_baseline,0.97
label_000151,TRANSACTION,txn_000151,LEGITIMATE,2025-03-19T13:45:14,fraud_analyst_review,0.86
label_000152,TRANSACTION,txn_000152,LEGITIMATE,2025-01-17T16:01:12,fraud_analyst_review,0.97
label_000153,TRANSACTION,txn_000153,LEGITIMATE,2025-01-19T10:07:12,fraud_analyst_review,0.97
label_000154,TRANSACTION,txn_000154,LEGITIMATE,2025-09-11T21:48:43,fraud_analyst_review,0.9
label_000155,TRANSACTION,txn_000155,LEGITIMATE,2025-11-04T21:03:10,automated_baseline,0.88
label_000156,TRANSACTION,txn_000156,LEGITIMATE,2025-05-21T16:52:45,automated_baseline,0.92
label_000157,TRANSACTION,txn_000157,LEGITIMATE,2025-04-05T16:16:18,automated_baseline,0.97
label_000158,TRANSACTION,txn_000158,LEGITIMATE,2025-06-07T12:32:36,fraud_analyst_review,0.98
label_000159,TRANSACTION,txn_000159,LEGITIMATE,2025-08-22T09:38:21,fraud_analyst_review,0.87
label_000160,TRANSACTION,txn_000160,LEGITIMATE,2025-02-28T08:18:58,automated_baseline,0.93
label_000161,TRANSACTION,txn_000161,LEGITIMATE,2025-07-07T08:15:40,fraud_analyst_review,0.92
label_000162,TRANSACTION,txn_000162,LEGITIMATE,2025-11-03T16:41:29,automated_baseline,0.91
label_000163,TRANSACTION,txn_000163,LEGITIMATE,2025-06-08T18:20:48,fraud_analyst_review,0.91
label_000164,TRANSACTION,txn_000164,LEGITIMATE,2025-08-08T07:33:29,fraud_analyst_review,0.93
label_000165,TRANSACTION,txn_000165,LEGITIMATE,2025-04-09T14:47:44,automated_baseline,0.95
label_000166,TRANSACTION,txn_000166,LEGITIMATE,2025-11-02T06:55:25,automated_baseline,0.9
label_000167,TRANSACTION,txn_000167,LEGITIMATE,2025-01-25T22:06:23,fraud_analyst_review,0.94
label_000168,TRANSACTION,txn_000168,LEGITIMATE,2025-01-05T04:14:41,automated_baseline,0.96
label_000169,TRANSACTION,txn_000169,LEGITIMATE,2025-04-03T22:53:00,fraud_analyst_review,0.93
label_000170,TRANSACTION,txn_000170,LEGITIMATE,2025-12-22T09:48:06,automated_baseline,0.91
label_000171,TRANSACTION,txn_000171,LEGITIMATE,2025-02-20T08:19:31,fraud_analyst_review,0.97
label_000172,TRANSACTION,txn_000172,LEGITIMATE,2025-07-07T20:44:26,automated_baseline,0.92
label_000173,TRANSACTION,txn_000173,LEGITIMATE,2025-06-10T04:39:19,automated_baseline,0.89
label_000174,TRANSACTION,txn_000174,LEGITIMATE,2025-05-02T22:58:22,automated_baseline,0.92
label_000175,TRANSACTION,txn_000175,LEGITIMATE,2025-11-21T06:28:33,automated_baseline,0.94
label_000176,TRANSACTION,txn_000176,LEGITIMATE,2025-05-25T04:24:08,fraud_analyst_review,0.88
label_000177,TRANSACTION,txn_000177,LEGITIMATE,2025-02-19T20:48:20,automated_baseline,0.91
label_000178,TRANSACTION,txn_000178,LEGITIMATE,2025-09-19T19:39:45,automated_baseline,0.93
label_000179,TRANSACTION,txn_000179,LEGITIMATE,2025-06-14T16:18:02,fraud_analyst_review,0.91
label_000180,TRANSACTION,txn_000180,LEGITIMATE,2025-08-04T16:28:39,fraud_analyst_review,0.96
label_000181,TRANSACTION,txn_000181,LEGITIMATE,2025-10-07T21:19:32,automated_baseline,0.91
label_000182,TRANSACTION,txn_000182,LEGITIMATE,2025-11-22T20:33:59,fraud_analyst_review,0.9
label_000183,TRANSACTION,txn_000183,LEGITIMATE,2025-03-09T19:52:11,fraud_analyst_review,0.97
label_000184,TRANSACTION,txn_000184,LEGITIMATE,2025-09-06T19:30:39,automated_baseline,0.86
label_000185,TRANSACTION,txn_000185,LEGITIMATE,2025-08-24T03:22:48,fraud_analyst_review,0.91
label_000186,TRANSACTION,txn_000186,LEGITIMATE,2025-10-16T21:38:14,automated_baseline,0.98
label_000187,TRANSACTION,txn_000187,LEGITIMATE,2025-10-25T02:56:58,automated_baseline,0.88
label_000188,TRANSACTION,txn_000188,LEGITIMATE,2025-01-14T16:40:05,fraud_analyst_review,0.93
label_000189,TRANSACTION,txn_000189,LEGITIMATE,2025-09-03T02:32:21,fraud_analyst_review,0.93
label_000190,TRANSACTION,txn_000190,LEGITIMATE,2025-03-02T12:26:33,fraud_analyst_review,0.89
label_000191,TRANSACTION,txn_000191,LEGITIMATE,2025-05-26T03:26:48,fraud_analyst_review,0.88
label_000192,TRANSACTION,txn_000192,LEGITIMATE,2025-09-09T20:12:27,automated_baseline,0.87
label_000193,TRANSACTION,txn_000193,LEGITIMATE,2025-05-05T12:53:58,fraud_analyst_review,0.95
label_000194,TRANSACTION,txn_000194,LEGITIMATE,2025-06-13T05:01:56,fraud_analyst_review,0.86
label_000195,TRANSACTION,txn_000195,LEGITIMATE,2025-07-30T23:43:57,automated_baseline,0.87
label_000196,TRANSACTION,txn_000196,LEGITIMATE,2025-10-22T11:06:26,fraud_analyst_review,0.95
label_000197,TRANSACTION,txn_000197,LEGITIMATE,2025-07-22T07:30:04,automated_baseline,0.99
label_000198,TRANSACTION,txn_000198,LEGITIMATE,2025-08-16T01:58:11,automated_baseline,0.87
label_000199,TRANSACTION,txn_000199,LEGITIMATE,2025-09-30T10:03:07,fraud_analyst_review,0.96
label_000200,TRANSACTION,txn_000200,LEGITIMATE,2025-10-09T08:56:22,automated_baseline,0.93
label_000201,TRANSACTION,txn_000201,LEGITIMATE,2025-03-04T07:52:32,fraud_analyst_review,0.95
label_000202,TRANSACTION,txn_000202,LEGITIMATE,2025-11-15T02:25:48,fraud_analyst_review,0.9
label_000203,TRANSACTION,txn_000203,LEGITIMATE,2025-11-21T10:03:58,fraud_analyst_review,0.86
label_000204,TRANSACTION,txn_000204,LEGITIMATE,2025-12-27T13:28:59,fraud_analyst_review,0.92
label_000205,TRANSACTION,txn_000205,LEGITIMATE,2025-02-07T18:21:01,automated_baseline,0.93
label_000206,TRANSACTION,txn_000206,LEGITIMATE,2025-09-19T23:07:34,fraud_analyst_review,0.92
label_000207,TRANSACTION,txn_000207,LEGITIMATE,2025-08-02T16:29:46,fraud_analyst_review,0.97
label_000208,TRANSACTION,txn_000208,LEGITIMATE,2025-11-02T08:55:04,fraud_analyst_review,0.85
label_000209,TRANSACTION,txn_000209,LEGITIMATE,2025-10-26T22:13:04,fraud_analyst_review,0.85
label_000210,TRANSACTION,txn_000210,LEGITIMATE,2025-11-05T15:06:58,automated_baseline,0.86
label_000211,TRANSACTION,txn_000211,LEGITIMATE,2025-04-08T02:03:06,automated_baseline,0.95
label_000212,TRANSACTION,txn_000212,LEGITIMATE,2025-08-20T04:08:24,automated_baseline,0.98
label_000213,TRANSACTION,txn_000213,LEGITIMATE,2025-10-18T10:13:12,fraud_analyst_review,0.86
label_000214,TRANSACTION,txn_000214,LEGITIMATE,2025-07-15T03:34:20,fraud_analyst_review,0.96
label_000215,TRANSACTION,txn_000215,LEGITIMATE,2025-02-27T12:26:32,fraud_analyst_review,0.96
label_000216,TRANSACTION,txn_000216,LEGITIMATE,2025-06-12T12:38:17,automated_baseline,0.88
label_000217,TRANSACTION,txn_000217,LEGITIMATE,2025-02-13T17:36:15,automated_baseline,0.96
label_000218,TRANSACTION,txn_000218,LEGITIMATE,2025-01-18T10:28:20,automated_baseline,0.95
label_000219,TRANSACTION,txn_000219,LEGITIMATE,2025-04-29T12:22:22,automated_baseline,0.93
label_000220,TRANSACTION,txn_000220,LEGITIMATE,2025-08-15T10:36:59,automated_baseline,0.96
label_000221,TRANSACTION,txn_000221,LEGITIMATE,2025-05-31T22:40:07,automated_baseline,0.89
label_000222,TRANSACTION,txn_000222,LEGITIMATE,2025-12-18T01:07:53,fraud_analyst_review,0.93
label_000223,TRANSACTION,txn_000223,LEGITIMATE,2025-05-10T13:51:39,fraud_analyst_review,0.94
label_000224,TRANSACTION,txn_000224,LEGITIMATE,2025-12-08T07:16:56,automated_baseline,0.86
label_000225,TRANSACTION,txn_000225,LEGITIMATE,2025-06-15T16:11:30,automated_baseline,0.97
label_000226,TRANSACTION,txn_000226,LEGITIMATE,2025-12-23T04:25:16,automated_baseline,0.96
label_000227,TRANSACTION,txn_000227,LEGITIMATE,2025-03-01T01:39:32,fraud_analyst_review,0.93
label_000228,TRANSACTION,txn_000228,LEGITIMATE,2025-01-31T21:46:52,fraud_analyst_review,0.88
label_000229,TRANSACTION,txn_000229,LEGITIMATE,2025-01-13T12:33:04,automated_baseline,0.98
label_000230,TRANSACTION,txn_000230,LEGITIMATE,2025-06-16T01:47:28,fraud_analyst_review,0.94
label_000231,TRANSACTION,txn_000231,LEGITIMATE,2025-02-12T11:26:06,fraud_analyst_review,0.99
label_000232,TRANSACTION,txn_000232,LEGITIMATE,2025-02-14T13:01:06,automated_baseline,0.89
label_000233,TRANSACTION,txn_000233,LEGITIMATE,2025-03-06T16:05:03,fraud_analyst_review,0.97
label_000234,TRANSACTION,txn_000234,LEGITIMATE,2025-02-22T14:24:58,automated_baseline,0.97
label_000235,TRANSACTION,txn_000235,LEGITIMATE,2025-02-14T08:55:39,automated_baseline,0.9
label_000236,TRANSACTION,txn_000236,LEGITIMATE,2025-12-04T10:56:32,fraud_analyst_review,0.94
label_000237,TRANSACTION,txn_000237,LEGITIMATE,2025-06-28T03:55:33,automated_baseline,0.88
label_000238,TRANSACTION,txn_000238,LEGITIMATE,2025-08-22T01:28:25,automated_baseline,0.87
label_000239,TRANSACTION,txn_000239,LEGITIMATE,2025-11-22T11:45:38,automated_baseline,0.87
label_000240,TRANSACTION,txn_000240,LEGITIMATE,2025-12-28T18:56:16,automated_baseline,0.89
label_000241,TRANSACTION,txn_000241,LEGITIMATE,2025-03-23T13:15:02,automated_baseline,0.92
label_000242,TRANSACTION,txn_000242,LEGITIMATE,2025-07-24T02:13:04,fraud_analyst_review,0.92
label_000243,TRANSACTION,txn_000243,LEGITIMATE,2025-03-17T05:23:02,fraud_analyst_review,0.91
label_000244,TRANSACTION,txn_000244,LEGITIMATE,2025-04-09T19:21:35,automated_baseline,0.95
label_000245,TRANSACTION,txn_000245,LEGITIMATE,2025-12-25T05:15:13,fraud_analyst_review,0.91
label_000246,TRANSACTION,txn_000246,LEGITIMATE,2025-08-04T15:23:35,automated_baseline,0.99
label_000247,TRANSACTION,txn_000247,LEGITIMATE,2025-08-10T18:36:04,fraud_analyst_review,0.95
label_000248,TRANSACTION,txn_000248,LEGITIMATE,2025-06-25T12:19:20,fraud_analyst_review,0.96
label_000249,TRANSACTION,txn_000249,LEGITIMATE,2025-12-18T11:55:57,fraud_analyst_review,0.96
label_000250,TRANSACTION,txn_000250,LEGITIMATE,2025-10-09T09:30:16,fraud_analyst_review,0.98
label_000251,TRANSACTION,txn_000251,LEGITIMATE,2025-07-22T04:48:09,automated_baseline,0.89
label_000252,TRANSACTION,txn_000252,LEGITIMATE,2025-04-25T21:19:17,automated_baseline,0.88
label_000253,TRANSACTION,txn_000253,LEGITIMATE,2025-04-06T02:53:06,automated_baseline,0.87
label_000254,TRANSACTION,txn_000254,LEGITIMATE,2025-06-15T16:25:55,fraud_analyst_review,0.94
label_000255,TRANSACTION,txn_000255,LEGITIMATE,2025-02-21T05:25:15,fraud_analyst_review,0.88
label_000256,TRANSACTION,txn_000256,LEGITIMATE,2025-11-03T08:58:01,automated_baseline,0.9
label_000257,TRANSACTION,txn_000257,LEGITIMATE,2025-08-12T05:23:22,fraud_analyst_review,0.93
label_000258,TRANSACTION,txn_000258,LEGITIMATE,2025-01-26T16:39:23,fraud_analyst_review,0.93
label_000259,TRANSACTION,txn_000259,LEGITIMATE,2025-06-29T19:29:09,automated_baseline,0.93
label_000260,TRANSACTION,txn_000260,LEGITIMATE,2025-03-26T13:42:19,automated_baseline,0.91
label_000261,TRANSACTION,txn_000261,LEGITIMATE,2025-08-17T11:21:40,fraud_analyst_review,0.99
label_000262,TRANSACTION,txn_000262,LEGITIMATE,2025-01-25T06:54:30,fraud_analyst_review,0.87
label_000263,TRANSACTION,txn_000263,LEGITIMATE,2025-08-31T19:53:10,automated_baseline,0.92
label_000264,TRANSACTION,txn_000264,LEGITIMATE,2025-04-23T02:07:36,fraud_analyst_review,0.97
label_000265,TRANSACTION,txn_000265,LEGITIMATE,2025-08-03T10:46:45,automated_baseline,0.93
label_000266,TRANSACTION,txn_000266,LEGITIMATE,2025-08-12T21:28:35,automated_baseline,0.87
label_000267,TRANSACTION,txn_000267,LEGITIMATE,2025-12-12T16:02:48,automated_baseline,0.95
label_000268,TRANSACTION,txn_000268,LEGITIMATE,2025-10-30T09:06:55,fraud_analyst_review,0.9
label_000269,TRANSACTION,txn_000269,LEGITIMATE,2025-10-19T02:09:59,automated_baseline,0.93
label_000270,TRANSACTION,txn_000270,LEGITIMATE,2025-02-19T07:22:37,fraud_analyst_review,0.89
label_000271,TRANSACTION,txn_000271,LEGITIMATE,2025-09-14T00:17:33,fraud_analyst_review,0.88
label_000272,TRANSACTION,txn_000272,LEGITIMATE,2025-12-29T17:55:08,automated_baseline,0.88
label_000273,TRANSACTION,txn_000273,LEGITIMATE,2025-01-21T10:42:06,automated_baseline,0.9
label_000274,TRANSACTION,txn_000274,LEGITIMATE,2025-01-05T15:42:17,automated_baseline,0.86
label_000275,TRANSACTION,txn_000275,LEGITIMATE,2025-04-16T00:37:19,automated_baseline,0.95
label_000276,TRANSACTION,txn_000276,LEGITIMATE,2025-08-01T17:05:08,fraud_analyst_review,0.88
label_000277,TRANSACTION,txn_000277,LEGITIMATE,2026-01-02T11:30:17,automated_baseline,0.86
label_000278,TRANSACTION,txn_000278,LEGITIMATE,2025-10-06T03:57:42,fraud_analyst_review,0.96
label_000279,TRANSACTION,txn_000279,LEGITIMATE,2025-10-29T19:43:08,automated_baseline,0.91
label_000280,TRANSACTION,txn_000280,LEGITIMATE,2025-02-25T21:56:23,fraud_analyst_review,0.86
label_000281,TRANSACTION,txn_000281,LEGITIMATE,2025-09-11T13:59:45,automated_baseline,0.92
label_000282,TRANSACTION,txn_000282,LEGITIMATE,2025-07-29T19:23:52,automated_baseline,0.93
label_000283,TRANSACTION,txn_000283,LEGITIMATE,2025-01-22T11:26:05,fraud_analyst_review,0.94
label_000284,TRANSACTION,txn_000284,LEGITIMATE,2025-09-28T06:16:34,fraud_analyst_review,0.95
label_000285,TRANSACTION,txn_000285,LEGITIMATE,2025-07-10T01:07:40,fraud_analyst_review,0.99
label_000286,TRANSACTION,txn_000286,LEGITIMATE,2025-07-11T20:04:40,fraud_analyst_review,0.87
label_000287,TRANSACTION,txn_000287,LEGITIMATE,2025-10-15T20:09:02,automated_baseline,0.92
label_000288,TRANSACTION,txn_000288,LEGITIMATE,2025-03-08T22:27:37,automated_baseline,0.97
label_000289,TRANSACTION,txn_000289,LEGITIMATE,2025-03-27T17:20:05,fraud_analyst_review,0.9
label_000290,TRANSACTION,txn_000290,LEGITIMATE,2025-08-19T09:08:18,automated_baseline,0.91
label_000291,TRANSACTION,txn_000291,LEGITIMATE,2025-01-07T02:42:06,automated_baseline,0.88
label_000292,TRANSACTION,txn_000292,LEGITIMATE,2025-08-26T02:49:35,fraud_analyst_review,0.9
label_000293,TRANSACTION,txn_000293,LEGITIMATE,2025-08-27T10:45:35,automated_baseline,0.94
label_000294,TRANSACTION,txn_000294,LEGITIMATE,2025-04-18T08:34:57,automated_baseline,0.94
label_000295,TRANSACTION,txn_000295,LEGITIMATE,2025-02-10T14:13:30,fraud_analyst_review,0.91
label_000296,TRANSACTION,txn_000296,LEGITIMATE,2025-03-30T12:19:57,fraud_analyst_review,0.86
label_000297,TRANSACTION,txn_000297,LEGITIMATE,2025-02-26T23:22:59,fraud_analyst_review,0.87
label_000298,TRANSACTION,txn_000298,LEGITIMATE,2025-06-28T03:33:55,automated_baseline,0.96
label_000299,TRANSACTION,txn_000299,LEGITIMATE,2025-06-09T22:17:10,fraud_analyst_review,0.85
label_000300,TRANSACTION,txn_000300,LEGITIMATE,2025-03-29T08:58:47,fraud_analyst_review,0.99
label_000301,TRANSACTION,txn_000301,LEGITIMATE,2025-06-03T04:23:48,automated_baseline,0.86
label_000302,TRANSACTION,txn_000302,LEGITIMATE,2025-04-03T20:34:22,fraud_analyst_review,0.97
label_000303,TRANSACTION,txn_000303,LEGITIMATE,2025-03-13T19:50:09,automated_baseline,0.9
label_000304,TRANSACTION,txn_000304,LEGITIMATE,2025-09-29T03:48:38,automated_baseline,0.94
label_000305,TRANSACTION,txn_000305,LEGITIMATE,2025-02-13T02:39:59,automated_baseline,0.93
label_000306,TRANSACTION,txn_000306,LEGITIMATE,2025-09-10T02:58:34,automated_baseline,0.96
label_000307,TRANSACTION,txn_000307,LEGITIMATE,2025-09-22T05:13:21,automated_baseline,0.92
label_000308,TRANSACTION,txn_000308,LEGITIMATE,2025-03-15T03:57:57,fraud_analyst_review,0.98
label_000309,TRANSACTION,txn_000309,LEGITIMATE,2025-02-28T11:38:37,automated_baseline,0.92
label_000310,TRANSACTION,txn_000310,LEGITIMATE,2025-12-05T15:05:22,fraud_analyst_review,0.92
label_000311,TRANSACTION,txn_000311,LEGITIMATE,2025-08-09T07:47:07,automated_baseline,0.87
label_000312,TRANSACTION,txn_000312,LEGITIMATE,2025-03-12T19:13:38,automated_baseline,0.99
label_000313,TRANSACTION,txn_000313,LEGITIMATE,2025-08-07T11:43:39,automated_baseline,0.92
label_000314,TRANSACTION,txn_000314,LEGITIMATE,2025-06-27T21:52:56,fraud_analyst_review,0.98
label_000315,TRANSACTION,txn_000315,LEGITIMATE,2025-09-25T16:29:55,automated_baseline,0.89
label_000316,TRANSACTION,txn_000316,LEGITIMATE,2025-01-22T09:33:02,automated_baseline,0.85
label_000317,TRANSACTION,txn_000317,LEGITIMATE,2025-07-16T11:28:06,fraud_analyst_review,0.87
label_000318,TRANSACTION,txn_000318,LEGITIMATE,2025-05-14T23:30:21,automated_baseline,0.96
label_000319,TRANSACTION,txn_000319,LEGITIMATE,2025-02-03T11:01:17,automated_baseline,0.98
label_000320,TRANSACTION,txn_000320,LEGITIMATE,2025-06-10T23:51:02,automated_baseline,0.88
label_000321,TRANSACTION,txn_000321,LEGITIMATE,2025-04-29T00:42:14,automated_baseline,0.89
label_000322,TRANSACTION,txn_000322,LEGITIMATE,2025-03-11T16:28:15,fraud_analyst_review,0.99
label_000323,TRANSACTION,txn_000323,LEGITIMATE,2025-09-01T21:54:50,automated_baseline,0.93
label_000324,TRANSACTION,txn_000324,LEGITIMATE,2025-04-16T22:06:18,automated_baseline,0.92
label_000325,TRANSACTION,txn_000325,LEGITIMATE,2025-05-06T07:41:49,automated_baseline,0.92
label_000326,TRANSACTION,txn_000326,LEGITIMATE,2025-05-27T20:44:39,automated_baseline,0.87
label_000327,TRANSACTION,txn_000327,LEGITIMATE,2025-10-04T17:35:14,automated_baseline,0.96
label_000328,TRANSACTION,txn_000328,LEGITIMATE,2025-11-14T07:25:09,automated_baseline,0.88
label_000329,TRANSACTION,txn_000329,LEGITIMATE,2025-02-20T13:53:19,automated_baseline,0.96
label_000330,TRANSACTION,txn_000330,LEGITIMATE,2025-08-19T09:01:09,automated_baseline,0.98
label_000331,TRANSACTION,txn_000331,LEGITIMATE,2025-02-05T07:12:28,automated_baseline,0.92
label_000332,TRANSACTION,txn_000332,LEGITIMATE,2025-03-08T17:30:40,fraud_analyst_review,0.9
label_000333,TRANSACTION,txn_000333,LEGITIMATE,2025-06-14T17:30:21,automated_baseline,0.92
label_000334,TRANSACTION,txn_000334,LEGITIMATE,2025-10-08T11:47:02,fraud_analyst_review,0.95
label_000335,TRANSACTION,txn_000335,LEGITIMATE,2025-03-15T09:01:12,automated_baseline,0.87
label_000336,TRANSACTION,txn_000336,LEGITIMATE,2025-05-12T12:52:32,fraud_analyst_review,0.96
label_000337,TRANSACTION,txn_000337,LEGITIMATE,2025-07-18T15:46:43,fraud_analyst_review,0.88
label_000338,TRANSACTION,txn_000338,LEGITIMATE,2025-07-13T12:17:13,automated_baseline,0.96
label_000339,TRANSACTION,txn_000339,LEGITIMATE,2025-04-25T01:22:17,automated_baseline,0.98
label_000340,TRANSACTION,txn_000340,LEGITIMATE,2025-05-04T08:12:17,fraud_analyst_review,0.89
label_000341,TRANSACTION,txn_000341,LEGITIMATE,2025-03-10T16:54:24,fraud_analyst_review,0.91
label_000342,TRANSACTION,txn_000342,LEGITIMATE,2025-09-20T04:42:06,automated_baseline,0.92
label_000343,TRANSACTION,txn_000343,LEGITIMATE,2025-05-05T11:51:57,automated_baseline,0.96
label_000344,TRANSACTION,txn_000344,LEGITIMATE,2025-06-10T00:07:43,automated_baseline,0.98
label_000345,TRANSACTION,txn_000345,LEGITIMATE,2025-07-29T03:30:30,fraud_analyst_review,0.89
label_000346,TRANSACTION,txn_000346,LEGITIMATE,2025-05-06T05:38:05,fraud_analyst_review,0.92
label_000347,TRANSACTION,txn_000347,LEGITIMATE,2025-06-19T08:52:54,automated_baseline,0.89
label_000348,TRANSACTION,txn_000348,LEGITIMATE,2025-02-06T19:59:52,fraud_analyst_review,0.88
label_000349,TRANSACTION,txn_000349,LEGITIMATE,2025-09-15T16:57:52,fraud_analyst_review,0.94
label_000350,TRANSACTION,txn_000350,LEGITIMATE,2025-07-13T22:13:54,fraud_analyst_review,0.98
label_000351,TRANSACTION,txn_000351,LEGITIMATE,2025-02-27T10:00:15,fraud_analyst_review,0.89
label_000352,TRANSACTION,txn_000352,LEGITIMATE,2025-11-16T22:24:24,automated_baseline,0.87
label_000353,TRANSACTION,txn_000353,LEGITIMATE,2025-06-19T09:21:12,automated_baseline,0.89
label_000354,TRANSACTION,txn_000354,LEGITIMATE,2025-01-28T11:41:15,automated_baseline,0.91
label_000355,TRANSACTION,txn_000355,LEGITIMATE,2026-01-07T07:35:19,fraud_analyst_review,0.92
label_000356,TRANSACTION,txn_000356,LEGITIMATE,2025-11-09T23:13:17,automated_baseline,0.88
label_000357,TRANSACTION,txn_000357,LEGITIMATE,2025-07-10T11:23:23,fraud_analyst_review,0.95
label_000358,TRANSACTION,txn_000358,LEGITIMATE,2025-01-09T05:50:33,automated_baseline,0.95
label_000359,TRANSACTION,txn_000359,LEGITIMATE,2025-09-06T04:35:12,automated_baseline,0.97
label_000360,TRANSACTION,txn_000360,LEGITIMATE,2025-04-26T13:33:56,fraud_analyst_review,0.96
label_000361,TRANSACTION,txn_000361,LEGITIMATE,2025-10-06T16:01:20,fraud_analyst_review,0.92
label_000362,TRANSACTION,txn_000362,LEGITIMATE,2025-09-07T02:02:39,fraud_analyst_review,0.88
label_000363,TRANSACTION,txn_000363,LEGITIMATE,2025-10-05T03:11:52,fraud_analyst_review,0.87
label_000364,TRANSACTION,txn_000364,LEGITIMATE,2025-05-23T19:46:34,automated_baseline,0.86
label_000365,TRANSACTION,txn_000365,LEGITIMATE,2025-08-09T08:09:13,automated_baseline,0.88
label_000366,TRANSACTION,txn_000366,LEGITIMATE,2025-02-25T13:32:44,automated_baseline,0.91
label_000367,TRANSACTION,txn_000367,LEGITIMATE,2025-08-28T22:10:49,automated_baseline,0.85
label_000368,TRANSACTION,txn_000368,LEGITIMATE,2025-10-03T03:23:43,automated_baseline,0.9
label_000369,TRANSACTION,txn_000369,LEGITIMATE,2025-08-29T16:52:48,automated_baseline,0.89
label_000370,TRANSACTION,txn_000370,LEGITIMATE,2025-10-03T20:20:42,fraud_analyst_review,0.97
label_000371,TRANSACTION,txn_000371,LEGITIMATE,2025-11-19T04:41:53,fraud_analyst_review,0.95
label_000372,TRANSACTION,txn_000372,LEGITIMATE,2025-03-15T09:12:41,fraud_analyst_review,0.91
label_000373,TRANSACTION,txn_000373,LEGITIMATE,2025-07-08T10:39:14,fraud_analyst_review,0.86
label_000374,TRANSACTION,txn_000374,LEGITIMATE,2025-08-08T17:50:46,automated_baseline,0.91
label_000375,TRANSACTION,txn_000375,LEGITIMATE,2025-04-21T09:55:35,fraud_analyst_review,0.87
label_000376,TRANSACTION,txn_000376,LEGITIMATE,2025-09-23T13:03:47,automated_baseline,0.88
label_000377,TRANSACTION,txn_000377,LEGITIMATE,2025-08-01T12:22:56,fraud_analyst_review,0.86
label_000378,TRANSACTION,txn_000378,LEGITIMATE,2025-09-09T08:58:34,fraud_analyst_review,0.98
label_000379,TRANSACTION,txn_000379,LEGITIMATE,2025-03-19T16:13:06,fraud_analyst_review,0.86
label_000380,TRANSACTION,txn_000380,LEGITIMATE,2025-01-16T18:22:37,automated_baseline,0.98
label_000381,TRANSACTION,txn_000381,LEGITIMATE,2025-02-05T18:02:24,automated_baseline,0.92
label_000382,TRANSACTION,txn_000382,LEGITIMATE,2025-02-11T20:25:16,fraud_analyst_review,0.9
label_000383,TRANSACTION,txn_000383,LEGITIMATE,2025-11-02T08:21:05,fraud_analyst_review,0.93
label_000384,TRANSACTION,txn_000384,LEGITIMATE,2025-03-13T21:09:22,fraud_analyst_review,0.87
label_000385,TRANSACTION,txn_000385,LEGITIMATE,2025-10-09T23:26:04,fraud_analyst_review,0.96
label_000386,TRANSACTION,txn_000386,LEGITIMATE,2025-09-28T08:50:33,automated_baseline,0.86
label_000387,TRANSACTION,txn_000387,LEGITIMATE,2025-03-06T13:27:55,automated_baseline,0.88
label_000388,TRANSACTION,txn_000388,LEGITIMATE,2025-09-02T21:05:45,fraud_analyst_review,0.86
label_000389,TRANSACTION,txn_000389,LEGITIMATE,2025-01-08T10:39:33,fraud_analyst_review,0.97
label_000390,TRANSACTION,txn_000390,LEGITIMATE,2025-03-04T16:49:11,automated_baseline,0.93
label_000391,TRANSACTION,txn_000391,LEGITIMATE,2025-06-11T22:26:36,automated_baseline,0.94
label_000392,TRANSACTION,txn_000392,LEGITIMATE,2025-03-10T16:57:10,fraud_analyst_review,0.88
label_000393,TRANSACTION,txn_000393,LEGITIMATE,2025-09-20T22:37:29,automated_baseline,0.92
label_000394,TRANSACTION,txn_000394,LEGITIMATE,2025-12-15T02:31:11,automated_baseline,0.98
label_000395,TRANSACTION,txn_000395,LEGITIMATE,2025-01-17T07:58:00,automated_baseline,0.95
label_000396,TRANSACTION,txn_000396,LEGITIMATE,2025-09-09T08:17:37,fraud_analyst_review,0.96
label_000397,TRANSACTION,txn_000397,LEGITIMATE,2025-09-11T20:42:37,automated_baseline,0.89
label_000398,TRANSACTION,txn_000398,LEGITIMATE,2025-10-20T13:18:28,fraud_analyst_review,0.98
label_000399,TRANSACTION,txn_000399,LEGITIMATE,2025-02-28T12:56:38,fraud_analyst_review,0.89
label_000400,TRANSACTION,txn_000400,LEGITIMATE,2025-09-14T09:56:16,fraud_analyst_review,0.98
label_000401,TRANSACTION,txn_000401,LEGITIMATE,2025-09-15T21:36:16,fraud_analyst_review,0.91
label_000402,TRANSACTION,txn_000402,LEGITIMATE,2025-12-11T18:22:46,automated_baseline,0.86
label_000403,TRANSACTION,txn_000403,LEGITIMATE,2025-02-06T01:29:27,automated_baseline,0.85
label_000404,TRANSACTION,txn_000404,LEGITIMATE,2025-07-16T06:54:01,automated_baseline,0.91
label_000405,TRANSACTION,txn_000405,LEGITIMATE,2025-08-08T16:21:53,automated_baseline,0.95
label_000406,TRANSACTION,txn_000406,LEGITIMATE,2025-03-16T19:39:42,fraud_analyst_review,0.86
label_000407,TRANSACTION,txn_000407,LEGITIMATE,2025-05-24T10:55:17,fraud_analyst_review,0.93
label_000408,TRANSACTION,txn_000408,LEGITIMATE,2025-02-26T02:30:14,automated_baseline,0.95
label_000409,TRANSACTION,txn_000409,LEGITIMATE,2025-12-24T23:57:31,automated_baseline,0.87
label_000410,TRANSACTION,txn_000410,LEGITIMATE,2025-11-04T07:01:10,automated_baseline,0.96
label_000411,TRANSACTION,txn_000411,LEGITIMATE,2025-06-19T04:04:57,fraud_analyst_review,0.97
label_000412,TRANSACTION,txn_000412,LEGITIMATE,2025-09-17T04:16:53,fraud_analyst_review,0.9
label_000413,TRANSACTION,txn_000413,LEGITIMATE,2025-09-08T21:02:42,automated_baseline,0.94
label_000414,TRANSACTION,txn_000414,LEGITIMATE,2025-03-15T14:26:50,automated_baseline,0.98
label_000415,TRANSACTION,txn_000415,LEGITIMATE,2025-02-02T22:01:33,automated_baseline,0.9
label_000416,TRANSACTION,txn_000416,LEGITIMATE,2025-02-05T08:44:55,fraud_analyst_review,0.98
label_000417,TRANSACTION,txn_000417,LEGITIMATE,2025-04-26T18:21:17,fraud_analyst_review,0.98
label_000418,TRANSACTION,txn_000418,LEGITIMATE,2025-04-07T20:15:25,automated_baseline,0.89
label_000419,TRANSACTION,txn_000419,LEGITIMATE,2025-12-21T21:09:42,automated_baseline,0.89
label_000420,TRANSACTION,txn_000420,LEGITIMATE,2025-07-29T21:21:48,automated_baseline,0.96
label_000421,TRANSACTION,txn_000421,LEGITIMATE,2025-04-21T03:22:04,fraud_analyst_review,0.86
label_000422,TRANSACTION,txn_000422,LEGITIMATE,2025-11-19T13:15:12,fraud_analyst_review,0.97
label_000423,TRANSACTION,txn_000423,LEGITIMATE,2025-05-13T17:22:14,automated_baseline,0.96
label_000424,TRANSACTION,txn_000424,LEGITIMATE,2025-05-18T02:31:57,automated_baseline,0.87
label_000425,TRANSACTION,txn_000425,LEGITIMATE,2025-10-22T13:28:45,automated_baseline,0.99
label_000426,TRANSACTION,txn_000426,LEGITIMATE,2025-03-18T04:50:40,automated_baseline,0.94
label_000427,TRANSACTION,txn_000427,LEGITIMATE,2025-02-19T12:20:31,automated_baseline,0.97
label_000428,TRANSACTION,txn_000428,LEGITIMATE,2025-02-22T09:56:31,fraud_analyst_review,0.85
label_000429,TRANSACTION,txn_000429,LEGITIMATE,2025-11-24T21:56:01,automated_baseline,0.86
label_000430,TRANSACTION,txn_000430,LEGITIMATE,2025-03-17T14:21:45,fraud_analyst_review,0.98
label_000431,TRANSACTION,txn_000431,LEGITIMATE,2025-09-01T03:57:36,fraud_analyst_review,0.97
label_000432,TRANSACTION,txn_000432,LEGITIMATE,2025-11-16T03:30:55,fraud_analyst_review,0.96
label_000433,TRANSACTION,txn_000433,LEGITIMATE,2025-05-02T17:10:33,automated_baseline,0.89
label_000434,TRANSACTION,txn_000434,LEGITIMATE,2025-05-30T03:07:38,automated_baseline,0.91
label_000435,TRANSACTION,txn_000435,LEGITIMATE,2025-10-05T01:11:56,fraud_analyst_review,0.92
label_000436,TRANSACTION,txn_000436,LEGITIMATE,2025-02-19T14:44:15,automated_baseline,0.87
label_000437,TRANSACTION,txn_000437,LEGITIMATE,2025-08-16T19:12:58,automated_baseline,0.91
label_000438,TRANSACTION,txn_000438,LEGITIMATE,2025-03-15T13:38:18,fraud_analyst_review,0.94
label_000439,TRANSACTION,txn_000439,LEGITIMATE,2025-03-27T06:20:39,automated_baseline,0.88
label_000440,TRANSACTION,txn_000440,LEGITIMATE,2025-11-17T20:51:50,automated_baseline,0.87
label_000441,TRANSACTION,txn_000441,LEGITIMATE,2025-04-21T08:26:43,automated_baseline,0.87
label_000442,TRANSACTION,txn_000442,LEGITIMATE,2025-09-12T08:48:23,automated_baseline,0.9
label_000443,TRANSACTION,txn_000443,LEGITIMATE,2025-02-16T01:07:16,fraud_analyst_review,0.99
label_000444,TRANSACTION,txn_000444,LEGITIMATE,2025-11-03T15:46:29,fraud_analyst_review,0.88
label_000445,TRANSACTION,txn_000445,LEGITIMATE,2025-10-19T19:29:54,fraud_analyst_review,0.95
label_000446,TRANSACTION,txn_000446,LEGITIMATE,2025-03-22T11:42:24,fraud_analyst_review,0.91
label_000447,TRANSACTION,txn_000447,LEGITIMATE,2025-02-22T05:17:57,automated_baseline,0.92
label_000448,TRANSACTION,txn_000448,LEGITIMATE,2025-05-23T18:24:34,automated_baseline,0.89
label_000449,TRANSACTION,txn_000449,LEGITIMATE,2025-08-01T07:25:53,automated_baseline,0.9
label_000450,TRANSACTION,txn_000450,LEGITIMATE,2025-04-28T14:48:49,automated_baseline,0.99
label_000451,TRANSACTION,txn_000451,LEGITIMATE,2025-11-16T09:35:26,fraud_analyst_review,0.95
label_000452,TRANSACTION,txn_000452,LEGITIMATE,2025-10-27T03:20:30,automated_baseline,0.9
label_000453,TRANSACTION,txn_000453,LEGITIMATE,2025-11-11T18:57:18,fraud_analyst_review,0.96
label_000454,TRANSACTION,txn_000454,LEGITIMATE,2025-11-02T00:54:55,fraud_analyst_review,0.88
label_000455,TRANSACTION,txn_000455,LEGITIMATE,2025-05-08T17:23:25,automated_baseline,0.94
label_000456,TRANSACTION,txn_000456,LEGITIMATE,2025-12-20T23:29:14,automated_baseline,0.91
label_000457,TRANSACTION,txn_000457,LEGITIMATE,2025-03-06T23:40:35,automated_baseline,0.97
label_000458,TRANSACTION,txn_000458,LEGITIMATE,2025-08-17T03:50:18,automated_baseline,0.91
label_000459,TRANSACTION,txn_000459,LEGITIMATE,2025-06-28T18:24:02,fraud_analyst_review,0.95
label_000460,TRANSACTION,txn_000460,LEGITIMATE,2025-04-07T19:31:17,automated_baseline,0.95
label_000461,TRANSACTION,txn_000461,LEGITIMATE,2025-12-09T18:28:59,fraud_analyst_review,0.91
label_000462,TRANSACTION,txn_000462,LEGITIMATE,2025-10-25T17:44:43,automated_baseline,0.91
label_000463,TRANSACTION,txn_000463,LEGITIMATE,2025-06-10T01:16:21,fraud_analyst_review,0.92
label_000464,TRANSACTION,txn_000464,LEGITIMATE,2025-11-23T20:46:52,automated_baseline,0.86
label_000465,TRANSACTION,txn_000465,LEGITIMATE,2025-03-26T04:39:00,automated_baseline,0.9
label_000466,TRANSACTION,txn_000466,LEGITIMATE,2025-12-27T17:27:06,automated_baseline,0.95
label_000467,TRANSACTION,txn_000467,LEGITIMATE,2025-08-07T07:38:26,automated_baseline,0.88
label_000468,TRANSACTION,txn_000468,LEGITIMATE,2025-01-05T16:16:28,fraud_analyst_review,0.86
label_000469,TRANSACTION,txn_000469,LEGITIMATE,2025-02-09T13:20:17,fraud_analyst_review,0.98
label_000470,TRANSACTION,txn_000470,LEGITIMATE,2025-11-27T18:18:37,fraud_analyst_review,0.9
label_000471,TRANSACTION,txn_000471,LEGITIMATE,2025-01-09T06:38:22,automated_baseline,0.94
label_000472,TRANSACTION,txn_000472,LEGITIMATE,2025-05-26T22:56:28,automated_baseline,0.89
label_000473,TRANSACTION,txn_000473,LEGITIMATE,2025-10-19T13:04:29,automated_baseline,0.96
label_000474,TRANSACTION,txn_000474,LEGITIMATE,2025-06-21T19:31:08,automated_baseline,0.94
label_000475,TRANSACTION,txn_000475,LEGITIMATE,2025-08-02T03:59:32,automated_baseline,0.88
label_000476,TRANSACTION,txn_000476,LEGITIMATE,2025-09-04T20:37:23,fraud_analyst_review,0.91
label_000477,TRANSACTION,txn_000477,LEGITIMATE,2025-10-28T21:41:44,automated_baseline,0.93
label_000478,TRANSACTION,txn_000478,LEGITIMATE,2025-05-26T17:38:20,automated_baseline,0.87
label_000479,TRANSACTION,txn_000479,LEGITIMATE,2025-06-07T03:59:41,automated_baseline,0.91
label_000480,TRANSACTION,txn_000480,LEGITIMATE,2025-06-10T18:43:41,automated_baseline,0.96
label_000481,TRANSACTION,txn_000481,LEGITIMATE,2025-09-28T11:58:05,fraud_analyst_review,0.85
label_000482,TRANSACTION,txn_000482,LEGITIMATE,2025-04-09T18:10:10,automated_baseline,0.96
label_000483,TRANSACTION,txn_000483,LEGITIMATE,2025-07-21T10:15:55,fraud_analyst_review,0.93
label_000484,TRANSACTION,txn_000484,LEGITIMATE,2025-11-13T05:31:18,fraud_analyst_review,0.85
label_000485,TRANSACTION,txn_000485,LEGITIMATE,2025-03-08T06:49:35,automated_baseline,0.91
label_000486,TRANSACTION,txn_000486,LEGITIMATE,2025-04-11T17:42:06,automated_baseline,0.89
label_000487,TRANSACTION,txn_000487,LEGITIMATE,2025-04-02T04:53:33,automated_baseline,0.94
label_000488,TRANSACTION,txn_000488,LEGITIMATE,2025-05-26T22:55:32,fraud_analyst_review,0.99
label_000489,TRANSACTION,txn_000489,LEGITIMATE,2025-12-06T02:32:17,automated_baseline,0.85
label_000490,TRANSACTION,txn_000490,LEGITIMATE,2025-06-25T13:35:54,automated_baseline,0.85
label_000491,TRANSACTION,txn_000491,LEGITIMATE,2025-11-10T15:51:03,automated_baseline,0.9
label_000492,TRANSACTION,txn_000492,LEGITIMATE,2025-08-24T20:21:12,automated_baseline,0.87
label_000493,TRANSACTION,txn_000493,LEGITIMATE,2025-12-15T03:40:00,automated_baseline,0.87
label_000494,TRANSACTION,txn_000494,LEGITIMATE,2025-12-27T20:22:23,automated_baseline,0.94
label_000495,TRANSACTION,txn_000495,LEGITIMATE,2025-12-28T21:38:07,fraud_analyst_review,0.94
label_000496,TRANSACTION,txn_000496,LEGITIMATE,2025-04-24T00:46:51,fraud_analyst_review,0.93
label_000497,TRANSACTION,txn_000497,LEGITIMATE,2025-04-24T08:55:51,fraud_analyst_review,0.89
label_000498,TRANSACTION,txn_000498,LEGITIMATE,2025-02-11T10:05:10,automated_baseline,0.92
label_000499,TRANSACTION,txn_000499,LEGITIMATE,2025-05-05T08:32:54,fraud_analyst_review,0.86
label_000500,TRANSACTION,txn_000500,LEGITIMATE,2025-12-25T13:06:17,automated_baseline,0.99
label_000501,TRANSACTION,txn_000501,LEGITIMATE,2025-10-22T07:54:29,automated_baseline,0.95
label_000502,TRANSACTION,txn_000502,LEGITIMATE,2025-11-27T01:06:02,fraud_analyst_review,0.95
label_000503,TRANSACTION,txn_000503,LEGITIMATE,2025-05-21T16:30:20,fraud_analyst_review,0.98
label_000504,TRANSACTION,txn_000504,LEGITIMATE,2025-03-18T18:17:59,automated_baseline,0.85
label_000505,TRANSACTION,txn_000505,LEGITIMATE,2025-09-11T12:42:31,fraud_analyst_review,0.97
label_000506,TRANSACTION,txn_000506,LEGITIMATE,2025-02-19T07:02:54,automated_baseline,0.93
label_000507,TRANSACTION,txn_000507,LEGITIMATE,2025-03-12T08:05:33,automated_baseline,0.91
label_000508,TRANSACTION,txn_000508,LEGITIMATE,2025-07-09T18:11:22,automated_baseline,0.88
label_000509,TRANSACTION,txn_000509,LEGITIMATE,2025-02-17T18:56:55,automated_baseline,0.99
label_000510,TRANSACTION,txn_000510,LEGITIMATE,2025-04-07T10:58:09,fraud_analyst_review,0.95
label_000511,TRANSACTION,txn_000511,LEGITIMATE,2025-09-15T08:30:16,automated_baseline,0.93
label_000512,TRANSACTION,txn_000512,LEGITIMATE,2025-08-02T13:56:37,automated_baseline,0.98
label_000513,TRANSACTION,txn_000513,LEGITIMATE,2025-09-03T22:29:16,automated_baseline,0.91
label_000514,TRANSACTION,txn_000514,LEGITIMATE,2025-04-15T22:27:58,fraud_analyst_review,0.87
label_000515,TRANSACTION,txn_000515,LEGITIMATE,2025-05-28T02:09:33,automated_baseline,0.92
label_000516,TRANSACTION,txn_000516,LEGITIMATE,2025-03-08T08:55:52,fraud_analyst_review,0.92
label_000517,TRANSACTION,txn_000517,LEGITIMATE,2025-03-03T09:46:55,automated_baseline,0.94
label_000518,TRANSACTION,txn_000518,LEGITIMATE,2025-07-15T01:46:57,automated_baseline,0.98
label_000519,TRANSACTION,txn_000519,LEGITIMATE,2025-10-11T12:16:19,fraud_analyst_review,0.96
label_000520,TRANSACTION,txn_000520,LEGITIMATE,2025-10-13T18:57:19,fraud_analyst_review,0.92
label_000521,TRANSACTION,txn_000521,LEGITIMATE,2025-03-15T22:03:36,automated_baseline,0.94
label_000522,TRANSACTION,txn_000522,LEGITIMATE,2025-11-23T00:40:30,automated_baseline,0.9
label_000523,TRANSACTION,txn_000523,LEGITIMATE,2025-04-27T05:45:27,fraud_analyst_review,0.88
label_000524,TRANSACTION,txn_000524,LEGITIMATE,2025-11-26T11:51:42,fraud_analyst_review,0.87
label_000525,TRANSACTION,txn_000525,LEGITIMATE,2025-06-17T08:15:57,automated_baseline,0.98
label_000526,TRANSACTION,txn_000526,LEGITIMATE,2025-06-18T17:10:57,fraud_analyst_review,0.9
label_000527,TRANSACTION,txn_000527,LEGITIMATE,2025-06-20T08:43:16,automated_baseline,0.9
label_000528,TRANSACTION,txn_000528,LEGITIMATE,2025-02-21T23:25:27,automated_baseline,0.98
label_000529,TRANSACTION,txn_000529,LEGITIMATE,2025-07-12T11:53:29,fraud_analyst_review,0.87
label_000530,TRANSACTION,txn_000530,LEGITIMATE,2025-01-06T08:08:02,automated_baseline,0.91
label_000531,TRANSACTION,txn_000531,LEGITIMATE,2025-08-28T20:49:18,fraud_analyst_review,0.99
label_000532,TRANSACTION,txn_000532,LEGITIMATE,2025-08-26T08:44:08,automated_baseline,0.89
label_000533,TRANSACTION,txn_000533,LEGITIMATE,2025-12-02T16:49:37,automated_baseline,0.9
label_000534,TRANSACTION,txn_000534,LEGITIMATE,2025-02-12T18:19:11,fraud_analyst_review,0.98
label_000535,TRANSACTION,txn_000535,LEGITIMATE,2025-04-21T19:53:48,fraud_analyst_review,0.9
label_000536,TRANSACTION,txn_000536,LEGITIMATE,2025-05-09T16:15:01,fraud_analyst_review,0.88
label_000537,TRANSACTION,txn_000537,LEGITIMATE,2025-09-06T11:54:42,automated_baseline,0.95
label_000538,TRANSACTION,txn_000538,LEGITIMATE,2025-10-09T16:51:29,automated_baseline,0.88
label_000539,TRANSACTION,txn_000539,LEGITIMATE,2025-09-03T14:45:50,automated_baseline,0.93
label_000540,TRANSACTION,txn_000540,LEGITIMATE,2025-11-05T12:25:17,automated_baseline,0.91
label_000541,TRANSACTION,txn_000541,LEGITIMATE,2025-03-13T12:36:21,fraud_analyst_review,0.89
label_000542,TRANSACTION,txn_000542,LEGITIMATE,2025-01-18T17:44:20,automated_baseline,0.89
label_000543,TRANSACTION,txn_000543,LEGITIMATE,2025-09-09T22:59:51,fraud_analyst_review,0.95
label_000544,TRANSACTION,txn_000544,LEGITIMATE,2025-04-05T03:50:02,automated_baseline,0.95
label_000545,TRANSACTION,txn_000545,LEGITIMATE,2025-05-06T23:12:01,automated_baseline,0.91
label_000546,TRANSACTION,txn_000546,LEGITIMATE,2025-07-12T15:54:35,fraud_analyst_review,0.98
label_000547,TRANSACTION,txn_000547,LEGITIMATE,2025-11-14T12:33:41,automated_baseline,0.91
label_000548,TRANSACTION,txn_000548,LEGITIMATE,2025-10-10T07:19:14,automated_baseline,0.87
label_000549,TRANSACTION,txn_000549,LEGITIMATE,2025-11-04T12:01:45,fraud_analyst_review,0.96
label_000550,TRANSACTION,txn_000550,LEGITIMATE,2025-09-26T18:31:29,fraud_analyst_review,0.86
label_000551,TRANSACTION,txn_000551,LEGITIMATE,2025-03-30T02:13:55,fraud_analyst_review,0.95
label_000552,TRANSACTION,txn_000552,LEGITIMATE,2025-02-09T12:31:02,fraud_analyst_review,0.98
label_000553,TRANSACTION,txn_000553,LEGITIMATE,2025-05-11T02:26:22,fraud_analyst_review,0.94
label_000554,TRANSACTION,txn_000554,LEGITIMATE,2026-01-01T07:05:20,automated_baseline,0.89
label_000555,TRANSACTION,txn_000555,LEGITIMATE,2025-10-10T06:14:25,fraud_analyst_review,0.89
label_000556,TRANSACTION,txn_000556,LEGITIMATE,2025-06-12T14:41:26,fraud_analyst_review,0.86
label_000557,TRANSACTION,txn_000557,LEGITIMATE,2025-05-21T11:40:34,fraud_analyst_review,0.91
label_000558,TRANSACTION,txn_000558,LEGITIMATE,2025-10-18T03:25:05,fraud_analyst_review,0.86
label_000559,TRANSACTION,txn_000559,LEGITIMATE,2025-01-12T18:34:05,fraud_analyst_review,0.87
label_000560,TRANSACTION,txn_000560,LEGITIMATE,2025-06-09T20:17:03,automated_baseline,0.87
label_000561,TRANSACTION,txn_000561,LEGITIMATE,2025-06-03T23:11:44,fraud_analyst_review,0.95
label_000562,TRANSACTION,txn_000562,LEGITIMATE,2025-02-18T14:43:38,automated_baseline,0.96
label_000563,TRANSACTION,txn_000563,LEGITIMATE,2025-01-22T05:48:36,automated_baseline,0.9
label_000564,TRANSACTION,txn_000564,LEGITIMATE,2025-07-30T08:26:43,automated_baseline,0.93
label_000565,TRANSACTION,txn_000565,LEGITIMATE,2025-08-09T08:17:16,fraud_analyst_review,0.96
label_000566,TRANSACTION,txn_000566,LEGITIMATE,2025-02-20T08:16:05,automated_baseline,0.92
label_000567,TRANSACTION,txn_000567,LEGITIMATE,2025-04-23T16:18:31,automated_baseline,0.97
label_000568,TRANSACTION,txn_000568,LEGITIMATE,2025-10-11T00:27:07,fraud_analyst_review,0.89
label_000569,TRANSACTION,txn_000569,LEGITIMATE,2025-03-23T02:22:57,automated_baseline,0.96
label_000570,TRANSACTION,txn_000570,LEGITIMATE,2025-03-07T22:51:58,fraud_analyst_review,0.99
label_000571,TRANSACTION,txn_000571,LEGITIMATE,2025-07-09T15:51:13,fraud_analyst_review,0.92
label_000572,TRANSACTION,txn_000572,LEGITIMATE,2025-06-24T19:41:50,automated_baseline,0.87
label_000573,TRANSACTION,txn_000573,LEGITIMATE,2025-03-28T15:59:19,fraud_analyst_review,0.87
label_000574,TRANSACTION,txn_000574,LEGITIMATE,2025-06-05T23:56:31,fraud_analyst_review,0.87
label_000575,TRANSACTION,txn_000575,LEGITIMATE,2025-08-09T17:05:08,automated_baseline,0.86
label_000576,TRANSACTION,txn_000576,LEGITIMATE,2025-02-25T02:03:34,fraud_analyst_review,0.92
label_000577,TRANSACTION,txn_000577,LEGITIMATE,2025-12-14T14:01:59,fraud_analyst_review,0.98
label_000578,TRANSACTION,txn_000578,LEGITIMATE,2025-12-21T11:18:41,automated_baseline,0.86
label_000579,TRANSACTION,txn_000579,LEGITIMATE,2025-03-07T10:49:12,fraud_analyst_review,0.92
label_000580,TRANSACTION,txn_000580,LEGITIMATE,2025-03-02T22:11:12,fraud_analyst_review,0.94
label_000581,TRANSACTION,txn_000581,LEGITIMATE,2025-09-28T11:47:52,automated_baseline,0.99
label_000582,TRANSACTION,txn_000582,LEGITIMATE,2025-04-28T07:23:35,fraud_analyst_review,0.91
label_000583,TRANSACTION,txn_000583,LEGITIMATE,2025-12-26T18:32:49,fraud_analyst_review,0.9
label_000584,TRANSACTION,txn_000584,LEGITIMATE,2025-11-10T01:09:10,automated_baseline,0.94
label_000585,TRANSACTION,txn_000585,LEGITIMATE,2025-06-04T23:55:17,fraud_analyst_review,0.85
label_000586,TRANSACTION,txn_000586,LEGITIMATE,2025-05-01T09:08:41,automated_baseline,0.85
label_000587,TRANSACTION,txn_000587,LEGITIMATE,2025-06-17T01:18:26,fraud_analyst_review,0.87
label_000588,TRANSACTION,txn_000588,LEGITIMATE,2025-03-03T13:04:06,fraud_analyst_review,0.97
label_000589,TRANSACTION,txn_000589,LEGITIMATE,2025-02-06T05:31:39,automated_baseline,0.94
label_000590,TRANSACTION,txn_000590,LEGITIMATE,2025-09-04T10:06:30,fraud_analyst_review,0.88
label_000591,TRANSACTION,txn_000591,LEGITIMATE,2025-02-02T06:33:28,automated_baseline,0.86
label_000592,TRANSACTION,txn_000592,LEGITIMATE,2025-12-21T12:02:31,automated_baseline,0.92
label_000593,TRANSACTION,txn_000593,LEGITIMATE,2025-11-11T01:26:24,automated_baseline,0.87
label_000594,TRANSACTION,txn_000594,LEGITIMATE,2025-03-03T12:21:08,automated_baseline,0.92
label_000595,TRANSACTION,txn_000595,LEGITIMATE,2025-05-08T05:05:29,fraud_analyst_review,0.95
label_000596,TRANSACTION,txn_000596,LEGITIMATE,2025-12-25T05:30:26,fraud_analyst_review,0.86
label_000597,TRANSACTION,txn_000597,LEGITIMATE,2025-06-18T08:55:55,automated_baseline,0.94
label_000598,TRANSACTION,txn_000598,LEGITIMATE,2025-03-07T00:15:26,fraud_analyst_review,0.91
label_000599,TRANSACTION,txn_000599,LEGITIMATE,2025-04-06T08:00:51,automated_baseline,0.95
label_000600,TRANSACTION,txn_000600,LEGITIMATE,2025-04-21T04:46:35,automated_baseline,0.93
label_000601,TRANSACTION,txn_000601,LEGITIMATE,2025-03-25T13:19:18,automated_baseline,0.87
label_000602,TRANSACTION,txn_000602,LEGITIMATE,2025-04-21T17:36:11,automated_baseline,0.98
label_000603,TRANSACTION,txn_000603,LEGITIMATE,2025-07-02T11:54:24,fraud_analyst_review,0.92
label_000604,TRANSACTION,txn_000604,LEGITIMATE,2025-12-31T04:19:56,automated_baseline,0.99
label_000605,TRANSACTION,txn_000605,LEGITIMATE,2025-10-09T05:11:29,automated_baseline,0.89
label_000606,TRANSACTION,txn_000606,LEGITIMATE,2025-04-13T11:36:54,automated_baseline,0.98
label_000607,TRANSACTION,txn_000607,LEGITIMATE,2025-12-11T20:06:51,fraud_analyst_review,0.94
label_000608,TRANSACTION,txn_000608,LEGITIMATE,2025-10-25T14:03:12,automated_baseline,0.95
label_000609,TRANSACTION,txn_000609,LEGITIMATE,2025-07-01T20:44:40,fraud_analyst_review,0.96
label_000610,TRANSACTION,txn_000610,LEGITIMATE,2025-12-22T01:07:54,automated_baseline,0.86
label_000611,TRANSACTION,txn_000611,LEGITIMATE,2025-10-17T09:06:44,fraud_analyst_review,0.89
label_000612,TRANSACTION,txn_000612,LEGITIMATE,2025-06-04T04:26:13,automated_baseline,0.86
label_000613,TRANSACTION,txn_000613,LEGITIMATE,2025-03-10T14:41:06,automated_baseline,0.94
label_000614,TRANSACTION,txn_000614,LEGITIMATE,2025-04-14T10:17:39,fraud_analyst_review,0.9
label_000615,TRANSACTION,txn_000615,LEGITIMATE,2025-05-16T00:23:31,automated_baseline,0.92
label_000616,TRANSACTION,txn_000616,LEGITIMATE,2025-05-03T09:22:40,automated_baseline,0.94
label_000617,TRANSACTION,txn_000617,LEGITIMATE,2025-09-21T19:09:48,fraud_analyst_review,0.87
label_000618,TRANSACTION,txn_000618,LEGITIMATE,2025-10-21T05:47:23,fraud_analyst_review,0.94
label_000619,TRANSACTION,txn_000619,LEGITIMATE,2025-10-03T20:25:39,fraud_analyst_review,0.87
label_000620,TRANSACTION,txn_000620,LEGITIMATE,2025-05-19T18:13:35,fraud_analyst_review,0.88
label_000621,TRANSACTION,txn_000621,LEGITIMATE,2025-12-16T06:04:02,fraud_analyst_review,0.93
label_000622,TRANSACTION,txn_000622,LEGITIMATE,2025-07-22T00:27:32,fraud_analyst_review,0.89
label_000623,TRANSACTION,txn_000623,LEGITIMATE,2025-04-23T13:06:42,fraud_analyst_review,0.85
label_000624,TRANSACTION,txn_000624,LEGITIMATE,2025-01-02T23:44:40,fraud_analyst_review,0.97
label_000625,TRANSACTION,txn_000625,LEGITIMATE,2025-02-25T10:18:26,automated_baseline,0.96
label_000626,TRANSACTION,txn_000626,LEGITIMATE,2025-12-24T09:31:51,automated_baseline,0.95
label_000627,TRANSACTION,txn_000627,LEGITIMATE,2025-04-29T11:10:10,fraud_analyst_review,0.96
label_000628,TRANSACTION,txn_000628,LEGITIMATE,2025-07-23T15:53:51,automated_baseline,0.98
label_000629,TRANSACTION,txn_000629,LEGITIMATE,2025-07-17T23:12:51,fraud_analyst_review,0.96
label_000630,TRANSACTION,txn_000630,LEGITIMATE,2025-12-07T23:10:16,automated_baseline,0.91
label_000631,TRANSACTION,txn_000631,LEGITIMATE,2025-01-22T06:48:24,fraud_analyst_review,0.97
label_000632,TRANSACTION,txn_000632,LEGITIMATE,2025-02-26T01:02:35,automated_baseline,0.89
label_000633,TRANSACTION,txn_000633,LEGITIMATE,2025-01-27T02:39:33,automated_baseline,0.98
label_000634,TRANSACTION,txn_000634,LEGITIMATE,2025-04-12T02:10:23,fraud_analyst_review,0.87
label_000635,TRANSACTION,txn_000635,LEGITIMATE,2025-04-12T21:25:23,automated_baseline,0.92
label_000636,TRANSACTION,txn_000636,LEGITIMATE,2025-09-17T06:43:55,fraud_analyst_review,0.95
label_000637,TRANSACTION,txn_000637,LEGITIMATE,2025-06-27T13:41:56,fraud_analyst_review,0.86
label_000638,TRANSACTION,txn_000638,LEGITIMATE,2025-01-04T13:27:18,fraud_analyst_review,0.98
label_000639,TRANSACTION,txn_000639,LEGITIMATE,2025-09-12T18:02:32,fraud_analyst_review,0.96
label_000640,TRANSACTION,txn_000640,LEGITIMATE,2025-07-12T05:03:00,fraud_analyst_review,0.87
label_000641,TRANSACTION,txn_000641,LEGITIMATE,2025-11-27T22:57:22,fraud_analyst_review,0.9
label_000642,TRANSACTION,txn_000642,LEGITIMATE,2025-10-21T12:51:45,fraud_analyst_review,0.96
label_000643,TRANSACTION,txn_000643,LEGITIMATE,2025-05-27T16:18:24,fraud_analyst_review,0.91
label_000644,TRANSACTION,txn_000644,LEGITIMATE,2025-02-03T09:49:55,automated_baseline,0.98
label_000645,TRANSACTION,txn_000645,LEGITIMATE,2025-03-14T00:23:42,fraud_analyst_review,0.92
label_000646,TRANSACTION,txn_000646,LEGITIMATE,2025-12-06T10:10:18,fraud_analyst_review,0.85
label_000647,TRANSACTION,txn_000647,LEGITIMATE,2025-12-05T21:04:13,fraud_analyst_review,0.91
label_000648,TRANSACTION,txn_000648,LEGITIMATE,2025-01-13T12:57:20,automated_baseline,0.88
label_000649,TRANSACTION,txn_000649,LEGITIMATE,2025-11-09T21:28:53,fraud_analyst_review,0.93
label_000650,TRANSACTION,txn_000650,LEGITIMATE,2025-10-08T22:25:19,automated_baseline,0.98
label_000651,TRANSACTION,txn_000651,LEGITIMATE,2025-10-10T00:44:19,automated_baseline,0.93
label_000652,TRANSACTION,txn_000652,LEGITIMATE,2025-06-16T22:35:05,fraud_analyst_review,0.9
label_000653,TRANSACTION,txn_000653,LEGITIMATE,2025-01-04T22:49:10,automated_baseline,0.99
label_000654,TRANSACTION,txn_000654,LEGITIMATE,2025-01-06T05:48:10,automated_baseline,0.91
label_000655,TRANSACTION,txn_000655,LEGITIMATE,2025-09-12T11:09:24,automated_baseline,0.89
label_000656,TRANSACTION,txn_000656,LEGITIMATE,2025-10-05T00:17:21,automated_baseline,0.92
label_000657,TRANSACTION,txn_000657,LEGITIMATE,2025-12-16T17:01:22,automated_baseline,0.97
label_000658,TRANSACTION,txn_000658,LEGITIMATE,2025-10-09T14:03:28,fraud_analyst_review,0.98
label_000659,TRANSACTION,txn_000659,LEGITIMATE,2025-10-09T18:29:28,fraud_analyst_review,0.97
label_000660,TRANSACTION,txn_000660,LEGITIMATE,2025-01-08T08:29:49,automated_baseline,0.94
label_000661,TRANSACTION,txn_000661,LEGITIMATE,2025-12-20T10:53:05,automated_baseline,0.96
label_000662,TRANSACTION,txn_000662,LEGITIMATE,2025-08-03T22:13:31,fraud_analyst_review,0.91
label_000663,TRANSACTION,txn_000663,LEGITIMATE,2025-10-19T13:48:40,automated_baseline,0.96
label_000664,TRANSACTION,txn_000664,LEGITIMATE,2025-04-15T08:56:24,automated_baseline,0.89
label_000665,TRANSACTION,txn_000665,LEGITIMATE,2025-06-20T20:23:06,automated_baseline,0.89
label_000666,TRANSACTION,txn_000666,LEGITIMATE,2025-10-25T12:46:17,automated_baseline,0.87
label_000667,TRANSACTION,txn_000667,LEGITIMATE,2025-09-23T19:57:21,automated_baseline,0.98
label_000668,TRANSACTION,txn_000668,LEGITIMATE,2025-10-07T00:10:16,automated_baseline,0.92
label_000669,TRANSACTION,txn_000669,LEGITIMATE,2025-09-07T07:36:14,fraud_analyst_review,0.99
label_000670,TRANSACTION,txn_000670,LEGITIMATE,2025-01-13T03:39:29,fraud_analyst_review,0.98
label_000671,TRANSACTION,txn_000671,LEGITIMATE,2025-12-30T08:47:30,automated_baseline,0.93
label_000672,TRANSACTION,txn_000672,LEGITIMATE,2025-11-21T16:57:05,automated_baseline,0.91
label_000673,TRANSACTION,txn_000673,LEGITIMATE,2025-01-31T23:47:55,automated_baseline,0.91
label_000674,TRANSACTION,txn_000674,LEGITIMATE,2025-09-16T14:55:45,automated_baseline,0.91
label_000675,TRANSACTION,txn_000675,LEGITIMATE,2025-12-07T09:52:35,fraud_analyst_review,0.95
label_000676,TRANSACTION,txn_000676,LEGITIMATE,2025-02-27T09:51:00,automated_baseline,0.91
label_000677,TRANSACTION,txn_000677,LEGITIMATE,2025-08-25T10:57:50,fraud_analyst_review,0.96
label_000678,TRANSACTION,txn_000678,LEGITIMATE,2025-08-19T13:16:03,automated_baseline,0.92
label_000679,TRANSACTION,txn_000679,LEGITIMATE,2025-01-19T18:59:34,fraud_analyst_review,0.9
label_000680,TRANSACTION,txn_000680,LEGITIMATE,2025-07-21T15:17:19,fraud_analyst_review,0.91
label_000681,TRANSACTION,txn_000681,LEGITIMATE,2025-09-16T19:58:41,automated_baseline,0.93
label_000682,TRANSACTION,txn_000682,LEGITIMATE,2025-09-19T17:37:41,fraud_analyst_review,0.97
label_000683,TRANSACTION,txn_000683,LEGITIMATE,2025-06-15T15:32:31,automated_baseline,0.91
label_000684,TRANSACTION,txn_000684,LEGITIMATE,2025-10-12T04:01:14,automated_baseline,0.92
label_000685,TRANSACTION,txn_000685,LEGITIMATE,2025-06-18T08:43:20,automated_baseline,0.98
label_000686,TRANSACTION,txn_000686,LEGITIMATE,2025-09-19T13:07:17,fraud_analyst_review,0.87
label_000687,TRANSACTION,txn_000687,LEGITIMATE,2025-06-18T16:13:40,fraud_analyst_review,0.95
label_000688,TRANSACTION,txn_000688,LEGITIMATE,2025-12-07T23:34:28,fraud_analyst_review,0.93
label_000689,TRANSACTION,txn_000689,LEGITIMATE,2025-06-12T23:16:59,fraud_analyst_review,0.98
label_000690,TRANSACTION,txn_000690,LEGITIMATE,2025-11-23T06:33:37,fraud_analyst_review,0.89
label_000691,TRANSACTION,txn_000691,LEGITIMATE,2025-09-20T03:55:14,automated_baseline,0.89
label_000692,TRANSACTION,txn_000692,LEGITIMATE,2025-03-27T23:00:32,fraud_analyst_review,0.87
label_000693,TRANSACTION,txn_000693,LEGITIMATE,2025-10-25T20:16:09,automated_baseline,0.99
label_000694,TRANSACTION,txn_000694,LEGITIMATE,2025-05-10T17:49:25,automated_baseline,0.96
label_000695,TRANSACTION,txn_000695,LEGITIMATE,2025-03-02T23:06:17,fraud_analyst_review,0.94
label_000696,TRANSACTION,txn_000696,LEGITIMATE,2025-10-08T11:44:47,automated_baseline,0.86
label_000697,TRANSACTION,txn_000697,LEGITIMATE,2025-06-15T02:55:37,fraud_analyst_review,0.99
label_000698,TRANSACTION,txn_000698,LEGITIMATE,2025-06-07T20:21:36,automated_baseline,0.9
label_000699,TRANSACTION,txn_000699,LEGITIMATE,2025-06-25T15:41:54,fraud_analyst_review,0.9
label_000700,TRANSACTION,txn_000700,LEGITIMATE,2025-12-02T22:05:42,fraud_analyst_review,0.92
label_000701,TRANSACTION,txn_000701,LEGITIMATE,2025-06-10T00:17:00,fraud_analyst_review,0.97
label_000702,TRANSACTION,txn_000702,LEGITIMATE,2025-07-14T03:39:04,automated_baseline,0.98
label_000703,TRANSACTION,txn_000703,LEGITIMATE,2025-07-21T22:25:58,automated_baseline,0.97
label_000704,TRANSACTION,txn_000704,LEGITIMATE,2025-06-05T03:31:50,automated_baseline,0.87
label_000705,TRANSACTION,txn_000705,LEGITIMATE,2025-06-29T18:39:21,automated_baseline,0.92
label_000706,TRANSACTION,txn_000706,LEGITIMATE,2025-07-02T18:18:00,fraud_analyst_review,0.86
label_000707,TRANSACTION,txn_000707,LEGITIMATE,2025-05-15T00:09:11,fraud_analyst_review,0.9
label_000708,TRANSACTION,txn_000708,LEGITIMATE,2025-08-19T05:00:49,automated_baseline,0.87
label_000709,TRANSACTION,txn_000709,LEGITIMATE,2025-04-18T16:32:26,automated_baseline,0.86
label_000710,TRANSACTION,txn_000710,LEGITIMATE,2025-05-06T13:59:38,automated_baseline,0.93
label_000711,TRANSACTION,txn_000711,LEGITIMATE,2025-05-04T02:45:32,fraud_analyst_review,0.95
label_000712,TRANSACTION,txn_000712,LEGITIMATE,2025-08-05T16:50:08,fraud_analyst_review,0.96
label_000713,TRANSACTION,txn_000713,LEGITIMATE,2025-05-29T13:32:41,automated_baseline,0.85
label_000714,TRANSACTION,txn_000714,LEGITIMATE,2025-12-24T23:05:55,fraud_analyst_review,0.89
label_000715,TRANSACTION,txn_000715,LEGITIMATE,2025-03-09T11:53:46,automated_baseline,0.9
label_000716,TRANSACTION,txn_000716,LEGITIMATE,2025-06-12T22:49:59,fraud_analyst_review,0.86
label_000717,TRANSACTION,txn_000717,LEGITIMATE,2025-12-18T19:23:59,automated_baseline,0.86
label_000718,TRANSACTION,txn_000718,LEGITIMATE,2025-03-09T01:29:39,automated_baseline,0.94
label_000719,TRANSACTION,txn_000719,LEGITIMATE,2025-02-15T18:10:45,automated_baseline,0.87
label_000720,TRANSACTION,txn_000720,LEGITIMATE,2025-10-25T18:54:20,fraud_analyst_review,0.97
label_000721,TRANSACTION,txn_000721,LEGITIMATE,2025-10-02T04:04:42,automated_baseline,0.89
label_000722,TRANSACTION,txn_000722,LEGITIMATE,2025-02-05T22:27:34,fraud_analyst_review,0.97
label_000723,TRANSACTION,txn_000723,LEGITIMATE,2025-03-02T12:39:06,fraud_analyst_review,0.88
label_000724,TRANSACTION,txn_000724,LEGITIMATE,2025-07-19T08:17:45,automated_baseline,0.92
label_000725,TRANSACTION,txn_000725,LEGITIMATE,2025-12-17T01:30:27,fraud_analyst_review,0.9
label_000726,TRANSACTION,txn_000726,LEGITIMATE,2025-08-01T09:12:28,fraud_analyst_review,0.97
label_000727,TRANSACTION,txn_000727,LEGITIMATE,2025-01-16T15:15:44,fraud_analyst_review,0.93
label_000728,TRANSACTION,txn_000728,LEGITIMATE,2025-03-19T02:31:04,automated_baseline,0.99
label_000729,TRANSACTION,txn_000729,LEGITIMATE,2025-06-28T21:26:19,fraud_analyst_review,0.86
label_000730,TRANSACTION,txn_000730,LEGITIMATE,2025-02-08T20:16:39,fraud_analyst_review,0.97
label_000731,TRANSACTION,txn_000731,LEGITIMATE,2025-06-05T08:20:05,automated_baseline,0.9
label_000732,TRANSACTION,txn_000732,LEGITIMATE,2025-05-24T09:24:53,automated_baseline,0.94
label_000733,TRANSACTION,txn_000733,LEGITIMATE,2025-02-06T02:05:40,fraud_analyst_review,0.94
label_000734,TRANSACTION,txn_000734,LEGITIMATE,2025-09-23T01:20:03,automated_baseline,0.94
label_000735,TRANSACTION,txn_000735,LEGITIMATE,2025-07-16T22:44:24,fraud_analyst_review,0.91
label_000736,TRANSACTION,txn_000736,LEGITIMATE,2025-11-10T11:40:03,fraud_analyst_review,0.87
label_000737,TRANSACTION,txn_000737,LEGITIMATE,2025-02-28T10:41:37,fraud_analyst_review,0.86
label_000738,TRANSACTION,txn_000738,LEGITIMATE,2025-12-12T08:15:37,automated_baseline,0.93
label_000739,TRANSACTION,txn_000739,LEGITIMATE,2025-04-26T15:45:35,fraud_analyst_review,0.88
label_000740,TRANSACTION,txn_000740,LEGITIMATE,2025-06-17T10:40:53,fraud_analyst_review,0.86
label_000741,TRANSACTION,txn_000741,LEGITIMATE,2025-07-19T03:28:44,automated_baseline,0.97
label_000742,TRANSACTION,txn_000742,LEGITIMATE,2025-08-28T01:45:06,fraud_analyst_review,0.93
label_000743,TRANSACTION,txn_000743,LEGITIMATE,2025-07-14T19:31:24,fraud_analyst_review,0.85
label_000744,TRANSACTION,txn_000744,LEGITIMATE,2025-08-21T15:52:30,fraud_analyst_review,0.88
label_000745,TRANSACTION,txn_000745,LEGITIMATE,2025-07-30T07:26:13,fraud_analyst_review,0.97
label_000746,TRANSACTION,txn_000746,LEGITIMATE,2025-04-18T07:13:39,fraud_analyst_review,0.86
label_000747,TRANSACTION,txn_000747,LEGITIMATE,2025-06-25T09:36:38,fraud_analyst_review,0.93
label_000748,TRANSACTION,txn_000748,LEGITIMATE,2025-05-26T18:22:12,automated_baseline,0.93
label_000749,TRANSACTION,txn_000749,LEGITIMATE,2025-10-19T19:54:44,fraud_analyst_review,0.92
label_000750,TRANSACTION,txn_000750,LEGITIMATE,2025-11-17T20:53:05,fraud_analyst_review,0.94
label_000751,TRANSACTION,txn_000751,LEGITIMATE,2025-06-19T08:12:55,fraud_analyst_review,0.98
label_000752,TRANSACTION,txn_000752,LEGITIMATE,2025-05-24T19:45:29,fraud_analyst_review,0.9
label_000753,TRANSACTION,txn_000753,LEGITIMATE,2025-02-21T13:20:17,automated_baseline,0.96
label_000754,TRANSACTION,txn_000754,LEGITIMATE,2025-04-06T03:45:34,fraud_analyst_review,0.97
label_000755,TRANSACTION,txn_000755,LEGITIMATE,2025-12-10T02:38:03,automated_baseline,0.91
label_000756,TRANSACTION,txn_000756,LEGITIMATE,2025-05-22T03:48:03,automated_baseline,0.86
label_000757,TRANSACTION,txn_000757,LEGITIMATE,2025-02-25T04:03:14,fraud_analyst_review,0.96
label_000758,TRANSACTION,txn_000758,LEGITIMATE,2025-11-02T19:09:25,automated_baseline,0.92
label_000759,TRANSACTION,txn_000759,LEGITIMATE,2025-11-04T19:29:25,fraud_analyst_review,0.98
label_000760,TRANSACTION,txn_000760,LEGITIMATE,2025-10-04T22:39:35,automated_baseline,0.94
label_000761,TRANSACTION,txn_000761,LEGITIMATE,2025-05-05T15:45:35,fraud_analyst_review,0.94
label_000762,TRANSACTION,txn_000762,LEGITIMATE,2025-07-23T06:59:29,fraud_analyst_review,0.87
label_000763,TRANSACTION,txn_000763,LEGITIMATE,2025-03-22T04:19:36,automated_baseline,0.9
label_000764,TRANSACTION,txn_000764,LEGITIMATE,2025-05-31T04:37:40,automated_baseline,0.89
label_000765,TRANSACTION,txn_000765,LEGITIMATE,2025-08-09T03:31:49,automated_baseline,0.88
label_000766,TRANSACTION,txn_000766,LEGITIMATE,2025-04-21T18:16:08,fraud_analyst_review,0.86
label_000767,TRANSACTION,txn_000767,LEGITIMATE,2025-05-04T20:09:30,fraud_analyst_review,0.88
label_000768,TRANSACTION,txn_000768,LEGITIMATE,2025-08-14T23:20:47,automated_baseline,0.93
label_000769,TRANSACTION,txn_000769,LEGITIMATE,2025-04-16T04:07:34,fraud_analyst_review,0.89
label_000770,TRANSACTION,txn_000770,LEGITIMATE,2025-05-08T22:15:43,automated_baseline,0.89
label_000771,TRANSACTION,txn_000771,LEGITIMATE,2025-10-23T08:31:38,automated_baseline,0.88
label_000772,TRANSACTION,txn_000772,LEGITIMATE,2025-05-05T08:04:50,automated_baseline,0.93
label_000773,TRANSACTION,txn_000773,LEGITIMATE,2025-12-06T00:32:44,fraud_analyst_review,0.96
label_000774,TRANSACTION,txn_000774,LEGITIMATE,2025-02-26T08:20:20,fraud_analyst_review,0.91
label_000775,TRANSACTION,txn_000775,LEGITIMATE,2025-06-08T18:13:41,automated_baseline,0.88
label_000776,TRANSACTION,txn_000776,LEGITIMATE,2025-11-04T04:22:30,fraud_analyst_review,0.97
label_000777,TRANSACTION,txn_000777,LEGITIMATE,2025-07-02T12:03:19,fraud_analyst_review,0.99
label_000778,TRANSACTION,txn_000778,LEGITIMATE,2025-07-28T21:43:05,fraud_analyst_review,0.99
label_000779,TRANSACTION,txn_000779,LEGITIMATE,2025-03-19T17:29:55,fraud_analyst_review,0.93
label_000780,TRANSACTION,txn_000780,LEGITIMATE,2025-11-28T10:58:30,fraud_analyst_review,0.92
label_000781,TRANSACTION,txn_000781,LEGITIMATE,2025-08-23T10:14:01,automated_baseline,0.98
label_000782,TRANSACTION,txn_000782,LEGITIMATE,2025-12-06T02:25:13,automated_baseline,0.95
label_000783,TRANSACTION,txn_000783,LEGITIMATE,2025-08-11T22:50:15,fraud_analyst_review,0.96
label_000784,TRANSACTION,txn_000784,LEGITIMATE,2025-05-13T00:11:22,automated_baseline,0.91
label_000785,TRANSACTION,txn_000785,LEGITIMATE,2025-06-15T22:45:23,automated_baseline,0.96
label_000786,TRANSACTION,txn_000786,LEGITIMATE,2025-04-30T20:00:27,automated_baseline,0.9
label_000787,TRANSACTION,txn_000787,LEGITIMATE,2025-06-14T18:52:36,automated_baseline,0.99
label_000788,TRANSACTION,txn_000788,LEGITIMATE,2025-07-09T23:16:15,automated_baseline,0.96
label_000789,TRANSACTION,txn_000789,LEGITIMATE,2025-01-03T20:24:37,fraud_analyst_review,0.97
label_000790,TRANSACTION,txn_000790,LEGITIMATE,2025-12-07T05:04:10,automated_baseline,0.87
label_000791,TRANSACTION,txn_000791,LEGITIMATE,2025-09-27T23:56:26,fraud_analyst_review,0.9
label_000792,TRANSACTION,txn_000792,LEGITIMATE,2025-02-28T19:13:06,automated_baseline,0.85
label_000793,TRANSACTION,txn_000793,LEGITIMATE,2025-05-05T17:29:53,automated_baseline,0.93
label_000794,TRANSACTION,txn_000794,LEGITIMATE,2025-05-16T10:45:23,automated_baseline,0.97
label_000795,TRANSACTION,txn_000795,LEGITIMATE,2025-02-19T19:06:51,fraud_analyst_review,0.92
label_000796,TRANSACTION,txn_000796,LEGITIMATE,2025-11-09T20:10:52,fraud_analyst_review,0.97
label_000797,TRANSACTION,txn_000797,LEGITIMATE,2025-10-03T22:15:17,fraud_analyst_review,0.91
label_000798,TRANSACTION,txn_000798,LEGITIMATE,2025-03-12T19:12:13,fraud_analyst_review,0.92
label_000799,TRANSACTION,txn_000799,LEGITIMATE,2025-04-13T02:37:00,fraud_analyst_review,0.9
label_000800,TRANSACTION,txn_000800,LEGITIMATE,2025-06-27T05:44:24,automated_baseline,0.96
label_000801,TRANSACTION,txn_000801,LEGITIMATE,2025-06-27T16:20:19,fraud_analyst_review,0.91
label_000802,TRANSACTION,txn_000802,LEGITIMATE,2025-03-17T17:09:40,automated_baseline,0.93
label_000803,TRANSACTION,txn_000803,LEGITIMATE,2025-09-27T11:10:13,automated_baseline,0.94
label_000804,TRANSACTION,txn_000804,LEGITIMATE,2025-04-27T03:04:31,fraud_analyst_review,0.9
label_000805,TRANSACTION,txn_000805,LEGITIMATE,2025-09-17T11:40:52,automated_baseline,0.9
label_000806,TRANSACTION,txn_000806,LEGITIMATE,2025-11-21T01:22:36,automated_baseline,0.95
label_000807,TRANSACTION,txn_000807,LEGITIMATE,2025-10-23T09:23:44,fraud_analyst_review,0.88
label_000808,TRANSACTION,txn_000808,LEGITIMATE,2025-01-28T09:27:03,automated_baseline,0.97
label_000809,TRANSACTION,txn_000809,LEGITIMATE,2025-02-04T10:37:35,fraud_analyst_review,0.91
label_000810,TRANSACTION,txn_000810,LEGITIMATE,2025-05-08T17:07:52,fraud_analyst_review,0.88
label_000811,TRANSACTION,txn_000811,LEGITIMATE,2025-08-24T15:44:01,fraud_analyst_review,0.86
label_000812,TRANSACTION,txn_000812,LEGITIMATE,2025-08-14T08:30:46,fraud_analyst_review,0.97
label_000813,TRANSACTION,txn_000813,LEGITIMATE,2025-09-17T20:53:08,automated_baseline,0.89
label_000814,TRANSACTION,txn_000814,LEGITIMATE,2025-11-14T19:51:47,fraud_analyst_review,0.91
label_000815,TRANSACTION,txn_000815,LEGITIMATE,2025-09-09T18:51:19,fraud_analyst_review,0.97
label_000816,TRANSACTION,txn_000816,LEGITIMATE,2025-12-22T02:03:39,automated_baseline,0.96
label_000817,TRANSACTION,txn_000817,LEGITIMATE,2025-10-21T04:13:27,fraud_analyst_review,0.98
label_000818,TRANSACTION,txn_000818,LEGITIMATE,2025-08-29T05:59:02,fraud_analyst_review,0.97
label_000819,TRANSACTION,txn_000819,LEGITIMATE,2025-12-24T19:22:59,automated_baseline,0.9
label_000820,TRANSACTION,txn_000820,LEGITIMATE,2025-01-11T06:10:07,fraud_analyst_review,0.94
label_000821,TRANSACTION,txn_000821,LEGITIMATE,2025-07-11T16:26:00,fraud_analyst_review,0.88
label_000822,TRANSACTION,txn_000822,LEGITIMATE,2025-11-13T00:28:25,fraud_analyst_review,0.93
label_000823,TRANSACTION,txn_000823,LEGITIMATE,2025-08-13T20:31:02,automated_baseline,0.95
label_000824,TRANSACTION,txn_000824,LEGITIMATE,2025-06-28T18:06:13,automated_baseline,0.93
label_000825,TRANSACTION,txn_000825,LEGITIMATE,2025-09-22T22:02:57,fraud_analyst_review,0.91
label_000826,TRANSACTION,txn_000826,LEGITIMATE,2025-07-29T03:18:41,fraud_analyst_review,0.87
label_000827,TRANSACTION,txn_000827,LEGITIMATE,2025-08-17T03:49:33,automated_baseline,0.99
label_000828,TRANSACTION,txn_000828,LEGITIMATE,2025-05-09T21:19:28,fraud_analyst_review,0.87
label_000829,TRANSACTION,txn_000829,LEGITIMATE,2025-12-08T09:58:31,fraud_analyst_review,0.99
label_000830,TRANSACTION,txn_000830,LEGITIMATE,2025-04-11T03:16:13,fraud_analyst_review,0.89
label_000831,TRANSACTION,txn_000831,LEGITIMATE,2025-09-07T04:26:23,automated_baseline,0.93
label_000832,TRANSACTION,txn_000832,LEGITIMATE,2025-01-14T18:48:17,fraud_analyst_review,0.98
label_000833,TRANSACTION,txn_000833,LEGITIMATE,2025-03-17T00:37:43,automated_baseline,0.9
label_000834,TRANSACTION,txn_000834,LEGITIMATE,2025-05-20T05:03:51,automated_baseline,0.97
label_000835,TRANSACTION,txn_000835,LEGITIMATE,2025-07-22T14:38:35,fraud_analyst_review,0.96
label_000836,TRANSACTION,txn_000836,LEGITIMATE,2025-07-10T12:05:06,automated_baseline,0.92
label_000837,TRANSACTION,txn_000837,LEGITIMATE,2025-07-30T19:15:30,fraud_analyst_review,0.9
label_000838,TRANSACTION,txn_000838,LEGITIMATE,2025-07-23T12:21:20,automated_baseline,0.91
label_000839,TRANSACTION,txn_000839,LEGITIMATE,2025-03-26T06:55:40,automated_baseline,0.98
label_000840,TRANSACTION,txn_000840,LEGITIMATE,2025-03-23T14:38:40,automated_baseline,0.99
label_000841,TRANSACTION,txn_000841,LEGITIMATE,2025-03-02T14:16:48,fraud_analyst_review,0.88
label_000842,TRANSACTION,txn_000842,LEGITIMATE,2025-11-16T21:08:17,fraud_analyst_review,0.93
label_000843,TRANSACTION,txn_000843,LEGITIMATE,2025-09-15T12:18:47,automated_baseline,0.88
label_000844,TRANSACTION,txn_000844,LEGITIMATE,2025-04-21T14:04:28,automated_baseline,0.93
label_000845,TRANSACTION,txn_000845,LEGITIMATE,2025-02-12T11:40:32,fraud_analyst_review,0.94
label_000846,TRANSACTION,txn_000846,LEGITIMATE,2025-10-31T19:00:08,fraud_analyst_review,0.98
label_000847,TRANSACTION,txn_000847,LEGITIMATE,2025-04-24T09:14:31,fraud_analyst_review,0.85
label_000848,TRANSACTION,txn_000848,LEGITIMATE,2025-02-25T17:07:39,automated_baseline,0.94
label_000849,TRANSACTION,txn_000849,LEGITIMATE,2025-09-23T19:07:35,automated_baseline,0.97
label_000850,TRANSACTION,txn_000850,LEGITIMATE,2025-09-10T00:27:16,fraud_analyst_review,0.91
label_000851,TRANSACTION,txn_000851,LEGITIMATE,2025-12-24T01:59:34,fraud_analyst_review,0.94
label_000852,TRANSACTION,txn_000852,LEGITIMATE,2025-10-15T09:51:06,fraud_analyst_review,0.87
label_000853,TRANSACTION,txn_000853,LEGITIMATE,2025-10-12T20:56:34,fraud_analyst_review,0.87
label_000854,TRANSACTION,txn_000854,LEGITIMATE,2025-03-17T14:42:17,fraud_analyst_review,0.94
label_000855,TRANSACTION,txn_000855,LEGITIMATE,2025-04-27T16:22:16,automated_baseline,0.94
label_000856,TRANSACTION,txn_000856,LEGITIMATE,2025-09-27T13:43:56,automated_baseline,0.94
label_000857,TRANSACTION,txn_000857,LEGITIMATE,2025-04-06T11:23:32,automated_baseline,0.94
label_000858,TRANSACTION,txn_000858,LEGITIMATE,2025-11-28T02:57:59,fraud_analyst_review,0.94
label_000859,TRANSACTION,txn_000859,LEGITIMATE,2025-04-28T18:45:22,fraud_analyst_review,0.87
label_000860,TRANSACTION,txn_000860,LEGITIMATE,2025-09-29T19:17:32,automated_baseline,0.97
label_000861,TRANSACTION,txn_000861,LEGITIMATE,2025-09-25T06:09:25,fraud_analyst_review,0.98
label_000862,TRANSACTION,txn_000862,LEGITIMATE,2025-03-12T19:57:15,automated_baseline,0.98
label_000863,TRANSACTION,txn_000863,LEGITIMATE,2025-08-30T12:43:32,automated_baseline,0.92
label_000864,TRANSACTION,txn_000864,LEGITIMATE,2025-09-16T04:53:39,automated_baseline,0.89
label_000865,TRANSACTION,txn_000865,LEGITIMATE,2025-02-20T17:49:41,fraud_analyst_review,0.95
label_000866,TRANSACTION,txn_000866,LEGITIMATE,2025-05-15T11:21:56,fraud_analyst_review,0.98
label_000867,TRANSACTION,txn_000867,LEGITIMATE,2025-11-11T21:18:06,automated_baseline,0.97
label_000868,TRANSACTION,txn_000868,LEGITIMATE,2025-11-12T00:07:06,automated_baseline,0.87
label_000869,TRANSACTION,txn_000869,LEGITIMATE,2025-02-17T10:23:15,automated_baseline,0.88
label_000870,TRANSACTION,txn_000870,LEGITIMATE,2025-07-04T21:27:09,fraud_analyst_review,0.89
label_000871,TRANSACTION,txn_000871,LEGITIMATE,2025-01-31T22:46:13,automated_baseline,0.95
label_000872,TRANSACTION,txn_000872,LEGITIMATE,2025-03-05T02:58:50,fraud_analyst_review,0.88
label_000873,TRANSACTION,txn_000873,LEGITIMATE,2025-04-20T07:25:45,fraud_analyst_review,0.86
label_000874,TRANSACTION,txn_000874,LEGITIMATE,2025-08-17T10:31:57,fraud_analyst_review,0.9
label_000875,TRANSACTION,txn_000875,LEGITIMATE,2025-08-01T01:18:51,fraud_analyst_review,0.98
label_000876,TRANSACTION,txn_000876,LEGITIMATE,2025-03-01T07:56:33,automated_baseline,0.91
label_000877,TRANSACTION,txn_000877,LEGITIMATE,2025-03-02T06:31:33,automated_baseline,0.86
label_000878,TRANSACTION,txn_000878,LEGITIMATE,2025-03-18T20:24:26,fraud_analyst_review,0.88
label_000879,TRANSACTION,txn_000879,LEGITIMATE,2025-09-16T13:55:18,automated_baseline,0.92
label_000880,TRANSACTION,txn_000880,LEGITIMATE,2025-09-03T07:24:12,automated_baseline,0.93
label_000881,TRANSACTION,txn_000881,LEGITIMATE,2025-08-12T13:14:09,fraud_analyst_review,0.94
label_000882,TRANSACTION,txn_000882,LEGITIMATE,2025-11-15T06:55:12,automated_baseline,0.95
label_000883,TRANSACTION,txn_000883,LEGITIMATE,2025-05-02T18:21:33,automated_baseline,0.92
label_000884,TRANSACTION,txn_000884,LEGITIMATE,2025-11-04T07:24:43,fraud_analyst_review,0.88
label_000885,TRANSACTION,txn_000885,LEGITIMATE,2025-02-26T19:19:20,automated_baseline,0.98
label_000886,TRANSACTION,txn_000886,LEGITIMATE,2025-07-23T08:53:38,automated_baseline,0.89
label_000887,TRANSACTION,txn_000887,LEGITIMATE,2025-05-24T04:42:45,automated_baseline,0.93
label_000888,TRANSACTION,txn_000888,LEGITIMATE,2025-10-02T07:12:45,automated_baseline,0.86
label_000889,TRANSACTION,txn_000889,LEGITIMATE,2025-08-02T16:15:23,automated_baseline,0.94
label_000890,TRANSACTION,txn_000890,LEGITIMATE,2025-01-25T20:10:06,fraud_analyst_review,0.9
label_000891,TRANSACTION,txn_000891,LEGITIMATE,2025-07-23T18:33:57,automated_baseline,0.91
label_000892,TRANSACTION,txn_000892,LEGITIMATE,2025-01-13T09:47:42,fraud_analyst_review,0.9
label_000893,TRANSACTION,txn_000893,LEGITIMATE,2025-01-10T03:35:29,automated_baseline,0.88
label_000894,TRANSACTION,txn_000894,LEGITIMATE,2025-12-09T09:52:42,automated_baseline,0.98
label_000895,TRANSACTION,txn_000895,LEGITIMATE,2025-05-31T20:46:05,fraud_analyst_review,0.98
label_000896,TRANSACTION,txn_000896,LEGITIMATE,2025-09-10T23:40:06,fraud_analyst_review,0.96
label_000897,TRANSACTION,txn_000897,LEGITIMATE,2025-11-20T12:15:02,fraud_analyst_review,0.86
label_000898,TRANSACTION,txn_000898,LEGITIMATE,2025-01-05T20:02:24,fraud_analyst_review,0.91
label_000899,TRANSACTION,txn_000899,LEGITIMATE,2025-04-21T19:49:04,automated_baseline,0.97
label_000900,TRANSACTION,txn_000900,LEGITIMATE,2025-06-22T21:03:56,automated_baseline,0.94
label_000901,TRANSACTION,txn_000901,LEGITIMATE,2025-04-30T12:37:14,automated_baseline,0.98
label_000902,TRANSACTION,txn_000902,LEGITIMATE,2025-02-03T11:39:57,fraud_analyst_review,0.89
label_000903,TRANSACTION,txn_000903,LEGITIMATE,2025-01-26T08:18:51,fraud_analyst_review,0.87
label_000904,TRANSACTION,txn_000904,LEGITIMATE,2025-01-26T13:54:51,fraud_analyst_review,0.95
label_000905,TRANSACTION,txn_000905,LEGITIMATE,2025-04-02T05:53:01,fraud_analyst_review,0.93
label_000906,TRANSACTION,txn_000906,LEGITIMATE,2025-08-21T07:38:17,fraud_analyst_review,0.95
label_000907,TRANSACTION,txn_000907,LEGITIMATE,2025-06-06T01:55:12,fraud_analyst_review,0.9
label_000908,TRANSACTION,txn_000908,LEGITIMATE,2025-06-25T02:12:09,automated_baseline,0.97
label_000909,TRANSACTION,txn_000909,LEGITIMATE,2025-07-14T18:25:03,automated_baseline,0.95
label_000910,TRANSACTION,txn_000910,LEGITIMATE,2025-08-02T01:09:51,fraud_analyst_review,0.95
label_000911,TRANSACTION,txn_000911,LEGITIMATE,2025-11-21T01:46:56,automated_baseline,0.92
label_000912,TRANSACTION,txn_000912,LEGITIMATE,2025-11-17T11:46:09,automated_baseline,0.89
label_000913,TRANSACTION,txn_000913,LEGITIMATE,2025-06-13T21:49:22,fraud_analyst_review,0.94
label_000914,TRANSACTION,txn_000914,LEGITIMATE,2025-01-13T02:28:00,automated_baseline,0.91
label_000915,TRANSACTION,txn_000915,LEGITIMATE,2025-07-09T07:31:54,automated_baseline,0.95
label_000916,TRANSACTION,txn_000916,LEGITIMATE,2025-08-23T11:21:28,fraud_analyst_review,0.86
label_000917,TRANSACTION,txn_000917,LEGITIMATE,2025-03-12T10:21:59,automated_baseline,0.89
label_000918,TRANSACTION,txn_000918,LEGITIMATE,2025-11-28T13:10:35,automated_baseline,0.99
label_000919,TRANSACTION,txn_000919,LEGITIMATE,2025-10-29T06:31:18,fraud_analyst_review,0.88
label_000920,TRANSACTION,txn_000920,LEGITIMATE,2025-02-09T11:21:00,fraud_analyst_review,0.9
label_000921,TRANSACTION,txn_000921,LEGITIMATE,2025-02-11T07:57:59,automated_baseline,0.86
label_000922,TRANSACTION,txn_000922,LEGITIMATE,2025-12-25T02:16:32,fraud_analyst_review,0.92
label_000923,TRANSACTION,txn_000923,LEGITIMATE,2025-04-01T04:44:39,fraud_analyst_review,0.86
label_000924,TRANSACTION,txn_000924,LEGITIMATE,2025-07-26T01:10:53,fraud_analyst_review,0.93
label_000925,TRANSACTION,txn_000925,LEGITIMATE,2025-02-26T12:36:02,fraud_analyst_review,0.97
label_000926,TRANSACTION,txn_000926,LEGITIMATE,2025-01-17T16:25:23,automated_baseline,0.92
label_000927,TRANSACTION,txn_000927,LEGITIMATE,2025-08-21T14:57:15,fraud_analyst_review,0.86
label_000928,TRANSACTION,txn_000928,LEGITIMATE,2025-04-20T02:42:27,fraud_analyst_review,0.98
label_000929,TRANSACTION,txn_000929,LEGITIMATE,2025-09-28T01:25:44,automated_baseline,0.92
label_000930,TRANSACTION,txn_000930,LEGITIMATE,2025-09-07T04:45:23,automated_baseline,0.9
label_000931,TRANSACTION,txn_000931,LEGITIMATE,2025-04-13T12:07:15,fraud_analyst_review,0.88
label_000932,TRANSACTION,txn_000932,LEGITIMATE,2025-08-14T23:39:38,automated_baseline,0.88
label_000933,TRANSACTION,txn_000933,LEGITIMATE,2025-04-06T10:37:23,fraud_analyst_review,0.87
label_000934,TRANSACTION,txn_000934,LEGITIMATE,2025-06-02T16:21:48,automated_baseline,0.99
label_000935,TRANSACTION,txn_000935,LEGITIMATE,2025-05-02T14:48:41,automated_baseline,0.97
label_000936,TRANSACTION,txn_000936,LEGITIMATE,2025-03-21T14:58:19,fraud_analyst_review,0.98
label_000937,TRANSACTION,txn_000937,LEGITIMATE,2025-05-04T01:11:25,automated_baseline,0.98
label_000938,TRANSACTION,txn_000938,LEGITIMATE,2025-11-25T07:55:01,automated_baseline,0.89
label_000939,TRANSACTION,txn_000939,LEGITIMATE,2025-11-27T00:49:01,fraud_analyst_review,0.91
label_000940,TRANSACTION,txn_000940,LEGITIMATE,2025-10-04T17:35:56,fraud_analyst_review,0.85
label_000941,TRANSACTION,txn_000941,LEGITIMATE,2025-05-06T03:18:12,automated_baseline,0.9
label_000942,TRANSACTION,txn_000942,LEGITIMATE,2025-03-26T15:44:22,fraud_analyst_review,0.93
label_000943,TRANSACTION,txn_000943,LEGITIMATE,2025-10-04T22:20:27,fraud_analyst_review,0.91
label_000944,TRANSACTION,txn_000944,LEGITIMATE,2025-03-30T19:41:14,automated_baseline,0.97
label_000945,TRANSACTION,txn_000945,LEGITIMATE,2025-10-02T15:14:31,fraud_analyst_review,0.87
label_000946,TRANSACTION,txn_000946,LEGITIMATE,2025-06-09T01:49:04,automated_baseline,0.93
label_000947,TRANSACTION,txn_000947,LEGITIMATE,2025-12-14T14:16:39,fraud_analyst_review,0.95
label_000948,TRANSACTION,txn_000948,LEGITIMATE,2025-11-29T06:03:27,automated_baseline,0.91
label_000949,TRANSACTION,txn_000949,LEGITIMATE,2025-12-01T16:03:01,fraud_analyst_review,0.87
label_000950,TRANSACTION,txn_000950,LEGITIMATE,2025-05-27T15:18:24,fraud_analyst_review,0.93
label_000951,TRANSACTION,txn_000951,LEGITIMATE,2025-11-02T10:11:12,fraud_analyst_review,0.87
label_000952,TRANSACTION,txn_000952,LEGITIMATE,2025-05-23T18:10:36,fraud_analyst_review,0.9
label_000953,TRANSACTION,txn_000953,LEGITIMATE,2025-06-24T18:03:55,automated_baseline,0.98
label_000954,TRANSACTION,txn_000954,LEGITIMATE,2025-05-29T07:15:23,automated_baseline,0.98
label_000955,TRANSACTION,txn_000955,LEGITIMATE,2025-12-20T04:46:53,fraud_analyst_review,0.96
label_000956,TRANSACTION,txn_000956,LEGITIMATE,2025-03-20T03:21:28,fraud_analyst_review,0.86
label_000957,TRANSACTION,txn_000957,LEGITIMATE,2025-05-10T18:17:13,automated_baseline,0.96
label_000958,TRANSACTION,txn_000958,LEGITIMATE,2025-09-16T18:53:09,fraud_analyst_review,0.9
label_000959,TRANSACTION,txn_000959,LEGITIMATE,2025-08-28T13:43:08,automated_baseline,0.88
label_000960,TRANSACTION,txn_000960,LEGITIMATE,2025-04-18T02:09:02,automated_baseline,0.86
label_000961,TRANSACTION,txn_000961,LEGITIMATE,2025-08-13T03:47:05,fraud_analyst_review,0.92
label_000962,TRANSACTION,txn_000962,LEGITIMATE,2025-03-29T21:25:35,fraud_analyst_review,0.92
label_000963,TRANSACTION,txn_000963,LEGITIMATE,2025-11-08T08:40:28,fraud_analyst_review,0.98
label_000964,TRANSACTION,txn_000964,LEGITIMATE,2025-06-12T21:06:49,automated_baseline,0.96
label_000965,TRANSACTION,txn_000965,LEGITIMATE,2025-06-10T21:21:14,fraud_analyst_review,0.97
label_000966,TRANSACTION,txn_000966,LEGITIMATE,2025-04-22T06:46:17,fraud_analyst_review,0.97
label_000967,TRANSACTION,txn_000967,LEGITIMATE,2025-07-12T07:48:59,fraud_analyst_review,0.87
label_000968,TRANSACTION,txn_000968,LEGITIMATE,2025-01-16T18:05:00,automated_baseline,0.99
label_000969,TRANSACTION,txn_000969,LEGITIMATE,2025-02-11T19:38:52,fraud_analyst_review,0.87
label_000970,TRANSACTION,txn_000970,LEGITIMATE,2025-07-12T19:39:40,automated_baseline,0.95
label_000971,TRANSACTION,txn_000971,LEGITIMATE,2025-06-12T08:27:32,automated_baseline,0.88
label_000972,TRANSACTION,txn_000972,LEGITIMATE,2025-12-06T21:37:40,fraud_analyst_review,0.93
label_000973,TRANSACTION,txn_000973,LEGITIMATE,2025-04-28T12:42:59,automated_baseline,0.9
label_000974,TRANSACTION,txn_000974,LEGITIMATE,2025-03-14T11:35:18,fraud_analyst_review,0.87
label_000975,TRANSACTION,txn_000975,LEGITIMATE,2025-01-03T22:23:01,fraud_analyst_review,0.87
label_000976,TRANSACTION,txn_000976,LEGITIMATE,2025-12-19T10:03:47,fraud_analyst_review,0.95
label_000977,TRANSACTION,txn_000977,LEGITIMATE,2025-10-27T17:00:06,fraud_analyst_review,0.92
label_000978,TRANSACTION,txn_000978,LEGITIMATE,2025-10-07T07:10:53,fraud_analyst_review,0.85
label_000979,TRANSACTION,txn_000979,LEGITIMATE,2025-12-22T01:20:40,automated_baseline,0.91
label_000980,TRANSACTION,txn_000980,LEGITIMATE,2025-06-03T08:53:11,automated_baseline,0.91
label_000981,TRANSACTION,txn_000981,LEGITIMATE,2025-01-07T08:59:53,automated_baseline,0.92
label_000982,TRANSACTION,txn_000982,LEGITIMATE,2025-12-26T12:24:20,automated_baseline,0.9
label_000983,TRANSACTION,txn_000983,LEGITIMATE,2025-03-07T16:19:18,automated_baseline,0.95
label_000984,TRANSACTION,txn_000984,LEGITIMATE,2025-01-30T15:03:32,automated_baseline,0.87
label_000985,TRANSACTION,txn_000985,LEGITIMATE,2025-07-18T09:34:39,automated_baseline,0.9
label_000986,TRANSACTION,txn_000986,LEGITIMATE,2025-12-20T19:07:20,automated_baseline,0.92
label_000987,TRANSACTION,txn_000987,LEGITIMATE,2025-05-13T03:10:52,automated_baseline,0.88
label_000988,TRANSACTION,txn_000988,LEGITIMATE,2025-10-27T08:50:25,automated_baseline,0.91
label_000989,TRANSACTION,txn_000989,LEGITIMATE,2025-11-04T06:44:25,fraud_analyst_review,0.91
label_000990,TRANSACTION,txn_000990,LEGITIMATE,2025-02-22T02:58:45,automated_baseline,0.92
label_000991,TRANSACTION,txn_000991,LEGITIMATE,2025-04-06T13:28:11,automated_baseline,0.98
label_000992,TRANSACTION,txn_000992,LEGITIMATE,2025-04-26T00:00:58,automated_baseline,0.92
label_000993,TRANSACTION,txn_000993,LEGITIMATE,2025-03-13T19:31:18,automated_baseline,0.9
label_000994,TRANSACTION,txn_000994,LEGITIMATE,2025-08-12T21:12:35,automated_baseline,0.96
label_000995,TRANSACTION,txn_000995,LEGITIMATE,2025-12-21T17:02:29,automated_baseline,0.94
label_000996,TRANSACTION,txn_000996,LEGITIMATE,2025-01-02T14:14:14,automated_baseline,0.89
label_000997,TRANSACTION,txn_000997,LEGITIMATE,2025-09-09T21:47:31,automated_baseline,0.99
label_000998,TRANSACTION,txn_000998,LEGITIMATE,2025-09-12T15:44:31,fraud_analyst_review,0.93
label_000999,TRANSACTION,txn_000999,LEGITIMATE,2025-11-24T09:47:37,fraud_analyst_review,0.89
label_001000,TRANSACTION,txn_001000,LEGITIMATE,2025-02-14T13:28:57,automated_baseline,0.96
label_001001,TRANSACTION,txn_001001,LEGITIMATE,2025-04-08T02:35:52,fraud_analyst_review,0.98
label_001002,TRANSACTION,txn_001002,LEGITIMATE,2025-02-11T13:08:49,fraud_analyst_review,0.9
label_001003,TRANSACTION,txn_001003,LEGITIMATE,2025-03-22T08:45:34,automated_baseline,0.92
label_001004,TRANSACTION,txn_001004,LEGITIMATE,2025-06-30T01:47:07,automated_baseline,0.97
label_001005,TRANSACTION,txn_001005,LEGITIMATE,2025-11-02T04:35:36,automated_baseline,0.91
label_001006,TRANSACTION,txn_001006,LEGITIMATE,2025-03-04T08:05:46,fraud_analyst_review,0.9
label_001007,TRANSACTION,txn_001007,LEGITIMATE,2025-07-22T18:19:20,fraud_analyst_review,0.85
label_001008,TRANSACTION,txn_001008,LEGITIMATE,2025-11-11T12:06:44,automated_baseline,0.87
label_001009,TRANSACTION,txn_001009,LEGITIMATE,2025-11-14T10:03:44,fraud_analyst_review,0.88
label_001010,TRANSACTION,txn_001010,LEGITIMATE,2025-09-28T08:44:28,fraud_analyst_review,0.86
label_001011,TRANSACTION,txn_001011,LEGITIMATE,2025-05-19T15:18:07,automated_baseline,0.95
label_001012,TRANSACTION,txn_001012,LEGITIMATE,2025-07-01T09:59:40,automated_baseline,0.9
label_001013,TRANSACTION,txn_001013,LEGITIMATE,2025-07-01T11:47:40,fraud_analyst_review,0.94
label_001014,TRANSACTION,txn_001014,LEGITIMATE,2025-08-30T14:08:50,automated_baseline,0.92
label_001015,TRANSACTION,txn_001015,LEGITIMATE,2025-11-06T01:10:09,fraud_analyst_review,0.85
label_001016,TRANSACTION,txn_001016,LEGITIMATE,2025-10-14T23:28:13,automated_baseline,0.97
label_001017,TRANSACTION,txn_001017,LEGITIMATE,2025-02-21T12:29:02,automated_baseline,0.87
label_001018,TRANSACTION,txn_001018,LEGITIMATE,2025-03-01T18:44:36,automated_baseline,0.9
label_001019,TRANSACTION,txn_001019,LEGITIMATE,2025-01-29T10:45:41,fraud_analyst_review,0.95
label_001020,TRANSACTION,txn_001020,LEGITIMATE,2025-11-18T21:41:52,fraud_analyst_review,0.89
label_001021,TRANSACTION,txn_001021,LEGITIMATE,2025-10-28T02:14:47,automated_baseline,0.98
label_001022,TRANSACTION,txn_001022,LEGITIMATE,2025-12-20T04:42:51,automated_baseline,0.93
label_001023,TRANSACTION,txn_001023,LEGITIMATE,2025-11-30T08:08:54,fraud_analyst_review,0.92
label_001024,TRANSACTION,txn_001024,LEGITIMATE,2025-01-18T02:45:57,automated_baseline,0.92
label_001025,TRANSACTION,txn_001025,LEGITIMATE,2025-10-14T12:58:43,automated_baseline,0.85
label_001026,TRANSACTION,txn_001026,LEGITIMATE,2025-10-14T16:18:43,automated_baseline,0.86
label_001027,TRANSACTION,txn_001027,LEGITIMATE,2025-11-09T19:55:22,automated_baseline,0.95
label_001028,TRANSACTION,txn_001028,LEGITIMATE,2025-09-08T17:48:37,fraud_analyst_review,0.89
label_001029,TRANSACTION,txn_001029,LEGITIMATE,2025-08-30T11:10:39,fraud_analyst_review,0.85
label_001030,TRANSACTION,txn_001030,LEGITIMATE,2025-05-15T04:02:55,automated_baseline,0.91
label_001031,TRANSACTION,txn_001031,LEGITIMATE,2025-03-30T12:02:01,fraud_analyst_review,0.95
label_001032,TRANSACTION,txn_001032,LEGITIMATE,2025-04-04T09:21:45,automated_baseline,0.96
label_001033,TRANSACTION,txn_001033,LEGITIMATE,2025-04-15T01:22:35,automated_baseline,0.89
label_001034,TRANSACTION,txn_001034,LEGITIMATE,2025-12-08T22:50:33,automated_baseline,0.91
label_001035,TRANSACTION,txn_001035,LEGITIMATE,2025-09-21T07:56:51,fraud_analyst_review,0.91
label_001036,TRANSACTION,txn_001036,LEGITIMATE,2025-10-08T12:24:10,automated_baseline,0.91
label_001037,TRANSACTION,txn_001037,LEGITIMATE,2025-05-18T17:55:14,automated_baseline,0.91
label_001038,TRANSACTION,txn_001038,LEGITIMATE,2025-03-16T11:36:46,automated_baseline,0.96
label_001039,TRANSACTION,txn_001039,LEGITIMATE,2025-03-19T07:19:03,automated_baseline,0.94
label_001040,TRANSACTION,txn_001040,LEGITIMATE,2025-03-21T11:47:54,fraud_analyst_review,0.93
label_001041,TRANSACTION,txn_001041,LEGITIMATE,2025-11-10T00:14:47,automated_baseline,0.93
label_001042,TRANSACTION,txn_001042,LEGITIMATE,2025-06-07T07:00:20,fraud_analyst_review,0.96
label_001043,TRANSACTION,txn_001043,LEGITIMATE,2025-10-30T12:23:54,automated_baseline,0.96
label_001044,TRANSACTION,txn_001044,LEGITIMATE,2025-08-02T13:26:08,fraud_analyst_review,0.9
label_001045,TRANSACTION,txn_001045,LEGITIMATE,2025-02-16T11:59:37,automated_baseline,0.86
label_001046,TRANSACTION,txn_001046,LEGITIMATE,2025-02-12T07:20:45,automated_baseline,0.93
label_001047,TRANSACTION,txn_001047,LEGITIMATE,2025-08-24T14:20:35,fraud_analyst_review,0.91
label_001048,TRANSACTION,txn_001048,LEGITIMATE,2025-06-08T04:53:32,fraud_analyst_review,0.91
label_001049,TRANSACTION,txn_001049,LEGITIMATE,2025-10-17T21:43:12,automated_baseline,0.96
label_001050,TRANSACTION,txn_001050,LEGITIMATE,2025-05-05T10:41:28,fraud_analyst_review,0.9
label_001051,TRANSACTION,txn_001051,LEGITIMATE,2025-02-12T07:13:39,automated_baseline,0.94
label_001052,TRANSACTION,txn_001052,LEGITIMATE,2025-04-05T01:30:11,automated_baseline,0.9
label_001053,TRANSACTION,txn_001053,LEGITIMATE,2025-04-01T20:07:03,fraud_analyst_review,0.91
label_001054,TRANSACTION,txn_001054,LEGITIMATE,2025-10-02T18:52:05,fraud_analyst_review,0.99
label_001055,TRANSACTION,txn_001055,LEGITIMATE,2025-08-31T06:49:34,fraud_analyst_review,0.97
label_001056,TRANSACTION,txn_001056,LEGITIMATE,2025-02-26T10:24:07,automated_baseline,0.87
label_001057,TRANSACTION,txn_001057,LEGITIMATE,2025-08-10T04:26:09,fraud_analyst_review,0.96
label_001058,TRANSACTION,txn_001058,LEGITIMATE,2025-06-08T09:59:58,automated_baseline,0.91
label_001059,TRANSACTION,txn_001059,LEGITIMATE,2025-08-07T03:49:50,automated_baseline,0.98
label_001060,TRANSACTION,txn_001060,LEGITIMATE,2025-06-08T05:58:57,automated_baseline,0.91
label_001061,TRANSACTION,txn_001061,LEGITIMATE,2025-11-01T07:51:21,automated_baseline,0.85
label_001062,TRANSACTION,txn_001062,LEGITIMATE,2025-11-10T12:30:06,automated_baseline,0.96
label_001063,TRANSACTION,txn_001063,LEGITIMATE,2025-04-16T14:40:18,fraud_analyst_review,0.96
label_001064,TRANSACTION,txn_001064,LEGITIMATE,2025-04-19T09:08:18,automated_baseline,0.99
label_001065,TRANSACTION,txn_001065,LEGITIMATE,2025-02-01T13:02:13,automated_baseline,0.98
label_001066,TRANSACTION,txn_001066,LEGITIMATE,2025-01-29T10:18:36,automated_baseline,0.97
label_001067,TRANSACTION,txn_001067,LEGITIMATE,2025-09-05T14:05:27,fraud_analyst_review,0.97
label_001068,TRANSACTION,txn_001068,LEGITIMATE,2025-01-08T14:45:12,fraud_analyst_review,0.98
label_001069,TRANSACTION,txn_001069,LEGITIMATE,2025-01-09T20:19:22,automated_baseline,0.88
label_001070,TRANSACTION,txn_001070,LEGITIMATE,2025-05-14T21:24:12,fraud_analyst_review,0.85
label_001071,TRANSACTION,txn_001071,LEGITIMATE,2025-05-28T13:16:04,fraud_analyst_review,0.93
label_001072,TRANSACTION,txn_001072,LEGITIMATE,2025-01-29T20:58:43,automated_baseline,0.97
label_001073,TRANSACTION,txn_001073,LEGITIMATE,2025-11-14T11:44:30,fraud_analyst_review,0.97
label_001074,TRANSACTION,txn_001074,LEGITIMATE,2025-10-17T17:50:30,automated_baseline,0.97
label_001075,TRANSACTION,txn_001075,LEGITIMATE,2025-09-02T01:01:36,fraud_analyst_review,0.95
label_001076,TRANSACTION,txn_001076,LEGITIMATE,2025-12-06T17:29:17,fraud_analyst_review,0.91
label_001077,TRANSACTION,txn_001077,LEGITIMATE,2025-10-15T07:16:14,fraud_analyst_review,0.95
label_001078,TRANSACTION,txn_001078,LEGITIMATE,2025-10-30T21:27:47,automated_baseline,0.94
label_001079,TRANSACTION,txn_001079,LEGITIMATE,2025-10-29T21:13:09,automated_baseline,0.99
label_001080,TRANSACTION,txn_001080,LEGITIMATE,2025-08-05T13:51:22,fraud_analyst_review,0.96
label_001081,TRANSACTION,txn_001081,LEGITIMATE,2025-11-07T02:46:18,fraud_analyst_review,0.92
label_001082,TRANSACTION,txn_001082,LEGITIMATE,2025-07-18T23:04:09,fraud_analyst_review,0.98
label_001083,TRANSACTION,txn_001083,LEGITIMATE,2025-04-02T10:08:37,automated_baseline,0.85
label_001084,TRANSACTION,txn_001084,LEGITIMATE,2025-01-25T16:50:11,fraud_analyst_review,0.9
label_001085,TRANSACTION,txn_001085,LEGITIMATE,2025-05-05T09:04:59,fraud_analyst_review,0.95
label_001086,TRANSACTION,txn_001086,LEGITIMATE,2025-05-06T08:12:59,fraud_analyst_review,0.86
label_001087,TRANSACTION,txn_001087,LEGITIMATE,2025-05-28T22:40:38,automated_baseline,0.87
label_001088,TRANSACTION,txn_001088,LEGITIMATE,2025-04-08T13:50:25,automated_baseline,0.9
label_001089,TRANSACTION,txn_001089,LEGITIMATE,2025-09-23T11:24:12,automated_baseline,0.93
label_001090,TRANSACTION,txn_001090,LEGITIMATE,2025-02-08T21:59:25,automated_baseline,0.98
label_001091,TRANSACTION,txn_001091,LEGITIMATE,2025-12-04T06:15:44,automated_baseline,0.88
label_001092,TRANSACTION,txn_001092,LEGITIMATE,2025-05-23T01:35:32,fraud_analyst_review,0.96
label_001093,TRANSACTION,txn_001093,LEGITIMATE,2025-04-30T03:07:57,automated_baseline,0.98
label_001094,TRANSACTION,txn_001094,LEGITIMATE,2025-07-22T13:12:45,automated_baseline,0.97
label_001095,TRANSACTION,txn_001095,LEGITIMATE,2025-02-11T18:34:00,fraud_analyst_review,0.94
label_001096,TRANSACTION,txn_001096,LEGITIMATE,2025-04-03T13:02:28,fraud_analyst_review,0.98
label_001097,TRANSACTION,txn_001097,LEGITIMATE,2025-10-29T12:13:16,fraud_analyst_review,0.93
label_001098,TRANSACTION,txn_001098,LEGITIMATE,2025-02-20T10:20:56,fraud_analyst_review,0.87
label_001099,TRANSACTION,txn_001099,LEGITIMATE,2025-01-23T16:59:23,fraud_analyst_review,0.89
label_001100,TRANSACTION,txn_001100,LEGITIMATE,2025-08-05T05:44:33,fraud_analyst_review,0.87
label_001101,TRANSACTION,txn_001101,LEGITIMATE,2025-01-10T21:12:19,automated_baseline,0.98
label_001102,TRANSACTION,txn_001102,LEGITIMATE,2025-03-22T23:16:22,fraud_analyst_review,0.93
label_001103,TRANSACTION,txn_001103,LEGITIMATE,2025-07-31T19:24:53,automated_baseline,0.92
label_001104,TRANSACTION,txn_001104,LEGITIMATE,2025-09-07T19:39:05,automated_baseline,0.98
label_001105,TRANSACTION,txn_001105,LEGITIMATE,2025-11-10T16:51:52,automated_baseline,0.93
label_001106,TRANSACTION,txn_001106,LEGITIMATE,2025-05-27T12:32:06,fraud_analyst_review,0.9
label_001107,TRANSACTION,txn_001107,LEGITIMATE,2025-03-19T17:12:40,fraud_analyst_review,0.92
label_001108,TRANSACTION,txn_001108,LEGITIMATE,2025-11-14T05:18:50,automated_baseline,0.95
label_001109,TRANSACTION,txn_001109,LEGITIMATE,2025-03-10T05:27:06,automated_baseline,0.98
label_001110,TRANSACTION,txn_001110,LEGITIMATE,2025-08-09T03:52:15,fraud_analyst_review,0.96
label_001111,TRANSACTION,txn_001111,LEGITIMATE,2025-02-25T21:31:35,automated_baseline,0.89
label_001112,TRANSACTION,txn_001112,LEGITIMATE,2025-10-14T07:02:32,automated_baseline,0.98
label_001113,TRANSACTION,txn_001113,LEGITIMATE,2025-10-05T22:06:30,fraud_analyst_review,0.85
label_001114,TRANSACTION,txn_001114,LEGITIMATE,2025-04-06T18:30:50,automated_baseline,0.88
label_001115,TRANSACTION,txn_001115,LEGITIMATE,2025-04-05T09:17:39,automated_baseline,0.87
label_001116,TRANSACTION,txn_001116,LEGITIMATE,2025-07-15T14:04:38,fraud_analyst_review,0.94
label_001117,TRANSACTION,txn_001117,LEGITIMATE,2025-03-20T11:57:54,fraud_analyst_review,0.87
label_001118,TRANSACTION,txn_001118,LEGITIMATE,2025-01-09T22:09:22,fraud_analyst_review,0.94
label_001119,TRANSACTION,txn_001119,LEGITIMATE,2025-01-23T01:23:35,automated_baseline,0.88
label_001120,TRANSACTION,txn_001120,LEGITIMATE,2025-09-04T00:09:49,fraud_analyst_review,0.91
label_001121,TRANSACTION,txn_001121,LEGITIMATE,2025-02-13T18:47:46,automated_baseline,0.91
label_001122,TRANSACTION,txn_001122,LEGITIMATE,2025-12-26T10:32:35,fraud_analyst_review,0.9
label_001123,TRANSACTION,txn_001123,LEGITIMATE,2025-02-10T07:21:51,fraud_analyst_review,0.94
label_001124,TRANSACTION,txn_001124,LEGITIMATE,2025-02-28T08:33:42,automated_baseline,0.95
label_001125,TRANSACTION,txn_001125,LEGITIMATE,2025-11-09T19:35:09,automated_baseline,0.96
label_001126,TRANSACTION,txn_001126,LEGITIMATE,2025-06-14T15:20:52,automated_baseline,0.88
label_001127,TRANSACTION,txn_001127,LEGITIMATE,2025-06-15T01:00:52,automated_baseline,0.87
label_001128,TRANSACTION,txn_001128,LEGITIMATE,2025-08-27T13:36:08,automated_baseline,0.91
label_001129,TRANSACTION,txn_001129,LEGITIMATE,2025-06-10T03:31:52,fraud_analyst_review,0.89
label_001130,TRANSACTION,txn_001130,LEGITIMATE,2025-04-08T00:42:55,fraud_analyst_review,0.9
label_001131,TRANSACTION,txn_001131,LEGITIMATE,2025-09-20T23:07:07,automated_baseline,0.89
label_001132,TRANSACTION,txn_001132,LEGITIMATE,2025-02-19T22:29:45,automated_baseline,0.86
label_001133,TRANSACTION,txn_001133,LEGITIMATE,2025-01-17T14:03:45,fraud_analyst_review,0.87
label_001134,TRANSACTION,txn_001134,LEGITIMATE,2025-02-02T19:42:28,automated_baseline,0.99
label_001135,TRANSACTION,txn_001135,LEGITIMATE,2025-04-27T14:28:27,automated_baseline,0.93
label_001136,TRANSACTION,txn_001136,LEGITIMATE,2025-06-15T10:01:14,automated_baseline,0.9
label_001137,TRANSACTION,txn_001137,LEGITIMATE,2025-11-22T14:34:30,automated_baseline,0.92
label_001138,TRANSACTION,txn_001138,LEGITIMATE,2025-06-06T12:09:10,automated_baseline,0.96
label_001139,TRANSACTION,txn_001139,LEGITIMATE,2025-01-08T16:18:52,automated_baseline,0.96
label_001140,TRANSACTION,txn_001140,LEGITIMATE,2025-05-04T00:55:24,fraud_analyst_review,0.98
label_001141,TRANSACTION,txn_001141,LEGITIMATE,2025-03-19T04:29:50,fraud_analyst_review,0.86
label_001142,TRANSACTION,txn_001142,LEGITIMATE,2025-01-20T02:04:02,fraud_analyst_review,0.91
label_001143,TRANSACTION,txn_001143,LEGITIMATE,2025-08-26T03:16:09,automated_baseline,0.97
label_001144,TRANSACTION,txn_001144,LEGITIMATE,2025-07-20T05:40:20,fraud_analyst_review,0.86
label_001145,TRANSACTION,txn_001145,LEGITIMATE,2025-04-02T09:36:22,fraud_analyst_review,0.98
label_001146,TRANSACTION,txn_001146,LEGITIMATE,2025-07-15T14:31:13,fraud_analyst_review,0.98
label_001147,TRANSACTION,txn_001147,LEGITIMATE,2025-12-18T19:50:50,fraud_analyst_review,0.99
label_001148,TRANSACTION,txn_001148,LEGITIMATE,2025-04-11T18:55:17,automated_baseline,0.97
label_001149,TRANSACTION,txn_001149,LEGITIMATE,2025-10-24T23:44:39,fraud_analyst_review,0.96
label_001150,TRANSACTION,txn_001150,LEGITIMATE,2025-07-07T22:49:10,automated_baseline,0.89
label_001151,TRANSACTION,txn_001151,LEGITIMATE,2025-06-14T12:54:06,automated_baseline,0.87
label_001152,TRANSACTION,txn_001152,LEGITIMATE,2025-02-11T14:48:42,fraud_analyst_review,0.88
label_001153,TRANSACTION,txn_001153,LEGITIMATE,2025-08-01T09:06:51,fraud_analyst_review,0.92
label_001154,TRANSACTION,txn_001154,LEGITIMATE,2025-02-09T17:11:47,fraud_analyst_review,0.89
label_001155,TRANSACTION,txn_001155,LEGITIMATE,2025-07-27T15:58:20,automated_baseline,0.99
label_001156,TRANSACTION,txn_001156,LEGITIMATE,2025-06-15T00:50:22,automated_baseline,0.95
label_001157,TRANSACTION,txn_001157,LEGITIMATE,2025-05-13T18:20:43,automated_baseline,0.91
label_001158,TRANSACTION,txn_001158,LEGITIMATE,2025-07-12T12:39:06,automated_baseline,0.97
label_001159,TRANSACTION,txn_001159,LEGITIMATE,2025-06-06T03:39:54,automated_baseline,0.95
label_001160,TRANSACTION,txn_001160,LEGITIMATE,2025-06-29T08:10:22,fraud_analyst_review,0.92
label_001161,TRANSACTION,txn_001161,LEGITIMATE,2025-09-01T09:23:34,automated_baseline,0.95
label_001162,TRANSACTION,txn_001162,LEGITIMATE,2025-08-10T06:53:11,automated_baseline,0.87
label_001163,TRANSACTION,txn_001163,LEGITIMATE,2025-04-06T16:49:54,automated_baseline,0.92
label_001164,TRANSACTION,txn_001164,LEGITIMATE,2025-10-20T08:15:53,fraud_analyst_review,0.99
label_001165,TRANSACTION,txn_001165,LEGITIMATE,2025-05-25T16:11:40,fraud_analyst_review,0.96
label_001166,TRANSACTION,txn_001166,LEGITIMATE,2025-05-26T16:52:10,fraud_analyst_review,0.91
label_001167,TRANSACTION,txn_001167,LEGITIMATE,2025-11-15T13:47:15,fraud_analyst_review,0.9
label_001168,TRANSACTION,txn_001168,LEGITIMATE,2025-03-16T16:46:58,fraud_analyst_review,0.89
label_001169,TRANSACTION,txn_001169,LEGITIMATE,2025-05-11T17:46:32,fraud_analyst_review,0.88
label_001170,TRANSACTION,txn_001170,LEGITIMATE,2025-03-09T23:10:35,fraud_analyst_review,0.95
label_001171,TRANSACTION,txn_001171,LEGITIMATE,2025-01-27T03:47:56,automated_baseline,0.9
label_001172,TRANSACTION,txn_001172,LEGITIMATE,2025-01-24T07:47:52,fraud_analyst_review,0.95
label_001173,TRANSACTION,txn_001173,LEGITIMATE,2025-08-14T09:51:18,fraud_analyst_review,0.91
label_001174,TRANSACTION,txn_001174,LEGITIMATE,2025-01-30T14:48:24,fraud_analyst_review,0.88
label_001175,TRANSACTION,txn_001175,LEGITIMATE,2025-09-28T12:14:17,fraud_analyst_review,0.99
label_001176,TRANSACTION,txn_001176,LEGITIMATE,2025-05-01T08:16:59,fraud_analyst_review,0.97
label_001177,TRANSACTION,txn_001177,LEGITIMATE,2025-04-29T15:48:42,automated_baseline,0.97
label_001178,TRANSACTION,txn_001178,LEGITIMATE,2025-11-05T22:35:55,automated_baseline,0.91
label_001179,TRANSACTION,txn_001179,LEGITIMATE,2025-07-10T01:17:07,automated_baseline,0.96
label_001180,TRANSACTION,txn_001180,LEGITIMATE,2025-11-09T03:41:20,fraud_analyst_review,0.9
label_001181,TRANSACTION,txn_001181,LEGITIMATE,2025-10-07T07:48:18,fraud_analyst_review,0.97
label_001182,TRANSACTION,txn_001182,LEGITIMATE,2025-01-27T21:22:42,automated_baseline,0.97
label_001183,TRANSACTION,txn_001183,LEGITIMATE,2025-04-12T15:55:49,fraud_analyst_review,0.95
label_001184,TRANSACTION,txn_001184,LEGITIMATE,2025-01-07T02:33:08,fraud_analyst_review,0.88
label_001185,TRANSACTION,txn_001185,LEGITIMATE,2025-09-14T18:50:24,fraud_analyst_review,0.99
label_001186,TRANSACTION,txn_001186,LEGITIMATE,2025-08-13T19:32:32,automated_baseline,0.89
label_001187,TRANSACTION,txn_001187,LEGITIMATE,2025-03-10T00:30:37,automated_baseline,0.88
label_001188,TRANSACTION,txn_001188,LEGITIMATE,2025-01-12T16:46:56,automated_baseline,0.95
label_001189,TRANSACTION,txn_001189,LEGITIMATE,2025-11-13T23:43:08,automated_baseline,0.95
label_001190,TRANSACTION,txn_001190,LEGITIMATE,2025-07-17T07:38:13,fraud_analyst_review,0.95
label_001191,TRANSACTION,txn_001191,LEGITIMATE,2025-11-06T11:27:10,automated_baseline,0.96
label_001192,TRANSACTION,txn_001192,LEGITIMATE,2025-12-03T11:05:35,automated_baseline,0.88
label_001193,TRANSACTION,txn_001193,LEGITIMATE,2025-01-12T08:41:59,fraud_analyst_review,0.91
label_001194,TRANSACTION,txn_001194,LEGITIMATE,2025-06-13T22:53:15,fraud_analyst_review,0.97
label_001195,TRANSACTION,txn_001195,LEGITIMATE,2025-05-11T19:15:21,fraud_analyst_review,0.86
label_001196,TRANSACTION,txn_001196,LEGITIMATE,2025-06-13T01:00:53,fraud_analyst_review,0.87
label_001197,TRANSACTION,txn_001197,LEGITIMATE,2025-08-05T18:21:01,fraud_analyst_review,0.96
label_001198,TRANSACTION,txn_001198,LEGITIMATE,2025-03-12T04:13:28,automated_baseline,0.95
label_001199,TRANSACTION,txn_001199,LEGITIMATE,2025-06-26T13:07:58,fraud_analyst_review,0.85
label_001200,TRANSACTION,txn_001200,LEGITIMATE,2025-11-03T11:05:03,fraud_analyst_review,0.92
label_001201,TRANSACTION,txn_001201,LEGITIMATE,2025-08-22T20:47:41,automated_baseline,0.94
label_001202,TRANSACTION,txn_001202,LEGITIMATE,2025-02-24T18:22:24,automated_baseline,0.96
label_001203,TRANSACTION,txn_001203,LEGITIMATE,2025-11-16T17:52:55,fraud_analyst_review,0.91
label_001204,TRANSACTION,txn_001204,LEGITIMATE,2025-11-19T13:44:48,fraud_analyst_review,0.98
label_001205,TRANSACTION,txn_001205,LEGITIMATE,2025-07-15T09:49:10,automated_baseline,0.86
label_001206,TRANSACTION,txn_001206,LEGITIMATE,2025-04-04T09:26:54,automated_baseline,0.86
label_001207,TRANSACTION,txn_001207,LEGITIMATE,2025-01-01T10:58:36,automated_baseline,0.89
label_001208,TRANSACTION,txn_001208,LEGITIMATE,2025-11-15T19:29:18,fraud_analyst_review,0.95
label_001209,TRANSACTION,txn_001209,LEGITIMATE,2025-11-20T08:33:18,fraud_analyst_review,0.93
label_001210,TRANSACTION,txn_001210,LEGITIMATE,2025-07-22T17:22:17,fraud_analyst_review,0.87
label_001211,TRANSACTION,txn_001211,LEGITIMATE,2025-11-06T23:35:22,automated_baseline,0.89
label_001212,TRANSACTION,txn_001212,LEGITIMATE,2025-09-23T21:44:23,fraud_analyst_review,0.89
label_001213,TRANSACTION,txn_001213,LEGITIMATE,2025-07-25T19:48:45,automated_baseline,0.99
label_001214,TRANSACTION,txn_001214,LEGITIMATE,2025-04-28T23:28:38,fraud_analyst_review,0.91
label_001215,TRANSACTION,txn_001215,LEGITIMATE,2025-11-14T01:28:30,fraud_analyst_review,0.9
label_001216,TRANSACTION,txn_001216,LEGITIMATE,2025-10-17T04:30:39,automated_baseline,0.86
label_001217,TRANSACTION,txn_001217,LEGITIMATE,2025-02-08T19:00:59,automated_baseline,0.87
label_001218,TRANSACTION,txn_001218,LEGITIMATE,2025-09-09T03:52:19,automated_baseline,0.95
label_001219,TRANSACTION,txn_001219,LEGITIMATE,2025-11-02T20:06:40,automated_baseline,0.97
label_001220,TRANSACTION,txn_001220,LEGITIMATE,2025-03-25T09:40:20,fraud_analyst_review,0.91
label_001221,TRANSACTION,txn_001221,LEGITIMATE,2025-11-21T04:45:00,fraud_analyst_review,0.93
label_001222,TRANSACTION,txn_001222,LEGITIMATE,2025-09-21T19:33:01,automated_baseline,0.99
label_001223,TRANSACTION,txn_001223,LEGITIMATE,2025-01-02T04:55:04,automated_baseline,0.92
label_001224,TRANSACTION,txn_001224,LEGITIMATE,2025-09-07T10:46:04,automated_baseline,0.98
label_001225,TRANSACTION,txn_001225,LEGITIMATE,2025-02-26T22:36:10,automated_baseline,0.94
label_001226,TRANSACTION,txn_001226,LEGITIMATE,2025-05-31T06:17:19,fraud_analyst_review,0.92
label_001227,TRANSACTION,txn_001227,LEGITIMATE,2025-11-26T10:34:28,automated_baseline,0.9
label_001228,TRANSACTION,txn_001228,LEGITIMATE,2025-03-04T10:27:49,fraud_analyst_review,0.89
label_001229,TRANSACTION,txn_001229,LEGITIMATE,2025-04-09T23:21:21,automated_baseline,0.86
label_001230,TRANSACTION,txn_001230,LEGITIMATE,2025-05-19T08:37:25,fraud_analyst_review,0.88
label_001231,TRANSACTION,txn_001231,LEGITIMATE,2025-03-27T11:28:37,fraud_analyst_review,0.98
label_001232,TRANSACTION,txn_001232,LEGITIMATE,2025-11-03T19:18:30,automated_baseline,0.87
label_001233,TRANSACTION,txn_001233,LEGITIMATE,2025-03-31T16:56:53,automated_baseline,0.97
label_001234,TRANSACTION,txn_001234,LEGITIMATE,2025-04-10T08:50:01,automated_baseline,0.98
label_001235,TRANSACTION,txn_001235,LEGITIMATE,2025-03-12T07:42:48,automated_baseline,0.86
label_001236,TRANSACTION,txn_001236,LEGITIMATE,2025-10-08T17:08:07,fraud_analyst_review,0.88
label_001237,TRANSACTION,txn_001237,LEGITIMATE,2025-03-07T01:08:15,fraud_analyst_review,0.98
label_001238,TRANSACTION,txn_001238,LEGITIMATE,2025-03-02T01:49:36,fraud_analyst_review,0.9
label_001239,TRANSACTION,txn_001239,LEGITIMATE,2025-10-08T13:33:33,fraud_analyst_review,0.93
label_001240,TRANSACTION,txn_001240,LEGITIMATE,2025-04-08T20:44:22,automated_baseline,0.86
label_001241,TRANSACTION,txn_001241,LEGITIMATE,2025-10-13T17:31:02,fraud_analyst_review,0.98
label_001242,TRANSACTION,txn_001242,LEGITIMATE,2025-05-20T12:33:21,automated_baseline,0.86
label_001243,TRANSACTION,txn_001243,LEGITIMATE,2025-12-11T05:22:57,fraud_analyst_review,0.95
label_001244,TRANSACTION,txn_001244,LEGITIMATE,2025-12-17T17:36:24,automated_baseline,0.94
label_001245,TRANSACTION,txn_001245,LEGITIMATE,2025-05-06T22:34:32,automated_baseline,0.87
label_001246,TRANSACTION,txn_001246,LEGITIMATE,2025-01-26T23:48:28,automated_baseline,0.91
label_001247,TRANSACTION,txn_001247,LEGITIMATE,2025-01-27T08:10:28,fraud_analyst_review,0.97
label_001248,TRANSACTION,txn_001248,LEGITIMATE,2025-04-01T19:56:23,fraud_analyst_review,0.93
label_001249,TRANSACTION,txn_001249,LEGITIMATE,2025-06-17T14:09:00,automated_baseline,0.93
label_001250,TRANSACTION,txn_001250,LEGITIMATE,2025-02-20T07:04:05,automated_baseline,0.89
label_001251,TRANSACTION,txn_001251,LEGITIMATE,2025-09-12T06:15:40,automated_baseline,0.92
label_001252,TRANSACTION,txn_001252,LEGITIMATE,2025-12-19T11:09:09,fraud_analyst_review,0.96
label_001253,TRANSACTION,txn_001253,LEGITIMATE,2025-09-16T22:37:30,automated_baseline,0.96
label_001254,TRANSACTION,txn_001254,LEGITIMATE,2025-06-07T13:40:52,fraud_analyst_review,0.9
label_001255,TRANSACTION,txn_001255,LEGITIMATE,2025-04-04T05:08:06,fraud_analyst_review,0.98
label_001256,TRANSACTION,txn_001256,LEGITIMATE,2025-05-19T07:23:32,automated_baseline,0.96
label_001257,TRANSACTION,txn_001257,LEGITIMATE,2025-05-29T02:22:03,automated_baseline,0.91
label_001258,TRANSACTION,txn_001258,LEGITIMATE,2025-04-14T05:53:27,fraud_analyst_review,0.94
label_001259,TRANSACTION,txn_001259,LEGITIMATE,2025-04-27T21:58:57,automated_baseline,0.98
label_001260,TRANSACTION,txn_001260,LEGITIMATE,2025-07-26T04:39:47,automated_baseline,0.98
label_001261,TRANSACTION,txn_001261,LEGITIMATE,2025-10-15T02:07:18,fraud_analyst_review,0.89
label_001262,TRANSACTION,txn_001262,LEGITIMATE,2025-09-07T15:47:39,automated_baseline,0.98
label_001263,TRANSACTION,txn_001263,LEGITIMATE,2025-03-15T04:26:08,fraud_analyst_review,0.96
label_001264,TRANSACTION,txn_001264,LEGITIMATE,2025-09-10T02:10:15,fraud_analyst_review,0.97
label_001265,TRANSACTION,txn_001265,LEGITIMATE,2025-06-29T21:23:30,automated_baseline,0.92
label_001266,TRANSACTION,txn_001266,LEGITIMATE,2025-08-30T17:53:31,automated_baseline,0.93
label_001267,TRANSACTION,txn_001267,LEGITIMATE,2025-08-28T00:10:59,automated_baseline,0.87
label_001268,TRANSACTION,txn_001268,LEGITIMATE,2025-08-23T08:29:00,fraud_analyst_review,0.88
label_001269,TRANSACTION,txn_001269,LEGITIMATE,2025-07-03T08:27:09,automated_baseline,0.9
label_001270,TRANSACTION,txn_001270,LEGITIMATE,2025-05-29T01:36:00,automated_baseline,0.98
label_001271,TRANSACTION,txn_001271,LEGITIMATE,2025-12-25T12:14:59,fraud_analyst_review,0.88
label_001272,TRANSACTION,txn_001272,LEGITIMATE,2025-09-26T08:30:15,fraud_analyst_review,0.89
label_001273,TRANSACTION,txn_001273,LEGITIMATE,2025-01-29T04:46:08,automated_baseline,0.9
label_001274,TRANSACTION,txn_001274,LEGITIMATE,2025-01-26T22:52:03,fraud_analyst_review,0.89
label_001275,TRANSACTION,txn_001275,LEGITIMATE,2025-11-29T18:23:32,automated_baseline,0.85
label_001276,TRANSACTION,txn_001276,LEGITIMATE,2025-07-17T14:36:42,fraud_analyst_review,0.9
label_001277,TRANSACTION,txn_001277,LEGITIMATE,2025-04-08T15:37:12,fraud_analyst_review,0.86
label_001278,TRANSACTION,txn_001278,LEGITIMATE,2025-05-09T04:34:28,fraud_analyst_review,0.93
label_001279,TRANSACTION,txn_001279,LEGITIMATE,2025-11-09T13:49:43,fraud_analyst_review,0.87
label_001280,TRANSACTION,txn_001280,LEGITIMATE,2025-02-22T19:37:41,automated_baseline,0.96
label_001281,TRANSACTION,txn_001281,LEGITIMATE,2025-06-07T17:04:23,automated_baseline,0.86
label_001282,TRANSACTION,txn_001282,LEGITIMATE,2025-06-28T19:58:25,fraud_analyst_review,0.88
label_001283,TRANSACTION,txn_001283,LEGITIMATE,2025-02-05T15:45:50,fraud_analyst_review,0.88
label_001284,TRANSACTION,txn_001284,LEGITIMATE,2025-05-17T17:36:28,fraud_analyst_review,0.92
label_001285,TRANSACTION,txn_001285,LEGITIMATE,2025-06-03T16:31:43,fraud_analyst_review,0.93
label_001286,TRANSACTION,txn_001286,LEGITIMATE,2025-12-12T21:01:27,automated_baseline,0.85
label_001287,TRANSACTION,txn_001287,LEGITIMATE,2025-08-17T16:51:13,fraud_analyst_review,0.87
label_001288,TRANSACTION,txn_001288,LEGITIMATE,2025-08-19T12:46:18,automated_baseline,0.91
label_001289,TRANSACTION,txn_001289,LEGITIMATE,2025-08-27T12:52:16,fraud_analyst_review,0.94
label_001290,TRANSACTION,txn_001290,LEGITIMATE,2025-04-26T22:44:02,fraud_analyst_review,0.94
label_001291,TRANSACTION,txn_001291,LEGITIMATE,2025-08-13T15:12:36,fraud_analyst_review,0.85
label_001292,TRANSACTION,txn_001292,LEGITIMATE,2025-05-08T11:24:02,fraud_analyst_review,0.86
label_001293,TRANSACTION,txn_001293,LEGITIMATE,2025-09-26T12:14:17,fraud_analyst_review,0.88
label_001294,TRANSACTION,txn_001294,LEGITIMATE,2025-02-21T06:09:21,fraud_analyst_review,0.93
label_001295,TRANSACTION,txn_001295,LEGITIMATE,2025-01-22T05:12:49,automated_baseline,0.96
label_001296,TRANSACTION,txn_001296,LEGITIMATE,2025-07-25T09:47:49,fraud_analyst_review,0.98
label_001297,TRANSACTION,txn_001297,LEGITIMATE,2025-03-26T20:03:37,fraud_analyst_review,0.95
label_001298,TRANSACTION,txn_001298,LEGITIMATE,2025-08-02T21:35:34,fraud_analyst_review,0.87
label_001299,TRANSACTION,txn_001299,LEGITIMATE,2025-05-01T09:53:52,automated_baseline,0.89
label_001300,TRANSACTION,txn_001300,LEGITIMATE,2025-11-19T19:53:59,fraud_analyst_review,0.96
label_001301,TRANSACTION,txn_001301,LEGITIMATE,2025-12-17T08:35:01,automated_baseline,0.97
label_001302,TRANSACTION,txn_001302,LEGITIMATE,2025-03-05T11:26:51,automated_baseline,0.91
label_001303,TRANSACTION,txn_001303,LEGITIMATE,2025-03-01T13:44:38,fraud_analyst_review,0.93
label_001304,TRANSACTION,txn_001304,LEGITIMATE,2025-03-18T14:56:34,fraud_analyst_review,0.96
label_001305,TRANSACTION,txn_001305,LEGITIMATE,2025-10-29T08:29:55,automated_baseline,0.87
label_001306,TRANSACTION,txn_001306,LEGITIMATE,2025-10-13T08:34:02,automated_baseline,0.88
label_001307,TRANSACTION,txn_001307,LEGITIMATE,2025-06-28T01:17:18,fraud_analyst_review,0.95
label_001308,TRANSACTION,txn_001308,LEGITIMATE,2025-06-20T16:25:25,fraud_analyst_review,0.95
label_001309,TRANSACTION,txn_001309,LEGITIMATE,2025-02-11T03:21:16,automated_baseline,0.9
label_001310,TRANSACTION,txn_001310,LEGITIMATE,2025-11-03T06:37:09,automated_baseline,0.87
label_001311,TRANSACTION,txn_001311,LEGITIMATE,2025-10-04T18:33:15,fraud_analyst_review,0.88
label_001312,TRANSACTION,txn_001312,LEGITIMATE,2025-02-03T10:37:13,fraud_analyst_review,0.96
label_001313,TRANSACTION,txn_001313,LEGITIMATE,2025-04-24T03:53:38,fraud_analyst_review,0.86
label_001314,TRANSACTION,txn_001314,LEGITIMATE,2025-10-20T12:44:04,fraud_analyst_review,0.88
label_001315,TRANSACTION,txn_001315,LEGITIMATE,2025-02-28T04:20:18,fraud_analyst_review,0.93
label_001316,TRANSACTION,txn_001316,LEGITIMATE,2025-11-14T02:34:09,fraud_analyst_review,0.92
label_001317,TRANSACTION,txn_001317,LEGITIMATE,2025-11-09T10:05:10,fraud_analyst_review,0.88
label_001318,TRANSACTION,txn_001318,LEGITIMATE,2025-06-15T21:54:15,fraud_analyst_review,0.88
label_001319,TRANSACTION,txn_001319,LEGITIMATE,2025-12-21T05:46:30,fraud_analyst_review,0.93
label_001320,TRANSACTION,txn_001320,LEGITIMATE,2025-10-09T15:33:49,automated_baseline,0.86
label_001321,TRANSACTION,txn_001321,LEGITIMATE,2025-06-29T23:20:40,fraud_analyst_review,0.94
label_001322,TRANSACTION,txn_001322,LEGITIMATE,2025-09-15T14:37:40,automated_baseline,0.88
label_001323,TRANSACTION,txn_001323,LEGITIMATE,2025-04-16T21:16:19,automated_baseline,0.96
label_001324,TRANSACTION,txn_001324,LEGITIMATE,2025-05-25T13:08:46,automated_baseline,0.97
label_001325,TRANSACTION,txn_001325,LEGITIMATE,2025-02-10T10:19:29,automated_baseline,0.9
label_001326,TRANSACTION,txn_001326,LEGITIMATE,2025-08-10T09:37:45,fraud_analyst_review,0.96
label_001327,TRANSACTION,txn_001327,LEGITIMATE,2025-10-29T00:49:00,automated_baseline,0.87
label_001328,TRANSACTION,txn_001328,LEGITIMATE,2025-03-13T02:56:10,automated_baseline,0.86
label_001329,TRANSACTION,txn_001329,LEGITIMATE,2025-08-25T16:19:58,automated_baseline,0.92
label_001330,TRANSACTION,txn_001330,LEGITIMATE,2025-06-09T04:13:42,automated_baseline,0.85
label_001331,TRANSACTION,txn_001331,LEGITIMATE,2025-12-16T06:07:01,automated_baseline,0.98
label_001332,TRANSACTION,txn_001332,LEGITIMATE,2025-06-25T05:30:26,automated_baseline,0.97
label_001333,TRANSACTION,txn_001333,LEGITIMATE,2025-03-25T07:55:35,automated_baseline,0.97
label_001334,TRANSACTION,txn_001334,LEGITIMATE,2025-04-07T06:07:47,automated_baseline,0.87
label_001335,TRANSACTION,txn_001335,LEGITIMATE,2025-03-01T04:31:50,fraud_analyst_review,0.98
label_001336,TRANSACTION,txn_001336,LEGITIMATE,2025-06-07T16:51:33,fraud_analyst_review,0.96
label_001337,TRANSACTION,txn_001337,LEGITIMATE,2025-02-09T01:13:21,fraud_analyst_review,0.87
label_001338,TRANSACTION,txn_001338,LEGITIMATE,2025-11-28T10:05:07,fraud_analyst_review,0.87
label_001339,TRANSACTION,txn_001339,LEGITIMATE,2025-07-27T08:12:49,automated_baseline,0.9
label_001340,TRANSACTION,txn_001340,LEGITIMATE,2025-05-07T15:58:27,fraud_analyst_review,0.95
label_001341,TRANSACTION,txn_001341,LEGITIMATE,2025-10-25T01:42:09,fraud_analyst_review,0.92
label_001342,TRANSACTION,txn_001342,LEGITIMATE,2025-08-06T04:15:19,automated_baseline,0.98
label_001343,TRANSACTION,txn_001343,LEGITIMATE,2025-04-05T05:25:39,automated_baseline,0.99
label_001344,TRANSACTION,txn_001344,LEGITIMATE,2025-01-04T20:54:14,automated_baseline,0.9
label_001345,TRANSACTION,txn_001345,LEGITIMATE,2025-01-17T04:17:38,automated_baseline,0.89
label_001346,TRANSACTION,txn_001346,LEGITIMATE,2025-08-05T01:01:25,fraud_analyst_review,0.92
label_001347,TRANSACTION,txn_001347,LEGITIMATE,2025-04-12T18:05:31,automated_baseline,0.85
label_001348,TRANSACTION,txn_001348,LEGITIMATE,2025-01-01T07:20:22,fraud_analyst_review,0.86
label_001349,TRANSACTION,txn_001349,LEGITIMATE,2025-04-24T17:53:35,fraud_analyst_review,0.91
label_001350,TRANSACTION,txn_001350,LEGITIMATE,2025-07-26T03:39:46,automated_baseline,0.94
label_001351,TRANSACTION,txn_001351,LEGITIMATE,2025-12-23T21:41:08,fraud_analyst_review,0.98
label_001352,TRANSACTION,txn_001352,LEGITIMATE,2025-05-27T18:32:44,automated_baseline,0.88
label_001353,TRANSACTION,txn_001353,LEGITIMATE,2025-12-28T22:13:33,fraud_analyst_review,0.89
label_001354,TRANSACTION,txn_001354,LEGITIMATE,2025-08-20T23:37:30,automated_baseline,0.89
label_001355,TRANSACTION,txn_001355,LEGITIMATE,2025-03-26T18:15:40,automated_baseline,0.94
label_001356,TRANSACTION,txn_001356,LEGITIMATE,2025-07-12T03:42:16,fraud_analyst_review,0.95
label_001357,TRANSACTION,txn_001357,LEGITIMATE,2025-03-08T03:37:54,fraud_analyst_review,0.87
label_001358,TRANSACTION,txn_001358,LEGITIMATE,2025-01-26T20:35:06,fraud_analyst_review,0.91
label_001359,TRANSACTION,txn_001359,LEGITIMATE,2025-05-19T12:35:28,automated_baseline,0.97
label_001360,TRANSACTION,txn_001360,LEGITIMATE,2025-06-28T10:34:57,fraud_analyst_review,0.88
label_001361,TRANSACTION,txn_001361,LEGITIMATE,2025-03-26T14:18:37,automated_baseline,0.91
label_001362,TRANSACTION,txn_001362,LEGITIMATE,2025-03-29T03:10:37,automated_baseline,0.9
label_001363,TRANSACTION,txn_001363,LEGITIMATE,2025-01-04T18:01:34,fraud_analyst_review,0.88
label_001364,TRANSACTION,txn_001364,LEGITIMATE,2025-10-11T02:24:58,automated_baseline,0.9
label_001365,TRANSACTION,txn_001365,LEGITIMATE,2025-02-14T00:41:57,fraud_analyst_review,0.93
label_001366,TRANSACTION,txn_001366,LEGITIMATE,2025-08-17T06:19:43,fraud_analyst_review,0.99
label_001367,TRANSACTION,txn_001367,LEGITIMATE,2025-08-20T07:41:00,fraud_analyst_review,0.87
label_001368,TRANSACTION,txn_001368,LEGITIMATE,2025-12-18T08:36:09,fraud_analyst_review,0.94
label_001369,TRANSACTION,txn_001369,LEGITIMATE,2025-12-20T18:44:53,automated_baseline,0.98
label_001370,TRANSACTION,txn_001370,LEGITIMATE,2025-10-17T11:06:48,automated_baseline,0.96
label_001371,TRANSACTION,txn_001371,LEGITIMATE,2025-06-29T11:51:24,fraud_analyst_review,0.96
label_001372,TRANSACTION,txn_001372,LEGITIMATE,2025-06-01T23:30:18,fraud_analyst_review,0.96
label_001373,TRANSACTION,txn_001373,LEGITIMATE,2025-07-10T22:52:40,automated_baseline,0.97
label_001374,TRANSACTION,txn_001374,LEGITIMATE,2025-12-01T14:01:52,automated_baseline,0.94
label_001375,TRANSACTION,txn_001375,LEGITIMATE,2025-10-18T21:28:25,automated_baseline,0.93
label_001376,TRANSACTION,txn_001376,LEGITIMATE,2025-11-28T05:38:49,fraud_analyst_review,0.87
label_001377,TRANSACTION,txn_001377,LEGITIMATE,2025-11-17T22:15:24,fraud_analyst_review,0.9
label_001378,TRANSACTION,txn_001378,LEGITIMATE,2025-06-05T13:41:58,fraud_analyst_review,0.88
label_001379,TRANSACTION,txn_001379,LEGITIMATE,2025-07-17T22:51:51,automated_baseline,0.95
label_001380,TRANSACTION,txn_001380,LEGITIMATE,2025-05-23T11:27:35,fraud_analyst_review,0.97
label_001381,TRANSACTION,txn_001381,LEGITIMATE,2025-05-15T16:29:23,automated_baseline,0.94
label_001382,TRANSACTION,txn_001382,LEGITIMATE,2025-01-18T22:35:30,fraud_analyst_review,0.85
label_001383,TRANSACTION,txn_001383,LEGITIMATE,2025-11-10T12:10:10,automated_baseline,0.98
label_001384,TRANSACTION,txn_001384,LEGITIMATE,2025-07-27T22:58:46,automated_baseline,0.99
label_001385,TRANSACTION,txn_001385,LEGITIMATE,2025-01-01T11:37:37,fraud_analyst_review,0.94
label_001386,TRANSACTION,txn_001386,LEGITIMATE,2025-08-18T22:51:54,automated_baseline,0.91
label_001387,TRANSACTION,txn_001387,LEGITIMATE,2025-07-28T09:52:52,fraud_analyst_review,0.96
label_001388,TRANSACTION,txn_001388,LEGITIMATE,2025-11-25T13:21:14,fraud_analyst_review,0.96
label_001389,TRANSACTION,txn_001389,LEGITIMATE,2025-10-29T06:07:19,automated_baseline,0.92
label_001390,TRANSACTION,txn_001390,LEGITIMATE,2025-03-28T10:18:05,automated_baseline,0.97
label_001391,TRANSACTION,txn_001391,LEGITIMATE,2025-03-19T22:54:11,automated_baseline,0.91
label_001392,TRANSACTION,txn_001392,LEGITIMATE,2025-09-12T11:45:18,fraud_analyst_review,0.91
label_001393,TRANSACTION,txn_001393,LEGITIMATE,2025-09-14T00:28:18,fraud_analyst_review,0.95
label_001394,TRANSACTION,txn_001394,LEGITIMATE,2025-04-16T03:29:02,automated_baseline,0.94
label_001395,TRANSACTION,txn_001395,LEGITIMATE,2025-10-29T12:35:30,fraud_analyst_review,0.88
label_001396,TRANSACTION,txn_001396,LEGITIMATE,2025-03-14T02:38:31,automated_baseline,0.87
label_001397,TRANSACTION,txn_001397,LEGITIMATE,2025-05-29T14:50:43,automated_baseline,0.87
label_001398,TRANSACTION,txn_001398,LEGITIMATE,2025-01-13T09:16:28,automated_baseline,0.86
label_001399,TRANSACTION,txn_001399,LEGITIMATE,2025-05-12T16:26:29,automated_baseline,0.87
label_001400,TRANSACTION,txn_001400,LEGITIMATE,2025-08-28T00:18:47,automated_baseline,0.87
label_001401,TRANSACTION,txn_001401,LEGITIMATE,2025-07-03T13:20:54,automated_baseline,0.96
label_001402,TRANSACTION,txn_001402,LEGITIMATE,2025-02-13T02:13:57,fraud_analyst_review,0.89
label_001403,TRANSACTION,txn_001403,LEGITIMATE,2025-04-24T20:15:23,automated_baseline,0.9
label_001404,TRANSACTION,txn_001404,LEGITIMATE,2025-04-16T11:52:09,fraud_analyst_review,0.94
label_001405,TRANSACTION,txn_001405,LEGITIMATE,2025-02-06T16:37:25,fraud_analyst_review,0.95
label_001406,TRANSACTION,txn_001406,LEGITIMATE,2025-02-13T09:37:25,fraud_analyst_review,0.87
label_001407,TRANSACTION,txn_001407,LEGITIMATE,2025-09-17T05:41:25,fraud_analyst_review,0.99
label_001408,TRANSACTION,txn_001408,LEGITIMATE,2025-06-16T05:00:30,automated_baseline,0.92
label_001409,TRANSACTION,txn_001409,LEGITIMATE,2025-06-22T05:27:25,automated_baseline,0.92
label_001410,TRANSACTION,txn_001410,LEGITIMATE,2025-01-20T13:44:49,fraud_analyst_review,0.94
label_001411,TRANSACTION,txn_001411,LEGITIMATE,2025-04-19T04:51:48,automated_baseline,0.87
label_001412,TRANSACTION,txn_001412,LEGITIMATE,2025-03-17T19:32:56,automated_baseline,0.9
label_001413,TRANSACTION,txn_001413,LEGITIMATE,2025-01-08T02:15:28,fraud_analyst_review,0.88
label_001414,TRANSACTION,txn_001414,LEGITIMATE,2025-10-26T07:53:41,automated_baseline,0.95
label_001415,TRANSACTION,txn_001415,LEGITIMATE,2025-10-15T10:09:03,fraud_analyst_review,0.93
label_001416,TRANSACTION,txn_001416,LEGITIMATE,2025-05-31T22:05:21,automated_baseline,0.97
label_001417,TRANSACTION,txn_001417,LEGITIMATE,2025-12-09T17:27:55,automated_baseline,0.96
label_001418,TRANSACTION,txn_001418,LEGITIMATE,2025-11-09T15:16:48,automated_baseline,0.91
label_001419,TRANSACTION,txn_001419,LEGITIMATE,2025-06-17T18:17:43,fraud_analyst_review,0.97
label_001420,TRANSACTION,txn_001420,LEGITIMATE,2025-03-01T02:41:37,automated_baseline,0.98
label_001421,TRANSACTION,txn_001421,LEGITIMATE,2025-07-13T00:01:48,automated_baseline,0.91
label_001422,TRANSACTION,txn_001422,LEGITIMATE,2025-04-25T10:43:23,fraud_analyst_review,0.87
label_001423,TRANSACTION,txn_001423,LEGITIMATE,2025-05-15T08:45:08,automated_baseline,0.86
label_001424,TRANSACTION,txn_001424,LEGITIMATE,2025-01-10T03:42:50,automated_baseline,0.99
label_001425,TRANSACTION,txn_001425,LEGITIMATE,2025-01-12T09:44:08,fraud_analyst_review,0.95
label_001426,TRANSACTION,txn_001426,LEGITIMATE,2025-06-05T06:57:58,automated_baseline,0.97
label_001427,TRANSACTION,txn_001427,LEGITIMATE,2025-04-07T21:15:05,fraud_analyst_review,0.97
label_001428,TRANSACTION,txn_001428,LEGITIMATE,2025-07-10T18:18:37,fraud_analyst_review,0.94
label_001429,TRANSACTION,txn_001429,LEGITIMATE,2025-10-01T06:54:22,fraud_analyst_review,0.97
label_001430,TRANSACTION,txn_001430,LEGITIMATE,2025-09-15T07:01:09,fraud_analyst_review,0.99
label_001431,TRANSACTION,txn_001431,LEGITIMATE,2025-04-30T12:24:07,fraud_analyst_review,0.97
label_001432,TRANSACTION,txn_001432,LEGITIMATE,2025-11-02T03:01:57,automated_baseline,0.86
label_001433,TRANSACTION,txn_001433,LEGITIMATE,2025-07-26T07:36:34,fraud_analyst_review,0.88
label_001434,TRANSACTION,txn_001434,LEGITIMATE,2025-10-09T05:27:54,automated_baseline,0.99
label_001435,TRANSACTION,txn_001435,LEGITIMATE,2025-01-18T00:08:31,fraud_analyst_review,0.86
label_001436,TRANSACTION,txn_001436,LEGITIMATE,2025-05-01T18:31:50,fraud_analyst_review,0.86
label_001437,TRANSACTION,txn_001437,LEGITIMATE,2025-08-19T22:53:05,automated_baseline,0.86
label_001438,TRANSACTION,txn_001438,LEGITIMATE,2025-04-04T12:42:14,fraud_analyst_review,0.86
label_001439,TRANSACTION,txn_001439,LEGITIMATE,2025-10-19T19:34:43,fraud_analyst_review,0.97
label_001440,TRANSACTION,txn_001440,LEGITIMATE,2025-03-22T00:38:01,automated_baseline,0.92
label_001441,TRANSACTION,txn_001441,LEGITIMATE,2025-02-23T11:32:30,automated_baseline,0.98
label_001442,TRANSACTION,txn_001442,LEGITIMATE,2025-10-30T15:28:40,fraud_analyst_review,0.92
label_001443,TRANSACTION,txn_001443,LEGITIMATE,2025-01-16T15:48:40,automated_baseline,0.96
label_001444,TRANSACTION,txn_001444,LEGITIMATE,2025-01-06T17:35:52,automated_baseline,0.97
label_001445,TRANSACTION,txn_001445,LEGITIMATE,2025-11-03T14:03:02,fraud_analyst_review,0.85
label_001446,TRANSACTION,txn_001446,LEGITIMATE,2025-08-15T11:56:55,fraud_analyst_review,0.86
label_001447,TRANSACTION,txn_001447,LEGITIMATE,2025-01-29T06:10:34,automated_baseline,0.89
label_001448,TRANSACTION,txn_001448,LEGITIMATE,2025-02-23T04:33:58,automated_baseline,0.89
label_001449,TRANSACTION,txn_001449,LEGITIMATE,2025-12-07T06:33:11,fraud_analyst_review,0.95
label_001450,TRANSACTION,txn_001450,LEGITIMATE,2025-09-17T09:01:57,automated_baseline,0.86
label_001451,TRANSACTION,txn_001451,LEGITIMATE,2025-04-11T20:40:47,fraud_analyst_review,0.97
label_001452,TRANSACTION,txn_001452,LEGITIMATE,2025-10-17T04:05:12,fraud_analyst_review,0.92
label_001453,TRANSACTION,txn_001453,LEGITIMATE,2025-06-29T09:28:42,fraud_analyst_review,0.96
label_001454,TRANSACTION,txn_001454,LEGITIMATE,2025-02-24T22:26:39,automated_baseline,0.9
label_001455,TRANSACTION,txn_001455,LEGITIMATE,2025-09-16T02:49:46,automated_baseline,0.96
label_001456,TRANSACTION,txn_001456,LEGITIMATE,2025-11-25T19:56:37,automated_baseline,0.9
label_001457,TRANSACTION,txn_001457,LEGITIMATE,2025-03-14T05:58:13,fraud_analyst_review,0.87
label_001458,TRANSACTION,txn_001458,LEGITIMATE,2025-11-30T21:51:30,fraud_analyst_review,0.92
label_001459,TRANSACTION,txn_001459,LEGITIMATE,2025-10-08T11:17:33,automated_baseline,0.96
label_001460,TRANSACTION,txn_001460,LEGITIMATE,2025-01-23T08:16:33,fraud_analyst_review,0.96
label_001461,TRANSACTION,txn_001461,LEGITIMATE,2025-10-16T06:31:23,automated_baseline,0.95
label_001462,TRANSACTION,txn_001462,LEGITIMATE,2025-08-20T05:40:55,fraud_analyst_review,0.97
label_001463,TRANSACTION,txn_001463,LEGITIMATE,2025-02-27T03:56:16,fraud_analyst_review,0.95
label_001464,TRANSACTION,txn_001464,LEGITIMATE,2025-02-10T04:00:31,automated_baseline,0.99
label_001465,TRANSACTION,txn_001465,LEGITIMATE,2025-08-28T14:03:53,fraud_analyst_review,0.93
label_001466,TRANSACTION,txn_001466,LEGITIMATE,2025-08-13T17:41:05,automated_baseline,0.86
label_001467,TRANSACTION,txn_001467,LEGITIMATE,2025-07-12T10:01:53,automated_baseline,0.96
label_001468,TRANSACTION,txn_001468,LEGITIMATE,2025-09-24T03:24:04,fraud_analyst_review,0.98
label_001469,TRANSACTION,txn_001469,LEGITIMATE,2025-08-08T17:25:03,automated_baseline,0.98
label_001470,TRANSACTION,txn_001470,LEGITIMATE,2025-08-14T20:25:03,automated_baseline,0.87
label_001471,TRANSACTION,txn_001471,LEGITIMATE,2025-03-27T02:08:37,automated_baseline,0.93
label_001472,TRANSACTION,txn_001472,LEGITIMATE,2025-04-26T22:51:48,fraud_analyst_review,0.94
label_001473,TRANSACTION,txn_001473,LEGITIMATE,2025-03-21T19:21:01,automated_baseline,0.91
label_001474,TRANSACTION,txn_001474,LEGITIMATE,2025-03-24T16:34:01,fraud_analyst_review,0.95
label_001475,TRANSACTION,txn_001475,LEGITIMATE,2025-01-18T08:01:14,automated_baseline,0.87
label_001476,TRANSACTION,txn_001476,LEGITIMATE,2025-01-13T16:05:56,automated_baseline,0.98
label_001477,TRANSACTION,txn_001477,LEGITIMATE,2025-03-07T05:09:18,fraud_analyst_review,0.9
label_001478,TRANSACTION,txn_001478,LEGITIMATE,2025-11-06T06:27:29,fraud_analyst_review,0.95
label_001479,TRANSACTION,txn_001479,LEGITIMATE,2025-11-27T01:28:39,automated_baseline,0.87
label_001480,TRANSACTION,txn_001480,LEGITIMATE,2025-01-23T09:33:20,automated_baseline,0.98
label_001481,TRANSACTION,txn_001481,LEGITIMATE,2025-07-06T20:24:59,fraud_analyst_review,0.88
label_001482,TRANSACTION,txn_001482,LEGITIMATE,2025-05-13T19:34:07,fraud_analyst_review,0.86
label_001483,TRANSACTION,txn_001483,LEGITIMATE,2025-06-14T12:53:33,fraud_analyst_review,0.89
label_001484,TRANSACTION,txn_001484,LEGITIMATE,2025-06-24T05:18:53,fraud_analyst_review,0.89
label_001485,TRANSACTION,txn_001485,LEGITIMATE,2025-05-18T10:10:41,fraud_analyst_review,0.88
label_001486,TRANSACTION,txn_001486,LEGITIMATE,2025-07-20T23:02:52,fraud_analyst_review,0.92
label_001487,TRANSACTION,txn_001487,LEGITIMATE,2025-02-06T08:13:39,fraud_analyst_review,0.95
label_001488,TRANSACTION,txn_001488,LEGITIMATE,2025-10-27T17:12:58,automated_baseline,0.98
label_001489,TRANSACTION,txn_001489,LEGITIMATE,2025-05-20T01:26:27,fraud_analyst_review,0.86
label_001490,TRANSACTION,txn_001490,LEGITIMATE,2025-03-16T15:29:08,fraud_analyst_review,0.87
label_001491,TRANSACTION,txn_001491,LEGITIMATE,2025-02-18T16:37:13,fraud_analyst_review,0.95
label_001492,TRANSACTION,txn_001492,LEGITIMATE,2025-03-13T08:20:03,fraud_analyst_review,0.87
label_001493,TRANSACTION,txn_001493,LEGITIMATE,2025-03-15T07:02:20,automated_baseline,0.96
label_001494,TRANSACTION,txn_001494,LEGITIMATE,2025-03-10T00:02:49,fraud_analyst_review,0.87
label_001495,TRANSACTION,txn_001495,LEGITIMATE,2025-04-12T21:12:28,automated_baseline,0.85
label_001496,TRANSACTION,txn_001496,LEGITIMATE,2025-03-27T07:10:35,automated_baseline,0.89
label_001497,TRANSACTION,txn_001497,LEGITIMATE,2025-06-13T02:05:27,fraud_analyst_review,0.87
label_001498,TRANSACTION,txn_001498,LEGITIMATE,2025-06-02T19:39:36,automated_baseline,0.93
label_001499,TRANSACTION,txn_001499,LEGITIMATE,2025-06-22T17:05:17,automated_baseline,0.99
label_001500,TRANSACTION,txn_001500,LEGITIMATE,2025-10-06T17:27:34,fraud_analyst_review,0.9
label_001501,TRANSACTION,txn_001501,LEGITIMATE,2025-03-11T10:25:29,fraud_analyst_review,0.98
label_001502,TRANSACTION,txn_001502,LEGITIMATE,2025-04-24T13:41:47,fraud_analyst_review,0.85
label_001503,TRANSACTION,txn_001503,LEGITIMATE,2025-09-28T20:12:00,automated_baseline,0.96
label_001504,TRANSACTION,txn_001504,LEGITIMATE,2025-07-14T13:32:05,automated_baseline,0.9
label_001505,TRANSACTION,txn_001505,LEGITIMATE,2025-11-24T02:06:49,fraud_analyst_review,0.87
label_001506,TRANSACTION,txn_001506,LEGITIMATE,2025-08-20T08:15:54,fraud_analyst_review,0.95
label_001507,TRANSACTION,txn_001507,LEGITIMATE,2025-05-05T19:51:45,automated_baseline,0.92
label_001508,TRANSACTION,txn_001508,LEGITIMATE,2025-10-23T05:42:11,fraud_analyst_review,0.89
label_001509,TRANSACTION,txn_001509,LEGITIMATE,2025-11-24T12:28:44,fraud_analyst_review,0.87
label_001510,TRANSACTION,txn_001510,LEGITIMATE,2025-09-14T00:34:29,automated_baseline,0.98
label_001511,TRANSACTION,txn_001511,LEGITIMATE,2025-10-29T20:01:34,fraud_analyst_review,0.85
label_001512,TRANSACTION,txn_001512,LEGITIMATE,2025-05-12T02:16:49,automated_baseline,0.88
label_001513,TRANSACTION,txn_001513,LEGITIMATE,2025-09-30T05:12:50,fraud_analyst_review,0.98
label_001514,TRANSACTION,txn_001514,LEGITIMATE,2025-07-17T08:24:51,automated_baseline,0.9
label_001515,TRANSACTION,txn_001515,LEGITIMATE,2025-09-27T09:40:57,automated_baseline,0.95
label_001516,TRANSACTION,txn_001516,LEGITIMATE,2025-02-23T16:06:21,fraud_analyst_review,0.96
label_001517,TRANSACTION,txn_001517,LEGITIMATE,2025-03-22T00:26:56,automated_baseline,0.98
label_001518,TRANSACTION,txn_001518,LEGITIMATE,2025-11-14T02:18:34,fraud_analyst_review,0.99
label_001519,TRANSACTION,txn_001519,LEGITIMATE,2025-07-27T09:06:51,fraud_analyst_review,0.87
label_001520,TRANSACTION,txn_001520,LEGITIMATE,2025-05-07T23:32:20,fraud_analyst_review,0.91
label_001521,TRANSACTION,txn_001521,LEGITIMATE,2025-06-20T14:07:24,automated_baseline,0.93
label_001522,TRANSACTION,txn_001522,LEGITIMATE,2025-11-01T01:28:04,automated_baseline,0.91
label_001523,TRANSACTION,txn_001523,LEGITIMATE,2025-09-15T15:52:29,automated_baseline,0.86
label_001524,TRANSACTION,txn_001524,LEGITIMATE,2025-05-11T14:28:18,fraud_analyst_review,0.94
label_001525,TRANSACTION,txn_001525,LEGITIMATE,2025-01-13T05:26:34,fraud_analyst_review,0.87
label_001526,TRANSACTION,txn_001526,LEGITIMATE,2025-11-24T04:13:40,fraud_analyst_review,0.87
label_001527,TRANSACTION,txn_001527,LEGITIMATE,2025-02-06T11:50:14,fraud_analyst_review,0.97
label_001528,TRANSACTION,txn_001528,LEGITIMATE,2025-08-05T12:53:26,automated_baseline,0.94
label_001529,TRANSACTION,txn_001529,LEGITIMATE,2025-05-29T04:48:58,fraud_analyst_review,0.98
label_001530,TRANSACTION,txn_001530,LEGITIMATE,2025-03-05T02:03:15,automated_baseline,0.98
label_001531,TRANSACTION,txn_001531,LEGITIMATE,2025-03-12T22:27:28,automated_baseline,0.94
label_001532,TRANSACTION,txn_001532,LEGITIMATE,2025-05-26T19:23:08,fraud_analyst_review,0.9
label_001533,TRANSACTION,txn_001533,LEGITIMATE,2025-11-13T14:18:20,fraud_analyst_review,0.97
label_001534,TRANSACTION,txn_001534,LEGITIMATE,2025-12-06T13:39:51,fraud_analyst_review,0.98
label_001535,TRANSACTION,txn_001535,LEGITIMATE,2025-06-16T05:32:03,fraud_analyst_review,0.89
label_001536,TRANSACTION,txn_001536,LEGITIMATE,2025-02-22T10:08:05,automated_baseline,0.85
label_001537,TRANSACTION,txn_001537,LEGITIMATE,2025-06-08T13:42:35,automated_baseline,0.88
label_001538,TRANSACTION,txn_001538,LEGITIMATE,2025-10-10T18:45:24,automated_baseline,0.89
label_001539,TRANSACTION,txn_001539,LEGITIMATE,2025-12-14T17:07:17,automated_baseline,0.99
label_001540,TRANSACTION,txn_001540,LEGITIMATE,2025-01-02T18:36:17,fraud_analyst_review,0.98
label_001541,TRANSACTION,txn_001541,LEGITIMATE,2025-12-05T04:53:13,fraud_analyst_review,0.89
label_001542,TRANSACTION,txn_001542,LEGITIMATE,2025-08-27T01:16:09,automated_baseline,0.95
label_001543,TRANSACTION,txn_001543,LEGITIMATE,2025-09-06T04:55:45,fraud_analyst_review,0.94
label_001544,TRANSACTION,txn_001544,LEGITIMATE,2025-12-22T12:42:04,fraud_analyst_review,0.92
label_001545,TRANSACTION,txn_001545,LEGITIMATE,2025-09-01T22:01:43,fraud_analyst_review,0.93
label_001546,TRANSACTION,txn_001546,LEGITIMATE,2025-04-07T07:01:39,fraud_analyst_review,0.88
label_001547,TRANSACTION,txn_001547,LEGITIMATE,2025-02-07T16:13:56,automated_baseline,0.88
label_001548,TRANSACTION,txn_001548,LEGITIMATE,2025-10-17T01:39:52,fraud_analyst_review,0.88
label_001549,TRANSACTION,txn_001549,LEGITIMATE,2025-11-27T20:16:12,fraud_analyst_review,0.85
label_001550,TRANSACTION,txn_001550,LEGITIMATE,2025-05-03T10:10:01,automated_baseline,0.96
label_001551,TRANSACTION,txn_001551,LEGITIMATE,2025-12-02T12:20:35,fraud_analyst_review,0.86
label_001552,TRANSACTION,txn_001552,LEGITIMATE,2025-07-31T13:05:26,fraud_analyst_review,0.89
label_001553,TRANSACTION,txn_001553,LEGITIMATE,2025-01-19T05:05:21,automated_baseline,0.97
label_001554,TRANSACTION,txn_001554,LEGITIMATE,2025-07-29T13:32:54,automated_baseline,0.86
label_001555,TRANSACTION,txn_001555,LEGITIMATE,2025-04-03T16:53:22,fraud_analyst_review,0.94
label_001556,TRANSACTION,txn_001556,LEGITIMATE,2025-02-28T21:22:53,fraud_analyst_review,0.95
label_001557,TRANSACTION,txn_001557,LEGITIMATE,2025-10-07T23:39:00,fraud_analyst_review,0.89
label_001558,TRANSACTION,txn_001558,LEGITIMATE,2025-10-10T16:35:00,fraud_analyst_review,0.86
label_001559,TRANSACTION,txn_001559,LEGITIMATE,2025-09-21T22:52:18,fraud_analyst_review,0.97
label_001560,TRANSACTION,txn_001560,LEGITIMATE,2025-02-08T22:36:26,fraud_analyst_review,0.87
label_001561,TRANSACTION,txn_001561,LEGITIMATE,2025-01-13T13:51:37,automated_baseline,0.85
label_001562,TRANSACTION,txn_001562,LEGITIMATE,2025-05-22T02:52:46,automated_baseline,0.98
label_001563,TRANSACTION,txn_001563,LEGITIMATE,2025-06-01T15:20:20,fraud_analyst_review,0.91
label_001564,TRANSACTION,txn_001564,LEGITIMATE,2025-04-13T09:21:55,automated_baseline,0.99
label_001565,TRANSACTION,txn_001565,LEGITIMATE,2025-01-08T09:16:05,automated_baseline,0.98
label_001566,TRANSACTION,txn_001566,LEGITIMATE,2025-04-02T21:10:38,automated_baseline,0.87
label_001567,TRANSACTION,txn_001567,LEGITIMATE,2025-07-31T17:12:31,automated_baseline,0.99
label_001568,TRANSACTION,txn_001568,LEGITIMATE,2025-01-10T02:12:22,fraud_analyst_review,0.93
label_001569,TRANSACTION,txn_001569,LEGITIMATE,2025-09-16T03:36:34,fraud_analyst_review,0.98
label_001570,TRANSACTION,txn_001570,LEGITIMATE,2025-01-18T01:16:45,fraud_analyst_review,0.88
label_001571,TRANSACTION,txn_001571,LEGITIMATE,2025-06-01T05:03:33,fraud_analyst_review,0.91
label_001572,TRANSACTION,txn_001572,LEGITIMATE,2025-08-28T11:00:07,fraud_analyst_review,0.86
label_001573,TRANSACTION,txn_001573,LEGITIMATE,2025-06-23T21:15:12,fraud_analyst_review,0.85
label_001574,TRANSACTION,txn_001574,LEGITIMATE,2025-01-28T14:19:34,automated_baseline,0.91
label_001575,TRANSACTION,txn_001575,LEGITIMATE,2025-06-20T21:36:55,automated_baseline,0.88
label_001576,TRANSACTION,txn_001576,LEGITIMATE,2025-04-13T15:20:25,fraud_analyst_review,0.93
label_001577,TRANSACTION,txn_001577,LEGITIMATE,2025-09-12T11:22:03,automated_baseline,0.91
label_001578,TRANSACTION,txn_001578,LEGITIMATE,2025-10-05T02:59:39,automated_baseline,0.9
label_001579,TRANSACTION,txn_001579,LEGITIMATE,2025-11-08T05:56:12,automated_baseline,0.93
label_001580,TRANSACTION,txn_001580,LEGITIMATE,2025-03-15T16:44:02,automated_baseline,0.96
label_001581,TRANSACTION,txn_001581,LEGITIMATE,2025-12-04T08:34:33,fraud_analyst_review,0.9
label_001582,TRANSACTION,txn_001582,LEGITIMATE,2025-12-23T16:51:20,automated_baseline,0.87
label_001583,TRANSACTION,txn_001583,LEGITIMATE,2025-06-14T09:51:14,fraud_analyst_review,0.87
label_001584,TRANSACTION,txn_001584,LEGITIMATE,2025-02-28T00:46:01,fraud_analyst_review,0.95
label_001585,TRANSACTION,txn_001585,LEGITIMATE,2025-06-19T12:11:21,automated_baseline,0.85
label_001586,TRANSACTION,txn_001586,LEGITIMATE,2025-03-13T14:10:51,automated_baseline,0.92
label_001587,TRANSACTION,txn_001587,LEGITIMATE,2025-12-18T08:40:08,fraud_analyst_review,0.95
label_001588,TRANSACTION,txn_001588,LEGITIMATE,2025-12-13T18:27:08,automated_baseline,0.88
label_001589,TRANSACTION,txn_001589,LEGITIMATE,2025-08-31T07:17:55,fraud_analyst_review,0.96
label_001590,TRANSACTION,txn_001590,LEGITIMATE,2025-01-08T05:14:25,automated_baseline,0.91
label_001591,TRANSACTION,txn_001591,LEGITIMATE,2025-11-19T12:42:57,fraud_analyst_review,0.97
label_001592,TRANSACTION,txn_001592,LEGITIMATE,2025-04-14T20:12:51,automated_baseline,0.99
label_001593,TRANSACTION,txn_001593,LEGITIMATE,2025-11-03T15:37:40,fraud_analyst_review,0.96
label_001594,TRANSACTION,txn_001594,LEGITIMATE,2025-11-05T05:57:40,automated_baseline,0.87
label_001595,TRANSACTION,txn_001595,LEGITIMATE,2025-02-21T05:32:13,automated_baseline,0.94
label_001596,TRANSACTION,txn_001596,LEGITIMATE,2025-04-08T16:17:35,automated_baseline,0.98
label_001597,TRANSACTION,txn_001597,LEGITIMATE,2025-03-09T02:28:53,fraud_analyst_review,0.86
label_001598,TRANSACTION,txn_001598,LEGITIMATE,2025-06-24T22:03:44,fraud_analyst_review,0.86
label_001599,TRANSACTION,txn_001599,LEGITIMATE,2025-08-12T13:36:14,fraud_analyst_review,0.9
label_001600,TRANSACTION,txn_001600,LEGITIMATE,2025-04-15T15:35:34,automated_baseline,0.99
label_001601,TRANSACTION,txn_001601,LEGITIMATE,2025-01-20T16:31:51,automated_baseline,0.91
label_001602,TRANSACTION,txn_001602,LEGITIMATE,2025-04-24T21:07:32,fraud_analyst_review,0.96
label_001603,TRANSACTION,txn_001603,LEGITIMATE,2025-07-02T16:06:36,fraud_analyst_review,0.92
label_001604,TRANSACTION,txn_001604,LEGITIMATE,2025-01-28T16:51:52,fraud_analyst_review,0.97
label_001605,TRANSACTION,txn_001605,LEGITIMATE,2025-02-26T19:34:12,automated_baseline,0.97
label_001606,TRANSACTION,txn_001606,LEGITIMATE,2025-06-08T13:10:09,automated_baseline,0.96
label_001607,TRANSACTION,txn_001607,LEGITIMATE,2025-01-12T19:21:07,fraud_analyst_review,0.94
label_001608,TRANSACTION,txn_001608,LEGITIMATE,2025-02-22T09:53:01,automated_baseline,0.9
label_001609,TRANSACTION,txn_001609,LEGITIMATE,2025-06-30T06:12:14,fraud_analyst_review,0.99
label_001610,TRANSACTION,txn_001610,LEGITIMATE,2025-04-08T14:40:29,automated_baseline,0.87
label_001611,TRANSACTION,txn_001611,LEGITIMATE,2025-02-27T03:38:01,fraud_analyst_review,0.98
label_001612,TRANSACTION,txn_001612,LEGITIMATE,2025-11-23T19:44:37,automated_baseline,0.86
label_001613,TRANSACTION,txn_001613,LEGITIMATE,2025-06-28T18:13:55,fraud_analyst_review,0.95
label_001614,TRANSACTION,txn_001614,LEGITIMATE,2025-07-22T18:36:37,fraud_analyst_review,0.95
label_001615,TRANSACTION,txn_001615,LEGITIMATE,2025-04-06T02:05:00,fraud_analyst_review,0.95
label_001616,TRANSACTION,txn_001616,LEGITIMATE,2025-04-28T14:37:44,automated_baseline,0.9
label_001617,TRANSACTION,txn_001617,LEGITIMATE,2025-12-25T14:48:36,fraud_analyst_review,0.97
label_001618,TRANSACTION,txn_001618,LEGITIMATE,2025-12-27T09:35:55,fraud_analyst_review,0.87
label_001619,TRANSACTION,txn_001619,LEGITIMATE,2025-07-03T03:51:38,fraud_analyst_review,0.97
label_001620,TRANSACTION,txn_001620,LEGITIMATE,2025-11-11T13:09:59,fraud_analyst_review,0.91
label_001621,TRANSACTION,txn_001621,LEGITIMATE,2025-08-31T12:08:22,automated_baseline,0.9
label_001622,TRANSACTION,txn_001622,LEGITIMATE,2025-05-24T13:13:52,fraud_analyst_review,0.97
label_001623,TRANSACTION,txn_001623,LEGITIMATE,2025-03-21T18:59:19,automated_baseline,0.87
label_001624,TRANSACTION,txn_001624,LEGITIMATE,2025-10-14T17:56:52,fraud_analyst_review,0.97
label_001625,TRANSACTION,txn_001625,LEGITIMATE,2025-09-10T23:46:34,automated_baseline,0.86
label_001626,TRANSACTION,txn_001626,LEGITIMATE,2025-08-04T12:03:18,fraud_analyst_review,0.94
label_001627,TRANSACTION,txn_001627,LEGITIMATE,2025-06-13T10:32:25,automated_baseline,0.99
label_001628,TRANSACTION,txn_001628,LEGITIMATE,2025-04-02T17:19:01,automated_baseline,0.9
label_001629,TRANSACTION,txn_001629,LEGITIMATE,2025-02-19T08:00:27,fraud_analyst_review,0.95
label_001630,TRANSACTION,txn_001630,LEGITIMATE,2025-03-23T07:36:34,fraud_analyst_review,0.97
label_001631,TRANSACTION,txn_001631,LEGITIMATE,2025-11-15T04:08:46,fraud_analyst_review,0.97
label_001632,TRANSACTION,txn_001632,LEGITIMATE,2025-09-06T03:01:11,fraud_analyst_review,0.93
label_001633,TRANSACTION,txn_001633,LEGITIMATE,2025-11-13T07:49:27,automated_baseline,0.96
label_001634,TRANSACTION,txn_001634,LEGITIMATE,2025-05-26T03:50:49,fraud_analyst_review,0.88
label_001635,TRANSACTION,txn_001635,LEGITIMATE,2025-05-09T17:28:15,automated_baseline,0.88
label_001636,TRANSACTION,txn_001636,LEGITIMATE,2025-09-01T11:18:04,automated_baseline,0.98
label_001637,TRANSACTION,txn_001637,LEGITIMATE,2025-10-03T09:53:09,fraud_analyst_review,0.93
label_001638,TRANSACTION,txn_001638,LEGITIMATE,2025-01-25T17:21:11,automated_baseline,0.91
label_001639,TRANSACTION,txn_001639,LEGITIMATE,2025-09-17T07:27:53,automated_baseline,0.95
label_001640,TRANSACTION,txn_001640,LEGITIMATE,2025-11-11T18:30:53,automated_baseline,0.99
label_001641,TRANSACTION,txn_001641,LEGITIMATE,2025-08-12T08:55:27,automated_baseline,0.91
label_001642,TRANSACTION,txn_001642,LEGITIMATE,2025-01-31T06:55:07,automated_baseline,0.95
label_001643,TRANSACTION,txn_001643,LEGITIMATE,2025-10-09T16:23:07,fraud_analyst_review,0.94
label_001644,TRANSACTION,txn_001644,LEGITIMATE,2025-10-12T04:30:07,fraud_analyst_review,0.87
label_001645,TRANSACTION,txn_001645,LEGITIMATE,2025-04-17T13:51:25,automated_baseline,0.91
label_001646,TRANSACTION,txn_001646,LEGITIMATE,2025-12-04T08:19:26,automated_baseline,0.86
label_001647,TRANSACTION,txn_001647,LEGITIMATE,2025-08-15T07:29:17,fraud_analyst_review,0.96
label_001648,TRANSACTION,txn_001648,LEGITIMATE,2025-01-06T23:06:59,fraud_analyst_review,0.98
label_001649,TRANSACTION,txn_001649,LEGITIMATE,2025-12-20T15:58:12,automated_baseline,0.86
label_001650,TRANSACTION,txn_001650,LEGITIMATE,2025-09-24T16:07:39,automated_baseline,0.89
label_001651,TRANSACTION,txn_001651,LEGITIMATE,2025-11-16T23:55:59,automated_baseline,0.93
label_001652,TRANSACTION,txn_001652,LEGITIMATE,2025-02-06T20:17:50,automated_baseline,0.86
label_001653,TRANSACTION,txn_001653,LEGITIMATE,2025-05-07T04:14:08,automated_baseline,0.91
label_001654,TRANSACTION,txn_001654,LEGITIMATE,2025-11-07T03:21:25,fraud_analyst_review,0.94
label_001655,TRANSACTION,txn_001655,LEGITIMATE,2025-06-07T22:12:05,automated_baseline,0.88
label_001656,TRANSACTION,txn_001656,LEGITIMATE,2025-10-02T11:54:21,automated_baseline,0.94
label_001657,TRANSACTION,txn_001657,LEGITIMATE,2025-04-23T08:55:55,automated_baseline,0.85
label_001658,TRANSACTION,txn_001658,LEGITIMATE,2025-11-26T16:01:54,automated_baseline,0.85
label_001659,TRANSACTION,txn_001659,LEGITIMATE,2025-06-04T15:22:33,automated_baseline,0.97
label_001660,TRANSACTION,txn_001660,LEGITIMATE,2025-03-28T20:45:22,fraud_analyst_review,0.98
label_001661,TRANSACTION,txn_001661,LEGITIMATE,2025-05-11T07:52:48,fraud_analyst_review,0.88
label_001662,TRANSACTION,txn_001662,LEGITIMATE,2025-04-13T10:03:41,fraud_analyst_review,0.88
label_001663,TRANSACTION,txn_001663,LEGITIMATE,2025-09-05T09:48:55,fraud_analyst_review,0.97
label_001664,TRANSACTION,txn_001664,LEGITIMATE,2025-11-13T04:33:14,automated_baseline,0.9
label_001665,TRANSACTION,txn_001665,LEGITIMATE,2025-04-27T14:25:58,fraud_analyst_review,0.87
label_001666,TRANSACTION,txn_001666,LEGITIMATE,2025-05-12T07:52:01,automated_baseline,0.96
label_001667,TRANSACTION,txn_001667,LEGITIMATE,2025-12-07T18:58:16,fraud_analyst_review,0.86
label_001668,TRANSACTION,txn_001668,LEGITIMATE,2025-05-06T20:15:37,automated_baseline,0.91
label_001669,TRANSACTION,txn_001669,LEGITIMATE,2025-08-18T06:34:50,automated_baseline,0.91
label_001670,TRANSACTION,txn_001670,LEGITIMATE,2025-12-15T08:07:38,automated_baseline,0.85
label_001671,TRANSACTION,txn_001671,LEGITIMATE,2025-09-27T09:49:46,automated_baseline,0.9
label_001672,TRANSACTION,txn_001672,LEGITIMATE,2025-06-04T16:44:24,fraud_analyst_review,0.88
label_001673,TRANSACTION,txn_001673,LEGITIMATE,2025-10-19T13:34:22,automated_baseline,0.95
label_001674,TRANSACTION,txn_001674,LEGITIMATE,2025-04-12T21:51:55,fraud_analyst_review,0.95
label_001675,TRANSACTION,txn_001675,LEGITIMATE,2025-06-09T06:38:30,automated_baseline,0.88
label_001676,TRANSACTION,txn_001676,LEGITIMATE,2025-03-07T23:15:39,fraud_analyst_review,0.95
label_001677,TRANSACTION,txn_001677,LEGITIMATE,2025-03-08T10:18:39,fraud_analyst_review,0.88
label_001678,TRANSACTION,txn_001678,LEGITIMATE,2025-07-27T05:52:08,fraud_analyst_review,0.86
label_001679,TRANSACTION,txn_001679,LEGITIMATE,2025-01-29T18:11:23,automated_baseline,0.96
label_001680,TRANSACTION,txn_001680,LEGITIMATE,2025-07-25T16:50:23,fraud_analyst_review,0.98
label_001681,TRANSACTION,txn_001681,LEGITIMATE,2025-02-17T09:11:55,automated_baseline,0.89
label_001682,TRANSACTION,txn_001682,LEGITIMATE,2025-11-29T04:30:47,automated_baseline,0.86
label_001683,TRANSACTION,txn_001683,LEGITIMATE,2025-03-29T22:41:23,automated_baseline,0.89
label_001684,TRANSACTION,txn_001684,LEGITIMATE,2025-02-23T03:20:55,fraud_analyst_review,0.89
label_001685,TRANSACTION,txn_001685,LEGITIMATE,2025-12-23T12:55:24,automated_baseline,0.96
label_001686,TRANSACTION,txn_001686,LEGITIMATE,2025-05-16T07:35:03,automated_baseline,0.9
label_001687,TRANSACTION,txn_001687,LEGITIMATE,2025-08-04T18:29:43,fraud_analyst_review,0.95
label_001688,TRANSACTION,txn_001688,LEGITIMATE,2025-07-09T00:13:24,fraud_analyst_review,0.92
label_001689,TRANSACTION,txn_001689,LEGITIMATE,2025-08-10T12:11:16,fraud_analyst_review,0.88
label_001690,TRANSACTION,txn_001690,LEGITIMATE,2025-06-24T02:20:16,fraud_analyst_review,0.91
label_001691,TRANSACTION,txn_001691,LEGITIMATE,2025-06-26T03:05:16,automated_baseline,0.86
label_001692,TRANSACTION,txn_001692,LEGITIMATE,2025-11-14T20:43:02,automated_baseline,0.96
label_001693,TRANSACTION,txn_001693,LEGITIMATE,2025-07-30T08:09:09,automated_baseline,0.93
label_001694,TRANSACTION,txn_001694,LEGITIMATE,2025-08-01T12:21:09,automated_baseline,0.9
label_001695,TRANSACTION,txn_001695,LEGITIMATE,2025-02-27T12:50:08,fraud_analyst_review,0.9
label_001696,TRANSACTION,txn_001696,LEGITIMATE,2025-04-26T10:55:03,fraud_analyst_review,0.91
label_001697,TRANSACTION,txn_001697,LEGITIMATE,2025-12-30T12:57:07,automated_baseline,0.89
label_001698,TRANSACTION,txn_001698,LEGITIMATE,2025-02-21T00:47:26,fraud_analyst_review,0.98
label_001699,TRANSACTION,txn_001699,LEGITIMATE,2025-02-19T14:16:29,automated_baseline,0.89
label_001700,TRANSACTION,txn_001700,LEGITIMATE,2025-04-22T20:52:37,automated_baseline,0.93
label_001701,TRANSACTION,txn_001701,LEGITIMATE,2025-05-30T17:25:42,automated_baseline,0.92
label_001702,TRANSACTION,txn_001702,LEGITIMATE,2025-10-13T17:04:53,fraud_analyst_review,0.93
label_001703,TRANSACTION,txn_001703,LEGITIMATE,2025-10-11T12:49:53,fraud_analyst_review,0.96
label_001704,TRANSACTION,txn_001704,LEGITIMATE,2025-08-12T16:13:38,fraud_analyst_review,0.85
label_001705,TRANSACTION,txn_001705,LEGITIMATE,2025-04-04T10:35:12,automated_baseline,0.91
label_001706,TRANSACTION,txn_001706,LEGITIMATE,2025-09-15T20:07:48,fraud_analyst_review,0.88
label_001707,TRANSACTION,txn_001707,LEGITIMATE,2025-09-17T08:41:48,automated_baseline,0.94
label_001708,TRANSACTION,txn_001708,LEGITIMATE,2025-10-28T13:19:35,fraud_analyst_review,0.87
label_001709,TRANSACTION,txn_001709,LEGITIMATE,2025-10-03T12:40:30,fraud_analyst_review,0.92
label_001710,TRANSACTION,txn_001710,LEGITIMATE,2025-08-07T16:56:06,automated_baseline,0.94
label_001711,TRANSACTION,txn_001711,LEGITIMATE,2025-11-26T12:04:52,fraud_analyst_review,0.88
label_001712,TRANSACTION,txn_001712,LEGITIMATE,2025-08-22T01:34:01,automated_baseline,0.89
label_001713,TRANSACTION,txn_001713,LEGITIMATE,2025-09-23T20:25:29,fraud_analyst_review,0.97
label_001714,TRANSACTION,txn_001714,LEGITIMATE,2025-03-25T16:46:43,fraud_analyst_review,0.85
label_001715,TRANSACTION,txn_001715,LEGITIMATE,2025-02-11T06:44:20,fraud_analyst_review,0.93
label_001716,TRANSACTION,txn_001716,LEGITIMATE,2025-10-03T06:16:19,fraud_analyst_review,0.9
label_001717,TRANSACTION,txn_001717,LEGITIMATE,2025-05-18T11:53:44,automated_baseline,0.88
label_001718,TRANSACTION,txn_001718,LEGITIMATE,2025-05-30T13:17:10,fraud_analyst_review,0.9
label_001719,TRANSACTION,txn_001719,LEGITIMATE,2025-08-27T21:08:40,automated_baseline,0.98
label_001720,TRANSACTION,txn_001720,LEGITIMATE,2025-01-23T17:21:05,automated_baseline,0.87
label_001721,TRANSACTION,txn_001721,LEGITIMATE,2025-08-01T14:39:37,automated_baseline,0.9
label_001722,TRANSACTION,txn_001722,LEGITIMATE,2025-03-21T10:19:26,fraud_analyst_review,0.93
label_001723,TRANSACTION,txn_001723,LEGITIMATE,2025-09-09T07:47:35,fraud_analyst_review,0.97
label_001724,TRANSACTION,txn_001724,LEGITIMATE,2025-06-29T03:26:49,automated_baseline,0.95
label_001725,TRANSACTION,txn_001725,LEGITIMATE,2025-09-13T19:51:51,fraud_analyst_review,0.96
label_001726,TRANSACTION,txn_001726,LEGITIMATE,2025-11-08T06:45:51,automated_baseline,0.98
label_001727,TRANSACTION,txn_001727,LEGITIMATE,2025-11-13T08:33:27,automated_baseline,0.91
label_001728,TRANSACTION,txn_001728,LEGITIMATE,2025-03-13T03:16:01,fraud_analyst_review,0.98
label_001729,TRANSACTION,txn_001729,LEGITIMATE,2025-07-18T14:58:52,fraud_analyst_review,0.95
label_001730,TRANSACTION,txn_001730,LEGITIMATE,2025-01-03T06:54:10,automated_baseline,0.87
label_001731,TRANSACTION,txn_001731,LEGITIMATE,2025-10-04T04:08:43,automated_baseline,0.94
label_001732,TRANSACTION,txn_001732,LEGITIMATE,2025-02-01T07:56:09,automated_baseline,0.96
label_001733,TRANSACTION,txn_001733,LEGITIMATE,2025-12-20T16:42:43,fraud_analyst_review,0.87
label_001734,TRANSACTION,txn_001734,LEGITIMATE,2025-09-10T09:23:23,automated_baseline,0.96
label_001735,TRANSACTION,txn_001735,LEGITIMATE,2025-05-03T23:52:57,fraud_analyst_review,0.94
label_001736,TRANSACTION,txn_001736,LEGITIMATE,2025-01-27T04:27:27,automated_baseline,0.9
label_001737,TRANSACTION,txn_001737,LEGITIMATE,2025-12-05T18:19:41,automated_baseline,0.98
label_001738,TRANSACTION,txn_001738,LEGITIMATE,2025-05-29T01:34:13,fraud_analyst_review,0.97
label_001739,TRANSACTION,txn_001739,LEGITIMATE,2025-08-09T17:07:36,fraud_analyst_review,0.96
label_001740,TRANSACTION,txn_001740,LEGITIMATE,2025-02-12T02:23:14,automated_baseline,0.93
label_001741,TRANSACTION,txn_001741,LEGITIMATE,2025-04-10T03:32:25,fraud_analyst_review,0.91
label_001742,TRANSACTION,txn_001742,LEGITIMATE,2025-03-16T04:05:00,fraud_analyst_review,0.89
label_001743,TRANSACTION,txn_001743,LEGITIMATE,2025-09-06T06:28:08,fraud_analyst_review,0.93
label_001744,TRANSACTION,txn_001744,LEGITIMATE,2025-09-06T11:50:08,automated_baseline,0.91
label_001745,TRANSACTION,txn_001745,LEGITIMATE,2025-10-09T12:34:02,fraud_analyst_review,0.87
label_001746,TRANSACTION,txn_001746,LEGITIMATE,2025-10-13T18:42:19,fraud_analyst_review,0.97
label_001747,TRANSACTION,txn_001747,LEGITIMATE,2025-03-15T16:02:08,fraud_analyst_review,0.91
label_001748,TRANSACTION,txn_001748,LEGITIMATE,2025-08-13T16:23:00,fraud_analyst_review,0.91
label_001749,TRANSACTION,txn_001749,LEGITIMATE,2025-02-02T20:09:32,fraud_analyst_review,0.93
label_001750,TRANSACTION,txn_001750,LEGITIMATE,2025-03-21T11:32:28,automated_baseline,0.89
label_001751,TRANSACTION,txn_001751,LEGITIMATE,2025-12-06T18:07:48,automated_baseline,0.96
label_001752,TRANSACTION,txn_001752,LEGITIMATE,2025-02-18T14:01:32,fraud_analyst_review,0.96
label_001753,TRANSACTION,txn_001753,LEGITIMATE,2025-02-24T11:40:18,automated_baseline,0.85
label_001754,TRANSACTION,txn_001754,LEGITIMATE,2025-01-29T11:10:06,automated_baseline,0.97
label_001755,TRANSACTION,txn_001755,LEGITIMATE,2025-02-06T12:27:37,automated_baseline,0.94
label_001756,TRANSACTION,txn_001756,LEGITIMATE,2025-06-18T18:29:24,automated_baseline,0.94
label_001757,TRANSACTION,txn_001757,LEGITIMATE,2025-04-27T16:21:57,automated_baseline,0.99
label_001758,TRANSACTION,txn_001758,LEGITIMATE,2025-03-19T20:10:42,automated_baseline,0.91
label_001759,TRANSACTION,txn_001759,LEGITIMATE,2025-01-20T10:55:31,automated_baseline,0.98
label_001760,TRANSACTION,txn_001760,LEGITIMATE,2025-06-12T19:20:47,fraud_analyst_review,0.97
label_001761,TRANSACTION,txn_001761,LEGITIMATE,2025-05-04T18:10:55,automated_baseline,0.87
label_001762,TRANSACTION,txn_001762,LEGITIMATE,2025-04-05T04:16:48,automated_baseline,0.97
label_001763,TRANSACTION,txn_001763,LEGITIMATE,2025-05-22T17:31:30,fraud_analyst_review,0.97
label_001764,TRANSACTION,txn_001764,LEGITIMATE,2025-01-02T01:12:42,automated_baseline,0.86
label_001765,TRANSACTION,txn_001765,LEGITIMATE,2025-01-10T09:34:50,automated_baseline,0.91
label_001766,TRANSACTION,txn_001766,LEGITIMATE,2025-11-25T04:33:03,automated_baseline,0.86
label_001767,TRANSACTION,txn_001767,LEGITIMATE,2025-04-02T05:07:31,automated_baseline,0.87
label_001768,TRANSACTION,txn_001768,LEGITIMATE,2025-05-11T04:51:07,automated_baseline,0.94
label_001769,TRANSACTION,txn_001769,LEGITIMATE,2025-06-14T22:39:04,automated_baseline,0.99
label_001770,TRANSACTION,txn_001770,LEGITIMATE,2025-04-28T17:17:42,automated_baseline,0.99
label_001771,TRANSACTION,txn_001771,LEGITIMATE,2025-12-28T03:18:12,automated_baseline,0.93
label_001772,TRANSACTION,txn_001772,LEGITIMATE,2025-04-01T09:44:18,automated_baseline,0.91
label_001773,TRANSACTION,txn_001773,LEGITIMATE,2025-06-04T15:17:34,fraud_analyst_review,0.98
label_001774,TRANSACTION,txn_001774,LEGITIMATE,2025-12-11T09:47:08,automated_baseline,0.88
label_001775,TRANSACTION,txn_001775,LEGITIMATE,2025-08-10T08:28:44,fraud_analyst_review,0.87
label_001776,TRANSACTION,txn_001776,LEGITIMATE,2025-08-15T17:28:37,fraud_analyst_review,0.94
label_001777,TRANSACTION,txn_001777,LEGITIMATE,2025-04-26T03:11:57,automated_baseline,0.98
label_001778,TRANSACTION,txn_001778,LEGITIMATE,2025-12-13T09:54:54,automated_baseline,0.98
label_001779,TRANSACTION,txn_001779,LEGITIMATE,2025-08-04T22:46:19,fraud_analyst_review,0.86
label_001780,TRANSACTION,txn_001780,LEGITIMATE,2025-04-24T18:26:09,fraud_analyst_review,0.9
label_001781,TRANSACTION,txn_001781,LEGITIMATE,2025-08-18T00:40:30,automated_baseline,0.86
label_001782,TRANSACTION,txn_001782,LEGITIMATE,2025-10-20T22:18:57,automated_baseline,0.87
label_001783,TRANSACTION,txn_001783,LEGITIMATE,2025-01-07T03:11:22,automated_baseline,0.85
label_001784,TRANSACTION,txn_001784,LEGITIMATE,2025-02-23T23:35:29,fraud_analyst_review,0.99
label_001785,TRANSACTION,txn_001785,LEGITIMATE,2025-04-29T12:23:36,fraud_analyst_review,0.89
label_001786,TRANSACTION,txn_001786,LEGITIMATE,2025-09-08T22:00:31,fraud_analyst_review,0.98
label_001787,TRANSACTION,txn_001787,LEGITIMATE,2025-09-16T19:09:58,automated_baseline,0.94
label_001788,TRANSACTION,txn_001788,LEGITIMATE,2025-03-25T20:14:17,automated_baseline,0.85
label_001789,TRANSACTION,txn_001789,LEGITIMATE,2025-01-02T19:57:45,automated_baseline,0.94
label_001790,TRANSACTION,txn_001790,LEGITIMATE,2025-09-26T04:40:31,fraud_analyst_review,0.96
label_001791,TRANSACTION,txn_001791,LEGITIMATE,2025-06-30T00:55:24,automated_baseline,0.98
label_001792,TRANSACTION,txn_001792,LEGITIMATE,2025-04-04T21:54:21,fraud_analyst_review,0.87
label_001793,TRANSACTION,txn_001793,LEGITIMATE,2025-04-05T13:43:21,fraud_analyst_review,0.99
label_001794,TRANSACTION,txn_001794,LEGITIMATE,2025-05-02T01:48:21,fraud_analyst_review,0.96
label_001795,TRANSACTION,txn_001795,LEGITIMATE,2025-11-30T09:45:36,automated_baseline,0.87
label_001796,TRANSACTION,txn_001796,LEGITIMATE,2025-05-20T01:27:10,fraud_analyst_review,0.98
label_001797,TRANSACTION,txn_001797,LEGITIMATE,2025-05-22T04:36:16,fraud_analyst_review,0.89
label_001798,TRANSACTION,txn_001798,LEGITIMATE,2025-04-06T03:47:51,fraud_analyst_review,0.97
label_001799,TRANSACTION,txn_001799,LEGITIMATE,2025-02-22T17:21:54,automated_baseline,0.91
label_001800,TRANSACTION,txn_001800,LEGITIMATE,2025-05-26T11:17:32,automated_baseline,0.96
label_001801,TRANSACTION,txn_001801,LEGITIMATE,2025-05-27T21:28:32,fraud_analyst_review,0.9
label_001802,TRANSACTION,txn_001802,LEGITIMATE,2025-02-02T13:55:38,fraud_analyst_review,0.98
label_001803,TRANSACTION,txn_001803,LEGITIMATE,2025-10-04T15:11:07,fraud_analyst_review,0.91
label_001804,TRANSACTION,txn_001804,LEGITIMATE,2025-10-31T13:32:21,fraud_analyst_review,0.92
label_001805,TRANSACTION,txn_001805,LEGITIMATE,2025-02-26T09:55:30,automated_baseline,0.93
label_001806,TRANSACTION,txn_001806,LEGITIMATE,2025-07-03T02:53:10,automated_baseline,0.87
label_001807,TRANSACTION,txn_001807,LEGITIMATE,2025-12-14T17:36:07,automated_baseline,0.98
label_001808,TRANSACTION,txn_001808,LEGITIMATE,2025-07-07T20:12:24,automated_baseline,0.98
label_001809,TRANSACTION,txn_001809,LEGITIMATE,2025-12-20T07:57:12,automated_baseline,0.95
label_001810,TRANSACTION,txn_001810,LEGITIMATE,2025-03-02T10:38:53,fraud_analyst_review,0.91
label_001811,TRANSACTION,txn_001811,LEGITIMATE,2025-02-23T05:28:03,fraud_analyst_review,0.9
label_001812,TRANSACTION,txn_001812,LEGITIMATE,2025-04-10T18:12:22,automated_baseline,0.96
label_001813,TRANSACTION,txn_001813,LEGITIMATE,2025-08-27T01:46:29,fraud_analyst_review,0.86
label_001814,TRANSACTION,txn_001814,LEGITIMATE,2025-06-08T11:47:45,automated_baseline,0.88
label_001815,TRANSACTION,txn_001815,LEGITIMATE,2025-11-19T09:49:05,automated_baseline,0.88
label_001816,TRANSACTION,txn_001816,LEGITIMATE,2025-02-27T19:54:22,automated_baseline,0.95
label_001817,TRANSACTION,txn_001817,LEGITIMATE,2025-06-11T08:40:40,automated_baseline,0.94
label_001818,TRANSACTION,txn_001818,LEGITIMATE,2025-10-18T23:01:21,automated_baseline,0.86
label_001819,TRANSACTION,txn_001819,LEGITIMATE,2025-10-19T15:12:21,automated_baseline,0.99
label_001820,TRANSACTION,txn_001820,LEGITIMATE,2025-04-15T12:38:29,fraud_analyst_review,0.86
label_001821,TRANSACTION,txn_001821,LEGITIMATE,2025-12-09T15:38:24,fraud_analyst_review,0.9
label_001822,TRANSACTION,txn_001822,LEGITIMATE,2025-05-12T11:28:37,automated_baseline,0.88
label_001823,TRANSACTION,txn_001823,LEGITIMATE,2025-11-25T18:25:15,fraud_analyst_review,0.98
label_001824,TRANSACTION,txn_001824,LEGITIMATE,2025-03-22T14:49:26,fraud_analyst_review,0.97
label_001825,TRANSACTION,txn_001825,LEGITIMATE,2025-01-27T18:46:20,fraud_analyst_review,0.88
label_001826,TRANSACTION,txn_001826,LEGITIMATE,2025-10-30T14:52:02,automated_baseline,0.89
label_001827,TRANSACTION,txn_001827,LEGITIMATE,2025-12-11T13:54:17,fraud_analyst_review,0.9
label_001828,TRANSACTION,txn_001828,LEGITIMATE,2025-03-26T02:03:57,automated_baseline,0.92
label_001829,TRANSACTION,txn_001829,LEGITIMATE,2025-11-04T07:03:00,automated_baseline,0.94
label_001830,TRANSACTION,txn_001830,LEGITIMATE,2025-04-19T19:38:34,automated_baseline,0.92
label_001831,TRANSACTION,txn_001831,LEGITIMATE,2025-08-04T08:17:45,automated_baseline,0.97
label_001832,TRANSACTION,txn_001832,LEGITIMATE,2025-11-20T10:00:52,automated_baseline,0.89
label_001833,TRANSACTION,txn_001833,LEGITIMATE,2025-04-25T09:57:13,automated_baseline,0.93
label_001834,TRANSACTION,txn_001834,LEGITIMATE,2025-03-24T01:57:46,automated_baseline,0.86
label_001835,TRANSACTION,txn_001835,LEGITIMATE,2025-11-20T11:11:13,automated_baseline,0.91
label_001836,TRANSACTION,txn_001836,LEGITIMATE,2025-01-28T14:54:11,automated_baseline,0.95
label_001837,TRANSACTION,txn_001837,LEGITIMATE,2025-07-11T18:55:55,automated_baseline,0.96
label_001838,TRANSACTION,txn_001838,LEGITIMATE,2025-07-02T14:44:30,fraud_analyst_review,0.95
label_001839,TRANSACTION,txn_001839,LEGITIMATE,2025-05-19T18:21:40,fraud_analyst_review,0.95
label_001840,TRANSACTION,txn_001840,LEGITIMATE,2025-07-13T02:58:21,automated_baseline,0.91
label_001841,TRANSACTION,txn_001841,LEGITIMATE,2025-11-22T03:28:04,automated_baseline,0.95
label_001842,TRANSACTION,txn_001842,LEGITIMATE,2025-04-01T14:41:34,fraud_analyst_review,0.89
label_001843,TRANSACTION,txn_001843,LEGITIMATE,2025-04-05T04:18:20,automated_baseline,0.94
label_001844,TRANSACTION,txn_001844,LEGITIMATE,2025-06-30T13:41:46,automated_baseline,0.95
label_001845,TRANSACTION,txn_001845,LEGITIMATE,2025-06-05T13:53:30,fraud_analyst_review,0.88
label_001846,TRANSACTION,txn_001846,LEGITIMATE,2025-07-05T23:20:33,fraud_analyst_review,0.87
label_001847,TRANSACTION,txn_001847,LEGITIMATE,2025-11-11T21:19:57,fraud_analyst_review,0.89
label_001848,TRANSACTION,txn_001848,LEGITIMATE,2025-04-15T06:46:11,automated_baseline,0.94
label_001849,TRANSACTION,txn_001849,LEGITIMATE,2025-09-28T23:17:50,automated_baseline,0.94
label_001850,TRANSACTION,txn_001850,LEGITIMATE,2025-08-26T23:05:17,automated_baseline,0.98
label_001851,TRANSACTION,txn_001851,LEGITIMATE,2025-11-22T19:00:34,automated_baseline,0.9
label_001852,TRANSACTION,txn_001852,LEGITIMATE,2025-05-29T21:17:09,automated_baseline,0.94
label_001853,TRANSACTION,txn_001853,LEGITIMATE,2025-08-15T11:15:20,fraud_analyst_review,0.86
label_001854,TRANSACTION,txn_001854,LEGITIMATE,2025-09-20T21:39:04,automated_baseline,0.89
label_001855,TRANSACTION,txn_001855,LEGITIMATE,2025-06-14T06:30:58,automated_baseline,0.92
label_001856,TRANSACTION,txn_001856,LEGITIMATE,2025-07-17T05:00:23,automated_baseline,0.95
label_001857,TRANSACTION,txn_001857,LEGITIMATE,2025-06-24T16:52:49,automated_baseline,0.99
label_001858,TRANSACTION,txn_001858,LEGITIMATE,2025-11-24T15:10:02,fraud_analyst_review,0.9
label_001859,TRANSACTION,txn_001859,LEGITIMATE,2025-04-11T10:32:34,fraud_analyst_review,0.89
label_001860,TRANSACTION,txn_001860,LEGITIMATE,2025-10-15T06:14:34,fraud_analyst_review,0.91
label_001861,TRANSACTION,txn_001861,LEGITIMATE,2025-06-27T17:51:05,automated_baseline,0.86
label_001862,TRANSACTION,txn_001862,LEGITIMATE,2025-11-15T01:49:16,automated_baseline,0.9
label_001863,TRANSACTION,txn_001863,LEGITIMATE,2025-09-11T10:54:07,automated_baseline,0.9
label_001864,TRANSACTION,txn_001864,LEGITIMATE,2025-04-21T08:34:44,automated_baseline,0.97
label_001865,TRANSACTION,txn_001865,LEGITIMATE,2025-10-31T12:58:45,fraud_analyst_review,0.9
label_001866,TRANSACTION,txn_001866,LEGITIMATE,2025-01-29T00:44:47,fraud_analyst_review,0.87
label_001867,TRANSACTION,txn_001867,LEGITIMATE,2025-05-06T17:59:46,automated_baseline,0.94
label_001868,TRANSACTION,txn_001868,LEGITIMATE,2025-04-06T00:16:50,fraud_analyst_review,0.88
label_001869,TRANSACTION,txn_001869,LEGITIMATE,2025-10-27T00:11:27,automated_baseline,0.85
label_001870,TRANSACTION,txn_001870,LEGITIMATE,2025-05-17T01:39:44,fraud_analyst_review,0.91
label_001871,TRANSACTION,txn_001871,LEGITIMATE,2025-09-22T03:22:08,fraud_analyst_review,0.95
label_001872,TRANSACTION,txn_001872,LEGITIMATE,2025-03-18T04:36:43,fraud_analyst_review,0.97
label_001873,TRANSACTION,txn_001873,LEGITIMATE,2025-06-29T06:47:55,automated_baseline,0.98
label_001874,TRANSACTION,txn_001874,LEGITIMATE,2025-07-15T16:04:39,fraud_analyst_review,0.95
label_001875,TRANSACTION,txn_001875,LEGITIMATE,2025-08-17T03:49:26,automated_baseline,0.98
label_001876,TRANSACTION,txn_001876,LEGITIMATE,2025-07-04T15:20:05,fraud_analyst_review,0.92
label_001877,TRANSACTION,txn_001877,LEGITIMATE,2025-01-30T13:06:48,automated_baseline,0.94
label_001878,TRANSACTION,txn_001878,LEGITIMATE,2025-11-06T06:39:07,fraud_analyst_review,0.95
label_001879,TRANSACTION,txn_001879,LEGITIMATE,2025-04-06T13:11:10,fraud_analyst_review,0.91
label_001880,TRANSACTION,txn_001880,LEGITIMATE,2025-04-11T14:54:10,fraud_analyst_review,0.85
label_001881,TRANSACTION,txn_001881,LEGITIMATE,2025-08-16T04:39:47,fraud_analyst_review,0.99
label_001882,TRANSACTION,txn_001882,LEGITIMATE,2025-11-02T21:12:54,fraud_analyst_review,0.91
label_001883,TRANSACTION,txn_001883,LEGITIMATE,2025-04-20T01:22:45,fraud_analyst_review,0.93
label_001884,TRANSACTION,txn_001884,LEGITIMATE,2025-06-07T00:01:05,automated_baseline,0.89
label_001885,TRANSACTION,txn_001885,LEGITIMATE,2025-10-01T13:54:11,fraud_analyst_review,0.97
label_001886,TRANSACTION,txn_001886,LEGITIMATE,2025-04-09T10:41:36,fraud_analyst_review,0.91
label_001887,TRANSACTION,txn_001887,LEGITIMATE,2025-03-07T02:43:03,automated_baseline,0.9
label_001888,TRANSACTION,txn_001888,LEGITIMATE,2025-11-01T03:07:15,fraud_analyst_review,0.91
label_001889,TRANSACTION,txn_001889,LEGITIMATE,2025-02-05T01:22:09,fraud_analyst_review,0.92
label_001890,TRANSACTION,txn_001890,LEGITIMATE,2025-09-05T16:29:08,automated_baseline,0.96
label_001891,TRANSACTION,txn_001891,LEGITIMATE,2025-05-21T05:16:09,automated_baseline,0.93
label_001892,TRANSACTION,txn_001892,LEGITIMATE,2025-03-18T04:52:45,automated_baseline,0.89
label_001893,TRANSACTION,txn_001893,LEGITIMATE,2025-11-23T09:55:57,automated_baseline,0.92
label_001894,TRANSACTION,txn_001894,LEGITIMATE,2025-03-18T09:16:05,automated_baseline,0.98
label_001895,TRANSACTION,txn_001895,LEGITIMATE,2025-01-04T23:46:20,fraud_analyst_review,0.9
label_001896,TRANSACTION,txn_001896,LEGITIMATE,2025-04-03T05:45:00,automated_baseline,0.93
label_001897,TRANSACTION,txn_001897,LEGITIMATE,2025-06-13T22:29:54,automated_baseline,0.91
label_001898,TRANSACTION,txn_001898,LEGITIMATE,2025-01-23T22:10:24,fraud_analyst_review,0.87
label_001899,TRANSACTION,txn_001899,LEGITIMATE,2025-12-26T06:54:22,fraud_analyst_review,0.87
label_001900,TRANSACTION,txn_001900,LEGITIMATE,2025-09-03T05:20:40,automated_baseline,0.9
label_001901,TRANSACTION,txn_001901,LEGITIMATE,2025-09-01T14:56:03,fraud_analyst_review,0.98
label_001902,TRANSACTION,txn_001902,LEGITIMATE,2025-11-09T16:28:00,automated_baseline,0.89
label_001903,TRANSACTION,txn_001903,LEGITIMATE,2025-10-02T09:38:46,automated_baseline,0.87
label_001904,TRANSACTION,txn_001904,LEGITIMATE,2025-12-03T00:27:40,fraud_analyst_review,0.86
label_001905,TRANSACTION,txn_001905,LEGITIMATE,2025-07-16T03:34:43,automated_baseline,0.98
label_001906,TRANSACTION,txn_001906,LEGITIMATE,2025-07-19T23:19:04,fraud_analyst_review,0.91
label_001907,TRANSACTION,txn_001907,LEGITIMATE,2025-06-11T19:53:11,automated_baseline,0.99
label_001908,TRANSACTION,txn_001908,LEGITIMATE,2025-07-07T04:41:48,automated_baseline,0.88
label_001909,TRANSACTION,txn_001909,LEGITIMATE,2025-07-09T00:03:48,fraud_analyst_review,0.95
label_001910,TRANSACTION,txn_001910,LEGITIMATE,2025-08-17T19:07:31,fraud_analyst_review,0.88
label_001911,TRANSACTION,txn_001911,LEGITIMATE,2025-07-04T05:00:49,fraud_analyst_review,0.85
label_001912,TRANSACTION,txn_001912,LEGITIMATE,2025-11-21T04:27:25,fraud_analyst_review,0.96
label_001913,TRANSACTION,txn_001913,LEGITIMATE,2025-12-18T22:57:20,automated_baseline,0.87
label_001914,TRANSACTION,txn_001914,LEGITIMATE,2025-05-21T03:34:31,fraud_analyst_review,0.98
label_001915,TRANSACTION,txn_001915,LEGITIMATE,2025-05-06T20:38:43,fraud_analyst_review,0.97
label_001916,TRANSACTION,txn_001916,LEGITIMATE,2025-02-01T13:11:29,automated_baseline,0.98
label_001917,TRANSACTION,txn_001917,LEGITIMATE,2025-02-03T19:42:52,fraud_analyst_review,0.96
label_001918,TRANSACTION,txn_001918,LEGITIMATE,2025-03-29T00:46:55,fraud_analyst_review,0.89
label_001919,TRANSACTION,txn_001919,LEGITIMATE,2025-04-03T07:30:57,automated_baseline,0.86
label_001920,TRANSACTION,txn_001920,LEGITIMATE,2025-07-04T15:19:56,fraud_analyst_review,0.96
label_001921,TRANSACTION,txn_001921,LEGITIMATE,2025-05-29T05:02:38,fraud_analyst_review,0.94
label_001922,TRANSACTION,txn_001922,LEGITIMATE,2025-11-05T05:41:14,fraud_analyst_review,0.95
label_001923,TRANSACTION,txn_001923,LEGITIMATE,2025-12-27T15:24:22,automated_baseline,0.93
label_001924,TRANSACTION,txn_001924,LEGITIMATE,2025-09-03T20:21:48,fraud_analyst_review,0.98
label_001925,TRANSACTION,txn_001925,LEGITIMATE,2025-11-15T21:50:59,automated_baseline,0.96
label_001926,TRANSACTION,txn_001926,LEGITIMATE,2025-10-08T17:04:53,fraud_analyst_review,0.91
label_001927,TRANSACTION,txn_001927,LEGITIMATE,2025-03-12T21:03:33,fraud_analyst_review,0.89
label_001928,TRANSACTION,txn_001928,LEGITIMATE,2025-11-19T10:38:42,automated_baseline,0.94
label_001929,TRANSACTION,txn_001929,LEGITIMATE,2025-08-11T10:11:38,automated_baseline,0.9
label_001930,TRANSACTION,txn_001930,LEGITIMATE,2025-07-21T23:36:36,fraud_analyst_review,0.89
label_001931,TRANSACTION,txn_001931,LEGITIMATE,2025-12-15T17:23:44,fraud_analyst_review,0.88
label_001932,TRANSACTION,txn_001932,LEGITIMATE,2025-05-11T14:59:32,automated_baseline,0.92
label_001933,TRANSACTION,txn_001933,LEGITIMATE,2025-03-24T18:05:11,automated_baseline,0.87
label_001934,TRANSACTION,txn_001934,LEGITIMATE,2025-08-27T17:32:43,fraud_analyst_review,0.95
label_001935,TRANSACTION,txn_001935,LEGITIMATE,2025-07-14T10:12:33,fraud_analyst_review,0.89
label_001936,TRANSACTION,txn_001936,LEGITIMATE,2025-09-16T08:49:57,fraud_analyst_review,0.93
label_001937,TRANSACTION,txn_001937,LEGITIMATE,2025-11-20T11:43:30,automated_baseline,0.87
label_001938,TRANSACTION,txn_001938,LEGITIMATE,2025-06-09T11:55:11,fraud_analyst_review,0.91
label_001939,TRANSACTION,txn_001939,LEGITIMATE,2025-07-02T15:51:48,fraud_analyst_review,0.95
label_001940,TRANSACTION,txn_001940,LEGITIMATE,2025-10-05T04:06:53,fraud_analyst_review,0.98
label_001941,TRANSACTION,txn_001941,LEGITIMATE,2025-03-16T04:39:31,automated_baseline,0.94
label_001942,TRANSACTION,txn_001942,LEGITIMATE,2025-03-16T18:44:31,fraud_analyst_review,0.93
label_001943,TRANSACTION,txn_001943,LEGITIMATE,2025-09-30T03:29:07,fraud_analyst_review,0.98
label_001944,TRANSACTION,txn_001944,LEGITIMATE,2025-06-21T18:01:18,fraud_analyst_review,0.99
label_001945,TRANSACTION,txn_001945,LEGITIMATE,2025-07-09T22:44:27,automated_baseline,0.96
label_001946,TRANSACTION,txn_001946,LEGITIMATE,2025-01-19T08:38:04,fraud_analyst_review,0.99
label_001947,TRANSACTION,txn_001947,LEGITIMATE,2025-06-15T19:11:30,automated_baseline,0.88
label_001948,TRANSACTION,txn_001948,LEGITIMATE,2025-11-09T11:40:51,fraud_analyst_review,0.97
label_001949,TRANSACTION,txn_001949,LEGITIMATE,2025-12-15T08:06:47,automated_baseline,0.97
label_001950,TRANSACTION,txn_001950,LEGITIMATE,2025-02-04T08:52:46,automated_baseline,0.89
label_001951,TRANSACTION,txn_001951,LEGITIMATE,2025-12-25T13:50:37,fraud_analyst_review,0.96
label_001952,TRANSACTION,txn_001952,LEGITIMATE,2025-05-27T15:07:00,automated_baseline,0.92
label_001953,TRANSACTION,txn_001953,LEGITIMATE,2025-12-24T20:04:25,automated_baseline,0.88
label_001954,TRANSACTION,txn_001954,LEGITIMATE,2025-06-22T15:48:30,fraud_analyst_review,0.97
label_001955,TRANSACTION,txn_001955,LEGITIMATE,2025-01-11T20:35:31,fraud_analyst_review,0.89
label_001956,TRANSACTION,txn_001956,LEGITIMATE,2025-07-30T10:04:05,fraud_analyst_review,0.98
label_001957,TRANSACTION,txn_001957,LEGITIMATE,2025-06-17T19:20:52,fraud_analyst_review,0.9
label_001958,TRANSACTION,txn_001958,LEGITIMATE,2025-10-03T14:20:42,automated_baseline,0.86
label_001959,TRANSACTION,txn_001959,LEGITIMATE,2025-02-10T01:15:29,automated_baseline,0.9
label_001960,TRANSACTION,txn_001960,LEGITIMATE,2025-04-26T23:47:14,automated_baseline,0.94
label_001961,TRANSACTION,txn_001961,LEGITIMATE,2025-04-28T07:24:14,fraud_analyst_review,0.94
label_001962,TRANSACTION,txn_001962,LEGITIMATE,2025-10-01T20:47:16,fraud_analyst_review,0.93
label_001963,TRANSACTION,txn_001963,LEGITIMATE,2025-06-30T10:36:26,automated_baseline,0.86
label_001964,TRANSACTION,txn_001964,LEGITIMATE,2025-06-05T22:35:21,fraud_analyst_review,0.9
label_001965,TRANSACTION,txn_001965,LEGITIMATE,2025-10-28T03:26:37,automated_baseline,0.85
label_001966,TRANSACTION,txn_001966,LEGITIMATE,2025-05-02T00:51:31,fraud_analyst_review,0.87
label_001967,TRANSACTION,txn_001967,LEGITIMATE,2025-12-20T19:08:12,fraud_analyst_review,0.93
label_001968,TRANSACTION,txn_001968,LEGITIMATE,2025-12-22T00:20:12,fraud_analyst_review,0.86
label_001969,TRANSACTION,txn_001969,LEGITIMATE,2025-03-26T15:51:31,fraud_analyst_review,0.86
label_001970,TRANSACTION,txn_001970,LEGITIMATE,2025-04-09T10:50:47,fraud_analyst_review,0.88
label_001971,TRANSACTION,txn_001971,LEGITIMATE,2025-10-24T16:47:38,automated_baseline,0.9
label_001972,TRANSACTION,txn_001972,LEGITIMATE,2025-09-06T04:47:12,fraud_analyst_review,0.93
label_001973,TRANSACTION,txn_001973,LEGITIMATE,2025-12-04T06:06:59,automated_baseline,0.93
label_001974,TRANSACTION,txn_001974,LEGITIMATE,2025-02-06T00:56:10,automated_baseline,0.92
label_001975,TRANSACTION,txn_001975,LEGITIMATE,2025-11-20T03:21:01,fraud_analyst_review,0.89
label_001976,TRANSACTION,txn_001976,LEGITIMATE,2025-08-08T13:11:20,fraud_analyst_review,0.92
label_001977,TRANSACTION,txn_001977,LEGITIMATE,2025-07-17T02:52:08,automated_baseline,0.97
label_001978,TRANSACTION,txn_001978,LEGITIMATE,2025-02-21T09:17:58,fraud_analyst_review,0.91
label_001979,TRANSACTION,txn_001979,LEGITIMATE,2025-02-26T02:03:50,automated_baseline,0.94
label_001980,TRANSACTION,txn_001980,LEGITIMATE,2025-08-04T03:35:34,automated_baseline,0.89
label_001981,TRANSACTION,txn_001981,LEGITIMATE,2025-08-28T13:41:49,automated_baseline,0.97
label_001982,TRANSACTION,txn_001982,LEGITIMATE,2025-06-04T22:29:01,fraud_analyst_review,0.9
label_001983,TRANSACTION,txn_001983,LEGITIMATE,2025-04-05T04:16:19,fraud_analyst_review,0.92
label_001984,TRANSACTION,txn_001984,LEGITIMATE,2025-04-06T07:55:37,automated_baseline,0.9
label_001985,TRANSACTION,txn_001985,LEGITIMATE,2025-04-13T03:37:29,fraud_analyst_review,0.96
label_001986,TRANSACTION,txn_001986,LEGITIMATE,2025-06-04T03:47:31,automated_baseline,0.98
label_001987,TRANSACTION,txn_001987,LEGITIMATE,2025-06-10T15:15:31,fraud_analyst_review,0.99
label_001988,TRANSACTION,txn_001988,LEGITIMATE,2025-07-23T16:58:24,automated_baseline,0.89
label_001989,TRANSACTION,txn_001989,LEGITIMATE,2025-08-12T19:57:35,fraud_analyst_review,0.87
label_001990,TRANSACTION,txn_001990,LEGITIMATE,2025-08-13T21:29:35,automated_baseline,0.92
label_001991,TRANSACTION,txn_001991,LEGITIMATE,2025-07-24T16:42:29,automated_baseline,0.95
label_001992,TRANSACTION,txn_001992,LEGITIMATE,2025-04-26T14:30:11,automated_baseline,0.94
label_001993,TRANSACTION,txn_001993,LEGITIMATE,2025-12-06T15:11:43,automated_baseline,0.91
label_001994,TRANSACTION,txn_001994,LEGITIMATE,2025-03-31T06:44:04,fraud_analyst_review,0.95
label_001995,TRANSACTION,txn_001995,LEGITIMATE,2025-07-17T05:23:02,automated_baseline,0.91
label_001996,TRANSACTION,txn_001996,LEGITIMATE,2025-03-31T00:42:11,fraud_analyst_review,0.92
label_001997,TRANSACTION,txn_001997,LEGITIMATE,2025-10-16T12:56:50,automated_baseline,0.85
label_001998,TRANSACTION,txn_001998,LEGITIMATE,2025-03-02T02:35:25,fraud_analyst_review,0.97
label_001999,TRANSACTION,txn_001999,LEGITIMATE,2025-03-10T17:31:30,fraud_analyst_review,0.96
label_002000,TRANSACTION,txn_002000,LEGITIMATE,2025-03-06T00:59:02,fraud_analyst_review,0.98
label_002001,TRANSACTION,txn_002001,LEGITIMATE,2025-06-03T16:55:23,automated_baseline,0.87
label_002002,TRANSACTION,txn_002002,LEGITIMATE,2025-07-06T10:44:39,automated_baseline,0.94
label_002003,TRANSACTION,txn_002003,LEGITIMATE,2025-08-23T10:50:18,fraud_analyst_review,0.88
label_002004,TRANSACTION,txn_002004,LEGITIMATE,2025-10-24T08:07:09,fraud_analyst_review,0.87
label_002005,TRANSACTION,txn_002005,LEGITIMATE,2025-08-09T11:40:26,automated_baseline,0.92
label_002006,TRANSACTION,txn_002006,LEGITIMATE,2025-05-23T04:20:46,automated_baseline,0.86
label_002007,TRANSACTION,txn_002007,LEGITIMATE,2025-02-27T15:19:06,automated_baseline,0.96
label_002008,TRANSACTION,txn_002008,LEGITIMATE,2025-08-11T00:04:31,fraud_analyst_review,0.96
label_002009,TRANSACTION,txn_002009,LEGITIMATE,2025-06-12T01:52:38,automated_baseline,0.97
label_002010,TRANSACTION,txn_002010,LEGITIMATE,2025-06-12T23:27:38,fraud_analyst_review,0.92
label_002011,TRANSACTION,txn_002011,LEGITIMATE,2025-10-07T13:29:02,automated_baseline,0.91
label_002012,TRANSACTION,txn_002012,LEGITIMATE,2025-02-26T14:14:48,fraud_analyst_review,0.89
label_002013,TRANSACTION,txn_002013,LEGITIMATE,2025-06-05T13:33:06,fraud_analyst_review,0.91
label_002014,TRANSACTION,txn_002014,LEGITIMATE,2025-03-31T19:23:06,automated_baseline,0.96
label_002015,TRANSACTION,txn_002015,LEGITIMATE,2025-05-10T20:48:25,automated_baseline,0.88
label_002016,TRANSACTION,txn_002016,LEGITIMATE,2025-01-20T14:49:53,automated_baseline,0.89
label_002017,TRANSACTION,txn_002017,LEGITIMATE,2025-05-26T08:58:19,fraud_analyst_review,0.86
label_002018,TRANSACTION,txn_002018,LEGITIMATE,2025-10-03T06:09:45,automated_baseline,0.89
label_002019,TRANSACTION,txn_002019,LEGITIMATE,2025-01-31T13:42:07,automated_baseline,0.89
label_002020,TRANSACTION,txn_002020,LEGITIMATE,2025-08-22T17:28:53,automated_baseline,0.9
label_002021,TRANSACTION,txn_002021,LEGITIMATE,2025-10-04T21:26:52,fraud_analyst_review,0.91
label_002022,TRANSACTION,txn_002022,LEGITIMATE,2025-01-07T18:48:25,fraud_analyst_review,0.97
label_002023,TRANSACTION,txn_002023,LEGITIMATE,2025-06-27T22:52:48,fraud_analyst_review,0.93
label_002024,TRANSACTION,txn_002024,LEGITIMATE,2025-06-23T00:50:35,fraud_analyst_review,0.85
label_002025,TRANSACTION,txn_002025,LEGITIMATE,2025-12-22T22:08:56,automated_baseline,0.93
label_002026,TRANSACTION,txn_002026,LEGITIMATE,2025-08-04T22:01:45,automated_baseline,0.9
label_002027,TRANSACTION,txn_002027,LEGITIMATE,2025-10-02T21:12:34,fraud_analyst_review,0.98
label_002028,TRANSACTION,txn_002028,LEGITIMATE,2025-05-10T17:51:15,automated_baseline,0.92
label_002029,TRANSACTION,txn_002029,LEGITIMATE,2025-02-13T15:06:15,fraud_analyst_review,0.89
label_002030,TRANSACTION,txn_002030,LEGITIMATE,2025-01-20T08:40:41,fraud_analyst_review,0.86
label_002031,TRANSACTION,txn_002031,LEGITIMATE,2025-12-13T08:10:05,fraud_analyst_review,0.92
label_002032,TRANSACTION,txn_002032,LEGITIMATE,2025-10-24T07:19:03,automated_baseline,0.9
label_002033,TRANSACTION,txn_002033,LEGITIMATE,2025-12-26T17:05:29,automated_baseline,0.93
label_002034,TRANSACTION,txn_002034,LEGITIMATE,2025-06-16T11:09:00,fraud_analyst_review,0.96
label_002035,TRANSACTION,txn_002035,LEGITIMATE,2025-06-17T13:36:00,fraud_analyst_review,0.87
label_002036,TRANSACTION,txn_002036,LEGITIMATE,2025-08-01T15:41:30,automated_baseline,0.87
label_002037,TRANSACTION,txn_002037,LEGITIMATE,2025-05-13T21:53:02,automated_baseline,0.93
label_002038,TRANSACTION,txn_002038,LEGITIMATE,2025-02-22T11:52:58,automated_baseline,0.92
label_002039,TRANSACTION,txn_002039,LEGITIMATE,2025-04-24T01:15:47,automated_baseline,0.92
label_002040,TRANSACTION,txn_002040,LEGITIMATE,2025-09-08T02:18:07,automated_baseline,0.9
label_002041,TRANSACTION,txn_002041,LEGITIMATE,2025-06-25T16:24:46,automated_baseline,0.86
label_002042,TRANSACTION,txn_002042,LEGITIMATE,2025-06-25T10:30:26,automated_baseline,0.97
label_002043,TRANSACTION,txn_002043,LEGITIMATE,2025-05-11T19:35:10,automated_baseline,0.88
label_002044,TRANSACTION,txn_002044,LEGITIMATE,2025-09-04T14:27:46,automated_baseline,0.9
label_002045,TRANSACTION,txn_002045,LEGITIMATE,2025-05-07T15:31:16,automated_baseline,0.89
label_002046,TRANSACTION,txn_002046,LEGITIMATE,2025-12-04T05:41:06,automated_baseline,0.97
label_002047,TRANSACTION,txn_002047,LEGITIMATE,2025-09-23T17:06:40,automated_baseline,0.94
label_002048,TRANSACTION,txn_002048,LEGITIMATE,2025-12-28T10:49:37,automated_baseline,0.96
label_002049,TRANSACTION,txn_002049,LEGITIMATE,2025-02-25T13:08:32,automated_baseline,0.88
label_002050,TRANSACTION,txn_002050,LEGITIMATE,2025-02-10T06:46:15,automated_baseline,0.95
label_002051,TRANSACTION,txn_002051,LEGITIMATE,2025-05-01T08:00:42,fraud_analyst_review,0.96
label_002052,TRANSACTION,txn_002052,LEGITIMATE,2025-06-28T04:49:30,fraud_analyst_review,0.89
label_002053,TRANSACTION,txn_002053,LEGITIMATE,2025-04-15T09:48:03,fraud_analyst_review,0.89
label_002054,TRANSACTION,txn_002054,LEGITIMATE,2025-09-04T07:14:42,fraud_analyst_review,0.86
label_002055,TRANSACTION,txn_002055,LEGITIMATE,2025-01-07T14:13:07,automated_baseline,0.95
label_002056,TRANSACTION,txn_002056,LEGITIMATE,2025-02-14T00:23:22,fraud_analyst_review,0.94
label_002057,TRANSACTION,txn_002057,LEGITIMATE,2025-01-15T13:42:35,fraud_analyst_review,0.91
label_002058,TRANSACTION,txn_002058,LEGITIMATE,2025-04-09T00:42:43,automated_baseline,0.85
label_002059,TRANSACTION,txn_002059,LEGITIMATE,2025-07-18T20:31:10,automated_baseline,0.96
label_002060,TRANSACTION,txn_002060,LEGITIMATE,2025-12-28T19:50:48,automated_baseline,0.99
label_002061,TRANSACTION,txn_002061,LEGITIMATE,2025-04-22T08:02:10,automated_baseline,0.88
label_002062,TRANSACTION,txn_002062,LEGITIMATE,2025-09-30T09:05:59,fraud_analyst_review,0.96
label_002063,TRANSACTION,txn_002063,LEGITIMATE,2025-10-01T13:23:59,automated_baseline,0.97
label_002064,TRANSACTION,txn_002064,LEGITIMATE,2025-03-11T23:36:06,automated_baseline,0.98
label_002065,TRANSACTION,txn_002065,LEGITIMATE,2025-08-09T13:46:41,automated_baseline,0.96
label_002066,TRANSACTION,txn_002066,LEGITIMATE,2025-11-21T13:28:48,fraud_analyst_review,0.94
label_002067,TRANSACTION,txn_002067,LEGITIMATE,2025-11-04T04:57:32,fraud_analyst_review,0.9
label_002068,TRANSACTION,txn_002068,LEGITIMATE,2025-08-24T23:48:34,automated_baseline,0.98
label_002069,TRANSACTION,txn_002069,LEGITIMATE,2025-11-15T07:57:17,fraud_analyst_review,0.9
label_002070,TRANSACTION,txn_002070,LEGITIMATE,2025-11-16T13:52:17,automated_baseline,0.92
label_002071,TRANSACTION,txn_002071,LEGITIMATE,2025-02-28T14:46:01,fraud_analyst_review,0.85
label_002072,TRANSACTION,txn_002072,LEGITIMATE,2025-11-01T10:11:51,automated_baseline,0.91
label_002073,TRANSACTION,txn_002073,LEGITIMATE,2025-10-27T13:23:12,automated_baseline,0.85
label_002074,TRANSACTION,txn_002074,LEGITIMATE,2025-11-28T14:12:31,fraud_analyst_review,0.92
label_002075,TRANSACTION,txn_002075,LEGITIMATE,2025-07-29T12:44:14,fraud_analyst_review,0.97
label_002076,TRANSACTION,txn_002076,LEGITIMATE,2025-01-28T21:28:36,fraud_analyst_review,0.88
label_002077,TRANSACTION,txn_002077,LEGITIMATE,2025-01-25T12:29:08,automated_baseline,0.88
label_002078,TRANSACTION,txn_002078,LEGITIMATE,2025-07-16T19:47:11,automated_baseline,0.97
label_002079,TRANSACTION,txn_002079,LEGITIMATE,2025-02-24T08:56:27,fraud_analyst_review,0.98
label_002080,TRANSACTION,txn_002080,LEGITIMATE,2025-11-25T11:01:48,fraud_analyst_review,0.88
label_002081,TRANSACTION,txn_002081,LEGITIMATE,2025-10-23T05:46:15,automated_baseline,0.97
label_002082,TRANSACTION,txn_002082,LEGITIMATE,2025-01-19T00:32:49,fraud_analyst_review,0.92
label_002083,TRANSACTION,txn_002083,LEGITIMATE,2025-09-29T08:11:40,automated_baseline,0.95
label_002084,TRANSACTION,txn_002084,LEGITIMATE,2025-10-08T18:25:40,automated_baseline,0.87
label_002085,TRANSACTION,txn_002085,LEGITIMATE,2025-02-26T14:32:39,automated_baseline,0.94
label_002086,TRANSACTION,txn_002086,LEGITIMATE,2025-12-23T03:38:56,fraud_analyst_review,0.96
label_002087,TRANSACTION,txn_002087,LEGITIMATE,2025-09-22T23:23:05,automated_baseline,0.98
label_002088,TRANSACTION,txn_002088,LEGITIMATE,2025-05-22T16:19:58,automated_baseline,0.96
label_002089,TRANSACTION,txn_002089,LEGITIMATE,2025-10-25T14:20:15,automated_baseline,0.92
label_002090,TRANSACTION,txn_002090,LEGITIMATE,2025-07-23T20:04:17,fraud_analyst_review,0.96
label_002091,TRANSACTION,txn_002091,LEGITIMATE,2025-02-21T23:02:39,automated_baseline,0.91
label_002092,TRANSACTION,txn_002092,LEGITIMATE,2025-05-07T16:53:37,automated_baseline,0.98
label_002093,TRANSACTION,txn_002093,LEGITIMATE,2025-10-26T12:10:02,automated_baseline,0.85
label_002094,TRANSACTION,txn_002094,LEGITIMATE,2025-01-15T21:16:16,fraud_analyst_review,0.95
label_002095,TRANSACTION,txn_002095,LEGITIMATE,2025-08-12T02:12:35,automated_baseline,0.97
label_002096,TRANSACTION,txn_002096,LEGITIMATE,2025-11-23T08:33:48,fraud_analyst_review,0.85
label_002097,TRANSACTION,txn_002097,LEGITIMATE,2025-01-26T00:21:38,fraud_analyst_review,0.85
label_002098,TRANSACTION,txn_002098,LEGITIMATE,2025-01-11T16:54:57,automated_baseline,0.92
label_002099,TRANSACTION,txn_002099,LEGITIMATE,2025-05-04T11:49:14,fraud_analyst_review,0.86
label_002100,TRANSACTION,txn_002100,LEGITIMATE,2025-05-25T16:55:43,automated_baseline,0.9
label_002101,TRANSACTION,txn_002101,LEGITIMATE,2025-04-07T06:28:02,fraud_analyst_review,0.99
label_002102,TRANSACTION,txn_002102,LEGITIMATE,2025-10-27T17:11:27,fraud_analyst_review,0.97
label_002103,TRANSACTION,txn_002103,LEGITIMATE,2025-01-16T17:06:21,automated_baseline,0.95
label_002104,TRANSACTION,txn_002104,LEGITIMATE,2025-11-18T03:59:44,fraud_analyst_review,0.98
label_002105,TRANSACTION,txn_002105,LEGITIMATE,2025-08-07T20:41:18,automated_baseline,0.95
label_002106,TRANSACTION,txn_002106,LEGITIMATE,2025-07-01T17:04:52,automated_baseline,0.86
label_002107,TRANSACTION,txn_002107,LEGITIMATE,2025-11-06T22:56:33,fraud_analyst_review,0.86
label_002108,TRANSACTION,txn_002108,LEGITIMATE,2025-02-20T12:07:58,automated_baseline,0.85
label_002109,TRANSACTION,txn_002109,LEGITIMATE,2025-10-18T10:06:45,automated_baseline,0.92
label_002110,TRANSACTION,txn_002110,LEGITIMATE,2025-03-24T02:23:01,fraud_analyst_review,0.97
label_002111,TRANSACTION,txn_002111,LEGITIMATE,2025-07-19T01:38:17,fraud_analyst_review,0.91
label_002112,TRANSACTION,txn_002112,LEGITIMATE,2025-08-17T04:13:47,fraud_analyst_review,0.96
label_002113,TRANSACTION,txn_002113,LEGITIMATE,2025-06-25T12:18:30,fraud_analyst_review,0.94
label_002114,TRANSACTION,txn_002114,LEGITIMATE,2025-08-09T15:07:49,automated_baseline,0.9
label_002115,TRANSACTION,txn_002115,LEGITIMATE,2025-09-01T10:19:52,fraud_analyst_review,0.9
label_002116,TRANSACTION,txn_002116,LEGITIMATE,2025-05-09T03:02:15,fraud_analyst_review,0.94
label_002117,TRANSACTION,txn_002117,LEGITIMATE,2025-06-30T20:37:41,automated_baseline,0.92
label_002118,TRANSACTION,txn_002118,LEGITIMATE,2025-10-05T21:19:40,fraud_analyst_review,0.93
label_002119,TRANSACTION,txn_002119,LEGITIMATE,2025-03-29T02:27:22,fraud_analyst_review,0.96
label_002120,TRANSACTION,txn_002120,LEGITIMATE,2025-03-15T03:56:41,fraud_analyst_review,0.91
label_002121,TRANSACTION,txn_002121,LEGITIMATE,2025-05-26T23:21:17,automated_baseline,0.86
label_002122,TRANSACTION,txn_002122,LEGITIMATE,2025-04-14T02:41:59,automated_baseline,0.93
label_002123,TRANSACTION,txn_002123,LEGITIMATE,2025-05-07T05:42:45,automated_baseline,0.94
label_002124,TRANSACTION,txn_002124,LEGITIMATE,2025-08-11T11:52:41,fraud_analyst_review,0.9
label_002125,TRANSACTION,txn_002125,LEGITIMATE,2025-10-02T02:12:00,automated_baseline,0.88
label_002126,TRANSACTION,txn_002126,LEGITIMATE,2025-09-21T12:07:20,fraud_analyst_review,0.95
label_002127,TRANSACTION,txn_002127,LEGITIMATE,2025-03-13T09:27:48,automated_baseline,0.91
label_002128,TRANSACTION,txn_002128,LEGITIMATE,2025-09-21T10:26:27,automated_baseline,0.98
label_002129,TRANSACTION,txn_002129,LEGITIMATE,2025-10-21T04:25:49,automated_baseline,0.93
label_002130,TRANSACTION,txn_002130,LEGITIMATE,2025-01-10T16:07:47,automated_baseline,0.97
label_002131,TRANSACTION,txn_002131,LEGITIMATE,2025-06-26T08:54:58,fraud_analyst_review,0.96
label_002132,TRANSACTION,txn_002132,LEGITIMATE,2025-03-03T15:59:53,automated_baseline,0.99
label_002133,TRANSACTION,txn_002133,LEGITIMATE,2025-05-23T01:23:11,fraud_analyst_review,0.85
label_002134,TRANSACTION,txn_002134,LEGITIMATE,2025-03-05T10:35:26,fraud_analyst_review,0.91
label_002135,TRANSACTION,txn_002135,LEGITIMATE,2025-12-18T23:20:19,fraud_analyst_review,0.91
label_002136,TRANSACTION,txn_002136,LEGITIMATE,2025-12-21T10:06:37,fraud_analyst_review,0.87
label_002137,TRANSACTION,txn_002137,LEGITIMATE,2025-09-24T19:43:58,fraud_analyst_review,0.85
label_002138,TRANSACTION,txn_002138,LEGITIMATE,2025-01-13T22:10:56,automated_baseline,0.86
label_002139,TRANSACTION,txn_002139,LEGITIMATE,2025-11-22T12:12:09,automated_baseline,0.97
label_002140,TRANSACTION,txn_002140,LEGITIMATE,2025-05-25T21:24:48,automated_baseline,0.93
label_002141,TRANSACTION,txn_002141,LEGITIMATE,2025-01-02T02:32:13,automated_baseline,0.86
label_002142,TRANSACTION,txn_002142,LEGITIMATE,2025-04-21T17:10:04,fraud_analyst_review,0.91
label_002143,TRANSACTION,txn_002143,LEGITIMATE,2025-01-27T04:45:04,automated_baseline,0.95
label_002144,TRANSACTION,txn_002144,LEGITIMATE,2025-01-27T11:35:04,fraud_analyst_review,0.87
label_002145,TRANSACTION,txn_002145,LEGITIMATE,2025-09-20T00:08:11,fraud_analyst_review,0.94
label_002146,TRANSACTION,txn_002146,LEGITIMATE,2025-08-20T02:09:48,fraud_analyst_review,0.94
label_002147,TRANSACTION,txn_002147,LEGITIMATE,2025-06-07T02:30:24,automated_baseline,0.98
label_002148,TRANSACTION,txn_002148,LEGITIMATE,2025-06-28T03:47:51,fraud_analyst_review,0.9
label_002149,TRANSACTION,txn_002149,LEGITIMATE,2025-05-14T10:58:56,automated_baseline,0.96
label_002150,TRANSACTION,txn_002150,LEGITIMATE,2025-04-17T00:04:03,fraud_analyst_review,0.87
label_002151,TRANSACTION,txn_002151,LEGITIMATE,2025-01-11T10:26:47,fraud_analyst_review,0.96
label_002152,TRANSACTION,txn_002152,LEGITIMATE,2025-09-26T14:09:32,fraud_analyst_review,0.91
label_002153,TRANSACTION,txn_002153,LEGITIMATE,2025-03-28T09:06:42,automated_baseline,0.96
label_002154,TRANSACTION,txn_002154,LEGITIMATE,2025-12-07T19:58:46,automated_baseline,0.9
label_002155,TRANSACTION,txn_002155,LEGITIMATE,2025-12-02T17:59:48,fraud_analyst_review,0.99
label_002156,TRANSACTION,txn_002156,LEGITIMATE,2025-01-02T22:05:23,fraud_analyst_review,0.95
label_002157,TRANSACTION,txn_002157,LEGITIMATE,2025-01-31T12:28:02,fraud_analyst_review,0.96
label_002158,TRANSACTION,txn_002158,LEGITIMATE,2025-12-24T03:22:05,fraud_analyst_review,0.98
label_002159,TRANSACTION,txn_002159,LEGITIMATE,2025-10-22T14:58:18,automated_baseline,0.95
label_002160,TRANSACTION,txn_002160,LEGITIMATE,2025-08-22T19:49:13,automated_baseline,0.89
label_002161,TRANSACTION,txn_002161,LEGITIMATE,2025-11-23T19:46:48,fraud_analyst_review,0.95
label_002162,TRANSACTION,txn_002162,LEGITIMATE,2025-06-09T02:10:03,automated_baseline,0.99
label_002163,TRANSACTION,txn_002163,LEGITIMATE,2025-01-12T18:32:22,automated_baseline,0.88
label_002164,TRANSACTION,txn_002164,LEGITIMATE,2025-09-04T22:17:25,fraud_analyst_review,0.88
label_002165,TRANSACTION,txn_002165,LEGITIMATE,2025-07-31T03:49:42,automated_baseline,0.98
label_002166,TRANSACTION,txn_002166,LEGITIMATE,2025-07-19T11:43:37,automated_baseline,0.92
label_002167,TRANSACTION,txn_002167,LEGITIMATE,2025-07-22T10:49:37,automated_baseline,0.86
label_002168,TRANSACTION,txn_002168,LEGITIMATE,2025-06-18T03:13:25,fraud_analyst_review,0.9
label_002169,TRANSACTION,txn_002169,LEGITIMATE,2025-12-20T20:37:59,automated_baseline,0.9
label_002170,TRANSACTION,txn_002170,LEGITIMATE,2025-07-29T21:12:14,automated_baseline,0.95
label_002171,TRANSACTION,txn_002171,LEGITIMATE,2025-06-19T12:34:37,fraud_analyst_review,0.98
label_002172,TRANSACTION,txn_002172,LEGITIMATE,2025-07-07T17:18:51,fraud_analyst_review,0.93
label_002173,TRANSACTION,txn_002173,LEGITIMATE,2025-03-12T17:41:56,fraud_analyst_review,0.96
label_002174,TRANSACTION,txn_002174,LEGITIMATE,2025-03-09T09:57:25,fraud_analyst_review,0.94
label_002175,TRANSACTION,txn_002175,LEGITIMATE,2025-07-26T03:08:37,fraud_analyst_review,0.88
label_002176,TRANSACTION,txn_002176,LEGITIMATE,2025-12-25T09:02:28,automated_baseline,0.9
label_002177,TRANSACTION,txn_002177,LEGITIMATE,2025-11-06T01:41:22,automated_baseline,0.86
label_002178,TRANSACTION,txn_002178,LEGITIMATE,2025-09-05T15:39:33,fraud_analyst_review,0.97
label_002179,TRANSACTION,txn_002179,LEGITIMATE,2025-04-19T05:05:26,fraud_analyst_review,0.95
label_002180,TRANSACTION,txn_002180,LEGITIMATE,2025-08-08T09:49:52,automated_baseline,0.85
label_002181,TRANSACTION,txn_002181,LEGITIMATE,2025-08-22T07:00:22,fraud_analyst_review,0.85
label_002182,TRANSACTION,txn_002182,LEGITIMATE,2025-10-07T01:09:26,fraud_analyst_review,0.86
label_002183,TRANSACTION,txn_002183,LEGITIMATE,2025-06-14T18:54:50,automated_baseline,0.93
label_002184,TRANSACTION,txn_002184,LEGITIMATE,2025-06-15T10:11:50,fraud_analyst_review,0.89
label_002185,TRANSACTION,txn_002185,LEGITIMATE,2025-02-20T06:09:01,automated_baseline,0.99
label_002186,TRANSACTION,txn_002186,LEGITIMATE,2025-09-28T15:47:49,automated_baseline,0.97
label_002187,TRANSACTION,txn_002187,LEGITIMATE,2025-06-22T02:42:19,automated_baseline,0.93
label_002188,TRANSACTION,txn_002188,LEGITIMATE,2025-11-11T05:19:26,fraud_analyst_review,0.86
label_002189,TRANSACTION,txn_002189,LEGITIMATE,2025-04-25T17:23:32,automated_baseline,0.92
label_002190,TRANSACTION,txn_002190,LEGITIMATE,2025-10-11T18:56:42,automated_baseline,0.87
label_002191,TRANSACTION,txn_002191,LEGITIMATE,2025-10-14T03:57:49,automated_baseline,0.93
label_002192,TRANSACTION,txn_002192,LEGITIMATE,2025-10-07T01:30:14,automated_baseline,0.95
label_002193,TRANSACTION,txn_002193,LEGITIMATE,2025-12-18T05:23:17,automated_baseline,0.98
label_002194,TRANSACTION,txn_002194,LEGITIMATE,2025-11-08T03:33:38,fraud_analyst_review,0.95
label_002195,TRANSACTION,txn_002195,LEGITIMATE,2025-07-11T16:43:41,automated_baseline,0.96
label_002196,TRANSACTION,txn_002196,LEGITIMATE,2025-02-05T21:19:24,automated_baseline,0.93
label_002197,TRANSACTION,txn_002197,LEGITIMATE,2025-11-11T11:11:04,automated_baseline,0.92
label_002198,TRANSACTION,txn_002198,LEGITIMATE,2025-10-14T08:41:27,fraud_analyst_review,0.97
label_002199,TRANSACTION,txn_002199,LEGITIMATE,2025-02-03T01:02:01,automated_baseline,0.88
label_002200,TRANSACTION,txn_002200,LEGITIMATE,2025-11-09T07:20:27,fraud_analyst_review,0.98
label_002201,TRANSACTION,txn_002201,LEGITIMATE,2025-05-15T16:57:01,automated_baseline,0.88
label_002202,TRANSACTION,txn_002202,LEGITIMATE,2025-09-15T04:57:51,automated_baseline,0.89
label_002203,TRANSACTION,txn_002203,LEGITIMATE,2025-08-26T17:44:00,automated_baseline,0.85
label_002204,TRANSACTION,txn_002204,LEGITIMATE,2025-06-04T06:49:40,automated_baseline,0.95
label_002205,TRANSACTION,txn_002205,LEGITIMATE,2025-11-15T00:53:47,fraud_analyst_review,0.88
label_002206,TRANSACTION,txn_002206,LEGITIMATE,2025-05-12T04:28:54,automated_baseline,0.88
label_002207,TRANSACTION,txn_002207,LEGITIMATE,2025-11-27T11:51:50,fraud_analyst_review,0.9
label_002208,TRANSACTION,txn_002208,LEGITIMATE,2025-06-13T10:56:30,fraud_analyst_review,0.92
label_002209,TRANSACTION,txn_002209,LEGITIMATE,2025-06-03T23:04:20,fraud_analyst_review,0.9
label_002210,TRANSACTION,txn_002210,LEGITIMATE,2025-10-04T09:54:46,automated_baseline,0.91
label_002211,TRANSACTION,txn_002211,LEGITIMATE,2025-06-21T18:51:29,automated_baseline,0.92
label_002212,TRANSACTION,txn_002212,LEGITIMATE,2025-06-20T17:07:12,fraud_analyst_review,0.97
label_002213,TRANSACTION,txn_002213,LEGITIMATE,2025-05-31T05:07:09,fraud_analyst_review,0.9
label_002214,TRANSACTION,txn_002214,LEGITIMATE,2025-10-15T23:57:11,fraud_analyst_review,0.91
label_002215,TRANSACTION,txn_002215,LEGITIMATE,2025-04-20T01:50:12,automated_baseline,0.97
label_002216,TRANSACTION,txn_002216,LEGITIMATE,2025-03-27T16:13:32,automated_baseline,0.95
label_002217,TRANSACTION,txn_002217,LEGITIMATE,2025-08-02T19:18:02,fraud_analyst_review,0.85
label_002218,TRANSACTION,txn_002218,LEGITIMATE,2025-06-07T20:23:22,automated_baseline,0.97
label_002219,TRANSACTION,txn_002219,LEGITIMATE,2025-11-11T18:51:11,automated_baseline,0.89
label_002220,TRANSACTION,txn_002220,LEGITIMATE,2025-08-20T17:26:00,fraud_analyst_review,0.97
label_002221,TRANSACTION,txn_002221,LEGITIMATE,2025-02-15T14:12:30,fraud_analyst_review,0.88
label_002222,TRANSACTION,txn_002222,LEGITIMATE,2025-05-02T14:17:10,automated_baseline,0.91
label_002223,TRANSACTION,txn_002223,LEGITIMATE,2025-01-21T15:31:23,fraud_analyst_review,0.94
label_002224,TRANSACTION,txn_002224,LEGITIMATE,2025-11-29T16:03:06,fraud_analyst_review,0.87
label_002225,TRANSACTION,txn_002225,LEGITIMATE,2025-11-02T18:09:25,fraud_analyst_review,0.95
label_002226,TRANSACTION,txn_002226,LEGITIMATE,2025-12-23T15:23:48,fraud_analyst_review,0.92
label_002227,TRANSACTION,txn_002227,LEGITIMATE,2025-09-20T05:37:17,automated_baseline,0.86
label_002228,TRANSACTION,txn_002228,LEGITIMATE,2025-08-15T06:17:47,fraud_analyst_review,0.87
label_002229,TRANSACTION,txn_002229,LEGITIMATE,2025-11-30T06:00:26,fraud_analyst_review,0.99
label_002230,TRANSACTION,txn_002230,LEGITIMATE,2025-08-06T14:55:14,fraud_analyst_review,0.98
label_002231,TRANSACTION,txn_002231,LEGITIMATE,2025-07-07T15:24:47,fraud_analyst_review,0.95
label_002232,TRANSACTION,txn_002232,LEGITIMATE,2025-03-25T12:54:03,fraud_analyst_review,0.91
label_002233,TRANSACTION,txn_002233,LEGITIMATE,2025-03-15T10:03:11,automated_baseline,0.91
label_002234,TRANSACTION,txn_002234,LEGITIMATE,2025-09-03T07:04:01,automated_baseline,0.87
label_002235,TRANSACTION,txn_002235,LEGITIMATE,2025-04-17T01:07:39,fraud_analyst_review,0.95
label_002236,TRANSACTION,txn_002236,LEGITIMATE,2025-01-24T01:20:29,automated_baseline,0.91
label_002237,TRANSACTION,txn_002237,LEGITIMATE,2025-03-04T05:49:47,fraud_analyst_review,0.85
label_002238,TRANSACTION,txn_002238,LEGITIMATE,2025-10-21T03:41:32,automated_baseline,0.88
label_002239,TRANSACTION,txn_002239,LEGITIMATE,2025-06-22T04:41:07,automated_baseline,0.9
label_002240,TRANSACTION,txn_002240,LEGITIMATE,2025-06-30T15:10:04,automated_baseline,0.92
label_002241,TRANSACTION,txn_002241,LEGITIMATE,2025-06-09T03:03:17,automated_baseline,0.92
label_002242,TRANSACTION,txn_002242,LEGITIMATE,2025-09-28T18:55:40,automated_baseline,0.98
label_002243,TRANSACTION,txn_002243,LEGITIMATE,2025-05-11T21:44:27,fraud_analyst_review,0.97
label_002244,TRANSACTION,txn_002244,LEGITIMATE,2025-02-25T09:51:40,automated_baseline,0.89
label_002245,TRANSACTION,txn_002245,LEGITIMATE,2025-03-23T18:34:41,automated_baseline,0.9
label_002246,TRANSACTION,txn_002246,LEGITIMATE,2025-02-09T07:06:45,automated_baseline,0.92
label_002247,TRANSACTION,txn_002247,LEGITIMATE,2025-05-24T13:44:38,automated_baseline,0.86
label_002248,TRANSACTION,txn_002248,LEGITIMATE,2025-04-23T09:32:00,fraud_analyst_review,0.95
label_002249,TRANSACTION,txn_002249,LEGITIMATE,2025-12-20T11:56:39,automated_baseline,0.86
label_002250,TRANSACTION,txn_002250,LEGITIMATE,2025-06-01T07:09:10,automated_baseline,0.95
label_002251,TRANSACTION,txn_002251,LEGITIMATE,2025-06-18T18:17:56,fraud_analyst_review,0.88
label_002252,TRANSACTION,txn_002252,LEGITIMATE,2025-08-13T02:51:10,automated_baseline,0.97
label_002253,TRANSACTION,txn_002253,LEGITIMATE,2025-08-15T22:24:10,fraud_analyst_review,0.9
label_002254,TRANSACTION,txn_002254,LEGITIMATE,2025-10-22T23:05:52,fraud_analyst_review,0.88
label_002255,TRANSACTION,txn_002255,LEGITIMATE,2025-08-07T15:22:32,fraud_analyst_review,0.88
label_002256,TRANSACTION,txn_002256,LEGITIMATE,2025-02-28T03:31:54,automated_baseline,0.9
label_002257,TRANSACTION,txn_002257,LEGITIMATE,2025-03-25T13:41:32,fraud_analyst_review,0.98
label_002258,TRANSACTION,txn_002258,LEGITIMATE,2025-11-06T12:08:46,fraud_analyst_review,0.88
label_002259,TRANSACTION,txn_002259,LEGITIMATE,2025-10-28T11:19:12,fraud_analyst_review,0.94
label_002260,TRANSACTION,txn_002260,LEGITIMATE,2025-09-24T13:11:50,automated_baseline,0.85
label_002261,TRANSACTION,txn_002261,LEGITIMATE,2025-06-19T02:03:39,fraud_analyst_review,0.96
label_002262,TRANSACTION,txn_002262,LEGITIMATE,2025-09-23T00:00:40,automated_baseline,0.91
label_002263,TRANSACTION,txn_002263,LEGITIMATE,2025-07-30T07:30:58,automated_baseline,0.96
label_002264,TRANSACTION,txn_002264,LEGITIMATE,2025-01-16T18:18:11,fraud_analyst_review,0.89
label_002265,TRANSACTION,txn_002265,LEGITIMATE,2025-10-28T19:50:42,automated_baseline,0.99
label_002266,TRANSACTION,txn_002266,LEGITIMATE,2025-07-15T22:06:06,fraud_analyst_review,0.91
label_002267,TRANSACTION,txn_002267,LEGITIMATE,2025-11-08T15:42:57,fraud_analyst_review,0.95
label_002268,TRANSACTION,txn_002268,LEGITIMATE,2025-02-15T00:45:46,fraud_analyst_review,0.99
label_002269,TRANSACTION,txn_002269,LEGITIMATE,2025-12-17T16:42:06,automated_baseline,0.88
label_002270,TRANSACTION,txn_002270,LEGITIMATE,2025-02-09T00:01:21,automated_baseline,0.93
label_002271,TRANSACTION,txn_002271,LEGITIMATE,2025-02-11T03:27:14,fraud_analyst_review,0.95
label_002272,TRANSACTION,txn_002272,LEGITIMATE,2025-02-15T00:40:59,fraud_analyst_review,0.9
label_002273,TRANSACTION,txn_002273,LEGITIMATE,2025-07-14T21:01:08,automated_baseline,0.94
label_002274,TRANSACTION,txn_002274,LEGITIMATE,2025-12-20T07:27:29,fraud_analyst_review,0.98
label_002275,TRANSACTION,txn_002275,LEGITIMATE,2025-03-23T14:22:22,fraud_analyst_review,0.86
label_002276,TRANSACTION,txn_002276,LEGITIMATE,2025-07-12T16:16:14,fraud_analyst_review,0.93
label_002277,TRANSACTION,txn_002277,LEGITIMATE,2025-11-03T10:06:59,fraud_analyst_review,0.89
label_002278,TRANSACTION,txn_002278,LEGITIMATE,2025-01-19T17:18:36,automated_baseline,0.88
label_002279,TRANSACTION,txn_002279,LEGITIMATE,2025-10-07T22:17:56,fraud_analyst_review,0.93
label_002280,TRANSACTION,txn_002280,LEGITIMATE,2025-10-01T09:56:20,automated_baseline,0.99
label_002281,TRANSACTION,txn_002281,LEGITIMATE,2025-10-21T01:02:12,fraud_analyst_review,0.96
label_002282,TRANSACTION,txn_002282,LEGITIMATE,2025-12-07T09:16:19,fraud_analyst_review,0.86
label_002283,TRANSACTION,txn_002283,LEGITIMATE,2025-04-13T09:45:33,automated_baseline,0.91
label_002284,TRANSACTION,txn_002284,LEGITIMATE,2025-08-19T18:21:33,automated_baseline,0.92
label_002285,TRANSACTION,txn_002285,LEGITIMATE,2025-09-13T13:14:28,automated_baseline,0.89
label_002286,TRANSACTION,txn_002286,LEGITIMATE,2025-08-23T21:32:41,fraud_analyst_review,0.98
label_002287,TRANSACTION,txn_002287,LEGITIMATE,2025-07-05T07:14:53,fraud_analyst_review,0.87
label_002288,TRANSACTION,txn_002288,LEGITIMATE,2025-02-23T06:19:58,fraud_analyst_review,0.93
label_002289,TRANSACTION,txn_002289,LEGITIMATE,2025-09-10T15:51:27,fraud_analyst_review,0.97
label_002290,TRANSACTION,txn_002290,LEGITIMATE,2025-02-21T08:12:17,automated_baseline,0.98
label_002291,TRANSACTION,txn_002291,LEGITIMATE,2025-07-22T09:20:41,fraud_analyst_review,0.97
label_002292,TRANSACTION,txn_002292,LEGITIMATE,2025-10-28T02:43:21,fraud_analyst_review,0.88
label_002293,TRANSACTION,txn_002293,LEGITIMATE,2025-01-07T11:32:58,automated_baseline,0.85
label_002294,TRANSACTION,txn_002294,LEGITIMATE,2025-10-09T18:33:58,fraud_analyst_review,0.92
label_002295,TRANSACTION,txn_002295,LEGITIMATE,2025-10-23T23:14:20,automated_baseline,0.98
label_002296,TRANSACTION,txn_002296,LEGITIMATE,2025-07-20T02:34:33,automated_baseline,0.92
label_002297,TRANSACTION,txn_002297,LEGITIMATE,2025-03-05T05:05:24,fraud_analyst_review,0.96
label_002298,TRANSACTION,txn_002298,LEGITIMATE,2025-10-29T13:09:28,fraud_analyst_review,0.92
label_002299,TRANSACTION,txn_002299,LEGITIMATE,2025-05-03T04:24:44,fraud_analyst_review,0.87
label_002300,TRANSACTION,txn_002300,LEGITIMATE,2025-01-10T19:40:30,fraud_analyst_review,0.87
label_002301,TRANSACTION,txn_002301,LEGITIMATE,2025-12-22T10:14:46,fraud_analyst_review,0.89
label_002302,TRANSACTION,txn_002302,LEGITIMATE,2025-09-01T01:03:15,fraud_analyst_review,0.93
label_002303,TRANSACTION,txn_002303,LEGITIMATE,2025-02-19T20:54:27,fraud_analyst_review,0.96
label_002304,TRANSACTION,txn_002304,LEGITIMATE,2025-04-18T18:29:36,fraud_analyst_review,0.98
label_002305,TRANSACTION,txn_002305,LEGITIMATE,2025-01-27T20:34:55,fraud_analyst_review,0.88
label_002306,TRANSACTION,txn_002306,LEGITIMATE,2025-07-01T13:34:48,fraud_analyst_review,0.95
label_002307,TRANSACTION,txn_002307,LEGITIMATE,2025-10-21T22:13:22,fraud_analyst_review,0.86
label_002308,TRANSACTION,txn_002308,LEGITIMATE,2025-03-01T14:42:26,automated_baseline,0.92
label_002309,TRANSACTION,txn_002309,LEGITIMATE,2025-03-07T00:07:11,fraud_analyst_review,0.91
label_002310,TRANSACTION,txn_002310,LEGITIMATE,2025-06-29T22:30:22,fraud_analyst_review,0.85
label_002311,TRANSACTION,txn_002311,LEGITIMATE,2025-09-19T02:38:11,automated_baseline,0.87
label_002312,TRANSACTION,txn_002312,LEGITIMATE,2025-11-30T13:01:33,fraud_analyst_review,0.96
label_002313,TRANSACTION,txn_002313,LEGITIMATE,2025-11-27T07:29:05,automated_baseline,0.98
label_002314,TRANSACTION,txn_002314,LEGITIMATE,2025-05-17T20:32:32,fraud_analyst_review,0.93
label_002315,TRANSACTION,txn_002315,LEGITIMATE,2025-12-04T01:46:18,automated_baseline,0.85
label_002316,TRANSACTION,txn_002316,LEGITIMATE,2025-10-22T01:33:35,fraud_analyst_review,0.89
label_002317,TRANSACTION,txn_002317,LEGITIMATE,2025-08-14T01:36:07,fraud_analyst_review,0.93
label_002318,TRANSACTION,txn_002318,LEGITIMATE,2025-12-24T21:06:02,automated_baseline,0.92
label_002319,TRANSACTION,txn_002319,LEGITIMATE,2025-08-09T14:24:02,automated_baseline,0.92
label_002320,TRANSACTION,txn_002320,LEGITIMATE,2025-08-01T18:13:28,automated_baseline,0.88
label_002321,TRANSACTION,txn_002321,LEGITIMATE,2025-05-22T03:30:57,automated_baseline,0.89
label_002322,TRANSACTION,txn_002322,LEGITIMATE,2025-03-02T16:52:16,automated_baseline,0.97
label_002323,TRANSACTION,txn_002323,LEGITIMATE,2025-11-17T15:48:25,automated_baseline,0.9
label_002324,TRANSACTION,txn_002324,LEGITIMATE,2025-06-26T10:11:06,fraud_analyst_review,0.88
label_002325,TRANSACTION,txn_002325,LEGITIMATE,2025-06-28T12:45:06,automated_baseline,0.91
label_002326,TRANSACTION,txn_002326,LEGITIMATE,2025-05-22T07:31:23,fraud_analyst_review,0.98
label_002327,TRANSACTION,txn_002327,LEGITIMATE,2025-12-22T09:31:07,fraud_analyst_review,0.85
label_002328,TRANSACTION,txn_002328,LEGITIMATE,2025-09-20T12:58:58,automated_baseline,0.96
label_002329,TRANSACTION,txn_002329,LEGITIMATE,2025-09-25T03:28:09,automated_baseline,0.98
label_002330,TRANSACTION,txn_002330,LEGITIMATE,2025-05-28T01:09:47,fraud_analyst_review,0.97
label_002331,TRANSACTION,txn_002331,LEGITIMATE,2025-01-20T20:59:01,fraud_analyst_review,0.97
label_002332,TRANSACTION,txn_002332,LEGITIMATE,2025-07-21T07:37:15,fraud_analyst_review,0.99
label_002333,TRANSACTION,txn_002333,LEGITIMATE,2025-11-28T14:08:10,automated_baseline,0.89
label_002334,TRANSACTION,txn_002334,LEGITIMATE,2025-09-09T11:12:13,fraud_analyst_review,0.9
label_002335,TRANSACTION,txn_002335,LEGITIMATE,2025-09-11T20:18:13,automated_baseline,0.96
label_002336,TRANSACTION,txn_002336,LEGITIMATE,2025-08-05T15:29:30,automated_baseline,0.88
label_002337,TRANSACTION,txn_002337,LEGITIMATE,2025-10-15T12:28:10,fraud_analyst_review,0.88
label_002338,TRANSACTION,txn_002338,LEGITIMATE,2025-03-26T21:00:13,fraud_analyst_review,0.94
label_002339,TRANSACTION,txn_002339,LEGITIMATE,2025-04-27T04:20:46,fraud_analyst_review,0.95
label_002340,TRANSACTION,txn_002340,LEGITIMATE,2025-07-04T08:14:20,fraud_analyst_review,0.96
label_002341,TRANSACTION,txn_002341,LEGITIMATE,2025-01-18T11:23:26,automated_baseline,0.9
label_002342,TRANSACTION,txn_002342,LEGITIMATE,2025-03-20T13:53:49,fraud_analyst_review,0.89
label_002343,TRANSACTION,txn_002343,LEGITIMATE,2025-11-11T01:20:36,automated_baseline,0.95
label_002344,TRANSACTION,txn_002344,LEGITIMATE,2025-07-16T18:10:35,automated_baseline,0.88
label_002345,TRANSACTION,txn_002345,LEGITIMATE,2025-03-14T21:42:20,fraud_analyst_review,0.98
label_002346,TRANSACTION,txn_002346,LEGITIMATE,2025-06-23T04:08:08,fraud_analyst_review,0.97
label_002347,TRANSACTION,txn_002347,LEGITIMATE,2025-01-14T23:10:52,fraud_analyst_review,0.91
label_002348,TRANSACTION,txn_002348,LEGITIMATE,2025-04-09T19:00:46,fraud_analyst_review,0.95
label_002349,TRANSACTION,txn_002349,LEGITIMATE,2025-04-11T08:34:46,fraud_analyst_review,0.88
label_002350,TRANSACTION,txn_002350,LEGITIMATE,2025-08-04T05:14:34,fraud_analyst_review,0.88
label_002351,TRANSACTION,txn_002351,LEGITIMATE,2025-10-18T18:16:25,fraud_analyst_review,0.99
label_002352,TRANSACTION,txn_002352,LEGITIMATE,2025-09-01T06:34:58,automated_baseline,0.91
label_002353,TRANSACTION,txn_002353,LEGITIMATE,2025-03-22T08:04:40,fraud_analyst_review,0.9
label_002354,TRANSACTION,txn_002354,LEGITIMATE,2025-04-13T19:39:46,automated_baseline,0.95
label_002355,TRANSACTION,txn_002355,LEGITIMATE,2025-05-19T18:09:54,fraud_analyst_review,0.87
label_002356,TRANSACTION,txn_002356,LEGITIMATE,2025-12-29T11:04:11,automated_baseline,0.93
label_002357,TRANSACTION,txn_002357,LEGITIMATE,2025-10-03T07:41:57,fraud_analyst_review,0.97
label_002358,TRANSACTION,txn_002358,LEGITIMATE,2025-04-02T22:34:26,fraud_analyst_review,0.87
label_002359,TRANSACTION,txn_002359,LEGITIMATE,2025-08-16T23:07:56,fraud_analyst_review,0.96
label_002360,TRANSACTION,txn_002360,LEGITIMATE,2025-01-16T23:39:18,fraud_analyst_review,0.97
label_002361,TRANSACTION,txn_002361,LEGITIMATE,2025-01-06T20:03:44,automated_baseline,0.97
label_002362,TRANSACTION,txn_002362,LEGITIMATE,2025-04-23T21:21:01,fraud_analyst_review,0.98
label_002363,TRANSACTION,txn_002363,LEGITIMATE,2025-09-28T23:48:46,automated_baseline,0.94
label_002364,TRANSACTION,txn_002364,LEGITIMATE,2025-12-29T16:00:00,automated_baseline,0.87
label_002365,TRANSACTION,txn_002365,LEGITIMATE,2025-07-07T10:05:56,fraud_analyst_review,0.97
label_002366,TRANSACTION,txn_002366,LEGITIMATE,2025-09-27T04:31:18,fraud_analyst_review,0.91
label_002367,TRANSACTION,txn_002367,LEGITIMATE,2025-03-04T19:44:18,fraud_analyst_review,0.91
label_002368,TRANSACTION,txn_002368,LEGITIMATE,2025-12-20T22:28:12,fraud_analyst_review,0.88
label_002369,TRANSACTION,txn_002369,LEGITIMATE,2025-04-18T08:07:58,fraud_analyst_review,0.93
label_002370,TRANSACTION,txn_002370,LEGITIMATE,2025-12-25T18:04:30,automated_baseline,0.88
label_002371,TRANSACTION,txn_002371,LEGITIMATE,2025-08-06T17:24:07,automated_baseline,0.85
label_002372,TRANSACTION,txn_002372,LEGITIMATE,2025-02-04T11:58:26,automated_baseline,0.94
label_002373,TRANSACTION,txn_002373,LEGITIMATE,2025-12-11T13:53:42,automated_baseline,0.92
label_002374,TRANSACTION,txn_002374,LEGITIMATE,2025-02-04T05:27:25,automated_baseline,0.86
label_002375,TRANSACTION,txn_002375,LEGITIMATE,2025-04-21T17:57:23,fraud_analyst_review,0.88
label_002376,TRANSACTION,txn_002376,LEGITIMATE,2025-08-08T16:23:25,automated_baseline,0.92
label_002377,TRANSACTION,txn_002377,LEGITIMATE,2025-06-17T21:24:46,automated_baseline,0.93
label_002378,TRANSACTION,txn_002378,LEGITIMATE,2025-06-18T22:49:57,fraud_analyst_review,0.97
label_002379,TRANSACTION,txn_002379,LEGITIMATE,2025-11-15T15:40:14,automated_baseline,0.95
label_002380,TRANSACTION,txn_002380,LEGITIMATE,2025-05-01T20:12:46,fraud_analyst_review,0.96
label_002381,TRANSACTION,txn_002381,LEGITIMATE,2025-11-10T20:30:34,automated_baseline,0.98
label_002382,TRANSACTION,txn_002382,LEGITIMATE,2025-04-15T05:33:52,automated_baseline,0.98
label_002383,TRANSACTION,txn_002383,LEGITIMATE,2025-10-31T13:30:45,automated_baseline,0.89
label_002384,TRANSACTION,txn_002384,LEGITIMATE,2025-07-01T15:29:36,fraud_analyst_review,0.94
label_002385,TRANSACTION,txn_002385,LEGITIMATE,2025-05-07T22:32:42,fraud_analyst_review,0.93
label_002386,TRANSACTION,txn_002386,LEGITIMATE,2025-11-17T15:57:45,fraud_analyst_review,0.9
label_002387,TRANSACTION,txn_002387,LEGITIMATE,2025-04-18T09:59:06,automated_baseline,0.97
label_002388,TRANSACTION,txn_002388,LEGITIMATE,2025-02-04T02:23:12,fraud_analyst_review,0.87
label_002389,TRANSACTION,txn_002389,LEGITIMATE,2025-09-18T11:46:46,fraud_analyst_review,0.86
label_002390,TRANSACTION,txn_002390,LEGITIMATE,2025-10-03T14:34:40,automated_baseline,0.88
label_002391,TRANSACTION,txn_002391,LEGITIMATE,2025-08-10T19:25:31,automated_baseline,0.95
label_002392,TRANSACTION,txn_002392,LEGITIMATE,2025-02-01T16:28:09,fraud_analyst_review,0.9
label_002393,TRANSACTION,txn_002393,LEGITIMATE,2025-05-17T11:15:34,fraud_analyst_review,0.98
label_002394,TRANSACTION,txn_002394,LEGITIMATE,2025-07-06T01:57:38,fraud_analyst_review,0.86
label_002395,TRANSACTION,txn_002395,LEGITIMATE,2025-08-17T06:30:06,automated_baseline,0.89
label_002396,TRANSACTION,txn_002396,LEGITIMATE,2025-08-25T18:39:56,fraud_analyst_review,0.91
label_002397,TRANSACTION,txn_002397,LEGITIMATE,2025-02-03T14:44:10,fraud_analyst_review,0.9
label_002398,TRANSACTION,txn_002398,LEGITIMATE,2025-06-07T09:15:28,automated_baseline,0.85
label_002399,TRANSACTION,txn_002399,LEGITIMATE,2025-06-15T13:28:11,automated_baseline,0.95
label_002400,TRANSACTION,txn_002400,LEGITIMATE,2025-11-11T16:46:43,automated_baseline,0.96
label_002401,TRANSACTION,txn_002401,LEGITIMATE,2025-10-13T02:59:02,fraud_analyst_review,0.92
label_002402,TRANSACTION,txn_002402,LEGITIMATE,2025-10-02T08:19:18,fraud_analyst_review,0.91
label_002403,TRANSACTION,txn_002403,LEGITIMATE,2025-01-10T12:54:15,fraud_analyst_review,0.86
label_002404,TRANSACTION,txn_002404,LEGITIMATE,2025-03-29T03:51:07,fraud_analyst_review,0.88
label_002405,TRANSACTION,txn_002405,LEGITIMATE,2025-02-21T09:59:18,fraud_analyst_review,0.86
label_002406,TRANSACTION,txn_002406,LEGITIMATE,2025-12-24T12:09:22,fraud_analyst_review,0.9
label_002407,TRANSACTION,txn_002407,LEGITIMATE,2025-08-23T18:02:40,automated_baseline,0.99
label_002408,TRANSACTION,txn_002408,LEGITIMATE,2025-10-26T17:35:37,automated_baseline,0.99
label_002409,TRANSACTION,txn_002409,LEGITIMATE,2025-01-17T19:03:01,automated_baseline,0.99
label_002410,TRANSACTION,txn_002410,LEGITIMATE,2025-11-28T02:22:01,fraud_analyst_review,0.88
label_002411,TRANSACTION,txn_002411,LEGITIMATE,2025-11-30T23:43:01,automated_baseline,0.94
label_002412,TRANSACTION,txn_002412,LEGITIMATE,2025-06-09T12:39:15,automated_baseline,0.95
label_002413,TRANSACTION,txn_002413,LEGITIMATE,2025-06-10T17:59:15,automated_baseline,0.93
label_002414,TRANSACTION,txn_002414,LEGITIMATE,2025-01-20T01:21:43,fraud_analyst_review,0.92
label_002415,TRANSACTION,txn_002415,LEGITIMATE,2025-06-30T06:22:11,automated_baseline,0.93
label_002416,TRANSACTION,txn_002416,LEGITIMATE,2025-06-24T16:03:30,automated_baseline,0.99
label_002417,TRANSACTION,txn_002417,LEGITIMATE,2025-05-24T03:06:22,fraud_analyst_review,0.96
label_002418,TRANSACTION,txn_002418,LEGITIMATE,2025-05-19T15:54:36,fraud_analyst_review,0.94
label_002419,TRANSACTION,txn_002419,LEGITIMATE,2025-07-15T07:43:51,fraud_analyst_review,0.91
label_002420,TRANSACTION,txn_002420,LEGITIMATE,2025-04-02T08:27:27,automated_baseline,0.9
label_002421,TRANSACTION,txn_002421,LEGITIMATE,2025-06-15T08:51:39,automated_baseline,0.93
label_002422,TRANSACTION,txn_002422,LEGITIMATE,2025-03-24T16:43:19,automated_baseline,0.89
label_002423,TRANSACTION,txn_002423,LEGITIMATE,2025-04-01T05:10:39,fraud_analyst_review,0.96
label_002424,TRANSACTION,txn_002424,LEGITIMATE,2025-03-14T08:50:35,fraud_analyst_review,0.95
label_002425,TRANSACTION,txn_002425,LEGITIMATE,2025-08-13T21:28:22,automated_baseline,0.96
label_002426,TRANSACTION,txn_002426,LEGITIMATE,2025-05-07T12:19:27,fraud_analyst_review,0.88
label_002427,TRANSACTION,txn_002427,LEGITIMATE,2025-05-16T20:48:59,automated_baseline,0.86
label_002428,TRANSACTION,txn_002428,LEGITIMATE,2025-06-25T01:06:48,fraud_analyst_review,0.93
label_002429,TRANSACTION,txn_002429,LEGITIMATE,2025-05-03T13:12:31,fraud_analyst_review,0.89
label_002430,TRANSACTION,txn_002430,LEGITIMATE,2025-10-30T18:16:11,automated_baseline,0.87
label_002431,TRANSACTION,txn_002431,LEGITIMATE,2025-07-31T23:36:09,automated_baseline,0.88
label_002432,TRANSACTION,txn_002432,LEGITIMATE,2025-07-25T07:45:20,fraud_analyst_review,0.95
label_002433,TRANSACTION,txn_002433,LEGITIMATE,2025-07-26T09:24:20,automated_baseline,0.94
label_002434,TRANSACTION,txn_002434,LEGITIMATE,2025-03-14T18:51:29,automated_baseline,0.97
label_002435,TRANSACTION,txn_002435,LEGITIMATE,2025-09-15T17:29:21,fraud_analyst_review,0.88
label_002436,TRANSACTION,txn_002436,LEGITIMATE,2025-12-26T14:17:57,automated_baseline,0.98
label_002437,TRANSACTION,txn_002437,LEGITIMATE,2025-02-12T02:07:56,automated_baseline,0.85
label_002438,TRANSACTION,txn_002438,LEGITIMATE,2025-01-27T04:31:50,automated_baseline,0.92
label_002439,TRANSACTION,txn_002439,LEGITIMATE,2025-09-19T19:28:24,fraud_analyst_review,0.99
label_002440,TRANSACTION,txn_002440,LEGITIMATE,2025-08-03T09:19:58,automated_baseline,0.93
label_002441,TRANSACTION,txn_002441,LEGITIMATE,2025-02-03T07:30:47,fraud_analyst_review,0.92
label_002442,TRANSACTION,txn_002442,LEGITIMATE,2025-11-13T18:52:21,automated_baseline,0.93
label_002443,TRANSACTION,txn_002443,LEGITIMATE,2025-12-18T19:18:21,fraud_analyst_review,0.97
label_002444,TRANSACTION,txn_002444,LEGITIMATE,2025-08-29T03:29:01,fraud_analyst_review,0.93
label_002445,TRANSACTION,txn_002445,LEGITIMATE,2025-09-17T02:58:47,fraud_analyst_review,0.89
label_002446,TRANSACTION,txn_002446,LEGITIMATE,2025-08-06T10:19:54,fraud_analyst_review,0.97
label_002447,TRANSACTION,txn_002447,LEGITIMATE,2025-12-11T13:26:33,automated_baseline,0.87
label_002448,TRANSACTION,txn_002448,LEGITIMATE,2025-11-20T18:18:08,fraud_analyst_review,0.88
label_002449,TRANSACTION,txn_002449,LEGITIMATE,2025-06-21T06:57:27,fraud_analyst_review,0.94
label_002450,TRANSACTION,txn_002450,LEGITIMATE,2025-01-21T02:59:41,fraud_analyst_review,0.94
label_002451,TRANSACTION,txn_002451,LEGITIMATE,2025-09-29T11:49:38,automated_baseline,0.89
label_002452,TRANSACTION,txn_002452,LEGITIMATE,2025-05-15T13:24:52,automated_baseline,0.93
label_002453,TRANSACTION,txn_002453,LEGITIMATE,2025-09-29T14:27:52,automated_baseline,0.98
label_002454,TRANSACTION,txn_002454,LEGITIMATE,2025-01-09T07:19:09,automated_baseline,0.9
label_002455,TRANSACTION,txn_002455,LEGITIMATE,2025-04-02T10:13:32,automated_baseline,0.89
label_002456,TRANSACTION,txn_002456,LEGITIMATE,2025-11-28T22:47:13,fraud_analyst_review,0.94
label_002457,TRANSACTION,txn_002457,LEGITIMATE,2025-05-27T18:18:29,automated_baseline,0.93
label_002458,TRANSACTION,txn_002458,LEGITIMATE,2025-05-29T12:18:29,fraud_analyst_review,0.93
label_002459,TRANSACTION,txn_002459,LEGITIMATE,2025-12-16T15:07:09,automated_baseline,0.95
label_002460,TRANSACTION,txn_002460,LEGITIMATE,2025-03-22T20:29:36,automated_baseline,0.93
label_002461,TRANSACTION,txn_002461,LEGITIMATE,2025-03-31T02:40:42,automated_baseline,0.89
label_002462,TRANSACTION,txn_002462,LEGITIMATE,2025-02-22T04:50:35,automated_baseline,0.99
label_002463,TRANSACTION,txn_002463,LEGITIMATE,2025-02-24T09:21:11,automated_baseline,0.9
label_002464,TRANSACTION,txn_002464,LEGITIMATE,2025-02-04T10:05:46,automated_baseline,0.96
label_002465,TRANSACTION,txn_002465,LEGITIMATE,2025-11-23T18:17:11,fraud_analyst_review,0.87
label_002466,TRANSACTION,txn_002466,LEGITIMATE,2025-09-19T12:26:36,fraud_analyst_review,0.89
label_002467,TRANSACTION,txn_002467,LEGITIMATE,2025-01-27T08:23:02,automated_baseline,0.91
label_002468,TRANSACTION,txn_002468,LEGITIMATE,2025-07-02T18:17:34,fraud_analyst_review,0.93
label_002469,TRANSACTION,txn_002469,LEGITIMATE,2025-04-19T19:12:40,fraud_analyst_review,0.89
label_002470,TRANSACTION,txn_002470,LEGITIMATE,2025-04-25T07:23:39,fraud_analyst_review,0.87
label_002471,TRANSACTION,txn_002471,LEGITIMATE,2025-05-19T20:04:24,automated_baseline,0.92
label_002472,TRANSACTION,txn_002472,LEGITIMATE,2025-08-04T07:38:46,fraud_analyst_review,0.92
label_002473,TRANSACTION,txn_002473,LEGITIMATE,2025-06-30T11:40:51,automated_baseline,0.94
label_002474,TRANSACTION,txn_002474,LEGITIMATE,2025-03-29T08:15:04,fraud_analyst_review,0.98
label_002475,TRANSACTION,txn_002475,LEGITIMATE,2025-02-14T02:51:35,fraud_analyst_review,0.96
label_002476,TRANSACTION,txn_002476,LEGITIMATE,2025-12-07T09:36:10,automated_baseline,0.96
label_002477,TRANSACTION,txn_002477,LEGITIMATE,2025-01-13T19:48:08,automated_baseline,0.91
label_002478,TRANSACTION,txn_002478,LEGITIMATE,2025-07-20T14:49:28,fraud_analyst_review,0.98
label_002479,TRANSACTION,txn_002479,LEGITIMATE,2025-03-14T05:18:11,fraud_analyst_review,0.89
label_002480,TRANSACTION,txn_002480,LEGITIMATE,2025-09-21T04:11:45,automated_baseline,0.94
label_002481,TRANSACTION,txn_002481,LEGITIMATE,2025-06-27T21:51:53,fraud_analyst_review,0.92
label_002482,TRANSACTION,txn_002482,LEGITIMATE,2025-09-25T05:59:41,automated_baseline,0.98
label_002483,TRANSACTION,txn_002483,LEGITIMATE,2025-09-26T22:25:41,automated_baseline,0.92
label_002484,TRANSACTION,txn_002484,LEGITIMATE,2025-10-26T21:40:26,fraud_analyst_review,0.92
label_002485,TRANSACTION,txn_002485,LEGITIMATE,2025-10-30T09:36:06,automated_baseline,0.96
label_002486,TRANSACTION,txn_002486,LEGITIMATE,2025-10-31T17:47:06,fraud_analyst_review,0.96
label_002487,TRANSACTION,txn_002487,LEGITIMATE,2025-09-06T04:56:28,fraud_analyst_review,0.91
label_002488,TRANSACTION,txn_002488,LEGITIMATE,2025-03-08T11:10:24,automated_baseline,0.86
label_002489,TRANSACTION,txn_002489,LEGITIMATE,2025-11-13T03:54:49,automated_baseline,0.87
label_002490,TRANSACTION,txn_002490,LEGITIMATE,2025-04-16T08:21:15,fraud_analyst_review,0.97
label_002491,TRANSACTION,txn_002491,LEGITIMATE,2025-05-28T14:03:15,fraud_analyst_review,0.87
label_002492,TRANSACTION,txn_002492,LEGITIMATE,2025-07-09T20:13:53,automated_baseline,0.86
label_002493,TRANSACTION,txn_002493,LEGITIMATE,2025-09-11T23:53:23,fraud_analyst_review,0.96
label_002494,TRANSACTION,txn_002494,LEGITIMATE,2025-08-10T18:26:40,automated_baseline,0.92
label_002495,TRANSACTION,txn_002495,LEGITIMATE,2025-07-27T22:49:54,fraud_analyst_review,0.86
label_002496,TRANSACTION,txn_002496,LEGITIMATE,2025-03-17T17:16:02,automated_baseline,0.95
label_002497,TRANSACTION,txn_002497,LEGITIMATE,2025-05-11T12:32:11,fraud_analyst_review,0.96
label_002498,TRANSACTION,txn_002498,LEGITIMATE,2025-10-01T07:58:16,fraud_analyst_review,0.89
label_002499,TRANSACTION,txn_002499,LEGITIMATE,2025-01-19T23:13:52,fraud_analyst_review,0.89
label_002500,TRANSACTION,txn_002500,LEGITIMATE,2025-07-13T00:04:33,fraud_analyst_review,0.98
label_002501,TRANSACTION,txn_002501,LEGITIMATE,2025-02-17T03:44:36,fraud_analyst_review,0.86
label_002502,TRANSACTION,txn_002502,LEGITIMATE,2025-01-13T01:56:20,fraud_analyst_review,0.89
label_002503,TRANSACTION,txn_002503,LEGITIMATE,2025-02-02T19:17:09,fraud_analyst_review,0.88
label_002504,TRANSACTION,txn_002504,LEGITIMATE,2025-07-05T14:51:02,automated_baseline,0.96
label_002505,TRANSACTION,txn_002505,LEGITIMATE,2025-12-26T20:31:46,fraud_analyst_review,0.97
label_002506,TRANSACTION,txn_002506,LEGITIMATE,2025-07-11T11:31:01,fraud_analyst_review,0.95
label_002507,TRANSACTION,txn_002507,LEGITIMATE,2025-03-04T16:36:12,fraud_analyst_review,0.91
label_002508,TRANSACTION,txn_002508,LEGITIMATE,2025-05-11T15:34:08,automated_baseline,0.98
label_002509,TRANSACTION,txn_002509,LEGITIMATE,2025-07-26T14:16:21,fraud_analyst_review,0.93
label_002510,TRANSACTION,txn_002510,LEGITIMATE,2025-07-07T01:35:02,fraud_analyst_review,0.88
label_002511,TRANSACTION,txn_002511,LEGITIMATE,2025-07-21T23:46:38,automated_baseline,0.86
label_002512,TRANSACTION,txn_002512,LEGITIMATE,2025-04-19T23:41:53,fraud_analyst_review,0.98
label_002513,TRANSACTION,txn_002513,LEGITIMATE,2025-05-27T06:33:19,automated_baseline,0.85
label_002514,TRANSACTION,txn_002514,LEGITIMATE,2025-01-12T19:56:50,automated_baseline,0.97
label_002515,TRANSACTION,txn_002515,LEGITIMATE,2025-12-12T07:15:12,fraud_analyst_review,0.94
label_002516,TRANSACTION,txn_002516,LEGITIMATE,2025-10-06T04:19:53,automated_baseline,0.97
label_002517,TRANSACTION,txn_002517,LEGITIMATE,2025-03-11T22:07:24,automated_baseline,0.86
label_002518,TRANSACTION,txn_002518,LEGITIMATE,2025-06-28T18:13:06,automated_baseline,0.96
label_002519,TRANSACTION,txn_002519,LEGITIMATE,2025-12-11T02:23:11,fraud_analyst_review,0.87
label_002520,TRANSACTION,txn_002520,LEGITIMATE,2025-06-14T09:10:51,fraud_analyst_review,0.95
label_002521,TRANSACTION,txn_002521,LEGITIMATE,2025-05-11T06:09:51,fraud_analyst_review,0.94
label_002522,TRANSACTION,txn_002522,LEGITIMATE,2025-07-29T19:28:42,automated_baseline,0.94
label_002523,TRANSACTION,txn_002523,LEGITIMATE,2025-02-26T19:27:25,fraud_analyst_review,0.86
label_002524,TRANSACTION,txn_002524,LEGITIMATE,2025-08-04T22:41:57,fraud_analyst_review,0.92
label_002525,TRANSACTION,txn_002525,LEGITIMATE,2025-06-27T19:45:18,fraud_analyst_review,0.93
label_002526,TRANSACTION,txn_002526,LEGITIMATE,2025-03-04T04:53:41,fraud_analyst_review,0.94
label_002527,TRANSACTION,txn_002527,LEGITIMATE,2025-01-06T16:57:17,fraud_analyst_review,0.91
label_002528,TRANSACTION,txn_002528,LEGITIMATE,2025-09-17T12:37:28,automated_baseline,0.9
label_002529,TRANSACTION,txn_002529,LEGITIMATE,2025-01-11T11:37:23,fraud_analyst_review,0.96
label_002530,TRANSACTION,txn_002530,LEGITIMATE,2025-05-13T04:57:13,fraud_analyst_review,0.98
label_002531,TRANSACTION,txn_002531,LEGITIMATE,2025-01-12T23:36:14,fraud_analyst_review,0.91
label_002532,TRANSACTION,txn_002532,LEGITIMATE,2025-10-14T00:01:17,fraud_analyst_review,0.86
label_002533,TRANSACTION,txn_002533,LEGITIMATE,2025-01-20T19:40:07,fraud_analyst_review,0.99
label_002534,TRANSACTION,txn_002534,LEGITIMATE,2025-02-06T00:28:21,fraud_analyst_review,0.91
label_002535,TRANSACTION,txn_002535,LEGITIMATE,2025-11-20T08:09:17,fraud_analyst_review,0.89
label_002536,TRANSACTION,txn_002536,LEGITIMATE,2025-04-08T09:11:26,automated_baseline,0.86
label_002537,TRANSACTION,txn_002537,LEGITIMATE,2025-12-15T10:38:43,automated_baseline,0.88
label_002538,TRANSACTION,txn_002538,LEGITIMATE,2025-04-19T10:01:25,automated_baseline,0.9
label_002539,TRANSACTION,txn_002539,LEGITIMATE,2025-06-01T16:45:31,fraud_analyst_review,0.95
label_002540,TRANSACTION,txn_002540,LEGITIMATE,2025-12-24T13:42:54,fraud_analyst_review,0.96
label_002541,TRANSACTION,txn_002541,LEGITIMATE,2025-06-03T01:32:07,automated_baseline,0.93
label_002542,TRANSACTION,txn_002542,LEGITIMATE,2025-01-25T02:23:48,fraud_analyst_review,0.99
label_002543,TRANSACTION,txn_002543,LEGITIMATE,2025-06-17T11:39:24,fraud_analyst_review,0.96
label_002544,TRANSACTION,txn_002544,LEGITIMATE,2025-01-25T00:03:04,automated_baseline,0.93
label_002545,TRANSACTION,txn_002545,LEGITIMATE,2025-02-04T13:42:10,automated_baseline,0.96
label_002546,TRANSACTION,txn_002546,LEGITIMATE,2025-09-17T16:23:13,fraud_analyst_review,0.89
label_002547,TRANSACTION,txn_002547,LEGITIMATE,2025-02-10T13:05:15,fraud_analyst_review,0.91
label_002548,TRANSACTION,txn_002548,LEGITIMATE,2025-12-08T15:33:02,automated_baseline,0.9
label_002549,TRANSACTION,txn_002549,LEGITIMATE,2025-11-10T19:11:16,fraud_analyst_review,0.94
label_002550,TRANSACTION,txn_002550,LEGITIMATE,2025-10-03T22:34:24,automated_baseline,0.89
label_002551,TRANSACTION,txn_002551,LEGITIMATE,2025-03-18T02:27:52,fraud_analyst_review,0.92
label_002552,TRANSACTION,txn_002552,LEGITIMATE,2025-03-16T06:35:46,automated_baseline,0.96
label_002553,TRANSACTION,txn_002553,LEGITIMATE,2025-03-18T22:36:46,fraud_analyst_review,0.97
label_002554,TRANSACTION,txn_002554,LEGITIMATE,2025-03-03T16:38:48,fraud_analyst_review,0.98
label_002555,TRANSACTION,txn_002555,LEGITIMATE,2025-06-12T00:18:48,fraud_analyst_review,0.88
label_002556,TRANSACTION,txn_002556,LEGITIMATE,2025-04-22T21:19:40,automated_baseline,0.98
label_002557,TRANSACTION,txn_002557,LEGITIMATE,2025-04-23T03:33:40,fraud_analyst_review,0.86
label_002558,TRANSACTION,txn_002558,LEGITIMATE,2025-07-25T13:17:02,fraud_analyst_review,0.85
label_002559,TRANSACTION,txn_002559,LEGITIMATE,2025-01-22T01:19:23,automated_baseline,0.87
label_002560,TRANSACTION,txn_002560,LEGITIMATE,2025-01-05T17:31:39,fraud_analyst_review,0.95
label_002561,TRANSACTION,txn_002561,LEGITIMATE,2025-06-19T09:38:14,fraud_analyst_review,0.9
label_002562,TRANSACTION,txn_002562,LEGITIMATE,2025-04-22T22:12:30,automated_baseline,0.9
label_002563,TRANSACTION,txn_002563,LEGITIMATE,2025-06-29T17:47:33,automated_baseline,0.88
label_002564,TRANSACTION,txn_002564,LEGITIMATE,2025-03-09T04:54:54,automated_baseline,0.97
label_002565,TRANSACTION,txn_002565,LEGITIMATE,2025-11-19T21:59:37,automated_baseline,0.87
label_002566,TRANSACTION,txn_002566,LEGITIMATE,2025-06-29T09:57:29,automated_baseline,0.91
label_002567,TRANSACTION,txn_002567,LEGITIMATE,2025-08-21T06:36:12,fraud_analyst_review,0.89
label_002568,TRANSACTION,txn_002568,LEGITIMATE,2025-02-07T01:56:04,automated_baseline,0.91
label_002569,TRANSACTION,txn_002569,LEGITIMATE,2025-05-04T23:34:05,fraud_analyst_review,0.94
label_002570,TRANSACTION,txn_002570,LEGITIMATE,2025-01-16T08:23:41,fraud_analyst_review,0.92
label_002571,TRANSACTION,txn_002571,LEGITIMATE,2025-06-06T08:52:10,fraud_analyst_review,0.98
label_002572,TRANSACTION,txn_002572,LEGITIMATE,2025-03-27T14:01:34,fraud_analyst_review,0.97
label_002573,TRANSACTION,txn_002573,LEGITIMATE,2025-05-10T06:58:27,fraud_analyst_review,0.87
label_002574,TRANSACTION,txn_002574,LEGITIMATE,2025-10-01T07:14:34,automated_baseline,0.86
label_002575,TRANSACTION,txn_002575,LEGITIMATE,2025-03-12T20:52:58,automated_baseline,0.86
label_002576,TRANSACTION,txn_002576,LEGITIMATE,2025-05-12T11:35:20,fraud_analyst_review,0.94
label_002577,TRANSACTION,txn_002577,LEGITIMATE,2025-04-21T15:18:15,fraud_analyst_review,0.86
label_002578,TRANSACTION,txn_002578,LEGITIMATE,2025-02-25T10:47:58,fraud_analyst_review,0.97
label_002579,TRANSACTION,txn_002579,LEGITIMATE,2025-02-03T19:16:31,automated_baseline,0.93
label_002580,TRANSACTION,txn_002580,LEGITIMATE,2025-02-06T03:41:31,fraud_analyst_review,0.88
label_002581,TRANSACTION,txn_002581,LEGITIMATE,2025-09-14T01:25:36,automated_baseline,0.89
label_002582,TRANSACTION,txn_002582,LEGITIMATE,2025-03-28T06:13:47,fraud_analyst_review,0.88
label_002583,TRANSACTION,txn_002583,LEGITIMATE,2025-05-08T00:02:03,fraud_analyst_review,0.96
label_002584,TRANSACTION,txn_002584,LEGITIMATE,2025-06-23T23:37:19,fraud_analyst_review,0.98
label_002585,TRANSACTION,txn_002585,LEGITIMATE,2025-07-01T14:34:50,fraud_analyst_review,0.91
label_002586,TRANSACTION,txn_002586,LEGITIMATE,2025-08-01T10:03:36,fraud_analyst_review,0.96
label_002587,TRANSACTION,txn_002587,LEGITIMATE,2025-04-08T08:54:34,fraud_analyst_review,0.86
label_002588,TRANSACTION,txn_002588,LEGITIMATE,2025-09-21T02:57:01,automated_baseline,0.97
label_002589,TRANSACTION,txn_002589,LEGITIMATE,2025-10-15T20:47:58,automated_baseline,0.92
label_002590,TRANSACTION,txn_002590,LEGITIMATE,2025-10-29T08:02:16,fraud_analyst_review,0.88
label_002591,TRANSACTION,txn_002591,LEGITIMATE,2025-04-04T09:40:07,automated_baseline,0.96
label_002592,TRANSACTION,txn_002592,LEGITIMATE,2025-08-03T21:31:09,fraud_analyst_review,0.92
label_002593,TRANSACTION,txn_002593,LEGITIMATE,2025-08-04T13:33:09,automated_baseline,0.98
label_002594,TRANSACTION,txn_002594,LEGITIMATE,2025-09-04T20:26:28,fraud_analyst_review,0.9
label_002595,TRANSACTION,txn_002595,LEGITIMATE,2025-07-25T17:01:19,automated_baseline,0.89
label_002596,TRANSACTION,txn_002596,LEGITIMATE,2025-06-30T16:15:31,automated_baseline,0.98
label_002597,TRANSACTION,txn_002597,LEGITIMATE,2025-01-04T19:29:00,automated_baseline,0.88
label_002598,TRANSACTION,txn_002598,LEGITIMATE,2025-05-26T12:21:52,fraud_analyst_review,0.88
label_002599,TRANSACTION,txn_002599,LEGITIMATE,2025-02-04T07:15:21,automated_baseline,0.92
label_002600,TRANSACTION,txn_002600,LEGITIMATE,2025-09-21T23:34:27,fraud_analyst_review,0.96
label_002601,TRANSACTION,txn_002601,LEGITIMATE,2025-03-11T17:46:57,automated_baseline,0.91
label_002602,TRANSACTION,txn_002602,LEGITIMATE,2025-08-17T16:13:01,automated_baseline,0.94
label_002603,TRANSACTION,txn_002603,LEGITIMATE,2025-08-11T18:23:01,fraud_analyst_review,0.96
label_002604,TRANSACTION,txn_002604,LEGITIMATE,2025-11-05T22:31:39,fraud_analyst_review,0.91
label_002605,TRANSACTION,txn_002605,LEGITIMATE,2025-04-08T08:03:37,automated_baseline,0.99
label_002606,TRANSACTION,txn_002606,LEGITIMATE,2025-05-12T22:38:46,automated_baseline,0.92
label_002607,TRANSACTION,txn_002607,LEGITIMATE,2025-04-05T03:52:43,automated_baseline,0.86
label_002608,TRANSACTION,txn_002608,LEGITIMATE,2025-11-27T01:06:26,fraud_analyst_review,0.85
label_002609,TRANSACTION,txn_002609,LEGITIMATE,2025-09-05T19:08:03,fraud_analyst_review,0.86
label_002610,TRANSACTION,txn_002610,LEGITIMATE,2025-06-19T04:34:03,automated_baseline,0.98
label_002611,TRANSACTION,txn_002611,LEGITIMATE,2025-09-04T13:26:07,automated_baseline,0.93
label_002612,TRANSACTION,txn_002612,LEGITIMATE,2025-07-14T03:05:00,fraud_analyst_review,0.87
label_002613,TRANSACTION,txn_002613,LEGITIMATE,2025-03-01T13:41:34,fraud_analyst_review,0.96
label_002614,TRANSACTION,txn_002614,LEGITIMATE,2025-10-01T10:52:46,automated_baseline,0.9
label_002615,TRANSACTION,txn_002615,LEGITIMATE,2025-09-08T06:38:02,automated_baseline,0.9
label_002616,TRANSACTION,txn_002616,LEGITIMATE,2025-08-25T01:31:29,fraud_analyst_review,0.97
label_002617,TRANSACTION,txn_002617,LEGITIMATE,2025-07-15T09:42:18,fraud_analyst_review,0.96
label_002618,TRANSACTION,txn_002618,LEGITIMATE,2025-08-16T11:02:33,fraud_analyst_review,0.87
label_002619,TRANSACTION,txn_002619,LEGITIMATE,2025-09-14T22:28:07,automated_baseline,0.97
label_002620,TRANSACTION,txn_002620,LEGITIMATE,2025-11-27T22:16:40,automated_baseline,0.89
label_002621,TRANSACTION,txn_002621,LEGITIMATE,2025-12-09T15:55:42,automated_baseline,0.96
label_002622,TRANSACTION,txn_002622,LEGITIMATE,2025-05-22T13:04:00,fraud_analyst_review,0.88
label_002623,TRANSACTION,txn_002623,LEGITIMATE,2025-05-18T20:41:09,fraud_analyst_review,0.94
label_002624,TRANSACTION,txn_002624,LEGITIMATE,2025-11-29T14:01:00,automated_baseline,0.87
label_002625,TRANSACTION,txn_002625,LEGITIMATE,2025-03-09T11:42:07,fraud_analyst_review,0.87
label_002626,TRANSACTION,txn_002626,LEGITIMATE,2025-05-26T12:04:29,automated_baseline,0.92
label_002627,TRANSACTION,txn_002627,LEGITIMATE,2025-03-27T14:15:49,automated_baseline,0.86
label_002628,TRANSACTION,txn_002628,LEGITIMATE,2025-01-11T00:17:40,automated_baseline,0.95
label_002629,TRANSACTION,txn_002629,LEGITIMATE,2025-11-14T16:57:00,fraud_analyst_review,0.95
label_002630,TRANSACTION,txn_002630,LEGITIMATE,2025-04-05T02:58:27,fraud_analyst_review,0.93
label_002631,TRANSACTION,txn_002631,LEGITIMATE,2025-01-31T02:38:00,automated_baseline,0.87
label_002632,TRANSACTION,txn_002632,LEGITIMATE,2025-06-11T08:20:55,fraud_analyst_review,0.96
label_002633,TRANSACTION,txn_002633,LEGITIMATE,2025-12-26T11:48:55,fraud_analyst_review,0.87
label_002634,TRANSACTION,txn_002634,LEGITIMATE,2025-12-28T23:07:55,fraud_analyst_review,0.92
label_002635,TRANSACTION,txn_002635,LEGITIMATE,2025-04-22T01:59:42,automated_baseline,0.88
label_002636,TRANSACTION,txn_002636,LEGITIMATE,2025-05-24T01:17:13,fraud_analyst_review,0.91
label_002637,TRANSACTION,txn_002637,LEGITIMATE,2025-07-15T17:11:26,fraud_analyst_review,0.94
label_002638,TRANSACTION,txn_002638,LEGITIMATE,2025-01-07T05:10:37,automated_baseline,0.93
label_002639,TRANSACTION,txn_002639,LEGITIMATE,2025-11-14T10:47:43,automated_baseline,0.97
label_002640,TRANSACTION,txn_002640,LEGITIMATE,2025-06-19T18:42:11,automated_baseline,0.98
label_002641,TRANSACTION,txn_002641,LEGITIMATE,2025-07-14T08:48:50,fraud_analyst_review,0.98
label_002642,TRANSACTION,txn_002642,LEGITIMATE,2025-01-24T16:11:31,fraud_analyst_review,0.9
label_002643,TRANSACTION,txn_002643,LEGITIMATE,2025-05-09T13:13:47,fraud_analyst_review,0.96
label_002644,TRANSACTION,txn_002644,LEGITIMATE,2025-11-15T12:16:58,fraud_analyst_review,0.86
label_002645,TRANSACTION,txn_002645,LEGITIMATE,2025-06-27T21:34:41,automated_baseline,0.94
label_002646,TRANSACTION,txn_002646,LEGITIMATE,2025-11-02T12:17:01,automated_baseline,0.87
label_002647,TRANSACTION,txn_002647,LEGITIMATE,2025-01-01T08:46:18,automated_baseline,0.89
label_002648,TRANSACTION,txn_002648,LEGITIMATE,2025-12-02T02:51:53,fraud_analyst_review,0.9
label_002649,TRANSACTION,txn_002649,LEGITIMATE,2025-02-20T20:37:35,fraud_analyst_review,0.87
label_002650,TRANSACTION,txn_002650,LEGITIMATE,2025-01-27T18:57:25,automated_baseline,0.94
label_002651,TRANSACTION,txn_002651,LEGITIMATE,2025-04-22T11:08:10,automated_baseline,0.86
label_002652,TRANSACTION,txn_002652,LEGITIMATE,2025-04-08T00:42:51,automated_baseline,0.94
label_002653,TRANSACTION,txn_002653,LEGITIMATE,2025-01-19T18:30:45,fraud_analyst_review,0.92
label_002654,TRANSACTION,txn_002654,LEGITIMATE,2025-07-03T16:09:22,fraud_analyst_review,0.9
label_002655,TRANSACTION,txn_002655,LEGITIMATE,2025-08-27T05:22:17,automated_baseline,0.98
label_002656,TRANSACTION,txn_002656,LEGITIMATE,2025-11-16T11:14:01,automated_baseline,0.9
label_002657,TRANSACTION,txn_002657,LEGITIMATE,2025-05-11T16:01:48,automated_baseline,0.9
label_002658,TRANSACTION,txn_002658,LEGITIMATE,2025-04-29T18:19:13,fraud_analyst_review,0.93
label_002659,TRANSACTION,txn_002659,LEGITIMATE,2025-04-07T19:51:41,fraud_analyst_review,0.98
label_002660,TRANSACTION,txn_002660,LEGITIMATE,2025-08-29T20:01:21,automated_baseline,0.93
label_002661,TRANSACTION,txn_002661,LEGITIMATE,2025-05-30T05:30:24,fraud_analyst_review,0.89
label_002662,TRANSACTION,txn_002662,LEGITIMATE,2025-02-26T02:30:56,automated_baseline,0.89
label_002663,TRANSACTION,txn_002663,LEGITIMATE,2025-05-09T07:17:05,fraud_analyst_review,0.96
label_002664,TRANSACTION,txn_002664,LEGITIMATE,2025-09-21T18:07:29,automated_baseline,0.95
label_002665,TRANSACTION,txn_002665,LEGITIMATE,2025-06-29T05:19:14,fraud_analyst_review,0.95
label_002666,TRANSACTION,txn_002666,LEGITIMATE,2025-09-15T18:52:40,automated_baseline,0.9
label_002667,TRANSACTION,txn_002667,LEGITIMATE,2025-05-15T03:57:52,automated_baseline,0.97
label_002668,TRANSACTION,txn_002668,LEGITIMATE,2025-12-24T11:50:36,automated_baseline,0.9
label_002669,TRANSACTION,txn_002669,LEGITIMATE,2025-02-01T10:36:59,automated_baseline,0.91
label_002670,TRANSACTION,txn_002670,LEGITIMATE,2025-08-09T20:35:41,automated_baseline,0.88
label_002671,TRANSACTION,txn_002671,LEGITIMATE,2025-12-28T14:51:23,fraud_analyst_review,0.98
label_002672,TRANSACTION,txn_002672,LEGITIMATE,2025-07-08T19:42:55,fraud_analyst_review,0.95
label_002673,TRANSACTION,txn_002673,LEGITIMATE,2025-07-12T02:58:16,automated_baseline,0.96
label_002674,TRANSACTION,txn_002674,LEGITIMATE,2025-01-02T16:33:22,fraud_analyst_review,0.9
label_002675,TRANSACTION,txn_002675,LEGITIMATE,2025-04-05T16:23:25,fraud_analyst_review,0.88
label_002676,TRANSACTION,txn_002676,LEGITIMATE,2025-06-10T12:19:51,fraud_analyst_review,0.91
label_002677,TRANSACTION,txn_002677,LEGITIMATE,2025-11-07T20:36:13,automated_baseline,0.88
label_002678,TRANSACTION,txn_002678,LEGITIMATE,2025-12-02T21:29:14,automated_baseline,0.96
label_002679,TRANSACTION,txn_002679,LEGITIMATE,2025-01-06T01:22:34,fraud_analyst_review,0.92
label_002680,TRANSACTION,txn_002680,LEGITIMATE,2025-12-23T17:03:25,automated_baseline,0.92
label_002681,TRANSACTION,txn_002681,LEGITIMATE,2025-06-14T16:20:21,fraud_analyst_review,0.92
label_002682,TRANSACTION,txn_002682,LEGITIMATE,2025-07-20T04:27:38,fraud_analyst_review,0.99
label_002683,TRANSACTION,txn_002683,LEGITIMATE,2025-07-21T09:49:38,automated_baseline,0.94
label_002684,TRANSACTION,txn_002684,LEGITIMATE,2025-02-19T00:43:03,automated_baseline,0.93
label_002685,TRANSACTION,txn_002685,LEGITIMATE,2025-06-26T15:39:30,fraud_analyst_review,0.87
label_002686,TRANSACTION,txn_002686,LEGITIMATE,2025-05-19T02:57:23,automated_baseline,0.98
label_002687,TRANSACTION,txn_002687,LEGITIMATE,2025-07-01T07:48:17,automated_baseline,0.91
label_002688,TRANSACTION,txn_002688,LEGITIMATE,2025-02-22T01:02:48,fraud_analyst_review,0.94
label_002689,TRANSACTION,txn_002689,LEGITIMATE,2025-11-29T09:40:00,fraud_analyst_review,0.91
label_002690,TRANSACTION,txn_002690,LEGITIMATE,2025-07-28T04:29:05,automated_baseline,0.95
label_002691,TRANSACTION,txn_002691,LEGITIMATE,2025-03-22T22:09:33,automated_baseline,0.9
label_002692,TRANSACTION,txn_002692,LEGITIMATE,2025-03-23T12:34:33,automated_baseline,0.94
label_002693,TRANSACTION,txn_002693,LEGITIMATE,2025-10-29T00:36:05,automated_baseline,0.99
label_002694,TRANSACTION,txn_002694,LEGITIMATE,2025-08-02T20:41:58,automated_baseline,0.91
label_002695,TRANSACTION,txn_002695,LEGITIMATE,2025-07-15T12:13:32,automated_baseline,0.9
label_002696,TRANSACTION,txn_002696,LEGITIMATE,2025-08-17T18:24:31,automated_baseline,0.93
label_002697,TRANSACTION,txn_002697,LEGITIMATE,2025-06-15T08:23:39,automated_baseline,0.96
label_002698,TRANSACTION,txn_002698,LEGITIMATE,2025-11-27T02:18:07,automated_baseline,0.91
label_002699,TRANSACTION,txn_002699,LEGITIMATE,2025-12-14T10:46:51,fraud_analyst_review,0.87
label_002700,TRANSACTION,txn_002700,LEGITIMATE,2025-12-30T21:08:24,automated_baseline,0.92
label_002701,TRANSACTION,txn_002701,LEGITIMATE,2025-10-10T22:16:39,automated_baseline,0.93
label_002702,TRANSACTION,txn_002702,LEGITIMATE,2025-08-12T10:03:43,automated_baseline,0.9
label_002703,TRANSACTION,txn_002703,LEGITIMATE,2025-09-02T19:43:13,fraud_analyst_review,0.97
label_002704,TRANSACTION,txn_002704,LEGITIMATE,2025-09-04T09:03:13,automated_baseline,0.97
label_002705,TRANSACTION,txn_002705,LEGITIMATE,2025-10-11T01:07:24,fraud_analyst_review,0.95
label_002706,TRANSACTION,txn_002706,LEGITIMATE,2025-11-23T19:55:09,automated_baseline,0.96
label_002707,TRANSACTION,txn_002707,LEGITIMATE,2025-03-26T15:05:19,automated_baseline,0.92
label_002708,TRANSACTION,txn_002708,LEGITIMATE,2025-09-04T02:20:37,fraud_analyst_review,0.96
label_002709,TRANSACTION,txn_002709,LEGITIMATE,2025-12-29T12:26:49,automated_baseline,0.86
label_002710,TRANSACTION,txn_002710,LEGITIMATE,2025-06-07T17:33:00,automated_baseline,0.96
label_002711,TRANSACTION,txn_002711,LEGITIMATE,2025-11-09T04:36:42,automated_baseline,0.95
label_002712,TRANSACTION,txn_002712,LEGITIMATE,2025-11-11T11:15:42,fraud_analyst_review,0.87
label_002713,TRANSACTION,txn_002713,LEGITIMATE,2025-09-15T06:55:28,automated_baseline,0.88
label_002714,TRANSACTION,txn_002714,LEGITIMATE,2025-02-06T19:28:04,fraud_analyst_review,0.91
label_002715,TRANSACTION,txn_002715,LEGITIMATE,2025-02-24T04:18:46,automated_baseline,0.96
label_002716,TRANSACTION,txn_002716,LEGITIMATE,2025-10-13T19:01:38,automated_baseline,0.89
label_002717,TRANSACTION,txn_002717,LEGITIMATE,2025-09-14T18:26:28,automated_baseline,0.92
label_002718,TRANSACTION,txn_002718,LEGITIMATE,2025-09-30T21:42:11,automated_baseline,0.97
label_002719,TRANSACTION,txn_002719,LEGITIMATE,2025-04-19T08:14:11,fraud_analyst_review,0.97
label_002720,TRANSACTION,txn_002720,LEGITIMATE,2025-01-06T22:25:45,fraud_analyst_review,0.86
label_002721,TRANSACTION,txn_002721,LEGITIMATE,2025-12-25T03:03:08,fraud_analyst_review,0.91
label_002722,TRANSACTION,txn_002722,LEGITIMATE,2025-05-14T20:51:09,automated_baseline,0.91
label_002723,TRANSACTION,txn_002723,LEGITIMATE,2025-10-09T03:39:27,automated_baseline,0.87
label_002724,TRANSACTION,txn_002724,LEGITIMATE,2025-09-30T02:33:21,fraud_analyst_review,0.9
label_002725,TRANSACTION,txn_002725,LEGITIMATE,2025-12-11T19:10:14,automated_baseline,0.9
label_002726,TRANSACTION,txn_002726,LEGITIMATE,2025-07-04T10:31:42,fraud_analyst_review,0.93
label_002727,TRANSACTION,txn_002727,LEGITIMATE,2025-11-18T16:41:12,automated_baseline,0.87
label_002728,TRANSACTION,txn_002728,LEGITIMATE,2025-11-27T07:58:10,automated_baseline,0.89
label_002729,TRANSACTION,txn_002729,LEGITIMATE,2025-08-12T23:46:09,fraud_analyst_review,0.91
label_002730,TRANSACTION,txn_002730,LEGITIMATE,2025-03-20T14:57:27,automated_baseline,0.92
label_002731,TRANSACTION,txn_002731,LEGITIMATE,2025-03-21T17:46:27,automated_baseline,0.92
label_002732,TRANSACTION,txn_002732,LEGITIMATE,2025-09-03T07:58:46,automated_baseline,0.95
label_002733,TRANSACTION,txn_002733,LEGITIMATE,2025-03-11T12:19:23,automated_baseline,0.92
label_002734,TRANSACTION,txn_002734,LEGITIMATE,2025-01-30T13:03:44,fraud_analyst_review,0.86
label_002735,TRANSACTION,txn_002735,LEGITIMATE,2025-12-03T11:51:54,fraud_analyst_review,0.88
label_002736,TRANSACTION,txn_002736,LEGITIMATE,2025-04-18T19:05:47,automated_baseline,0.97
label_002737,TRANSACTION,txn_002737,LEGITIMATE,2025-12-20T22:00:06,automated_baseline,0.9
label_002738,TRANSACTION,txn_002738,LEGITIMATE,2025-09-24T19:49:39,automated_baseline,0.94
label_002739,TRANSACTION,txn_002739,LEGITIMATE,2025-09-27T16:27:39,fraud_analyst_review,0.91
label_002740,TRANSACTION,txn_002740,LEGITIMATE,2025-12-28T05:15:59,fraud_analyst_review,0.91
label_002741,TRANSACTION,txn_002741,LEGITIMATE,2025-08-07T15:01:16,automated_baseline,0.96
label_002742,TRANSACTION,txn_002742,LEGITIMATE,2025-07-17T17:30:37,automated_baseline,0.87
label_002743,TRANSACTION,txn_002743,LEGITIMATE,2025-11-27T12:32:41,fraud_analyst_review,0.95
label_002744,TRANSACTION,txn_002744,LEGITIMATE,2025-11-14T20:43:31,fraud_analyst_review,0.96
label_002745,TRANSACTION,txn_002745,LEGITIMATE,2025-04-25T20:27:36,fraud_analyst_review,0.87
label_002746,TRANSACTION,txn_002746,LEGITIMATE,2025-01-11T06:20:17,fraud_analyst_review,0.94
label_002747,TRANSACTION,txn_002747,LEGITIMATE,2025-01-23T06:27:10,automated_baseline,0.9
label_002748,TRANSACTION,txn_002748,LEGITIMATE,2025-01-24T22:51:10,fraud_analyst_review,0.92
label_002749,TRANSACTION,txn_002749,LEGITIMATE,2025-04-09T07:37:12,automated_baseline,0.92
label_002750,TRANSACTION,txn_002750,LEGITIMATE,2025-05-19T12:22:17,fraud_analyst_review,0.9
label_002751,TRANSACTION,txn_002751,LEGITIMATE,2025-05-27T23:25:34,fraud_analyst_review,0.95
label_002752,TRANSACTION,txn_002752,LEGITIMATE,2025-08-05T20:46:09,automated_baseline,0.96
label_002753,TRANSACTION,txn_002753,LEGITIMATE,2025-04-07T00:07:40,fraud_analyst_review,0.92
label_002754,TRANSACTION,txn_002754,LEGITIMATE,2025-08-06T01:56:28,fraud_analyst_review,0.92
label_002755,TRANSACTION,txn_002755,LEGITIMATE,2025-04-07T13:26:38,automated_baseline,0.96
label_002756,TRANSACTION,txn_002756,LEGITIMATE,2025-10-15T15:05:02,fraud_analyst_review,0.88
label_002757,TRANSACTION,txn_002757,LEGITIMATE,2025-02-02T16:23:59,fraud_analyst_review,0.99
label_002758,TRANSACTION,txn_002758,LEGITIMATE,2025-01-15T09:12:52,fraud_analyst_review,0.92
label_002759,TRANSACTION,txn_002759,LEGITIMATE,2025-07-06T03:14:53,automated_baseline,0.96
label_002760,TRANSACTION,txn_002760,LEGITIMATE,2025-12-18T01:21:58,fraud_analyst_review,0.96
label_002761,TRANSACTION,txn_002761,LEGITIMATE,2025-01-13T08:54:14,fraud_analyst_review,0.94
label_002762,TRANSACTION,txn_002762,LEGITIMATE,2025-06-29T15:57:14,automated_baseline,0.89
label_002763,TRANSACTION,txn_002763,LEGITIMATE,2025-12-29T08:45:21,automated_baseline,0.97
label_002764,TRANSACTION,txn_002764,LEGITIMATE,2025-09-03T06:10:10,fraud_analyst_review,0.93
label_002765,TRANSACTION,txn_002765,LEGITIMATE,2025-02-08T20:07:38,automated_baseline,0.92
label_002766,TRANSACTION,txn_002766,LEGITIMATE,2025-02-19T03:33:52,fraud_analyst_review,0.97
label_002767,TRANSACTION,txn_002767,LEGITIMATE,2025-10-19T04:54:50,automated_baseline,0.87
label_002768,TRANSACTION,txn_002768,LEGITIMATE,2025-10-29T04:33:01,automated_baseline,0.95
label_002769,TRANSACTION,txn_002769,LEGITIMATE,2025-10-16T10:42:46,automated_baseline,0.96
label_002770,TRANSACTION,txn_002770,LEGITIMATE,2025-09-03T02:46:43,fraud_analyst_review,0.97
label_002771,TRANSACTION,txn_002771,LEGITIMATE,2025-11-23T01:05:40,fraud_analyst_review,0.94
label_002772,TRANSACTION,txn_002772,LEGITIMATE,2025-05-06T19:10:06,fraud_analyst_review,0.98
label_002773,TRANSACTION,txn_002773,LEGITIMATE,2025-05-27T10:56:13,fraud_analyst_review,0.92
label_002774,TRANSACTION,txn_002774,LEGITIMATE,2025-08-12T14:10:36,automated_baseline,0.91
label_002775,TRANSACTION,txn_002775,LEGITIMATE,2025-08-10T04:53:37,fraud_analyst_review,0.91
label_002776,TRANSACTION,txn_002776,LEGITIMATE,2025-05-06T04:09:04,automated_baseline,0.89
label_002777,TRANSACTION,txn_002777,LEGITIMATE,2025-05-11T07:50:45,automated_baseline,0.99
label_002778,TRANSACTION,txn_002778,LEGITIMATE,2025-09-27T09:52:47,automated_baseline,0.91
label_002779,TRANSACTION,txn_002779,LEGITIMATE,2025-02-06T09:19:03,fraud_analyst_review,0.91
label_002780,TRANSACTION,txn_002780,LEGITIMATE,2025-04-02T01:20:36,automated_baseline,0.95
label_002781,TRANSACTION,txn_002781,LEGITIMATE,2025-07-14T09:53:06,automated_baseline,0.99
label_002782,TRANSACTION,txn_002782,LEGITIMATE,2025-03-28T21:17:53,fraud_analyst_review,0.89
label_002783,TRANSACTION,txn_002783,LEGITIMATE,2025-02-16T06:50:20,fraud_analyst_review,0.86
label_002784,TRANSACTION,txn_002784,LEGITIMATE,2025-10-28T00:35:52,automated_baseline,0.98
label_002785,TRANSACTION,txn_002785,LEGITIMATE,2025-05-02T20:47:03,fraud_analyst_review,0.86
label_002786,TRANSACTION,txn_002786,LEGITIMATE,2025-07-04T08:10:50,fraud_analyst_review,0.96
label_002787,TRANSACTION,txn_002787,LEGITIMATE,2025-08-31T12:31:41,fraud_analyst_review,0.96
label_002788,TRANSACTION,txn_002788,LEGITIMATE,2025-10-27T02:34:08,fraud_analyst_review,0.98
label_002789,TRANSACTION,txn_002789,LEGITIMATE,2025-04-15T18:37:12,fraud_analyst_review,0.86
label_002790,TRANSACTION,txn_002790,LEGITIMATE,2025-09-16T16:40:53,automated_baseline,0.92
label_002791,TRANSACTION,txn_002791,LEGITIMATE,2025-11-27T19:36:28,automated_baseline,0.93
label_002792,TRANSACTION,txn_002792,LEGITIMATE,2025-01-13T22:47:14,fraud_analyst_review,0.9
label_002793,TRANSACTION,txn_002793,LEGITIMATE,2025-11-11T17:19:26,automated_baseline,0.99
label_002794,TRANSACTION,txn_002794,LEGITIMATE,2025-12-17T12:40:57,fraud_analyst_review,0.98
label_002795,TRANSACTION,txn_002795,LEGITIMATE,2025-10-02T01:34:36,fraud_analyst_review,0.96
label_002796,TRANSACTION,txn_002796,LEGITIMATE,2025-08-16T03:52:06,automated_baseline,0.85
label_002797,TRANSACTION,txn_002797,LEGITIMATE,2025-07-12T10:54:02,automated_baseline,0.88
label_002798,TRANSACTION,txn_002798,LEGITIMATE,2025-08-10T07:35:38,fraud_analyst_review,0.86
label_002799,TRANSACTION,txn_002799,LEGITIMATE,2025-12-04T22:47:50,fraud_analyst_review,0.9
label_002800,TRANSACTION,txn_002800,LEGITIMATE,2025-05-22T10:30:13,automated_baseline,0.95
label_002801,TRANSACTION,txn_002801,LEGITIMATE,2025-03-27T03:51:14,fraud_analyst_review,0.92
label_002802,TRANSACTION,txn_002802,LEGITIMATE,2025-06-18T08:06:24,fraud_analyst_review,0.96
label_002803,TRANSACTION,txn_002803,LEGITIMATE,2025-07-29T07:12:20,automated_baseline,0.92
label_002804,TRANSACTION,txn_002804,LEGITIMATE,2025-11-15T23:07:16,automated_baseline,0.94
label_002805,TRANSACTION,txn_002805,LEGITIMATE,2025-11-16T15:06:16,automated_baseline,0.95
label_002806,TRANSACTION,txn_002806,LEGITIMATE,2025-09-17T01:00:14,automated_baseline,0.94
label_002807,TRANSACTION,txn_002807,LEGITIMATE,2025-09-20T04:23:14,fraud_analyst_review,0.97
label_002808,TRANSACTION,txn_002808,LEGITIMATE,2025-12-12T01:51:12,automated_baseline,0.96
label_002809,TRANSACTION,txn_002809,LEGITIMATE,2025-01-01T15:31:26,automated_baseline,0.91
label_002810,TRANSACTION,txn_002810,LEGITIMATE,2025-10-25T09:51:50,automated_baseline,0.87
label_002811,TRANSACTION,txn_002811,LEGITIMATE,2025-05-20T21:12:14,fraud_analyst_review,0.89
label_002812,TRANSACTION,txn_002812,LEGITIMATE,2025-07-29T02:23:24,fraud_analyst_review,0.91
label_002813,TRANSACTION,txn_002813,LEGITIMATE,2025-07-26T04:38:24,fraud_analyst_review,0.95
label_002814,TRANSACTION,txn_002814,LEGITIMATE,2025-03-10T13:08:49,automated_baseline,0.9
label_002815,TRANSACTION,txn_002815,LEGITIMATE,2025-12-08T23:56:55,automated_baseline,0.92
label_002816,TRANSACTION,txn_002816,LEGITIMATE,2025-06-08T05:20:58,fraud_analyst_review,0.91
label_002817,TRANSACTION,txn_002817,LEGITIMATE,2025-10-23T19:52:30,automated_baseline,0.97
label_002818,TRANSACTION,txn_002818,LEGITIMATE,2025-10-01T13:33:29,fraud_analyst_review,0.98
label_002819,TRANSACTION,txn_002819,LEGITIMATE,2025-08-10T18:51:52,fraud_analyst_review,0.97
label_002820,TRANSACTION,txn_002820,LEGITIMATE,2025-08-04T03:17:14,automated_baseline,0.93
label_002821,TRANSACTION,txn_002821,LEGITIMATE,2025-07-15T23:42:13,fraud_analyst_review,0.86
label_002822,TRANSACTION,txn_002822,LEGITIMATE,2025-08-08T12:11:47,automated_baseline,0.94
label_002823,TRANSACTION,txn_002823,LEGITIMATE,2025-08-18T20:45:47,fraud_analyst_review,0.98
label_002824,TRANSACTION,txn_002824,LEGITIMATE,2025-12-10T03:21:03,fraud_analyst_review,0.91
label_002825,TRANSACTION,txn_002825,LEGITIMATE,2025-11-28T11:29:04,fraud_analyst_review,0.88
label_002826,TRANSACTION,txn_002826,LEGITIMATE,2025-05-25T22:27:11,automated_baseline,0.9
label_002827,TRANSACTION,txn_002827,LEGITIMATE,2025-01-19T16:45:51,automated_baseline,0.92
label_002828,TRANSACTION,txn_002828,LEGITIMATE,2025-09-14T11:54:09,fraud_analyst_review,0.97
label_002829,TRANSACTION,txn_002829,LEGITIMATE,2025-04-23T13:57:13,automated_baseline,0.88
label_002830,TRANSACTION,txn_002830,LEGITIMATE,2025-10-05T18:17:53,fraud_analyst_review,0.88
label_002831,TRANSACTION,txn_002831,LEGITIMATE,2025-09-14T19:21:12,fraud_analyst_review,0.97
label_002832,TRANSACTION,txn_002832,LEGITIMATE,2025-04-12T03:06:50,automated_baseline,0.87
label_002833,TRANSACTION,txn_002833,LEGITIMATE,2025-04-10T07:43:06,fraud_analyst_review,0.97
label_002834,TRANSACTION,txn_002834,LEGITIMATE,2025-06-01T12:42:02,automated_baseline,0.97
label_002835,TRANSACTION,txn_002835,LEGITIMATE,2025-10-25T05:07:39,automated_baseline,0.93
label_002836,TRANSACTION,txn_002836,LEGITIMATE,2025-05-04T03:14:55,automated_baseline,0.9
label_002837,TRANSACTION,txn_002837,LEGITIMATE,2025-12-30T06:24:08,fraud_analyst_review,0.95
label_002838,TRANSACTION,txn_002838,LEGITIMATE,2025-04-07T01:09:59,fraud_analyst_review,0.92
label_002839,TRANSACTION,txn_002839,LEGITIMATE,2025-04-08T00:17:02,fraud_analyst_review,0.92
label_002840,TRANSACTION,txn_002840,LEGITIMATE,2025-01-25T13:22:40,fraud_analyst_review,0.94
label_002841,TRANSACTION,txn_002841,LEGITIMATE,2025-03-27T12:18:58,fraud_analyst_review,0.94
label_002842,TRANSACTION,txn_002842,LEGITIMATE,2025-08-05T09:49:53,fraud_analyst_review,0.98
label_002843,TRANSACTION,txn_002843,LEGITIMATE,2025-06-02T11:11:32,fraud_analyst_review,0.92
label_002844,TRANSACTION,txn_002844,LEGITIMATE,2025-06-10T03:48:30,automated_baseline,0.86
label_002845,TRANSACTION,txn_002845,LEGITIMATE,2025-06-11T19:28:30,automated_baseline,0.98
label_002846,TRANSACTION,txn_002846,LEGITIMATE,2025-10-19T08:18:12,automated_baseline,0.93
label_002847,TRANSACTION,txn_002847,LEGITIMATE,2025-04-09T13:16:03,fraud_analyst_review,0.9
label_002848,TRANSACTION,txn_002848,LEGITIMATE,2025-12-30T13:35:46,fraud_analyst_review,0.99
label_002849,TRANSACTION,txn_002849,LEGITIMATE,2025-07-15T00:08:58,fraud_analyst_review,0.88
label_002850,TRANSACTION,txn_002850,LEGITIMATE,2025-08-22T04:05:31,automated_baseline,0.96
label_002851,TRANSACTION,txn_002851,LEGITIMATE,2025-09-03T17:04:31,fraud_analyst_review,0.87
label_002852,TRANSACTION,txn_002852,LEGITIMATE,2025-06-25T03:20:47,automated_baseline,0.93
label_002853,TRANSACTION,txn_002853,LEGITIMATE,2025-06-19T07:02:46,fraud_analyst_review,0.96
label_002854,TRANSACTION,txn_002854,LEGITIMATE,2025-02-18T23:23:38,fraud_analyst_review,0.86
label_002855,TRANSACTION,txn_002855,LEGITIMATE,2025-07-05T10:32:29,automated_baseline,0.88
label_002856,TRANSACTION,txn_002856,LEGITIMATE,2025-11-02T02:08:23,fraud_analyst_review,0.9
label_002857,TRANSACTION,txn_002857,LEGITIMATE,2025-01-16T17:25:53,fraud_analyst_review,0.89
label_002858,TRANSACTION,txn_002858,LEGITIMATE,2025-05-22T12:11:46,fraud_analyst_review,0.89
label_002859,TRANSACTION,txn_002859,LEGITIMATE,2025-03-01T07:47:05,fraud_analyst_review,0.88
label_002860,TRANSACTION,txn_002860,LEGITIMATE,2025-12-29T06:16:00,automated_baseline,0.92
label_002861,TRANSACTION,txn_002861,LEGITIMATE,2025-07-10T09:01:22,automated_baseline,0.96
label_002862,TRANSACTION,txn_002862,LEGITIMATE,2025-01-19T10:55:10,automated_baseline,0.97
label_002863,TRANSACTION,txn_002863,LEGITIMATE,2025-07-14T15:11:54,fraud_analyst_review,0.89
label_002864,TRANSACTION,txn_002864,LEGITIMATE,2025-06-06T05:45:08,automated_baseline,0.85
label_002865,TRANSACTION,txn_002865,LEGITIMATE,2025-05-19T03:48:36,automated_baseline,0.9
label_002866,TRANSACTION,txn_002866,LEGITIMATE,2025-01-27T07:50:44,automated_baseline,0.89
label_002867,TRANSACTION,txn_002867,LEGITIMATE,2025-09-18T16:59:45,automated_baseline,0.9
label_002868,TRANSACTION,txn_002868,LEGITIMATE,2025-04-01T05:53:19,automated_baseline,0.96
label_002869,TRANSACTION,txn_002869,LEGITIMATE,2025-10-30T17:41:57,fraud_analyst_review,0.97
label_002870,TRANSACTION,txn_002870,LEGITIMATE,2025-10-27T10:02:29,automated_baseline,0.88
label_002871,TRANSACTION,txn_002871,LEGITIMATE,2025-08-09T00:18:38,automated_baseline,0.99
label_002872,TRANSACTION,txn_002872,LEGITIMATE,2025-03-19T07:13:40,fraud_analyst_review,0.92
label_002873,TRANSACTION,txn_002873,LEGITIMATE,2025-10-21T10:49:09,fraud_analyst_review,0.98
label_002874,TRANSACTION,txn_002874,LEGITIMATE,2025-09-25T09:51:46,automated_baseline,0.85
label_002875,TRANSACTION,txn_002875,LEGITIMATE,2025-03-24T01:49:30,automated_baseline,0.86
label_002876,TRANSACTION,txn_002876,LEGITIMATE,2025-03-25T14:25:30,automated_baseline,0.9
label_002877,TRANSACTION,txn_002877,LEGITIMATE,2025-06-07T18:17:16,automated_baseline,0.86
label_002878,TRANSACTION,txn_002878,LEGITIMATE,2025-01-07T11:15:04,automated_baseline,0.97
label_002879,TRANSACTION,txn_002879,LEGITIMATE,2025-02-23T13:25:35,automated_baseline,0.98
label_002880,TRANSACTION,txn_002880,LEGITIMATE,2025-10-15T02:07:47,automated_baseline,0.91
label_002881,TRANSACTION,txn_002881,LEGITIMATE,2025-12-22T21:05:34,fraud_analyst_review,0.86
label_002882,TRANSACTION,txn_002882,LEGITIMATE,2025-09-02T23:35:24,automated_baseline,0.96
label_002883,TRANSACTION,txn_002883,LEGITIMATE,2025-01-08T02:19:59,fraud_analyst_review,0.94
label_002884,TRANSACTION,txn_002884,LEGITIMATE,2025-02-12T13:28:58,automated_baseline,0.86
label_002885,TRANSACTION,txn_002885,LEGITIMATE,2025-07-27T03:34:17,automated_baseline,0.95
label_002886,TRANSACTION,txn_002886,LEGITIMATE,2025-05-07T10:31:10,automated_baseline,0.87
label_002887,TRANSACTION,txn_002887,LEGITIMATE,2025-08-19T13:06:27,fraud_analyst_review,0.98
label_002888,TRANSACTION,txn_002888,LEGITIMATE,2025-08-04T17:25:05,automated_baseline,0.92
label_002889,TRANSACTION,txn_002889,LEGITIMATE,2025-02-06T13:08:17,fraud_analyst_review,0.86
label_002890,TRANSACTION,txn_002890,LEGITIMATE,2025-03-14T00:43:07,automated_baseline,0.93
label_002891,TRANSACTION,txn_002891,LEGITIMATE,2025-11-07T00:19:16,automated_baseline,0.85
label_002892,TRANSACTION,txn_002892,LEGITIMATE,2025-12-28T13:42:15,fraud_analyst_review,0.85
label_002893,TRANSACTION,txn_002893,LEGITIMATE,2025-11-25T04:07:50,automated_baseline,0.88
label_002894,TRANSACTION,txn_002894,LEGITIMATE,2025-02-03T12:41:53,automated_baseline,0.92
label_002895,TRANSACTION,txn_002895,LEGITIMATE,2025-09-17T02:02:50,fraud_analyst_review,0.85
label_002896,TRANSACTION,txn_002896,LEGITIMATE,2025-12-18T09:12:59,fraud_analyst_review,0.85
label_002897,TRANSACTION,txn_002897,LEGITIMATE,2025-02-28T20:27:49,automated_baseline,0.91
label_002898,TRANSACTION,txn_002898,LEGITIMATE,2025-05-11T10:11:09,fraud_analyst_review,0.94
label_002899,TRANSACTION,txn_002899,LEGITIMATE,2025-08-24T19:18:15,fraud_analyst_review,0.87
label_002900,TRANSACTION,txn_002900,LEGITIMATE,2025-12-07T12:05:14,automated_baseline,0.96
label_002901,TRANSACTION,txn_002901,LEGITIMATE,2025-12-07T21:27:14,automated_baseline,0.92
label_002902,TRANSACTION,txn_002902,LEGITIMATE,2025-12-22T09:56:49,fraud_analyst_review,0.96
label_002903,TRANSACTION,txn_002903,LEGITIMATE,2025-06-06T10:48:23,automated_baseline,0.97
label_002904,TRANSACTION,txn_002904,LEGITIMATE,2025-01-28T23:15:27,fraud_analyst_review,0.93
label_002905,TRANSACTION,txn_002905,LEGITIMATE,2025-08-14T04:32:47,automated_baseline,0.95
label_002906,TRANSACTION,txn_002906,LEGITIMATE,2025-12-21T13:06:15,automated_baseline,0.94
label_002907,TRANSACTION,txn_002907,LEGITIMATE,2025-05-12T00:58:14,automated_baseline,0.86
label_002908,TRANSACTION,txn_002908,LEGITIMATE,2025-12-10T10:48:20,automated_baseline,0.97
label_002909,TRANSACTION,txn_002909,LEGITIMATE,2025-07-27T05:05:17,automated_baseline,0.87
label_002910,TRANSACTION,txn_002910,LEGITIMATE,2025-09-24T09:07:06,automated_baseline,0.85
label_002911,TRANSACTION,txn_002911,LEGITIMATE,2025-01-03T21:10:47,fraud_analyst_review,0.94
label_002912,TRANSACTION,txn_002912,LEGITIMATE,2025-07-02T08:43:07,automated_baseline,0.87
label_002913,TRANSACTION,txn_002913,LEGITIMATE,2025-04-26T06:13:04,fraud_analyst_review,0.96
label_002914,TRANSACTION,txn_002914,LEGITIMATE,2025-11-02T19:20:31,fraud_analyst_review,0.96
label_002915,TRANSACTION,txn_002915,LEGITIMATE,2025-06-05T06:59:59,fraud_analyst_review,0.99
label_002916,TRANSACTION,txn_002916,LEGITIMATE,2025-04-05T19:23:34,fraud_analyst_review,0.99
label_002917,TRANSACTION,txn_002917,LEGITIMATE,2025-02-06T22:38:09,automated_baseline,0.89
label_002918,TRANSACTION,txn_002918,LEGITIMATE,2025-06-13T07:38:17,automated_baseline,0.97
label_002919,TRANSACTION,txn_002919,LEGITIMATE,2025-03-06T15:37:03,fraud_analyst_review,0.87
label_002920,TRANSACTION,txn_002920,LEGITIMATE,2025-04-24T17:26:11,automated_baseline,0.92
label_002921,TRANSACTION,txn_002921,LEGITIMATE,2025-01-18T23:24:34,automated_baseline,0.93
label_002922,TRANSACTION,txn_002922,LEGITIMATE,2025-10-27T14:25:59,automated_baseline,0.9
label_002923,TRANSACTION,txn_002923,LEGITIMATE,2025-04-13T10:34:08,fraud_analyst_review,0.92
label_002924,TRANSACTION,txn_002924,LEGITIMATE,2025-03-07T11:47:40,fraud_analyst_review,0.91
label_002925,TRANSACTION,txn_002925,LEGITIMATE,2025-07-13T14:39:53,fraud_analyst_review,0.95
label_002926,TRANSACTION,txn_002926,LEGITIMATE,2025-07-24T16:24:56,automated_baseline,0.91
label_002927,TRANSACTION,txn_002927,LEGITIMATE,2025-12-03T07:03:14,fraud_analyst_review,0.99
label_002928,TRANSACTION,txn_002928,LEGITIMATE,2025-06-22T08:10:45,fraud_analyst_review,0.93
label_002929,TRANSACTION,txn_002929,LEGITIMATE,2025-10-15T13:16:45,automated_baseline,0.98
label_002930,TRANSACTION,txn_002930,LEGITIMATE,2025-03-22T03:47:19,automated_baseline,0.92
label_002931,TRANSACTION,txn_002931,LEGITIMATE,2025-12-31T03:16:02,fraud_analyst_review,0.85
label_002932,TRANSACTION,txn_002932,LEGITIMATE,2025-10-08T17:08:07,automated_baseline,0.91
label_002933,TRANSACTION,txn_002933,LEGITIMATE,2025-04-09T11:26:40,fraud_analyst_review,0.87
label_002934,TRANSACTION,txn_002934,LEGITIMATE,2025-09-08T05:40:22,fraud_analyst_review,0.91
label_002935,TRANSACTION,txn_002935,LEGITIMATE,2025-02-27T20:03:27,fraud_analyst_review,0.91
label_002936,TRANSACTION,txn_002936,LEGITIMATE,2025-08-14T10:45:30,automated_baseline,0.92
label_002937,TRANSACTION,txn_002937,LEGITIMATE,2025-10-16T11:42:40,fraud_analyst_review,0.93
label_002938,TRANSACTION,txn_002938,LEGITIMATE,2025-11-21T12:42:19,automated_baseline,0.99
label_002939,TRANSACTION,txn_002939,LEGITIMATE,2025-04-30T01:02:40,fraud_analyst_review,0.88
label_002940,TRANSACTION,txn_002940,LEGITIMATE,2025-10-27T17:32:19,fraud_analyst_review,0.96
label_002941,TRANSACTION,txn_002941,LEGITIMATE,2025-07-04T01:20:25,fraud_analyst_review,0.89
label_002942,TRANSACTION,txn_002942,LEGITIMATE,2025-07-05T22:32:25,fraud_analyst_review,0.85
label_002943,TRANSACTION,txn_002943,LEGITIMATE,2025-07-15T01:36:06,automated_baseline,0.91
label_002944,TRANSACTION,txn_002944,LEGITIMATE,2025-02-05T03:49:09,fraud_analyst_review,0.87
label_002945,TRANSACTION,txn_002945,LEGITIMATE,2025-07-15T03:13:50,automated_baseline,0.91
label_002946,TRANSACTION,txn_002946,LEGITIMATE,2025-04-04T19:39:03,automated_baseline,0.92
label_002947,TRANSACTION,txn_002947,LEGITIMATE,2025-09-29T15:03:06,automated_baseline,0.87
label_002948,TRANSACTION,txn_002948,LEGITIMATE,2025-03-11T21:45:20,automated_baseline,0.94
label_002949,TRANSACTION,txn_002949,LEGITIMATE,2025-02-22T20:27:02,automated_baseline,0.97
label_002950,TRANSACTION,txn_002950,LEGITIMATE,2025-11-08T00:17:47,fraud_analyst_review,0.91
label_002951,TRANSACTION,txn_002951,LEGITIMATE,2025-08-15T11:16:37,automated_baseline,0.88
label_002952,TRANSACTION,txn_002952,LEGITIMATE,2025-05-25T21:19:56,fraud_analyst_review,0.95
label_002953,TRANSACTION,txn_002953,LEGITIMATE,2025-03-30T15:30:10,automated_baseline,0.98
label_002954,TRANSACTION,txn_002954,LEGITIMATE,2025-07-06T11:36:50,automated_baseline,0.87
label_002955,TRANSACTION,txn_002955,LEGITIMATE,2025-02-24T15:23:12,automated_baseline,0.91
label_002956,TRANSACTION,txn_002956,LEGITIMATE,2025-04-28T03:36:46,automated_baseline,0.88
label_002957,TRANSACTION,txn_002957,LEGITIMATE,2025-03-28T18:11:20,fraud_analyst_review,0.87
label_002958,TRANSACTION,txn_002958,LEGITIMATE,2025-12-09T16:08:46,automated_baseline,0.96
label_002959,TRANSACTION,txn_002959,LEGITIMATE,2025-12-12T17:19:46,automated_baseline,0.92
label_002960,TRANSACTION,txn_002960,LEGITIMATE,2025-04-19T21:37:16,fraud_analyst_review,0.95
label_002961,TRANSACTION,txn_002961,LEGITIMATE,2025-05-05T17:56:23,fraud_analyst_review,0.91
label_002962,TRANSACTION,txn_002962,LEGITIMATE,2025-02-18T18:50:54,fraud_analyst_review,0.9
label_002963,TRANSACTION,txn_002963,LEGITIMATE,2025-04-10T07:40:41,automated_baseline,0.96
label_002964,TRANSACTION,txn_002964,LEGITIMATE,2025-08-14T12:49:29,fraud_analyst_review,0.88
label_002965,TRANSACTION,txn_002965,LEGITIMATE,2025-04-15T21:26:05,automated_baseline,0.96
label_002966,TRANSACTION,txn_002966,LEGITIMATE,2025-11-10T10:29:16,fraud_analyst_review,0.99
label_002967,TRANSACTION,txn_002967,LEGITIMATE,2025-01-09T20:40:25,automated_baseline,0.93
label_002968,TRANSACTION,txn_002968,LEGITIMATE,2025-05-14T23:42:15,automated_baseline,0.97
label_002969,TRANSACTION,txn_002969,LEGITIMATE,2025-01-22T14:23:39,fraud_analyst_review,0.91
label_002970,TRANSACTION,txn_002970,LEGITIMATE,2025-02-15T12:12:20,automated_baseline,0.85
label_002971,TRANSACTION,txn_002971,LEGITIMATE,2025-04-28T19:03:44,fraud_analyst_review,0.85
label_002972,TRANSACTION,txn_002972,LEGITIMATE,2025-05-01T03:47:26,automated_baseline,0.85
label_002973,TRANSACTION,txn_002973,LEGITIMATE,2025-07-25T06:00:33,automated_baseline,0.9
label_002974,TRANSACTION,txn_002974,LEGITIMATE,2025-07-28T04:52:33,fraud_analyst_review,0.91
label_002975,TRANSACTION,txn_002975,LEGITIMATE,2025-03-16T17:37:53,automated_baseline,0.99
label_002976,TRANSACTION,txn_002976,LEGITIMATE,2025-01-24T06:09:22,fraud_analyst_review,0.88
label_002977,TRANSACTION,txn_002977,LEGITIMATE,2025-04-10T17:51:47,fraud_analyst_review,0.97
label_002978,TRANSACTION,txn_002978,LEGITIMATE,2025-09-30T02:18:31,fraud_analyst_review,0.89
label_002979,TRANSACTION,txn_002979,LEGITIMATE,2025-06-06T11:17:18,automated_baseline,0.89
label_002980,TRANSACTION,txn_002980,LEGITIMATE,2025-12-03T16:43:58,fraud_analyst_review,0.96
label_002981,TRANSACTION,txn_002981,LEGITIMATE,2025-02-05T21:35:20,fraud_analyst_review,0.85
label_002982,TRANSACTION,txn_002982,LEGITIMATE,2025-02-07T13:37:20,fraud_analyst_review,0.98
label_002983,TRANSACTION,txn_002983,LEGITIMATE,2025-10-15T23:51:19,automated_baseline,0.92
label_002984,TRANSACTION,txn_002984,LEGITIMATE,2025-07-02T13:30:56,automated_baseline,0.9
label_002985,TRANSACTION,txn_002985,LEGITIMATE,2025-11-25T20:36:59,fraud_analyst_review,0.91
label_002986,TRANSACTION,txn_002986,LEGITIMATE,2025-03-15T17:06:47,automated_baseline,0.87
label_002987,TRANSACTION,txn_002987,LEGITIMATE,2025-10-20T02:10:44,fraud_analyst_review,0.95
label_002988,TRANSACTION,txn_002988,LEGITIMATE,2025-11-01T21:53:04,fraud_analyst_review,0.85
label_002989,TRANSACTION,txn_002989,LEGITIMATE,2025-09-28T19:06:16,automated_baseline,0.94
label_002990,TRANSACTION,txn_002990,LEGITIMATE,2025-05-24T19:07:04,fraud_analyst_review,0.9
label_002991,TRANSACTION,txn_002991,LEGITIMATE,2025-04-05T00:33:38,automated_baseline,0.99
label_002992,TRANSACTION,txn_002992,LEGITIMATE,2025-07-02T18:08:24,automated_baseline,0.92
label_002993,TRANSACTION,txn_002993,LEGITIMATE,2025-08-14T16:50:09,fraud_analyst_review,0.96
label_002994,TRANSACTION,txn_002994,LEGITIMATE,2025-07-30T02:52:18,automated_baseline,0.86
label_002995,TRANSACTION,txn_002995,LEGITIMATE,2025-07-05T17:26:15,fraud_analyst_review,0.92
label_002996,TRANSACTION,txn_002996,LEGITIMATE,2025-06-01T08:43:10,fraud_analyst_review,0.96
label_002997,TRANSACTION,txn_002997,LEGITIMATE,2025-08-24T13:26:42,automated_baseline,0.88
label_002998,TRANSACTION,txn_002998,LEGITIMATE,2025-03-25T19:04:07,automated_baseline,0.88
label_002999,TRANSACTION,txn_002999,LEGITIMATE,2025-12-01T04:16:06,automated_baseline,0.86
label_003000,TRANSACTION,txn_003000,LEGITIMATE,2025-11-27T23:04:44,fraud_analyst_review,0.91
label_003001,TRANSACTION,txn_003001,LEGITIMATE,2025-11-12T11:08:35,fraud_analyst_review,0.93
label_003002,TRANSACTION,txn_003002,LEGITIMATE,2025-03-01T22:07:23,fraud_analyst_review,0.97
label_003003,TRANSACTION,txn_003003,LEGITIMATE,2025-05-30T12:46:44,fraud_analyst_review,0.86
label_003004,TRANSACTION,txn_003004,LEGITIMATE,2025-06-26T07:12:30,fraud_analyst_review,0.9
label_003005,TRANSACTION,txn_003005,LEGITIMATE,2025-04-06T14:41:36,automated_baseline,0.95
label_003006,TRANSACTION,txn_003006,LEGITIMATE,2025-01-31T19:17:22,fraud_analyst_review,0.96
label_003007,TRANSACTION,txn_003007,LEGITIMATE,2025-05-28T09:35:44,fraud_analyst_review,0.89
label_003008,TRANSACTION,txn_003008,LEGITIMATE,2025-03-27T14:20:33,fraud_analyst_review,0.86
label_003009,TRANSACTION,txn_003009,LEGITIMATE,2025-08-20T04:06:24,automated_baseline,0.99
label_003010,TRANSACTION,txn_003010,LEGITIMATE,2025-08-29T23:05:14,automated_baseline,0.9
label_003011,TRANSACTION,txn_003011,LEGITIMATE,2025-07-18T12:31:53,automated_baseline,0.92
label_003012,TRANSACTION,txn_003012,LEGITIMATE,2025-02-13T20:04:12,automated_baseline,0.85
label_003013,TRANSACTION,txn_003013,LEGITIMATE,2025-11-20T19:45:47,automated_baseline,0.94
label_003014,TRANSACTION,txn_003014,LEGITIMATE,2025-08-28T10:57:49,fraud_analyst_review,0.86
label_003015,TRANSACTION,txn_003015,LEGITIMATE,2025-12-26T20:08:53,fraud_analyst_review,0.88
label_003016,TRANSACTION,txn_003016,LEGITIMATE,2025-01-26T21:52:12,fraud_analyst_review,0.9
label_003017,TRANSACTION,txn_003017,LEGITIMATE,2025-08-19T05:03:13,fraud_analyst_review,0.93
label_003018,TRANSACTION,txn_003018,LEGITIMATE,2025-01-20T07:49:05,fraud_analyst_review,0.87
label_003019,TRANSACTION,txn_003019,LEGITIMATE,2025-06-05T15:59:00,fraud_analyst_review,0.96
label_003020,TRANSACTION,txn_003020,LEGITIMATE,2025-10-14T21:42:48,fraud_analyst_review,0.93
label_003021,TRANSACTION,txn_003021,LEGITIMATE,2025-01-09T05:01:18,fraud_analyst_review,0.98
label_003022,TRANSACTION,txn_003022,LEGITIMATE,2025-12-02T05:09:49,automated_baseline,0.94
label_003023,TRANSACTION,txn_003023,LEGITIMATE,2025-07-29T06:25:03,automated_baseline,0.91
label_003024,TRANSACTION,txn_003024,LEGITIMATE,2025-12-07T21:23:22,fraud_analyst_review,0.99
label_003025,TRANSACTION,txn_003025,LEGITIMATE,2025-06-16T17:25:18,fraud_analyst_review,0.87
label_003026,TRANSACTION,txn_003026,LEGITIMATE,2025-05-02T13:16:11,automated_baseline,0.86
label_003027,TRANSACTION,txn_003027,LEGITIMATE,2025-12-09T00:22:44,fraud_analyst_review,0.91
label_003028,TRANSACTION,txn_003028,LEGITIMATE,2025-06-16T04:25:00,automated_baseline,0.89
label_003029,TRANSACTION,txn_003029,LEGITIMATE,2025-02-13T01:33:02,fraud_analyst_review,0.92
label_003030,TRANSACTION,txn_003030,LEGITIMATE,2025-09-21T07:28:32,fraud_analyst_review,0.96
label_003031,TRANSACTION,txn_003031,LEGITIMATE,2025-02-05T04:57:30,fraud_analyst_review,0.86
label_003032,TRANSACTION,txn_003032,LEGITIMATE,2025-02-08T05:15:30,fraud_analyst_review,0.97
label_003033,TRANSACTION,txn_003033,LEGITIMATE,2025-10-12T17:17:42,fraud_analyst_review,0.97
label_003034,TRANSACTION,txn_003034,LEGITIMATE,2025-10-20T13:48:03,fraud_analyst_review,0.98
label_003035,TRANSACTION,txn_003035,LEGITIMATE,2025-12-01T15:59:49,automated_baseline,0.87
label_003036,TRANSACTION,txn_003036,LEGITIMATE,2025-05-31T10:03:42,automated_baseline,0.97
label_003037,TRANSACTION,txn_003037,LEGITIMATE,2025-09-05T01:02:35,fraud_analyst_review,0.99
label_003038,TRANSACTION,txn_003038,LEGITIMATE,2025-04-18T11:59:41,fraud_analyst_review,0.85
label_003039,TRANSACTION,txn_003039,LEGITIMATE,2025-12-01T20:19:49,fraud_analyst_review,0.89
label_003040,TRANSACTION,txn_003040,LEGITIMATE,2025-01-23T10:38:50,fraud_analyst_review,0.89
label_003041,TRANSACTION,txn_003041,LEGITIMATE,2025-12-24T18:54:30,fraud_analyst_review,0.98
label_003042,TRANSACTION,txn_003042,LEGITIMATE,2025-10-28T22:43:49,fraud_analyst_review,0.96
label_003043,TRANSACTION,txn_003043,LEGITIMATE,2025-05-24T21:06:25,automated_baseline,0.9
label_003044,TRANSACTION,txn_003044,LEGITIMATE,2025-07-18T03:40:37,automated_baseline,0.88
label_003045,TRANSACTION,txn_003045,LEGITIMATE,2025-07-20T04:24:22,fraud_analyst_review,0.89
label_003046,TRANSACTION,txn_003046,LEGITIMATE,2025-08-14T10:46:23,fraud_analyst_review,0.91
label_003047,TRANSACTION,txn_003047,LEGITIMATE,2025-06-24T01:33:50,automated_baseline,0.94
label_003048,TRANSACTION,txn_003048,LEGITIMATE,2025-06-10T07:37:07,automated_baseline,0.92
label_003049,TRANSACTION,txn_003049,LEGITIMATE,2025-11-13T04:35:33,automated_baseline,0.91
label_003050,TRANSACTION,txn_003050,LEGITIMATE,2025-09-13T12:18:19,fraud_analyst_review,0.9
label_003051,TRANSACTION,txn_003051,LEGITIMATE,2025-05-07T03:01:25,fraud_analyst_review,0.94
label_003052,TRANSACTION,txn_003052,LEGITIMATE,2025-03-19T03:03:33,automated_baseline,0.86
label_003053,TRANSACTION,txn_003053,LEGITIMATE,2025-10-10T01:30:28,fraud_analyst_review,0.88
label_003054,TRANSACTION,txn_003054,LEGITIMATE,2025-07-01T11:55:15,fraud_analyst_review,0.89
label_003055,TRANSACTION,txn_003055,LEGITIMATE,2025-01-12T06:54:24,automated_baseline,0.88
label_003056,TRANSACTION,txn_003056,LEGITIMATE,2025-08-25T10:36:57,automated_baseline,0.94
label_003057,TRANSACTION,txn_003057,LEGITIMATE,2025-02-14T12:15:50,fraud_analyst_review,0.91
label_003058,TRANSACTION,txn_003058,LEGITIMATE,2025-07-31T11:26:34,automated_baseline,0.97
label_003059,TRANSACTION,txn_003059,LEGITIMATE,2025-03-08T17:53:06,fraud_analyst_review,0.93
label_003060,TRANSACTION,txn_003060,LEGITIMATE,2025-09-16T14:25:04,automated_baseline,0.86
label_003061,TRANSACTION,txn_003061,LEGITIMATE,2025-08-01T02:51:34,fraud_analyst_review,0.93
label_003062,TRANSACTION,txn_003062,LEGITIMATE,2025-06-19T17:50:56,automated_baseline,0.9
label_003063,TRANSACTION,txn_003063,LEGITIMATE,2025-06-14T01:20:09,fraud_analyst_review,0.94
label_003064,TRANSACTION,txn_003064,LEGITIMATE,2025-11-29T22:44:32,automated_baseline,0.91
label_003065,TRANSACTION,txn_003065,LEGITIMATE,2025-12-14T18:28:06,fraud_analyst_review,0.88
label_003066,TRANSACTION,txn_003066,LEGITIMATE,2025-05-31T14:02:10,automated_baseline,0.92
label_003067,TRANSACTION,txn_003067,LEGITIMATE,2025-09-10T04:51:43,fraud_analyst_review,0.97
label_003068,TRANSACTION,txn_003068,LEGITIMATE,2025-12-15T08:48:17,fraud_analyst_review,0.92
label_003069,TRANSACTION,txn_003069,LEGITIMATE,2025-12-17T17:23:10,fraud_analyst_review,0.91
label_003070,TRANSACTION,txn_003070,LEGITIMATE,2025-10-07T02:03:39,automated_baseline,0.89
label_003071,TRANSACTION,txn_003071,LEGITIMATE,2025-10-06T14:34:17,automated_baseline,0.99
label_003072,TRANSACTION,txn_003072,LEGITIMATE,2025-02-23T13:43:16,fraud_analyst_review,0.88
label_003073,TRANSACTION,txn_003073,LEGITIMATE,2025-06-05T22:23:49,automated_baseline,0.92
label_003074,TRANSACTION,txn_003074,LEGITIMATE,2025-04-01T01:35:02,fraud_analyst_review,0.97
label_003075,TRANSACTION,txn_003075,LEGITIMATE,2025-11-01T04:32:37,fraud_analyst_review,0.9
label_003076,TRANSACTION,txn_003076,LEGITIMATE,2025-12-10T18:38:39,fraud_analyst_review,0.97
label_003077,TRANSACTION,txn_003077,LEGITIMATE,2025-11-16T00:34:05,fraud_analyst_review,0.95
label_003078,TRANSACTION,txn_003078,LEGITIMATE,2025-02-12T08:53:11,automated_baseline,0.86
label_003079,TRANSACTION,txn_003079,LEGITIMATE,2025-11-13T02:12:06,automated_baseline,0.9
label_003080,TRANSACTION,txn_003080,LEGITIMATE,2025-06-13T08:58:47,fraud_analyst_review,0.96
label_003081,TRANSACTION,txn_003081,LEGITIMATE,2025-11-26T03:28:54,fraud_analyst_review,0.86
label_003082,TRANSACTION,txn_003082,LEGITIMATE,2025-12-16T16:15:04,fraud_analyst_review,0.9
label_003083,TRANSACTION,txn_003083,LEGITIMATE,2025-04-12T03:34:45,automated_baseline,0.96
label_003084,TRANSACTION,txn_003084,LEGITIMATE,2025-01-08T23:51:57,fraud_analyst_review,0.95
label_003085,TRANSACTION,txn_003085,LEGITIMATE,2025-09-30T18:15:49,fraud_analyst_review,0.97
label_003086,TRANSACTION,txn_003086,LEGITIMATE,2025-10-07T10:07:51,automated_baseline,0.94
label_003087,TRANSACTION,txn_003087,LEGITIMATE,2025-01-13T12:25:49,automated_baseline,0.93
label_003088,TRANSACTION,txn_003088,LEGITIMATE,2025-07-23T06:05:26,automated_baseline,0.99
label_003089,TRANSACTION,txn_003089,LEGITIMATE,2025-01-01T16:39:00,fraud_analyst_review,0.96
label_003090,TRANSACTION,txn_003090,LEGITIMATE,2025-05-17T01:49:41,automated_baseline,0.92
label_003091,TRANSACTION,txn_003091,LEGITIMATE,2025-05-22T04:49:41,fraud_analyst_review,0.94
label_003092,TRANSACTION,txn_003092,LEGITIMATE,2025-10-19T03:29:53,automated_baseline,0.87
label_003093,TRANSACTION,txn_003093,LEGITIMATE,2025-09-05T14:03:48,automated_baseline,0.96
label_003094,TRANSACTION,txn_003094,LEGITIMATE,2025-11-29T08:18:04,fraud_analyst_review,0.94
label_003095,TRANSACTION,txn_003095,LEGITIMATE,2025-02-28T11:42:20,automated_baseline,0.89
label_003096,TRANSACTION,txn_003096,LEGITIMATE,2025-08-23T17:39:56,automated_baseline,0.94
label_003097,TRANSACTION,txn_003097,LEGITIMATE,2025-04-27T18:31:08,automated_baseline,0.99
label_003098,TRANSACTION,txn_003098,LEGITIMATE,2025-06-05T06:53:50,automated_baseline,0.89
label_003099,TRANSACTION,txn_003099,LEGITIMATE,2025-11-28T00:06:52,automated_baseline,0.99
label_003100,TRANSACTION,txn_003100,LEGITIMATE,2025-11-14T10:32:30,automated_baseline,0.97
label_003101,TRANSACTION,txn_003101,LEGITIMATE,2025-11-02T06:23:46,fraud_analyst_review,0.97
label_003102,TRANSACTION,txn_003102,LEGITIMATE,2025-02-16T20:46:09,fraud_analyst_review,0.97
label_003103,TRANSACTION,txn_003103,LEGITIMATE,2025-09-04T03:33:01,fraud_analyst_review,0.94
label_003104,TRANSACTION,txn_003104,LEGITIMATE,2025-07-04T18:28:01,fraud_analyst_review,0.96
label_003105,TRANSACTION,txn_003105,LEGITIMATE,2025-05-07T08:13:08,fraud_analyst_review,0.89
label_003106,TRANSACTION,txn_003106,LEGITIMATE,2025-09-21T12:48:41,fraud_analyst_review,0.85
label_003107,TRANSACTION,txn_003107,LEGITIMATE,2025-06-24T23:22:20,automated_baseline,0.94
label_003108,TRANSACTION,txn_003108,LEGITIMATE,2025-09-09T01:19:35,automated_baseline,0.89
label_003109,TRANSACTION,txn_003109,LEGITIMATE,2025-06-08T12:33:57,automated_baseline,0.95
label_003110,TRANSACTION,txn_003110,LEGITIMATE,2025-01-01T10:13:11,fraud_analyst_review,0.91
label_003111,TRANSACTION,txn_003111,LEGITIMATE,2025-10-11T14:35:05,automated_baseline,0.9
label_003112,TRANSACTION,txn_003112,LEGITIMATE,2025-04-05T15:46:06,fraud_analyst_review,0.94
label_003113,TRANSACTION,txn_003113,LEGITIMATE,2025-11-27T00:24:38,fraud_analyst_review,0.88
label_003114,TRANSACTION,txn_003114,LEGITIMATE,2025-07-10T14:22:11,automated_baseline,0.86
label_003115,TRANSACTION,txn_003115,LEGITIMATE,2025-02-13T08:44:02,automated_baseline,0.9
label_003116,TRANSACTION,txn_003116,LEGITIMATE,2025-06-22T02:16:58,fraud_analyst_review,0.91
label_003117,TRANSACTION,txn_003117,LEGITIMATE,2025-08-28T05:35:20,automated_baseline,0.85
label_003118,TRANSACTION,txn_003118,LEGITIMATE,2025-06-25T16:27:53,automated_baseline,0.91
label_003119,TRANSACTION,txn_003119,LEGITIMATE,2025-06-23T14:20:48,fraud_analyst_review,0.86
label_003120,TRANSACTION,txn_003120,LEGITIMATE,2025-02-14T22:30:08,fraud_analyst_review,0.91
label_003121,TRANSACTION,txn_003121,LEGITIMATE,2025-06-23T06:53:46,automated_baseline,0.98
label_003122,TRANSACTION,txn_003122,LEGITIMATE,2025-06-24T12:59:41,automated_baseline,0.9
label_003123,TRANSACTION,txn_003123,LEGITIMATE,2025-02-15T21:24:02,automated_baseline,0.89
label_003124,TRANSACTION,txn_003124,LEGITIMATE,2025-08-21T09:52:35,fraud_analyst_review,0.86
label_003125,TRANSACTION,txn_003125,LEGITIMATE,2025-12-11T09:10:14,automated_baseline,0.85
label_003126,TRANSACTION,txn_003126,LEGITIMATE,2025-01-29T05:39:08,automated_baseline,0.86
label_003127,TRANSACTION,txn_003127,LEGITIMATE,2025-12-12T02:52:45,automated_baseline,0.89
label_003128,TRANSACTION,txn_003128,LEGITIMATE,2025-09-30T12:07:25,automated_baseline,0.86
label_003129,TRANSACTION,txn_003129,LEGITIMATE,2025-08-17T23:00:23,fraud_analyst_review,0.94
label_003130,TRANSACTION,txn_003130,LEGITIMATE,2025-11-24T08:19:28,automated_baseline,0.93
label_003131,TRANSACTION,txn_003131,LEGITIMATE,2025-11-24T10:24:28,automated_baseline,0.88
label_003132,TRANSACTION,txn_003132,LEGITIMATE,2025-01-22T08:17:46,automated_baseline,0.88
label_003133,TRANSACTION,txn_003133,LEGITIMATE,2025-04-10T10:44:35,automated_baseline,0.87
label_003134,TRANSACTION,txn_003134,LEGITIMATE,2025-09-19T02:09:41,automated_baseline,0.87
label_003135,TRANSACTION,txn_003135,LEGITIMATE,2025-08-25T20:22:17,automated_baseline,0.95
label_003136,TRANSACTION,txn_003136,LEGITIMATE,2025-02-07T08:03:01,fraud_analyst_review,0.9
label_003137,TRANSACTION,txn_003137,LEGITIMATE,2025-01-08T09:14:23,fraud_analyst_review,0.96
label_003138,TRANSACTION,txn_003138,LEGITIMATE,2025-07-21T17:28:56,automated_baseline,0.97
label_003139,TRANSACTION,txn_003139,LEGITIMATE,2025-12-04T12:10:58,automated_baseline,0.9
label_003140,TRANSACTION,txn_003140,LEGITIMATE,2025-06-08T18:47:53,automated_baseline,0.97
label_003141,TRANSACTION,txn_003141,LEGITIMATE,2025-10-25T21:54:55,fraud_analyst_review,0.88
label_003142,TRANSACTION,txn_003142,LEGITIMATE,2025-07-12T12:23:08,automated_baseline,0.96
label_003143,TRANSACTION,txn_003143,LEGITIMATE,2025-09-25T04:36:53,fraud_analyst_review,0.87
label_003144,TRANSACTION,txn_003144,LEGITIMATE,2025-01-05T16:57:43,fraud_analyst_review,0.94
label_003145,TRANSACTION,txn_003145,LEGITIMATE,2025-03-23T11:21:14,automated_baseline,0.98
label_003146,TRANSACTION,txn_003146,LEGITIMATE,2025-05-30T07:34:38,automated_baseline,0.86
label_003147,TRANSACTION,txn_003147,LEGITIMATE,2025-07-08T06:16:17,automated_baseline,0.91
label_003148,TRANSACTION,txn_003148,LEGITIMATE,2025-09-10T23:46:28,fraud_analyst_review,0.86
label_003149,TRANSACTION,txn_003149,LEGITIMATE,2025-08-24T04:40:48,fraud_analyst_review,0.96
label_003150,TRANSACTION,txn_003150,LEGITIMATE,2025-08-20T10:30:28,automated_baseline,0.92
label_003151,TRANSACTION,txn_003151,LEGITIMATE,2025-11-08T13:35:59,fraud_analyst_review,0.97
label_003152,TRANSACTION,txn_003152,LEGITIMATE,2025-12-12T12:58:40,automated_baseline,0.95
label_003153,TRANSACTION,txn_003153,LEGITIMATE,2025-01-19T03:26:33,automated_baseline,0.87
label_003154,TRANSACTION,txn_003154,LEGITIMATE,2025-04-23T11:01:04,automated_baseline,0.87
label_003155,TRANSACTION,txn_003155,LEGITIMATE,2025-03-26T08:51:59,automated_baseline,0.97
label_003156,TRANSACTION,txn_003156,LEGITIMATE,2025-12-06T00:47:43,automated_baseline,0.85
label_003157,TRANSACTION,txn_003157,LEGITIMATE,2025-12-07T13:45:40,fraud_analyst_review,0.88
label_003158,TRANSACTION,txn_003158,LEGITIMATE,2025-01-26T01:02:59,fraud_analyst_review,0.98
label_003159,TRANSACTION,txn_003159,LEGITIMATE,2025-05-31T18:50:46,automated_baseline,0.98
label_003160,TRANSACTION,txn_003160,LEGITIMATE,2025-01-19T21:06:49,fraud_analyst_review,0.88
label_003161,TRANSACTION,txn_003161,LEGITIMATE,2025-06-13T14:04:20,fraud_analyst_review,0.94
label_003162,TRANSACTION,txn_003162,LEGITIMATE,2025-01-12T10:31:56,automated_baseline,0.89
label_003163,TRANSACTION,txn_003163,LEGITIMATE,2025-01-14T01:41:56,fraud_analyst_review,0.93
label_003164,TRANSACTION,txn_003164,LEGITIMATE,2025-08-07T21:10:27,automated_baseline,0.93
label_003165,TRANSACTION,txn_003165,LEGITIMATE,2025-02-09T14:38:41,fraud_analyst_review,0.91
label_003166,TRANSACTION,txn_003166,LEGITIMATE,2025-11-19T12:22:30,fraud_analyst_review,0.92
label_003167,TRANSACTION,txn_003167,LEGITIMATE,2025-01-23T18:42:53,automated_baseline,0.9
label_003168,TRANSACTION,txn_003168,LEGITIMATE,2025-10-24T23:47:21,fraud_analyst_review,0.96
label_003169,TRANSACTION,txn_003169,LEGITIMATE,2025-09-29T14:46:27,fraud_analyst_review,0.9
label_003170,TRANSACTION,txn_003170,LEGITIMATE,2025-04-10T20:53:56,automated_baseline,0.89
label_003171,TRANSACTION,txn_003171,LEGITIMATE,2025-12-31T04:53:39,fraud_analyst_review,0.9
label_003172,TRANSACTION,txn_003172,LEGITIMATE,2025-10-14T04:37:31,fraud_analyst_review,0.87
label_003173,TRANSACTION,txn_003173,LEGITIMATE,2025-01-15T19:45:56,automated_baseline,0.89
label_003174,TRANSACTION,txn_003174,LEGITIMATE,2025-06-12T12:01:04,automated_baseline,0.9
label_003175,TRANSACTION,txn_003175,LEGITIMATE,2025-06-24T19:26:56,fraud_analyst_review,0.9
label_003176,TRANSACTION,txn_003176,LEGITIMATE,2025-01-15T01:23:56,fraud_analyst_review,0.88
label_003177,TRANSACTION,txn_003177,LEGITIMATE,2025-11-08T05:23:01,automated_baseline,0.96
label_003178,TRANSACTION,txn_003178,LEGITIMATE,2025-11-21T23:32:39,fraud_analyst_review,0.87
label_003179,TRANSACTION,txn_003179,LEGITIMATE,2025-04-07T05:49:15,automated_baseline,0.92
label_003180,TRANSACTION,txn_003180,LEGITIMATE,2025-04-08T11:07:39,automated_baseline,0.85
label_003181,TRANSACTION,txn_003181,LEGITIMATE,2025-07-28T11:45:01,automated_baseline,0.96
label_003182,TRANSACTION,txn_003182,LEGITIMATE,2025-01-06T22:17:44,automated_baseline,0.96
label_003183,TRANSACTION,txn_003183,LEGITIMATE,2025-09-05T13:59:04,automated_baseline,0.93
label_003184,TRANSACTION,txn_003184,LEGITIMATE,2025-08-13T17:58:40,fraud_analyst_review,0.98
label_003185,TRANSACTION,txn_003185,LEGITIMATE,2025-07-18T00:40:14,automated_baseline,0.87
label_003186,TRANSACTION,txn_003186,LEGITIMATE,2025-08-25T06:06:41,automated_baseline,0.95
label_003187,TRANSACTION,txn_003187,LEGITIMATE,2025-09-20T16:30:25,fraud_analyst_review,0.91
label_003188,TRANSACTION,txn_003188,LEGITIMATE,2025-03-16T06:33:01,automated_baseline,0.98
label_003189,TRANSACTION,txn_003189,LEGITIMATE,2025-09-06T23:20:54,automated_baseline,0.93
label_003190,TRANSACTION,txn_003190,LEGITIMATE,2025-12-03T06:18:25,automated_baseline,0.91
label_003191,TRANSACTION,txn_003191,LEGITIMATE,2025-03-16T21:05:25,fraud_analyst_review,0.95
label_003192,TRANSACTION,txn_003192,LEGITIMATE,2025-05-29T06:41:12,fraud_analyst_review,0.89
label_003193,TRANSACTION,txn_003193,LEGITIMATE,2025-06-25T14:24:43,automated_baseline,0.92
label_003194,TRANSACTION,txn_003194,LEGITIMATE,2025-04-15T08:21:19,fraud_analyst_review,0.92
label_003195,TRANSACTION,txn_003195,LEGITIMATE,2025-07-21T14:45:51,automated_baseline,0.92
label_003196,TRANSACTION,txn_003196,LEGITIMATE,2025-08-04T20:30:01,fraud_analyst_review,0.85
label_003197,TRANSACTION,txn_003197,LEGITIMATE,2025-01-31T09:13:23,fraud_analyst_review,0.98
label_003198,TRANSACTION,txn_003198,LEGITIMATE,2025-05-12T19:41:28,automated_baseline,0.94
label_003199,TRANSACTION,txn_003199,LEGITIMATE,2025-10-09T17:00:44,automated_baseline,0.97
label_003200,TRANSACTION,txn_003200,LEGITIMATE,2025-11-11T12:55:19,automated_baseline,0.94
label_003201,TRANSACTION,txn_003201,LEGITIMATE,2025-02-04T08:12:34,automated_baseline,0.92
label_003202,TRANSACTION,txn_003202,LEGITIMATE,2025-03-02T01:18:18,fraud_analyst_review,0.92
label_003203,TRANSACTION,txn_003203,LEGITIMATE,2025-06-12T03:26:18,fraud_analyst_review,0.94
label_003204,TRANSACTION,txn_003204,LEGITIMATE,2025-10-23T22:11:37,fraud_analyst_review,0.91
label_003205,TRANSACTION,txn_003205,LEGITIMATE,2025-07-20T15:50:59,automated_baseline,0.94
label_003206,TRANSACTION,txn_003206,LEGITIMATE,2025-06-17T17:09:28,automated_baseline,0.99
label_003207,TRANSACTION,txn_003207,LEGITIMATE,2025-09-26T18:20:44,automated_baseline,0.97
label_003208,TRANSACTION,txn_003208,LEGITIMATE,2025-12-11T12:08:26,fraud_analyst_review,0.92
label_003209,TRANSACTION,txn_003209,LEGITIMATE,2025-09-30T21:55:17,automated_baseline,0.95
label_003210,TRANSACTION,txn_003210,LEGITIMATE,2025-06-08T08:29:17,fraud_analyst_review,0.86
label_003211,TRANSACTION,txn_003211,LEGITIMATE,2025-12-28T18:54:37,fraud_analyst_review,0.96
label_003212,TRANSACTION,txn_003212,LEGITIMATE,2025-07-07T04:24:18,automated_baseline,0.95
label_003213,TRANSACTION,txn_003213,LEGITIMATE,2025-07-28T02:28:03,automated_baseline,0.88
label_003214,TRANSACTION,txn_003214,LEGITIMATE,2025-04-14T17:29:27,automated_baseline,0.87
label_003215,TRANSACTION,txn_003215,LEGITIMATE,2025-08-04T16:38:18,automated_baseline,0.91
label_003216,TRANSACTION,txn_003216,LEGITIMATE,2025-11-15T07:01:57,automated_baseline,0.92
label_003217,TRANSACTION,txn_003217,LEGITIMATE,2025-10-29T15:22:29,fraud_analyst_review,0.97
label_003218,TRANSACTION,txn_003218,LEGITIMATE,2025-02-19T16:56:42,fraud_analyst_review,0.88
label_003219,TRANSACTION,txn_003219,LEGITIMATE,2025-05-22T17:20:02,automated_baseline,0.99
label_003220,TRANSACTION,txn_003220,LEGITIMATE,2025-01-24T02:00:25,fraud_analyst_review,0.87
label_003221,TRANSACTION,txn_003221,LEGITIMATE,2025-11-18T14:50:00,automated_baseline,0.96
label_003222,TRANSACTION,txn_003222,LEGITIMATE,2025-02-05T12:46:12,fraud_analyst_review,0.9
label_003223,TRANSACTION,txn_003223,LEGITIMATE,2025-08-05T04:38:08,automated_baseline,0.88
label_003224,TRANSACTION,txn_003224,LEGITIMATE,2025-08-17T13:37:03,automated_baseline,0.92
label_003225,TRANSACTION,txn_003225,LEGITIMATE,2025-05-02T06:51:02,fraud_analyst_review,0.89
label_003226,TRANSACTION,txn_003226,LEGITIMATE,2025-12-03T14:24:00,automated_baseline,0.97
label_003227,TRANSACTION,txn_003227,LEGITIMATE,2025-02-02T22:47:56,fraud_analyst_review,0.93
label_003228,TRANSACTION,txn_003228,LEGITIMATE,2025-05-31T11:51:19,automated_baseline,0.98
label_003229,TRANSACTION,txn_003229,LEGITIMATE,2025-02-12T10:15:14,fraud_analyst_review,0.93
label_003230,TRANSACTION,txn_003230,LEGITIMATE,2025-12-05T00:27:54,fraud_analyst_review,0.89
label_003231,TRANSACTION,txn_003231,LEGITIMATE,2025-04-13T13:02:54,automated_baseline,0.93
label_003232,TRANSACTION,txn_003232,LEGITIMATE,2025-06-06T19:25:29,fraud_analyst_review,0.89
label_003233,TRANSACTION,txn_003233,LEGITIMATE,2025-08-23T00:25:39,automated_baseline,0.99
label_003234,TRANSACTION,txn_003234,LEGITIMATE,2025-10-17T16:46:17,fraud_analyst_review,0.89
label_003235,TRANSACTION,txn_003235,LEGITIMATE,2025-04-27T13:48:56,automated_baseline,0.93
label_003236,TRANSACTION,txn_003236,LEGITIMATE,2025-06-27T05:58:47,fraud_analyst_review,0.9
label_003237,TRANSACTION,txn_003237,LEGITIMATE,2025-06-29T16:54:47,automated_baseline,0.88
label_003238,TRANSACTION,txn_003238,LEGITIMATE,2025-09-25T17:08:27,automated_baseline,0.97
label_003239,TRANSACTION,txn_003239,LEGITIMATE,2025-04-01T16:32:11,fraud_analyst_review,0.97
label_003240,TRANSACTION,txn_003240,LEGITIMATE,2025-02-05T18:16:48,automated_baseline,0.91
label_003241,TRANSACTION,txn_003241,LEGITIMATE,2025-11-05T23:09:05,automated_baseline,0.85
label_003242,TRANSACTION,txn_003242,LEGITIMATE,2025-04-28T18:36:48,automated_baseline,0.96
label_003243,TRANSACTION,txn_003243,LEGITIMATE,2025-08-07T17:54:00,fraud_analyst_review,0.87
label_003244,TRANSACTION,txn_003244,LEGITIMATE,2025-08-28T03:10:24,automated_baseline,0.96
label_003245,TRANSACTION,txn_003245,LEGITIMATE,2025-01-11T02:08:58,automated_baseline,0.86
label_003246,TRANSACTION,txn_003246,LEGITIMATE,2025-02-21T16:57:22,fraud_analyst_review,0.92
label_003247,TRANSACTION,txn_003247,LEGITIMATE,2025-10-17T11:02:39,automated_baseline,0.93
label_003248,TRANSACTION,txn_003248,LEGITIMATE,2025-06-10T21:07:08,automated_baseline,0.95
label_003249,TRANSACTION,txn_003249,LEGITIMATE,2025-01-25T11:37:54,fraud_analyst_review,0.94
label_003250,TRANSACTION,txn_003250,LEGITIMATE,2025-11-14T18:50:28,fraud_analyst_review,0.91
label_003251,TRANSACTION,txn_003251,LEGITIMATE,2025-12-05T23:09:19,automated_baseline,0.97
label_003252,TRANSACTION,txn_003252,LEGITIMATE,2025-05-14T04:31:28,automated_baseline,0.92
label_003253,TRANSACTION,txn_003253,LEGITIMATE,2025-10-04T09:11:32,automated_baseline,0.91
label_003254,TRANSACTION,txn_003254,LEGITIMATE,2025-05-26T08:52:57,fraud_analyst_review,0.94
label_003255,TRANSACTION,txn_003255,LEGITIMATE,2025-02-20T23:03:45,fraud_analyst_review,0.88
label_003256,TRANSACTION,txn_003256,LEGITIMATE,2025-02-16T04:53:25,fraud_analyst_review,0.89
label_003257,TRANSACTION,txn_003257,LEGITIMATE,2025-09-20T06:35:23,fraud_analyst_review,0.93
label_003258,TRANSACTION,txn_003258,LEGITIMATE,2025-04-04T04:22:37,automated_baseline,0.97
label_003259,TRANSACTION,txn_003259,LEGITIMATE,2025-12-31T20:19:28,automated_baseline,0.97
label_003260,TRANSACTION,txn_003260,LEGITIMATE,2025-08-13T15:24:14,fraud_analyst_review,0.93
label_003261,TRANSACTION,txn_003261,LEGITIMATE,2025-05-13T03:18:52,fraud_analyst_review,0.92
label_003262,TRANSACTION,txn_003262,LEGITIMATE,2025-05-13T12:56:52,fraud_analyst_review,0.94
label_003263,TRANSACTION,txn_003263,LEGITIMATE,2025-10-20T18:18:04,fraud_analyst_review,0.94
label_003264,TRANSACTION,txn_003264,LEGITIMATE,2025-10-21T20:04:04,fraud_analyst_review,0.9
label_003265,TRANSACTION,txn_003265,LEGITIMATE,2025-12-06T03:22:10,fraud_analyst_review,0.91
label_003266,TRANSACTION,txn_003266,LEGITIMATE,2025-01-09T03:33:10,fraud_analyst_review,0.88
label_003267,TRANSACTION,txn_003267,LEGITIMATE,2025-01-06T01:38:17,automated_baseline,0.87
label_003268,TRANSACTION,txn_003268,LEGITIMATE,2025-09-29T12:35:30,automated_baseline,0.99
label_003269,TRANSACTION,txn_003269,LEGITIMATE,2025-07-07T18:39:48,fraud_analyst_review,0.87
label_003270,TRANSACTION,txn_003270,LEGITIMATE,2025-01-05T11:43:37,automated_baseline,0.87
label_003271,TRANSACTION,txn_003271,LEGITIMATE,2025-01-28T00:02:58,automated_baseline,0.98
label_003272,TRANSACTION,txn_003272,LEGITIMATE,2025-02-07T11:22:27,fraud_analyst_review,0.97
label_003273,TRANSACTION,txn_003273,LEGITIMATE,2025-01-28T17:40:07,automated_baseline,0.86
label_003274,TRANSACTION,txn_003274,LEGITIMATE,2025-11-10T04:35:17,automated_baseline,0.95
label_003275,TRANSACTION,txn_003275,LEGITIMATE,2025-04-16T11:01:10,fraud_analyst_review,0.91
label_003276,TRANSACTION,txn_003276,LEGITIMATE,2025-09-02T02:00:37,fraud_analyst_review,0.98
label_003277,TRANSACTION,txn_003277,LEGITIMATE,2025-04-20T15:50:06,automated_baseline,0.89
label_003278,TRANSACTION,txn_003278,LEGITIMATE,2025-04-13T10:18:07,automated_baseline,0.85
label_003279,TRANSACTION,txn_003279,LEGITIMATE,2025-05-15T20:56:06,automated_baseline,0.98
label_003280,TRANSACTION,txn_003280,LEGITIMATE,2025-11-28T14:49:45,automated_baseline,0.86
label_003281,TRANSACTION,txn_003281,LEGITIMATE,2025-12-03T05:06:46,automated_baseline,0.92
label_003282,TRANSACTION,txn_003282,LEGITIMATE,2025-07-15T00:55:29,fraud_analyst_review,0.95
label_003283,TRANSACTION,txn_003283,LEGITIMATE,2025-06-22T22:54:16,automated_baseline,0.99
label_003284,TRANSACTION,txn_003284,LEGITIMATE,2025-12-29T12:27:55,automated_baseline,0.97
label_003285,TRANSACTION,txn_003285,LEGITIMATE,2025-07-27T11:08:01,automated_baseline,0.89
label_003286,TRANSACTION,txn_003286,LEGITIMATE,2025-05-11T09:28:42,fraud_analyst_review,0.91
label_003287,TRANSACTION,txn_003287,LEGITIMATE,2025-05-26T05:36:11,automated_baseline,0.94
label_003288,TRANSACTION,txn_003288,LEGITIMATE,2025-05-18T03:00:12,automated_baseline,0.94
label_003289,TRANSACTION,txn_003289,LEGITIMATE,2025-07-09T10:43:31,fraud_analyst_review,0.95
label_003290,TRANSACTION,txn_003290,LEGITIMATE,2025-02-05T15:29:01,automated_baseline,0.91
label_003291,TRANSACTION,txn_003291,LEGITIMATE,2025-01-21T20:32:15,automated_baseline,0.9
label_003292,TRANSACTION,txn_003292,LEGITIMATE,2025-11-13T18:46:24,fraud_analyst_review,0.91
label_003293,TRANSACTION,txn_003293,LEGITIMATE,2025-12-17T08:34:44,automated_baseline,0.96
label_003294,TRANSACTION,txn_003294,LEGITIMATE,2025-07-14T03:23:06,automated_baseline,0.95
label_003295,TRANSACTION,txn_003295,LEGITIMATE,2025-06-13T09:10:24,fraud_analyst_review,0.89
label_003296,TRANSACTION,txn_003296,LEGITIMATE,2025-03-28T17:59:37,fraud_analyst_review,0.91
label_003297,TRANSACTION,txn_003297,LEGITIMATE,2025-06-21T19:24:28,fraud_analyst_review,0.97
label_003298,TRANSACTION,txn_003298,LEGITIMATE,2025-01-26T21:35:49,automated_baseline,0.94
label_003299,TRANSACTION,txn_003299,LEGITIMATE,2025-08-31T23:15:53,fraud_analyst_review,0.91
label_003300,TRANSACTION,txn_003300,LEGITIMATE,2025-07-31T22:39:05,automated_baseline,0.88
label_003301,TRANSACTION,txn_003301,LEGITIMATE,2025-05-21T16:59:14,automated_baseline,0.97
label_003302,TRANSACTION,txn_003302,LEGITIMATE,2025-05-01T23:44:18,automated_baseline,0.85
label_003303,TRANSACTION,txn_003303,LEGITIMATE,2025-11-24T16:26:53,fraud_analyst_review,0.89
label_003304,TRANSACTION,txn_003304,LEGITIMATE,2025-01-29T13:38:19,fraud_analyst_review,0.94
label_003305,TRANSACTION,txn_003305,LEGITIMATE,2025-09-27T12:45:55,automated_baseline,0.98
label_003306,TRANSACTION,txn_003306,LEGITIMATE,2025-09-23T14:54:55,automated_baseline,0.87
label_003307,TRANSACTION,txn_003307,LEGITIMATE,2025-08-28T21:53:39,automated_baseline,0.92
label_003308,TRANSACTION,txn_003308,LEGITIMATE,2025-06-25T20:19:54,fraud_analyst_review,0.89
label_003309,TRANSACTION,txn_003309,LEGITIMATE,2025-05-22T19:42:00,automated_baseline,0.85
label_003310,TRANSACTION,txn_003310,LEGITIMATE,2025-07-28T23:35:50,automated_baseline,0.98
label_003311,TRANSACTION,txn_003311,LEGITIMATE,2025-01-25T07:06:22,automated_baseline,0.97
label_003312,TRANSACTION,txn_003312,LEGITIMATE,2025-04-15T12:41:27,fraud_analyst_review,0.97
label_003313,TRANSACTION,txn_003313,LEGITIMATE,2025-04-30T00:39:07,fraud_analyst_review,0.94
label_003314,TRANSACTION,txn_003314,LEGITIMATE,2025-08-25T16:52:15,fraud_analyst_review,0.91
label_003315,TRANSACTION,txn_003315,LEGITIMATE,2025-09-09T13:51:10,automated_baseline,0.9
label_003316,TRANSACTION,txn_003316,LEGITIMATE,2025-08-16T23:32:52,fraud_analyst_review,0.86
label_003317,TRANSACTION,txn_003317,LEGITIMATE,2025-06-30T08:09:18,automated_baseline,0.89
label_003318,TRANSACTION,txn_003318,LEGITIMATE,2025-08-28T06:02:38,fraud_analyst_review,0.93
label_003319,TRANSACTION,txn_003319,LEGITIMATE,2025-12-04T10:11:12,fraud_analyst_review,0.95
label_003320,TRANSACTION,txn_003320,LEGITIMATE,2025-09-05T17:20:02,fraud_analyst_review,0.89
label_003321,TRANSACTION,txn_003321,LEGITIMATE,2025-02-20T02:07:49,fraud_analyst_review,0.91
label_003322,TRANSACTION,txn_003322,LEGITIMATE,2025-02-13T05:02:29,fraud_analyst_review,0.94
label_003323,TRANSACTION,txn_003323,LEGITIMATE,2025-02-22T15:03:10,fraud_analyst_review,0.98
label_003324,TRANSACTION,txn_003324,LEGITIMATE,2025-09-25T15:53:23,fraud_analyst_review,0.91
label_003325,TRANSACTION,txn_003325,LEGITIMATE,2025-02-21T08:04:10,automated_baseline,0.86
label_003326,TRANSACTION,txn_003326,LEGITIMATE,2025-09-01T17:31:31,automated_baseline,0.94
label_003327,TRANSACTION,txn_003327,LEGITIMATE,2025-12-07T02:41:13,automated_baseline,0.98
label_003328,TRANSACTION,txn_003328,LEGITIMATE,2025-10-10T15:03:23,fraud_analyst_review,0.97
label_003329,TRANSACTION,txn_003329,LEGITIMATE,2025-07-31T22:41:24,automated_baseline,0.88
label_003330,TRANSACTION,txn_003330,LEGITIMATE,2025-09-07T00:34:47,fraud_analyst_review,0.87
label_003331,TRANSACTION,txn_003331,LEGITIMATE,2025-04-22T08:26:16,fraud_analyst_review,0.88
label_003332,TRANSACTION,txn_003332,LEGITIMATE,2025-11-28T04:59:23,fraud_analyst_review,0.9
label_003333,TRANSACTION,txn_003333,LEGITIMATE,2025-04-06T15:43:35,fraud_analyst_review,0.97
label_003334,TRANSACTION,txn_003334,LEGITIMATE,2025-10-05T05:46:44,fraud_analyst_review,0.86
label_003335,TRANSACTION,txn_003335,LEGITIMATE,2025-02-08T15:25:01,automated_baseline,0.99
label_003336,TRANSACTION,txn_003336,LEGITIMATE,2025-08-15T03:39:25,fraud_analyst_review,0.96
label_003337,TRANSACTION,txn_003337,LEGITIMATE,2025-04-24T19:38:35,fraud_analyst_review,0.97
label_003338,TRANSACTION,txn_003338,LEGITIMATE,2025-06-13T02:04:51,automated_baseline,0.98
label_003339,TRANSACTION,txn_003339,LEGITIMATE,2025-05-23T16:40:15,fraud_analyst_review,0.93
label_003340,TRANSACTION,txn_003340,LEGITIMATE,2025-01-14T12:56:41,automated_baseline,0.9
label_003341,TRANSACTION,txn_003341,LEGITIMATE,2025-05-08T08:38:05,automated_baseline,0.99
label_003342,TRANSACTION,txn_003342,LEGITIMATE,2025-12-23T04:38:56,fraud_analyst_review,0.96
label_003343,TRANSACTION,txn_003343,LEGITIMATE,2025-02-21T23:38:04,automated_baseline,0.87
label_003344,TRANSACTION,txn_003344,LEGITIMATE,2025-04-01T07:10:30,automated_baseline,0.88
label_003345,TRANSACTION,txn_003345,LEGITIMATE,2025-04-18T21:50:03,fraud_analyst_review,0.86
label_003346,TRANSACTION,txn_003346,LEGITIMATE,2025-09-21T07:43:26,fraud_analyst_review,0.87
label_003347,TRANSACTION,txn_003347,LEGITIMATE,2025-10-11T14:59:30,automated_baseline,0.94
label_003348,TRANSACTION,txn_003348,LEGITIMATE,2025-12-07T17:02:38,automated_baseline,0.96
label_003349,TRANSACTION,txn_003349,LEGITIMATE,2025-04-14T11:16:15,automated_baseline,0.88
label_003350,TRANSACTION,txn_003350,LEGITIMATE,2025-08-14T10:01:49,automated_baseline,0.92
label_003351,TRANSACTION,txn_003351,LEGITIMATE,2025-04-12T06:25:42,fraud_analyst_review,0.93
label_003352,TRANSACTION,txn_003352,LEGITIMATE,2025-12-26T09:57:05,fraud_analyst_review,0.85
label_003353,TRANSACTION,txn_003353,LEGITIMATE,2025-01-11T05:08:47,automated_baseline,0.94
label_003354,TRANSACTION,txn_003354,LEGITIMATE,2025-03-20T10:29:45,fraud_analyst_review,0.88
label_003355,TRANSACTION,txn_003355,LEGITIMATE,2025-07-02T07:00:35,fraud_analyst_review,0.93
label_003356,TRANSACTION,txn_003356,LEGITIMATE,2025-11-21T19:42:02,automated_baseline,0.93
label_003357,TRANSACTION,txn_003357,LEGITIMATE,2025-12-28T03:33:39,automated_baseline,0.89
label_003358,TRANSACTION,txn_003358,LEGITIMATE,2025-12-29T10:43:39,automated_baseline,0.85
label_003359,TRANSACTION,txn_003359,LEGITIMATE,2025-12-31T10:29:45,automated_baseline,0.9
label_003360,TRANSACTION,txn_003360,LEGITIMATE,2025-03-31T11:10:01,fraud_analyst_review,0.88
label_003361,TRANSACTION,txn_003361,LEGITIMATE,2025-04-26T00:33:50,fraud_analyst_review,0.86
label_003362,TRANSACTION,txn_003362,LEGITIMATE,2025-08-21T00:26:34,automated_baseline,0.92
label_003363,TRANSACTION,txn_003363,LEGITIMATE,2025-06-13T16:20:10,fraud_analyst_review,0.96
label_003364,TRANSACTION,txn_003364,LEGITIMATE,2025-07-31T06:31:06,automated_baseline,0.86
label_003365,TRANSACTION,txn_003365,LEGITIMATE,2025-11-28T18:17:12,fraud_analyst_review,0.87
label_003366,TRANSACTION,txn_003366,LEGITIMATE,2025-09-22T17:39:03,fraud_analyst_review,0.9
label_003367,TRANSACTION,txn_003367,LEGITIMATE,2025-06-21T23:26:51,automated_baseline,0.98
label_003368,TRANSACTION,txn_003368,LEGITIMATE,2025-09-27T15:00:59,automated_baseline,0.88
label_003369,TRANSACTION,txn_003369,LEGITIMATE,2025-01-09T10:12:19,fraud_analyst_review,0.93
label_003370,TRANSACTION,txn_003370,LEGITIMATE,2025-11-11T01:55:56,automated_baseline,0.93
label_003371,TRANSACTION,txn_003371,LEGITIMATE,2025-11-17T18:23:47,fraud_analyst_review,0.87
label_003372,TRANSACTION,txn_003372,LEGITIMATE,2025-12-04T16:03:31,automated_baseline,0.91
label_003373,TRANSACTION,txn_003373,LEGITIMATE,2025-11-08T19:19:35,automated_baseline,0.95
label_003374,TRANSACTION,txn_003374,LEGITIMATE,2025-09-11T18:34:17,fraud_analyst_review,0.98
label_003375,TRANSACTION,txn_003375,LEGITIMATE,2025-06-06T06:15:25,automated_baseline,0.97
label_003376,TRANSACTION,txn_003376,LEGITIMATE,2025-06-17T02:24:33,automated_baseline,0.89
label_003377,TRANSACTION,txn_003377,LEGITIMATE,2025-02-28T01:33:33,fraud_analyst_review,0.92
label_003378,TRANSACTION,txn_003378,LEGITIMATE,2025-03-05T13:11:10,fraud_analyst_review,0.86
label_003379,TRANSACTION,txn_003379,LEGITIMATE,2025-06-10T16:14:10,automated_baseline,0.91
label_003380,TRANSACTION,txn_003380,LEGITIMATE,2025-02-22T12:15:12,fraud_analyst_review,0.9
label_003381,TRANSACTION,txn_003381,LEGITIMATE,2025-04-30T10:20:11,automated_baseline,0.97
label_003382,TRANSACTION,txn_003382,LEGITIMATE,2025-10-12T06:28:42,fraud_analyst_review,0.93
label_003383,TRANSACTION,txn_003383,LEGITIMATE,2025-02-20T14:00:35,automated_baseline,0.86
label_003384,TRANSACTION,txn_003384,LEGITIMATE,2025-10-10T17:47:33,automated_baseline,0.96
label_003385,TRANSACTION,txn_003385,LEGITIMATE,2025-07-30T20:59:43,automated_baseline,0.95
label_003386,TRANSACTION,txn_003386,LEGITIMATE,2025-05-11T02:12:48,fraud_analyst_review,0.88
label_003387,TRANSACTION,txn_003387,LEGITIMATE,2025-02-10T19:34:47,fraud_analyst_review,0.88
label_003388,TRANSACTION,txn_003388,LEGITIMATE,2025-03-19T17:05:17,fraud_analyst_review,0.95
label_003389,TRANSACTION,txn_003389,LEGITIMATE,2025-12-26T20:02:22,fraud_analyst_review,0.94
label_003390,TRANSACTION,txn_003390,LEGITIMATE,2025-09-19T02:11:08,automated_baseline,0.98
label_003391,TRANSACTION,txn_003391,LEGITIMATE,2025-09-23T07:03:23,automated_baseline,0.99
label_003392,TRANSACTION,txn_003392,LEGITIMATE,2025-10-12T16:27:07,automated_baseline,0.89
label_003393,TRANSACTION,txn_003393,LEGITIMATE,2025-09-08T11:05:28,fraud_analyst_review,0.97
label_003394,TRANSACTION,txn_003394,LEGITIMATE,2025-10-25T12:03:10,automated_baseline,0.96
label_003395,TRANSACTION,txn_003395,LEGITIMATE,2025-07-20T15:36:16,fraud_analyst_review,0.85
label_003396,TRANSACTION,txn_003396,LEGITIMATE,2025-08-25T19:06:30,automated_baseline,0.95
label_003397,TRANSACTION,txn_003397,LEGITIMATE,2025-08-07T06:22:18,automated_baseline,0.85
label_003398,TRANSACTION,txn_003398,LEGITIMATE,2025-05-29T03:41:45,fraud_analyst_review,0.98
label_003399,TRANSACTION,txn_003399,LEGITIMATE,2025-04-16T05:42:38,automated_baseline,0.96
label_003400,TRANSACTION,txn_003400,LEGITIMATE,2025-04-19T01:07:38,automated_baseline,0.96
label_003401,TRANSACTION,txn_003401,LEGITIMATE,2025-09-07T15:47:41,automated_baseline,0.92
label_003402,TRANSACTION,txn_003402,LEGITIMATE,2025-09-07T20:08:41,automated_baseline,0.93
label_003403,TRANSACTION,txn_003403,LEGITIMATE,2025-01-19T15:43:58,fraud_analyst_review,0.97
label_003404,TRANSACTION,txn_003404,LEGITIMATE,2025-10-28T22:05:55,fraud_analyst_review,0.91
label_003405,TRANSACTION,txn_003405,LEGITIMATE,2025-12-07T17:40:46,automated_baseline,0.87
label_003406,TRANSACTION,txn_003406,LEGITIMATE,2025-02-16T05:42:36,automated_baseline,0.89
label_003407,TRANSACTION,txn_003407,LEGITIMATE,2025-11-14T21:35:16,fraud_analyst_review,0.86
label_003408,TRANSACTION,txn_003408,LEGITIMATE,2025-01-23T21:39:29,fraud_analyst_review,0.92
label_003409,TRANSACTION,txn_003409,LEGITIMATE,2025-04-07T11:54:52,automated_baseline,0.92
label_003410,TRANSACTION,txn_003410,LEGITIMATE,2025-10-24T04:02:30,automated_baseline,0.96
label_003411,TRANSACTION,txn_003411,LEGITIMATE,2025-10-24T23:43:30,fraud_analyst_review,0.85
label_003412,TRANSACTION,txn_003412,LEGITIMATE,2025-07-27T16:35:17,automated_baseline,0.92
label_003413,TRANSACTION,txn_003413,LEGITIMATE,2025-03-28T18:57:58,automated_baseline,0.91
label_003414,TRANSACTION,txn_003414,LEGITIMATE,2025-06-17T14:12:37,automated_baseline,0.95
label_003415,TRANSACTION,txn_003415,LEGITIMATE,2025-06-18T15:00:37,fraud_analyst_review,0.95
label_003416,TRANSACTION,txn_003416,LEGITIMATE,2025-05-14T03:14:54,automated_baseline,0.97
label_003417,TRANSACTION,txn_003417,LEGITIMATE,2025-01-25T15:47:44,fraud_analyst_review,0.86
label_003418,TRANSACTION,txn_003418,LEGITIMATE,2025-12-18T01:59:51,fraud_analyst_review,0.91
label_003419,TRANSACTION,txn_003419,LEGITIMATE,2025-02-10T16:59:38,automated_baseline,0.85
label_003420,TRANSACTION,txn_003420,LEGITIMATE,2025-11-25T22:17:16,automated_baseline,0.87
label_003421,TRANSACTION,txn_003421,LEGITIMATE,2025-12-28T18:00:06,fraud_analyst_review,0.92
label_003422,TRANSACTION,txn_003422,LEGITIMATE,2025-10-13T12:22:23,automated_baseline,0.93
label_003423,TRANSACTION,txn_003423,LEGITIMATE,2025-01-07T22:41:33,automated_baseline,0.95
label_003424,TRANSACTION,txn_003424,LEGITIMATE,2025-04-25T07:08:04,fraud_analyst_review,0.99
label_003425,TRANSACTION,txn_003425,LEGITIMATE,2025-07-06T05:12:10,fraud_analyst_review,0.92
label_003426,TRANSACTION,txn_003426,LEGITIMATE,2025-12-21T05:02:53,fraud_analyst_review,0.9
label_003427,TRANSACTION,txn_003427,LEGITIMATE,2025-07-27T06:55:04,automated_baseline,0.97
label_003428,TRANSACTION,txn_003428,LEGITIMATE,2025-07-23T23:13:04,automated_baseline,0.96
label_003429,TRANSACTION,txn_003429,LEGITIMATE,2025-07-17T10:21:41,fraud_analyst_review,0.88
label_003430,TRANSACTION,txn_003430,LEGITIMATE,2025-06-02T10:23:57,fraud_analyst_review,0.92
label_003431,TRANSACTION,txn_003431,LEGITIMATE,2025-02-28T05:07:38,automated_baseline,0.98
label_003432,TRANSACTION,txn_003432,LEGITIMATE,2025-01-30T05:55:17,fraud_analyst_review,0.88
label_003433,TRANSACTION,txn_003433,LEGITIMATE,2025-02-01T02:33:39,automated_baseline,0.98
label_003434,TRANSACTION,txn_003434,LEGITIMATE,2025-12-18T11:25:50,automated_baseline,0.91
label_003435,TRANSACTION,txn_003435,LEGITIMATE,2025-04-12T06:13:20,automated_baseline,0.91
label_003436,TRANSACTION,txn_003436,LEGITIMATE,2025-11-14T21:14:23,automated_baseline,0.93
label_003437,TRANSACTION,txn_003437,LEGITIMATE,2025-06-26T10:11:09,automated_baseline,0.96
label_003438,TRANSACTION,txn_003438,LEGITIMATE,2025-08-29T20:48:51,automated_baseline,0.95
label_003439,TRANSACTION,txn_003439,LEGITIMATE,2025-12-10T22:18:49,automated_baseline,0.86
label_003440,TRANSACTION,txn_003440,LEGITIMATE,2025-01-25T06:16:11,fraud_analyst_review,0.86
label_003441,TRANSACTION,txn_003441,LEGITIMATE,2025-01-10T14:17:44,fraud_analyst_review,0.89
label_003442,TRANSACTION,txn_003442,LEGITIMATE,2025-12-15T09:59:12,automated_baseline,0.93
label_003443,TRANSACTION,txn_003443,LEGITIMATE,2025-03-06T08:04:37,fraud_analyst_review,0.88
label_003444,TRANSACTION,txn_003444,LEGITIMATE,2025-11-22T19:53:52,fraud_analyst_review,0.97
label_003445,TRANSACTION,txn_003445,LEGITIMATE,2025-01-08T19:49:10,fraud_analyst_review,0.97
label_003446,TRANSACTION,txn_003446,LEGITIMATE,2025-10-09T08:44:54,fraud_analyst_review,0.87
label_003447,TRANSACTION,txn_003447,LEGITIMATE,2025-08-19T04:06:16,fraud_analyst_review,0.91
label_003448,TRANSACTION,txn_003448,LEGITIMATE,2025-09-05T17:39:03,fraud_analyst_review,0.91
label_003449,TRANSACTION,txn_003449,LEGITIMATE,2025-08-21T02:58:09,fraud_analyst_review,0.96
label_003450,TRANSACTION,txn_003450,LEGITIMATE,2025-02-19T22:49:13,automated_baseline,0.98
label_003451,TRANSACTION,txn_003451,LEGITIMATE,2025-01-01T18:52:00,automated_baseline,0.97
label_003452,TRANSACTION,txn_003452,LEGITIMATE,2025-04-05T17:01:30,fraud_analyst_review,0.99
label_003453,TRANSACTION,txn_003453,LEGITIMATE,2025-01-13T21:08:50,fraud_analyst_review,0.96
label_003454,TRANSACTION,txn_003454,LEGITIMATE,2025-07-03T00:34:40,automated_baseline,0.86
label_003455,TRANSACTION,txn_003455,LEGITIMATE,2025-11-09T12:48:29,automated_baseline,0.91
label_003456,TRANSACTION,txn_003456,LEGITIMATE,2025-12-15T16:07:06,automated_baseline,0.96
label_003457,TRANSACTION,txn_003457,LEGITIMATE,2025-11-15T17:30:52,automated_baseline,0.94
label_003458,TRANSACTION,txn_003458,LEGITIMATE,2025-01-20T11:25:08,automated_baseline,0.92
label_003459,TRANSACTION,txn_003459,LEGITIMATE,2025-07-18T17:45:19,automated_baseline,0.86
label_003460,TRANSACTION,txn_003460,LEGITIMATE,2025-06-15T10:12:05,fraud_analyst_review,0.92
label_003461,TRANSACTION,txn_003461,LEGITIMATE,2025-12-02T18:35:27,automated_baseline,0.87
label_003462,TRANSACTION,txn_003462,LEGITIMATE,2025-01-01T09:17:40,automated_baseline,0.98
label_003463,TRANSACTION,txn_003463,LEGITIMATE,2025-08-20T05:19:29,automated_baseline,0.93
label_003464,TRANSACTION,txn_003464,LEGITIMATE,2025-05-10T02:36:05,fraud_analyst_review,0.93
label_003465,TRANSACTION,txn_003465,LEGITIMATE,2025-12-12T14:56:08,automated_baseline,0.94
label_003466,TRANSACTION,txn_003466,LEGITIMATE,2025-12-14T13:56:41,fraud_analyst_review,0.85
label_003467,TRANSACTION,txn_003467,LEGITIMATE,2025-03-27T15:18:22,automated_baseline,0.97
label_003468,TRANSACTION,txn_003468,LEGITIMATE,2025-08-05T03:07:13,fraud_analyst_review,0.93
label_003469,TRANSACTION,txn_003469,LEGITIMATE,2025-10-21T21:55:57,automated_baseline,0.93
label_003470,TRANSACTION,txn_003470,LEGITIMATE,2025-09-27T08:59:58,fraud_analyst_review,0.87
label_003471,TRANSACTION,txn_003471,LEGITIMATE,2025-12-06T22:54:04,automated_baseline,0.85
label_003472,TRANSACTION,txn_003472,LEGITIMATE,2025-07-08T01:00:46,automated_baseline,0.88
label_003473,TRANSACTION,txn_003473,LEGITIMATE,2025-07-10T10:01:46,automated_baseline,0.86
label_003474,TRANSACTION,txn_003474,LEGITIMATE,2025-05-18T19:09:40,fraud_analyst_review,0.99
label_003475,TRANSACTION,txn_003475,LEGITIMATE,2025-05-05T01:17:39,fraud_analyst_review,0.92
label_003476,TRANSACTION,txn_003476,LEGITIMATE,2025-07-16T16:05:49,automated_baseline,0.95
label_003477,TRANSACTION,txn_003477,LEGITIMATE,2025-04-15T11:49:36,fraud_analyst_review,0.86
label_003478,TRANSACTION,txn_003478,LEGITIMATE,2025-05-10T11:04:54,automated_baseline,0.86
label_003479,TRANSACTION,txn_003479,LEGITIMATE,2025-08-21T15:42:38,fraud_analyst_review,0.96
label_003480,TRANSACTION,txn_003480,LEGITIMATE,2025-07-20T13:11:11,fraud_analyst_review,0.9
label_003481,TRANSACTION,txn_003481,LEGITIMATE,2025-03-28T00:14:29,automated_baseline,0.89
label_003482,TRANSACTION,txn_003482,LEGITIMATE,2025-10-19T06:37:54,automated_baseline,0.9
label_003483,TRANSACTION,txn_003483,LEGITIMATE,2025-06-27T07:45:03,automated_baseline,0.86
label_003484,TRANSACTION,txn_003484,LEGITIMATE,2025-01-26T13:51:44,fraud_analyst_review,0.98
label_003485,TRANSACTION,txn_003485,LEGITIMATE,2025-08-03T08:34:20,fraud_analyst_review,0.89
label_003486,TRANSACTION,txn_003486,LEGITIMATE,2025-02-19T20:26:00,automated_baseline,0.93
label_003487,TRANSACTION,txn_003487,LEGITIMATE,2025-01-30T13:15:36,automated_baseline,0.95
label_003488,TRANSACTION,txn_003488,LEGITIMATE,2025-10-20T15:30:32,fraud_analyst_review,0.88
label_003489,TRANSACTION,txn_003489,LEGITIMATE,2025-01-07T02:10:15,fraud_analyst_review,0.88
label_003490,TRANSACTION,txn_003490,LEGITIMATE,2025-09-15T20:23:39,automated_baseline,0.91
label_003491,TRANSACTION,txn_003491,LEGITIMATE,2025-08-15T17:17:05,fraud_analyst_review,0.94
label_003492,TRANSACTION,txn_003492,LEGITIMATE,2025-01-07T01:02:06,fraud_analyst_review,0.91
label_003493,TRANSACTION,txn_003493,LEGITIMATE,2025-07-16T13:18:15,automated_baseline,0.87
label_003494,TRANSACTION,txn_003494,LEGITIMATE,2025-02-25T07:38:43,automated_baseline,0.94
label_003495,TRANSACTION,txn_003495,LEGITIMATE,2025-03-24T11:08:21,fraud_analyst_review,0.89
label_003496,TRANSACTION,txn_003496,LEGITIMATE,2025-02-13T12:06:57,automated_baseline,0.87
label_003497,TRANSACTION,txn_003497,LEGITIMATE,2025-12-21T19:35:38,fraud_analyst_review,0.85
label_003498,TRANSACTION,txn_003498,LEGITIMATE,2025-05-12T16:11:48,automated_baseline,0.91
label_003499,TRANSACTION,txn_003499,LEGITIMATE,2025-07-21T15:04:07,automated_baseline,0.97
label_003500,TRANSACTION,txn_003500,LEGITIMATE,2025-01-28T01:28:42,automated_baseline,0.91
label_003501,TRANSACTION,txn_003501,LEGITIMATE,2025-11-02T04:42:25,fraud_analyst_review,0.95
label_003502,TRANSACTION,txn_003502,LEGITIMATE,2025-06-12T04:47:39,fraud_analyst_review,0.98
label_003503,TRANSACTION,txn_003503,LEGITIMATE,2025-02-10T14:59:05,fraud_analyst_review,0.89
label_003504,TRANSACTION,txn_003504,LEGITIMATE,2025-06-27T09:33:30,fraud_analyst_review,0.98
label_003505,TRANSACTION,txn_003505,LEGITIMATE,2025-01-10T15:41:33,automated_baseline,0.92
label_003506,TRANSACTION,txn_003506,LEGITIMATE,2025-09-01T06:11:10,fraud_analyst_review,0.9
label_003507,TRANSACTION,txn_003507,LEGITIMATE,2025-07-02T06:09:36,fraud_analyst_review,0.89
label_003508,TRANSACTION,txn_003508,LEGITIMATE,2025-07-16T05:43:24,fraud_analyst_review,0.86
label_003509,TRANSACTION,txn_003509,LEGITIMATE,2025-05-13T06:16:22,fraud_analyst_review,0.86
label_003510,TRANSACTION,txn_003510,LEGITIMATE,2025-01-22T08:30:50,automated_baseline,0.9
label_003511,TRANSACTION,txn_003511,LEGITIMATE,2025-01-24T06:20:50,fraud_analyst_review,0.98
label_003512,TRANSACTION,txn_003512,LEGITIMATE,2025-04-09T11:16:52,fraud_analyst_review,0.86
label_003513,TRANSACTION,txn_003513,LEGITIMATE,2025-07-28T20:30:09,fraud_analyst_review,0.87
label_003514,TRANSACTION,txn_003514,LEGITIMATE,2025-02-18T10:40:21,fraud_analyst_review,0.85
label_003515,TRANSACTION,txn_003515,LEGITIMATE,2025-04-16T01:42:02,automated_baseline,0.86
label_003516,TRANSACTION,txn_003516,LEGITIMATE,2025-08-07T01:19:08,automated_baseline,0.95
label_003517,TRANSACTION,txn_003517,LEGITIMATE,2025-02-01T21:41:53,fraud_analyst_review,0.98
label_003518,TRANSACTION,txn_003518,LEGITIMATE,2025-11-10T06:49:19,automated_baseline,0.98
label_003519,TRANSACTION,txn_003519,LEGITIMATE,2025-07-11T18:35:09,fraud_analyst_review,0.94
label_003520,TRANSACTION,txn_003520,LEGITIMATE,2025-04-11T05:23:52,fraud_analyst_review,0.86
label_003521,TRANSACTION,txn_003521,LEGITIMATE,2025-07-01T09:39:47,automated_baseline,0.87
label_003522,TRANSACTION,txn_003522,LEGITIMATE,2025-11-19T02:36:05,fraud_analyst_review,0.94
label_003523,TRANSACTION,txn_003523,LEGITIMATE,2025-10-18T15:26:02,fraud_analyst_review,0.91
label_003524,TRANSACTION,txn_003524,LEGITIMATE,2025-10-30T08:53:38,fraud_analyst_review,0.94
label_003525,TRANSACTION,txn_003525,LEGITIMATE,2025-12-11T18:39:13,fraud_analyst_review,0.95
label_003526,TRANSACTION,txn_003526,LEGITIMATE,2025-01-30T22:23:55,automated_baseline,0.95
label_003527,TRANSACTION,txn_003527,LEGITIMATE,2025-10-24T05:36:15,fraud_analyst_review,0.9
label_003528,TRANSACTION,txn_003528,LEGITIMATE,2025-09-21T23:27:04,automated_baseline,0.91
label_003529,TRANSACTION,txn_003529,LEGITIMATE,2025-09-25T00:05:04,fraud_analyst_review,0.86
label_003530,TRANSACTION,txn_003530,LEGITIMATE,2025-06-02T09:30:35,fraud_analyst_review,0.91
label_003531,TRANSACTION,txn_003531,LEGITIMATE,2025-08-17T16:47:56,automated_baseline,0.92
label_003532,TRANSACTION,txn_003532,LEGITIMATE,2025-07-02T16:21:47,fraud_analyst_review,0.96
label_003533,TRANSACTION,txn_003533,LEGITIMATE,2025-06-24T14:43:17,automated_baseline,0.95
label_003534,TRANSACTION,txn_003534,LEGITIMATE,2025-04-12T00:11:00,fraud_analyst_review,0.95
label_003535,TRANSACTION,txn_003535,LEGITIMATE,2025-09-21T18:29:15,fraud_analyst_review,0.94
label_003536,TRANSACTION,txn_003536,LEGITIMATE,2025-08-17T22:49:06,automated_baseline,0.88
label_003537,TRANSACTION,txn_003537,LEGITIMATE,2025-11-19T00:15:30,fraud_analyst_review,0.88
label_003538,TRANSACTION,txn_003538,LEGITIMATE,2025-11-07T21:04:28,fraud_analyst_review,0.94
label_003539,TRANSACTION,txn_003539,LEGITIMATE,2025-05-21T10:15:43,automated_baseline,0.93
label_003540,TRANSACTION,txn_003540,LEGITIMATE,2025-03-19T10:17:38,fraud_analyst_review,0.9
label_003541,TRANSACTION,txn_003541,LEGITIMATE,2025-01-26T12:32:32,fraud_analyst_review,0.99
label_003542,TRANSACTION,txn_003542,LEGITIMATE,2025-06-18T00:33:50,fraud_analyst_review,0.91
label_003543,TRANSACTION,txn_003543,LEGITIMATE,2025-08-20T20:04:08,automated_baseline,0.87
label_003544,TRANSACTION,txn_003544,LEGITIMATE,2025-04-02T03:07:57,fraud_analyst_review,0.99
label_003545,TRANSACTION,txn_003545,LEGITIMATE,2025-02-16T11:43:02,automated_baseline,0.88
label_003546,TRANSACTION,txn_003546,LEGITIMATE,2025-11-23T19:54:04,automated_baseline,0.98
label_003547,TRANSACTION,txn_003547,LEGITIMATE,2025-01-13T04:31:03,fraud_analyst_review,0.85
label_003548,TRANSACTION,txn_003548,LEGITIMATE,2025-04-26T21:56:59,fraud_analyst_review,0.94
label_003549,TRANSACTION,txn_003549,LEGITIMATE,2025-08-24T03:58:44,automated_baseline,0.98
label_003550,TRANSACTION,txn_003550,LEGITIMATE,2025-12-08T12:12:05,fraud_analyst_review,0.89
label_003551,TRANSACTION,txn_003551,LEGITIMATE,2025-01-23T15:54:25,fraud_analyst_review,0.9
label_003552,TRANSACTION,txn_003552,LEGITIMATE,2025-05-15T15:44:55,automated_baseline,0.96
label_003553,TRANSACTION,txn_003553,LEGITIMATE,2025-04-24T22:38:00,fraud_analyst_review,0.9
label_003554,TRANSACTION,txn_003554,LEGITIMATE,2025-06-30T23:50:46,automated_baseline,0.89
label_003555,TRANSACTION,txn_003555,LEGITIMATE,2025-07-02T10:04:35,fraud_analyst_review,0.98
label_003556,TRANSACTION,txn_003556,LEGITIMATE,2025-04-28T13:11:21,automated_baseline,0.99
label_003557,TRANSACTION,txn_003557,LEGITIMATE,2025-06-17T00:25:48,fraud_analyst_review,0.97
label_003558,TRANSACTION,txn_003558,LEGITIMATE,2025-09-26T02:18:13,fraud_analyst_review,0.96
label_003559,TRANSACTION,txn_003559,LEGITIMATE,2025-07-30T07:58:52,fraud_analyst_review,0.9
label_003560,TRANSACTION,txn_003560,LEGITIMATE,2025-04-11T06:10:18,automated_baseline,0.88
label_003561,TRANSACTION,txn_003561,LEGITIMATE,2025-03-15T18:15:11,fraud_analyst_review,0.92
label_003562,TRANSACTION,txn_003562,LEGITIMATE,2025-09-29T15:03:45,fraud_analyst_review,0.97
label_003563,TRANSACTION,txn_003563,LEGITIMATE,2025-10-01T07:31:58,fraud_analyst_review,0.88
label_003564,TRANSACTION,txn_003564,LEGITIMATE,2025-07-20T03:23:45,fraud_analyst_review,0.97
label_003565,TRANSACTION,txn_003565,LEGITIMATE,2025-04-15T15:53:27,automated_baseline,0.93
label_003566,TRANSACTION,txn_003566,LEGITIMATE,2025-10-01T08:53:03,fraud_analyst_review,0.93
label_003567,TRANSACTION,txn_003567,LEGITIMATE,2025-10-01T18:00:22,automated_baseline,0.93
label_003568,TRANSACTION,txn_003568,LEGITIMATE,2025-05-27T02:14:15,automated_baseline,0.95
label_003569,TRANSACTION,txn_003569,LEGITIMATE,2025-12-24T15:56:36,automated_baseline,0.99
label_003570,TRANSACTION,txn_003570,LEGITIMATE,2025-01-30T21:32:48,automated_baseline,0.92
label_003571,TRANSACTION,txn_003571,LEGITIMATE,2025-05-21T20:17:47,automated_baseline,0.92
label_003572,TRANSACTION,txn_003572,LEGITIMATE,2025-02-04T05:50:58,fraud_analyst_review,0.86
label_003573,TRANSACTION,txn_003573,LEGITIMATE,2025-03-16T12:57:21,automated_baseline,0.88
label_003574,TRANSACTION,txn_003574,LEGITIMATE,2025-07-11T10:45:18,fraud_analyst_review,0.87
label_003575,TRANSACTION,txn_003575,LEGITIMATE,2025-08-04T06:47:20,fraud_analyst_review,0.93
label_003576,TRANSACTION,txn_003576,LEGITIMATE,2025-02-15T15:48:53,fraud_analyst_review,0.96
label_003577,TRANSACTION,txn_003577,LEGITIMATE,2025-07-12T11:33:09,fraud_analyst_review,0.95
label_003578,TRANSACTION,txn_003578,LEGITIMATE,2025-11-20T03:25:39,automated_baseline,0.93
label_003579,TRANSACTION,txn_003579,LEGITIMATE,2025-09-04T12:31:05,automated_baseline,0.87
label_003580,TRANSACTION,txn_003580,LEGITIMATE,2025-09-22T02:47:15,fraud_analyst_review,0.91
label_003581,TRANSACTION,txn_003581,LEGITIMATE,2025-09-22T01:38:36,automated_baseline,0.92
label_003582,TRANSACTION,txn_003582,LEGITIMATE,2025-03-31T22:36:32,automated_baseline,0.92
label_003583,TRANSACTION,txn_003583,LEGITIMATE,2025-01-18T06:32:39,fraud_analyst_review,0.87
label_003584,TRANSACTION,txn_003584,LEGITIMATE,2025-01-10T14:01:09,automated_baseline,0.91
label_003585,TRANSACTION,txn_003585,LEGITIMATE,2025-09-18T03:46:25,automated_baseline,0.98
label_003586,TRANSACTION,txn_003586,LEGITIMATE,2025-01-29T13:34:00,fraud_analyst_review,0.92
label_003587,TRANSACTION,txn_003587,LEGITIMATE,2025-11-08T02:54:49,automated_baseline,0.94
label_003588,TRANSACTION,txn_003588,LEGITIMATE,2025-05-14T19:08:14,automated_baseline,0.93
label_003589,TRANSACTION,txn_003589,LEGITIMATE,2025-05-15T21:36:14,automated_baseline,0.95
label_003590,TRANSACTION,txn_003590,LEGITIMATE,2025-01-22T07:38:54,fraud_analyst_review,0.99
label_003591,TRANSACTION,txn_003591,LEGITIMATE,2025-01-22T17:51:19,automated_baseline,0.88
label_003592,TRANSACTION,txn_003592,LEGITIMATE,2025-01-23T17:27:19,fraud_analyst_review,0.91
label_003593,TRANSACTION,txn_003593,LEGITIMATE,2025-04-21T23:26:07,fraud_analyst_review,0.93
label_003594,TRANSACTION,txn_003594,LEGITIMATE,2025-03-04T01:00:24,fraud_analyst_review,0.97
label_003595,TRANSACTION,txn_003595,LEGITIMATE,2025-06-24T01:27:45,fraud_analyst_review,0.91
label_003596,TRANSACTION,txn_003596,LEGITIMATE,2025-02-15T17:13:07,fraud_analyst_review,0.98
label_003597,TRANSACTION,txn_003597,LEGITIMATE,2025-05-02T14:35:50,fraud_analyst_review,0.85
label_003598,TRANSACTION,txn_003598,LEGITIMATE,2025-05-19T17:51:23,fraud_analyst_review,0.88
label_003599,TRANSACTION,txn_003599,LEGITIMATE,2025-02-09T18:01:22,automated_baseline,0.85
label_003600,TRANSACTION,txn_003600,LEGITIMATE,2025-10-25T12:39:08,fraud_analyst_review,0.89
label_003601,TRANSACTION,txn_003601,LEGITIMATE,2025-10-07T05:12:09,fraud_analyst_review,0.94
label_003602,TRANSACTION,txn_003602,LEGITIMATE,2025-04-04T09:11:06,fraud_analyst_review,0.92
label_003603,TRANSACTION,txn_003603,LEGITIMATE,2025-05-16T06:16:01,fraud_analyst_review,0.86
label_003604,TRANSACTION,txn_003604,LEGITIMATE,2025-09-17T04:34:48,automated_baseline,0.89
label_003605,TRANSACTION,txn_003605,LEGITIMATE,2025-07-30T20:32:56,automated_baseline,0.89
label_003606,TRANSACTION,txn_003606,LEGITIMATE,2025-09-12T04:18:22,fraud_analyst_review,0.9
label_003607,TRANSACTION,txn_003607,LEGITIMATE,2025-02-04T14:17:07,automated_baseline,0.97
label_003608,TRANSACTION,txn_003608,LEGITIMATE,2025-11-20T14:24:29,fraud_analyst_review,0.87
label_003609,TRANSACTION,txn_003609,LEGITIMATE,2025-06-01T13:34:31,fraud_analyst_review,0.94
label_003610,TRANSACTION,txn_003610,LEGITIMATE,2025-06-02T17:34:31,fraud_analyst_review,0.87
label_003611,TRANSACTION,txn_003611,LEGITIMATE,2025-11-03T03:08:53,fraud_analyst_review,0.93
label_003612,TRANSACTION,txn_003612,LEGITIMATE,2025-08-29T13:53:19,fraud_analyst_review,0.93
label_003613,TRANSACTION,txn_003613,LEGITIMATE,2025-06-14T22:43:10,fraud_analyst_review,0.9
label_003614,TRANSACTION,txn_003614,LEGITIMATE,2025-10-01T10:11:49,fraud_analyst_review,0.88
label_003615,TRANSACTION,txn_003615,LEGITIMATE,2025-10-12T10:20:31,automated_baseline,0.93
label_003616,TRANSACTION,txn_003616,LEGITIMATE,2025-11-10T06:43:27,automated_baseline,0.86
label_003617,TRANSACTION,txn_003617,LEGITIMATE,2025-09-17T22:08:53,fraud_analyst_review,0.96
label_003618,TRANSACTION,txn_003618,LEGITIMATE,2025-10-09T10:35:26,automated_baseline,0.97
label_003619,TRANSACTION,txn_003619,LEGITIMATE,2025-02-13T14:08:25,fraud_analyst_review,0.97
label_003620,TRANSACTION,txn_003620,LEGITIMATE,2025-02-24T20:24:10,automated_baseline,0.92
label_003621,TRANSACTION,txn_003621,LEGITIMATE,2025-07-29T09:41:35,automated_baseline,0.92
label_003622,TRANSACTION,txn_003622,LEGITIMATE,2025-11-23T03:15:42,automated_baseline,0.92
label_003623,TRANSACTION,txn_003623,LEGITIMATE,2025-07-14T12:49:22,automated_baseline,0.94
label_003624,TRANSACTION,txn_003624,LEGITIMATE,2025-06-06T22:05:10,fraud_analyst_review,0.87
label_003625,TRANSACTION,txn_003625,LEGITIMATE,2025-11-23T04:34:56,fraud_analyst_review,0.94
label_003626,TRANSACTION,txn_003626,LEGITIMATE,2025-01-18T01:47:59,fraud_analyst_review,0.93
label_003627,TRANSACTION,txn_003627,LEGITIMATE,2025-02-12T02:04:15,fraud_analyst_review,0.9
label_003628,TRANSACTION,txn_003628,LEGITIMATE,2025-07-01T02:17:59,fraud_analyst_review,0.96
label_003629,TRANSACTION,txn_003629,LEGITIMATE,2025-03-31T17:08:50,automated_baseline,0.97
label_003630,TRANSACTION,txn_003630,LEGITIMATE,2025-05-01T05:05:04,automated_baseline,0.95
label_003631,TRANSACTION,txn_003631,LEGITIMATE,2025-05-28T03:50:57,fraud_analyst_review,0.98
label_003632,TRANSACTION,txn_003632,LEGITIMATE,2025-04-03T22:03:29,fraud_analyst_review,0.92
label_003633,TRANSACTION,txn_003633,LEGITIMATE,2025-10-14T13:27:41,automated_baseline,0.87
label_003634,TRANSACTION,txn_003634,LEGITIMATE,2025-04-17T20:11:34,fraud_analyst_review,0.98
label_003635,TRANSACTION,txn_003635,LEGITIMATE,2025-03-26T03:31:59,fraud_analyst_review,0.98
label_003636,TRANSACTION,txn_003636,LEGITIMATE,2025-05-13T15:30:30,automated_baseline,0.99
label_003637,TRANSACTION,txn_003637,LEGITIMATE,2025-12-08T10:18:29,automated_baseline,0.92
label_003638,TRANSACTION,txn_003638,LEGITIMATE,2025-11-14T16:47:31,automated_baseline,0.91
label_003639,TRANSACTION,txn_003639,LEGITIMATE,2025-03-14T21:43:12,fraud_analyst_review,0.87
label_003640,TRANSACTION,txn_003640,LEGITIMATE,2025-03-25T03:26:12,automated_baseline,0.88
label_003641,TRANSACTION,txn_003641,LEGITIMATE,2025-12-03T07:28:10,automated_baseline,0.85
label_003642,TRANSACTION,txn_003642,LEGITIMATE,2025-07-17T05:45:04,automated_baseline,0.86
label_003643,TRANSACTION,txn_003643,LEGITIMATE,2025-06-17T16:34:44,automated_baseline,0.92
label_003644,TRANSACTION,txn_003644,LEGITIMATE,2025-01-15T12:35:07,automated_baseline,0.96
label_003645,TRANSACTION,txn_003645,LEGITIMATE,2025-07-11T11:15:44,automated_baseline,0.97
label_003646,TRANSACTION,txn_003646,LEGITIMATE,2025-07-01T07:05:59,automated_baseline,0.9
label_003647,TRANSACTION,txn_003647,LEGITIMATE,2025-01-08T13:35:09,fraud_analyst_review,0.99
label_003648,TRANSACTION,txn_003648,LEGITIMATE,2025-04-15T16:15:55,automated_baseline,0.98
label_003649,TRANSACTION,txn_003649,LEGITIMATE,2025-03-17T05:36:50,automated_baseline,0.87
label_003650,TRANSACTION,txn_003650,LEGITIMATE,2025-03-01T22:22:14,fraud_analyst_review,0.94
label_003651,TRANSACTION,txn_003651,LEGITIMATE,2025-03-04T02:13:02,fraud_analyst_review,0.92
label_003652,TRANSACTION,txn_003652,LEGITIMATE,2025-05-24T22:55:06,fraud_analyst_review,0.88
label_003653,TRANSACTION,txn_003653,LEGITIMATE,2025-03-03T20:17:06,fraud_analyst_review,0.98
label_003654,TRANSACTION,txn_003654,LEGITIMATE,2025-01-05T14:58:51,automated_baseline,0.89
label_003655,TRANSACTION,txn_003655,LEGITIMATE,2025-02-27T05:42:21,automated_baseline,0.92
label_003656,TRANSACTION,txn_003656,LEGITIMATE,2025-12-01T06:59:12,automated_baseline,0.87
label_003657,TRANSACTION,txn_003657,LEGITIMATE,2025-12-13T20:37:02,fraud_analyst_review,0.89
label_003658,TRANSACTION,txn_003658,LEGITIMATE,2025-03-25T00:44:28,fraud_analyst_review,0.97
label_003659,TRANSACTION,txn_003659,LEGITIMATE,2025-03-27T18:24:28,fraud_analyst_review,0.99
label_003660,TRANSACTION,txn_003660,LEGITIMATE,2025-09-04T03:14:31,fraud_analyst_review,0.89
label_003661,TRANSACTION,txn_003661,LEGITIMATE,2025-10-12T00:28:36,fraud_analyst_review,0.91
label_003662,TRANSACTION,txn_003662,LEGITIMATE,2025-07-22T22:31:15,automated_baseline,0.96
label_003663,TRANSACTION,txn_003663,LEGITIMATE,2025-07-22T22:46:45,automated_baseline,0.95
label_003664,TRANSACTION,txn_003664,LEGITIMATE,2025-08-28T14:14:47,automated_baseline,0.97
label_003665,TRANSACTION,txn_003665,LEGITIMATE,2025-11-08T07:37:10,automated_baseline,0.9
label_003666,TRANSACTION,txn_003666,LEGITIMATE,2025-04-17T07:17:31,fraud_analyst_review,0.86
label_003667,TRANSACTION,txn_003667,LEGITIMATE,2025-05-31T13:52:27,fraud_analyst_review,0.86
label_003668,TRANSACTION,txn_003668,LEGITIMATE,2025-10-19T10:38:47,fraud_analyst_review,0.91
label_003669,TRANSACTION,txn_003669,LEGITIMATE,2025-07-04T19:05:09,fraud_analyst_review,0.9
label_003670,TRANSACTION,txn_003670,LEGITIMATE,2025-01-25T18:02:33,fraud_analyst_review,0.89
label_003671,TRANSACTION,txn_003671,LEGITIMATE,2025-01-20T06:30:33,automated_baseline,0.9
label_003672,TRANSACTION,txn_003672,LEGITIMATE,2025-01-04T09:17:19,automated_baseline,0.87
label_003673,TRANSACTION,txn_003673,LEGITIMATE,2025-01-17T06:07:15,automated_baseline,0.95
label_003674,TRANSACTION,txn_003674,LEGITIMATE,2025-06-19T11:30:52,fraud_analyst_review,0.94
label_003675,TRANSACTION,txn_003675,LEGITIMATE,2025-02-28T04:43:04,fraud_analyst_review,0.92
label_003676,TRANSACTION,txn_003676,LEGITIMATE,2025-12-15T20:54:48,fraud_analyst_review,0.86
label_003677,TRANSACTION,txn_003677,LEGITIMATE,2025-09-15T15:49:29,fraud_analyst_review,0.98
label_003678,TRANSACTION,txn_003678,LEGITIMATE,2025-02-25T00:31:54,fraud_analyst_review,0.94
label_003679,TRANSACTION,txn_003679,LEGITIMATE,2025-03-01T15:59:59,automated_baseline,0.86
label_003680,TRANSACTION,txn_003680,LEGITIMATE,2025-04-30T08:42:19,automated_baseline,0.92
label_003681,TRANSACTION,txn_003681,LEGITIMATE,2025-06-17T23:05:52,fraud_analyst_review,0.96
label_003682,TRANSACTION,txn_003682,LEGITIMATE,2025-11-26T17:23:23,automated_baseline,0.89
label_003683,TRANSACTION,txn_003683,LEGITIMATE,2025-12-02T22:09:07,fraud_analyst_review,0.98
label_003684,TRANSACTION,txn_003684,LEGITIMATE,2025-05-14T20:06:50,automated_baseline,0.92
label_003685,TRANSACTION,txn_003685,LEGITIMATE,2025-10-26T02:46:57,fraud_analyst_review,0.96
label_003686,TRANSACTION,txn_003686,LEGITIMATE,2025-09-01T21:33:26,automated_baseline,0.94
label_003687,TRANSACTION,txn_003687,LEGITIMATE,2025-04-28T03:12:41,automated_baseline,0.87
label_003688,TRANSACTION,txn_003688,LEGITIMATE,2025-06-12T02:02:35,fraud_analyst_review,0.96
label_003689,TRANSACTION,txn_003689,LEGITIMATE,2025-11-02T18:14:35,fraud_analyst_review,0.92
label_003690,TRANSACTION,txn_003690,LEGITIMATE,2025-11-04T09:38:35,fraud_analyst_review,0.95
label_003691,TRANSACTION,txn_003691,LEGITIMATE,2025-03-24T06:52:52,automated_baseline,0.9
label_003692,TRANSACTION,txn_003692,LEGITIMATE,2025-05-27T04:05:57,fraud_analyst_review,0.97
label_003693,TRANSACTION,txn_003693,LEGITIMATE,2025-01-15T22:39:23,fraud_analyst_review,0.89
label_003694,TRANSACTION,txn_003694,LEGITIMATE,2025-01-16T16:53:23,automated_baseline,0.94
label_003695,TRANSACTION,txn_003695,LEGITIMATE,2025-06-23T10:45:29,automated_baseline,0.9
label_003696,TRANSACTION,txn_003696,LEGITIMATE,2025-10-14T01:41:18,automated_baseline,0.91
label_003697,TRANSACTION,txn_003697,LEGITIMATE,2025-04-14T08:37:25,fraud_analyst_review,0.94
label_003698,TRANSACTION,txn_003698,LEGITIMATE,2025-10-12T22:54:16,fraud_analyst_review,0.98
label_003699,TRANSACTION,txn_003699,LEGITIMATE,2025-04-06T14:21:08,fraud_analyst_review,0.96
label_003700,TRANSACTION,txn_003700,LEGITIMATE,2025-08-09T20:55:23,fraud_analyst_review,0.9
label_003701,TRANSACTION,txn_003701,LEGITIMATE,2025-02-13T20:03:53,fraud_analyst_review,0.92
label_003702,TRANSACTION,txn_003702,LEGITIMATE,2025-06-27T22:49:33,automated_baseline,0.97
label_003703,TRANSACTION,txn_003703,LEGITIMATE,2025-10-17T18:30:03,automated_baseline,0.93
label_003704,TRANSACTION,txn_003704,LEGITIMATE,2025-11-24T07:01:22,automated_baseline,0.89
label_003705,TRANSACTION,txn_003705,LEGITIMATE,2025-10-14T16:41:38,automated_baseline,0.91
label_003706,TRANSACTION,txn_003706,LEGITIMATE,2025-06-16T13:19:54,fraud_analyst_review,0.86
label_003707,TRANSACTION,txn_003707,LEGITIMATE,2025-12-14T23:53:31,fraud_analyst_review,0.96
label_003708,TRANSACTION,txn_003708,LEGITIMATE,2025-03-24T17:02:03,automated_baseline,0.91
label_003709,TRANSACTION,txn_003709,LEGITIMATE,2025-09-14T16:42:53,fraud_analyst_review,0.92
label_003710,TRANSACTION,txn_003710,LEGITIMATE,2025-01-20T07:22:22,fraud_analyst_review,0.9
label_003711,TRANSACTION,txn_003711,LEGITIMATE,2025-05-09T01:36:31,automated_baseline,0.88
label_003712,TRANSACTION,txn_003712,LEGITIMATE,2025-05-04T09:34:06,automated_baseline,0.92
label_003713,TRANSACTION,txn_003713,LEGITIMATE,2025-03-07T22:50:37,automated_baseline,0.93
label_003714,TRANSACTION,txn_003714,LEGITIMATE,2025-11-21T21:52:42,automated_baseline,0.94
label_003715,TRANSACTION,txn_003715,LEGITIMATE,2025-12-25T18:52:16,fraud_analyst_review,0.92
label_003716,TRANSACTION,txn_003716,LEGITIMATE,2025-07-14T18:24:54,automated_baseline,0.97
label_003717,TRANSACTION,txn_003717,LEGITIMATE,2025-06-27T10:09:58,automated_baseline,0.91
label_003718,TRANSACTION,txn_003718,LEGITIMATE,2025-06-15T17:42:44,fraud_analyst_review,0.95
label_003719,TRANSACTION,txn_003719,LEGITIMATE,2025-05-15T10:50:20,automated_baseline,0.88
label_003720,TRANSACTION,txn_003720,LEGITIMATE,2025-04-21T03:33:28,automated_baseline,0.85
label_003721,TRANSACTION,txn_003721,LEGITIMATE,2025-02-11T02:13:42,automated_baseline,0.95
label_003722,TRANSACTION,txn_003722,LEGITIMATE,2025-07-16T12:03:36,fraud_analyst_review,0.97
label_003723,TRANSACTION,txn_003723,LEGITIMATE,2025-01-29T18:01:58,automated_baseline,0.99
label_003724,TRANSACTION,txn_003724,LEGITIMATE,2025-06-09T20:53:45,automated_baseline,0.87
label_003725,TRANSACTION,txn_003725,LEGITIMATE,2025-07-10T00:59:02,fraud_analyst_review,0.93
label_003726,TRANSACTION,txn_003726,LEGITIMATE,2025-11-07T18:19:07,automated_baseline,0.86
label_003727,TRANSACTION,txn_003727,LEGITIMATE,2025-02-12T19:49:32,fraud_analyst_review,0.89
label_003728,TRANSACTION,txn_003728,LEGITIMATE,2025-04-29T14:03:47,fraud_analyst_review,0.9
label_003729,TRANSACTION,txn_003729,LEGITIMATE,2025-10-03T08:06:22,automated_baseline,0.94
label_003730,TRANSACTION,txn_003730,LEGITIMATE,2025-12-23T15:50:12,automated_baseline,0.98
label_003731,TRANSACTION,txn_003731,LEGITIMATE,2025-05-01T14:01:04,fraud_analyst_review,0.9
label_003732,TRANSACTION,txn_003732,LEGITIMATE,2025-04-24T20:46:24,fraud_analyst_review,0.95
label_003733,TRANSACTION,txn_003733,LEGITIMATE,2025-06-14T16:40:26,fraud_analyst_review,0.91
label_003734,TRANSACTION,txn_003734,LEGITIMATE,2025-11-14T16:45:10,automated_baseline,0.99
label_003735,TRANSACTION,txn_003735,LEGITIMATE,2025-01-14T00:14:40,automated_baseline,0.92
label_003736,TRANSACTION,txn_003736,LEGITIMATE,2025-08-30T17:00:32,automated_baseline,0.98
label_003737,TRANSACTION,txn_003737,LEGITIMATE,2025-06-19T18:40:55,fraud_analyst_review,0.92
label_003738,TRANSACTION,txn_003738,LEGITIMATE,2025-04-29T08:02:48,fraud_analyst_review,0.92
label_003739,TRANSACTION,txn_003739,LEGITIMATE,2025-06-27T23:13:23,automated_baseline,0.98
label_003740,TRANSACTION,txn_003740,LEGITIMATE,2025-02-07T12:15:46,fraud_analyst_review,0.9
label_003741,TRANSACTION,txn_003741,LEGITIMATE,2025-01-09T02:41:13,fraud_analyst_review,0.98
label_003742,TRANSACTION,txn_003742,LEGITIMATE,2025-10-13T04:58:08,automated_baseline,0.9
label_003743,TRANSACTION,txn_003743,LEGITIMATE,2025-04-07T15:36:45,automated_baseline,0.99
label_003744,TRANSACTION,txn_003744,LEGITIMATE,2025-03-22T00:26:57,fraud_analyst_review,0.91
label_003745,TRANSACTION,txn_003745,LEGITIMATE,2025-06-06T23:11:02,fraud_analyst_review,0.88
label_003746,TRANSACTION,txn_003746,LEGITIMATE,2025-08-13T02:12:22,fraud_analyst_review,0.86
label_003747,TRANSACTION,txn_003747,LEGITIMATE,2025-12-10T12:09:26,fraud_analyst_review,0.96
label_003748,TRANSACTION,txn_003748,LEGITIMATE,2025-11-08T10:23:25,automated_baseline,0.96
label_003749,TRANSACTION,txn_003749,LEGITIMATE,2025-03-11T00:10:05,automated_baseline,0.95
label_003750,TRANSACTION,txn_003750,LEGITIMATE,2025-06-13T21:09:40,fraud_analyst_review,0.93
label_003751,TRANSACTION,txn_003751,LEGITIMATE,2025-03-08T17:16:34,fraud_analyst_review,0.98
label_003752,TRANSACTION,txn_003752,LEGITIMATE,2025-06-21T14:23:43,fraud_analyst_review,0.87
label_003753,TRANSACTION,txn_003753,LEGITIMATE,2025-01-01T09:43:14,automated_baseline,0.87
label_003754,TRANSACTION,txn_003754,LEGITIMATE,2025-05-11T19:56:59,automated_baseline,0.95
label_003755,TRANSACTION,txn_003755,LEGITIMATE,2025-05-14T17:36:59,fraud_analyst_review,0.99
label_003756,TRANSACTION,txn_003756,LEGITIMATE,2025-04-30T11:09:49,fraud_analyst_review,0.93
label_003757,TRANSACTION,txn_003757,LEGITIMATE,2025-03-23T09:44:14,fraud_analyst_review,0.85
label_003758,TRANSACTION,txn_003758,LEGITIMATE,2025-05-23T23:12:30,fraud_analyst_review,0.88
label_003759,TRANSACTION,txn_003759,LEGITIMATE,2025-12-20T20:17:01,fraud_analyst_review,0.85
label_003760,TRANSACTION,txn_003760,LEGITIMATE,2025-09-26T20:35:20,fraud_analyst_review,0.99
label_003761,TRANSACTION,txn_003761,LEGITIMATE,2025-02-28T13:58:02,fraud_analyst_review,0.92
label_003762,TRANSACTION,txn_003762,LEGITIMATE,2025-07-06T23:02:20,fraud_analyst_review,0.89
label_003763,TRANSACTION,txn_003763,LEGITIMATE,2025-04-06T01:15:50,automated_baseline,0.88
label_003764,TRANSACTION,txn_003764,LEGITIMATE,2025-07-19T00:45:12,automated_baseline,0.9
label_003765,TRANSACTION,txn_003765,LEGITIMATE,2025-02-09T19:52:03,fraud_analyst_review,0.86
label_003766,TRANSACTION,txn_003766,LEGITIMATE,2025-10-12T13:50:10,fraud_analyst_review,0.98
label_003767,TRANSACTION,txn_003767,LEGITIMATE,2025-12-27T21:11:34,automated_baseline,0.93
label_003768,TRANSACTION,txn_003768,LEGITIMATE,2025-07-27T16:02:20,fraud_analyst_review,0.98
label_003769,TRANSACTION,txn_003769,LEGITIMATE,2025-09-04T10:27:44,automated_baseline,0.88
label_003770,TRANSACTION,txn_003770,LEGITIMATE,2025-04-10T13:06:40,fraud_analyst_review,0.99
label_003771,TRANSACTION,txn_003771,LEGITIMATE,2025-07-25T03:36:45,fraud_analyst_review,0.86
label_003772,TRANSACTION,txn_003772,LEGITIMATE,2025-07-03T13:41:50,fraud_analyst_review,0.92
label_003773,TRANSACTION,txn_003773,LEGITIMATE,2025-06-30T16:17:34,fraud_analyst_review,0.92
label_003774,TRANSACTION,txn_003774,LEGITIMATE,2025-06-16T13:36:07,fraud_analyst_review,0.94
label_003775,TRANSACTION,txn_003775,LEGITIMATE,2025-12-05T09:47:01,fraud_analyst_review,0.9
label_003776,TRANSACTION,txn_003776,LEGITIMATE,2025-08-29T07:12:35,fraud_analyst_review,0.91
label_003777,TRANSACTION,txn_003777,LEGITIMATE,2025-10-21T17:20:11,fraud_analyst_review,0.96
label_003778,TRANSACTION,txn_003778,LEGITIMATE,2025-11-29T14:51:28,automated_baseline,0.97
label_003779,TRANSACTION,txn_003779,LEGITIMATE,2025-12-13T00:23:42,automated_baseline,0.86
label_003780,TRANSACTION,txn_003780,LEGITIMATE,2025-12-27T09:21:44,fraud_analyst_review,0.89
label_003781,TRANSACTION,txn_003781,LEGITIMATE,2025-02-19T09:43:07,fraud_analyst_review,0.94
label_003782,TRANSACTION,txn_003782,LEGITIMATE,2025-12-31T05:17:30,automated_baseline,0.92
label_003783,TRANSACTION,txn_003783,LEGITIMATE,2025-11-25T00:30:37,automated_baseline,0.92
label_003784,TRANSACTION,txn_003784,LEGITIMATE,2025-06-26T02:55:09,automated_baseline,0.86
label_003785,TRANSACTION,txn_003785,LEGITIMATE,2025-06-04T01:15:12,automated_baseline,0.93
label_003786,TRANSACTION,txn_003786,LEGITIMATE,2025-05-05T10:45:03,automated_baseline,0.87
label_003787,TRANSACTION,txn_003787,LEGITIMATE,2025-06-13T12:56:50,fraud_analyst_review,0.98
label_003788,TRANSACTION,txn_003788,LEGITIMATE,2025-05-01T13:23:11,fraud_analyst_review,0.89
label_003789,TRANSACTION,txn_003789,LEGITIMATE,2025-05-28T19:07:13,fraud_analyst_review,0.89
label_003790,TRANSACTION,txn_003790,LEGITIMATE,2025-11-23T06:42:57,fraud_analyst_review,0.97
label_003791,TRANSACTION,txn_003791,LEGITIMATE,2025-01-09T03:12:24,automated_baseline,0.97
label_003792,TRANSACTION,txn_003792,LEGITIMATE,2025-04-14T12:32:54,automated_baseline,0.9
label_003793,TRANSACTION,txn_003793,LEGITIMATE,2025-02-23T15:43:01,automated_baseline,0.89
label_003794,TRANSACTION,txn_003794,LEGITIMATE,2025-01-20T02:55:37,fraud_analyst_review,0.91
label_003795,TRANSACTION,txn_003795,LEGITIMATE,2025-09-01T16:55:10,automated_baseline,0.88
label_003796,TRANSACTION,txn_003796,LEGITIMATE,2025-11-07T19:20:14,fraud_analyst_review,0.91
label_003797,TRANSACTION,txn_003797,LEGITIMATE,2025-10-18T11:13:17,fraud_analyst_review,0.98
label_003798,TRANSACTION,txn_003798,LEGITIMATE,2025-07-08T04:30:40,fraud_analyst_review,0.93
label_003799,TRANSACTION,txn_003799,LEGITIMATE,2025-12-26T19:46:30,automated_baseline,0.9
label_003800,TRANSACTION,txn_003800,LEGITIMATE,2025-02-06T00:36:24,automated_baseline,0.85
label_003801,TRANSACTION,txn_003801,LEGITIMATE,2025-10-15T11:43:27,fraud_analyst_review,0.97
label_003802,TRANSACTION,txn_003802,LEGITIMATE,2025-02-14T14:49:40,fraud_analyst_review,0.99
label_003803,TRANSACTION,txn_003803,LEGITIMATE,2025-06-18T10:56:32,automated_baseline,0.92
label_003804,TRANSACTION,txn_003804,LEGITIMATE,2025-06-09T17:34:00,fraud_analyst_review,0.89
label_003805,TRANSACTION,txn_003805,LEGITIMATE,2025-09-10T16:08:11,automated_baseline,0.88
label_003806,TRANSACTION,txn_003806,LEGITIMATE,2025-05-19T10:28:39,fraud_analyst_review,0.86
label_003807,TRANSACTION,txn_003807,LEGITIMATE,2025-05-09T15:18:15,automated_baseline,0.97
label_003808,TRANSACTION,txn_003808,LEGITIMATE,2025-04-18T15:20:09,fraud_analyst_review,0.97
label_003809,TRANSACTION,txn_003809,LEGITIMATE,2025-02-05T18:55:54,automated_baseline,0.91
label_003810,TRANSACTION,txn_003810,LEGITIMATE,2025-09-24T13:21:44,automated_baseline,0.99
label_003811,TRANSACTION,txn_003811,LEGITIMATE,2025-01-13T11:37:08,fraud_analyst_review,0.86
label_003812,TRANSACTION,txn_003812,LEGITIMATE,2025-06-02T14:23:30,automated_baseline,0.96
label_003813,TRANSACTION,txn_003813,LEGITIMATE,2025-11-24T15:38:38,fraud_analyst_review,0.96
label_003814,TRANSACTION,txn_003814,LEGITIMATE,2025-10-15T17:22:24,fraud_analyst_review,0.92
label_003815,TRANSACTION,txn_003815,LEGITIMATE,2025-08-20T13:49:13,fraud_analyst_review,0.96
label_003816,TRANSACTION,txn_003816,LEGITIMATE,2025-04-15T11:11:49,fraud_analyst_review,0.94
label_003817,TRANSACTION,txn_003817,LEGITIMATE,2025-10-13T15:02:42,fraud_analyst_review,0.91
label_003818,TRANSACTION,txn_003818,LEGITIMATE,2025-01-06T17:42:45,fraud_analyst_review,0.94
label_003819,TRANSACTION,txn_003819,LEGITIMATE,2025-09-15T10:56:24,automated_baseline,0.85
label_003820,TRANSACTION,txn_003820,LEGITIMATE,2025-05-02T12:28:01,automated_baseline,0.86
label_003821,TRANSACTION,txn_003821,LEGITIMATE,2025-03-14T17:24:27,fraud_analyst_review,0.95
label_003822,TRANSACTION,txn_003822,LEGITIMATE,2025-02-10T16:30:21,automated_baseline,0.95
label_003823,TRANSACTION,txn_003823,LEGITIMATE,2025-08-13T17:36:35,fraud_analyst_review,0.86
label_003824,TRANSACTION,txn_003824,LEGITIMATE,2025-09-15T16:18:25,automated_baseline,0.87
label_003825,TRANSACTION,txn_003825,LEGITIMATE,2025-09-05T10:56:11,automated_baseline,0.95
label_003826,TRANSACTION,txn_003826,LEGITIMATE,2025-07-21T18:33:18,fraud_analyst_review,0.89
label_003827,TRANSACTION,txn_003827,LEGITIMATE,2025-03-21T09:51:33,automated_baseline,0.97
label_003828,TRANSACTION,txn_003828,LEGITIMATE,2025-10-27T10:38:57,fraud_analyst_review,0.96
label_003829,TRANSACTION,txn_003829,LEGITIMATE,2025-12-29T15:03:59,fraud_analyst_review,0.99
label_003830,TRANSACTION,txn_003830,LEGITIMATE,2025-05-03T11:25:32,fraud_analyst_review,0.97
label_003831,TRANSACTION,txn_003831,LEGITIMATE,2025-09-15T17:39:52,fraud_analyst_review,0.95
label_003832,TRANSACTION,txn_003832,LEGITIMATE,2025-09-29T11:55:03,automated_baseline,0.92
label_003833,TRANSACTION,txn_003833,LEGITIMATE,2025-10-07T11:42:39,fraud_analyst_review,0.88
label_003834,TRANSACTION,txn_003834,LEGITIMATE,2025-04-05T11:51:13,automated_baseline,0.85
label_003835,TRANSACTION,txn_003835,LEGITIMATE,2025-12-08T11:43:40,fraud_analyst_review,0.93
label_003836,TRANSACTION,txn_003836,LEGITIMATE,2025-06-09T17:58:58,automated_baseline,0.92
label_003837,TRANSACTION,txn_003837,LEGITIMATE,2025-04-28T15:27:16,fraud_analyst_review,0.97
label_003838,TRANSACTION,txn_003838,LEGITIMATE,2025-01-14T19:40:26,automated_baseline,0.86
label_003839,TRANSACTION,txn_003839,LEGITIMATE,2025-08-05T18:43:24,automated_baseline,0.96
label_003840,TRANSACTION,txn_003840,LEGITIMATE,2025-01-21T15:10:29,fraud_analyst_review,0.89
label_003841,TRANSACTION,txn_003841,LEGITIMATE,2025-03-13T11:19:31,automated_baseline,0.96
label_003842,TRANSACTION,txn_003842,LEGITIMATE,2025-10-17T11:00:00,automated_baseline,0.86
label_003843,TRANSACTION,txn_003843,LEGITIMATE,2025-06-23T16:05:47,automated_baseline,0.87
label_003844,TRANSACTION,txn_003844,LEGITIMATE,2025-10-30T15:23:01,fraud_analyst_review,0.97
label_003845,TRANSACTION,txn_003845,LEGITIMATE,2025-07-03T17:47:48,fraud_analyst_review,0.96
label_003846,TRANSACTION,txn_003846,LEGITIMATE,2025-09-11T15:20:04,fraud_analyst_review,0.85
label_003847,TRANSACTION,txn_003847,LEGITIMATE,2025-12-08T14:11:58,fraud_analyst_review,0.88
label_003848,TRANSACTION,txn_003848,LEGITIMATE,2025-06-12T10:46:34,automated_baseline,0.87
label_003849,TRANSACTION,txn_003849,LEGITIMATE,2025-05-07T14:17:41,fraud_analyst_review,0.9
label_003850,TRANSACTION,txn_003850,LEGITIMATE,2025-07-14T16:53:52,fraud_analyst_review,0.92
label_003851,TRANSACTION,txn_003851,LEGITIMATE,2025-11-27T18:02:05,fraud_analyst_review,0.85
label_003852,TRANSACTION,txn_003852,LEGITIMATE,2025-09-01T14:39:39,fraud_analyst_review,0.92
label_003853,TRANSACTION,txn_003853,LEGITIMATE,2025-06-09T13:24:49,automated_baseline,0.86
label_003854,TRANSACTION,txn_003854,LEGITIMATE,2025-11-05T19:48:34,automated_baseline,0.95
label_003855,TRANSACTION,txn_003855,LEGITIMATE,2025-10-06T11:59:07,automated_baseline,0.97
label_003856,TRANSACTION,txn_003856,LEGITIMATE,2025-12-01T19:34:04,fraud_analyst_review,0.89
label_003857,TRANSACTION,txn_003857,LEGITIMATE,2025-12-31T17:00:24,fraud_analyst_review,0.88
label_003858,TRANSACTION,txn_003858,LEGITIMATE,2025-03-07T10:44:15,automated_baseline,0.89
label_003859,TRANSACTION,txn_003859,LEGITIMATE,2025-09-02T12:18:27,automated_baseline,0.97
label_003860,TRANSACTION,txn_003860,LEGITIMATE,2025-09-04T12:40:51,automated_baseline,0.95
label_003861,TRANSACTION,txn_003861,LEGITIMATE,2025-01-23T10:42:17,fraud_analyst_review,0.93
label_003862,TRANSACTION,txn_003862,LEGITIMATE,2025-12-08T13:56:34,automated_baseline,0.88
label_003863,TRANSACTION,txn_003863,LEGITIMATE,2025-02-04T09:48:23,automated_baseline,0.97
label_003864,TRANSACTION,txn_003864,LEGITIMATE,2025-10-09T19:37:55,fraud_analyst_review,0.9
label_003865,TRANSACTION,txn_003865,LEGITIMATE,2025-11-19T19:15:37,fraud_analyst_review,0.98
label_003866,TRANSACTION,txn_003866,LEGITIMATE,2025-06-25T18:43:15,automated_baseline,0.89
label_003867,TRANSACTION,txn_003867,LEGITIMATE,2025-08-20T18:02:50,fraud_analyst_review,0.86
label_003868,TRANSACTION,txn_003868,LEGITIMATE,2025-12-08T10:02:18,automated_baseline,0.92
label_003869,TRANSACTION,txn_003869,LEGITIMATE,2025-09-09T12:08:18,fraud_analyst_review,0.93
label_003870,CASE,case_000001,LEGITIMATE,2025-11-21T16:43:50,fraud_analyst_review,0.98
label_003871,CASE,case_000002,LEGITIMATE,2025-11-11T14:38:58,fraud_analyst_review,0.92
label_003872,CASE,case_000003,LEGITIMATE,2025-08-25T15:10:46,automated_baseline,0.88
label_003873,CASE,case_000004,LEGITIMATE,2025-05-01T13:13:15,automated_baseline,0.98
label_003874,CASE,case_000005,LEGITIMATE,2025-09-15T16:50:21,automated_baseline,0.94
label_003875,CASE,case_000006,LEGITIMATE,2025-08-01T14:09:05,automated_baseline,0.86
label_003876,CASE,case_000007,LEGITIMATE,2025-11-24T18:04:35,automated_baseline,0.99
label_003877,CASE,case_000008,LEGITIMATE,2025-12-03T15:25:49,fraud_analyst_review,0.94
label_003878,CASE,case_000009,LEGITIMATE,2025-09-22T13:28:52,automated_baseline,0.97
label_003879,CASE,case_000010,LEGITIMATE,2025-03-07T13:28:42,fraud_analyst_review,0.88
label_003880,CASE,case_000011,LEGITIMATE,2025-11-17T16:20:57,fraud_analyst_review,0.93
label_003881,CASE,case_000012,LEGITIMATE,2025-03-05T11:06:28,fraud_analyst_review,0.94
label_003882,CASE,case_000013,LEGITIMATE,2025-07-14T12:34:23,fraud_analyst_review,0.86
label_003883,CASE,case_000014,LEGITIMATE,2025-08-22T12:06:00,automated_baseline,0.93
label_003884,CASE,case_000015,LEGITIMATE,2025-02-12T13:00:54,fraud_analyst_review,0.91
label_003885,CASE,case_000016,LEGITIMATE,2025-02-10T11:12:07,automated_baseline,0.95
label_003886,CASE,case_000017,LEGITIMATE,2025-02-10T19:21:38,automated_baseline,0.87
label_003887,CASE,case_000018,LEGITIMATE,2025-02-23T18:46:25,automated_baseline,0.98
label_003888,CASE,case_000019,LEGITIMATE,2025-11-21T11:32:15,fraud_analyst_review,0.98
label_003889,CASE,case_000020,LEGITIMATE,2025-06-26T14:43:20,automated_baseline,0.97
label_003890,CASE,case_000021,LEGITIMATE,2025-11-02T10:26:50,automated_baseline,0.9
label_003891,CASE,case_000022,LEGITIMATE,2025-04-10T10:14:12,fraud_analyst_review,0.95
label_003892,CASE,case_000023,LEGITIMATE,2025-01-10T09:55:59,fraud_analyst_review,0.88
label_003893,CASE,case_000024,LEGITIMATE,2025-02-02T11:00:23,fraud_analyst_review,0.85
label_003894,CASE,case_000025,LEGITIMATE,2025-11-11T17:21:51,fraud_analyst_review,0.92
label_003895,CASE,case_000026,LEGITIMATE,2025-05-16T10:55:50,fraud_analyst_review,0.93
label_003896,CASE,case_000027,LEGITIMATE,2025-11-06T14:13:22,automated_baseline,0.94
label_003897,CASE,case_000028,LEGITIMATE,2025-02-10T13:29:56,automated_baseline,0.93
label_003898,CASE,case_000029,LEGITIMATE,2025-07-07T12:16:58,automated_baseline,0.89
label_003899,CASE,case_000030,LEGITIMATE,2025-08-13T13:48:15,fraud_analyst_review,0.95
label_003900,CASE,case_000031,LEGITIMATE,2025-03-24T14:53:59,automated_baseline,0.88
label_003901,CASE,case_000032,LEGITIMATE,2025-07-21T19:09:08,fraud_analyst_review,0.92
label_003902,CASE,case_000033,LEGITIMATE,2025-12-22T19:24:45,automated_baseline,0.87
label_003903,CASE,case_000034,LEGITIMATE,2025-01-14T16:20:55,automated_baseline,0.92
label_003904,CASE,case_000035,LEGITIMATE,2025-07-07T17:28:05,automated_baseline,0.95
label_003905,CASE,case_000036,LEGITIMATE,2025-09-09T19:10:05,automated_baseline,0.88
label_003906,CASE,case_000037,LEGITIMATE,2025-03-04T12:57:13,fraud_analyst_review,0.88
label_003907,CASE,case_000038,LEGITIMATE,2025-12-31T18:34:29,fraud_analyst_review,0.95
label_003908,CASE,case_000039,LEGITIMATE,2025-12-22T14:32:17,fraud_analyst_review,0.86
label_003909,CASE,case_000040,LEGITIMATE,2025-03-26T17:52:39,automated_baseline,0.89
label_003910,CASE,case_000041,LEGITIMATE,2025-03-24T11:42:12,fraud_analyst_review,0.85
label_003911,CASE,case_000042,LEGITIMATE,2025-11-26T17:17:14,automated_baseline,0.98
label_003912,CASE,case_000043,LEGITIMATE,2025-03-23T12:56:55,fraud_analyst_review,0.92
label_003913,CASE,case_000044,LEGITIMATE,2025-06-24T13:24:18,fraud_analyst_review,0.98
label_003914,CASE,case_000045,LEGITIMATE,2025-06-27T18:37:17,automated_baseline,0.91
label_003915,CASE,case_000046,LEGITIMATE,2025-05-20T14:20:00,fraud_analyst_review,0.94
label_003916,CASE,case_000047,LEGITIMATE,2025-12-22T15:34:11,automated_baseline,0.89
label_003917,CASE,case_000048,LEGITIMATE,2025-04-29T15:02:23,fraud_analyst_review,0.89
label_003918,CASE,case_000049,LEGITIMATE,2025-12-06T16:30:20,fraud_analyst_review,0.87
label_003919,CASE,case_000050,LEGITIMATE,2025-12-09T16:24:58,fraud_analyst_review,0.96
label_003920,CASE,case_000051,LEGITIMATE,2025-12-29T12:36:01,fraud_analyst_review,0.91
label_003921,CASE,case_000052,LEGITIMATE,2025-11-10T14:12:59,fraud_analyst_review,0.93
label_003922,CASE,case_000053,LEGITIMATE,2025-03-03T19:22:48,automated_baseline,0.85
label_003923,CASE,case_000054,LEGITIMATE,2025-03-10T11:01:35,automated_baseline,0.85
label_003924,CASE,case_000055,LEGITIMATE,2025-01-03T18:54:32,automated_baseline,0.93
label_003925,CASE,case_000056,LEGITIMATE,2025-04-01T11:16:41,fraud_analyst_review,0.96
label_003926,CASE,case_000057,LEGITIMATE,2025-12-15T18:26:13,fraud_analyst_review,0.97
label_003927,CASE,case_000058,LEGITIMATE,2025-10-27T15:32:01,automated_baseline,0.87
label_003928,CASE,case_000059,LEGITIMATE,2025-08-26T19:58:36,automated_baseline,0.9
label_003929,CASE,case_000060,LEGITIMATE,2025-03-28T16:12:02,fraud_analyst_review,0.86
label_003930,CASE,case_000061,LEGITIMATE,2025-09-01T09:28:30,fraud_analyst_review,0.86
label_003931,CASE,case_000062,LEGITIMATE,2025-07-14T17:22:09,fraud_analyst_review,0.97
label_003932,CASE,case_000063,LEGITIMATE,2025-10-06T15:28:49,fraud_analyst_review,0.98
label_003933,CASE,case_000064,LEGITIMATE,2025-10-21T20:08:45,fraud_analyst_review,0.93
label_003934,CASE,case_000065,LEGITIMATE,2025-08-15T10:54:37,fraud_analyst_review,0.89
label_003935,CASE,case_000066,LEGITIMATE,2025-09-01T14:42:43,automated_baseline,0.87
label_003936,CASE,case_000067,LEGITIMATE,2025-05-23T18:14:13,automated_baseline,0.99
label_003937,CASE,case_000068,LEGITIMATE,2025-12-05T16:20:31,automated_baseline,0.96
label_003938,CASE,case_000069,LEGITIMATE,2025-11-03T16:06:31,fraud_analyst_review,0.91
label_003939,CASE,case_000070,LEGITIMATE,2025-01-23T17:28:38,automated_baseline,0.88
label_003940,CASE,case_000071,LEGITIMATE,2025-06-23T16:05:34,automated_baseline,0.96
label_003941,CASE,case_000072,LEGITIMATE,2025-01-03T12:23:47,fraud_analyst_review,0.97
label_003942,CASE,case_000073,LEGITIMATE,2025-06-05T13:56:37,automated_baseline,0.91
label_003943,CASE,case_000074,LEGITIMATE,2025-08-04T10:36:30,fraud_analyst_review,0.97
label_003944,CASE,case_000075,LEGITIMATE,2025-10-31T06:00:38,automated_baseline,0.89
label_003945,CASE,case_000076,LEGITIMATE,2025-12-12T17:12:17,fraud_analyst_review,0.96
label_003946,CASE,case_000077,LEGITIMATE,2025-06-18T08:45:52,fraud_analyst_review,0.98
label_003947,CASE,case_000078,LEGITIMATE,2025-05-14T10:54:33,automated_baseline,0.9
label_003948,CASE,case_000079,LEGITIMATE,2025-09-11T15:48:09,fraud_analyst_review,0.93
label_003949,CASE,case_000080,LEGITIMATE,2025-01-28T13:38:40,fraud_analyst_review,0.89
label_003950,CASE,case_000081,LEGITIMATE,2025-09-05T19:58:10,automated_baseline,0.9
label_003951,CASE,case_000082,LEGITIMATE,2025-02-01T20:25:44,automated_baseline,0.95
label_003952,CASE,case_000083,LEGITIMATE,2025-01-30T17:54:15,automated_baseline,0.96
label_003953,CASE,case_000084,LEGITIMATE,2025-04-19T06:39:20,fraud_analyst_review,0.86
label_003954,CASE,case_000085,LEGITIMATE,2025-10-30T10:13:03,automated_baseline,0.89
label_003955,CASE,case_000086,LEGITIMATE,2025-11-29T10:07:03,automated_baseline,0.95
label_003956,CASE,case_000087,LEGITIMATE,2025-07-20T22:55:42,fraud_analyst_review,0.95
label_003957,CASE,case_000088,LEGITIMATE,2025-03-11T07:32:14,automated_baseline,0.9
label_003958,CASE,case_000089,LEGITIMATE,2025-11-04T23:47:59,automated_baseline,0.98
label_003959,CASE,case_000090,LEGITIMATE,2025-09-29T11:33:16,automated_baseline,0.96
label_003960,CASE,case_000091,LEGITIMATE,2026-01-06T23:15:04,fraud_analyst_review,0.98
label_003961,CASE,case_000092,LEGITIMATE,2025-04-28T13:25:59,fraud_analyst_review,0.98
label_003962,CASE,case_000093,LEGITIMATE,2025-08-10T05:56:33,fraud_analyst_review,0.9
label_003963,TRANSACTION,txn_003870,INTERNAL_COLLUSION,2025-08-17T04:44:12,consumer_dispute,0.69
label_003964,TRANSACTION,txn_003871,INTERNAL_COLLUSION,2025-11-18T00:49:44,consumer_dispute,0.72
label_003965,TRANSACTION,txn_003872,INTERNAL_COLLUSION,2025-04-25T10:16:18,automated_rule_confirmation,0.76
label_003966,TRANSACTION,txn_003873,INTERNAL_COLLUSION,2025-12-19T15:23:35,consumer_dispute,0.63
label_003967,TRANSACTION,txn_003874,INTERNAL_COLLUSION,2025-03-17T11:17:22,internal_investigation,0.75
label_003968,TRANSACTION,txn_003875,INTERNAL_COLLUSION,2025-07-31T11:14:42,fraud_analyst_review,0.65
label_003969,TRANSACTION,txn_003876,INTERNAL_COLLUSION,2025-08-13T01:06:02,consumer_dispute,0.66
label_003970,TRANSACTION,txn_003877,INTERNAL_COLLUSION,2025-08-25T07:13:33,internal_investigation,0.78
label_003971,TRANSACTION,txn_003878,INTERNAL_COLLUSION,2025-10-13T00:28:21,fraud_analyst_review,0.65
label_003972,TRANSACTION,txn_003879,INTERNAL_COLLUSION,2025-09-29T07:27:20,fraud_analyst_review,0.74
label_003973,TRANSACTION,txn_003880,INTERNAL_COLLUSION,2025-08-12T02:53:46,automated_rule_confirmation,0.68
label_003974,TRANSACTION,txn_003881,INTERNAL_COLLUSION,2025-02-26T13:06:41,internal_investigation,0.92
label_003975,TRANSACTION,txn_003882,INTERNAL_COLLUSION,2025-08-27T16:11:01,consumer_dispute,0.63
label_003976,TRANSACTION,txn_003883,INTERNAL_COLLUSION,2025-12-21T19:41:49,fraud_analyst_review,0.89
label_003977,TRANSACTION,txn_003884,INTERNAL_COLLUSION,2025-05-02T05:49:15,fraud_analyst_review,0.9
label_003978,TRANSACTION,txn_003885,INTERNAL_COLLUSION,2025-08-09T16:26:13,internal_investigation,0.7
label_003979,TRANSACTION,txn_003886,INTERNAL_COLLUSION,2025-08-06T22:31:35,fraud_analyst_review,0.97
label_003980,TRANSACTION,txn_003887,INTERNAL_COLLUSION,2025-08-04T08:15:09,internal_investigation,0.75
label_003981,TRANSACTION,txn_003888,INTERNAL_COLLUSION,2025-07-23T11:40:20,consumer_dispute,0.96
label_003982,TRANSACTION,txn_003889,INTERNAL_COLLUSION,2025-03-29T04:22:38,internal_investigation,0.66
label_003983,TRANSACTION,txn_003890,INTERNAL_COLLUSION,2025-06-03T23:40:14,fraud_analyst_review,0.66
label_003984,TRANSACTION,txn_003891,INTERNAL_COLLUSION,2025-05-05T21:14:54,internal_investigation,0.86
label_003985,TRANSACTION,txn_003892,INTERNAL_COLLUSION,2025-09-20T11:09:19,fraud_analyst_review,0.96
label_003986,TRANSACTION,txn_003893,INTERNAL_COLLUSION,2025-11-24T18:50:08,automated_rule_confirmation,0.76
label_003987,TRANSACTION,txn_003894,INTERNAL_COLLUSION,2025-12-12T13:07:09,automated_rule_confirmation,0.69
label_003988,CASE,case_000094,INTERNAL_COLLUSION,2025-07-07T23:00:05,automated_rule_confirmation,0.83
label_003989,TRANSACTION,txn_003895,SUSPECTED_FRAUD,2026-01-04T18:56:16,consumer_dispute,0.65
label_003990,TRANSACTION,txn_003896,SUSPECTED_FRAUD,2025-01-14T12:26:09,automated_rule_confirmation,0.82
label_003991,TRANSACTION,txn_003897,SUSPECTED_FRAUD,2025-06-06T02:14:43,internal_investigation,0.63
label_003992,TRANSACTION,txn_003898,SUSPECTED_FRAUD,2025-10-13T09:06:46,consumer_dispute,0.67
label_003993,TRANSACTION,txn_003899,SUSPECTED_FRAUD,2025-06-24T22:58:40,fraud_analyst_review,0.88
label_003994,TRANSACTION,txn_003900,SUSPECTED_FRAUD,2025-08-04T18:52:10,fraud_analyst_review,0.74
label_003995,TRANSACTION,txn_003901,SUSPECTED_FRAUD,2025-04-18T21:41:13,internal_investigation,0.91
label_003996,TRANSACTION,txn_003902,SUSPECTED_FRAUD,2025-06-03T05:05:20,internal_investigation,0.92
label_003997,TRANSACTION,txn_003903,SUSPECTED_FRAUD,2025-06-12T16:05:26,automated_rule_confirmation,0.68
label_003998,TRANSACTION,txn_003904,SUSPECTED_FRAUD,2025-04-17T17:19:33,internal_investigation,0.84
label_003999,TRANSACTION,txn_003905,SUSPECTED_FRAUD,2025-07-14T17:51:26,fraud_analyst_review,0.81
label_004000,TRANSACTION,txn_003906,SUSPECTED_FRAUD,2025-05-26T21:54:28,fraud_analyst_review,0.71
label_004001,TRANSACTION,txn_003907,SUSPECTED_FRAUD,2025-11-18T19:10:24,automated_rule_confirmation,0.96
label_004002,TRANSACTION,txn_003908,INTERNAL_COLLUSION,2025-12-16T06:00:49,internal_investigation,0.75
label_004003,TRANSACTION,txn_003909,INTERNAL_COLLUSION,2025-04-27T04:52:15,fraud_analyst_review,0.77
label_004004,TRANSACTION,txn_003910,SUSPECTED_FRAUD,2025-08-18T20:47:01,internal_investigation,0.83
label_004005,TRANSACTION,txn_003911,INTERNAL_COLLUSION,2025-11-27T16:17:06,internal_investigation,0.89
label_004006,TRANSACTION,txn_003912,INTERNAL_COLLUSION,2025-10-02T08:36:07,internal_investigation,0.75
label_004007,TRANSACTION,txn_003913,SUSPECTED_FRAUD,2025-06-22T14:14:25,consumer_dispute,0.91
label_004008,TRANSACTION,txn_003914,SUSPECTED_FRAUD,2025-06-26T02:50:39,consumer_dispute,0.88
label_004009,TRANSACTION,txn_003915,SUSPECTED_FRAUD,2025-02-26T15:28:49,consumer_dispute,0.94
label_004010,TRANSACTION,txn_003916,SUSPECTED_FRAUD,2025-10-20T01:07:34,internal_investigation,0.67
label_004011,TRANSACTION,txn_003917,INTERNAL_COLLUSION,2025-08-23T09:23:36,internal_investigation,0.79
label_004012,TRANSACTION,txn_003918,SUSPECTED_FRAUD,2025-05-15T02:28:41,automated_rule_confirmation,0.95
label_004013,TRANSACTION,txn_003919,SUSPECTED_FRAUD,2025-12-12T22:46:41,internal_investigation,0.69
label_004014,CASE,case_000095,SUSPECTED_FRAUD,2025-04-08T13:46:30,internal_investigation,0.67
label_004015,TRANSACTION,txn_003920,INTERNAL_COLLUSION,2025-08-20T06:25:48,consumer_dispute,0.8
label_004016,TRANSACTION,txn_003921,INTERNAL_COLLUSION,2025-02-23T13:04:48,internal_investigation,0.87
label_004017,TRANSACTION,txn_003922,INTERNAL_COLLUSION,2025-04-06T20:41:56,automated_rule_confirmation,0.83
label_004018,TRANSACTION,txn_003923,INTERNAL_COLLUSION,2025-03-07T19:43:26,fraud_analyst_review,0.81
label_004019,TRANSACTION,txn_003924,INTERNAL_COLLUSION,2025-03-01T10:01:30,fraud_analyst_review,0.98
label_004020,TRANSACTION,txn_003925,INTERNAL_COLLUSION,2025-02-10T05:45:09,fraud_analyst_review,0.82
label_004021,TRANSACTION,txn_003926,INTERNAL_COLLUSION,2025-05-18T21:07:02,consumer_dispute,0.76
label_004022,TRANSACTION,txn_003927,INTERNAL_COLLUSION,2025-12-15T05:33:55,automated_rule_confirmation,0.94
label_004023,TRANSACTION,txn_003928,INTERNAL_COLLUSION,2025-05-13T19:25:51,consumer_dispute,0.94
label_004024,TRANSACTION,txn_003929,INTERNAL_COLLUSION,2025-04-05T00:23:05,fraud_analyst_review,0.92
label_004025,TRANSACTION,txn_003930,INTERNAL_COLLUSION,2025-10-13T08:12:06,internal_investigation,0.9
label_004026,TRANSACTION,txn_003931,INTERNAL_COLLUSION,2025-12-16T09:19:04,consumer_dispute,0.75
label_004027,TRANSACTION,txn_003932,INTERNAL_COLLUSION,2025-08-12T03:57:40,internal_investigation,0.69
label_004028,TRANSACTION,txn_003933,INTERNAL_COLLUSION,2025-05-24T17:41:10,automated_rule_confirmation,0.88
label_004029,TRANSACTION,txn_003934,INTERNAL_COLLUSION,2025-04-11T02:05:03,automated_rule_confirmation,0.87
label_004030,TRANSACTION,txn_003935,INTERNAL_COLLUSION,2025-02-19T23:27:36,consumer_dispute,0.92
label_004031,TRANSACTION,txn_003936,INTERNAL_COLLUSION,2025-11-02T03:36:37,fraud_analyst_review,0.9
label_004032,TRANSACTION,txn_003937,INTERNAL_COLLUSION,2025-11-17T17:38:59,consumer_dispute,0.81
label_004033,TRANSACTION,txn_003938,INTERNAL_COLLUSION,2025-10-04T15:17:00,fraud_analyst_review,0.77
label_004034,TRANSACTION,txn_003939,INTERNAL_COLLUSION,2025-12-29T18:46:45,internal_investigation,0.75
label_004035,TRANSACTION,txn_003940,INTERNAL_COLLUSION,2025-02-21T16:05:54,internal_investigation,0.93
label_004036,TRANSACTION,txn_003941,INTERNAL_COLLUSION,2025-05-31T16:30:05,automated_rule_confirmation,0.94
label_004037,TRANSACTION,txn_003942,INTERNAL_COLLUSION,2026-01-01T11:20:03,internal_investigation,0.63
label_004038,TRANSACTION,txn_003943,INTERNAL_COLLUSION,2025-12-18T00:05:11,consumer_dispute,0.91
label_004039,TRANSACTION,txn_003944,INTERNAL_COLLUSION,2025-02-25T13:06:32,automated_rule_confirmation,0.93
label_004040,CASE,case_000096,INTERNAL_COLLUSION,2025-08-29T02:01:13,internal_investigation,0.93
label_004041,TRANSACTION,txn_003945,FRAUD_RING,2025-04-09T00:01:09,internal_investigation,0.88
label_004042,TRANSACTION,txn_003946,FRAUD_RING,2025-11-04T03:36:03,internal_investigation,0.88
label_004043,TRANSACTION,txn_003947,SUSPECTED_FRAUD,2025-08-05T21:43:21,internal_investigation,0.83
label_004044,TRANSACTION,txn_003948,FRAUD_RING,2025-04-08T14:48:43,consumer_dispute,0.81
label_004045,TRANSACTION,txn_003949,FRAUD_RING,2025-09-02T13:35:00,fraud_analyst_review,0.64
label_004046,TRANSACTION,txn_003950,FRAUD_RING,2025-10-19T06:18:48,fraud_analyst_review,0.94
label_004047,TRANSACTION,txn_003951,SUSPECTED_FRAUD,2025-07-03T02:00:34,internal_investigation,0.88
label_004048,TRANSACTION,txn_003952,SUSPECTED_FRAUD,2025-06-02T05:44:18,fraud_analyst_review,0.98
label_004049,TRANSACTION,txn_003953,FRAUD_RING,2025-12-13T12:32:20,automated_rule_confirmation,0.86
label_004050,TRANSACTION,txn_003954,FRAUD_RING,2025-04-06T23:03:23,consumer_dispute,0.85
label_004051,TRANSACTION,txn_003955,SUSPECTED_FRAUD,2025-03-12T09:41:29,automated_rule_confirmation,0.74
label_004052,TRANSACTION,txn_003956,FRAUD_RING,2025-12-27T22:17:23,fraud_analyst_review,0.84
label_004053,TRANSACTION,txn_003957,FRAUD_RING,2025-06-28T19:17:55,fraud_analyst_review,0.65
label_004054,TRANSACTION,txn_003958,FRAUD_RING,2026-01-21T21:15:57,fraud_analyst_review,0.97
label_004055,TRANSACTION,txn_003959,FRAUD_RING,2025-07-27T20:30:57,automated_rule_confirmation,0.82
label_004056,CASE,case_000097,SUSPECTED_FRAUD,2025-10-08T21:42:05,internal_investigation,0.62
label_004057,TRANSACTION,txn_003960,FRAUD_RING,2025-08-23T07:43:29,fraud_analyst_review,0.7
label_004058,TRANSACTION,txn_003961,FRAUD_RING,2025-10-18T07:45:32,automated_rule_confirmation,0.72
label_004059,TRANSACTION,txn_003962,FRAUD_RING,2025-10-29T10:06:55,automated_rule_confirmation,0.67
label_004060,TRANSACTION,txn_003963,FRAUD_RING,2025-08-05T10:24:54,fraud_analyst_review,0.81
label_004061,TRANSACTION,txn_003964,FRAUD_RING,2025-12-24T18:38:53,automated_rule_confirmation,0.95
label_004062,TRANSACTION,txn_003965,FRAUD_RING,2025-05-30T10:25:58,consumer_dispute,0.93
label_004063,TRANSACTION,txn_003966,FRAUD_RING,2025-08-01T18:10:46,consumer_dispute,0.65
label_004064,TRANSACTION,txn_003967,FRAUD_RING,2025-03-21T12:13:51,internal_investigation,0.64
label_004065,TRANSACTION,txn_003968,FRAUD_RING,2025-10-18T16:16:36,internal_investigation,0.8
label_004066,TRANSACTION,txn_003969,FRAUD_RING,2025-12-19T10:47:40,consumer_dispute,0.97
label_004067,TRANSACTION,txn_003970,FRAUD_RING,2025-12-05T06:55:24,internal_investigation,0.8
label_004068,TRANSACTION,txn_003971,FRAUD_RING,2025-07-26T14:01:59,fraud_analyst_review,0.76
label_004069,TRANSACTION,txn_003972,FRAUD_RING,2025-03-17T18:01:36,internal_investigation,0.94
label_004070,TRANSACTION,txn_003973,FRAUD_RING,2025-01-16T20:30:29,consumer_dispute,0.68
label_004071,TRANSACTION,txn_003974,FRAUD_RING,2026-01-14T18:08:42,fraud_analyst_review,0.81
label_004072,CASE,case_000098,FRAUD_RING,2026-01-15T18:37:13,automated_rule_confirmation,0.66
label_004073,TRANSACTION,txn_003975,SUSPECTED_FRAUD,2025-04-25T17:29:37,fraud_analyst_review,0.75
label_004074,TRANSACTION,txn_003976,FRAUD_RING,2025-09-22T23:57:08,consumer_dispute,0.97
label_004075,TRANSACTION,txn_003977,FRAUD_RING,2025-12-15T23:14:15,consumer_dispute,0.91
label_004076,TRANSACTION,txn_003978,FRAUD_RING,2025-01-12T09:55:07,fraud_analyst_review,0.79
label_004077,TRANSACTION,txn_003979,FRAUD_RING,2025-05-09T15:57:21,consumer_dispute,0.66
label_004078,TRANSACTION,txn_003980,SUSPECTED_FRAUD,2025-08-19T16:33:05,fraud_analyst_review,0.91
label_004079,TRANSACTION,txn_003981,FRAUD_RING,2025-03-26T14:16:50,consumer_dispute,0.94
label_004080,TRANSACTION,txn_003982,FRAUD_RING,2025-11-21T08:58:43,internal_investigation,0.63
label_004081,TRANSACTION,txn_003983,FRAUD_RING,2025-08-26T18:18:37,consumer_dispute,0.76
label_004082,TRANSACTION,txn_003984,FRAUD_RING,2025-12-24T09:01:32,fraud_analyst_review,0.92
label_004083,TRANSACTION,txn_003985,SUSPECTED_FRAUD,2025-12-11T10:21:03,automated_rule_confirmation,0.94
label_004084,TRANSACTION,txn_003986,FRAUD_RING,2025-11-05T12:07:47,automated_rule_confirmation,0.76
label_004085,TRANSACTION,txn_003987,FRAUD_RING,2025-11-14T01:49:46,fraud_analyst_review,0.71
label_004086,TRANSACTION,txn_003988,SUSPECTED_FRAUD,2025-10-16T11:11:18,internal_investigation,0.98
label_004087,TRANSACTION,txn_003989,SUSPECTED_FRAUD,2025-01-22T18:06:28,internal_investigation,0.86
label_004088,CASE,case_000099,SUSPECTED_FRAUD,2025-12-10T04:41:26,automated_rule_confirmation,0.76
label_004089,TRANSACTION,txn_003990,FRAUD_RING,2025-08-06T21:17:16,internal_investigation,0.71
label_004090,TRANSACTION,txn_003991,FRAUD_RING,2025-10-13T23:34:00,fraud_analyst_review,0.96
label_004091,TRANSACTION,txn_003992,FRAUD_RING,2025-05-25T19:18:40,fraud_analyst_review,0.9
label_004092,TRANSACTION,txn_003993,FRAUD_RING,2025-12-06T14:29:39,consumer_dispute,0.64
label_004093,TRANSACTION,txn_003994,FRAUD_RING,2025-10-08T09:13:49,automated_rule_confirmation,0.85
label_004094,TRANSACTION,txn_003995,FRAUD_RING,2025-10-10T17:38:23,automated_rule_confirmation,0.86
label_004095,TRANSACTION,txn_003996,FRAUD_RING,2025-11-17T11:51:14,fraud_analyst_review,0.8
label_004096,TRANSACTION,txn_003997,FRAUD_RING,2025-08-19T09:37:50,internal_investigation,0.89
label_004097,TRANSACTION,txn_003998,FRAUD_RING,2025-12-12T10:22:52,fraud_analyst_review,0.75
label_004098,TRANSACTION,txn_003999,FRAUD_RING,2025-03-21T19:05:09,automated_rule_confirmation,0.85
label_004099,TRANSACTION,txn_004000,FRAUD_RING,2025-06-29T15:26:20,fraud_analyst_review,0.85
label_004100,TRANSACTION,txn_004001,FRAUD_RING,2025-10-02T14:00:18,fraud_analyst_review,0.9
label_004101,TRANSACTION,txn_004002,FRAUD_RING,2025-06-13T06:21:23,internal_investigation,0.8
label_004102,TRANSACTION,txn_004003,FRAUD_RING,2025-04-28T15:44:57,internal_investigation,0.69
label_004103,TRANSACTION,txn_004004,FRAUD_RING,2025-10-10T05:50:24,internal_investigation,0.72
label_004104,CASE,case_000100,FRAUD_RING,2025-05-22T01:59:48,fraud_analyst_review,0.68
label_004105,TRANSACTION,txn_004005,FRAUD_RING,2025-05-02T13:29:49,fraud_analyst_review,0.72
label_004106,TRANSACTION,txn_004006,FRAUD_RING,2025-03-30T04:05:16,automated_rule_confirmation,0.73
label_004107,TRANSACTION,txn_004007,FRAUD_RING,2025-08-18T04:58:27,internal_investigation,0.7
label_004108,TRANSACTION,txn_004008,FRAUD_RING,2025-03-09T04:40:00,automated_rule_confirmation,0.92
label_004109,TRANSACTION,txn_004009,FRAUD_RING,2025-11-16T05:38:18,consumer_dispute,0.84
label_004110,TRANSACTION,txn_004010,FRAUD_RING,2025-04-11T01:39:10,internal_investigation,0.99
label_004111,TRANSACTION,txn_004011,SUSPECTED_FRAUD,2025-12-17T11:44:08,fraud_analyst_review,0.85
label_004112,TRANSACTION,txn_004012,FRAUD_RING,2025-11-05T16:06:38,fraud_analyst_review,0.74
label_004113,TRANSACTION,txn_004013,SUSPECTED_FRAUD,2025-05-04T15:48:19,automated_rule_confirmation,0.79
label_004114,TRANSACTION,txn_004014,FRAUD_RING,2025-11-01T23:35:23,consumer_dispute,0.82
label_004115,TRANSACTION,txn_004015,SUSPECTED_FRAUD,2025-07-06T01:39:27,consumer_dispute,0.71
label_004116,TRANSACTION,txn_004016,SUSPECTED_FRAUD,2025-01-11T00:10:55,fraud_analyst_review,0.91
label_004117,TRANSACTION,txn_004017,SUSPECTED_FRAUD,2026-01-12T13:24:02,internal_investigation,0.98
label_004118,TRANSACTION,txn_004018,SUSPECTED_FRAUD,2026-01-06T08:48:16,internal_investigation,0.95
label_004119,TRANSACTION,txn_004019,SUSPECTED_FRAUD,2025-03-22T21:37:17,internal_investigation,0.98
label_004120,CASE,case_000101,SUSPECTED_FRAUD,2025-08-05T02:14:20,internal_investigation,0.8
label_004121,TRANSACTION,txn_004020,ACCOUNT_TAKEOVER,2025-06-06T11:20:52,consumer_dispute,0.63
label_004122,TRANSACTION,txn_004021,ACCOUNT_TAKEOVER,2025-06-19T12:23:52,automated_rule_confirmation,0.92
label_004123,TRANSACTION,txn_004022,ACCOUNT_TAKEOVER,2025-06-07T12:28:52,consumer_dispute,0.77
label_004124,TRANSACTION,txn_004023,ACCOUNT_TAKEOVER,2025-06-25T02:23:52,consumer_dispute,0.97
label_004125,TRANSACTION,txn_004024,ACCOUNT_TAKEOVER,2025-06-07T19:53:52,fraud_analyst_review,0.67
label_004126,TRANSACTION,txn_004025,ACCOUNT_TAKEOVER,2025-06-07T21:56:52,automated_rule_confirmation,0.86
label_004127,TRANSACTION,txn_004026,ACCOUNT_TAKEOVER,2025-06-06T08:04:52,automated_rule_confirmation,0.66
label_004128,TRANSACTION,txn_004027,ACCOUNT_TAKEOVER,2025-06-14T17:06:52,consumer_dispute,0.91
label_004129,TRANSACTION,txn_004028,ACCOUNT_TAKEOVER,2025-06-14T14:10:52,fraud_analyst_review,0.77
label_004130,TRANSACTION,txn_004029,ACCOUNT_TAKEOVER,2025-06-12T12:08:52,fraud_analyst_review,0.94
label_004131,TRANSACTION,txn_004030,ACCOUNT_TAKEOVER,2025-06-15T06:12:52,automated_rule_confirmation,0.79
label_004132,TRANSACTION,txn_004031,ACCOUNT_TAKEOVER,2025-07-05T08:10:52,fraud_analyst_review,0.7
label_004133,TRANSACTION,txn_004032,ACCOUNT_TAKEOVER,2025-06-07T11:20:52,internal_investigation,0.7
label_004134,TRANSACTION,txn_004033,ACCOUNT_TAKEOVER,2025-06-19T12:24:52,consumer_dispute,0.81
label_004135,TRANSACTION,txn_004034,ACCOUNT_TAKEOVER,2025-09-11T12:45:48,consumer_dispute,0.7
label_004136,TRANSACTION,txn_004035,ACCOUNT_TAKEOVER,2025-08-26T18:46:48,consumer_dispute,0.89
label_004137,TRANSACTION,txn_004036,ACCOUNT_TAKEOVER,2025-09-01T06:51:48,consumer_dispute,0.68
label_004138,TRANSACTION,txn_004037,ACCOUNT_TAKEOVER,2025-08-26T22:51:48,fraud_analyst_review,0.95
label_004139,TRANSACTION,txn_004038,ACCOUNT_TAKEOVER,2025-08-26T18:24:48,automated_rule_confirmation,0.65
label_004140,TRANSACTION,txn_004039,ACCOUNT_TAKEOVER,2025-09-11T07:27:48,fraud_analyst_review,0.71
label_004141,TRANSACTION,txn_004040,ACCOUNT_TAKEOVER,2025-08-27T11:32:48,internal_investigation,0.63
label_004142,TRANSACTION,txn_004041,ACCOUNT_TAKEOVER,2025-08-23T01:33:48,consumer_dispute,0.92
label_004143,TRANSACTION,txn_004042,ACCOUNT_TAKEOVER,2025-03-25T14:56:44,internal_investigation,0.7
label_004144,TRANSACTION,txn_004043,ACCOUNT_TAKEOVER,2025-03-28T21:00:44,consumer_dispute,0.69
label_004145,TRANSACTION,txn_004044,ACCOUNT_TAKEOVER,2025-04-04T14:02:44,fraud_analyst_review,0.82
label_004146,TRANSACTION,txn_004045,ACCOUNT_TAKEOVER,2025-07-15T18:28:41,automated_rule_confirmation,0.96
label_004147,TRANSACTION,txn_004046,ACCOUNT_TAKEOVER,2025-07-16T15:30:41,consumer_dispute,0.92
label_004148,TRANSACTION,txn_004047,ACCOUNT_TAKEOVER,2025-07-21T07:36:41,internal_investigation,0.99
label_004149,TRANSACTION,txn_004048,ACCOUNT_TAKEOVER,2025-07-21T10:34:41,fraud_analyst_review,0.82
label_004150,TRANSACTION,txn_004049,ACCOUNT_TAKEOVER,2025-06-26T22:05:19,automated_rule_confirmation,0.84
label_004151,TRANSACTION,txn_004050,ACCOUNT_TAKEOVER,2025-06-26T09:06:19,internal_investigation,0.91
label_004152,TRANSACTION,txn_004051,ACCOUNT_TAKEOVER,2025-06-27T13:53:19,fraud_analyst_review,0.63
label_004153,TRANSACTION,txn_004052,ACCOUNT_TAKEOVER,2025-07-15T21:55:19,fraud_analyst_review,0.75
label_004154,TRANSACTION,txn_004053,ACCOUNT_TAKEOVER,2025-06-28T14:59:19,fraud_analyst_review,0.96
label_004155,TRANSACTION,txn_004054,ACCOUNT_TAKEOVER,2025-06-26T12:59:19,internal_investigation,0.78
label_004156,TRANSACTION,txn_004055,ACCOUNT_TAKEOVER,2025-06-27T06:09:19,automated_rule_confirmation,0.73
label_004157,TRANSACTION,txn_004056,ACCOUNT_TAKEOVER,2025-06-27T03:46:19,internal_investigation,0.76
label_004158,TRANSACTION,txn_004057,ACCOUNT_TAKEOVER,2025-07-15T10:47:19,internal_investigation,0.97
label_004159,TRANSACTION,txn_004058,ACCOUNT_TAKEOVER,2025-07-15T09:52:19,consumer_dispute,0.68
label_004160,TRANSACTION,txn_004059,ACCOUNT_TAKEOVER,2025-07-10T01:55:19,fraud_analyst_review,0.95
label_004161,TRANSACTION,txn_004060,ACCOUNT_TAKEOVER,2025-06-27T09:02:19,internal_investigation,0.71
label_004162,TRANSACTION,txn_004061,ACCOUNT_TAKEOVER,2025-07-09T13:03:19,consumer_dispute,0.95
label_004163,TRANSACTION,txn_004062,ACCOUNT_TAKEOVER,2025-06-27T17:06:19,automated_rule_confirmation,0.69
label_004164,TRANSACTION,txn_004063,ACCOUNT_TAKEOVER,2025-07-25T19:05:19,internal_investigation,0.91
label_004165,TRANSACTION,txn_004064,ACCOUNT_TAKEOVER,2025-11-21T18:28:20,fraud_analyst_review,0.71
label_004166,TRANSACTION,txn_004065,ACCOUNT_TAKEOVER,2025-11-30T05:30:20,consumer_dispute,0.87
label_004167,TRANSACTION,txn_004066,ACCOUNT_TAKEOVER,2025-11-19T17:34:20,automated_rule_confirmation,0.96
label_004168,TRANSACTION,txn_004067,ACCOUNT_TAKEOVER,2025-11-30T05:31:20,consumer_dispute,0.89
label_004169,TRANSACTION,txn_004068,ACCOUNT_TAKEOVER,2025-11-26T20:32:20,internal_investigation,0.69
label_004170,TRANSACTION,txn_004069,ACCOUNT_TAKEOVER,2025-11-24T02:36:20,automated_rule_confirmation,0.64
label_004171,TRANSACTION,txn_004070,ACCOUNT_TAKEOVER,2025-11-26T15:38:20,fraud_analyst_review,0.78
label_004172,TRANSACTION,txn_004071,ACCOUNT_TAKEOVER,2025-11-17T17:44:20,fraud_analyst_review,0.73
label_004173,TRANSACTION,txn_004072,ACCOUNT_TAKEOVER,2025-11-21T05:48:20,fraud_analyst_review,0.85
label_004174,TRANSACTION,txn_004073,ACCOUNT_TAKEOVER,2025-11-21T18:52:20,consumer_dispute,0.89
label_004175,TRANSACTION,txn_004074,ACCOUNT_TAKEOVER,2025-11-18T08:38:20,consumer_dispute,0.86
label_004176,TRANSACTION,txn_004075,ACCOUNT_TAKEOVER,2025-12-06T17:39:20,automated_rule_confirmation,0.86
label_004177,TRANSACTION,txn_004076,ACCOUNT_TAKEOVER,2025-12-16T06:40:20,fraud_analyst_review,0.93
label_004178,TRANSACTION,txn_004077,SUSPECTED_FRAUD,2025-10-14T02:10:18,automated_rule_confirmation,0.91
label_004179,TRANSACTION,txn_004078,SUSPECTED_FRAUD,2025-10-23T03:10:33,automated_rule_confirmation,0.79
label_004180,TRANSACTION,txn_004079,CARD_TESTING,2025-11-08T21:10:48,consumer_dispute,0.95
label_004181,TRANSACTION,txn_004080,CARD_TESTING,2025-10-19T02:10:33,internal_investigation,0.89
label_004182,TRANSACTION,txn_004081,CARD_TESTING,2025-10-10T01:11:34,consumer_dispute,0.97
label_004183,TRANSACTION,txn_004082,SUSPECTED_FRAUD,2025-12-25T03:15:23,fraud_analyst_review,0.87
label_004184,TRANSACTION,txn_004083,SUSPECTED_FRAUD,2025-12-25T14:15:28,fraud_analyst_review,0.97
label_004185,TRANSACTION,txn_004084,CARD_TESTING,2025-12-12T21:15:49,internal_investigation,0.74
label_004186,TRANSACTION,txn_004085,CARD_TESTING,2025-12-21T11:16:23,automated_rule_confirmation,0.67
label_004187,TRANSACTION,txn_004086,CARD_TESTING,2025-12-20T18:15:39,internal_investigation,0.89
label_004188,TRANSACTION,txn_004087,CARD_TESTING,2025-12-12T10:16:38,automated_rule_confirmation,0.83
label_004189,TRANSACTION,txn_004088,CARD_TESTING,2026-01-09T18:16:29,automated_rule_confirmation,0.99
label_004190,TRANSACTION,txn_004089,SUSPECTED_FRAUD,2025-04-02T06:12:27,consumer_dispute,0.77
label_004191,TRANSACTION,txn_004090,SUSPECTED_FRAUD,2025-03-05T23:12:31,internal_investigation,0.72
label_004192,TRANSACTION,txn_004091,CARD_TESTING,2025-03-05T05:13:05,consumer_dispute,0.82
label_004193,TRANSACTION,txn_004092,CARD_TESTING,2025-03-05T06:13:09,internal_investigation,0.74
label_004194,TRANSACTION,txn_004093,CARD_TESTING,2025-03-09T16:13:47,fraud_analyst_review,0.72
label_004195,TRANSACTION,txn_004094,CARD_TESTING,2025-03-05T20:13:27,consumer_dispute,0.82
label_004196,TRANSACTION,txn_004095,CARD_TESTING,2025-03-04T10:13:33,automated_rule_confirmation,0.97
label_004197,TRANSACTION,txn_004096,CARD_TESTING,2025-03-04T02:14:12,consumer_dispute,0.73
label_004198,TRANSACTION,txn_004097,CARD_TESTING,2025-03-16T20:12:59,internal_investigation,0.9
label_004199,TRANSACTION,txn_004098,CARD_TESTING,2025-03-16T10:13:12,automated_rule_confirmation,0.9
label_004200,TRANSACTION,txn_004099,SUSPECTED_FRAUD,2025-06-29T08:21:51,fraud_analyst_review,0.62
label_004201,TRANSACTION,txn_004100,SUSPECTED_FRAUD,2025-06-28T20:22:07,consumer_dispute,0.73
label_004202,TRANSACTION,txn_004101,CARD_TESTING,2025-07-26T10:22:19,automated_rule_confirmation,0.69
label_004203,TRANSACTION,txn_004102,CARD_TESTING,2025-07-01T15:22:51,internal_investigation,0.87
label_004204,TRANSACTION,txn_004103,CARD_TESTING,2025-07-16T11:23:07,automated_rule_confirmation,0.99
label_004205,TRANSACTION,txn_004104,CARD_TESTING,2025-07-10T15:23:16,consumer_dispute,0.83
label_004206,TRANSACTION,txn_004105,CARD_TESTING,2025-07-09T19:23:39,fraud_analyst_review,0.86
label_004207,TRANSACTION,txn_004106,CARD_TESTING,2025-07-09T23:22:40,internal_investigation,0.77
label_004208,TRANSACTION,txn_004107,CARD_TESTING,2025-07-16T05:23:27,consumer_dispute,0.87
label_004209,TRANSACTION,txn_004108,SUSPECTED_FRAUD,2025-12-22T07:08:43,consumer_dispute,0.75
label_004210,TRANSACTION,txn_004109,SUSPECTED_FRAUD,2026-01-09T06:08:53,automated_rule_confirmation,0.66
label_004211,TRANSACTION,txn_004110,CARD_TESTING,2025-12-26T18:09:19,internal_investigation,0.77
label_004212,TRANSACTION,txn_004111,CARD_TESTING,2026-01-02T15:09:04,consumer_dispute,0.85
label_004213,TRANSACTION,txn_004112,CARD_TESTING,2026-01-19T08:09:47,fraud_analyst_review,0.7
label_004214,TRANSACTION,txn_004113,CARD_TESTING,2025-12-22T04:09:23,consumer_dispute,0.91
label_004215,TRANSACTION,txn_004114,CARD_TESTING,2025-12-21T14:09:31,internal_investigation,0.64
label_004216,TRANSACTION,txn_004115,CARD_TESTING,2026-01-08T13:10:49,automated_rule_confirmation,0.98
label_004217,TRANSACTION,txn_004116,CARD_TESTING,2025-12-21T15:09:23,fraud_analyst_review,0.97
label_004218,TRANSACTION,txn_004117,CARD_TESTING,2026-01-02T18:10:22,consumer_dispute,0.63
label_004219,TRANSACTION,txn_004118,CARD_TESTING,2026-01-02T21:09:43,fraud_analyst_review,0.82
label_004220,TRANSACTION,txn_004119,BOT_ATTACK,2025-01-24T01:08:26,fraud_analyst_review,0.68
label_004221,TRANSACTION,txn_004120,BOT_ATTACK,2025-01-24T05:08:29,consumer_dispute,0.86
label_004222,TRANSACTION,txn_004121,BOT_ATTACK,2025-01-14T08:08:32,internal_investigation,0.7
label_004223,TRANSACTION,txn_004122,BOT_ATTACK,2025-02-12T20:08:35,fraud_analyst_review,0.65
label_004224,TRANSACTION,txn_004123,BOT_ATTACK,2025-01-27T22:08:38,consumer_dispute,0.86
label_004225,TRANSACTION,txn_004124,BOT_ATTACK,2025-01-27T10:08:41,internal_investigation,0.65
label_004226,TRANSACTION,txn_004125,BOT_ATTACK,2025-01-20T18:08:44,automated_rule_confirmation,0.81
label_004227,TRANSACTION,txn_004126,BOT_ATTACK,2025-01-15T19:08:47,consumer_dispute,0.75
label_004228,TRANSACTION,txn_004127,BOT_ATTACK,2025-01-16T11:08:50,fraud_analyst_review,0.97
label_004229,TRANSACTION,txn_004128,BOT_ATTACK,2025-01-14T10:08:53,internal_investigation,0.71
label_004230,TRANSACTION,txn_004129,BOT_ATTACK,2025-01-27T13:08:56,automated_rule_confirmation,0.8
label_004231,TRANSACTION,txn_004130,BOT_ATTACK,2025-01-20T18:08:59,internal_investigation,0.9
label_004232,TRANSACTION,txn_004131,BOT_ATTACK,2025-02-03T00:09:02,automated_rule_confirmation,0.96
label_004233,TRANSACTION,txn_004132,BOT_ATTACK,2025-02-02T17:09:05,consumer_dispute,0.78
label_004234,TRANSACTION,txn_004133,BOT_ATTACK,2025-01-18T11:09:08,fraud_analyst_review,0.84
label_004235,TRANSACTION,txn_004134,BOT_ATTACK,2025-02-02T18:09:11,internal_investigation,0.63
label_004236,TRANSACTION,txn_004135,BOT_ATTACK,2025-02-13T04:09:14,internal_investigation,0.98
label_004237,TRANSACTION,txn_004136,BOT_ATTACK,2025-01-15T04:09:17,automated_rule_confirmation,0.86
label_004238,TRANSACTION,txn_004137,BOT_ATTACK,2025-01-15T01:09:20,internal_investigation,0.72
label_004239,TRANSACTION,txn_004138,BOT_ATTACK,2025-01-16T01:09:23,fraud_analyst_review,0.62
label_004240,TRANSACTION,txn_004139,BOT_ATTACK,2025-02-06T16:51:31,consumer_dispute,0.94
label_004241,TRANSACTION,txn_004140,BOT_ATTACK,2025-02-11T02:51:36,fraud_analyst_review,0.81
label_004242,TRANSACTION,txn_004141,BOT_ATTACK,2025-02-11T02:51:41,internal_investigation,0.66
label_004243,TRANSACTION,txn_004142,BOT_ATTACK,2025-02-07T04:51:46,automated_rule_confirmation,0.84
label_004244,TRANSACTION,txn_004143,BOT_ATTACK,2025-02-18T12:51:51,internal_investigation,0.94
label_004245,TRANSACTION,txn_004144,BOT_ATTACK,2025-02-24T11:51:56,automated_rule_confirmation,0.92
label_004246,TRANSACTION,txn_004145,BOT_ATTACK,2025-02-07T10:52:01,automated_rule_confirmation,0.87
label_004247,TRANSACTION,txn_004146,BOT_ATTACK,2025-02-06T21:52:06,consumer_dispute,0.68
label_004248,TRANSACTION,txn_004147,BOT_ATTACK,2025-03-06T04:52:11,internal_investigation,0.82
label_004249,TRANSACTION,txn_004148,BOT_ATTACK,2025-03-05T23:52:16,consumer_dispute,0.96
label_004250,TRANSACTION,txn_004149,BOT_ATTACK,2025-02-11T13:52:21,fraud_analyst_review,0.68
label_004251,TRANSACTION,txn_004150,BOT_ATTACK,2025-02-14T13:52:26,internal_investigation,0.9
label_004252,TRANSACTION,txn_004151,BOT_ATTACK,2025-02-07T09:52:31,consumer_dispute,0.63
label_004253,TRANSACTION,txn_004152,BOT_ATTACK,2025-02-11T21:52:36,consumer_dispute,0.9
label_004254,TRANSACTION,txn_004153,BOT_ATTACK,2025-02-09T14:52:41,internal_investigation,0.69
label_004255,TRANSACTION,txn_004154,BOT_ATTACK,2025-02-24T04:52:46,consumer_dispute,0.64
label_004256,TRANSACTION,txn_004155,BOT_ATTACK,2025-02-18T04:52:51,internal_investigation,0.63
label_004257,TRANSACTION,txn_004156,BOT_ATTACK,2025-02-05T17:52:56,internal_investigation,0.73
label_004258,TRANSACTION,txn_004157,BOT_ATTACK,2025-02-11T01:53:01,automated_rule_confirmation,0.92
label_004259,TRANSACTION,txn_004158,BOT_ATTACK,2025-02-07T06:53:06,internal_investigation,0.8
label_004260,TRANSACTION,txn_004159,BOT_ATTACK,2025-03-06T15:53:11,consumer_dispute,0.92
label_004261,TRANSACTION,txn_004160,FRAUD_RING,2025-01-24T11:07:33,consumer_dispute,0.72
label_004262,TRANSACTION,txn_004161,FRAUD_RING,2025-11-03T22:34:32,automated_rule_confirmation,0.68
label_004263,TRANSACTION,txn_004162,FRAUD_RING,2025-09-28T07:42:55,automated_rule_confirmation,0.97
label_004264,TRANSACTION,txn_004163,FRAUD_RING,2025-12-08T22:54:03,automated_rule_confirmation,0.92
label_004265,TRANSACTION,txn_004164,FRAUD_RING,2025-05-25T12:47:08,automated_rule_confirmation,0.71
label_004266,CASE,case_000102,FRAUD_RING,2025-12-18T15:23:45,automated_rule_confirmation,0.91
label_004267,TRANSACTION,txn_004165,FRAUD_RING,2025-08-07T17:34:34,consumer_dispute,0.73
label_004268,TRANSACTION,txn_004166,FRAUD_RING,2025-08-09T13:19:26,automated_rule_confirmation,0.8
label_004269,TRANSACTION,txn_004167,FRAUD_RING,2025-06-08T12:22:51,consumer_dispute,0.91
label_004270,TRANSACTION,txn_004168,FRAUD_RING,2025-06-13T19:22:29,internal_investigation,0.92
label_004271,TRANSACTION,txn_004169,FRAUD_RING,2025-01-08T00:43:21,fraud_analyst_review,0.66
label_004272,CASE,case_000103,FRAUD_RING,2025-10-16T18:41:11,consumer_dispute,0.71
label_004273,TRANSACTION,txn_004170,FRAUD_RING,2025-01-15T16:05:09,automated_rule_confirmation,0.66
label_004274,TRANSACTION,txn_004171,FRAUD_RING,2025-11-26T00:11:01,internal_investigation,0.76
label_004275,TRANSACTION,txn_004172,FRAUD_RING,2025-11-28T06:55:48,consumer_dispute,0.86
label_004276,TRANSACTION,txn_004173,FRAUD_RING,2025-05-19T21:32:12,internal_investigation,0.84
label_004277,TRANSACTION,txn_004174,FRAUD_RING,2025-10-13T05:19:44,fraud_analyst_review,0.87
label_004278,CASE,case_000104,FRAUD_RING,2025-04-24T07:27:49,consumer_dispute,0.75
label_004279,TRANSACTION,txn_004175,FRAUD_RING,2025-12-28T03:22:41,fraud_analyst_review,0.67
label_004280,TRANSACTION,txn_004176,FRAUD_RING,2025-06-21T09:50:33,consumer_dispute,0.85
label_004281,TRANSACTION,txn_004177,FRAUD_RING,2025-11-15T12:21:18,automated_rule_confirmation,0.71
label_004282,TRANSACTION,txn_004178,FRAUD_RING,2025-07-22T03:20:43,consumer_dispute,0.93
label_004283,TRANSACTION,txn_004179,FRAUD_RING,2025-06-25T16:39:52,fraud_analyst_review,0.91
label_004284,CASE,case_000105,FRAUD_RING,2025-03-19T18:07:58,automated_rule_confirmation,0.63
label_004285,TRANSACTION,txn_004180,SUSPECTED_FRAUD,2025-12-08T21:02:29,consumer_dispute,0.74
label_004286,TRANSACTION,txn_004181,SUSPECTED_FRAUD,2025-01-21T17:56:12,automated_rule_confirmation,0.81
label_004287,TRANSACTION,txn_004182,SUSPECTED_FRAUD,2025-12-19T03:43:00,consumer_dispute,0.75
