transaction_id,event_timestamp,split
txn_001348,2025-01-01T05:53:22,train
txn_002647,2025-01-01T08:35:18,train
txn_003462,2025-01-01T09:03:40,train
txn_003110,2025-01-01T09:24:11,train
txn_001207,2025-01-01T09:33:36,train
txn_003753,2025-01-01T09:42:14,train
txn_001385,2025-01-01T11:23:37,train
txn_002809,2025-01-01T14:19:26,train
txn_003089,2025-01-01T16:27:00,train
txn_003451,2025-01-01T17:57:00,train
txn_001648,2025-01-01T23:06:59,train
txn_001764,2025-01-02T00:21:42,train
txn_002141,2025-01-02T01:45:13,train
txn_001223,2025-01-02T04:00:04,train
txn_001193,2025-01-02T08:41:59,train
txn_000996,2025-01-02T13:22:14,train
txn_002674,2025-01-02T16:18:22,train
txn_001540,2025-01-02T17:11:17,train
txn_001789,2025-01-02T18:38:45,train
txn_002156,2025-01-02T21:51:23,train
txn_000624,2025-01-02T23:26:40,train
txn_001730,2025-01-03T06:11:10,train
txn_004160,2025-01-03T16:07:33,train
txn_000789,2025-01-03T19:37:37,train
txn_002911,2025-01-03T19:46:47,train
txn_000975,2025-01-03T21:20:01,train
txn_002720,2025-01-03T22:25:45,train
txn_003672,2025-01-04T08:57:19,train
txn_000638,2025-01-04T13:00:18,train
txn_001363,2025-01-04T17:52:34,train
txn_002597,2025-01-04T18:08:00,train
txn_003978,2025-01-04T18:55:07,train
txn_001344,2025-01-04T20:03:14,train
txn_000653,2025-01-04T21:40:10,train
txn_001895,2025-01-04T23:39:20,train
txn_000168,2025-01-05T03:49:41,train
txn_004016,2025-01-05T08:10:55,train
txn_003270,2025-01-05T10:35:37,train
txn_004169,2025-01-05T11:43:21,train
txn_000274,2025-01-05T14:34:17,train
txn_003654,2025-01-05T14:36:51,train
txn_000468,2025-01-05T15:40:28,train
txn_002560,2025-01-05T16:04:39,train
txn_003144,2025-01-05T16:04:43,train
txn_000898,2025-01-05T19:12:24,train
txn_002679,2025-01-05T23:55:34,train
txn_003267,2025-01-06T01:27:17,train
txn_000654,2025-01-06T05:40:10,train
txn_000530,2025-01-06T07:13:02,train
txn_002527,2025-01-06T15:59:17,train
txn_003818,2025-01-06T16:41:45,train
txn_001444,2025-01-06T17:17:52,train
txn_002361,2025-01-06T18:48:44,train
txn_003973,2025-01-06T20:30:29,train
txn_003182,2025-01-06T20:51:44,train
txn_003492,2025-01-06T23:42:06,train
txn_001184,2025-01-07T01:07:08,train
txn_000291,2025-01-07T01:41:06,train
txn_003489,2025-01-07T01:59:15,train
txn_001783,2025-01-07T02:07:22,train
txn_002638,2025-01-07T03:54:37,train
txn_000981,2025-01-07T08:19:53,train
txn_001565,2025-01-07T09:16:05,train
txn_002878,2025-01-07T11:09:04,train
txn_002293,2025-01-07T11:15:58,train
txn_004181,2025-01-07T11:56:12,train
txn_002055,2025-01-07T13:43:07,train
txn_002022,2025-01-07T18:38:25,train
txn_003423,2025-01-07T21:33:33,train
txn_001413,2025-01-08T01:23:28,train
txn_002883,2025-01-08T01:25:59,train
txn_001590,2025-01-08T04:27:25,train
txn_000660,2025-01-08T07:40:49,train
txn_004170,2025-01-08T08:05:09,train
txn_003137,2025-01-08T09:08:23,train
txn_000389,2025-01-08T09:16:33,train
txn_003647,2025-01-08T12:20:09,train
txn_001068,2025-01-08T13:24:12,train
txn_001139,2025-01-08T15:07:52,train
txn_003505,2025-01-08T15:41:33,train
txn_003445,2025-01-08T18:54:10,train
txn_003084,2025-01-08T22:47:57,train
txn_003791,2025-01-09T02:03:24,train
txn_003266,2025-01-09T02:31:10,train
txn_003741,2025-01-09T02:34:13,train
txn_003021,2025-01-09T04:18:18,train
txn_000358,2025-01-09T04:25:33,train
txn_000471,2025-01-09T05:43:22,train
txn_002454,2025-01-09T06:55:09,train
txn_003369,2025-01-09T09:37:19,train
txn_002967,2025-01-09T19:31:25,train
txn_001069,2025-01-09T19:54:22,train
txn_001118,2025-01-09T20:53:22,train
txn_001568,2025-01-10T01:13:22,train
txn_000893,2025-01-10T03:09:29,train
txn_001424,2025-01-10T03:19:50,train
txn_001765,2025-01-10T08:30:50,train
txn_000892,2025-01-10T09:47:42,train
txn_002403,2025-01-10T12:49:15,train
txn_003584,2025-01-10T12:54:09,train
txn_003441,2025-01-10T13:46:44,train
txn_002130,2025-01-10T15:59:47,train
txn_002300,2025-01-10T19:16:30,train
txn_001101,2025-01-10T20:42:19,train
txn_002628,2025-01-10T23:38:40,train
txn_003245,2025-01-11T01:14:58,train
txn_003353,2025-01-11T04:26:47,train
txn_002746,2025-01-11T05:08:17,train
txn_000820,2025-01-11T05:41:07,train
txn_002151,2025-01-11T09:52:47,train
txn_002529,2025-01-11T10:23:23,train
txn_002098,2025-01-11T16:01:57,train
txn_001955,2025-01-11T20:03:31,train
txn_001382,2025-01-11T22:35:30,train
txn_003055,2025-01-12T05:46:24,train
txn_003162,2025-01-12T09:15:56,train
txn_001425,2025-01-12T09:42:08,train
txn_001188,2025-01-12T16:23:56,train
txn_000559,2025-01-12T17:21:05,train
txn_002163,2025-01-12T18:00:22,train
txn_002514,2025-01-12T18:36:50,train
txn_000832,2025-01-12T18:48:17,train
txn_001607,2025-01-12T19:19:07,train
txn_002531,2025-01-12T23:19:14,train
txn_000914,2025-01-13T01:19:00,train
txn_002502,2025-01-13T01:42:20,train
txn_000670,2025-01-13T02:24:29,train
txn_003547,2025-01-13T03:19:03,train
txn_001525,2025-01-13T05:05:34,train
txn_004119,2025-01-13T06:08:26,train
txn_004120,2025-01-13T06:08:29,train
txn_004121,2025-01-13T06:08:32,train
txn_004122,2025-01-13T06:08:35,train
txn_004123,2025-01-13T06:08:38,train
txn_004124,2025-01-13T06:08:41,train
txn_004125,2025-01-13T06:08:44,train
txn_004126,2025-01-13T06:08:47,train
txn_004127,2025-01-13T06:08:50,train
txn_004128,2025-01-13T06:08:53,train
txn_004129,2025-01-13T06:08:56,train
txn_004130,2025-01-13T06:08:59,train
txn_004131,2025-01-13T06:09:02,train
txn_004132,2025-01-13T06:09:05,train
txn_004133,2025-01-13T06:09:08,train
txn_004134,2025-01-13T06:09:11,train
txn_004135,2025-01-13T06:09:14,train
txn_004136,2025-01-13T06:09:17,train
txn_004137,2025-01-13T06:09:20,train
txn_004138,2025-01-13T06:09:23,train
txn_002761,2025-01-13T07:26:14,train
txn_001398,2025-01-13T08:22:28,train
txn_003811,2025-01-13T10:51:08,train
txn_003896,2025-01-13T11:26:09,train
txn_003087,2025-01-13T12:02:49,train
txn_000229,2025-01-13T12:24:04,train
txn_000648,2025-01-13T12:49:20,train
txn_001561,2025-01-13T13:30:37,train
txn_001476,2025-01-13T15:36:56,train
txn_003551,2025-01-13T15:54:25,train
txn_002477,2025-01-13T19:17:08,train
txn_003453,2025-01-13T20:10:50,train
txn_002138,2025-01-13T22:08:56,train
txn_002792,2025-01-13T22:40:14,train
txn_003735,2025-01-13T23:58:40,train
txn_003163,2025-01-14T01:15:56,train
txn_003340,2025-01-14T11:49:41,train
txn_000188,2025-01-14T15:40:05,train
txn_003838,2025-01-14T18:20:26,train
txn_002347,2025-01-14T21:47:52,train
txn_003176,2025-01-15T01:08:56,train
txn_002758,2025-01-15T08:18:52,train
txn_003644,2025-01-15T11:49:07,train
txn_002057,2025-01-15T13:04:35,train
txn_003173,2025-01-15T18:22:56,train
txn_002094,2025-01-15T20:51:16,train
txn_003693,2025-01-15T22:35:23,train
txn_001345,2025-01-16T04:17:38,train
txn_002570,2025-01-16T08:05:41,train
txn_000134,2025-01-16T12:16:23,train
txn_000727,2025-01-16T14:01:44,train
txn_001443,2025-01-16T15:47:40,train
txn_002103,2025-01-16T16:20:21,train
txn_003694,2025-01-16T16:35:23,train
txn_000968,2025-01-16T16:50:00,train
txn_000380,2025-01-16T16:54:37,train
txn_002857,2025-01-16T17:23:53,train
txn_002264,2025-01-16T18:12:11,train
txn_002360,2025-01-16T22:19:18,train
txn_003673,2025-01-17T05:57:15,train
txn_000395,2025-01-17T07:11:00,train
txn_001133,2025-01-17T13:16:45,train
txn_000088,2025-01-17T13:46:05,train
txn_000152,2025-01-17T15:00:12,train
txn_000926,2025-01-17T15:56:23,train
txn_003670,2025-01-17T18:02:33,train
txn_002409,2025-01-17T18:17:01,train
txn_001435,2025-01-17T23:42:31,train
txn_003626,2025-01-18T00:29:59,train
txn_001570,2025-01-18T00:39:45,train
txn_001024,2025-01-18T02:16:57,train
txn_003583,2025-01-18T05:45:39,train
txn_001475,2025-01-18T07:39:14,train
txn_000218,2025-01-18T10:17:20,train
txn_002341,2025-01-18T10:41:26,train
txn_000141,2025-01-18T16:14:52,train
txn_000542,2025-01-18T17:08:20,train
txn_002921,2025-01-18T22:37:34,train
txn_002082,2025-01-18T23:50:49,train
txn_003153,2025-01-19T02:52:33,train
txn_001553,2025-01-19T05:03:21,train
txn_001946,2025-01-19T07:16:04,train
txn_003710,2025-01-19T07:22:22,train
txn_000153,2025-01-19T09:00:12,train
txn_002862,2025-01-19T09:49:10,train
txn_003403,2025-01-19T14:58:58,train
txn_002278,2025-01-19T16:00:36,train
txn_002827,2025-01-19T16:12:51,train
txn_003273,2025-01-19T17:40:07,train
txn_002653,2025-01-19T17:59:45,train
txn_000679,2025-01-19T18:04:34,train
txn_003160,2025-01-19T20:39:49,train
txn_002499,2025-01-19T22:55:52,train
txn_002414,2025-01-20T00:36:43,train
txn_003500,2025-01-20T01:28:42,train
txn_001142,2025-01-20T01:41:02,train
txn_003794,2025-01-20T02:24:37,train
txn_003671,2025-01-20T06:02:33,train
txn_003018,2025-01-20T07:06:05,train
txn_002030,2025-01-20T07:23:41,train
txn_003925,2025-01-20T09:45:09,train
txn_001759,2025-01-20T10:40:31,train
txn_003458,2025-01-20T11:17:08,train
txn_001410,2025-01-20T13:18:49,train
txn_003484,2025-01-20T13:51:44,train
txn_002016,2025-01-20T14:26:53,train
txn_003989,2025-01-20T16:06:28,train
txn_001601,2025-01-20T16:30:51,train
txn_002533,2025-01-20T18:15:07,train
txn_002331,2025-01-20T19:55:01,train
txn_002450,2025-01-21T02:53:41,train
txn_000273,2025-01-21T09:33:06,train
txn_002223,2025-01-21T14:11:23,train
txn_003840,2025-01-21T14:57:29,train
txn_003291,2025-01-21T19:18:15,train
txn_000132,2025-01-21T21:28:22,train
txn_002559,2025-01-22T00:19:23,train
txn_001295,2025-01-22T04:58:49,train
txn_000563,2025-01-22T05:34:36,train
txn_000631,2025-01-22T05:46:24,train
txn_003590,2025-01-22T06:40:54,train
txn_003132,2025-01-22T07:22:46,train
txn_003510,2025-01-22T08:07:50,train
txn_000316,2025-01-22T08:57:02,train
txn_000283,2025-01-22T10:27:05,train
txn_000354,2025-01-22T11:41:15,train
txn_002969,2025-01-22T13:35:39,train
txn_003591,2025-01-22T16:27:19,train
txn_001119,2025-01-23T00:22:35,train
txn_001273,2025-01-23T04:46:08,train
txn_002747,2025-01-23T05:23:10,train
txn_001480,2025-01-23T08:14:20,train
txn_001460,2025-01-23T08:15:33,train
txn_003040,2025-01-23T09:39:50,train
txn_003861,2025-01-23T10:39:17,train
txn_000053,2025-01-23T11:43:21,train
txn_001099,2025-01-23T16:02:23,train
txn_001720,2025-01-23T16:27:05,train
txn_003592,2025-01-23T16:27:19,train
txn_003167,2025-01-23T18:41:53,train
txn_002503,2025-01-23T19:17:09,train
txn_001898,2025-01-23T20:44:24,train
txn_003408,2025-01-23T20:52:29,train
txn_002236,2025-01-24T00:23:29,train
txn_003220,2025-01-24T00:53:25,train
txn_003511,2025-01-24T05:07:50,train
txn_002976,2025-01-24T06:06:22,train
txn_001172,2025-01-24T06:56:52,train
txn_002642,2025-01-24T15:29:31,train
txn_000070,2025-01-24T16:21:58,train
txn_002748,2025-01-24T22:23:10,train
txn_000086,2025-01-24T22:31:14,train
txn_002544,2025-01-24T23:07:04,train
txn_002542,2025-01-25T02:05:48,train
txn_000262,2025-01-25T05:42:30,train
txn_003440,2025-01-25T05:57:11,train
txn_003311,2025-01-25T06:44:22,train
txn_003249,2025-01-25T11:09:54,train
txn_002840,2025-01-25T12:21:40,train
txn_002077,2025-01-25T12:25:08,train
txn_003417,2025-01-25T14:50:44,train
txn_001084,2025-01-25T15:41:11,train
txn_001638,2025-01-25T17:11:11,train
txn_000890,2025-01-25T19:23:06,train
txn_000167,2025-01-25T21:16:23,train
txn_003016,2025-01-25T21:52:12,train
txn_002097,2025-01-25T23:06:38,train
txn_003158,2025-01-26T00:34:59,train
txn_000903,2025-01-26T07:18:51,train
txn_003541,2025-01-26T12:20:32,train
txn_000904,2025-01-26T13:18:51,train
txn_000258,2025-01-26T15:43:23,train
txn_003298,2025-01-26T20:06:49,train
txn_001749,2025-01-26T20:09:32,train
txn_001358,2025-01-26T20:23:06,train
txn_001274,2025-01-26T21:24:03,train
txn_001246,2025-01-26T23:22:28,train
txn_000633,2025-01-27T01:48:33,train
txn_001171,2025-01-27T03:34:56,train
txn_001736,2025-01-27T03:52:27,train
txn_002143,2025-01-27T03:58:04,train
txn_002438,2025-01-27T03:58:50,train
txn_002866,2025-01-27T06:53:44,train
txn_002467,2025-01-27T07:13:02,train
txn_001247,2025-01-27T07:22:28,train
txn_002144,2025-01-27T10:58:04,train
txn_003881,2025-01-27T11:06:41,train
txn_001825,2025-01-27T17:42:20,train
txn_002650,2025-01-27T18:38:25,train
txn_001182,2025-01-27T20:16:42,train
txn_002305,2025-01-27T20:18:55,train
txn_003271,2025-01-27T23:27:58,train
txn_000808,2025-01-28T08:12:03,train
txn_002464,2025-01-28T10:05:46,train
txn_001574,2025-01-28T13:49:34,train
txn_001836,2025-01-28T14:03:11,train
txn_001604,2025-01-28T16:28:52,train
txn_002076,2025-01-28T21:25:36,train
txn_002904,2025-01-28T22:44:27,train
txn_001866,2025-01-29T00:01:47,train
txn_003126,2025-01-29T04:49:08,train
txn_001447,2025-01-29T05:36:34,train
txn_001732,2025-01-29T07:56:09,train
txn_001066,2025-01-29T09:55:36,train
txn_001754,2025-01-29T10:07:06,train
txn_001019,2025-01-29T10:23:41,train
txn_003586,2025-01-29T12:23:00,train
txn_003304,2025-01-29T12:56:19,train
txn_001679,2025-01-29T16:55:23,train
txn_000023,2025-01-29T17:24:18,train
txn_003723,2025-01-29T17:47:58,train
txn_001072,2025-01-29T20:51:43,train
txn_000063,2025-01-30T01:28:14,train
txn_003432,2025-01-30T04:51:17,train
txn_002734,2025-01-30T11:55:44,train
txn_001877,2025-01-30T12:39:48,train
txn_003487,2025-01-30T13:01:36,train
txn_001174,2025-01-30T13:40:24,train
txn_000984,2025-01-30T14:28:32,train
txn_003570,2025-01-30T20:55:48,train
txn_003526,2025-01-30T21:05:55,train
txn_002631,2025-01-31T02:36:00,train
txn_001642,2025-01-31T06:38:07,train
txn_003197,2025-01-31T08:48:23,train
txn_002157,2025-01-31T11:53:02,train
txn_002019,2025-01-31T13:30:07,train
txn_000381,2025-01-31T18:02:24,train
txn_003006,2025-01-31T18:44:22,train
txn_000228,2025-01-31T20:45:52,train
txn_000871,2025-01-31T21:32:13,train
txn_001090,2025-01-31T21:59:25,train
txn_000673,2025-01-31T22:45:55,train
txn_003433,2025-02-01T01:53:39,train
txn_002669,2025-02-01T10:30:59,train
txn_001916,2025-02-01T12:28:29,train
txn_001065,2025-02-01T12:58:13,train
txn_002392,2025-02-01T15:50:09,train
txn_000148,2025-02-01T20:03:00,train
txn_003517,2025-02-01T20:40:53,train
txn_002534,2025-02-02T00:28:21,train
txn_003627,2025-02-02T02:04:15,train
txn_000591,2025-02-02T05:16:28,train
txn_000052,2025-02-02T11:10:52,train
txn_001802,2025-02-02T13:24:38,train
txn_002757,2025-02-02T15:44:59,train
txn_001134,2025-02-02T18:59:28,train
txn_000415,2025-02-02T20:58:33,train
txn_003227,2025-02-02T22:04:56,train
txn_002199,2025-02-03T00:58:01,train
txn_002441,2025-02-03T06:15:47,train
txn_001312,2025-02-03T09:08:13,train
txn_000644,2025-02-03T09:44:55,train
txn_003921,2025-02-03T10:04:48,train
txn_000319,2025-02-03T10:18:17,train
txn_000902,2025-02-03T10:27:57,train
txn_002894,2025-02-03T12:29:53,train
txn_000059,2025-02-03T13:10:17,train
txn_002397,2025-02-03T13:45:10,train
txn_002579,2025-02-03T18:25:31,train
txn_001917,2025-02-03T18:45:52,train
txn_004139,2025-02-03T23:51:31,train
txn_004140,2025-02-03T23:51:36,train
txn_004141,2025-02-03T23:51:41,train
txn_004142,2025-02-03T23:51:46,train
txn_004143,2025-02-03T23:51:51,train
txn_004144,2025-02-03T23:51:56,train
txn_004145,2025-02-03T23:52:01,train
txn_004146,2025-02-03T23:52:06,train
txn_004147,2025-02-03T23:52:11,train
txn_004148,2025-02-03T23:52:16,train
txn_004149,2025-02-03T23:52:21,train
txn_004150,2025-02-03T23:52:26,train
txn_004151,2025-02-03T23:52:31,train
txn_004152,2025-02-03T23:52:36,train
txn_004153,2025-02-03T23:52:41,train
txn_004154,2025-02-03T23:52:46,train
txn_004155,2025-02-03T23:52:51,train
txn_004156,2025-02-03T23:52:56,train
txn_004157,2025-02-03T23:53:01,train
txn_004158,2025-02-03T23:53:06,train
txn_004159,2025-02-03T23:53:11,train
txn_002056,2025-02-04T00:23:22,train
txn_001365,2025-02-04T00:41:57,train
txn_002388,2025-02-04T02:10:12,train
txn_002374,2025-02-04T04:10:25,train
txn_003572,2025-02-04T04:35:58,train
txn_002599,2025-02-04T06:37:21,train
txn_003201,2025-02-04T07:41:34,train
txn_001950,2025-02-04T08:30:46,train
txn_000809,2025-02-04T09:33:35,train
txn_003863,2025-02-04T09:43:23,train
txn_002372,2025-02-04T11:37:26,train
txn_001527,2025-02-04T11:50:14,train
txn_002545,2025-02-04T13:11:10,train
txn_003607,2025-02-04T13:39:07,train
txn_001889,2025-02-05T00:28:09,train
txn_002944,2025-02-05T02:27:09,train
txn_003031,2025-02-05T04:29:30,train
txn_000331,2025-02-05T06:07:28,train
txn_000416,2025-02-05T08:24:55,train
txn_000085,2025-02-05T09:27:26,train
txn_000066,2025-02-05T10:09:57,train
txn_003222,2025-02-05T11:56:12,train
txn_003290,2025-02-05T14:01:01,train
txn_001283,2025-02-05T14:39:50,train
txn_000068,2025-02-05T17:18:10,train
txn_003240,2025-02-05T17:24:48,train
txn_003809,2025-02-05T18:49:54,train
txn_002196,2025-02-05T19:59:24,train
txn_003012,2025-02-05T20:04:12,train
txn_002981,2025-02-05T20:27:20,train
txn_000722,2025-02-05T21:20:34,train
txn_003800,2025-02-05T23:37:24,train
txn_001974,2025-02-06T00:18:10,train
txn_000403,2025-02-06T01:08:27,train
txn_000733,2025-02-06T01:25:40,train
txn_002568,2025-02-06T01:56:04,train
txn_002580,2025-02-06T02:25:31,train
txn_000589,2025-02-06T05:11:39,train
txn_001487,2025-02-06T06:46:39,train
txn_002779,2025-02-06T08:23:03,train
txn_001755,2025-02-06T11:32:37,train
txn_002889,2025-02-06T12:35:17,train
txn_001405,2025-02-06T15:37:25,train
txn_000348,2025-02-06T18:58:52,train
txn_002714,2025-02-06T19:05:04,train
txn_001652,2025-02-06T19:12:50,train
txn_002917,2025-02-06T21:22:09,train
txn_003136,2025-02-07T06:49:01,train
txn_001406,2025-02-07T09:37:25,train
txn_003272,2025-02-07T10:43:27,train
txn_003740,2025-02-07T10:49:46,train
txn_002982,2025-02-07T12:27:20,train
txn_001547,2025-02-07T15:28:56,train
txn_000205,2025-02-07T17:13:01,train
txn_003032,2025-02-08T04:29:30,train
txn_003335,2025-02-08T14:07:01,train
txn_001217,2025-02-08T17:32:59,train
txn_000114,2025-02-08T18:17:11,train
txn_002962,2025-02-08T18:50:54,train
txn_000730,2025-02-08T19:15:39,train
txn_002765,2025-02-08T19:19:38,train
txn_001560,2025-02-08T22:29:26,train
txn_002270,2025-02-08T23:57:21,train
txn_001337,2025-02-09T00:16:21,train
txn_002246,2025-02-09T05:38:45,train
txn_000920,2025-02-09T10:24:00,train
txn_000552,2025-02-09T12:15:02,train
txn_000029,2025-02-09T12:23:52,train
txn_000469,2025-02-09T12:58:17,train
txn_003165,2025-02-09T14:26:41,train
txn_001154,2025-02-09T16:39:47,train
txn_003599,2025-02-09T16:40:22,train
txn_003765,2025-02-09T19:20:03,train
txn_001959,2025-02-09T23:49:29,train
txn_001464,2025-02-10T02:42:31,train
txn_001123,2025-02-10T05:53:51,train
txn_002050,2025-02-10T06:02:15,train
txn_001325,2025-02-10T09:10:29,train
txn_003057,2025-02-10T12:15:50,train
txn_002547,2025-02-10T12:32:15,train
txn_000295,2025-02-10T13:16:30,train
txn_000026,2025-02-10T14:28:14,train
txn_003503,2025-02-10T14:31:05,train
txn_003419,2025-02-10T15:45:38,train
txn_003822,2025-02-10T15:47:21,train
txn_003387,2025-02-10T19:01:47,train
txn_003940,2025-02-10T19:05:54,train
txn_003721,2025-02-11T00:57:42,train
txn_001309,2025-02-11T02:47:16,train
txn_002271,2025-02-11T03:19:14,train
txn_001715,2025-02-11T06:15:20,train
txn_000921,2025-02-11T07:02:59,train
txn_000171,2025-02-11T08:19:31,train
txn_000498,2025-02-11T09:27:10,train
txn_001002,2025-02-11T12:52:49,train
txn_001152,2025-02-11T13:23:42,train
txn_003915,2025-02-11T16:28:49,train
txn_001095,2025-02-11T18:11:00,train
txn_000969,2025-02-11T18:19:52,train
txn_000382,2025-02-11T19:12:16,train
txn_001740,2025-02-12T01:15:14,train
txn_002437,2025-02-12T01:56:56,train
txn_001051,2025-02-12T05:50:39,train
txn_001046,2025-02-12T06:36:45,train
txn_003078,2025-02-12T08:01:11,train
txn_003229,2025-02-12T09:26:14,train
txn_000231,2025-02-12T10:54:06,train
txn_000845,2025-02-12T11:09:32,train
txn_003935,2025-02-12T11:27:36,train
txn_002884,2025-02-12T12:30:58,train
txn_000534,2025-02-12T17:47:11,train
txn_003727,2025-02-12T19:36:32,train
txn_001132,2025-02-12T22:29:45,train
txn_003029,2025-02-13T00:13:02,train
txn_001402,2025-02-13T02:12:57,train
txn_000305,2025-02-13T02:16:59,train
txn_003322,2025-02-13T04:38:29,train
txn_003115,2025-02-13T07:45:02,train
txn_003496,2025-02-13T11:57:57,train
txn_003619,2025-02-13T13:55:25,train
txn_002221,2025-02-13T14:12:30,train
txn_002029,2025-02-13T14:20:15,train
txn_000217,2025-02-13T16:51:15,train
txn_001121,2025-02-13T18:31:46,train
txn_003701,2025-02-13T19:02:53,train
txn_002854,2025-02-13T23:23:38,train
txn_002475,2025-02-14T01:36:35,train
txn_000235,2025-02-14T08:05:39,train
txn_001000,2025-02-14T12:14:57,train
txn_000232,2025-02-14T12:54:06,train
txn_003802,2025-02-14T14:09:40,train
txn_003972,2025-02-14T22:01:36,train
txn_003120,2025-02-14T22:02:08,train
txn_002268,2025-02-14T23:15:46,train
txn_002272,2025-02-15T00:35:59,train
txn_000506,2025-02-15T07:02:54,train
txn_000031,2025-02-15T10:02:34,train
txn_002970,2025-02-15T10:55:20,train
txn_003576,2025-02-15T15:15:53,train
txn_003596,2025-02-15T16:13:07,train
txn_000719,2025-02-15T17:10:45,train
txn_003123,2025-02-15T21:21:02,train
txn_000443,2025-02-16T00:26:16,train
txn_003256,2025-02-16T03:36:25,train
txn_003406,2025-02-16T04:13:36,train
txn_002783,2025-02-16T06:29:20,train
txn_002405,2025-02-16T09:59:18,train
txn_003545,2025-02-16T11:08:02,train
txn_001045,2025-02-16T11:41:37,train
txn_000104,2025-02-16T12:45:55,train
txn_004008,2025-02-16T17:40:00,train
txn_003102,2025-02-16T20:18:09,train
txn_000125,2025-02-16T21:25:56,train
txn_002501,2025-02-17T02:26:36,train
txn_000067,2025-02-17T04:01:35,train
txn_000869,2025-02-17T08:55:15,train
txn_001681,2025-02-17T09:03:55,train
txn_000509,2025-02-17T18:51:55,train
txn_000143,2025-02-17T20:38:05,train
txn_002766,2025-02-18T03:33:52,train
txn_003514,2025-02-18T09:26:21,train
txn_001752,2025-02-18T13:39:32,train
txn_000562,2025-02-18T14:19:38,train
txn_001491,2025-02-18T16:09:13,train
txn_003967,2025-02-18T16:13:51,train
txn_002684,2025-02-18T23:45:03,train
txn_000270,2025-02-19T06:03:37,train
txn_001629,2025-02-19T07:31:27,train
txn_003781,2025-02-19T09:18:07,train
txn_000427,2025-02-19T11:44:31,train
txn_001699,2025-02-19T13:33:29,train
txn_000436,2025-02-19T14:04:15,train
txn_003218,2025-02-19T16:09:42,train
txn_000795,2025-02-19T18:53:51,train
txn_003486,2025-02-19T19:03:00,train
txn_000177,2025-02-19T19:20:20,train
txn_002303,2025-02-19T20:43:27,train
txn_003450,2025-02-19T22:25:13,train
txn_003321,2025-02-20T00:56:49,train
txn_002185,2025-02-20T05:10:01,train
txn_001250,2025-02-20T06:48:05,train
txn_000566,2025-02-20T07:11:05,train
txn_001098,2025-02-20T09:35:56,train
txn_003955,2025-02-20T09:41:29,train
txn_002108,2025-02-20T10:47:58,train
txn_003095,2025-02-20T11:42:20,train
txn_003383,2025-02-20T12:32:35,train
txn_000366,2025-02-20T13:32:44,train
txn_000329,2025-02-20T13:43:19,train
txn_000865,2025-02-20T17:44:41,train
txn_002649,2025-02-20T19:31:35,train
txn_003255,2025-02-20T22:18:45,train
txn_001698,2025-02-20T23:21:26,train
txn_001595,2025-02-21T04:21:13,train
txn_000255,2025-02-21T04:25:15,train
txn_001294,2025-02-21T05:30:21,train
txn_003325,2025-02-21T06:37:10,train
txn_002290,2025-02-21T07:36:17,train
txn_000160,2025-02-21T08:18:58,train
txn_001978,2025-02-21T08:20:58,train
txn_000676,2025-02-21T09:51:00,train
txn_001017,2025-02-21T12:11:02,train
txn_000753,2025-02-21T12:23:17,train
txn_000045,2025-02-21T12:51:06,train
txn_003944,2025-02-21T14:06:32,train
txn_003246,2025-02-21T15:57:22,train
txn_000528,2025-02-21T21:59:27,train
txn_002091,2025-02-21T22:29:39,train
txn_003343,2025-02-21T23:05:04,train
txn_002688,2025-02-21T23:49:48,train
txn_000150,2025-02-21T23:51:49,train
txn_000990,2025-02-22T01:42:45,train
txn_002462,2025-02-22T03:50:35,train
txn_000447,2025-02-22T04:02:57,train
txn_000126,2025-02-22T06:53:54,train
txn_002859,2025-02-22T07:47:05,train
txn_000428,2025-02-22T08:44:31,train
txn_001536,2025-02-22T09:15:05,train
txn_001608,2025-02-22T09:38:01,train
txn_002038,2025-02-22T11:15:58,train
txn_003380,2025-02-22T12:13:12,train
txn_000234,2025-02-22T13:08:58,train
txn_003323,2025-02-22T14:12:10,train
txn_000094,2025-02-22T16:20:52,train
txn_001799,2025-02-22T16:55:54,train
txn_002949,2025-02-22T19:04:02,train
txn_001280,2025-02-22T19:11:41,train
txn_000297,2025-02-22T23:22:59,train
txn_000076,2025-02-22T23:49:18,train
txn_001684,2025-02-23T02:17:55,train
txn_001811,2025-02-23T04:05:03,train
txn_001448,2025-02-23T04:29:58,train
txn_002288,2025-02-23T05:54:58,train
txn_000008,2025-02-23T09:30:50,train
txn_001441,2025-02-23T10:32:30,train
txn_002879,2025-02-23T12:11:35,train
txn_003072,2025-02-23T12:38:16,train
txn_001516,2025-02-23T14:43:21,train
txn_003793,2025-02-23T15:03:01,train
txn_001784,2025-02-23T22:34:29,train
txn_002715,2025-02-24T04:11:46,train
txn_002079,2025-02-24T08:04:27,train
txn_002463,2025-02-24T08:13:11,train
txn_000007,2025-02-24T08:30:28,train
txn_001753,2025-02-24T10:50:18,train
txn_002955,2025-02-24T14:06:12,train
txn_001202,2025-02-24T17:24:24,train
txn_003620,2025-02-24T20:22:10,train
txn_001454,2025-02-24T21:26:39,train
txn_003678,2025-02-25T00:16:54,train
txn_000576,2025-02-25T01:05:34,train
txn_000757,2025-02-25T03:04:14,train
txn_003494,2025-02-25T07:09:43,train
txn_002244,2025-02-25T08:53:40,train
txn_000625,2025-02-25T09:32:26,train
txn_000517,2025-02-25T09:46:55,train
txn_002578,2025-02-25T10:27:58,train
txn_002049,2025-02-25T12:59:32,train
txn_000848,2025-02-25T16:14:39,train
txn_001605,2025-02-25T19:34:12,train
txn_000280,2025-02-25T20:59:23,train
txn_001111,2025-02-25T20:59:35,train
txn_000632,2025-02-25T23:35:35,train
txn_001979,2025-02-26T01:06:50,train
txn_000408,2025-02-26T01:24:14,train
txn_002662,2025-02-26T01:42:56,train
txn_000774,2025-02-26T07:22:20,train
txn_001056,2025-02-26T09:11:07,train
txn_001805,2025-02-26T09:49:30,train
txn_000130,2025-02-26T10:32:35,train
txn_000925,2025-02-26T11:15:02,train
txn_000399,2025-02-26T12:56:38,train
txn_003924,2025-02-26T13:01:30,train
txn_002012,2025-02-26T13:32:48,train
txn_002085,2025-02-26T14:31:39,train
txn_000885,2025-02-26T17:56:20,train
txn_002523,2025-02-26T19:01:25,train
txn_001225,2025-02-26T21:33:10,train
txn_001611,2025-02-27T03:26:01,train
txn_001463,2025-02-27T03:39:16,train
txn_003655,2025-02-27T05:07:21,train
txn_000351,2025-02-27T09:04:15,train
txn_000215,2025-02-27T11:34:32,train
txn_001695,2025-02-27T12:14:08,train
txn_002007,2025-02-27T14:20:06,train
txn_002935,2025-02-27T18:59:27,train
txn_001816,2025-02-27T19:49:22,train
txn_000010,2025-02-27T19:49:30,train
txn_001584,2025-02-28T00:03:01,train
txn_003377,2025-02-28T00:06:33,train
txn_002256,2025-02-28T02:31:54,train
txn_001315,2025-02-28T02:52:18,train
txn_003675,2025-02-28T04:25:04,train
txn_003431,2025-02-28T04:31:38,train
txn_001124,2025-02-28T07:17:42,train
txn_000737,2025-02-28T09:42:37,train
txn_000309,2025-02-28T10:44:37,train
txn_000579,2025-02-28T10:49:12,train
txn_000060,2025-02-28T11:22:49,train
txn_003761,2025-02-28T12:33:02,train
txn_002071,2025-02-28T14:38:01,train
txn_000792,2025-02-28T18:58:06,train
txn_002897,2025-02-28T19:34:49,train
txn_001556,2025-02-28T20:33:53,train
txn_000227,2025-03-01T00:20:32,train
txn_001420,2025-03-01T02:40:37,train
txn_001335,2025-03-01T04:02:50,train
txn_000876,2025-03-01T07:07:33,train
txn_002613,2025-03-01T12:39:34,train
txn_001303,2025-03-01T13:01:38,train
txn_002308,2025-03-01T14:13:26,train
txn_003679,2025-03-01T15:57:59,train
txn_001018,2025-03-01T18:43:36,train
txn_002367,2025-03-01T19:44:18,train
txn_003002,2025-03-01T21:05:23,train
txn_003650,2025-03-01T21:32:14,train
txn_003202,2025-03-02T00:25:18,train
txn_001238,2025-03-02T00:43:36,train
txn_001998,2025-03-02T02:15:25,train
txn_000877,2025-03-02T06:07:33,train
txn_004089,2025-03-02T07:12:27,train
txn_004090,2025-03-02T07:12:31,train
txn_004097,2025-03-02T07:12:59,train
txn_004091,2025-03-02T07:13:05,train
txn_004092,2025-03-02T07:13:09,train
txn_004098,2025-03-02T07:13:12,train
txn_004094,2025-03-02T07:13:27,train
txn_004095,2025-03-02T07:13:33,train
txn_004093,2025-03-02T07:13:47,train
txn_004096,2025-03-02T07:14:12,train
txn_001810,2025-03-02T10:28:53,train
txn_002134,2025-03-02T10:35:26,train
txn_000723,2025-03-02T11:16:06,train
txn_000190,2025-03-02T11:23:33,train
txn_000061,2025-03-02T12:22:49,train
txn_000841,2025-03-02T13:21:48,train
txn_002322,2025-03-02T16:40:16,train
txn_000392,2025-03-02T16:57:10,train
txn_000142,2025-03-02T17:02:25,train
txn_000580,2025-03-02T20:49:12,train
txn_000695,2025-03-02T22:50:17,train
txn_000457,2025-03-02T23:40:35,train
txn_002564,2025-03-03T04:54:54,train
txn_000594,2025-03-03T12:17:08,train
txn_000588,2025-03-03T12:48:06,train
txn_002132,2025-03-03T15:55:53,train
txn_002554,2025-03-03T16:32:48,train
txn_003653,2025-03-03T19:55:06,train
txn_003594,2025-03-03T23:45:24,train
txn_003651,2025-03-04T00:46:02,train
txn_002526,2025-03-04T04:18:41,train
txn_002237,2025-03-04T04:47:47,train
txn_000201,2025-03-04T06:30:32,train
txn_001006,2025-03-04T07:34:46,train
txn_001228,2025-03-04T09:38:49,train
txn_002488,2025-03-04T11:10:24,train
txn_000081,2025-03-04T11:44:18,train
txn_000144,2025-03-04T12:12:12,train
txn_000390,2025-03-04T15:44:11,train
txn_002507,2025-03-04T16:22:12,train
txn_001999,2025-03-04T17:31:30,train
txn_001530,2025-03-05T00:48:15,train
txn_000872,2025-03-05T01:53:50,train
txn_002297,2025-03-05T03:46:24,train
txn_001302,2025-03-05T10:42:51,train
txn_003378,2025-03-05T12:14:10,train
txn_002000,2025-03-06T00:44:02,train
txn_003443,2025-03-06T07:06:37,train
txn_000387,2025-03-06T12:12:55,train
txn_003923,2025-03-06T13:43:26,train
txn_002919,2025-03-06T14:47:03,train
txn_000233,2025-03-06T15:46:03,train
txn_000032,2025-03-06T19:17:57,train
txn_000056,2025-03-06T19:26:50,train
txn_000598,2025-03-06T22:52:26,train
txn_002309,2025-03-07T00:05:11,train
txn_001237,2025-03-07T01:01:15,train
txn_001887,2025-03-07T02:42:03,train
txn_001477,2025-03-07T03:45:18,train
txn_003858,2025-03-07T09:30:15,train
txn_002924,2025-03-07T10:49:40,train
txn_003999,2025-03-07T13:05:09,train
txn_000983,2025-03-07T15:24:18,train
txn_000570,2025-03-07T21:52:58,train
txn_003713,2025-03-07T22:28:37,train
txn_001676,2025-03-07T22:43:39,train
txn_001357,2025-03-08T03:24:54,train
txn_000485,2025-03-08T06:25:35,train
txn_000516,2025-03-08T07:28:52,train
txn_004019,2025-03-08T08:37:17,train
txn_001677,2025-03-08T09:43:39,train
txn_003751,2025-03-08T16:21:34,train
txn_000332,2025-03-08T17:02:40,train
txn_003059,2025-03-08T17:50:06,train
txn_000288,2025-03-08T21:28:37,train
txn_000718,2025-03-09T00:36:39,train
txn_001597,2025-03-09T00:58:53,train
txn_002174,2025-03-09T08:59:25,train
txn_002625,2025-03-09T10:25:07,train
txn_000715,2025-03-09T11:39:46,train
txn_000183,2025-03-09T18:49:11,train
txn_001170,2025-03-09T22:15:35,train
txn_001494,2025-03-09T23:08:49,train
txn_001187,2025-03-09T23:23:37,train
txn_001109,2025-03-10T04:14:06,train
txn_002814,2025-03-10T11:39:49,train
txn_003573,2025-03-10T12:57:21,train
txn_000613,2025-03-10T14:27:06,train
txn_000341,2025-03-10T16:32:24,train
txn_001107,2025-03-10T17:12:40,train
txn_000862,2025-03-10T19:57:15,train
txn_003749,2025-03-10T23:52:05,train
txn_000077,2025-03-11T00:21:40,train
txn_001039,2025-03-11T07:19:03,train
txn_001501,2025-03-11T09:23:29,train
txn_002733,2025-03-11T11:41:23,train
txn_000151,2025-03-11T13:45:14,train
txn_000322,2025-03-11T15:52:15,train
txn_002601,2025-03-11T17:13:57,train
txn_003874,2025-03-11T18:17:22,train
txn_000504,2025-03-11T18:17:59,train
txn_002948,2025-03-11T20:46:20,train
txn_002517,2025-03-11T21:36:24,train
txn_002064,2025-03-11T22:46:06,train
txn_001198,2025-03-12T03:24:28,train
txn_001235,2025-03-12T06:24:48,train
txn_000507,2025-03-12T07:56:33,train
txn_000917,2025-03-12T09:12:59,train
txn_002173,2025-03-12T16:19:56,train
txn_000798,2025-03-12T17:58:13,train
txn_000312,2025-03-12T18:58:38,train
txn_002575,2025-03-12T19:30:58,train
txn_001927,2025-03-12T20:01:33,train
txn_001531,2025-03-12T22:19:28,train
txn_001328,2025-03-13T01:53:10,train
txn_001728,2025-03-13T02:25:01,train
txn_001492,2025-03-13T06:58:03,train
txn_002127,2025-03-13T08:35:48,train
txn_003841,2025-03-13T10:16:31,train
txn_000541,2025-03-13T11:37:21,train
txn_001586,2025-03-13T13:50:51,train
txn_000993,2025-03-13T18:14:18,train
txn_000303,2025-03-13T19:49:09,train
txn_000384,2025-03-13T21:08:22,train
txn_000645,2025-03-13T23:09:42,train
txn_002890,2025-03-13T23:38:07,train
txn_001396,2025-03-14T01:11:31,train
txn_002479,2025-03-14T04:49:11,train
txn_001457,2025-03-14T05:03:13,train
txn_002424,2025-03-14T08:24:35,train
txn_000028,2025-03-14T09:15:07,train
txn_000974,2025-03-14T10:53:18,train
txn_003821,2025-03-14T16:00:27,train
txn_004042,2025-03-14T16:56:44,train
txn_004043,2025-03-14T17:00:44,train
txn_004044,2025-03-14T17:02:44,train
txn_002434,2025-03-14T18:28:29,train
txn_001412,2025-03-14T19:32:56,train
txn_003639,2025-03-14T20:26:12,train
txn_002345,2025-03-14T20:35:20,train
txn_001263,2025-03-15T03:05:08,train
txn_003640,2025-03-15T03:26:12,train
txn_000308,2025-03-15T03:34:57,train
txn_002120,2025-03-15T03:46:41,train
txn_001493,2025-03-15T06:50:20,train
txn_000335,2025-03-15T07:36:12,train
txn_002233,2025-03-15T08:47:11,train
txn_000372,2025-03-15T08:51:41,train
txn_000438,2025-03-15T12:55:18,train
txn_000414,2025-03-15T13:17:50,train
txn_001747,2025-03-15T15:07:08,train
txn_001580,2025-03-15T15:42:02,train
txn_002986,2025-03-15T16:22:47,train
txn_003561,2025-03-15T17:20:11,train
txn_000521,2025-03-15T20:38:36,train
txn_001742,2025-03-16T03:37:00,train
txn_001941,2025-03-16T03:54:31,train
txn_003188,2025-03-16T06:03:01,train
txn_002552,2025-03-16T06:28:46,train
txn_001038,2025-03-16T10:30:46,train
txn_001490,2025-03-16T14:33:08,train
txn_001969,2025-03-16T15:51:31,train
txn_001168,2025-03-16T16:14:58,train
txn_002975,2025-03-16T17:26:53,train
txn_001942,2025-03-16T17:54:31,train
txn_000406,2025-03-16T18:44:42,train
txn_003191,2025-03-16T20:49:25,train
txn_001391,2025-03-16T22:54:11,train
txn_000833,2025-03-17T00:22:43,train
txn_000956,2025-03-17T03:21:28,train
txn_000243,2025-03-17T04:04:02,train
txn_003649,2025-03-17T05:21:50,train
txn_000854,2025-03-17T13:49:17,train
txn_000430,2025-03-17T13:52:45,train
txn_002496,2025-03-17T16:10:02,train
txn_000802,2025-03-17T16:23:40,train
txn_002551,2025-03-18T02:09:52,train
txn_001892,2025-03-18T03:34:45,train
txn_000426,2025-03-18T03:39:40,train
txn_001872,2025-03-18T04:29:43,train
txn_001894,2025-03-18T08:50:05,train
txn_000601,2025-03-18T13:19:18,train
txn_001304,2025-03-18T14:40:34,train
txn_000878,2025-03-18T19:13:26,train
txn_002553,2025-03-18T22:28:46,train
txn_000728,2025-03-19T01:48:04,train
txn_003052,2025-03-19T01:55:33,train
txn_001141,2025-03-19T03:40:50,train
txn_002872,2025-03-19T06:21:40,train
txn_003540,2025-03-19T09:33:38,train
txn_000379,2025-03-19T14:56:06,train
txn_000779,2025-03-19T16:04:55,train
txn_003388,2025-03-19T16:46:17,train
txn_001758,2025-03-19T18:50:42,train
txn_003354,2025-03-20T10:21:45,train
txn_001117,2025-03-20T10:43:54,train
txn_002342,2025-03-20T12:29:49,train
txn_002730,2025-03-20T14:06:27,train
txn_003981,2025-03-20T19:16:50,train
txn_001683,2025-03-20T22:41:23,train
txn_000002,2025-03-20T23:14:08,train
txn_003827,2025-03-21T09:44:33,train
txn_001722,2025-03-21T10:03:26,train
txn_001750,2025-03-21T10:09:28,train
txn_001040,2025-03-21T11:22:54,train
txn_003934,2025-03-21T13:05:03,train
txn_002257,2025-03-21T13:41:32,train
txn_000936,2025-03-21T13:44:19,train
txn_002731,2025-03-21T17:06:27,train
txn_003929,2025-03-21T17:23:05,train
txn_001623,2025-03-21T18:07:19,train
txn_001473,2025-03-21T18:33:01,train
txn_001517,2025-03-21T23:25:56,train
txn_003744,2025-03-22T00:07:57,train
txn_001440,2025-03-22T00:22:01,train
txn_002930,2025-03-22T02:49:19,train
txn_000763,2025-03-22T04:03:36,train
txn_002353,2025-03-22T06:47:40,train
txn_000839,2025-03-22T06:55:40,train
txn_001003,2025-03-22T07:20:34,train
txn_000446,2025-03-22T11:14:24,train
txn_001824,2025-03-22T13:47:26,train
txn_002275,2025-03-22T14:22:22,train
txn_002460,2025-03-22T20:16:36,train
txn_002691,2025-03-22T21:22:33,train
txn_001102,2025-03-22T21:54:22,train
txn_000569,2025-03-23T02:20:57,train
txn_001630,2025-03-23T06:13:34,train
txn_003757,2025-03-23T08:52:14,train
txn_003145,2025-03-23T10:32:14,train
txn_000128,2025-03-23T10:39:50,train
txn_000241,2025-03-23T11:54:02,train
txn_002692,2025-03-23T12:22:33,train
txn_000840,2025-03-23T13:55:40,train
txn_001933,2025-03-23T18:05:11,train
txn_002245,2025-03-23T18:23:41,train
txn_000109,2025-03-24T00:26:08,train
txn_002875,2025-03-24T00:48:30,train
txn_002110,2025-03-24T00:56:01,train
txn_001834,2025-03-24T01:04:46,train
txn_003691,2025-03-24T06:42:52,train
txn_003495,2025-03-24T09:48:21,train
txn_002422,2025-03-24T16:15:19,train
txn_001474,2025-03-24T16:33:01,train
txn_003708,2025-03-24T16:36:03,train
txn_003658,2025-03-24T23:36:28,train
txn_001333,2025-03-25T07:11:35,train
txn_001220,2025-03-25T08:12:20,train
txn_002232,2025-03-25T12:01:03,train
txn_002876,2025-03-25T13:48:30,train
txn_001714,2025-03-25T16:07:43,train
txn_003239,2025-03-25T16:32:11,train
txn_002998,2025-03-25T19:01:07,train
txn_001788,2025-03-25T19:43:17,train
txn_001828,2025-03-26T01:27:57,train
txn_003635,2025-03-26T02:14:59,train
txn_000465,2025-03-26T03:32:00,train
txn_002868,2025-03-26T05:53:19,train
txn_003975,2025-03-26T06:29:37,train
txn_000003,2025-03-26T06:44:26,train
txn_003155,2025-03-26T08:28:59,train
txn_000260,2025-03-26T12:17:19,train
txn_001361,2025-03-26T13:47:37,train
txn_002707,2025-03-26T14:40:19,train
txn_000942,2025-03-26T15:14:22,train
txn_001355,2025-03-26T17:24:40,train
txn_001297,2025-03-26T19:38:37,train
txn_002338,2025-03-26T19:51:13,train
txn_000136,2025-03-26T20:03:27,train
txn_001471,2025-03-27T01:04:37,train
txn_004006,2025-03-27T01:05:16,train
txn_002801,2025-03-27T03:32:14,train
txn_000544,2025-03-27T03:50:02,train
txn_000439,2025-03-27T05:00:39,train
txn_001496,2025-03-27T06:52:35,train
txn_001231,2025-03-27T10:01:37,train
txn_000135,2025-03-27T10:11:40,train
txn_002841,2025-03-27T11:36:58,train
txn_002572,2025-03-27T12:35:34,train
txn_002627,2025-03-27T12:47:49,train
txn_003889,2025-03-27T13:22:38,train
txn_003008,2025-03-27T14:17:33,train
txn_003467,2025-03-27T14:38:22,train
txn_003922,2025-03-27T14:41:56,train
txn_002216,2025-03-27T15:38:32,train
txn_000289,2025-03-27T15:53:05,train
txn_003659,2025-03-27T17:36:28,train
txn_000692,2025-03-27T22:45:32,train
txn_003481,2025-03-27T23:34:29,train
txn_002582,2025-03-28T05:00:47,train
txn_000025,2025-03-28T05:12:00,train
txn_002153,2025-03-28T08:39:42,train
txn_000300,2025-03-28T08:58:47,train
txn_001390,2025-03-28T09:20:05,train
txn_000573,2025-03-28T14:59:19,train
txn_003296,2025-03-28T16:47:37,train
txn_002957,2025-03-28T17:36:20,train
txn_003413,2025-03-28T18:05:58,train
txn_002782,2025-03-28T19:53:53,train
txn_001660,2025-03-28T20:21:22,train
txn_003632,2025-03-28T22:03:29,train
txn_001918,2025-03-29T00:00:55,train
txn_002119,2025-03-29T01:46:22,train
txn_002404,2025-03-29T02:21:07,train
txn_001362,2025-03-29T02:47:37,train
txn_002474,2025-03-29T07:31:04,train
txn_000962,2025-03-29T20:19:35,train
txn_000107,2025-03-29T20:56:57,train
txn_000551,2025-03-30T00:45:55,train
txn_000296,2025-03-30T11:04:57,train
txn_001031,2025-03-30T11:40:01,train
txn_002953,2025-03-30T14:29:10,train
txn_000944,2025-03-30T18:18:14,train
txn_001996,2025-03-30T23:33:11,train
txn_002461,2025-03-31T01:57:42,train
txn_001994,2025-03-31T06:00:04,train
txn_000006,2025-03-31T07:55:44,train
txn_003360,2025-03-31T10:07:01,train
txn_003629,2025-03-31T16:26:50,train
txn_001233,2025-03-31T16:33:53,train
txn_002014,2025-03-31T18:55:06,train
txn_003582,2025-03-31T22:07:32,train
txn_003954,2025-04-01T00:03:23,train
txn_003074,2025-04-01T00:40:02,train
txn_002423,2025-04-01T03:43:39,train
txn_001798,2025-04-01T03:47:51,train
txn_000923,2025-04-01T04:42:39,train
txn_003344,2025-04-01T06:16:30,train
txn_001772,2025-04-01T09:40:18,train
txn_001842,2025-04-01T14:14:34,train
txn_000064,2025-04-01T17:24:52,train
txn_001053,2025-04-01T18:41:03,train
txn_001248,2025-04-01T19:48:23,train
txn_002780,2025-04-01T23:56:36,train
txn_003544,2025-04-02T01:39:57,train
txn_000487,2025-04-02T04:18:33,train
txn_001767,2025-04-02T04:27:31,train
txn_000905,2025-04-02T04:40:01,train
txn_002101,2025-04-02T06:28:02,train
txn_002420,2025-04-02T08:11:27,train
txn_001145,2025-04-02T08:19:22,train
txn_002455,2025-04-02T08:49:32,train
txn_001083,2025-04-02T08:58:37,train
txn_001628,2025-04-02T16:51:01,train
txn_000418,2025-04-02T20:15:25,train
txn_001566,2025-04-02T20:22:38,train
txn_000073,2025-04-02T20:48:58,train
txn_001427,2025-04-02T21:15:05,train
txn_002358,2025-04-02T22:13:26,train
txn_001896,2025-04-03T04:33:00,train
txn_001919,2025-04-03T06:25:57,train
txn_003945,2025-04-03T09:01:09,train
txn_001096,2025-04-03T11:42:28,train
txn_001555,2025-04-03T15:25:22,train
txn_000302,2025-04-03T20:13:22,train
txn_000169,2025-04-03T22:02:00,train
txn_003258,2025-04-04T03:58:37,train
txn_001255,2025-04-04T04:18:06,train
txn_001206,2025-04-04T08:24:54,train
txn_001032,2025-04-04T08:35:45,train
txn_003602,2025-04-04T08:41:06,train
txn_002591,2025-04-04T09:15:07,train
txn_001705,2025-04-04T10:29:12,train
txn_001438,2025-04-04T11:30:14,train
txn_000001,2025-04-04T13:59:10,train
txn_002946,2025-04-04T18:10:03,train
txn_001792,2025-04-04T20:42:21,train
txn_002991,2025-04-04T23:50:38,train
txn_001052,2025-04-05T00:32:11,train
txn_002630,2025-04-05T02:49:27,train
txn_001843,2025-04-05T02:58:20,train
txn_002607,2025-04-05T03:05:43,train
txn_001983,2025-04-05T03:42:19,train
txn_001762,2025-04-05T03:56:48,train
txn_001343,2025-04-05T04:33:39,train
txn_001115,2025-04-05T09:10:39,train
txn_003834,2025-04-05T11:12:13,train
txn_001793,2025-04-05T13:42:21,train
txn_003112,2025-04-05T15:06:06,train
txn_000157,2025-04-05T15:10:18,train
txn_002675,2025-04-05T15:36:25,train
txn_003452,2025-04-05T16:16:30,train
txn_002916,2025-04-05T18:19:34,train
txn_001868,2025-04-05T22:50:50,train
txn_003763,2025-04-05T23:56:50,train
txn_004010,2025-04-06T00:39:10,train
txn_001615,2025-04-06T00:42:00,train
txn_003948,2025-04-06T01:48:43,train
txn_000253,2025-04-06T01:56:06,train
txn_000754,2025-04-06T02:17:34,train
txn_000599,2025-04-06T06:31:51,train
txn_001984,2025-04-06T07:22:37,train
txn_000933,2025-04-06T09:28:23,train
txn_000857,2025-04-06T10:04:32,train
txn_001879,2025-04-06T12:54:10,train
txn_000991,2025-04-06T13:14:11,train
txn_003005,2025-04-06T13:38:36,train
txn_003699,2025-04-06T14:03:08,train
txn_003333,2025-04-06T14:17:35,train
txn_001880,2025-04-06T14:54:10,train
txn_001163,2025-04-06T16:34:54,train
txn_001114,2025-04-06T17:26:50,train
txn_002753,2025-04-06T22:49:40,train
txn_002838,2025-04-07T00:52:59,train
txn_001985,2025-04-07T03:37:29,train
txn_003179,2025-04-07T05:47:15,train
txn_001334,2025-04-07T05:57:47,train
txn_001546,2025-04-07T06:40:39,train
txn_001564,2025-04-07T09:21:55,train
txn_003409,2025-04-07T10:37:52,train
txn_000510,2025-04-07T10:40:09,train
txn_002755,2025-04-07T12:07:38,train
txn_003743,2025-04-07T14:07:45,train
txn_003904,2025-04-07T17:19:33,train
txn_000460,2025-04-07T18:06:17,train
txn_002659,2025-04-07T19:09:41,train
txn_000039,2025-04-07T23:09:38,train
txn_001130,2025-04-07T23:20:55,train
txn_002839,2025-04-07T23:30:02,train
txn_002652,2025-04-08T00:18:51,train
txn_000211,2025-04-08T00:50:06,train
txn_001001,2025-04-08T02:07:52,train
txn_003520,2025-04-08T05:23:52,train
txn_002605,2025-04-08T06:51:37,train
txn_002587,2025-04-08T07:34:34,train
txn_000145,2025-04-08T08:34:40,train
txn_002536,2025-04-08T08:37:26,train
txn_003180,2025-04-08T10:24:39,train
txn_001088,2025-04-08T13:24:25,train
txn_001610,2025-04-08T13:29:29,train
txn_001277,2025-04-08T15:28:12,train
txn_001596,2025-04-08T15:56:35,train
txn_001240,2025-04-08T20:27:22,train
txn_002058,2025-04-08T23:50:43,train
txn_002749,2025-04-09T07:23:12,train
txn_001970,2025-04-09T09:34:47,train
txn_001886,2025-04-09T09:38:36,train
txn_003512,2025-04-09T10:01:52,train
txn_002933,2025-04-09T10:35:40,train
txn_002847,2025-04-09T12:05:03,train
txn_000165,2025-04-09T13:22:44,train
txn_000482,2025-04-09T18:08:10,train
txn_001812,2025-04-09T18:12:22,train
txn_002348,2025-04-09T18:17:46,train
txn_000244,2025-04-09T19:20:35,train
txn_001229,2025-04-09T22:38:21,train
txn_000960,2025-04-10T02:09:02,train
txn_001741,2025-04-10T03:23:25,train
txn_002963,2025-04-10T06:40:41,train
txn_002833,2025-04-10T06:59:06,train
txn_000746,2025-04-10T07:13:39,train
txn_001234,2025-04-10T08:33:01,train
txn_003133,2025-04-10T10:43:35,train
txn_003770,2025-04-10T12:46:40,train
txn_002977,2025-04-10T16:49:47,train
txn_003170,2025-04-10T20:15:56,train
txn_002512,2025-04-10T23:41:53,train
txn_000830,2025-04-11T02:34:13,train
txn_003560,2025-04-11T04:43:18,train
txn_002349,2025-04-11T08:17:46,train
txn_002538,2025-04-11T10:01:25,train
txn_001859,2025-04-11T10:27:34,train
txn_000486,2025-04-11T17:20:06,train
txn_001148,2025-04-11T18:43:17,train
txn_001451,2025-04-11T19:25:47,train
txn_003534,2025-04-11T23:39:00,train
txn_000634,2025-04-12T01:54:23,train
txn_002832,2025-04-12T02:14:50,train
txn_003083,2025-04-12T02:26:45,train
txn_003351,2025-04-12T05:17:42,train
txn_003435,2025-04-12T05:58:20,train
txn_002387,2025-04-12T09:59:06,train
txn_001183,2025-04-12T14:46:49,train
txn_001347,2025-04-12T17:11:31,train
txn_000051,2025-04-12T19:44:38,train
txn_001674,2025-04-12T20:28:55,train
txn_001495,2025-04-12T20:35:28,train
txn_000635,2025-04-12T20:54:23,train
txn_000799,2025-04-13T01:31:00,train
txn_002283,2025-04-13T09:02:33,train
txn_001662,2025-04-13T09:56:41,train
txn_000606,2025-04-13T10:06:54,train
txn_002923,2025-04-13T10:10:08,train
txn_003278,2025-04-13T10:13:07,train
txn_000931,2025-04-13T11:49:15,train
txn_003231,2025-04-13T12:23:54,train
txn_001576,2025-04-13T14:39:25,train
txn_002354,2025-04-13T19:31:46,train
txn_002122,2025-04-14T02:20:59,train
txn_001258,2025-04-14T04:27:27,train
txn_003697,2025-04-14T08:33:25,train
txn_000614,2025-04-14T08:57:39,train
txn_003349,2025-04-14T10:29:15,train
txn_003792,2025-04-14T12:26:54,train
txn_003214,2025-04-14T16:25:27,train
txn_001592,2025-04-14T19:05:51,train
txn_001033,2025-04-15T00:10:35,train
txn_002382,2025-04-15T04:26:52,train
txn_001848,2025-04-15T06:11:11,train
txn_003194,2025-04-15T06:55:19,train
txn_000664,2025-04-15T08:54:24,train
txn_002053,2025-04-15T09:20:03,train
txn_003816,2025-04-15T10:00:49,train
txn_003477,2025-04-15T10:36:36,train
txn_001820,2025-04-15T11:12:29,train
txn_003891,2025-04-15T12:14:54,train
txn_003312,2025-04-15T12:19:27,train
txn_001600,2025-04-15T14:25:34,train
txn_003565,2025-04-15T14:28:27,train
txn_003648,2025-04-15T15:45:55,train
txn_001780,2025-04-15T18:26:09,train
txn_002789,2025-04-15T18:27:12,train
txn_000111,2025-04-15T20:22:09,train
txn_002965,2025-04-15T20:44:05,train
txn_000514,2025-04-15T21:44:58,train
txn_000275,2025-04-15T23:37:19,train
txn_003515,2025-04-16T01:05:02,train
txn_001394,2025-04-16T03:19:02,train
txn_000769,2025-04-16T03:30:34,train
txn_003399,2025-04-16T04:40:38,train
txn_002490,2025-04-16T08:01:15,train
txn_003275,2025-04-16T09:51:10,train
txn_001404,2025-04-16T11:28:09,train
txn_001063,2025-04-16T14:18:18,train
txn_001323,2025-04-16T20:55:19,train
txn_000252,2025-04-16T21:19:17,train
txn_000324,2025-04-16T21:28:18,train
txn_002150,2025-04-16T23:20:03,train
txn_002235,2025-04-17T00:11:39,train
txn_000421,2025-04-17T03:22:04,train
txn_003666,2025-04-17T06:04:31,train
txn_000095,2025-04-17T09:39:19,train
txn_001645,2025-04-17T13:06:25,train
txn_003901,2025-04-17T14:41:13,train
txn_003634,2025-04-17T19:41:34,train
txn_002369,2025-04-18T07:20:58,train
txn_000294,2025-04-18T08:28:57,train
txn_003038,2025-04-18T10:35:41,train
txn_000147,2025-04-18T10:50:34,train
txn_003808,2025-04-18T14:55:09,train
txn_003926,2025-04-18T15:07:02,train
txn_000709,2025-04-18T16:02:26,train
txn_002304,2025-04-18T17:12:36,train
txn_002736,2025-04-18T18:04:47,train
txn_000766,2025-04-18T18:16:08,train
txn_003345,2025-04-18T20:39:03,train
txn_001602,2025-04-18T21:07:32,train
txn_003400,2025-04-19T00:40:38,train
txn_000804,2025-04-19T03:04:31,train
txn_002179,2025-04-19T04:09:26,train
txn_001411,2025-04-19T04:45:48,train
txn_002719,2025-04-19T07:30:11,train
txn_001064,2025-04-19T08:18:18,train
txn_001833,2025-04-19T09:57:13,train
txn_003154,2025-04-19T11:01:04,train
txn_002469,2025-04-19T18:45:40,train
txn_001830,2025-04-19T19:16:34,train
txn_002960,2025-04-19T20:53:16,train
txn_001883,2025-04-19T23:58:45,train
txn_000992,2025-04-20T00:00:58,train
txn_002215,2025-04-20T01:20:12,train
txn_000928,2025-04-20T01:33:27,train
txn_002339,2025-04-20T04:20:46,train
txn_000873,2025-04-20T07:17:45,train
txn_003277,2025-04-20T15:44:06,train
txn_003720,2025-04-21T02:43:28,train
txn_000600,2025-04-21T03:28:35,train
txn_001864,2025-04-21T07:52:44,train
txn_000441,2025-04-21T08:00:43,train
txn_000375,2025-04-21T09:41:35,train
txn_000844,2025-04-21T13:38:28,train
txn_002577,2025-04-21T13:58:15,train
txn_002142,2025-04-21T16:13:04,train
txn_002375,2025-04-21T16:43:23,train
txn_000602,2025-04-21T16:44:11,train
txn_000535,2025-04-21T19:20:48,train
txn_000899,2025-04-21T19:35:04,train
txn_003593,2025-04-21T22:39:07,train
txn_003361,2025-04-22T00:33:50,train
txn_002635,2025-04-22T00:56:42,train
txn_000966,2025-04-22T06:04:17,train
txn_002061,2025-04-22T07:26:10,train
txn_003331,2025-04-22T07:43:16,train
txn_002651,2025-04-22T09:41:10,train
txn_003728,2025-04-22T14:03:47,train
txn_003872,2025-04-22T15:16:18,train
txn_001757,2025-04-22T16:21:57,train
txn_001700,2025-04-22T19:31:37,train
txn_002556,2025-04-22T19:52:40,train
txn_002562,2025-04-22T21:17:30,train
txn_002362,2025-04-22T21:21:01,train
txn_000264,2025-04-23T00:44:36,train
txn_004003,2025-04-23T00:44:57,train
txn_002557,2025-04-23T02:52:40,train
txn_003225,2025-04-23T06:51:02,train
txn_001657,2025-04-23T08:14:55,train
txn_002248,2025-04-23T09:05:00,train
txn_003909,2025-04-23T10:52:15,train
txn_000623,2025-04-23T12:57:42,train
txn_002829,2025-04-23T13:25:13,train
txn_003928,2025-04-23T13:25:51,train
txn_000567,2025-04-23T16:06:31,train
txn_000496,2025-04-24T00:05:51,train
txn_002039,2025-04-24T00:46:47,train
txn_001313,2025-04-24T03:33:38,train
txn_000847,2025-04-24T07:49:31,train
txn_000497,2025-04-24T08:05:51,train
txn_001502,2025-04-24T12:35:47,train
txn_001616,2025-04-24T14:37:44,train
txn_001349,2025-04-24T16:56:35,train
txn_002920,2025-04-24T17:25:11,train
txn_003337,2025-04-24T18:09:35,train
txn_001403,2025-04-24T20:13:23,train
txn_003732,2025-04-24T20:24:24,train
txn_003553,2025-04-24T22:06:00,train
txn_000339,2025-04-25T00:12:17,train
txn_003687,2025-04-25T03:12:41,train
txn_003424,2025-04-25T06:16:04,train
txn_003992,2025-04-25T06:18:40,train
txn_002470,2025-04-25T06:24:39,train
txn_001422,2025-04-25T10:25:23,train
txn_002189,2025-04-25T17:17:32,train
txn_002745,2025-04-25T20:00:36,train
txn_001777,2025-04-26T02:30:57,train
txn_002913,2025-04-26T05:35:04,train
txn_001696,2025-04-26T09:44:03,train
txn_000360,2025-04-26T12:10:56,train
txn_000901,2025-04-26T12:37:14,train
txn_001992,2025-04-26T13:26:11,train
txn_000739,2025-04-26T14:36:35,train
txn_004005,2025-04-26T16:29:49,train
txn_000417,2025-04-26T17:47:17,train
txn_003548,2025-04-26T21:28:59,train
txn_001472,2025-04-26T21:53:48,train
txn_001960,2025-04-26T22:19:14,train
txn_001290,2025-04-26T22:34:02,train
txn_001245,2025-04-26T22:34:32,train
txn_004013,2025-04-27T01:48:19,train
txn_000523,2025-04-27T04:32:27,train
txn_000340,2025-04-27T08:12:17,train
txn_001665,2025-04-27T13:33:58,train
txn_003235,2025-04-27T13:39:56,train
txn_000102,2025-04-27T14:01:06,train
txn_001135,2025-04-27T14:24:27,train
txn_000855,2025-04-27T15:11:16,train
txn_003097,2025-04-27T17:15:08,train
txn_001259,2025-04-27T21:29:57,train
txn_002956,2025-04-28T03:04:46,train
txn_000582,2025-04-28T06:19:35,train
txn_001961,2025-04-28T07:19:14,train
txn_000973,2025-04-28T11:55:59,train
txn_003556,2025-04-28T12:13:21,train
txn_003820,2025-04-28T12:28:01,train
txn_000450,2025-04-28T13:30:49,train
txn_003884,2025-04-28T13:49:15,train
txn_003837,2025-04-28T14:13:16,train
txn_002045,2025-04-28T15:31:16,train
txn_000761,2025-04-28T15:45:35,train
txn_001770,2025-04-28T17:05:42,train
txn_003242,2025-04-28T17:38:48,train
txn_002971,2025-04-28T18:13:44,train
txn_000859,2025-04-28T18:24:22,train
txn_001214,2025-04-28T22:07:38,train
txn_000321,2025-04-29T00:41:14,train
txn_003738,2025-04-29T06:42:48,train
txn_000627,2025-04-29T10:46:10,train
txn_001785,2025-04-29T11:30:36,train
txn_000219,2025-04-29T11:54:22,train
txn_001177,2025-04-29T15:29:42,train
txn_002658,2025-04-29T17:25:13,train
txn_003313,2025-04-29T23:24:07,train
txn_002939,2025-04-30T00:14:40,train
txn_001093,2025-04-30T01:53:57,train
txn_003680,2025-04-30T07:31:19,train
txn_003381,2025-04-30T09:05:11,train
txn_000586,2025-04-30T09:08:41,train
txn_003756,2025-04-30T10:15:49,train
txn_001431,2025-04-30T11:02:07,train
txn_003830,2025-04-30T11:25:32,train
txn_003788,2025-04-30T13:23:11,train
txn_000786,2025-04-30T19:15:27,train
txn_000770,2025-04-30T22:15:43,train
txn_002972,2025-05-01T03:09:26,train
txn_003630,2025-05-01T04:24:04,train
txn_002051,2025-05-01T06:46:42,train
txn_001176,2025-05-01T07:11:59,train
txn_001299,2025-05-01T09:39:52,train
txn_003731,2025-05-01T12:36:04,train
txn_000092,2025-05-01T18:15:27,train
txn_001436,2025-05-01T18:18:50,train
txn_002380,2025-05-01T19:39:46,train
txn_003302,2025-05-01T22:29:18,train
txn_001966,2025-05-01T23:22:31,train
txn_001794,2025-05-02T00:48:21,train
txn_002776,2025-05-02T04:09:04,train
txn_001653,2025-05-02T04:14:08,train
txn_003026,2025-05-02T12:20:11,train
txn_003597,2025-05-02T13:30:50,train
txn_002222,2025-05-02T13:47:10,train
txn_000935,2025-05-02T14:41:41,train
txn_000433,2025-05-02T15:58:33,train
txn_000883,2025-05-02T17:39:33,train
txn_002785,2025-05-02T19:21:03,train
txn_000174,2025-05-02T21:30:22,train
txn_002299,2025-05-03T03:58:44,train
txn_000616,2025-05-03T09:03:40,train
txn_001550,2025-05-03T10:00:01,train
txn_002429,2025-05-03T11:57:31,train
txn_001735,2025-05-03T23:26:57,train
txn_001140,2025-05-03T23:32:24,train
txn_000937,2025-05-04T00:01:25,train
txn_002836,2025-05-04T01:44:55,train
txn_000711,2025-05-04T02:23:32,train
txn_003464,2025-05-04T02:36:05,train
txn_003416,2025-05-04T03:14:54,train
txn_003712,2025-05-04T09:17:06,train
txn_002099,2025-05-04T10:35:14,train
txn_001761,2025-05-04T17:58:55,train
txn_000767,2025-05-04T19:58:30,train
txn_000021,2025-05-04T22:34:43,train
txn_002569,2025-05-04T22:36:05,train
txn_003475,2025-05-05T01:12:39,train
txn_003051,2025-05-05T03:01:25,train
txn_000772,2025-05-05T06:45:50,train
txn_004173,2025-05-05T07:32:12,train
txn_001085,2025-05-05T07:41:59,train
txn_000499,2025-05-05T07:54:54,train
txn_001050,2025-05-05T10:08:28,train
txn_003786,2025-05-05T10:31:03,train
txn_000343,2025-05-05T11:06:57,train
txn_000193,2025-05-05T12:36:58,train
txn_000793,2025-05-05T16:36:53,train
txn_002961,2025-05-05T17:07:23,train
txn_001507,2025-05-05T18:36:45,train
txn_002968,2025-05-05T23:42:15,train
txn_000941,2025-05-06T02:00:12,train
txn_000346,2025-05-06T05:11:05,train
txn_000325,2025-05-06T06:54:49,train
txn_001086,2025-05-06T07:41:59,train
txn_000710,2025-05-06T13:43:38,train
txn_000038,2025-05-06T16:40:13,train
txn_001867,2025-05-06T17:20:46,train
txn_002772,2025-05-06T18:09:06,train
txn_001195,2025-05-06T19:15:21,train
txn_001915,2025-05-06T19:24:43,train
txn_001668,2025-05-06T19:43:37,train
txn_000545,2025-05-06T22:21:01,train
txn_002123,2025-05-07T04:32:45,train
txn_003105,2025-05-07T06:49:08,train
txn_003979,2025-05-07T07:57:21,train
txn_002886,2025-05-07T10:01:10,train
txn_002426,2025-05-07T11:20:27,train
txn_003849,2025-05-07T13:46:41,train
txn_001340,2025-05-07T15:56:27,train
txn_002092,2025-05-07T16:50:37,train
txn_002385,2025-05-07T21:49:42,train
txn_001520,2025-05-07T22:19:20,train
txn_002583,2025-05-07T23:40:03,train
txn_000595,2025-05-08T04:53:29,train
txn_003341,2025-05-08T07:09:05,train
txn_001292,2025-05-08T10:56:02,train
txn_001524,2025-05-08T14:28:18,train
txn_000810,2025-05-08T16:54:52,train
txn_000455,2025-05-08T17:01:25,train
txn_003711,2025-05-09T00:22:31,train
txn_002116,2025-05-09T02:34:15,train
txn_001278,2025-05-09T03:20:28,train
txn_002663,2025-05-09T06:00:05,train
txn_004167,2025-05-09T09:22:51,train
txn_002643,2025-05-09T11:45:47,train
txn_000082,2025-05-09T14:01:30,train
txn_003807,2025-05-09T14:12:15,train
txn_000078,2025-05-09T14:42:48,train
txn_000536,2025-05-09T15:07:01,train
txn_001635,2025-05-09T17:07:15,train
txn_000694,2025-05-09T17:49:25,train
txn_000828,2025-05-09T20:30:28,train
txn_002573,2025-05-10T06:49:27,train
txn_003478,2025-05-10T10:49:54,train
txn_000223,2025-05-10T13:05:39,train
txn_000957,2025-05-10T17:29:13,train
txn_002028,2025-05-10T17:46:15,train
txn_002015,2025-05-10T20:35:25,train
txn_000553,2025-05-11T00:58:22,train
txn_003386,2025-05-11T01:59:48,train
txn_001768,2025-05-11T03:23:07,train
txn_002521,2025-05-11T04:49:51,train
txn_002777,2025-05-11T06:44:45,train
txn_001661,2025-05-11T07:24:48,train
txn_003286,2025-05-11T08:47:42,train
txn_002898,2025-05-11T09:21:09,train
txn_002497,2025-05-11T12:20:11,train
txn_001932,2025-05-11T14:24:32,train
txn_002508,2025-05-11T15:04:08,train
txn_002657,2025-05-11T15:06:48,train
txn_001169,2025-05-11T16:28:32,train
txn_002043,2025-05-11T19:20:10,train
txn_003754,2025-05-11T19:30:59,train
txn_002243,2025-05-11T21:14:27,train
txn_002907,2025-05-12T00:20:14,train
txn_001512,2025-05-12T01:21:49,train
txn_002206,2025-05-12T03:04:54,train
txn_001666,2025-05-12T06:59:01,train
txn_001822,2025-05-12T10:24:37,train
txn_002576,2025-05-12T11:09:20,train
txn_000336,2025-05-12T12:16:32,train
txn_003498,2025-05-12T14:56:48,train
txn_001399,2025-05-12T15:22:29,train
txn_003918,2025-05-12T17:28:41,train
txn_003903,2025-05-12T19:05:26,train
txn_003198,2025-05-12T19:05:28,train
txn_002623,2025-05-12T20:41:09,train
txn_002606,2025-05-12T22:37:46,train
txn_000784,2025-05-12T23:15:22,train
txn_003261,2025-05-13T02:00:52,train
txn_000987,2025-05-13T02:42:52,train
txn_002530,2025-05-13T04:56:13,train
txn_003509,2025-05-13T05:16:22,train
txn_000014,2025-05-13T06:33:16,train
txn_003262,2025-05-13T12:00:52,train
txn_003636,2025-05-13T14:44:30,train
txn_000423,2025-05-13T16:13:14,train
txn_001157,2025-05-13T17:08:43,train
txn_001482,2025-05-13T18:43:07,train
txn_002037,2025-05-13T20:37:02,train
txn_001914,2025-05-14T03:34:31,train
txn_003252,2025-05-14T03:36:28,train
txn_001256,2025-05-14T07:23:32,train
txn_002149,2025-05-14T09:41:56,train
txn_003933,2025-05-14T14:41:10,train
txn_003755,2025-05-14T17:30:59,train
txn_003588,2025-05-14T18:00:14,train
txn_002722,2025-05-14T19:22:09,train
txn_003684,2025-05-14T19:38:50,train
txn_001070,2025-05-14T21:13:12,train
txn_000318,2025-05-14T22:53:21,train
txn_000707,2025-05-14T23:14:11,train
txn_002667,2025-05-15T02:31:52,train
txn_001030,2025-05-15T02:54:55,train
txn_001423,2025-05-15T08:30:08,train
txn_003719,2025-05-15T10:16:20,train
txn_000866,2025-05-15T11:10:56,train
txn_002452,2025-05-15T12:15:52,train
txn_003552,2025-05-15T14:16:55,train
txn_001381,2025-05-15T15:38:23,train
txn_002201,2025-05-15T15:58:01,train
txn_003279,2025-05-15T20:18:06,train
txn_003589,2025-05-15T21:00:14,train
txn_000615,2025-05-16T00:10:31,train
txn_003603,2025-05-16T05:15:01,train
txn_003965,2025-05-16T05:25:58,train
txn_001686,2025-05-16T06:52:03,train
txn_000794,2025-05-16T09:48:23,train
txn_002427,2025-05-16T19:49:59,train
txn_003090,2025-05-17T00:49:41,train
txn_001870,2025-05-17T00:49:44,train
txn_002393,2025-05-17T10:47:34,train
txn_001284,2025-05-17T16:37:28,train
txn_002314,2025-05-17T19:48:32,train
txn_003288,2025-05-18T01:37:12,train
txn_000424,2025-05-18T02:08:57,train
txn_003091,2025-05-18T04:49:41,train
txn_001485,2025-05-18T09:57:41,train
txn_001717,2025-05-18T10:33:44,train
txn_000069,2025-05-18T10:59:24,train
txn_001037,2025-05-18T17:49:14,train
txn_003474,2025-05-18T18:44:40,train
txn_002686,2025-05-19T01:52:23,train
txn_002865,2025-05-19T03:17:36,train
txn_001230,2025-05-19T07:44:25,train
txn_003806,2025-05-19T09:49:39,train
txn_002750,2025-05-19T11:14:17,train
txn_001359,2025-05-19T11:57:28,train
txn_001011,2025-05-19T14:22:07,train
txn_002418,2025-05-19T14:46:36,train
txn_003598,2025-05-19T16:30:23,train
txn_000620,2025-05-19T17:17:35,train
txn_001839,2025-05-19T17:52:40,train
txn_002355,2025-05-19T18:06:54,train
txn_002471,2025-05-19T18:39:24,train
txn_000115,2025-05-19T20:23:48,train
txn_001489,2025-05-20T00:30:27,train
txn_001796,2025-05-20T00:31:10,train
txn_000834,2025-05-20T03:47:51,train
txn_004164,2025-05-20T06:47:08,train
txn_001242,2025-05-20T11:45:21,train
txn_002811,2025-05-20T20:13:14,train
txn_003568,2025-05-21T02:14:15,train
txn_001891,2025-05-21T04:49:09,train
txn_002513,2025-05-21T06:33:19,train
txn_003539,2025-05-21T09:20:43,train
txn_000557,2025-05-21T11:22:34,train
txn_000156,2025-05-21T16:09:45,train
txn_000503,2025-05-21T16:11:20,train
txn_003301,2025-05-21T16:57:14,train
txn_003906,2025-05-21T18:54:28,train
txn_003571,2025-05-21T19:13:47,train
txn_002321,2025-05-22T02:22:57,train
txn_001562,2025-05-22T02:44:46,train
txn_000756,2025-05-22T02:53:03,train
txn_001797,2025-05-22T03:51:16,train
txn_000764,2025-05-22T04:37:40,train
txn_002326,2025-05-22T07:10:23,train
txn_000057,2025-05-22T08:30:24,train
txn_002800,2025-05-22T09:25:13,train
txn_002858,2025-05-22T11:42:46,train
txn_002622,2025-05-22T12:48:00,train
txn_002088,2025-05-22T15:52:58,train
txn_001763,2025-05-22T16:48:30,train
txn_003219,2025-05-22T17:00:02,train
txn_003309,2025-05-22T18:34:00,train
txn_002133,2025-05-23T00:20:11,train
txn_001092,2025-05-23T01:32:32,train
txn_002006,2025-05-23T03:03:46,train
txn_001634,2025-05-23T03:50:49,train
txn_001380,2025-05-23T10:03:35,train
txn_003339,2025-05-23T15:58:15,train
txn_000952,2025-05-23T17:21:36,train
txn_000448,2025-05-23T17:27:34,train
txn_000364,2025-05-23T18:16:34,train
txn_003758,2025-05-23T22:22:30,train
txn_002121,2025-05-23T23:21:17,train
txn_002636,2025-05-24T00:00:13,train
txn_002417,2025-05-24T01:41:22,train
txn_004168,2025-05-24T03:22:29,train
txn_000887,2025-05-24T03:53:45,train
txn_000732,2025-05-24T08:33:53,train
txn_000407,2025-05-24T10:04:17,train
txn_002247,2025-05-24T12:15:38,train
txn_001622,2025-05-24T12:51:52,train
txn_003609,2025-05-24T13:34:31,train
txn_002990,2025-05-24T18:32:04,train
txn_000752,2025-05-24T19:24:29,train
txn_003043,2025-05-24T20:51:25,train
txn_003652,2025-05-24T22:05:06,train
txn_000176,2025-05-25T03:48:08,train
txn_000954,2025-05-25T07:15:23,train
txn_001324,2025-05-25T12:20:46,train
txn_001165,2025-05-25T14:54:40,train
txn_001659,2025-05-25T15:22:33,train
txn_002100,2025-05-25T15:44:43,train
txn_000058,2025-05-25T18:49:26,train
txn_002952,2025-05-25T20:11:56,train
txn_000326,2025-05-25T20:44:39,train
txn_002140,2025-05-25T21:21:48,train
txn_002826,2025-05-25T21:54:11,train
txn_000191,2025-05-26T02:36:48,train
txn_003287,2025-05-26T05:15:11,train
txn_002250,2025-05-26T07:09:10,train
txn_003254,2025-05-26T08:45:57,train
txn_002017,2025-05-26T08:48:19,train
txn_001800,2025-05-26T11:04:32,train
txn_002843,2025-05-26T11:11:32,train
txn_002626,2025-05-26T12:03:29,train
txn_002598,2025-05-26T12:03:52,train
txn_001166,2025-05-26T15:40:10,train
txn_000478,2025-05-26T16:37:20,train
txn_003610,2025-05-26T17:34:31,train
txn_000748,2025-05-26T17:54:12,train
txn_000015,2025-05-26T19:13:59,train
txn_001532,2025-05-26T19:17:08,train
txn_000488,2025-05-26T21:27:32,train
txn_000472,2025-05-26T22:13:28,train
txn_003692,2025-05-27T04:02:57,train
txn_002773,2025-05-27T10:05:13,train
txn_001106,2025-05-27T11:21:06,train
txn_000950,2025-05-27T13:51:24,train
txn_001952,2025-05-27T14:57:00,train
txn_000643,2025-05-27T15:45:24,train
txn_001352,2025-05-27T17:37:44,train
txn_003952,2025-05-27T17:44:18,train
txn_002457,2025-05-27T18:08:29,train
txn_001801,2025-05-27T20:04:32,train
txn_002751,2025-05-27T22:34:34,train
txn_002330,2025-05-27T23:53:47,train
txn_000515,2025-05-28T01:06:33,train
txn_003631,2025-05-28T03:39:57,train
txn_003007,2025-05-28T08:15:44,train
txn_002979,2025-05-28T11:17:18,train
txn_003941,2025-05-28T11:30:05,train
txn_001071,2025-05-28T12:16:04,train
txn_002491,2025-05-28T13:19:15,train
txn_003789,2025-05-28T19:06:13,train
txn_001087,2025-05-28T22:36:38,train
txn_000585,2025-05-28T23:55:17,train
txn_001270,2025-05-29T00:25:00,train
txn_001738,2025-05-29T00:57:13,train
txn_001257,2025-05-29T01:51:03,train
txn_003398,2025-05-29T02:29:45,train
txn_001529,2025-05-29T03:41:58,train
txn_001921,2025-05-29T04:29:38,train
txn_003192,2025-05-29T06:11:12,train
txn_001426,2025-05-29T06:57:58,train
txn_002458,2025-05-29T12:08:29,train
txn_000713,2025-05-29T12:45:41,train
txn_001397,2025-05-29T13:49:43,train
txn_000046,2025-05-29T18:28:13,train
txn_001852,2025-05-29T20:54:09,train
txn_000434,2025-05-30T02:23:38,train
txn_002661,2025-05-30T04:00:24,train
txn_003146,2025-05-30T06:15:38,train
txn_003003,2025-05-30T11:35:44,train
txn_001718,2025-05-30T13:07:10,train
txn_002001,2025-05-30T16:55:23,train
txn_001701,2025-05-30T17:21:42,train
txn_002213,2025-05-31T04:24:09,train
txn_001226,2025-05-31T05:46:19,train
txn_003036,2025-05-31T09:03:42,train
txn_003228,2025-05-31T10:28:19,train
txn_003667,2025-05-31T12:44:27,train
txn_003066,2025-05-31T13:36:10,train
txn_003159,2025-05-31T17:58:46,train
txn_000895,2025-05-31T20:20:05,train
txn_001416,2025-05-31T21:09:21,train
txn_000221,2025-05-31T22:26:07,train
txn_001571,2025-06-01T04:26:33,train
txn_002996,2025-06-01T07:15:10,train
txn_003902,2025-06-01T11:05:20,train
txn_002834,2025-06-01T11:42:02,train
txn_001563,2025-06-01T14:48:20,train
txn_002539,2025-06-01T16:32:31,train
txn_001498,2025-06-01T19:39:36,train
txn_001372,2025-06-01T22:25:18,train
txn_003530,2025-06-02T09:06:35,train
txn_003890,2025-06-02T09:40:14,train
txn_003430,2025-06-02T09:59:57,train
txn_000030,2025-06-02T10:46:31,train
txn_003812,2025-06-02T13:18:30,train
txn_000934,2025-06-02T15:46:48,train
txn_002541,2025-06-03T00:48:07,train
txn_000301,2025-06-03T03:19:48,train
txn_000980,2025-06-03T07:55:11,train
txn_003897,2025-06-03T12:14:43,train
txn_000216,2025-06-03T12:38:17,train
txn_001285,2025-06-03T15:39:43,train
txn_002209,2025-06-03T22:31:20,train
txn_000561,2025-06-03T22:37:44,train
txn_003785,2025-06-03T23:52:12,train
txn_000463,2025-06-04T01:16:21,train
txn_001986,2025-06-04T03:15:31,train
txn_000612,2025-06-04T03:38:13,train
txn_002204,2025-06-04T06:17:40,train
txn_004024,2025-06-04T13:53:52,train
txn_004025,2025-06-04T13:56:52,train
txn_004026,2025-06-04T14:04:52,train
txn_004027,2025-06-04T14:06:52,train
txn_004029,2025-06-04T14:08:52,train
txn_004028,2025-06-04T14:10:52,train
txn_004031,2025-06-04T14:10:52,train
txn_004030,2025-06-04T14:12:52,train
txn_004020,2025-06-04T14:20:52,train
txn_004032,2025-06-04T14:20:52,train
txn_004021,2025-06-04T14:23:52,train
txn_004023,2025-06-04T14:23:52,train
txn_004033,2025-06-04T14:24:52,train
txn_004022,2025-06-04T14:28:52,train
txn_001773,2025-06-04T14:49:34,train
txn_001987,2025-06-04T15:15:31,train
txn_001672,2025-06-04T15:47:24,train
txn_001982,2025-06-04T21:20:01,train
txn_000704,2025-06-05T02:43:50,train
txn_002241,2025-06-05T03:03:17,train
txn_002864,2025-06-05T05:45:08,train
txn_003098,2025-06-05T06:07:50,train
txn_002915,2025-06-05T06:14:59,train
txn_000731,2025-06-05T07:11:05,train
txn_001845,2025-06-05T12:33:30,train
txn_001378,2025-06-05T12:33:58,train
txn_002013,2025-06-05T13:25:06,train
txn_003019,2025-06-05T14:54:00,train
txn_003073,2025-06-05T21:43:49,train
txn_000574,2025-06-05T22:26:31,train
txn_001964,2025-06-05T22:31:21,train
txn_000907,2025-06-06T00:51:12,train
txn_001159,2025-06-06T03:30:54,train
txn_003375,2025-06-06T05:40:25,train
txn_002571,2025-06-06T07:27:10,train
txn_002903,2025-06-06T10:30:23,train
txn_001138,2025-06-06T12:05:10,train
txn_000121,2025-06-06T14:48:50,train
txn_000106,2025-06-06T15:53:59,train
txn_003232,2025-06-06T18:35:29,train
txn_003745,2025-06-06T21:48:02,train
txn_003624,2025-06-06T21:58:10,train
txn_001884,2025-06-06T22:38:05,train
txn_002147,2025-06-07T01:52:24,train
txn_000479,2025-06-07T02:43:41,train
txn_000101,2025-06-07T03:08:06,train
txn_001042,2025-06-07T06:49:20,train
txn_000149,2025-06-07T08:07:36,train
txn_002398,2025-06-07T08:34:28,train
txn_000158,2025-06-07T11:07:36,train
txn_001254,2025-06-07T13:05:52,train
txn_001281,2025-06-07T16:02:23,train
txn_002710,2025-06-07T16:07:00,train
txn_001336,2025-06-07T16:45:33,train
txn_002877,2025-06-07T16:49:16,train
txn_000480,2025-06-07T18:43:41,train
txn_000698,2025-06-07T19:16:36,train
txn_002218,2025-06-07T19:48:22,train
txn_001655,2025-06-07T21:17:05,train
txn_001048,2025-06-08T03:49:32,train
txn_002816,2025-06-08T04:19:58,train
txn_001060,2025-06-08T05:54:57,train
txn_003210,2025-06-08T07:28:17,train
txn_001058,2025-06-08T09:08:58,train
txn_001814,2025-06-08T11:38:45,train
txn_001537,2025-06-08T12:31:35,train
txn_003109,2025-06-08T12:31:57,train
txn_001606,2025-06-08T12:47:09,train
txn_000163,2025-06-08T16:51:48,train
txn_003140,2025-06-08T17:59:53,train
txn_000775,2025-06-08T18:10:41,train
txn_000946,2025-06-09T00:29:04,train
txn_002162,2025-06-09T01:39:03,train
txn_001330,2025-06-09T03:48:42,train
txn_001675,2025-06-09T05:27:30,train
txn_001855,2025-06-09T06:30:58,train
txn_000751,2025-06-09T08:12:55,train
txn_001938,2025-06-09T10:33:11,train
txn_002412,2025-06-09T11:43:15,train
txn_003853,2025-06-09T12:22:49,train
txn_003804,2025-06-09T17:18:00,train
txn_003836,2025-06-09T17:48:58,train
txn_004002,2025-06-09T19:21:23,train
txn_003724,2025-06-09T19:25:45,train
txn_000560,2025-06-09T19:40:03,train
txn_000299,2025-06-09T21:17:10,train
txn_000701,2025-06-09T22:48:00,train
txn_000344,2025-06-09T23:27:43,train
txn_001129,2025-06-10T03:17:52,train
txn_002844,2025-06-10T03:28:30,train
txn_000173,2025-06-10T04:05:19,train
txn_003048,2025-06-10T07:21:07,train
txn_002676,2025-06-10T11:33:51,train
txn_003379,2025-06-10T14:49:10,train
txn_002413,2025-06-10T16:43:15,train
txn_001947,2025-06-10T19:11:30,train
txn_002845,2025-06-10T19:28:30,train
txn_003248,2025-06-10T20:20:08,train
txn_000965,2025-06-10T20:50:14,train
txn_000320,2025-06-10T23:33:02,train
txn_004176,2025-06-11T06:50:33,train
txn_002632,2025-06-11T07:00:55,train
txn_001817,2025-06-11T07:12:40,train
txn_003062,2025-06-11T17:50:56,train
txn_001907,2025-06-11T19:50:11,train
txn_000391,2025-06-11T21:25:36,train
txn_001897,2025-06-11T22:29:54,train
txn_002555,2025-06-11T23:23:48,train
txn_003688,2025-06-12T00:54:35,train
txn_002009,2025-06-12T01:06:38,train
txn_003203,2025-06-12T02:54:18,train
txn_000411,2025-06-12T04:04:57,train
txn_003502,2025-06-12T04:30:39,train
txn_000971,2025-06-12T07:45:32,train
txn_003848,2025-06-12T10:39:34,train
txn_003174,2025-06-12T11:14:04,train
txn_000556,2025-06-12T14:11:26,train
txn_001760,2025-06-12T17:54:47,train
txn_002640,2025-06-12T18:42:11,train
txn_000964,2025-06-12T20:04:49,train
txn_000716,2025-06-12T22:41:59,train
txn_000689,2025-06-12T22:53:59,train
txn_002010,2025-06-12T23:06:38,train
txn_001196,2025-06-12T23:47:53,train
txn_001497,2025-06-13T01:29:27,train
txn_003338,2025-06-13T01:56:51,train
txn_000194,2025-06-13T04:56:56,train
txn_000103,2025-06-13T07:05:18,train
txn_002918,2025-06-13T07:34:17,train
txn_003080,2025-06-13T07:35:47,train
txn_003295,2025-06-13T08:30:24,train
txn_001627,2025-06-13T09:25:25,train
txn_002208,2025-06-13T10:25:30,train
txn_003787,2025-06-13T12:21:50,train
txn_003161,2025-06-13T13:59:20,train
txn_003363,2025-06-13T15:42:10,train
txn_001957,2025-06-13T19:20:52,train
txn_003750,2025-06-13T19:44:40,train
txn_000913,2025-06-13T20:33:22,train
txn_001194,2025-06-13T22:05:15,train
txn_003063,2025-06-14T00:39:09,train
txn_003957,2025-06-14T02:17:55,train
txn_002520,2025-06-14T08:28:51,train
txn_001583,2025-06-14T09:15:14,train
txn_001151,2025-06-14T11:31:06,train
txn_001483,2025-06-14T11:47:33,train
txn_001126,2025-06-14T14:40:52,train
txn_002681,2025-06-14T15:01:21,train
txn_003733,2025-06-14T15:20:26,train
txn_000179,2025-06-14T15:26:02,train
txn_000333,2025-06-14T16:49:21,train
txn_001944,2025-06-14T18:01:18,train
txn_000787,2025-06-14T18:36:36,train
txn_002183,2025-06-14T18:44:50,train
txn_001769,2025-06-14T22:28:04,train
txn_003613,2025-06-14T22:39:10,train
txn_001156,2025-06-15T00:29:22,train
txn_001127,2025-06-15T00:40:52,train
txn_000697,2025-06-15T02:42:37,train
txn_004179,2025-06-15T05:39:52,train
txn_002697,2025-06-15T07:52:39,train
txn_002421,2025-06-15T08:36:39,train
txn_003460,2025-06-15T08:51:05,train
txn_002184,2025-06-15T09:44:50,train
txn_001136,2025-06-15T09:45:14,train
txn_002399,2025-06-15T13:05:11,train
txn_000225,2025-06-15T14:56:30,train
txn_000254,2025-06-15T14:56:55,train
txn_000683,2025-06-15T15:17:31,train
txn_003718,2025-06-15T17:39:44,train
txn_001318,2025-06-15T21:13:15,train
txn_000785,2025-06-15T21:19:23,train
txn_000230,2025-06-16T01:06:28,train
txn_003595,2025-06-16T01:27:45,train
txn_003028,2025-06-16T04:02:00,train
txn_001535,2025-06-16T04:12:03,train
txn_001408,2025-06-16T04:52:30,train
txn_002034,2025-06-16T10:07:00,train
txn_003774,2025-06-16T12:06:07,train
txn_003706,2025-06-16T12:08:54,train
txn_003025,2025-06-16T16:11:18,train
txn_000652,2025-06-16T21:16:05,train
txn_000587,2025-06-17T00:04:26,train
txn_003557,2025-06-17T00:11:48,train
txn_003376,2025-06-17T01:31:33,train
txn_000525,2025-06-17T07:22:57,train
txn_000740,2025-06-17T10:08:53,train
txn_002543,2025-06-17T10:22:24,train
txn_002035,2025-06-17T12:07:00,train
txn_001249,2025-06-17T13:44:00,train
txn_003414,2025-06-17T14:07:37,train
txn_003643,2025-06-17T15:29:44,train
txn_003206,2025-06-17T16:48:28,train
txn_001419,2025-06-17T17:59:43,train
txn_002377,2025-06-17T21:06:46,train
txn_003681,2025-06-17T22:14:52,train
txn_003542,2025-06-18T00:24:50,train
txn_002168,2025-06-18T01:54:25,train
txn_002802,2025-06-18T07:18:24,train
txn_000685,2025-06-18T07:22:20,train
txn_000597,2025-06-18T08:14:55,train
txn_003803,2025-06-18T10:08:32,train
txn_003415,2025-06-18T14:07:37,train
txn_000687,2025-06-18T16:08:40,train
txn_000526,2025-06-18T16:22:57,train
txn_002251,2025-06-18T16:54:56,train
txn_001756,2025-06-18T17:51:24,train
txn_002378,2025-06-18T22:09:57,train
txn_002261,2025-06-19T01:33:39,train
txn_002610,2025-06-19T04:22:03,train
txn_002853,2025-06-19T06:17:46,train
txn_000347,2025-06-19T07:43:54,train
txn_003483,2025-06-19T07:45:03,train
txn_000353,2025-06-19T09:03:12,train
txn_002561,2025-06-19T09:21:14,train
txn_003674,2025-06-19T11:15:52,train
txn_001585,2025-06-19T11:42:21,train
txn_002171,2025-06-19T12:16:37,train
txn_003737,2025-06-19T18:27:55,train
txn_001409,2025-06-20T05:27:25,train
txn_000527,2025-06-20T07:47:16,train
txn_003913,2025-06-20T13:14:25,train
txn_001521,2025-06-20T13:32:24,train
txn_001308,2025-06-20T15:00:25,train
txn_002212,2025-06-20T15:37:12,train
txn_000665,2025-06-20T20:15:06,train
txn_001575,2025-06-20T21:26:55,train
txn_003702,2025-06-20T22:49:33,train
txn_000020,2025-06-20T23:10:30,train
txn_002449,2025-06-21T06:31:27,train
txn_003752,2025-06-21T12:56:43,train
txn_002211,2025-06-21T18:12:29,train
txn_003297,2025-06-21T18:45:28,train
txn_000474,2025-06-21T19:06:08,train
txn_003367,2025-06-21T22:57:51,train
txn_003116,2025-06-22T01:39:58,train
txn_002187,2025-06-22T02:05:19,train
txn_002239,2025-06-22T03:52:07,train
txn_002928,2025-06-22T07:17:45,train
txn_001954,2025-06-22T15:35:30,train
txn_001939,2025-06-22T15:51:48,train
txn_001499,2025-06-22T16:50:17,train
txn_000900,2025-06-22T20:15:56,train
txn_003283,2025-06-22T21:46:16,train
txn_002024,2025-06-22T23:21:35,train
txn_002346,2025-06-23T04:02:08,train
txn_003121,2025-06-23T05:44:46,train
txn_003695,2025-06-23T09:23:29,train
txn_003899,2025-06-23T13:58:40,train
txn_003119,2025-06-23T14:15:48,train
txn_003843,2025-06-23T15:23:47,train
txn_001573,2025-06-23T20:21:12,train
txn_002584,2025-06-23T22:58:19,train
txn_003047,2025-06-24T00:20:50,train
txn_001690,2025-06-24T02:02:16,train
txn_001484,2025-06-24T04:57:53,train
txn_003122,2025-06-24T12:31:41,train
txn_003533,2025-06-24T14:20:17,train
txn_002416,2025-06-24T14:33:30,train
txn_001857,2025-06-24T16:07:49,train
txn_003914,2025-06-24T16:50:39,train
txn_000953,2025-06-24T17:44:55,train
txn_000572,2025-06-24T19:09:50,train
txn_003175,2025-06-24T19:17:56,train
txn_001598,2025-06-24T20:38:44,train
txn_003107,2025-06-24T22:39:20,train
txn_002428,2025-06-25T00:53:48,train
txn_000908,2025-06-25T01:28:09,train
txn_002852,2025-06-25T02:39:47,train
txn_004056,2025-06-25T03:46:19,train
txn_004057,2025-06-25T03:47:19,train
txn_004058,2025-06-25T03:52:19,train
txn_004051,2025-06-25T03:53:19,train
txn_004052,2025-06-25T03:55:19,train
txn_004059,2025-06-25T03:55:19,train
txn_004053,2025-06-25T03:59:19,train
txn_004054,2025-06-25T03:59:19,train
txn_004060,2025-06-25T04:02:19,train
txn_004061,2025-06-25T04:03:19,train
txn_004049,2025-06-25T04:05:19,train
txn_004063,2025-06-25T04:05:19,train
txn_004050,2025-06-25T04:06:19,train
txn_004062,2025-06-25T04:06:19,train
txn_004055,2025-06-25T04:09:19,train
txn_001332,2025-06-25T04:34:26,train
txn_000747,2025-06-25T08:16:38,train
txn_002042,2025-06-25T09:17:26,train
txn_002113,2025-06-25T12:00:30,train
txn_000248,2025-06-25T12:04:20,train
txn_000490,2025-06-25T12:10:54,train
txn_003193,2025-06-25T13:32:43,train
txn_003951,2025-06-25T14:00:34,train
txn_000699,2025-06-25T15:27:54,train
txn_003118,2025-06-25T15:54:53,train
txn_002041,2025-06-25T16:07:46,train
txn_004099,2025-06-25T17:21:51,train
txn_004100,2025-06-25T17:22:07,train
txn_004101,2025-06-25T17:22:19,train
txn_004106,2025-06-25T17:22:40,train
txn_004102,2025-06-25T17:22:51,train
txn_004103,2025-06-25T17:23:07,train
txn_004104,2025-06-25T17:23:16,train
txn_004107,2025-06-25T17:23:27,train
txn_004105,2025-06-25T17:23:39,train
txn_003866,2025-06-25T17:51:15,train
txn_003308,2025-06-25T19:08:54,train
txn_004015,2025-06-25T21:39:27,train
txn_003784,2025-06-26T01:47:09,train
txn_001691,2025-06-26T03:02:16,train
txn_001724,2025-06-26T03:26:49,train
txn_003004,2025-06-26T07:06:30,train
txn_002131,2025-06-26T07:51:58,train
txn_002324,2025-06-26T09:21:06,train
txn_003437,2025-06-26T10:09:09,train
txn_004000,2025-06-26T11:26:20,train
txn_001199,2025-06-26T12:43:58,train
txn_002685,2025-06-26T14:48:30,train
txn_002654,2025-06-26T16:09:22,train
txn_002481,2025-06-26T21:51:53,train
txn_000800,2025-06-27T05:10:24,train
txn_003236,2025-06-27T05:42:47,train
txn_000043,2025-06-27T07:03:26,train
txn_003717,2025-06-27T09:17:58,train
txn_003504,2025-06-27T09:25:30,train
txn_000637,2025-06-27T12:18:56,train
txn_000801,2025-06-27T15:35:19,train
txn_001861,2025-06-27T16:55:05,train
txn_002525,2025-06-27T18:21:18,train
txn_002645,2025-06-27T20:32:41,train
txn_000314,2025-06-27T21:14:56,train
txn_003739,2025-06-27T21:50:23,train
txn_002023,2025-06-27T22:44:48,train
txn_001307,2025-06-28T01:05:18,train
txn_000298,2025-06-28T02:15:55,train
txn_002148,2025-06-28T02:19:51,train
txn_000237,2025-06-28T02:51:33,train
txn_002052,2025-06-28T04:03:30,train
txn_001360,2025-06-28T10:29:57,train
txn_002325,2025-06-28T12:21:06,train
txn_002504,2025-06-28T14:51:02,train
txn_000459,2025-06-28T17:25:02,train
txn_000824,2025-06-28T17:44:13,train
txn_002518,2025-06-28T17:47:06,train
txn_001613,2025-06-28T18:04:55,train
txn_001282,2025-06-28T19:04:25,train
txn_000729,2025-06-28T20:59:19,train
txn_002665,2025-06-29T04:48:14,train
txn_001873,2025-06-29T05:57:55,train
txn_001160,2025-06-29T07:35:22,train
txn_002912,2025-06-29T08:43:07,train
txn_001453,2025-06-29T08:50:42,train
txn_002566,2025-06-29T09:46:29,train
txn_001371,2025-06-29T11:17:24,train
txn_002762,2025-06-29T15:41:14,train
txn_003237,2025-06-29T15:42:47,train
txn_002563,2025-06-29T16:24:33,train
txn_002172,2025-06-29T17:18:51,train
txn_000705,2025-06-29T18:21:21,train
txn_000259,2025-06-29T18:37:09,train
txn_001265,2025-06-29T20:32:30,train
txn_001321,2025-06-29T22:00:40,train
txn_002310,2025-06-29T22:29:22,train
txn_001150,2025-06-29T22:49:10,train
txn_001791,2025-06-29T23:57:24,train
txn_001004,2025-06-30T00:54:07,train
txn_001609,2025-06-30T05:09:14,train
txn_002415,2025-06-30T06:09:11,train
txn_003317,2025-06-30T06:40:18,train
txn_001963,2025-06-30T09:53:26,train
txn_002473,2025-06-30T11:29:51,train
txn_001844,2025-06-30T12:22:46,train
txn_002240,2025-06-30T13:58:04,train
txn_003773,2025-06-30T14:48:34,train
txn_002596,2025-06-30T15:56:31,train
txn_002117,2025-06-30T20:33:41,train
txn_003554,2025-06-30T22:55:46,train
txn_003628,2025-07-01T01:14:59,train
txn_003646,2025-07-01T06:36:59,train
txn_002687,2025-07-01T06:56:17,train
txn_001012,2025-07-01T09:31:40,train
txn_003521,2025-07-01T09:31:47,train
txn_001013,2025-07-01T11:31:40,train
txn_003054,2025-07-01T11:34:15,train
txn_002306,2025-07-01T12:30:48,train
txn_002585,2025-07-01T13:38:50,train
txn_002384,2025-07-01T15:22:36,train
txn_002106,2025-07-01T15:36:52,train
txn_000609,2025-07-01T19:28:40,train
txn_003966,2025-07-01T23:10:46,train
txn_003798,2025-07-02T04:30:40,train
txn_003507,2025-07-02T04:45:36,train
txn_003355,2025-07-02T06:29:35,train
txn_002287,2025-07-02T07:14:53,train
txn_001269,2025-07-02T08:27:09,train
txn_003555,2025-07-02T09:10:35,train
txn_000777,2025-07-02T11:31:19,train
txn_000603,2025-07-02T11:43:24,train
txn_002984,2025-07-02T12:54:56,train
txn_001838,2025-07-02T14:38:30,train
txn_001603,2025-07-02T15:08:36,train
txn_003532,2025-07-02T15:52:47,train
txn_002992,2025-07-02T16:38:24,train
txn_000706,2025-07-02T17:19:00,train
txn_002468,2025-07-02T18:08:34,train
txn_003454,2025-07-03T00:08:40,train
txn_001806,2025-07-03T01:35:10,train
txn_001619,2025-07-03T02:56:38,train
txn_000640,2025-07-03T05:03:00,train
txn_003142,2025-07-03T12:23:08,train
txn_003772,2025-07-03T12:30:50,train
txn_001401,2025-07-03T13:04:54,train
txn_003845,2025-07-03T17:07:48,train
txn_002941,2025-07-03T23:50:25,train
txn_001911,2025-07-04T04:09:49,train
txn_002340,2025-07-04T07:00:20,train
txn_002786,2025-07-04T07:47:50,train
txn_002726,2025-07-04T09:51:42,train
txn_003905,2025-07-04T12:51:26,train
txn_001876,2025-07-04T14:18:05,train
txn_001920,2025-07-04T15:02:56,train
txn_003104,2025-07-04T18:07:01,train
txn_003669,2025-07-04T18:46:09,train
txn_000870,2025-07-04T21:03:09,train
txn_002855,2025-07-05T10:21:29,train
txn_002995,2025-07-05T17:08:15,train
txn_002942,2025-07-05T21:50:25,train
txn_001846,2025-07-05T22:56:33,train
txn_002394,2025-07-06T01:51:38,train
txn_002759,2025-07-06T03:09:53,train
txn_003971,2025-07-06T04:01:59,train
txn_003425,2025-07-06T04:04:10,train
txn_002002,2025-07-06T10:04:39,train
txn_002954,2025-07-06T10:16:50,train
txn_003574,2025-07-06T10:45:18,train
txn_000129,2025-07-06T13:22:19,train
txn_002344,2025-07-06T18:10:35,train
txn_001481,2025-07-06T20:22:59,train
txn_003762,2025-07-06T21:54:20,train
txn_002510,2025-07-07T00:05:02,train
txn_001840,2025-07-07T02:58:21,train
txn_003212,2025-07-07T03:11:18,train
txn_001908,2025-07-07T04:30:48,train
txn_000161,2025-07-07T06:48:40,train
txn_002365,2025-07-07T09:28:56,train
txn_002231,2025-07-07T14:32:47,train
txn_000821,2025-07-07T16:26:00,train
txn_003269,2025-07-07T17:45:48,train
txn_000172,2025-07-07T19:45:26,train
txn_001808,2025-07-07T19:53:24,train
txn_003472,2025-07-07T23:50:46,train
txn_000019,2025-07-08T01:21:46,train
txn_003147,2025-07-08T06:08:17,train
txn_000373,2025-07-08T10:23:14,train
txn_003577,2025-07-08T11:33:09,train
txn_003888,2025-07-08T12:40:20,train
txn_002672,2025-07-08T18:37:55,train
txn_002059,2025-07-08T20:31:10,train
txn_001688,2025-07-08T23:03:24,train
txn_001909,2025-07-08T23:30:48,train
txn_000138,2025-07-09T01:20:55,train
txn_000915,2025-07-09T07:20:54,train
txn_000105,2025-07-09T08:34:58,train
txn_003289,2025-07-09T09:21:31,train
txn_000571,2025-07-09T14:54:13,train
txn_001874,2025-07-09T16:04:39,train
txn_000508,2025-07-09T17:44:22,train
txn_002492,2025-07-09T19:56:53,train
txn_001945,2025-07-09T22:16:27,train
txn_000788,2025-07-09T22:49:15,train
txn_000285,2025-07-09T23:58:40,train
txn_003725,2025-07-10T00:00:02,train
txn_001179,2025-07-10T00:28:07,train
txn_002419,2025-07-10T07:43:51,train
txn_002861,2025-07-10T07:56:22,train
txn_003473,2025-07-10T09:50:46,train
txn_000357,2025-07-10T10:28:23,train
txn_000317,2025-07-10T11:28:06,train
txn_000836,2025-07-10T11:28:06,train
txn_003114,2025-07-10T14:02:11,train
txn_001428,2025-07-10T18:01:37,train
txn_001373,2025-07-10T22:49:40,train
txn_002296,2025-07-11T02:34:33,train
txn_000967,2025-07-11T07:48:59,train
txn_003645,2025-07-11T11:07:44,train
txn_002506,2025-07-11T11:12:01,train
txn_002195,2025-07-11T16:23:41,train
txn_001837,2025-07-11T18:05:55,train
txn_003519,2025-07-11T18:31:09,train
txn_000286,2025-07-11T19:58:40,train
txn_001356,2025-07-12T02:30:16,train
txn_002673,2025-07-12T02:34:16,train
txn_002797,2025-07-12T09:48:02,train
txn_001467,2025-07-12T09:58:53,train
txn_000529,2025-07-12T11:01:29,train
txn_001158,2025-07-12T11:15:06,train
txn_000546,2025-07-12T14:41:35,train
txn_002276,2025-07-12T15:18:14,train
txn_000970,2025-07-12T18:55:40,train
txn_002500,2025-07-12T22:52:33,train
txn_001421,2025-07-12T23:15:48,train
txn_003564,2025-07-13T03:23:45,train
txn_000338,2025-07-13T10:57:13,train
txn_002925,2025-07-13T13:11:53,train
txn_002863,2025-07-13T15:11:54,train
txn_003959,2025-07-13T18:30:57,train
txn_000350,2025-07-13T20:54:54,train
txn_003294,2025-07-14T02:15:06,train
txn_000702,2025-07-14T02:37:04,train
txn_002612,2025-07-14T02:55:00,train
txn_004045,2025-07-14T05:28:41,train
txn_004046,2025-07-14T05:30:41,train
txn_004048,2025-07-14T05:34:41,train
txn_004047,2025-07-14T05:36:41,train
txn_002641,2025-07-14T08:08:50,train
txn_001935,2025-07-14T08:49:33,train
txn_002781,2025-07-14T09:44:06,train
txn_003623,2025-07-14T12:06:22,train
txn_001504,2025-07-14T13:30:05,train
txn_003850,2025-07-14T16:01:52,train
txn_000909,2025-07-14T17:14:03,train
txn_003716,2025-07-14T17:37:54,train
txn_000743,2025-07-14T18:54:24,train
txn_002273,2025-07-14T19:52:08,train
txn_002849,2025-07-14T22:57:58,train
txn_004178,2025-07-14T23:20:43,train
txn_003282,2025-07-15T00:04:29,train
txn_002943,2025-07-15T00:45:06,train
txn_000518,2025-07-15T01:06:57,train
txn_002945,2025-07-15T01:47:50,train
txn_000214,2025-07-15T02:43:20,train
txn_003642,2025-07-15T05:45:04,train
txn_003088,2025-07-15T06:05:26,train
txn_002617,2025-07-15T08:34:18,train
txn_001205,2025-07-15T09:13:10,train
txn_002695,2025-07-15T10:58:32,train
txn_001116,2025-07-15T12:35:38,train
txn_001146,2025-07-15T14:21:13,train
txn_000628,2025-07-15T15:53:51,train
txn_002637,2025-07-15T16:09:26,train
txn_002266,2025-07-15T21:23:06,train
txn_002821,2025-07-15T23:18:13,train
txn_001905,2025-07-16T03:29:43,train
txn_000404,2025-07-16T05:30:01,train
txn_003508,2025-07-16T05:36:24,train
txn_000033,2025-07-16T07:01:25,train
txn_003722,2025-07-16T11:49:36,train
txn_003493,2025-07-16T12:32:15,train
txn_003476,2025-07-16T15:23:49,train
txn_002078,2025-07-16T19:11:11,train
txn_003947,2025-07-16T20:43:21,train
txn_000735,2025-07-16T21:18:24,train
txn_001977,2025-07-17T01:58:08,train
txn_001995,2025-07-17T04:00:02,train
txn_001856,2025-07-17T04:23:23,train
txn_001190,2025-07-17T06:11:13,train
txn_001514,2025-07-17T07:41:51,train
txn_003429,2025-07-17T10:16:41,train
txn_001276,2025-07-17T13:35:42,train
txn_002742,2025-07-17T16:19:37,train
txn_000629,2025-07-17T21:53:51,train
txn_001379,2025-07-17T22:20:51,train
txn_003185,2025-07-18T00:00:14,train
txn_003044,2025-07-18T02:53:37,train
txn_000985,2025-07-18T08:48:39,train
txn_003011,2025-07-18T12:19:53,train
txn_001729,2025-07-18T13:44:52,train
txn_000337,2025-07-18T14:43:43,train
txn_000099,2025-07-18T15:39:12,train
txn_003459,2025-07-18T16:28:19,train
txn_001082,2025-07-18T22:06:09,train
txn_003764,2025-07-18T23:37:12,train
txn_002111,2025-07-19T01:07:17,train
txn_000741,2025-07-19T02:04:44,train
txn_003045,2025-07-19T04:24:22,train
txn_000724,2025-07-19T08:02:45,train
txn_002166,2025-07-19T11:05:37,train
txn_001906,2025-07-19T22:30:04,train
txn_002682,2025-07-20T04:04:38,train
txn_001144,2025-07-20T05:28:20,train
txn_003480,2025-07-20T11:56:11,train
txn_002478,2025-07-20T14:42:28,train
txn_003205,2025-07-20T14:53:59,train
txn_003395,2025-07-20T15:34:16,train
txn_003875,2025-07-20T16:14:42,train
txn_000054,2025-07-20T20:51:58,train
txn_001486,2025-07-20T22:44:52,train
txn_002332,2025-07-21T06:22:15,train
txn_002683,2025-07-21T09:04:38,train
txn_000483,2025-07-21T09:06:55,train
txn_003900,2025-07-21T13:52:10,train
txn_003195,2025-07-21T14:11:51,train
txn_000680,2025-07-21T14:41:19,train
txn_003499,2025-07-21T14:55:07,train
txn_003138,2025-07-21T17:04:56,train
txn_003826,2025-07-21T17:49:18,train
txn_000703,2025-07-21T22:10:58,train
txn_001930,2025-07-21T22:52:36,train
txn_002511,2025-07-21T23:01:38,train
txn_000622,2025-07-21T23:28:32,train
txn_000251,2025-07-22T04:08:09,train
txn_003427,2025-07-22T06:55:04,train
txn_000197,2025-07-22T07:23:04,train
txn_002291,2025-07-22T08:03:41,train
txn_002167,2025-07-22T10:05:37,train
txn_001094,2025-07-22T13:07:45,train
txn_000835,2025-07-22T14:20:35,train
txn_001210,2025-07-22T16:29:17,train
txn_001614,2025-07-22T17:13:37,train
txn_001007,2025-07-22T17:39:20,train
txn_003385,2025-07-22T20:59:43,train
txn_003663,2025-07-22T21:28:45,train
txn_003662,2025-07-22T22:01:15,train
txn_000055,2025-07-23T03:51:58,train
txn_000762,2025-07-23T05:51:29,train
txn_000886,2025-07-23T07:23:38,train
txn_000838,2025-07-23T11:53:20,train
txn_000108,2025-07-23T13:07:49,train
txn_001988,2025-07-23T16:32:24,train
txn_000891,2025-07-23T18:21:57,train
txn_002090,2025-07-23T19:09:17,train
txn_001103,2025-07-23T19:24:53,train
txn_003329,2025-07-23T22:41:24,train
txn_003428,2025-07-23T22:55:04,train
txn_000242,2025-07-24T01:00:04,train
txn_002812,2025-07-24T02:23:24,train
txn_002926,2025-07-24T15:16:56,train
txn_001991,2025-07-24T16:39:29,train
txn_003771,2025-07-25T02:43:45,train
txn_002973,2025-07-25T05:15:33,train
txn_002263,2025-07-25T07:30:58,train
txn_002432,2025-07-25T07:33:20,train
txn_001296,2025-07-25T08:26:49,train
txn_002558,2025-07-25T12:41:02,train
txn_002075,2025-07-25T12:44:14,train
txn_002595,2025-07-25T16:13:19,train
txn_001680,2025-07-25T16:34:23,train
txn_001213,2025-07-25T19:23:45,train
txn_000924,2025-07-26T00:47:53,train
txn_002175,2025-07-26T02:51:37,train
txn_002813,2025-07-26T03:23:24,train
txn_001350,2025-07-26T03:35:46,train
txn_001260,2025-07-26T03:41:47,train
txn_001433,2025-07-26T07:06:34,train
txn_002433,2025-07-26T08:33:20,train
txn_002509,2025-07-26T13:38:21,train
txn_002336,2025-07-26T15:29:30,train
txn_001779,2025-07-26T22:46:19,train
txn_003983,2025-07-27T00:18:37,train
txn_002885,2025-07-27T02:45:17,train
txn_002909,2025-07-27T03:38:17,train
txn_001678,2025-07-27T04:23:08,train
txn_001339,2025-07-27T07:59:49,train
txn_001519,2025-07-27T08:14:51,train
txn_003285,2025-07-27T10:28:01,train
txn_003768,2025-07-27T14:53:20,train
txn_001155,2025-07-27T15:02:20,train
txn_003412,2025-07-27T16:24:17,train
txn_002217,2025-07-27T19:18:02,train
txn_002495,2025-07-27T21:29:54,train
txn_001384,2025-07-27T22:24:46,train
txn_004165,2025-07-27T22:34:34,train
txn_000087,2025-07-27T23:21:21,train
txn_003213,2025-07-28T01:18:03,train
txn_002974,2025-07-28T04:15:33,train
txn_002690,2025-07-28T04:24:05,train
txn_001831,2025-07-28T08:17:45,train
txn_001387,2025-07-28T09:17:52,train
txn_003181,2025-07-28T10:37:01,train
txn_000034,2025-07-28T18:52:31,train
txn_000139,2025-07-28T20:13:57,train
txn_003513,2025-07-28T20:22:09,train
txn_000778,2025-07-28T21:33:05,train
txn_002026,2025-07-28T22:01:45,train
txn_003310,2025-07-28T23:15:50,train
txn_000826,2025-07-29T02:12:41,train
txn_000345,2025-07-29T02:24:30,train
txn_004007,2025-07-29T03:58:27,train
txn_003023,2025-07-29T06:09:03,train
txn_002803,2025-07-29T06:39:20,train
txn_003621,2025-07-29T09:28:35,train
txn_003910,2025-07-29T11:47:01,train
txn_001554,2025-07-29T13:12:54,train
txn_000282,2025-07-29T18:21:52,train
txn_002522,2025-07-29T18:48:42,train
txn_002170,2025-07-29T20:50:14,train
txn_000420,2025-07-29T21:15:48,train
txn_002994,2025-07-30T02:05:18,train
txn_001100,2025-07-30T05:44:33,train
txn_000745,2025-07-30T06:45:13,train
txn_001693,2025-07-30T07:06:09,train
txn_003559,2025-07-30T07:09:52,train
txn_000564,2025-07-30T07:46:43,train
txn_001956,2025-07-30T09:02:05,train
txn_000074,2025-07-30T12:58:03,train
txn_003605,2025-07-30T19:06:56,train
txn_000837,2025-07-30T19:08:30,train
txn_000195,2025-07-30T22:54:57,train
txn_002165,2025-07-31T02:46:42,train
txn_003364,2025-07-31T05:26:06,train
txn_003575,2025-07-31T06:47:20,train
txn_002180,2025-07-31T09:49:52,train
txn_003058,2025-07-31T10:34:34,train
txn_000071,2025-07-31T11:16:25,train
txn_001552,2025-07-31T12:07:26,train
txn_003887,2025-07-31T14:15:09,train
txn_001567,2025-07-31T15:56:31,train
txn_003300,2025-07-31T21:35:05,train
txn_002431,2025-07-31T22:16:09,train
txn_000875,2025-08-01T00:18:51,train
txn_003061,2025-08-01T01:43:34,train
txn_000035,2025-08-01T04:22:53,train
txn_000449,2025-08-01T07:09:53,train
txn_000726,2025-08-01T08:20:28,train
txn_001153,2025-08-01T08:31:51,train
txn_002586,2025-08-01T08:58:36,train
txn_002842,2025-08-01T09:49:53,train
txn_000377,2025-08-01T11:51:56,train
txn_001694,2025-08-01T12:06:09,train
txn_003880,2025-08-01T13:53:46,train
txn_001721,2025-08-01T14:30:37,train
txn_002036,2025-08-01T15:07:30,train
txn_000276,2025-08-01T16:07:08,train
txn_000124,2025-08-01T16:50:46,train
txn_002320,2025-08-01T17:10:28,train
txn_001687,2025-08-01T18:29:43,train
txn_002391,2025-08-01T19:25:31,train
txn_000910,2025-08-01T23:55:51,train
txn_000475,2025-08-02T03:37:32,train
txn_003963,2025-08-02T04:24:54,train
txn_001044,2025-08-02T11:57:08,train
txn_000512,2025-08-02T12:57:37,train
txn_000036,2025-08-02T14:22:53,train
txn_000207,2025-08-02T15:07:46,train
txn_000889,2025-08-02T15:33:23,train
txn_002694,2025-08-02T19:46:58,train
txn_001298,2025-08-02T21:10:34,train
txn_000096,2025-08-03T02:48:09,train
txn_003468,2025-08-03T03:07:13,train
txn_000009,2025-08-03T05:41:26,train
txn_003485,2025-08-03T07:14:20,train
txn_002440,2025-08-03T08:18:58,train
txn_000265,2025-08-03T09:28:45,train
txn_000662,2025-08-03T21:04:31,train
txn_002592,2025-08-03T21:15:09,train
txn_001980,2025-08-04T02:42:34,train
txn_002820,2025-08-04T03:14:14,train
txn_002350,2025-08-04T04:24:34,train
txn_002472,2025-08-04T06:35:46,train
txn_003990,2025-08-04T09:17:16,train
txn_003886,2025-08-04T10:31:35,train
txn_001626,2025-08-04T11:27:18,train
txn_002593,2025-08-04T12:15:09,train
txn_003877,2025-08-04T14:13:33,train
txn_000246,2025-08-04T14:37:35,train
txn_000180,2025-08-04T16:08:39,train
txn_002888,2025-08-04T16:27:05,train
txn_003215,2025-08-04T16:37:18,train
txn_003196,2025-08-04T19:56:01,train
txn_003700,2025-08-04T20:55:23,train
txn_002524,2025-08-04T21:28:57,train
txn_001346,2025-08-05T00:55:25,train
txn_003223,2025-08-05T03:50:08,train
txn_000017,2025-08-05T07:28:36,train
txn_000122,2025-08-05T08:50:14,train
txn_003876,2025-08-05T11:06:02,train
txn_002124,2025-08-05T11:52:41,train
txn_001528,2025-08-05T11:59:26,train
txn_001080,2025-08-05T12:31:22,train
txn_000712,2025-08-05T16:03:08,train
txn_001197,2025-08-05T17:13:01,train
txn_000140,2025-08-05T17:43:18,train
txn_003839,2025-08-05T18:10:24,train
txn_002752,2025-08-05T20:00:09,train
txn_002754,2025-08-06T01:30:28,train
txn_004166,2025-08-06T03:19:26,train
txn_001342,2025-08-06T03:39:19,train
txn_002446,2025-08-06T09:12:54,train
txn_002230,2025-08-06T14:32:14,train
txn_002371,2025-08-06T16:09:07,train
txn_002376,2025-08-06T16:23:25,train
txn_003932,2025-08-06T16:57:40,train
txn_003516,2025-08-07T00:14:08,train
txn_001059,2025-08-07T03:02:50,train
txn_003397,2025-08-07T05:32:18,train
txn_000467,2025-08-07T06:43:26,train
txn_003350,2025-08-07T10:01:49,train
txn_000313,2025-08-07T10:45:39,train
txn_002255,2025-08-07T14:26:32,train
txn_002741,2025-08-07T14:40:16,train
txn_001710,2025-08-07T16:28:06,train
txn_003243,2025-08-07T16:54:00,train
txn_001469,2025-08-07T17:25:03,train
txn_000374,2025-08-07T17:50:46,train
txn_003164,2025-08-07T19:52:27,train
txn_002105,2025-08-07T20:29:18,train
txn_000164,2025-08-08T07:06:29,train
txn_000565,2025-08-08T08:17:16,train
txn_002822,2025-08-08T10:45:47,train
txn_001976,2025-08-08T12:44:20,train
txn_000881,2025-08-08T13:14:09,train
txn_003885,2025-08-08T15:26:13,train
txn_000405,2025-08-08T15:44:53,train
txn_002871,2025-08-08T22:50:38,train
txn_000765,2025-08-09T02:02:49,train
txn_001110,2025-08-09T03:39:15,train
txn_001162,2025-08-09T06:53:11,train
txn_000365,2025-08-09T07:05:13,train
txn_000311,2025-08-09T07:10:07,train
txn_002005,2025-08-09T10:38:26,train
txn_002065,2025-08-09T13:26:41,train
txn_002319,2025-08-09T13:44:02,train
txn_002114,2025-08-09T14:33:49,train
txn_000575,2025-08-09T16:04:08,train
txn_001739,2025-08-09T16:33:36,train
txn_001470,2025-08-09T20:25:03,train
txn_002670,2025-08-09T20:25:41,train
txn_002823,2025-08-09T20:45:47,train
txn_002775,2025-08-10T03:50:37,train
txn_001057,2025-08-10T03:57:09,train
txn_003447,2025-08-10T04:06:16,train
txn_002798,2025-08-10T07:00:38,train
txn_001775,2025-08-10T07:37:44,train
txn_001326,2025-08-10T08:56:45,train
txn_001689,2025-08-10T10:46:16,train
txn_000261,2025-08-10T11:21:40,train
txn_002494,2025-08-10T16:56:40,train
txn_002819,2025-08-10T17:36:52,train
txn_000247,2025-08-10T17:56:04,train
txn_002008,2025-08-10T23:29:31,train
txn_003017,2025-08-11T05:03:13,train
txn_001929,2025-08-11T08:53:38,train
txn_002602,2025-08-11T16:13:01,train
txn_002603,2025-08-11T18:13:01,train
txn_000783,2025-08-11T21:22:15,train
txn_002095,2025-08-12T01:00:35,train
txn_000257,2025-08-12T04:23:22,train
txn_001641,2025-08-12T08:40:27,train
txn_002702,2025-08-12T09:37:43,train
txn_001599,2025-08-12T12:22:14,train
txn_002774,2025-08-12T13:28:36,train
txn_001704,2025-08-12T15:53:38,train
txn_002220,2025-08-12T17:26:00,train
txn_001989,2025-08-12T19:17:35,train
txn_000266,2025-08-12T19:59:35,train
txn_000994,2025-08-12T20:32:35,train
txn_002729,2025-08-12T22:29:09,train
txn_003746,2025-08-13T01:49:22,train
txn_002252,2025-08-13T02:05:10,train
txn_000961,2025-08-13T02:26:05,train
txn_001173,2025-08-13T09:51:18,train
txn_001446,2025-08-13T11:56:55,train
txn_001291,2025-08-13T14:19:36,train
txn_003260,2025-08-13T14:38:14,train
txn_001748,2025-08-13T16:02:00,train
txn_003823,2025-08-13T16:40:35,train
txn_001466,2025-08-13T16:48:05,train
txn_003184,2025-08-13T17:18:40,train
txn_001186,2025-08-13T18:34:32,train
txn_000823,2025-08-13T20:17:02,train
txn_001990,2025-08-13T20:17:35,train
txn_002425,2025-08-13T20:45:22,train
txn_002317,2025-08-14T00:15:07,train
txn_002905,2025-08-14T04:08:47,train
txn_000812,2025-08-14T07:07:46,train
txn_003046,2025-08-14T10:26:23,train
txn_002936,2025-08-14T10:32:30,train
txn_002964,2025-08-14T12:36:29,train
txn_002993,2025-08-14T15:57:09,train
txn_000768,2025-08-14T21:57:47,train
txn_000932,2025-08-14T22:17:38,train
txn_003336,2025-08-15T03:27:25,train
txn_003149,2025-08-15T04:40:48,train
txn_002228,2025-08-15T05:30:47,train
txn_001647,2025-08-15T06:40:17,train
txn_002181,2025-08-15T07:00:22,train
txn_002951,2025-08-15T09:54:37,train
txn_000220,2025-08-15T09:59:59,train
txn_001853,2025-08-15T10:45:20,train
txn_003917,2025-08-15T11:23:36,train
txn_003491,2025-08-15T16:32:05,train
txn_003870,2025-08-15T16:44:12,train
txn_001776,2025-08-15T16:46:37,train
txn_002253,2025-08-15T22:05:10,train
txn_000198,2025-08-16T01:46:11,train
txn_002796,2025-08-16T02:37:06,train
txn_001881,2025-08-16T03:47:47,train
txn_002618,2025-08-16T09:35:33,train
txn_003997,2025-08-16T16:37:50,train
txn_002020,2025-08-16T17:28:53,train
txn_000437,2025-08-16T18:00:58,train
txn_002359,2025-08-16T22:07:56,train
txn_003316,2025-08-16T23:24:52,train
txn_002112,2025-08-17T02:49:47,train
txn_001875,2025-08-17T03:16:26,train
txn_000827,2025-08-17T03:24:33,train
txn_000458,2025-08-17T03:49:18,train
txn_001366,2025-08-17T05:23:43,train
txn_002395,2025-08-17T05:31:06,train
txn_000874,2025-08-17T09:50:57,train
txn_003224,2025-08-17T12:09:03,train
txn_003531,2025-08-17T16:23:56,train
txn_001287,2025-08-17T16:36:13,train
txn_002696,2025-08-17T17:26:31,train
txn_001910,2025-08-17T19:00:31,train
txn_003129,2025-08-17T22:20:23,train
txn_003536,2025-08-17T22:46:06,train
txn_003980,2025-08-17T23:33:05,train
txn_001781,2025-08-17T23:56:30,train
txn_001669,2025-08-18T05:24:50,train
txn_003920,2025-08-18T18:25:48,train
txn_001386,2025-08-18T21:37:54,train
txn_000022,2025-08-18T23:57:21,train
txn_000708,2025-08-19T03:47:49,train
txn_000290,2025-08-19T07:57:18,train
txn_000330,2025-08-19T08:48:09,train
txn_002887,2025-08-19T11:51:27,train
txn_000678,2025-08-19T12:19:03,train
txn_001288,2025-08-19T12:25:18,train
txn_002284,2025-08-19T17:36:33,train
txn_003882,2025-08-19T18:11:01,train
txn_001437,2025-08-19T22:46:05,train
txn_002146,2025-08-20T01:49:48,train
txn_003009,2025-08-20T03:07:24,train
txn_000212,2025-08-20T03:57:24,train
txn_003463,2025-08-20T03:59:29,train
txn_001462,2025-08-20T05:19:55,train
txn_001367,2025-08-20T07:11:00,train
txn_001506,2025-08-20T07:34:54,train
txn_003150,2025-08-20T09:37:28,train
txn_003815,2025-08-20T12:40:13,train
txn_003892,2025-08-20T14:09:19,train
txn_003867,2025-08-20T16:37:50,train
txn_003543,2025-08-20T19:56:08,train
txn_001354,2025-08-20T23:07:30,train
txn_003362,2025-08-21T00:18:34,train
txn_003449,2025-08-21T02:33:09,train
txn_002567,2025-08-21T06:08:12,train
txn_000906,2025-08-21T06:13:17,train
txn_003124,2025-08-21T09:43:35,train
txn_004038,2025-08-21T13:24:48,train
txn_004039,2025-08-21T13:27:48,train
txn_004040,2025-08-21T13:32:48,train
txn_004041,2025-08-21T13:33:48,train
txn_004034,2025-08-21T13:45:48,train
txn_004035,2025-08-21T13:46:48,train
txn_004036,2025-08-21T13:51:48,train
txn_004037,2025-08-21T13:51:48,train
txn_003479,2025-08-21T14:15:38,train
txn_000927,2025-08-21T14:53:15,train
txn_000744,2025-08-21T15:49:30,train
txn_003960,2025-08-21T16:43:29,train
txn_001712,2025-08-22T01:17:01,train
txn_000238,2025-08-22T01:21:25,train
txn_002850,2025-08-22T03:04:31,train
txn_000159,2025-08-22T08:13:21,train
txn_002160,2025-08-22T19:40:13,train
txn_001201,2025-08-22T20:11:41,train
txn_003233,2025-08-22T23:55:39,train
txn_003949,2025-08-23T07:35:00,train
txn_001268,2025-08-23T08:00:00,train
txn_002003,2025-08-23T09:58:18,train
txn_000916,2025-08-23T10:02:28,train
txn_000781,2025-08-23T10:07:01,train
txn_003096,2025-08-23T16:09:56,train
txn_002407,2025-08-23T16:32:40,train
txn_002286,2025-08-23T21:19:41,train
txn_000185,2025-08-24T02:35:48,train
txn_003549,2025-08-24T03:09:44,train
txn_002997,2025-08-24T12:24:42,train
txn_001047,2025-08-24T13:37:35,train
txn_000811,2025-08-24T14:18:01,train
txn_002851,2025-08-24T17:04:31,train
txn_002899,2025-08-24T18:33:15,train
txn_000492,2025-08-24T19:16:12,train
txn_002068,2025-08-24T22:32:34,train
txn_002616,2025-08-25T00:01:29,train
txn_003186,2025-08-25T05:36:41,train
txn_002054,2025-08-25T07:14:42,train
txn_000091,2025-08-25T09:04:41,train
txn_003056,2025-08-25T09:32:57,train
txn_000677,2025-08-25T10:01:50,train
txn_003769,2025-08-25T10:27:44,train
txn_003314,2025-08-25T15:47:15,train
txn_001329,2025-08-25T16:06:58,train
txn_002396,2025-08-25T17:46:56,train
txn_003396,2025-08-25T18:37:30,train
txn_003135,2025-08-25T19:41:17,train
txn_000292,2025-08-26T02:37:35,train
txn_001143,2025-08-26T02:42:09,train
txn_000532,2025-08-26T07:52:08,train
txn_000117,2025-08-26T09:56:41,train
txn_001014,2025-08-26T14:08:50,train
txn_002203,2025-08-26T16:44:00,train
txn_003795,2025-08-26T16:55:10,train
txn_001850,2025-08-26T22:40:17,train
txn_001542,2025-08-27T00:37:09,train
txn_001813,2025-08-27T00:48:29,train
txn_002655,2025-08-27T05:07:17,train
txn_000293,2025-08-27T09:37:35,train
txn_001289,2025-08-27T11:39:16,train
txn_003859,2025-08-27T12:18:27,train
txn_001128,2025-08-27T13:14:08,train
txn_001934,2025-08-27T16:07:43,train
txn_001719,2025-08-27T19:38:40,train
txn_001400,2025-08-27T23:20:47,train
txn_001267,2025-08-27T23:39:59,train
txn_000742,2025-08-28T01:38:06,train
txn_003244,2025-08-28T03:08:24,train
txn_003117,2025-08-28T04:29:20,train
txn_003318,2025-08-28T05:18:38,train
txn_000131,2025-08-28T06:33:01,train
txn_000146,2025-08-28T08:43:40,train
txn_001572,2025-08-28T10:29:07,train
txn_003014,2025-08-28T10:56:49,train
txn_001981,2025-08-28T12:49:49,train
txn_001465,2025-08-28T12:52:53,train
txn_000959,2025-08-28T13:41:08,train
txn_003664,2025-08-28T14:00:47,train
txn_000531,2025-08-28T20:34:18,train
txn_000367,2025-08-28T21:11:49,train
txn_003307,2025-08-28T21:33:39,train
txn_004162,2025-08-28T21:42:55,train
txn_002444,2025-08-29T02:42:01,train
txn_000818,2025-08-29T04:34:02,train
txn_003776,2025-08-29T05:58:35,train
txn_003612,2025-08-29T13:03:19,train
txn_000369,2025-08-29T15:37:48,train
txn_002660,2025-08-29T18:51:21,train
txn_003438,2025-08-29T20:26:51,train
txn_003010,2025-08-29T21:50:14,train
txn_001543,2025-08-30T04:55:45,train
txn_001029,2025-08-30T10:14:39,train
txn_000863,2025-08-30T12:10:32,train
txn_003736,2025-08-30T15:58:32,train
txn_001266,2025-08-30T17:30:31,train
txn_001055,2025-08-31T06:00:34,train
txn_002764,2025-08-31T06:10:10,train
txn_001589,2025-08-31T07:12:55,train
txn_001621,2025-08-31T11:02:22,train
txn_002787,2025-08-31T11:56:41,train
txn_000263,2025-08-31T19:25:10,train
txn_003299,2025-08-31T23:09:53,train
txn_002302,2025-09-01T00:35:15,train
txn_000431,2025-09-01T02:41:36,train
txn_002352,2025-09-01T05:50:58,train
txn_003506,2025-09-01T06:04:10,train
txn_001161,2025-09-01T08:14:34,train
txn_002115,2025-09-01T09:01:52,train
txn_001636,2025-09-01T10:28:04,train
txn_001224,2025-09-01T10:46:04,train
txn_003860,2025-09-01T12:40:51,train
txn_003852,2025-09-01T14:18:39,train
txn_001901,2025-09-01T14:50:03,train
txn_003326,2025-09-01T17:13:31,train
txn_001545,2025-09-01T20:53:43,train
txn_000323,2025-09-01T21:20:50,train
txn_003686,2025-09-01T21:29:26,train
txn_001075,2025-09-01T23:51:36,train
txn_003276,2025-09-02T01:24:37,train
txn_000537,2025-09-02T11:54:42,train
txn_000539,2025-09-02T14:45:50,train
txn_002703,2025-09-02T18:26:13,train
txn_000388,2025-09-02T19:50:45,train
txn_002882,2025-09-02T22:17:24,train
txn_000189,2025-09-03T01:47:21,train
txn_002770,2025-09-03T01:59:43,train
txn_000930,2025-09-03T04:45:23,train
txn_001900,2025-09-03T05:19:40,train
txn_000880,2025-09-03T06:05:12,train
txn_002234,2025-09-03T06:08:01,train
txn_002732,2025-09-03T07:45:46,train
txn_001924,2025-09-03T19:54:48,train
txn_000513,2025-09-03T21:06:16,train
txn_001120,2025-09-03T22:41:49,train
txn_000040,2025-09-04T01:50:19,train
txn_002708,2025-09-04T01:56:37,train
txn_003660,2025-09-04T02:01:31,train
txn_003103,2025-09-04T02:29:01,train
txn_001218,2025-09-04T03:52:19,train
txn_002704,2025-09-04T08:26:13,train
txn_000590,2025-09-04T09:37:30,train
txn_002611,2025-09-04T12:01:07,train
txn_003579,2025-09-04T12:27:05,train
txn_002044,2025-09-04T13:33:46,train
txn_000476,2025-09-04T20:15:23,train
txn_002594,2025-09-04T20:15:28,train
txn_002164,2025-09-04T21:31:25,train
txn_003037,2025-09-04T23:56:35,train
txn_000831,2025-09-05T04:26:23,train
txn_001663,2025-09-05T09:02:55,train
txn_003825,2025-09-05T10:13:11,train
txn_001577,2025-09-05T11:22:03,train
txn_003183,2025-09-05T12:30:04,train
txn_003093,2025-09-05T12:52:48,train
txn_001067,2025-09-05T13:57:27,train
txn_002178,2025-09-05T15:09:33,train
txn_003846,2025-09-05T15:20:04,train
txn_001890,2025-09-05T15:45:08,train
txn_003320,2025-09-05T16:07:02,train
txn_003448,2025-09-05T17:20:03,train
txn_002609,2025-09-05T18:56:03,train
txn_001632,2025-09-06T02:08:11,train
txn_000359,2025-09-06T03:26:12,train
txn_001972,2025-09-06T04:24:12,train
txn_002487,2025-09-06T04:43:28,train
txn_001743,2025-09-06T05:25:08,train
txn_001744,2025-09-06T10:25:08,train
txn_000184,2025-09-06T18:38:39,train
txn_003189,2025-09-06T21:59:54,train
txn_003330,2025-09-06T23:14:47,train
txn_000362,2025-09-07T02:01:39,train
txn_000669,2025-09-07T06:49:14,train
txn_003401,2025-09-07T15:01:41,train
txn_001262,2025-09-07T15:28:39,train
txn_001104,2025-09-07T18:33:05,train
txn_003402,2025-09-07T20:01:41,train
txn_002040,2025-09-08T00:49:07,train
txn_002934,2025-09-08T04:34:22,train
txn_002615,2025-09-08T05:37:02,train
txn_003393,2025-09-08T09:44:28,train
txn_000093,2025-09-08T17:00:25,train
txn_001028,2025-09-08T17:29:37,train
txn_000413,2025-09-08T20:22:42,train
txn_001786,2025-09-08T20:36:31,train
txn_003108,2025-09-09T00:04:35,train
txn_000396,2025-09-09T07:20:37,train
txn_001723,2025-09-09T07:36:35,train
txn_000378,2025-09-09T08:02:34,train
txn_002334,2025-09-09T10:42:13,train
txn_003869,2025-09-09T11:28:18,train
txn_003315,2025-09-09T12:26:10,train
txn_000815,2025-09-09T18:28:19,train
txn_000192,2025-09-09T20:03:27,train
txn_000997,2025-09-09T20:19:31,train
txn_000543,2025-09-09T21:48:51,train
txn_000116,2025-09-09T23:41:15,train
txn_001625,2025-09-09T23:46:34,train
txn_000850,2025-09-09T23:50:16,train
txn_004004,2025-09-09T23:50:24,train
txn_000306,2025-09-10T01:28:34,train
txn_001264,2025-09-10T01:50:15,train
txn_001569,2025-09-10T03:36:34,train
txn_003067,2025-09-10T03:43:43,train
txn_000864,2025-09-10T04:53:39,train
txn_001734,2025-09-10T07:55:23,train
txn_002289,2025-09-10T14:47:27,train
txn_003805,2025-09-10T15:07:11,train
txn_000080,2025-09-10T19:28:33,train
txn_003148,2025-09-10T22:56:28,train
txn_000896,2025-09-10T23:34:06,train
txn_001863,2025-09-11T10:51:07,train
txn_000505,2025-09-11T12:30:31,train
txn_000281,2025-09-11T13:08:45,train
txn_003374,2025-09-11T17:36:17,train
txn_000110,2025-09-11T19:41:30,train
txn_002335,2025-09-11T19:42:13,validation
txn_000397,2025-09-11T20:20:37,validation
txn_000154,2025-09-11T20:41:43,validation
txn_002493,2025-09-11T23:35:23,validation
txn_003606,2025-09-12T03:31:22,validation
txn_001251,2025-09-12T04:48:40,validation
txn_000442,2025-09-12T07:49:23,validation
txn_000118,2025-09-12T08:47:46,validation
txn_001392,2025-09-12T10:59:18,validation
txn_000655,2025-09-12T10:59:24,validation
txn_003898,2025-09-12T13:06:46,validation
txn_000998,2025-09-12T15:19:31,validation
txn_000639,2025-09-12T17:44:32,validation
txn_000100,2025-09-12T19:28:40,validation
txn_003050,2025-09-13T11:01:19,validation
txn_002285,2025-09-13T12:18:28,validation
txn_000376,2025-09-13T13:03:47,validation
txn_001725,2025-09-13T19:34:51,validation
txn_001393,2025-09-13T22:59:18,validation
txn_001510,2025-09-13T23:27:29,validation
txn_000271,2025-09-13T23:46:33,validation
txn_002262,2025-09-14T00:00:40,validation
txn_002581,2025-09-14T00:28:36,validation
txn_003581,2025-09-14T01:38:36,validation
txn_000400,2025-09-14T09:17:16,validation
txn_002828,2025-09-14T11:01:09,validation
txn_003709,2025-09-14T16:22:53,validation
txn_002717,2025-09-14T17:08:28,validation
txn_001185,2025-09-14T17:37:24,validation
txn_002831,2025-09-14T18:42:12,validation
txn_002619,2025-09-14T21:45:07,validation
txn_000119,2025-09-14T23:36:52,validation
txn_002445,2025-09-15T02:58:47,validation
txn_002202,2025-09-15T03:33:51,validation
txn_002713,2025-09-15T05:55:28,validation
txn_001430,2025-09-15T05:56:09,validation
txn_000511,2025-09-15T08:02:16,validation
txn_003819,2025-09-15T09:52:24,validation
txn_000843,2025-09-15T11:15:47,validation
txn_001322,2025-09-15T13:53:40,validation
txn_001523,2025-09-15T14:37:29,validation
txn_003824,2025-09-15T14:58:25,validation
txn_003677,2025-09-15T15:06:29,validation
txn_000349,2025-09-15T15:51:52,validation
txn_003831,2025-09-15T16:12:52,validation
txn_003976,2025-09-15T16:57:08,validation
txn_002435,2025-09-15T17:18:21,validation
txn_002666,2025-09-15T17:24:40,validation
txn_003490,2025-09-15T18:58:39,validation
txn_001706,2025-09-15T19:49:48,validation
txn_000401,2025-09-15T21:17:16,validation
txn_000044,2025-09-16T01:40:15,validation
txn_001455,2025-09-16T02:19:46,validation
txn_001936,2025-09-16T08:01:57,validation
txn_000879,2025-09-16T13:36:18,validation
txn_003060,2025-09-16T13:57:04,validation
txn_000674,2025-09-16T14:39:45,validation
txn_002790,2025-09-16T15:48:53,validation
txn_001787,2025-09-16T17:57:58,validation
txn_000958,2025-09-16T18:33:09,validation
txn_001222,2025-09-16T19:33:01,validation
txn_000681,2025-09-16T19:36:41,validation
txn_001253,2025-09-16T22:11:30,validation
txn_002806,2025-09-17T00:23:14,validation
txn_002895,2025-09-17T01:00:50,validation
txn_000412,2025-09-17T02:56:53,validation
txn_002588,2025-09-17T02:57:01,validation
txn_003604,2025-09-17T04:18:48,validation
txn_001407,2025-09-17T04:45:25,validation
txn_000636,2025-09-17T05:52:55,validation
txn_001639,2025-09-17T06:54:53,validation
txn_001707,2025-09-17T07:49:48,validation
txn_001450,2025-09-17T07:50:57,validation
txn_000805,2025-09-17T11:19:52,validation
txn_002528,2025-09-17T12:21:28,validation
txn_003912,2025-09-17T13:36:07,validation
txn_002546,2025-09-17T15:39:13,validation
txn_000813,2025-09-17T20:10:08,validation
txn_003617,2025-09-17T21:03:53,validation
txn_003585,2025-09-18T03:24:25,validation
txn_002807,2025-09-18T04:23:14,validation
txn_002389,2025-09-18T11:05:46,validation
txn_002260,2025-09-18T13:11:50,validation
txn_003879,2025-09-18T14:27:20,validation
txn_002867,2025-09-18T16:33:45,validation
txn_000113,2025-09-18T20:04:28,validation
txn_003390,2025-09-19T00:55:08,validation
txn_003134,2025-09-19T01:21:41,validation
txn_002311,2025-09-19T01:27:11,validation
txn_003257,2025-09-19T06:35:23,validation
txn_002466,2025-09-19T11:54:36,validation
txn_000686,2025-09-19T12:03:17,validation
txn_003169,2025-09-19T14:46:27,validation
txn_000682,2025-09-19T17:36:41,validation
txn_000178,2025-09-19T19:05:45,validation
txn_002439,2025-09-19T19:10:24,validation
txn_000206,2025-09-19T22:43:34,validation
txn_002145,2025-09-19T23:33:11,validation
txn_000691,2025-09-20T03:21:14,validation
txn_000342,2025-09-20T03:41:06,validation
txn_002227,2025-09-20T04:43:17,validation
txn_002328,2025-09-20T12:05:58,validation
txn_003187,2025-09-20T16:24:25,validation
txn_001854,2025-09-20T20:18:04,validation
txn_000393,2025-09-20T21:25:29,validation
txn_001131,2025-09-20T22:44:07,validation
txn_002480,2025-09-21T03:02:45,validation
txn_000097,2025-09-21T04:34:39,validation
txn_003030,2025-09-21T06:12:32,validation
txn_001035,2025-09-21T06:30:51,validation
txn_003346,2025-09-21T07:30:26,validation
txn_002128,2025-09-21T09:25:27,validation
txn_002126,2025-09-21T10:54:20,validation
txn_003106,2025-09-21T12:22:41,validation
txn_002047,2025-09-21T17:06:40,validation
txn_003535,2025-09-21T17:10:15,validation
txn_002664,2025-09-21T17:23:29,validation
txn_003207,2025-09-21T18:20:44,validation
txn_000617,2025-09-21T18:37:48,validation
txn_001559,2025-09-21T21:23:18,validation
txn_002600,2025-09-21T22:38:27,validation
txn_003528,2025-09-21T22:40:04,validation
txn_003580,2025-09-22T01:21:15,validation
txn_001871,2025-09-22T02:05:08,validation
txn_000307,2025-09-22T04:10:21,validation
txn_003268,2025-09-22T12:35:30,validation
txn_003305,2025-09-22T12:45:55,validation
txn_003366,2025-09-22T17:17:03,validation
txn_003930,2025-09-22T18:12:06,validation
txn_003878,2025-09-22T18:28:21,validation
txn_000825,2025-09-22T20:45:57,validation
txn_002087,2025-09-22T22:28:05,validation
txn_000734,2025-09-22T23:52:03,validation
txn_000133,2025-09-23T02:50:30,validation
txn_003391,2025-09-23T06:05:23,validation
txn_001089,2025-09-23T10:55:12,validation
txn_003306,2025-09-23T13:45:55,validation
txn_000011,2025-09-23T15:43:48,validation
txn_003991,2025-09-23T16:34:00,validation
txn_000849,2025-09-23T18:17:35,validation
txn_000667,2025-09-23T19:27:21,validation
txn_001713,2025-09-23T19:58:29,validation
txn_001212,2025-09-23T20:57:23,validation
txn_002724,2025-09-24T02:33:21,validation
txn_001468,2025-09-24T03:00:04,validation
txn_002910,2025-09-24T09:05:06,validation
txn_003810,2025-09-24T12:37:44,validation
txn_001650,2025-09-24T15:55:39,validation
txn_002738,2025-09-24T19:27:39,validation
txn_002137,2025-09-24T19:27:58,validation
txn_003529,2025-09-24T22:40:04,validation
txn_002329,2025-09-25T03:19:09,validation
txn_003143,2025-09-25T03:59:53,validation
txn_002366,2025-09-25T04:31:18,validation
txn_002482,2025-09-25T05:23:41,validation
txn_000861,2025-09-25T05:45:25,validation
txn_002874,2025-09-25T08:46:46,validation
txn_001958,2025-09-25T14:20:42,validation
txn_003324,2025-09-25T14:50:23,validation
txn_000315,2025-09-25T15:18:55,validation
txn_003238,2025-09-25T16:09:27,validation
txn_003558,2025-09-26T01:35:13,validation
txn_001790,2025-09-26T04:00:31,validation
txn_003988,2025-09-26T05:11:18,validation
txn_001272,2025-09-26T07:12:15,validation
txn_001671,2025-09-26T09:49:46,validation
txn_001293,2025-09-26T11:07:17,validation
txn_002152,2025-09-26T13:00:32,validation
txn_002739,2025-09-26T16:27:39,validation
txn_000550,2025-09-26T18:17:29,validation
txn_003760,2025-09-26T19:54:20,validation
txn_002483,2025-09-26T21:23:41,validation
txn_002550,2025-09-26T22:34:24,validation
txn_001515,2025-09-27T08:48:57,validation
txn_003470,2025-09-27T08:55:58,validation
txn_000803,2025-09-27T09:42:13,validation
txn_002778,2025-09-27T09:47:47,validation
txn_000856,2025-09-27T12:15:56,validation
txn_003938,2025-09-27T12:17:00,validation
txn_003368,2025-09-27T13:49:59,validation
txn_003994,2025-09-27T16:13:49,validation
txn_000791,2025-09-27T22:31:26,validation
txn_000929,2025-09-28T00:11:44,validation
txn_000278,2025-09-28T03:57:42,validation
txn_000284,2025-09-28T06:05:34,validation
txn_001010,2025-09-28T07:26:28,validation
txn_000386,2025-09-28T07:29:33,validation
txn_001175,2025-09-28T11:14:17,validation
txn_000581,2025-09-28T11:20:52,validation
txn_000481,2025-09-28T11:26:05,validation
txn_002186,2025-09-28T14:59:49,validation
txn_002242,2025-09-28T17:55:40,validation
txn_002989,2025-09-28T18:29:16,validation
txn_001503,2025-09-28T19:37:00,validation
txn_001849,2025-09-28T23:05:50,validation
txn_002363,2025-09-28T23:40:46,validation
txn_000304,2025-09-29T02:20:38,validation
txn_002083,2025-09-29T07:25:40,validation
txn_002451,2025-09-29T10:45:38,validation
txn_003832,2025-09-29T11:04:03,validation
txn_003562,2025-09-29T13:45:45,validation
txn_002947,2025-09-29T13:59:06,validation
txn_002453,2025-09-29T14:05:52,validation
txn_000860,2025-09-29T19:11:32,validation
txn_002978,2025-09-30T01:57:31,validation
txn_001943,2025-09-30T03:16:07,validation
txn_001513,2025-09-30T04:19:50,validation
txn_000199,2025-09-30T08:51:07,validation
txn_002062,2025-09-30T08:51:59,validation
txn_003128,2025-09-30T11:59:25,validation
txn_001745,2025-09-30T12:34:02,validation
txn_003085,2025-09-30T17:11:49,validation
txn_002084,2025-09-30T18:25:40,validation
txn_002718,2025-09-30T20:13:11,validation
txn_003209,2025-09-30T21:02:17,validation
txn_004001,2025-09-30T22:00:18,validation
txn_001429,2025-10-01T05:57:22,validation
txn_003563,2025-10-01T06:08:58,validation
txn_002574,2025-10-01T06:21:34,validation
txn_002498,2025-10-01T07:22:16,validation
txn_000004,2025-10-01T07:35:55,validation
txn_003566,2025-10-01T08:37:03,validation
txn_002280,2025-10-01T08:45:20,validation
txn_003614,2025-10-01T08:49:49,validation
txn_002614,2025-10-01T09:27:46,validation
txn_002818,2025-10-01T12:12:29,validation
txn_002063,2025-10-01T12:51:59,validation
txn_001885,2025-10-01T13:13:11,validation
txn_003567,2025-10-01T17:20:22,validation
txn_001962,2025-10-01T20:38:16,validation
txn_002795,2025-10-02T01:09:36,validation
txn_002125,2025-10-02T01:32:00,validation
txn_000721,2025-10-02T03:35:42,validation
txn_002402,2025-10-02T06:51:18,validation
txn_000888,2025-10-02T07:09:45,validation
txn_001903,2025-10-02T09:01:46,validation
txn_001656,2025-10-02T11:11:21,validation
txn_000945,2025-10-02T14:41:31,validation
txn_001054,2025-10-02T18:49:05,validation
txn_002027,2025-10-02T20:26:34,validation
txn_000368,2025-10-03T03:15:43,validation
txn_002018,2025-10-03T05:34:45,validation
txn_001716,2025-10-03T05:52:19,validation
txn_002357,2025-10-03T06:38:57,validation
txn_003729,2025-10-03T07:03:22,validation
txn_001637,2025-10-03T08:32:09,validation
txn_001709,2025-10-03T12:26:30,validation
txn_002390,2025-10-03T13:41:40,validation
txn_001538,2025-10-03T18:45:24,validation
txn_000619,2025-10-03T19:08:39,validation
txn_000370,2025-10-03T20:03:42,validation
txn_000797,2025-10-03T21:58:17,validation
txn_001731,2025-10-04T02:38:43,validation
txn_003253,2025-10-04T08:38:32,validation
txn_000062,2025-10-04T09:04:54,validation
txn_002210,2025-10-04T09:37:46,validation
txn_003946,2025-10-04T12:36:03,validation
txn_001803,2025-10-04T14:54:07,validation
txn_000940,2025-10-04T16:16:56,validation
txn_000327,2025-10-04T17:25:14,validation
txn_001500,2025-10-04T17:27:34,validation
txn_001311,2025-10-04T18:01:15,validation
txn_002021,2025-10-04T21:10:52,validation
txn_000943,2025-10-04T22:17:27,validation
txn_000760,2025-10-04T22:22:35,validation
txn_000656,2025-10-04T22:53:21,validation
txn_000435,2025-10-05T00:25:56,validation
txn_001578,2025-10-05T02:08:39,validation
txn_000363,2025-10-05T02:53:52,validation
txn_001940,2025-10-05T03:38:53,validation
txn_003334,2025-10-05T05:21:44,validation
txn_004174,2025-10-05T14:19:44,validation
txn_002830,2025-10-05T17:28:53,validation
txn_001113,2025-10-05T20:51:30,validation
txn_002118,2025-10-05T20:54:40,validation
txn_002516,2025-10-06T03:17:53,validation
txn_000075,2025-10-06T10:20:35,validation
txn_003855,2025-10-06T10:32:07,validation
txn_003071,2025-10-06T13:26:17,validation
txn_000361,2025-10-06T14:31:20,validation
txn_003033,2025-10-06T17:17:42,validation
txn_000668,2025-10-06T23:13:16,validation
txn_002182,2025-10-07T00:04:26,validation
txn_002192,2025-10-07T00:15:14,validation
txn_003070,2025-10-07T01:59:39,validation
txn_003172,2025-10-07T04:37:31,validation
txn_003601,2025-10-07T05:00:09,validation
txn_000978,2025-10-07T06:33:53,validation
txn_001077,2025-10-07T07:16:14,validation
txn_001181,2025-10-07T07:18:18,validation
txn_003086,2025-10-07T09:01:51,validation
txn_003833,2025-10-07T11:09:39,validation
txn_002011,2025-10-07T12:07:02,validation
txn_000079,2025-10-07T18:44:28,validation
txn_000181,2025-10-07T20:06:32,validation
txn_002279,2025-10-07T20:52:56,validation
txn_001557,2025-10-07T22:39:00,validation
txn_003995,2025-10-08T01:38:23,validation
txn_001459,2025-10-08T09:51:33,validation
txn_000696,2025-10-08T10:34:47,validation
txn_000334,2025-10-08T10:48:02,validation
txn_001036,2025-10-08T11:51:10,validation
txn_001997,2025-10-08T12:56:50,validation
txn_001239,2025-10-08T13:05:33,validation
txn_003968,2025-10-08T13:16:36,validation
txn_001926,2025-10-08T15:37:53,validation
txn_001236,2025-10-08T16:53:07,validation
txn_002932,2025-10-08T16:58:07,validation
txn_000650,2025-10-08T21:55:19,validation
txn_004077,2025-10-08T22:10:18,validation
txn_004078,2025-10-08T22:10:33,validation
txn_004080,2025-10-08T22:10:33,validation
txn_004079,2025-10-08T22:10:48,validation
txn_004081,2025-10-08T22:11:34,validation
txn_002723,2025-10-09T03:16:27,validation
txn_001434,2025-10-09T04:18:54,validation
txn_000605,2025-10-09T05:10:29,validation
txn_003446,2025-10-09T07:42:54,validation
txn_000200,2025-10-09T07:53:22,validation
txn_000250,2025-10-09T09:29:16,validation
txn_003618,2025-10-09T10:16:26,validation
txn_000658,2025-10-09T12:39:28,validation
txn_003111,2025-10-09T14:35:05,validation
txn_001320,2025-10-09T14:40:49,validation
txn_001643,2025-10-09T15:20:07,validation
txn_000538,2025-10-09T16:45:29,validation
txn_003199,2025-10-09T16:47:44,validation
txn_001702,2025-10-09T17:04:53,validation
txn_000659,2025-10-09T17:39:28,validation
txn_003864,2025-10-09T18:22:55,validation
txn_002294,2025-10-09T18:29:58,validation
txn_000385,2025-10-09T21:59:04,validation
txn_000651,2025-10-09T23:55:19,validation
txn_003053,2025-10-10T01:26:28,validation
txn_000555,2025-10-10T05:24:25,validation
txn_000548,2025-10-10T05:56:14,validation
txn_002198,2025-10-10T08:41:27,validation
txn_003328,2025-10-10T14:21:23,validation
txn_001558,2025-10-10T15:39:00,validation
txn_003384,2025-10-10T16:53:33,validation
txn_002701,2025-10-10T21:46:39,validation
txn_002705,2025-10-10T23:57:24,validation
txn_000568,2025-10-11T00:10:07,validation
txn_001364,2025-10-11T02:11:58,validation
txn_001216,2025-10-11T04:30:39,validation
txn_000519,2025-10-11T11:39:19,validation
txn_001703,2025-10-11T12:04:53,validation
txn_003347,2025-10-11T14:09:30,validation
txn_002190,2025-10-11T18:09:42,validation
txn_003661,2025-10-11T23:26:36,validation
txn_003950,2025-10-12T02:18:48,validation
txn_000684,2025-10-12T03:19:14,validation
txn_001644,2025-10-12T04:20:07,validation
txn_003382,2025-10-12T06:24:42,validation
txn_003615,2025-10-12T10:19:31,validation
txn_003766,2025-10-12T13:46:10,validation
txn_003392,2025-10-12T15:53:07,validation
txn_000853,2025-10-12T20:14:34,validation
txn_002307,2025-10-12T22:13:22,validation
txn_003698,2025-10-12T22:36:16,validation
txn_002401,2025-10-13T02:05:02,validation
txn_003742,2025-10-13T04:29:08,validation
txn_001306,2025-10-13T08:03:02,validation
txn_002873,2025-10-13T10:49:09,validation
txn_003422,2025-10-13T11:08:23,validation
txn_001314,2025-10-13T12:44:04,validation
txn_003817,2025-10-13T14:09:42,validation
txn_001241,2025-10-13T17:24:02,validation
txn_002716,2025-10-13T18:16:38,validation
txn_001746,2025-10-13T18:33:19,validation
txn_000520,2025-10-13T18:39:19,validation
txn_002532,2025-10-13T23:26:17,validation
txn_003696,2025-10-14T01:30:18,validation
txn_002191,2025-10-14T03:19:49,validation
txn_001508,2025-10-14T05:42:11,validation
txn_001112,2025-10-14T06:24:32,validation
txn_004161,2025-10-14T06:34:32,validation
txn_000196,2025-10-14T11:06:26,validation
txn_001025,2025-10-14T12:14:43,validation
txn_003633,2025-10-14T12:54:41,validation
txn_003705,2025-10-14T15:29:38,validation
txn_001026,2025-10-14T16:14:43,validation
txn_001624,2025-10-14T16:46:52,validation
txn_003020,2025-10-14T21:27:48,validation
txn_001016,2025-10-14T23:03:13,validation
txn_002880,2025-10-15T00:55:47,validation
txn_001261,2025-10-15T01:08:18,validation
txn_001860,2025-10-15T05:18:34,validation
txn_000016,2025-10-15T06:05:13,validation
txn_000852,2025-10-15T09:21:06,validation
txn_001415,2025-10-15T09:25:03,validation
txn_003801,2025-10-15T11:03:27,validation
txn_002929,2025-10-15T11:52:45,validation
txn_002337,2025-10-15T12:24:10,validation
txn_003961,2025-10-15T12:45:32,validation
txn_002756,2025-10-15T13:56:02,validation
txn_003814,2025-10-15T16:18:24,validation
txn_001074,2025-10-15T17:50:30,validation
txn_000287,2025-10-15T19:06:02,validation
txn_002589,2025-10-15T20:29:58,validation
txn_002983,2025-10-15T22:49:19,validation
txn_002214,2025-10-15T23:27:11,validation
txn_004012,2025-10-16T02:06:38,validation
txn_001461,2025-10-16T05:50:23,validation
txn_002769,2025-10-16T09:54:46,validation
txn_003247,2025-10-16T11:02:39,validation
txn_002937,2025-10-16T11:40:40,validation
txn_002089,2025-10-16T14:20:15,validation
txn_000186,2025-10-16T21:25:14,validation
txn_003168,2025-10-16T23:47:21,validation
txn_001548,2025-10-17T00:32:52,validation
txn_001452,2025-10-17T02:52:12,validation
txn_000611,2025-10-17T08:08:44,validation
txn_003842,2025-10-17T09:35:00,validation
txn_001370,2025-10-17T09:41:48,validation
txn_000663,2025-10-17T13:48:40,validation
txn_003234,2025-10-17T16:09:17,validation
txn_003703,2025-10-17T17:45:03,validation
txn_003916,2025-10-17T18:07:34,validation
txn_002351,2025-10-17T18:16:25,validation
txn_003996,2025-10-17T19:51:14,validation
txn_001049,2025-10-17T20:25:12,validation
txn_000558,2025-10-18T02:30:05,validation
txn_000213,2025-10-18T08:52:12,validation
txn_002109,2025-10-18T09:04:45,validation
txn_000049,2025-10-18T10:24:28,validation
txn_003797,2025-10-18T11:06:17,validation
txn_003523,2025-10-18T14:01:02,validation
txn_001375,2025-10-18T21:12:25,validation
txn_001818,2025-10-18T21:59:21,validation
txn_000269,2025-10-19T01:08:59,validation
txn_003092,2025-10-19T02:00:53,validation
txn_002767,2025-10-19T04:01:50,validation
txn_003482,2025-10-19T06:11:54,validation
txn_002846,2025-10-19T08:04:12,validation
txn_003668,2025-10-19T10:25:47,validation
txn_000473,2025-10-19T11:38:29,validation
txn_001673,2025-10-19T12:35:22,validation
txn_001395,2025-10-19T12:35:30,validation
txn_001819,2025-10-19T14:59:21,validation
txn_001439,2025-10-19T18:12:43,validation
txn_000749,2025-10-19T18:26:44,validation
txn_000445,2025-10-19T18:41:54,validation
txn_002987,2025-10-20T01:22:44,validation
txn_001164,2025-10-20T07:43:53,validation
txn_002810,2025-10-20T09:51:50,validation
txn_000398,2025-10-20T12:23:28,validation
txn_003034,2025-10-20T13:03:03,validation
txn_003488,2025-10-20T15:12:32,validation
txn_003263,2025-10-20T16:51:04,validation
txn_001782,2025-10-20T21:58:57,validation
txn_002281,2025-10-21T00:46:12,validation
txn_000817,2025-10-21T02:58:27,validation
txn_002238,2025-10-21T03:12:32,validation
txn_002129,2025-10-21T04:15:49,validation
txn_000618,2025-10-21T05:02:23,validation
txn_000642,2025-10-21T12:41:45,validation
txn_003777,2025-10-21T16:19:11,validation
txn_003264,2025-10-21T19:51:04,validation
txn_003469,2025-10-21T21:07:57,validation
txn_003204,2025-10-21T22:11:37,validation
txn_002316,2025-10-22T01:04:35,validation
txn_000501,2025-10-22T06:24:29,validation
txn_000425,2025-10-22T12:59:45,validation
txn_002159,2025-10-22T13:39:18,validation
txn_002254,2025-10-22T21:51:52,validation
txn_002081,2025-10-23T04:50:15,validation
txn_000771,2025-10-23T07:47:38,validation
txn_000807,2025-10-23T09:09:44,validation
txn_003962,2025-10-23T19:06:55,validation
txn_002817,2025-10-23T19:41:30,validation
txn_000477,2025-10-23T21:41:44,validation
txn_002295,2025-10-23T22:54:20,validation
txn_003410,2025-10-24T03:30:30,validation
txn_003527,2025-10-24T05:26:15,validation
txn_002032,2025-10-24T06:23:03,validation
txn_002004,2025-10-24T06:44:09,validation
txn_001971,2025-10-24T16:39:38,validation
txn_001149,2025-10-24T22:40:39,validation
txn_003411,2025-10-24T23:30:30,validation
txn_001341,2025-10-25T00:45:09,validation
txn_000187,2025-10-25T02:16:58,validation
txn_002835,2025-10-25T03:41:39,validation
txn_001829,2025-10-25T07:03:00,validation
txn_000208,2025-10-25T08:55:04,validation
txn_003394,2025-10-25T11:03:10,validation
txn_003600,2025-10-25T11:12:08,validation
txn_000666,2025-10-25T11:25:17,validation
txn_000608,2025-10-25T13:31:12,validation
txn_000462,2025-10-25T16:39:43,validation
txn_000720,2025-10-25T18:22:20,validation
txn_000846,2025-10-25T19:00:08,validation
txn_000693,2025-10-25T19:29:09,validation
txn_003141,2025-10-25T20:44:55,validation
txn_003685,2025-10-26T01:42:57,validation
txn_004009,2025-10-26T06:38:18,validation
txn_001414,2025-10-26T07:22:41,validation
txn_002093,2025-10-26T11:43:02,validation
txn_000024,2025-10-26T15:10:16,validation
txn_002408,2025-10-26T16:19:37,validation
txn_002484,2025-10-26T21:06:26,validation
txn_000209,2025-10-26T21:55:04,validation
txn_001178,2025-10-26T22:35:55,validation
txn_001869,2025-10-26T22:52:27,validation
txn_002788,2025-10-27T01:07:08,validation
txn_000452,2025-10-27T02:08:30,validation
txn_000065,2025-10-27T04:03:32,validation
txn_000988,2025-10-27T08:44:25,validation
txn_002870,2025-10-27T09:22:29,validation
txn_003828,2025-10-27T10:37:57,validation
txn_003936,2025-10-27T12:36:37,validation
txn_002073,2025-10-27T13:11:12,validation
txn_002922,2025-10-27T13:31:59,validation
txn_000210,2025-10-27T15:06:58,validation
txn_000977,2025-10-27T15:32:06,validation
txn_002102,2025-10-27T15:43:27,validation
txn_001488,2025-10-27T16:23:58,validation
txn_002940,2025-10-27T17:22:19,validation
txn_002784,2025-10-27T23:39:52,validation
txn_001021,2025-10-28T00:45:47,validation
txn_001965,2025-10-28T02:06:37,validation
txn_002292,2025-10-28T02:13:21,validation
txn_002259,2025-10-28T10:00:12,validation
txn_001708,2025-10-28T13:00:35,validation
txn_002265,2025-10-28T19:07:42,validation
txn_003042,2025-10-28T21:38:49,validation
txn_003404,2025-10-28T21:59:55,validation
txn_002693,2025-10-28T23:32:05,validation
txn_001327,2025-10-29T00:11:00,validation
txn_002768,2025-10-29T04:12:01,validation
txn_004014,2025-10-29T05:35:23,validation
txn_001389,2025-10-29T05:40:19,validation
txn_000919,2025-10-29T06:25:18,validation
txn_000989,2025-10-29T06:44:25,validation
txn_002590,2025-10-29T07:52:16,validation
txn_001305,2025-10-29T07:57:55,validation
txn_002298,2025-10-29T11:39:28,validation
txn_001097,2025-10-29T11:57:16,validation
txn_003907,2025-10-29T13:10:24,validation
txn_003217,2025-10-29T15:21:29,validation
txn_001511,2025-10-29T18:49:34,validation
txn_000279,2025-10-29T19:09:08,validation
txn_001079,2025-10-29T20:50:09,validation
txn_003524,2025-10-30T08:17:38,validation
txn_000268,2025-10-30T08:23:55,validation
txn_002485,2025-10-30T08:58:06,validation
txn_001043,2025-10-30T11:59:54,validation
txn_001826,2025-10-30T14:04:02,validation
txn_000018,2025-10-30T14:22:56,validation
txn_001442,2025-10-30T14:38:40,validation
txn_003844,2025-10-30T15:12:01,validation
txn_002869,2025-10-30T17:17:57,validation
txn_002430,2025-10-30T17:40:11,validation
txn_001078,2025-10-30T21:03:47,validation
txn_002383,2025-10-31T12:07:45,validation
txn_001865,2025-10-31T12:28:45,validation
txn_001804,2025-10-31T13:27:21,validation
txn_002486,2025-10-31T16:58:06,validation
txn_001522,2025-11-01T00:19:04,validation
txn_001888,2025-11-01T02:56:15,validation
txn_003075,2025-11-01T03:50:37,validation
txn_001061,2025-11-01T07:41:21,validation
txn_002072,2025-11-01T09:16:51,validation
txn_001200,2025-11-01T11:05:03,validation
txn_001219,2025-11-01T20:06:40,validation
txn_002988,2025-11-01T21:38:04,validation
txn_000454,2025-11-02T00:03:55,validation
txn_002856,2025-11-02T00:55:23,validation
txn_001432,2025-11-02T02:49:57,validation
txn_001005,2025-11-02T03:12:36,validation
txn_003501,2025-11-02T04:20:25,validation
txn_003101,2025-11-02T05:04:46,validation
txn_000166,2025-11-02T06:48:25,validation
txn_000383,2025-11-02T07:42:05,validation
txn_000951,2025-11-02T09:38:12,validation
txn_002646,2025-11-02T11:04:01,validation
txn_000089,2025-11-02T11:10:59,validation
txn_003986,2025-11-02T12:07:47,validation
txn_002225,2025-11-02T17:00:25,validation
txn_003689,2025-11-02T17:27:35,validation
txn_000758,2025-11-02T18:51:25,validation
txn_002914,2025-11-02T19:12:31,validation
txn_001882,2025-11-02T20:32:54,validation
txn_003611,2025-11-03T02:21:53,validation
txn_001310,2025-11-03T06:28:09,validation
txn_000256,2025-11-03T07:57:01,validation
txn_002277,2025-11-03T09:56:59,validation
txn_001445,2025-11-03T13:12:02,validation
txn_000162,2025-11-03T15:11:29,validation
txn_000444,2025-11-03T15:29:29,validation
txn_001593,2025-11-03T15:32:40,validation
txn_001232,2025-11-03T18:54:30,validation
txn_000776,2025-11-04T03:54:30,validation
txn_002067,2025-11-04T04:56:32,validation
txn_000048,2025-11-04T05:22:08,validation
txn_000410,2025-11-04T06:33:10,validation
txn_000884,2025-11-04T07:16:43,validation
txn_003690,2025-11-04T09:27:35,validation
txn_000549,2025-11-04T10:48:45,validation
txn_000759,2025-11-04T18:51:25,validation
txn_000155,2025-11-04T20:06:10,validation
txn_001211,2025-11-04T23:35:22,validation
txn_001594,2025-11-05T04:32:40,validation
txn_001922,2025-11-05T05:12:14,validation
txn_000882,2025-11-05T06:55:12,validation
txn_000540,2025-11-05T12:15:17,validation
txn_003854,2025-11-05T18:29:34,validation
txn_002604,2025-11-05T21:20:39,validation
txn_003241,2025-11-05T22:53:05,validation
txn_001015,2025-11-06T00:40:09,validation
txn_002177,2025-11-06T01:03:22,validation
txn_001478,2025-11-06T05:15:29,validation
txn_001878,2025-11-06T06:08:07,validation
txn_003616,2025-11-06T06:43:27,validation
txn_001191,2025-11-06T11:16:10,validation
txn_002258,2025-11-06T12:05:46,validation
txn_002107,2025-11-06T21:49:33,validation
txn_002891,2025-11-06T23:24:16,validation
txn_001081,2025-11-07T01:29:18,validation
txn_001862,2025-11-07T01:49:16,validation
txn_001654,2025-11-07T01:55:25,validation
txn_003587,2025-11-07T02:54:49,validation
txn_002200,2025-11-07T07:20:27,validation
txn_003911,2025-11-07T16:17:06,validation
txn_003726,2025-11-07T17:31:07,validation
txn_003796,2025-11-07T18:26:14,validation
txn_002677,2025-11-07T20:09:13,validation
txn_003538,2025-11-07T20:51:28,test
txn_002950,2025-11-07T23:18:47,test
txn_002194,2025-11-08T02:16:38,test
txn_001180,2025-11-08T03:41:20,test
txn_001579,2025-11-08T04:33:12,test
txn_003177,2025-11-08T05:09:01,test
txn_001726,2025-11-08T06:01:51,test
txn_003665,2025-11-08T07:31:10,test
txn_000963,2025-11-08T08:08:28,test
txn_003748,2025-11-08T10:02:25,test
txn_003151,2025-11-08T13:12:59,test
txn_002267,2025-11-08T14:43:57,test
txn_003373,2025-11-08T19:05:35,test
txn_000822,2025-11-09T00:28:25,test
txn_002711,2025-11-09T04:12:42,test
txn_001317,2025-11-09T09:55:10,test
txn_001948,2025-11-09T11:20:51,test
txn_003455,2025-11-09T11:29:29,test
txn_001279,2025-11-09T13:46:43,test
txn_001418,2025-11-09T14:23:48,test
txn_001902,2025-11-09T15:43:00,test
txn_000098,2025-11-09T15:56:28,test
txn_001125,2025-11-09T18:31:09,test
txn_001027,2025-11-09T18:37:22,test
txn_000796,2025-11-09T19:18:52,test
txn_000649,2025-11-09T21:18:53,test
txn_000356,2025-11-09T22:59:17,test
txn_000584,2025-11-09T23:54:10,test
txn_001041,2025-11-09T23:58:47,test
txn_003274,2025-11-10T03:26:17,test
txn_003518,2025-11-10T05:34:19,test
txn_003937,2025-11-10T09:38:59,test
txn_002966,2025-11-10T10:25:16,test
txn_000736,2025-11-10T10:57:03,test
txn_001062,2025-11-10T11:57:06,test
txn_001383,2025-11-10T12:00:10,test
txn_003893,2025-11-10T12:50:08,test
txn_000491,2025-11-10T14:59:03,test
txn_001105,2025-11-10T16:34:52,test
txn_002549,2025-11-10T18:02:16,test
txn_002381,2025-11-10T19:54:34,test
txn_000593,2025-11-11T00:13:24,test
txn_002343,2025-11-11T00:20:36,test
txn_003370,2025-11-11T00:53:56,test
txn_000072,2025-11-11T01:12:01,test
txn_002188,2025-11-11T04:28:26,test
txn_002197,2025-11-11T09:44:04,test
txn_002712,2025-11-11T10:12:42,test
txn_001008,2025-11-11T11:02:44,test
txn_003001,2025-11-11T11:08:35,test
txn_003200,2025-11-11T12:10:19,test
txn_001620,2025-11-11T12:59:59,test
txn_000027,2025-11-11T15:28:48,test
txn_002400,2025-11-11T15:32:43,test
txn_002793,2025-11-11T17:05:26,test
txn_001640,2025-11-11T17:08:53,test
txn_000453,2025-11-11T17:29:18,test
txn_002219,2025-11-11T18:08:11,test
txn_000867,2025-11-11T20:47:06,test
txn_001847,2025-11-11T20:48:57,test
txn_000868,2025-11-11T22:47:06,test
txn_004177,2025-11-12T11:21:18,test
txn_002644,2025-11-12T12:16:58,test
txn_003919,2025-11-12T13:46:41,test
txn_003987,2025-11-12T16:49:46,test
txn_003079,2025-11-13T00:50:06,test
txn_002489,2025-11-13T03:41:49,test
txn_001664,2025-11-13T03:43:14,test
txn_003049,2025-11-13T03:58:33,test
txn_000484,2025-11-13T05:09:18,test
txn_001633,2025-11-13T06:47:27,test
txn_001727,2025-11-13T07:55:27,test
txn_001533,2025-11-13T13:46:20,test
txn_002442,2025-11-13T17:38:21,test
txn_003292,2025-11-13T18:38:24,test
txn_001189,2025-11-13T23:40:08,test
txn_001215,2025-11-14T00:30:30,test
txn_001518,2025-11-14T01:24:34,test
txn_001316,2025-11-14T01:54:09,test
txn_001108,2025-11-14T03:53:50,test
txn_000328,2025-11-14T07:21:09,test
txn_003982,2025-11-14T08:58:43,test
txn_003100,2025-11-14T09:37:30,test
txn_002639,2025-11-14T09:51:43,test
txn_001009,2025-11-14T10:02:44,test
txn_001073,2025-11-14T11:17:30,test
txn_000547,2025-11-14T11:38:41,test
txn_003638,2025-11-14T15:24:31,test
txn_002629,2025-11-14T16:02:00,test
txn_003734,2025-11-14T16:15:10,test
txn_003250,2025-11-14T18:14:28,test
txn_002744,2025-11-14T19:26:31,test
txn_000814,2025-11-14T19:44:47,test
txn_001692,2025-11-14T20:09:02,test
txn_003436,2025-11-14T20:30:23,test
txn_003407,2025-11-14T21:12:16,test
txn_002205,2025-11-14T23:41:47,test
txn_000202,2025-11-15T02:05:48,test
txn_001631,2025-11-15T02:53:46,test
txn_003216,2025-11-15T05:42:57,test
txn_002069,2025-11-15T07:19:17,test
txn_003871,2025-11-15T09:49:44,test
txn_001167,2025-11-15T12:44:15,test
txn_002379,2025-11-15T14:58:14,test
txn_003457,2025-11-15T17:20:52,test
txn_001208,2025-11-15T18:33:18,test
txn_001925,2025-11-15T20:22:59,test
txn_002804,2025-11-15T22:03:16,test
txn_003077,2025-11-15T23:29:05,test
txn_000432,2025-11-16T02:10:55,test
txn_004064,2025-11-16T03:28:20,test
txn_004065,2025-11-16T03:30:20,test
txn_004067,2025-11-16T03:31:20,test
txn_004068,2025-11-16T03:32:20,test
txn_004066,2025-11-16T03:34:20,test
txn_004069,2025-11-16T03:36:20,test
txn_004070,2025-11-16T03:38:20,test
txn_004074,2025-11-16T03:38:20,test
txn_004075,2025-11-16T03:39:20,test
txn_004076,2025-11-16T03:40:20,test
txn_004071,2025-11-16T03:44:20,test
txn_004072,2025-11-16T03:48:20,test
txn_004073,2025-11-16T03:52:20,test
txn_000451,2025-11-16T08:28:26,test
txn_002656,2025-11-16T11:03:01,test
txn_002070,2025-11-16T13:19:17,test
txn_002805,2025-11-16T15:03:16,test
txn_001203,2025-11-16T17:46:55,test
txn_000842,2025-11-16T20:05:17,test
txn_000352,2025-11-16T21:32:24,test
txn_001651,2025-11-16T23:17:59,test
txn_000999,2025-11-17T09:47:37,test
txn_000912,2025-11-17T11:43:09,test
txn_002323,2025-11-17T14:23:25,test
txn_002386,2025-11-17T15:50:45,test
txn_003371,2025-11-17T17:02:47,test
txn_000440,2025-11-17T19:39:50,test
txn_000750,2025-11-17T20:10:05,test
txn_001377,2025-11-17T22:09:24,test
txn_002104,2025-11-18T02:29:44,test
txn_001209,2025-11-18T08:33:18,test
txn_003221,2025-11-18T13:58:00,test
txn_003303,2025-11-18T16:26:53,test
txn_002727,2025-11-18T16:29:12,test
txn_001020,2025-11-18T20:44:52,test
txn_003537,2025-11-18T23:25:30,test
txn_003522,2025-11-19T01:17:05,test
txn_000371,2025-11-19T04:19:53,test
txn_001815,2025-11-19T09:08:05,test
txn_001928,2025-11-19T09:25:42,test
txn_003166,2025-11-19T11:34:30,test
txn_001591,2025-11-19T11:56:57,test
txn_000422,2025-11-19T12:48:12,test
txn_001204,2025-11-19T12:51:48,test
txn_003865,2025-11-19T18:39:37,test
txn_001300,2025-11-19T19:17:59,test
txn_002565,2025-11-19T20:42:37,test
txn_000112,2025-11-19T22:07:50,test
txn_004171,2025-11-20T01:11:01,test
txn_001975,2025-11-20T02:23:01,test
txn_003578,2025-11-20T02:29:39,test
txn_001841,2025-11-20T03:28:04,test
txn_002535,2025-11-20T06:59:17,test
txn_001832,2025-11-20T08:40:52,test
txn_001835,2025-11-20T10:17:13,test
txn_001937,2025-11-20T10:51:30,test
txn_000897,2025-11-20T11:28:02,test
txn_003608,2025-11-20T13:36:29,test
txn_002448,2025-11-20T18:00:08,test
txn_003013,2025-11-20T19:44:47,test
txn_000806,2025-11-21T00:30:36,test
txn_000911,2025-11-21T00:41:56,test
txn_001912,2025-11-21T04:05:25,test
txn_001221,2025-11-21T04:28:00,test
txn_000175,2025-11-21T06:12:33,test
txn_000203,2025-11-21T08:33:58,test
txn_002066,2025-11-21T12:17:48,test
txn_002938,2025-11-21T12:27:19,test
txn_003883,2025-11-21T13:41:49,test
txn_000672,2025-11-21T16:10:05,test
txn_003356,2025-11-21T19:14:02,test
txn_003714,2025-11-21T20:55:42,test
txn_003178,2025-11-21T22:46:39,test
txn_002648,2025-11-22T02:51:53,test
txn_001682,2025-11-22T04:30:47,test
txn_000239,2025-11-22T10:51:38,test
txn_002139,2025-11-22T11:47:09,test
txn_001137,2025-11-22T13:48:30,test
txn_001851,2025-11-22T17:54:34,test
txn_003444,2025-11-22T19:04:52,test
txn_000182,2025-11-22T19:46:59,test
txn_000522,2025-11-22T23:51:30,test
txn_003783,2025-11-23T00:30:37,test
txn_002771,2025-11-23T00:46:40,test
txn_003622,2025-11-23T01:53:42,test
txn_003625,2025-11-23T03:12:56,test
txn_000083,2025-11-23T04:00:40,test
txn_003790,2025-11-23T05:51:57,test
txn_000690,2025-11-23T06:29:37,test
txn_002096,2025-11-23T07:32:48,test
txn_001893,2025-11-23T09:14:57,test
txn_002465,2025-11-23T17:08:11,test
txn_003546,2025-11-23T18:26:04,test
txn_002161,2025-11-23T19:14:48,test
txn_001612,2025-11-23T19:38:37,test
txn_002706,2025-11-23T19:45:09,test
txn_000464,2025-11-23T19:55:52,test
txn_003064,2025-11-23T22:44:32,test
txn_001505,2025-11-24T00:37:49,test
txn_000084,2025-11-24T02:00:40,test
txn_001526,2025-11-24T04:10:40,test
txn_003704,2025-11-24T06:15:22,test
txn_003130,2025-11-24T07:32:28,test
txn_003131,2025-11-24T09:32:28,test
txn_003970,2025-11-24T09:55:24,test
txn_001509,2025-11-24T11:34:44,test
txn_003927,2025-11-24T12:33:55,test
txn_001858,2025-11-24T14:15:02,test
txn_003813,2025-11-24T14:54:38,test
txn_000123,2025-11-24T21:36:32,test
txn_000429,2025-11-24T21:50:01,test
txn_002893,2025-11-25T02:38:50,test
txn_001766,2025-11-25T04:07:03,test
txn_000938,2025-11-25T07:32:01,test
txn_002080,2025-11-25T10:37:48,test
txn_001388,2025-11-25T11:58:14,test
txn_001823,2025-11-25T17:33:15,test
txn_001456,2025-11-25T19:35:37,test
txn_002985,2025-11-25T19:37:59,test
txn_003420,2025-11-25T22:08:16,test
txn_002799,2025-11-25T22:47:50,test
txn_003000,2025-11-25T23:04:44,test
txn_001904,2025-11-26T00:27:40,test
txn_003081,2025-11-26T02:01:54,test
txn_001227,2025-11-26T10:31:28,test
txn_001711,2025-11-26T10:56:52,test
txn_000524,2025-11-26T11:12:42,test
txn_001658,2025-11-26T15:25:54,test
txn_000120,2025-11-26T15:48:51,test
txn_003682,2025-11-26T17:14:23,test
txn_001737,2025-11-26T18:19:41,test
txn_000939,2025-11-26T23:32:01,test
txn_003113,2025-11-27T00:22:38,test
txn_001479,2025-11-27T00:43:39,test
txn_000502,2025-11-27T00:48:02,test
txn_002608,2025-11-27T01:00:26,test
txn_002698,2025-11-27T01:02:07,test
txn_000041,2025-11-27T03:33:52,test
txn_004172,2025-11-27T03:55:48,test
txn_003022,2025-11-27T05:09:49,test
txn_002728,2025-11-27T06:37:10,test
txn_003656,2025-11-27T06:59:12,test
txn_002313,2025-11-27T07:07:05,test
txn_002207,2025-11-27T11:07:50,test
txn_002743,2025-11-27T12:14:41,test
txn_000470,2025-11-27T17:03:37,test
txn_003851,2025-11-27T17:32:05,test
txn_002791,2025-11-27T18:12:28,test
txn_003943,2025-11-27T19:05:11,test
txn_001549,2025-11-27T19:12:12,test
txn_000641,2025-11-27T21:30:22,test
txn_002620,2025-11-27T22:08:40,test
txn_003099,2025-11-27T23:39:52,test
txn_000773,2025-11-28T00:32:44,test
txn_000042,2025-11-28T01:09:15,test
txn_002410,2025-11-28T01:48:01,test
txn_000858,2025-11-28T02:48:59,test
txn_003332,2025-11-28T04:12:23,test
txn_001376,2025-11-28T04:57:49,test
txn_001338,2025-11-28T08:40:07,test
txn_000780,2025-11-28T10:34:30,test
txn_002825,2025-11-28T11:01:04,test
txn_000918,2025-11-28T11:42:35,test
txn_002333,2025-11-28T12:46:10,test
txn_002074,2025-11-28T13:00:31,test
txn_003280,2025-11-28T13:44:45,test
txn_003365,2025-11-28T17:12:12,test
txn_002456,2025-11-28T22:08:13,test
txn_000948,2025-11-29T04:58:27,test
txn_003094,2025-11-29T08:01:04,test
txn_002689,2025-11-29T09:07:00,test
txn_002624,2025-11-29T13:14:00,test
txn_003778,2025-11-29T14:05:28,test
txn_002224,2025-11-29T14:33:06,test
txn_001275,2025-11-29T17:41:32,test
txn_002824,2025-11-30T03:21:03,test
txn_002229,2025-11-30T04:56:26,test
txn_001449,2025-11-30T06:33:11,test
txn_001023,2025-11-30T07:57:54,test
txn_001795,2025-11-30T09:32:36,test
txn_002312,2025-11-30T11:49:33,test
txn_001458,2025-11-30T20:40:30,test
txn_002411,2025-11-30T22:48:01,test
txn_002315,2025-12-01T01:46:18,test
txn_002999,2025-12-01T04:03:06,test
txn_000037,2025-12-01T09:33:19,test
txn_003908,2025-12-01T11:00:49,test
txn_001374,2025-12-01T13:13:52,test
txn_004163,2025-12-01T14:54:03,test
txn_000949,2025-12-01T15:31:01,test
txn_003035,2025-12-01T15:51:49,test
txn_003942,2025-12-01T17:20:03,test
txn_003856,2025-12-01T18:44:04,test
txn_003039,2025-12-01T20:18:49,test
txn_003894,2025-12-02T09:07:09,test
txn_001551,2025-12-02T11:55:35,test
txn_003152,2025-12-02T12:58:40,test
txn_000533,2025-12-02T16:19:37,test
txn_003461,2025-12-02T17:05:27,test
txn_002155,2025-12-02T17:22:48,test
txn_000700,2025-12-02T20:46:42,test
txn_002678,2025-12-02T21:12:14,test
txn_003683,2025-12-02T21:35:07,test
txn_003281,2025-12-03T03:44:46,test
txn_003190,2025-12-03T04:53:25,test
txn_002927,2025-12-03T05:33:14,test
txn_003641,2025-12-03T06:50:10,test
txn_003993,2025-12-03T10:29:39,test
txn_002735,2025-12-03T10:32:54,test
txn_001192,2025-12-03T11:00:35,test
txn_003226,2025-12-03T13:06:00,test
txn_004180,2025-12-03T14:02:29,test
txn_002980,2025-12-03T15:15:58,test
txn_000090,2025-12-03T21:27:19,test
txn_001973,2025-12-04T04:57:59,test
txn_002046,2025-12-04T05:12:06,test
txn_001091,2025-12-04T05:27:44,test
txn_001646,2025-12-04T07:30:26,test
txn_001581,2025-12-04T07:43:33,test
txn_003319,2025-12-04T09:20:12,test
txn_000236,2025-12-04T09:58:32,test
txn_003139,2025-12-04T11:02:58,test
txn_003372,2025-12-04T15:45:31,test
txn_003230,2025-12-04T23:33:54,test
txn_003265,2025-12-05T03:22:10,test
txn_001541,2025-12-05T03:39:13,test
txn_003775,2025-12-05T08:29:01,test
txn_003550,2025-12-05T12:12:05,test
txn_003985,2025-12-05T12:21:03,test
txn_003977,2025-12-05T13:14:15,test
txn_000310,2025-12-05T13:42:22,test
txn_003525,2025-12-05T18:39:13,test
txn_000647,2025-12-05T19:45:13,test
txn_003251,2025-12-05T22:03:19,test
txn_003156,2025-12-05T23:53:43,test
txn_000489,2025-12-06T01:40:17,test
txn_000782,2025-12-06T01:42:13,test
txn_000646,2025-12-06T10:03:18,test
txn_001534,2025-12-06T12:51:51,test
txn_001993,2025-12-06T14:25:43,test
txn_001076,2025-12-06T17:06:17,test
txn_001751,2025-12-06T17:36:48,test
txn_000972,2025-12-06T20:54:40,test
txn_003471,2025-12-06T22:35:04,test
txn_004011,2025-12-06T22:44:08,test
txn_003327,2025-12-07T01:29:13,test
txn_000790,2025-12-07T04:22:10,test
txn_002476,2025-12-07T08:23:10,test
txn_000675,2025-12-07T08:41:35,test
txn_002282,2025-12-07T09:02:19,test
txn_002900,2025-12-07T11:00:14,test
txn_003157,2025-12-07T12:31:40,test
txn_003082,2025-12-07T16:15:04,test
txn_003348,2025-12-07T16:31:38,test
txn_003405,2025-12-07T17:38:46,test
txn_001667,2025-12-07T18:14:16,test
txn_002154,2025-12-07T19:40:46,test
txn_002901,2025-12-07T21:00:14,test
txn_003024,2025-12-07T21:22:22,test
txn_000630,2025-12-07T21:44:16,test
txn_000688,2025-12-07T22:31:28,test
txn_000224,2025-12-08T05:51:56,test
txn_003637,2025-12-08T09:03:29,test
txn_003868,2025-12-08T09:28:18,test
txn_000829,2025-12-08T09:28:31,test
txn_001774,2025-12-08T09:47:08,test
txn_003835,2025-12-08T10:15:40,test
txn_003862,2025-12-08T12:58:34,test
txn_003847,2025-12-08T14:02:58,test
txn_002548,2025-12-08T15:21:02,test
txn_003873,2025-12-08T17:23:35,test
txn_003931,2025-12-08T18:19:04,test
txn_001147,2025-12-08T19:50:50,test
txn_001034,2025-12-08T22:25:33,test
txn_002815,2025-12-08T22:28:55,test
txn_003027,2025-12-08T23:34:44,test
txn_000127,2025-12-09T07:09:19,test
txn_000894,2025-12-09T09:32:42,test
txn_003939,2025-12-09T10:46:45,test
txn_001821,2025-12-09T14:15:24,test
txn_002621,2025-12-09T15:03:42,test
txn_002958,2025-12-09T15:55:46,test
txn_001417,2025-12-09T16:22:55,test
txn_000461,2025-12-09T18:00:59,test
txn_000755,2025-12-10T01:29:03,test
txn_003998,2025-12-10T03:22:52,test
txn_002908,2025-12-10T10:02:20,test
txn_003747,2025-12-10T11:42:26,test
txn_003953,2025-12-10T12:32:20,test
txn_004082,2025-12-10T16:15:23,test
txn_004083,2025-12-10T16:15:28,test
txn_004086,2025-12-10T16:15:39,test
txn_004084,2025-12-10T16:15:49,test
txn_004085,2025-12-10T16:16:23,test
txn_004088,2025-12-10T16:16:29,test
txn_004087,2025-12-10T16:16:38,test
txn_003076,2025-12-10T17:35:39,test
txn_003439,2025-12-10T20:53:49,test
txn_002519,2025-12-11T02:01:11,test
txn_001243,2025-12-11T05:14:57,test
txn_003125,2025-12-11T08:01:14,test
txn_001587,2025-12-11T08:40:08,test
txn_003208,2025-12-11T11:10:26,test
txn_002373,2025-12-11T12:59:42,test
txn_001827,2025-12-11T13:04:17,test
txn_002447,2025-12-11T13:24:33,test
txn_003969,2025-12-11T15:47:40,test
txn_000402,2025-12-11T17:43:46,test
txn_000607,2025-12-11T18:52:51,test
txn_002725,2025-12-11T19:03:14,test
txn_003657,2025-12-11T20:37:02,test
txn_002808,2025-12-12T00:49:12,test
txn_003127,2025-12-12T02:07:45,test
txn_002515,2025-12-12T06:54:12,test
txn_000738,2025-12-12T07:37:37,test
txn_001301,2025-12-12T08:35:01,test
txn_002794,2025-12-12T12:40:57,test
txn_003465,2025-12-12T14:02:08,test
txn_000267,2025-12-12T14:36:48,test
txn_002959,2025-12-12T15:55:46,test
txn_001286,2025-12-12T20:18:27,test
txn_002169,2025-12-12T20:37:59,test
txn_003779,2025-12-12T23:39:42,test
txn_002031,2025-12-13T07:14:05,test
txn_001778,2025-12-13T09:29:54,test
txn_001588,2025-12-13T17:40:08,test
txn_002699,2025-12-14T10:08:51,test
txn_003466,2025-12-14T12:41:41,test
txn_000947,2025-12-14T13:16:39,test
txn_000577,2025-12-14T13:35:59,test
txn_001539,2025-12-14T15:59:17,test
txn_001807,2025-12-14T16:48:07,test
txn_000995,2025-12-14T17:02:29,test
txn_003065,2025-12-14T17:07:06,test
txn_003707,2025-12-14T23:45:31,test
txn_000394,2025-12-15T02:17:11,test
txn_000493,2025-12-15T03:08:00,test
txn_003068,2025-12-15T07:31:17,test
txn_001949,2025-12-15T07:57:47,test
txn_001670,2025-12-15T08:03:38,test
txn_003442,2025-12-15T08:38:12,test
txn_004182,2025-12-15T08:43:00,test
txn_002537,2025-12-15T09:08:43,test
txn_003974,2025-12-15T12:08:42,test
txn_003456,2025-12-15T15:42:06,test
txn_001931,2025-12-15T16:56:44,test
txn_003895,2025-12-15T18:56:16,test
txn_003676,2025-12-15T20:13:48,test
txn_001331,2025-12-16T04:38:01,test
txn_000621,2025-12-16T05:21:02,test
txn_002459,2025-12-16T14:42:09,test
txn_000657,2025-12-16T16:34:22,test
txn_000725,2025-12-17T00:29:27,test
txn_003293,2025-12-17T08:15:44,test
txn_002269,2025-12-17T16:01:06,test
txn_003069,2025-12-17T16:11:10,test
txn_001244,2025-12-17T17:26:24,test
txn_004175,2025-12-17T19:22:41,test
txn_000222,2025-12-18T00:41:53,test
txn_002760,2025-12-18T01:18:58,test
txn_003418,2025-12-18T01:51:51,test
txn_002193,2025-12-18T04:06:17,test
txn_001368,2025-12-18T07:30:09,test
txn_002896,2025-12-18T08:45:59,test
txn_002136,2025-12-18T10:06:37,test
txn_003434,2025-12-18T10:30:50,test
txn_000249,2025-12-18T10:47:57,test
txn_003730,2025-12-18T15:50:12,test
txn_000717,2025-12-18T17:57:59,test
txn_002443,2025-12-18T18:20:21,test
txn_002135,2025-12-18T21:50:19,test
txn_001913,2025-12-18T22:42:20,test
txn_000922,2025-12-19T02:16:32,test
txn_002274,2025-12-19T07:27:29,test
txn_000976,2025-12-19T08:42:47,test
txn_003352,2025-12-19T09:57:05,test
txn_001252,2025-12-19T09:57:09,test
txn_004108,2025-12-19T10:08:43,test
txn_004109,2025-12-19T10:08:53,test
txn_004111,2025-12-19T10:09:04,test
txn_004110,2025-12-19T10:09:19,test
txn_004113,2025-12-19T10:09:23,test
txn_004116,2025-12-19T10:09:23,test
txn_004114,2025-12-19T10:09:31,test
txn_004118,2025-12-19T10:09:43,test
txn_004112,2025-12-19T10:09:47,test
txn_004117,2025-12-19T10:10:22,test
txn_004115,2025-12-19T10:10:49,test
txn_002721,2025-12-20T03:03:08,test
txn_001022,2025-12-20T03:35:51,test
txn_000955,2025-12-20T04:08:53,test
txn_001809,2025-12-20T07:02:12,test
txn_000661,2025-12-20T10:19:05,test
txn_002249,2025-12-20T11:28:39,test
txn_001649,2025-12-20T15:27:12,test
txn_001733,2025-12-20T16:24:43,test
txn_001369,2025-12-20T17:37:53,test
txn_001967,2025-12-20T18:02:12,test
txn_000986,2025-12-20T18:23:20,test
txn_003759,2025-12-20T19:18:01,test
txn_002737,2025-12-20T20:46:06,test
txn_002368,2025-12-20T21:37:12,test
txn_000456,2025-12-20T22:21:14,test
txn_003426,2025-12-21T04:42:53,test
txn_001319,2025-12-21T04:54:30,test
txn_000578,2025-12-21T10:01:41,test
txn_000592,2025-12-21T11:09:31,test
txn_003964,2025-12-21T11:38:53,test
txn_002906,2025-12-21T12:22:15,test
txn_003284,2025-12-21T12:27:55,test
txn_003497,2025-12-21T18:28:38,test
txn_000419,2025-12-21T20:37:42,test
txn_001968,2025-12-21T23:02:12,test
txn_000979,2025-12-22T00:04:40,test
txn_000610,2025-12-22T00:15:54,test
txn_000816,2025-12-22T00:41:39,test
txn_000005,2025-12-22T02:10:40,test
txn_002327,2025-12-22T08:28:07,test
txn_000170,2025-12-22T08:30:06,test
txn_002301,2025-12-22T09:10:46,test
txn_002902,2025-12-22T09:42:49,test
txn_003984,2025-12-22T11:01:32,test
txn_001544,2025-12-22T11:54:04,test
txn_000137,2025-12-22T17:06:32,test
txn_004017,2025-12-22T18:24:02,test
txn_002881,2025-12-22T20:34:34,test
txn_002700,2025-12-22T21:08:24,test
txn_002025,2025-12-22T22:01:56,test
txn_004018,2025-12-23T00:48:16,test
txn_002086,2025-12-23T02:35:56,test
txn_003342,2025-12-23T03:38:56,test
txn_000226,2025-12-23T04:06:16,test
txn_001685,2025-12-23T12:06:24,test
txn_002226,2025-12-23T15:12:48,test
txn_001582,2025-12-23T16:32:20,test
txn_002680,2025-12-23T16:50:25,test
txn_001351,2025-12-23T21:05:08,test
txn_000012,2025-12-23T23:07:10,test
txn_000851,2025-12-24T01:40:34,test
txn_002158,2025-12-24T02:12:05,test
txn_000047,2025-12-24T06:02:04,test
txn_002837,2025-12-24T06:24:08,test
txn_000626,2025-12-24T08:49:51,test
txn_002406,2025-12-24T10:59:22,test
txn_002668,2025-12-24T10:59:36,test
txn_002540,2025-12-24T12:50:54,test
txn_003569,2025-12-24T15:26:36,test
txn_003041,2025-12-24T17:34:30,test
txn_000819,2025-12-24T18:44:59,test
txn_001953,2025-12-24T19:45:25,test
txn_002318,2025-12-24T20:02:02,test
txn_000714,2025-12-24T21:35:55,test
txn_000409,2025-12-24T22:50:31,test
txn_000245,2025-12-25T04:16:13,test
txn_000596,2025-12-25T04:54:26,test
txn_002176,2025-12-25T08:56:28,test
txn_001271,2025-12-25T11:22:59,test
txn_000500,2025-12-25T12:27:17,test
txn_001951,2025-12-25T13:31:37,test
txn_001617,2025-12-25T13:59:36,test
txn_002370,2025-12-25T16:52:30,test
txn_003715,2025-12-25T17:54:16,test
txn_003956,2025-12-25T20:17:23,test
txn_001899,2025-12-26T06:08:22,test
txn_001122,2025-12-26T10:07:35,test
txn_002633,2025-12-26T10:18:55,test
txn_000982,2025-12-26T11:29:20,test
txn_002436,2025-12-26T14:10:57,test
txn_002033,2025-12-26T16:08:29,test
txn_000583,2025-12-26T18:11:49,test
txn_003799,2025-12-26T18:39:30,test
txn_003389,2025-12-26T18:43:22,test
txn_002505,2025-12-26T19:11:46,test
txn_003015,2025-12-26T19:57:53,test
txn_001618,2025-12-27T08:11:55,test
txn_003780,2025-12-27T09:02:44,test
txn_000204,2025-12-27T13:20:59,test
txn_001923,2025-12-27T14:39:22,test
txn_000466,2025-12-27T17:14:06,test
txn_000013,2025-12-27T17:44:31,test
txn_000494,2025-12-27T18:56:23,test
txn_003767,2025-12-27T20:26:34,test
txn_001771,2025-12-28T03:00:12,test
txn_003357,2025-12-28T03:13:39,test
txn_002740,2025-12-28T05:04:59,test
txn_002048,2025-12-28T10:33:37,test
txn_002892,2025-12-28T12:41:15,test
txn_002671,2025-12-28T14:32:23,test
txn_003421,2025-12-28T17:05:06,test
txn_000240,2025-12-28T18:01:16,test
txn_003211,2025-12-28T18:06:37,test
txn_002060,2025-12-28T18:55:48,test
txn_000495,2025-12-28T20:49:07,test
txn_001353,2025-12-28T21:39:33,test
txn_002634,2025-12-28T22:18:55,test
txn_002860,2025-12-29T05:25:00,test
txn_000554,2025-12-29T07:05:20,test
txn_000355,2025-12-29T07:35:19,test
txn_002763,2025-12-29T08:36:21,test
txn_003358,2025-12-29T09:13:39,test
txn_002356,2025-12-29T10:48:11,test
txn_002709,2025-12-29T11:57:49,test
txn_003829,2025-12-29T13:55:59,test
txn_002364,2025-12-29T15:23:00,test
txn_000050,2025-12-29T16:48:22,test
txn_000272,2025-12-29T16:58:08,test
txn_000671,2025-12-30T07:39:30,test
txn_001697,2025-12-30T12:16:07,test
txn_002848,2025-12-30T12:21:46,test
txn_002931,2025-12-31T02:21:02,test
txn_003171,2025-12-31T03:38:39,test
txn_000604,2025-12-31T04:01:56,test
txn_003782,2025-12-31T04:35:30,test
txn_003359,2025-12-31T09:04:45,test
txn_000277,2025-12-31T11:30:17,test
txn_003857,2025-12-31T16:10:24,test
txn_003259,2025-12-31T19:22:28,test
txn_003958,2025-12-31T22:15:57,test
