account_id,payment_token_id,edge_timestamp
acct_000615,token_001102,2025-04-04T13:59:10
acct_001086,token_000498,2025-03-20T23:14:08
acct_000081,token_001204,2025-03-26T06:44:26
acct_000241,token_000497,2025-10-01T07:35:55
acct_001019,token_000962,2025-12-22T02:10:40
acct_000856,token_000402,2025-03-31T07:55:44
acct_001005,token_000722,2025-02-24T08:30:28
acct_000153,token_000014,2025-02-23T09:30:50
acct_000990,token_000014,2025-08-03T05:41:26
acct_000882,token_000198,2025-02-27T19:49:30
acct_000941,token_000463,2025-09-23T15:43:48
acct_000889,token_000196,2025-12-23T23:07:10
acct_000033,token_000296,2025-12-27T17:44:31
acct_000110,token_000476,2025-05-13T06:33:16
acct_000923,token_000729,2025-05-26T19:13:59
acct_000169,token_000779,2025-10-15T06:05:13
acct_000272,token_000883,2025-08-05T07:28:36
acct_000789,token_000848,2025-10-30T14:22:56
acct_000343,token_000863,2025-07-08T01:21:46
acct_000014,token_000779,2025-06-20T23:10:30
acct_000412,token_000364,2025-05-04T22:34:43
acct_000805,token_001155,2025-08-18T23:57:21
acct_000518,token_000867,2025-01-29T17:24:18
acct_000737,token_000175,2025-10-26T15:10:16
acct_000882,token_000202,2025-03-28T05:12:00
acct_001025,token_000051,2025-02-10T14:28:14
acct_000927,token_000615,2025-11-11T15:28:48
acct_000874,token_000830,2025-03-14T09:15:07
acct_000440,token_000129,2025-02-09T12:23:52
acct_001081,token_000796,2025-06-02T10:46:31
acct_000275,token_000489,2025-02-15T10:02:34
acct_000997,token_000355,2025-03-06T19:17:57
acct_000993,token_000787,2025-07-16T07:01:25
acct_000452,token_000563,2025-07-28T18:52:31
acct_001113,token_000086,2025-08-01T04:22:53
acct_000241,token_001205,2025-12-01T09:33:19
acct_001091,token_001104,2025-05-06T16:40:13
acct_000843,token_000260,2025-04-07T23:09:38
acct_000551,token_000926,2025-09-04T01:50:19
acct_000006,token_000939,2025-11-27T03:33:52
acct_000692,token_000268,2025-11-28T01:09:15
acct_000034,token_000324,2025-06-27T07:03:26
acct_000192,token_000169,2025-09-16T01:40:15
acct_000195,token_000977,2025-02-21T12:51:06
acct_000865,token_000146,2025-05-29T18:28:13
acct_000337,token_000437,2025-12-24T06:02:04
acct_000787,token_000880,2025-11-04T05:22:08
acct_000618,token_001044,2025-10-18T10:24:28
acct_000146,token_000025,2025-12-29T16:48:22
acct_000150,token_000139,2025-04-12T19:44:38
acct_001099,token_000313,2025-02-02T11:10:52
acct_000136,token_000896,2025-01-23T11:43:21
acct_000024,token_000711,2025-07-20T20:51:58
acct_001047,token_001024,2025-03-06T19:26:50
acct_000091,token_000095,2025-05-22T08:30:24
acct_000656,token_000160,2025-05-25T18:49:26
acct_000953,token_000637,2025-02-03T13:10:17
acct_001011,token_001120,2025-02-28T11:22:49
acct_000488,token_000123,2025-10-04T09:04:54
acct_000174,token_000274,2025-01-30T01:28:14
acct_000805,token_000928,2025-04-01T17:24:52
acct_000644,token_001098,2025-10-27T04:03:32
acct_000083,token_000672,2025-02-05T10:09:57
acct_000512,token_000209,2025-02-17T04:01:35
acct_000133,token_000909,2025-02-05T17:18:10
acct_000061,token_000874,2025-05-18T10:59:24
acct_000605,token_001128,2025-01-24T16:21:58
acct_000040,token_000736,2025-07-31T11:16:25
acct_000449,token_000576,2025-11-11T01:12:01
acct_000796,token_000356,2025-04-02T20:48:58
acct_000292,token_000386,2025-07-30T12:58:03
acct_000680,token_000268,2025-10-06T10:20:35
acct_000811,token_000619,2025-02-22T23:49:18
acct_000360,token_000604,2025-03-11T00:21:40
acct_000453,token_001017,2025-05-09T14:42:48
acct_000512,token_000526,2025-10-07T18:44:28
acct_000769,token_000982,2025-09-10T19:28:33
acct_000215,token_000349,2025-03-04T11:44:18
acct_000338,token_000110,2025-05-09T14:01:30
acct_000197,token_001171,2025-11-23T04:00:40
acct_000632,token_001002,2025-02-05T09:27:26
acct_000953,token_000551,2025-01-24T22:31:14
acct_000125,token_001071,2025-07-27T23:21:21
acct_000355,token_000395,2025-01-17T13:46:05
acct_000668,token_000939,2025-11-02T11:10:59
acct_000206,token_000207,2025-12-03T21:27:19
acct_000353,token_000295,2025-08-25T09:04:41
acct_000551,token_000692,2025-05-01T18:15:27
acct_000658,token_000854,2025-09-08T17:00:25
acct_000326,token_001038,2025-02-22T16:20:52
acct_000935,token_000739,2025-04-17T09:39:19
acct_000914,token_000972,2025-08-03T02:48:09
acct_000334,token_000454,2025-09-21T04:34:39
acct_000355,token_000517,2025-11-09T15:56:28
acct_001067,token_000210,2025-07-18T15:39:12
acct_000567,token_000568,2025-09-12T19:28:40
acct_000053,token_000532,2025-06-07T03:08:06
acct_001095,token_000735,2025-04-27T14:01:06
acct_000183,token_000458,2025-06-13T07:05:18
acct_000146,token_000399,2025-02-16T12:45:55
acct_000938,token_000370,2025-07-09T08:34:58
acct_000181,token_000889,2025-06-06T15:53:59
acct_001088,token_000009,2025-03-29T20:56:57
acct_000611,token_001066,2025-07-23T13:07:49
acct_000827,token_000460,2025-03-24T00:26:08
acct_001096,token_000099,2025-09-11T19:41:30
acct_000020,token_000207,2025-04-15T20:22:09
acct_001020,token_000410,2025-11-19T22:07:50
acct_000985,token_000006,2025-09-18T20:04:28
acct_000936,token_000951,2025-02-08T18:17:11
acct_000020,token_000350,2025-05-19T20:23:48
acct_000557,token_000980,2025-09-09T23:41:15
acct_000989,token_000898,2025-08-26T09:56:41
acct_000843,token_000130,2025-09-12T08:47:46
acct_000693,token_000196,2025-09-14T23:36:52
acct_000112,token_000322,2025-11-26T15:48:51
acct_000104,token_001128,2025-06-06T14:48:50
acct_000037,token_000845,2025-08-05T08:50:14
acct_000935,token_000112,2025-11-24T21:36:32
acct_000455,token_000728,2025-08-01T16:50:46
acct_000839,token_000402,2025-02-16T21:25:56
acct_000253,token_001207,2025-02-22T06:53:54
acct_000263,token_000660,2025-12-09T07:09:19
acct_000643,token_000446,2025-03-23T10:39:50
acct_000661,token_000722,2025-07-06T13:22:19
acct_000027,token_000052,2025-02-26T10:32:35
acct_001109,token_000927,2025-08-28T06:33:01
acct_000782,token_000641,2025-01-21T21:28:22
acct_000403,token_000920,2025-09-23T02:50:30
acct_000523,token_000956,2025-01-16T12:16:23
acct_000734,token_000651,2025-03-27T10:11:40
acct_000437,token_000739,2025-03-26T20:03:27
acct_000500,token_000658,2025-12-22T17:06:32
acct_000768,token_001042,2025-07-09T01:20:55
acct_000437,token_000213,2025-07-28T20:13:57
acct_000180,token_000365,2025-08-05T17:43:18
acct_001096,token_000130,2025-01-18T16:14:52
acct_000897,token_000064,2025-03-02T17:02:25
acct_000765,token_001137,2025-02-17T20:38:05
acct_000705,token_001050,2025-03-04T12:12:12
acct_000945,token_000596,2025-04-08T08:34:40
acct_000397,token_000923,2025-08-28T08:43:40
acct_000642,token_000454,2025-04-18T10:50:34
acct_000998,token_000360,2025-02-01T20:03:00
acct_001039,token_001192,2025-06-07T08:07:36
acct_000804,token_001208,2025-02-21T23:51:49
acct_000340,token_000914,2025-03-11T13:45:14
acct_000475,token_000757,2025-01-17T15:00:12
acct_000540,token_000357,2025-09-11T20:41:43
acct_001058,token_000707,2025-11-04T20:06:10
acct_000576,token_000383,2025-05-21T16:09:45
acct_000432,token_000842,2025-04-05T15:10:18
acct_000341,token_000369,2025-06-07T11:07:36
acct_000966,token_000450,2025-08-22T08:13:21
acct_000929,token_000775,2025-02-21T08:18:58
acct_000080,token_000241,2025-07-07T06:48:40
acct_000089,token_000470,2025-11-03T15:11:29
acct_000477,token_001226,2025-06-08T16:51:48
acct_000873,token_001098,2025-08-08T07:06:29
acct_000367,token_001137,2025-04-09T13:22:44
acct_000332,token_001042,2025-11-02T06:48:25
acct_000187,token_000892,2025-01-25T21:16:23
acct_000118,token_001013,2025-01-05T03:49:41
acct_000475,token_000074,2025-04-03T22:02:00
acct_000141,token_000583,2025-12-22T08:30:06
acct_000010,token_000834,2025-02-11T08:19:31
acct_000513,token_000773,2025-07-07T19:45:26
acct_000784,token_000471,2025-06-10T04:05:19
acct_000701,token_000366,2025-05-02T21:30:22
acct_000496,token_000470,2025-11-21T06:12:33
acct_000014,token_000087,2025-05-25T03:48:08
acct_001047,token_000455,2025-02-19T19:20:20
acct_001062,token_000018,2025-09-19T19:05:45
acct_000966,token_000377,2025-06-14T15:26:02
acct_000469,token_000553,2025-08-04T16:08:39
acct_001024,token_001059,2025-10-07T20:06:32
acct_000123,token_000521,2025-11-22T19:46:59
acct_000720,token_001180,2025-03-09T18:49:11
acct_000587,token_000297,2025-09-06T18:38:39
acct_000643,token_000597,2025-08-24T02:35:48
acct_000048,token_000481,2025-10-16T21:25:14
acct_000111,token_000814,2025-10-25T02:16:58
acct_000259,token_000350,2025-01-14T15:40:05
acct_001105,token_001224,2025-09-03T01:47:21
acct_000905,token_000845,2025-03-02T11:23:33
acct_000600,token_000015,2025-05-26T02:36:48
acct_000491,token_000557,2025-09-09T20:03:27
acct_000933,token_001008,2025-05-05T12:36:58
acct_000309,token_000445,2025-06-13T04:56:56
acct_000300,token_000804,2025-07-30T22:54:57
acct_000510,token_000908,2025-10-14T11:06:26
acct_000662,token_000087,2025-07-22T07:23:04
acct_000890,token_000343,2025-08-16T01:46:11
acct_000694,token_000729,2025-09-30T08:51:07
acct_000396,token_000774,2025-10-09T07:53:22
acct_000663,token_001227,2025-03-04T06:30:32
acct_000746,token_000130,2025-11-15T02:05:48
acct_000227,token_000137,2025-11-21T08:33:58
acct_000146,token_000428,2025-12-27T13:20:59
acct_000623,token_000443,2025-02-07T17:13:01
acct_000851,token_001181,2025-09-19T22:43:34
acct_001094,token_000722,2025-08-02T15:07:46
acct_000493,token_000439,2025-10-25T08:55:04
acct_000455,token_000645,2025-10-27T15:06:58
acct_000320,token_000752,2025-04-08T00:50:06
acct_000989,token_001181,2025-08-20T03:57:24
acct_000890,token_000247,2025-10-18T08:52:12
acct_000654,token_000307,2025-07-15T02:43:20
acct_000185,token_000594,2025-02-27T11:34:32
acct_000277,token_000406,2025-06-03T12:38:17
acct_000881,token_001180,2025-02-13T16:51:15
acct_000717,token_000299,2025-01-18T10:17:20
acct_000303,token_000704,2025-04-29T11:54:22
acct_000990,token_000038,2025-08-15T09:59:59
acct_000109,token_000018,2025-05-31T22:26:07
acct_000792,token_001042,2025-12-18T00:41:53
acct_000082,token_001085,2025-05-10T13:05:39
acct_001027,token_000127,2025-12-08T05:51:56
acct_000466,token_001174,2025-06-15T14:56:30
acct_001073,token_000298,2025-12-23T04:06:16
acct_000848,token_000908,2025-03-01T00:20:32
acct_000476,token_000054,2025-01-31T20:45:52
acct_000971,token_000396,2025-01-13T12:24:04
acct_001004,token_000938,2025-06-16T01:06:28
acct_001099,token_000079,2025-02-12T10:54:06
acct_000816,token_000586,2025-03-06T15:46:03
acct_001026,token_001199,2025-02-22T13:08:58
acct_000664,token_000254,2025-02-14T08:05:39
acct_000350,token_000308,2025-12-04T09:58:32
acct_000270,token_000519,2025-06-28T02:51:33
acct_000930,token_000163,2025-08-22T01:21:25
acct_000076,token_000067,2025-11-22T10:51:38
acct_000364,token_001186,2025-12-28T18:01:16
acct_000563,token_000848,2025-03-23T11:54:02
acct_000589,token_000649,2025-07-24T01:00:04
acct_001009,token_000477,2025-03-17T04:04:02
acct_000435,token_000413,2025-04-09T19:20:35
acct_000060,token_000677,2025-12-25T04:16:13
acct_000115,token_001158,2025-08-04T14:37:35
acct_000064,token_001095,2025-08-10T17:56:04
acct_000178,token_000487,2025-06-25T12:04:20
acct_000190,token_000052,2025-12-18T10:47:57
acct_000202,token_000272,2025-10-09T09:29:16
acct_000179,token_000095,2025-07-22T04:08:09
acct_000567,token_000904,2025-04-16T21:19:17
acct_000653,token_000581,2025-04-06T01:56:06
acct_000104,token_000111,2025-06-15T14:56:55
acct_000406,token_000954,2025-02-21T04:25:15
acct_000529,token_000376,2025-11-03T07:57:01
acct_000350,token_000714,2025-08-12T04:23:22
acct_000500,token_000988,2025-01-26T15:43:23
acct_000160,token_001213,2025-06-29T18:37:09
acct_000777,token_000126,2025-03-26T12:17:19
acct_000916,token_000649,2025-08-10T11:21:40
acct_001046,token_000262,2025-01-25T05:42:30
acct_000064,token_001209,2025-08-31T19:25:10
acct_000788,token_000855,2025-04-23T00:44:36
acct_000872,token_001044,2025-08-03T09:28:45
acct_000485,token_000842,2025-08-12T19:59:35
acct_000573,token_000161,2025-12-12T14:36:48
acct_000640,token_000704,2025-10-30T08:23:55
acct_000604,token_000073,2025-10-19T01:08:59
acct_000598,token_000993,2025-02-19T06:03:37
acct_000229,token_001212,2025-09-13T23:46:33
acct_000068,token_000298,2025-12-29T16:58:08
acct_000707,token_000542,2025-01-21T09:33:06
acct_000972,token_001087,2025-01-05T14:34:17
acct_000725,token_000559,2025-04-15T23:37:19
acct_000400,token_000369,2025-08-01T16:07:08
acct_000396,token_000189,2025-12-31T11:30:17
acct_000770,token_000379,2025-09-28T03:57:42
acct_000663,token_000152,2025-10-29T19:09:08
acct_000411,token_001008,2025-02-25T20:59:23
acct_000514,token_001020,2025-09-11T13:08:45
acct_001005,token_000828,2025-07-29T18:21:52
acct_000736,token_000621,2025-01-22T10:27:05
acct_000081,token_000392,2025-09-28T06:05:34
acct_000396,token_001215,2025-07-09T23:58:40
acct_001072,token_001099,2025-10-15T19:06:02
acct_000094,token_000268,2025-03-08T21:28:37
acct_000218,token_001219,2025-03-27T15:53:05
acct_000282,token_000437,2025-08-19T07:57:18
acct_000084,token_000771,2025-01-07T01:41:06
acct_001072,token_000490,2025-08-26T02:37:35
acct_001106,token_000951,2025-04-18T08:28:57
acct_000891,token_000929,2025-02-10T13:16:30
acct_000668,token_000226,2025-03-30T11:04:57
acct_000443,token_000794,2025-02-22T23:22:59
acct_000123,token_000228,2025-06-28T02:15:55
acct_000349,token_000471,2025-06-09T21:17:10
acct_000506,token_000890,2025-03-28T08:58:47
acct_000964,token_000872,2025-06-03T03:19:48
acct_000833,token_000735,2025-04-03T20:13:22
acct_000050,token_000284,2025-03-13T19:49:09
acct_001088,token_000873,2025-09-29T02:20:38
acct_000113,token_000746,2025-02-13T02:16:59
acct_000284,token_001106,2025-09-10T01:28:34
acct_000657,token_000548,2025-09-22T04:10:21
acct_001092,token_000754,2025-03-15T03:34:57
acct_000338,token_000304,2025-02-28T10:44:37
acct_000044,token_000129,2025-12-05T13:42:22
acct_001086,token_000938,2025-08-09T07:10:07
acct_000341,token_001097,2025-03-12T18:58:38
acct_000903,token_000378,2025-08-07T10:45:39
acct_000052,token_001023,2025-06-27T21:14:56
acct_000302,token_000906,2025-09-25T15:18:55
acct_000452,token_000190,2025-01-22T08:57:02
acct_000913,token_000808,2025-07-10T11:28:06
acct_000758,token_000025,2025-05-14T22:53:21
acct_000869,token_001203,2025-02-03T10:18:17
acct_000770,token_000839,2025-06-10T23:33:02
acct_001005,token_000619,2025-04-29T00:41:14
acct_000968,token_000590,2025-03-11T15:52:15
acct_000741,token_000894,2025-09-01T21:20:50
acct_000945,token_000335,2025-04-16T21:28:18
acct_000376,token_000343,2025-05-06T06:54:49
acct_000295,token_001062,2025-05-25T20:44:39
acct_000386,token_001077,2025-10-04T17:25:14
acct_000983,token_000743,2025-11-14T07:21:09
acct_000292,token_000257,2025-02-20T13:43:19
acct_000088,token_000068,2025-08-19T08:48:09
acct_000410,token_000720,2025-02-05T06:07:28
acct_000029,token_000393,2025-03-08T17:02:40
acct_000901,token_000727,2025-06-14T16:49:21
acct_001016,token_000591,2025-10-08T10:48:02
acct_000463,token_000596,2025-03-15T07:36:12
acct_000209,token_000745,2025-05-12T12:16:32
acct_000820,token_000829,2025-07-18T14:43:43
acct_000061,token_000109,2025-07-13T10:57:13
acct_001065,token_000955,2025-04-25T00:12:17
acct_000771,token_000074,2025-03-10T16:32:24
acct_000797,token_000225,2025-09-20T03:41:06
acct_001014,token_000723,2025-05-05T11:06:57
acct_000780,token_000707,2025-06-09T23:27:43
acct_000625,token_000348,2025-07-29T02:24:30
acct_000046,token_001169,2025-05-06T05:11:05
acct_000696,token_000614,2025-06-19T07:43:54
acct_000824,token_000189,2025-02-06T18:58:52
acct_000619,token_000615,2025-09-15T15:51:52
acct_000039,token_000383,2025-07-13T20:54:54
acct_000123,token_000747,2025-02-27T09:04:15
acct_000132,token_000845,2025-11-16T21:32:24
acct_000503,token_000995,2025-06-19T09:03:12
acct_000361,token_000996,2025-01-22T11:41:15
acct_000288,token_001170,2025-12-29T07:35:19
acct_000251,token_001197,2025-11-09T22:59:17
acct_000837,token_001208,2025-07-10T10:28:23
acct_000297,token_000754,2025-01-09T04:25:33
acct_000491,token_000788,2025-09-06T03:26:12
acct_000805,token_000185,2025-04-26T12:10:56
acct_000165,token_000846,2025-10-06T14:31:20
acct_000670,token_000057,2025-09-07T02:01:39
acct_000169,token_000512,2025-10-05T02:53:52
acct_000671,token_000173,2025-05-23T18:16:34
acct_000533,token_000754,2025-08-09T07:05:13
acct_000546,token_001013,2025-02-20T13:32:44
acct_000299,token_000537,2025-08-28T21:11:49
acct_000663,token_000435,2025-10-03T03:15:43
acct_000726,token_000520,2025-08-29T15:37:48
acct_000695,token_000184,2025-10-03T20:03:42
acct_000739,token_000540,2025-11-19T04:19:53
acct_000310,token_000902,2025-03-15T08:51:41
acct_001014,token_000731,2025-07-08T10:23:14
acct_000370,token_001042,2025-08-07T17:50:46
acct_001021,token_000674,2025-04-21T09:41:35
acct_000983,token_000552,2025-09-13T13:03:47
acct_000580,token_000114,2025-08-01T11:51:56
acct_000334,token_000825,2025-09-09T08:02:34
acct_000736,token_000753,2025-03-19T14:56:06
acct_000755,token_000873,2025-01-16T16:54:37
acct_001075,token_000959,2025-01-31T18:02:24
acct_000098,token_000093,2025-02-11T19:12:16
acct_001032,token_000948,2025-11-02T07:42:05
acct_000922,token_000384,2025-03-13T21:08:22
acct_000978,token_000830,2025-10-09T21:59:04
acct_000277,token_000230,2025-09-28T07:29:33
acct_000304,token_000045,2025-03-06T12:12:55
acct_000803,token_000017,2025-09-02T19:50:45
acct_001052,token_000125,2025-01-08T09:16:33
acct_000711,token_000894,2025-03-04T15:44:11
acct_000960,token_000601,2025-06-11T21:25:36
acct_000177,token_000355,2025-03-02T16:57:10
acct_000038,token_000535,2025-09-20T21:25:29
acct_000728,token_001141,2025-12-15T02:17:11
acct_000937,token_000209,2025-01-17T07:11:00
acct_001037,token_000204,2025-09-09T07:20:37
acct_000850,token_000503,2025-10-20T12:23:28
acct_001058,token_000061,2025-02-26T12:56:38
acct_000337,token_000806,2025-09-14T09:17:16
acct_000421,token_000906,2025-12-11T17:43:46
acct_000259,token_000582,2025-02-06T01:08:27
acct_000530,token_000623,2025-07-16T05:30:01
acct_000011,token_000484,2025-08-08T15:44:53
acct_000508,token_001058,2025-03-16T18:44:42
acct_000267,token_000914,2025-05-24T10:04:17
acct_000902,token_000854,2025-02-26T01:24:14
acct_000067,token_001145,2025-12-24T22:50:31
acct_000767,token_000996,2025-11-04T06:33:10
acct_000251,token_000139,2025-06-12T04:04:57
acct_000272,token_000944,2025-09-17T02:56:53
acct_000695,token_000908,2025-09-08T20:22:42
acct_001110,token_001168,2025-03-15T13:17:50
acct_000422,token_001187,2025-02-02T20:58:33
acct_000050,token_000783,2025-02-05T08:24:55
acct_000121,token_000056,2025-04-26T17:47:17
acct_000107,token_001223,2025-04-02T20:15:25
acct_000135,token_000835,2025-12-21T20:37:42
acct_000172,token_000292,2025-07-29T21:15:48
acct_000593,token_000124,2025-04-17T03:22:04
acct_000144,token_000810,2025-11-19T12:48:12
acct_000536,token_000504,2025-05-13T16:13:14
acct_000159,token_000912,2025-05-18T02:08:57
acct_000396,token_000454,2025-10-22T12:59:45
acct_000076,token_000429,2025-03-18T03:39:40
acct_000360,token_000263,2025-02-19T11:44:31
acct_000875,token_000662,2025-11-24T21:50:01
acct_001091,token_000011,2025-03-17T13:52:45
acct_000404,token_000637,2025-09-01T02:41:36
acct_000970,token_000698,2025-11-16T02:10:55
acct_000256,token_000069,2025-05-02T15:58:33
acct_000197,token_000022,2025-05-30T02:23:38
acct_000395,token_000026,2025-10-05T00:25:56
acct_000381,token_000091,2025-02-19T14:04:15
acct_000703,token_000017,2025-08-16T18:00:58
acct_000411,token_000141,2025-03-15T12:55:18
acct_000333,token_000087,2025-03-27T05:00:39
acct_000679,token_000820,2025-11-17T19:39:50
acct_000738,token_000408,2025-04-21T08:00:43
acct_000208,token_000282,2025-09-12T07:49:23
acct_000351,token_000889,2025-02-16T00:26:16
acct_000095,token_001097,2025-11-03T15:29:29
acct_000964,token_001042,2025-10-19T18:41:54
acct_000550,token_001196,2025-03-22T11:14:24
acct_000322,token_001128,2025-02-22T04:02:57
acct_000873,token_000886,2025-05-23T17:27:34
acct_000169,token_001028,2025-08-01T07:09:53
acct_000684,token_000675,2025-04-28T13:30:49
acct_001113,token_000614,2025-11-16T08:28:26
acct_000176,token_000385,2025-10-27T02:08:30
acct_000263,token_000020,2025-11-11T17:29:18
acct_000614,token_000048,2025-11-02T00:03:55
acct_001095,token_000973,2025-05-08T17:01:25
acct_001001,token_000408,2025-12-20T22:21:14
acct_000023,token_000842,2025-03-02T23:40:35
acct_000973,token_001178,2025-08-17T03:49:18
acct_000506,token_001166,2025-06-28T17:25:02
acct_000610,token_000359,2025-04-07T18:06:17
acct_000090,token_000324,2025-12-09T18:00:59
acct_000249,token_000216,2025-10-25T16:39:43
acct_000946,token_000818,2025-06-04T01:16:21
acct_000497,token_000965,2025-11-23T19:55:52
acct_000560,token_000734,2025-03-26T03:32:00
acct_000108,token_000773,2025-12-27T17:14:06
acct_001050,token_000670,2025-08-07T06:43:26
acct_000663,token_000824,2025-01-05T15:40:28
acct_000842,token_001227,2025-02-09T12:58:17
acct_000796,token_000360,2025-11-27T17:03:37
acct_000477,token_000028,2025-01-09T05:43:22
acct_000768,token_000414,2025-05-26T22:13:28
acct_000082,token_000850,2025-10-19T11:38:29
acct_000456,token_000659,2025-06-21T19:06:08
acct_000419,token_000356,2025-08-02T03:37:32
acct_000510,token_001181,2025-09-04T20:15:23
acct_000888,token_000988,2025-10-23T21:41:44
acct_000780,token_000929,2025-05-26T16:37:20
acct_000027,token_000767,2025-06-07T02:43:41
acct_000523,token_001001,2025-09-28T11:26:05
acct_000058,token_000933,2025-04-09T18:08:10
acct_000788,token_001201,2025-07-21T09:06:55
acct_000183,token_001173,2025-11-13T05:09:18
acct_000856,token_000591,2025-03-08T06:25:35
acct_000381,token_000375,2025-04-11T17:20:06
acct_000567,token_000061,2025-04-02T04:18:33
acct_000086,token_001070,2025-05-26T21:27:32
acct_000740,token_000118,2025-12-06T01:40:17
acct_001087,token_000510,2025-06-25T12:10:54
acct_000660,token_000738,2025-11-10T14:59:03
acct_000976,token_000789,2025-08-24T19:16:12
acct_000618,token_000957,2025-12-15T03:08:00
acct_000184,token_000060,2025-12-27T18:56:23
acct_001008,token_000682,2025-12-28T20:49:07
acct_000895,token_000531,2025-04-24T00:05:51
acct_000748,token_001210,2025-02-11T09:27:10
acct_000581,token_000071,2025-05-05T07:54:54
acct_000313,token_000461,2025-12-25T12:27:17
acct_000692,token_000970,2025-10-22T06:24:29
acct_000200,token_001189,2025-11-27T00:48:02
acct_000297,token_000401,2025-05-21T16:11:20
acct_000345,token_000729,2025-03-11T18:17:59
acct_001001,token_001221,2025-09-11T12:30:31
acct_000564,token_000024,2025-02-15T07:02:54
acct_000983,token_000194,2025-03-12T07:56:33
acct_000807,token_001099,2025-07-09T17:44:22
acct_000369,token_000916,2025-02-17T18:51:55
acct_000745,token_000867,2025-04-07T10:40:09
acct_000722,token_000430,2025-09-15T08:02:16
acct_000736,token_000865,2025-08-02T12:57:37
acct_000294,token_000145,2025-09-03T21:06:16
acct_000889,token_000507,2025-04-15T21:44:58
acct_000561,token_000773,2025-05-28T01:06:33
acct_000578,token_000203,2025-03-08T07:28:52
acct_000020,token_000319,2025-02-25T09:46:55
acct_000938,token_000725,2025-07-15T01:06:57
acct_000641,token_000163,2025-10-11T11:39:19
acct_001091,token_000029,2025-03-15T20:38:36
acct_001073,token_000154,2025-11-22T23:51:30
acct_000512,token_000242,2025-04-27T04:32:27
acct_001056,token_000949,2025-11-26T11:12:42
acct_000382,token_000019,2025-06-17T07:22:57
acct_000374,token_000552,2025-06-20T07:47:16
acct_000407,token_000584,2025-02-21T21:59:27
acct_000545,token_001002,2025-07-12T11:01:29
acct_000044,token_000705,2025-01-06T07:13:02
acct_000996,token_000879,2025-08-28T20:34:18
acct_000879,token_000212,2025-08-26T07:52:08
acct_000300,token_000409,2025-12-02T16:19:37
acct_001045,token_000106,2025-02-12T17:47:11
acct_000002,token_000659,2025-04-21T19:20:48
acct_000199,token_001131,2025-05-09T15:07:01
acct_000787,token_000218,2025-09-02T11:54:42
acct_000154,token_000703,2025-10-09T16:45:29
acct_000518,token_000750,2025-09-02T14:45:50
acct_000265,token_001160,2025-11-05T12:15:17
acct_000800,token_000557,2025-03-13T11:37:21
acct_000550,token_000351,2025-01-18T17:08:20
acct_000510,token_000238,2025-09-09T21:48:51
acct_000604,token_000022,2025-03-27T03:50:02
acct_000528,token_000906,2025-05-06T22:21:01
acct_000889,token_000982,2025-07-12T14:41:35
acct_000578,token_000334,2025-11-14T11:38:41
acct_000825,token_001079,2025-10-10T05:56:14
acct_000549,token_000028,2025-11-04T10:48:45
acct_000981,token_000115,2025-09-26T18:17:29
acct_000851,token_000460,2025-03-30T00:45:55
acct_000231,token_000226,2025-02-09T12:15:02
acct_000089,token_000878,2025-05-11T00:58:22
acct_000213,token_001023,2025-12-29T07:05:20
acct_000980,token_001184,2025-10-10T05:24:25
acct_000848,token_000504,2025-06-12T14:11:26
acct_001080,token_000179,2025-05-21T11:22:34
acct_000863,token_000460,2025-10-18T02:30:05
acct_000152,token_001217,2025-01-12T17:21:05
acct_000287,token_000614,2025-06-09T19:40:03
acct_000066,token_000329,2025-06-03T22:37:44
acct_000322,token_001069,2025-02-18T14:19:38
acct_000642,token_000780,2025-01-22T05:34:36
acct_000688,token_000578,2025-07-30T07:46:43
acct_000067,token_000175,2025-08-08T08:17:16
acct_001025,token_000801,2025-02-20T07:11:05
acct_000049,token_001201,2025-04-23T16:06:31
acct_000289,token_001028,2025-10-11T00:10:07
acct_000883,token_000794,2025-03-23T02:20:57
acct_000179,token_000932,2025-03-07T21:52:58
acct_000906,token_000254,2025-07-09T14:54:13
acct_000643,token_000847,2025-06-24T19:09:50
acct_000770,token_000818,2025-03-28T14:59:19
acct_000222,token_000888,2025-06-05T22:26:31
acct_000319,token_000438,2025-08-09T16:04:08
acct_000867,token_000361,2025-02-25T01:05:34
acct_000532,token_000111,2025-12-14T13:35:59
acct_001097,token_000895,2025-12-21T10:01:41
acct_000297,token_000649,2025-02-28T10:49:12
acct_000200,token_000385,2025-09-28T11:20:52
acct_000030,token_000746,2025-04-28T06:19:35
acct_001111,token_000688,2025-12-26T18:11:49
acct_000896,token_000204,2025-11-09T23:54:10
acct_000434,token_000932,2025-05-28T23:55:17
acct_000459,token_000549,2025-04-30T09:08:41
acct_001063,token_000350,2025-06-17T00:04:26
acct_000356,token_000652,2025-03-03T12:48:06
acct_000533,token_000661,2025-02-06T05:11:39
acct_000162,token_000268,2025-09-04T09:37:30
acct_000775,token_000106,2025-02-02T05:16:28
acct_000370,token_001013,2025-12-21T11:09:31
acct_000431,token_000643,2025-11-11T00:13:24
acct_000711,token_001120,2025-03-03T12:17:08
acct_000443,token_000445,2025-05-08T04:53:29
acct_000957,token_001050,2025-12-25T04:54:26
acct_000639,token_000422,2025-06-18T08:14:55
acct_000723,token_000132,2025-03-06T22:52:26
acct_000661,token_000381,2025-04-06T06:31:51
acct_000659,token_000136,2025-04-21T03:28:35
acct_000892,token_000656,2025-03-18T13:19:18
acct_000670,token_001181,2025-04-21T16:44:11
acct_000081,token_000034,2025-07-02T11:43:24
acct_000612,token_000249,2025-12-31T04:01:56
acct_000893,token_000181,2025-10-09T05:10:29
acct_000227,token_000624,2025-04-13T10:06:54
acct_000246,token_000304,2025-12-11T18:52:51
acct_000660,token_000189,2025-10-25T13:31:12
acct_001013,token_000027,2025-07-01T19:28:40
acct_000930,token_001034,2025-12-22T00:15:54
acct_000630,token_000945,2025-10-17T08:08:44
acct_000173,token_000435,2025-06-04T03:38:13
acct_000866,token_000388,2025-03-10T14:27:06
acct_000450,token_000074,2025-04-14T08:57:39
acct_000550,token_000351,2025-05-16T00:10:31
acct_000977,token_000489,2025-05-03T09:03:40
acct_000043,token_000158,2025-09-21T18:37:48
acct_000596,token_001031,2025-10-21T05:02:23
acct_000940,token_000723,2025-10-03T19:08:39
acct_000043,token_000452,2025-05-19T17:17:35
acct_000774,token_000561,2025-12-16T05:21:02
acct_000566,token_000085,2025-07-21T23:28:32
acct_001022,token_000308,2025-04-23T12:57:42
acct_000580,token_001001,2025-01-02T23:26:40
acct_001029,token_000177,2025-02-25T09:32:26
acct_000866,token_000201,2025-12-24T08:49:51
acct_000278,token_000409,2025-04-29T10:46:10
acct_000197,token_000906,2025-07-15T15:53:51
acct_001049,token_001113,2025-12-07T21:44:16
acct_001061,token_000112,2025-01-22T05:46:24
acct_001047,token_000420,2025-02-25T23:35:35
acct_000014,token_000412,2025-01-27T01:48:33
acct_000991,token_000482,2025-04-12T01:54:23
acct_000411,token_000594,2025-09-17T05:52:55
acct_000854,token_000058,2025-06-27T12:18:56
acct_000286,token_000939,2025-01-04T13:00:18
acct_001051,token_000311,2025-09-12T17:44:32
acct_000807,token_000991,2025-07-03T05:03:00
acct_000713,token_000093,2025-11-27T21:30:22
acct_000485,token_000357,2025-10-21T12:41:45
acct_000061,token_000221,2025-05-27T15:45:24
acct_000413,token_001083,2025-02-03T09:44:55
acct_000836,token_000148,2025-03-13T23:09:42
acct_000283,token_000876,2025-12-06T10:03:18
acct_000594,token_000733,2025-12-05T19:45:13
acct_000228,token_000539,2025-01-13T12:49:20
acct_000676,token_001011,2025-11-09T21:18:53
acct_000166,token_000266,2025-10-08T21:55:19
acct_000107,token_000773,2025-06-16T21:16:05
acct_000119,token_000189,2025-01-04T21:40:10
acct_000579,token_000717,2025-09-12T10:59:24
acct_001014,token_000452,2025-10-04T22:53:21
acct_001109,token_000111,2025-12-16T16:34:22
acct_000625,token_000252,2025-10-09T12:39:28
acct_000174,token_000787,2025-01-08T07:40:49
acct_000625,token_000713,2025-12-20T10:19:05
acct_000889,token_000117,2025-08-03T21:04:31
acct_001063,token_000781,2025-10-17T13:48:40
acct_000809,token_000562,2025-04-15T08:54:24
acct_000542,token_000948,2025-06-20T20:15:06
acct_000644,token_000369,2025-10-25T11:25:17
acct_000102,token_000079,2025-09-23T19:27:21
acct_000528,token_000724,2025-10-06T23:13:16
acct_000668,token_000852,2025-09-07T06:49:14
acct_000768,token_000603,2025-01-13T02:24:29
acct_000067,token_000161,2025-12-30T07:39:30
acct_001066,token_000552,2025-11-21T16:10:05
acct_000237,token_000840,2025-01-31T22:45:55
acct_000257,token_000835,2025-09-16T14:39:45
acct_000304,token_000406,2025-12-07T08:41:35
acct_000070,token_000342,2025-02-21T09:51:00
acct_000601,token_000690,2025-08-25T10:01:50
acct_000376,token_000312,2025-08-19T12:19:03
acct_000199,token_001011,2025-01-19T18:04:34
acct_000366,token_000432,2025-07-21T14:41:19
acct_000591,token_000218,2025-09-16T19:36:41
acct_000053,token_000578,2025-06-15T15:17:31
acct_000539,token_000281,2025-10-12T03:19:14
acct_001051,token_000645,2025-06-18T07:22:20
acct_000504,token_000771,2025-09-19T12:03:17
acct_000182,token_000439,2025-06-18T16:08:40
acct_000481,token_001087,2025-12-07T22:31:28
acct_000606,token_000231,2025-06-12T22:53:59
acct_000712,token_000263,2025-11-23T06:29:37
acct_000838,token_000662,2025-09-20T03:21:14
acct_000696,token_000917,2025-03-27T22:45:32
acct_000044,token_000683,2025-10-25T19:29:09
acct_000811,token_000331,2025-05-09T17:49:25
acct_001028,token_000994,2025-03-02T22:50:17
acct_000553,token_000152,2025-10-08T10:34:47
acct_000802,token_000640,2025-06-15T02:42:37
acct_000772,token_000191,2025-06-07T19:16:36
acct_000807,token_001120,2025-06-25T15:27:54
acct_000172,token_000347,2025-12-02T20:46:42
acct_000477,token_001011,2025-06-09T22:48:00
acct_000429,token_001001,2025-07-14T02:37:04
acct_000159,token_000028,2025-07-21T22:10:58
acct_001075,token_001121,2025-06-05T02:43:50
acct_000419,token_000515,2025-06-29T18:21:21
acct_000021,token_000368,2025-07-02T17:19:00
acct_000321,token_001146,2025-05-14T23:14:11
acct_000522,token_000415,2025-08-19T03:47:49
acct_000785,token_001213,2025-04-18T16:02:26
acct_000301,token_000974,2025-05-06T13:43:38
acct_000790,token_000639,2025-05-04T02:23:32
acct_000905,token_000514,2025-08-05T16:03:08
acct_000869,token_001147,2025-05-29T12:45:41
acct_000193,token_000520,2025-12-24T21:35:55
acct_000063,token_000931,2025-03-09T11:39:46
acct_000314,token_000270,2025-06-12T22:41:59
acct_000398,token_000649,2025-12-18T17:57:59
acct_001028,token_000547,2025-03-09T00:36:39
acct_000007,token_001149,2025-02-15T17:10:45
acct_000177,token_001211,2025-10-25T18:22:20
acct_000392,token_000110,2025-10-02T03:35:42
acct_000605,token_000901,2025-02-05T21:20:34
acct_000350,token_001199,2025-03-02T11:16:06
acct_001032,token_000551,2025-07-19T08:02:45
acct_000662,token_000774,2025-12-17T00:29:27
acct_000384,token_000334,2025-08-01T08:20:28
acct_000765,token_000822,2025-01-16T14:01:44
acct_000341,token_001223,2025-03-19T01:48:04
acct_000290,token_000811,2025-06-28T20:59:19
acct_000767,token_000327,2025-02-08T19:15:39
acct_000197,token_000652,2025-06-05T07:11:05
acct_000056,token_000365,2025-05-24T08:33:53
acct_000385,token_000619,2025-02-06T01:25:40
acct_000535,token_000335,2025-09-22T23:52:03
acct_000026,token_000264,2025-07-16T21:18:24
acct_000871,token_000238,2025-11-10T10:57:03
acct_000869,token_000786,2025-02-28T09:42:37
acct_000249,token_000752,2025-12-12T07:37:37
acct_000731,token_000915,2025-04-26T14:36:35
acct_000194,token_000297,2025-06-17T10:08:53
acct_000079,token_000208,2025-07-19T02:04:44
acct_000239,token_000535,2025-08-28T01:38:06
acct_000895,token_000381,2025-07-14T18:54:24
acct_000849,token_000547,2025-08-21T15:49:30
acct_000944,token_001220,2025-07-30T06:45:13
acct_001022,token_000349,2025-04-10T07:13:39
acct_001085,token_000598,2025-06-25T08:16:38
acct_000048,token_001006,2025-05-26T17:54:12
acct_000326,token_000837,2025-10-19T18:26:44
acct_000462,token_000951,2025-11-17T20:10:05
acct_000202,token_000857,2025-06-09T08:12:55
acct_000512,token_000967,2025-05-24T19:24:29
acct_000359,token_000410,2025-02-21T12:23:17
acct_001025,token_000679,2025-04-06T02:17:34
acct_000790,token_000855,2025-12-10T01:29:03
acct_000123,token_000816,2025-05-22T02:53:03
acct_000229,token_000846,2025-02-25T03:04:14
acct_000702,token_000911,2025-11-02T18:51:25
acct_000325,token_000625,2025-10-04T22:22:35
acct_000527,token_000434,2025-04-28T15:45:35
acct_000705,token_001027,2025-07-23T05:51:29
acct_000030,token_000461,2025-03-22T04:03:36
acct_000025,token_000468,2025-05-22T04:37:40
acct_001102,token_000115,2025-08-09T02:02:49
acct_000364,token_000545,2025-04-18T18:16:08
acct_000978,token_001100,2025-05-04T19:58:30
acct_000441,token_001166,2025-08-14T21:57:47
acct_000935,token_000834,2025-04-16T03:30:34
acct_000699,token_001150,2025-04-30T22:15:43
acct_000964,token_000367,2025-10-23T07:47:38
acct_000475,token_001028,2025-05-05T06:45:50
acct_000321,token_000812,2025-11-28T00:32:44
acct_000539,token_000622,2025-02-26T07:22:20
acct_000855,token_000828,2025-06-08T18:10:41
acct_000604,token_000660,2025-11-04T03:54:30
acct_000498,token_000983,2025-07-02T11:31:19
acct_000122,token_000702,2025-07-28T21:33:05
acct_000311,token_000613,2025-03-19T16:04:55
acct_000045,token_000140,2025-11-28T10:34:30
acct_000683,token_000531,2025-08-23T10:07:01
acct_000034,token_000066,2025-12-06T01:42:13
acct_000231,token_001052,2025-08-11T21:22:15
acct_000312,token_000373,2025-05-12T23:15:22
acct_000799,token_000462,2025-06-15T21:19:23
acct_000727,token_000304,2025-04-30T19:15:27
acct_000472,token_000621,2025-06-14T18:36:36
acct_001058,token_000430,2025-07-09T22:49:15
acct_000523,token_000936,2025-01-03T19:37:37
acct_000616,token_000173,2025-12-07T04:22:10
acct_000019,token_000319,2025-09-27T22:31:26
acct_000323,token_000358,2025-02-28T18:58:06
acct_000827,token_000544,2025-05-05T16:36:53
acct_001076,token_000206,2025-05-16T09:48:23
acct_000002,token_000962,2025-02-19T18:53:51
acct_000402,token_001055,2025-11-09T19:18:52
acct_000464,token_000617,2025-10-03T21:58:17
acct_000071,token_000099,2025-03-12T17:58:13
acct_000831,token_000929,2025-04-13T01:31:00
acct_000523,token_000999,2025-06-27T05:10:24
acct_000053,token_000194,2025-06-27T15:35:19
acct_000170,token_000815,2025-03-17T16:23:40
acct_000097,token_001105,2025-09-27T09:42:13
acct_000464,token_000869,2025-04-19T03:04:31
acct_000615,token_000515,2025-09-17T11:19:52
acct_000859,token_000397,2025-11-21T00:30:36
acct_000311,token_000292,2025-10-23T09:09:44
acct_000256,token_000931,2025-01-28T08:12:03
acct_000998,token_001071,2025-02-04T09:33:35
acct_000574,token_000516,2025-05-08T16:54:52
acct_000889,token_001000,2025-08-24T14:18:01
acct_000202,token_000489,2025-08-14T07:07:46
acct_001071,token_000817,2025-09-17T20:10:08
acct_000059,token_000520,2025-11-14T19:44:47
acct_000539,token_001144,2025-09-09T18:28:19
acct_001103,token_000627,2025-12-22T00:41:39
acct_000995,token_000897,2025-10-21T02:58:27
acct_000607,token_000365,2025-08-29T04:34:02
acct_000697,token_000813,2025-12-24T18:44:59
acct_000084,token_000318,2025-01-11T05:41:07
acct_000026,token_000043,2025-07-07T16:26:00
acct_000819,token_000536,2025-11-09T00:28:25
acct_000276,token_000506,2025-08-13T20:17:02
acct_000459,token_001177,2025-06-28T17:44:13
acct_000118,token_000303,2025-09-22T20:45:57
acct_000274,token_000926,2025-07-29T02:12:41
acct_000645,token_000109,2025-08-17T03:24:33
acct_000368,token_001014,2025-05-09T20:30:28
acct_000197,token_000364,2025-12-08T09:28:31
acct_000696,token_000193,2025-04-11T02:34:13
acct_000768,token_000354,2025-09-05T04:26:23
acct_000903,token_000305,2025-01-12T18:48:17
acct_000370,token_000205,2025-03-17T00:22:43
acct_000491,token_000828,2025-05-20T03:47:51
acct_000657,token_001178,2025-07-22T14:20:35
acct_000874,token_000773,2025-07-10T11:28:06
acct_000183,token_001204,2025-07-30T19:08:30
acct_001102,token_000889,2025-07-23T11:53:20
acct_000454,token_000417,2025-03-22T06:55:40
acct_000468,token_000824,2025-03-02T13:21:48
acct_000559,token_000021,2025-11-16T20:05:17
acct_000810,token_000920,2025-09-15T11:15:47
acct_000526,token_001099,2025-04-21T13:38:28
acct_000261,token_000961,2025-02-12T11:09:32
acct_000293,token_000085,2025-10-25T19:00:08
acct_000411,token_000779,2025-04-24T07:49:31
acct_000504,token_001141,2025-02-25T16:14:39
acct_000659,token_000294,2025-09-23T18:17:35
acct_000073,token_000152,2025-09-09T23:50:16
acct_001005,token_000932,2025-12-24T01:40:34
acct_000796,token_000329,2025-10-15T09:21:06
acct_000427,token_000856,2025-10-12T20:14:34
acct_000504,token_000392,2025-03-17T13:49:17
acct_000290,token_001112,2025-04-27T15:11:16
acct_000885,token_000908,2025-09-27T12:15:56
acct_000406,token_000649,2025-04-06T10:04:32
acct_000176,token_000109,2025-11-28T02:48:59
acct_000915,token_000359,2025-04-28T18:24:22
acct_000840,token_001132,2025-09-29T19:11:32
acct_000977,token_000041,2025-09-25T05:45:25
acct_000705,token_000758,2025-03-10T19:57:15
acct_000171,token_001014,2025-08-30T12:10:32
acct_000049,token_000342,2025-09-10T04:53:39
acct_000939,token_001130,2025-02-20T17:44:41
acct_001050,token_000701,2025-05-15T11:10:56
acct_000653,token_000233,2025-11-11T20:47:06
acct_000944,token_000217,2025-02-17T08:55:15
acct_000793,token_001085,2025-07-04T21:03:09
acct_000126,token_001040,2025-01-31T21:32:13
acct_000156,token_000659,2025-03-05T01:53:50
acct_000707,token_000015,2025-04-20T07:17:45
acct_000914,token_000181,2025-08-17T09:50:57
acct_000759,token_001002,2025-08-01T00:18:51
acct_000826,token_000952,2025-03-01T07:07:33
acct_000802,token_000555,2025-03-18T19:13:26
acct_001023,token_000328,2025-09-16T13:36:18
acct_000444,token_000027,2025-09-03T06:05:12
acct_000699,token_000263,2025-08-08T13:14:09
acct_000976,token_000698,2025-11-05T06:55:12
acct_000511,token_000963,2025-05-02T17:39:33
acct_000545,token_000798,2025-11-04T07:16:43
acct_000671,token_000989,2025-02-26T17:56:20
acct_000247,token_000125,2025-07-23T07:23:38
acct_000607,token_000864,2025-05-24T03:53:45
acct_000221,token_000566,2025-10-02T07:09:45
acct_000978,token_000646,2025-08-02T15:33:23
acct_000081,token_000271,2025-01-25T19:23:06
acct_000143,token_001117,2025-07-23T18:21:57
acct_000535,token_000116,2025-01-10T09:47:42
acct_000811,token_000594,2025-01-10T03:09:29
acct_000015,token_000166,2025-12-09T09:32:42
acct_000577,token_000767,2025-05-31T20:20:05
acct_000585,token_000913,2025-09-10T23:34:06
acct_000422,token_001168,2025-11-20T11:28:02
acct_000517,token_000049,2025-01-05T19:12:24
acct_000339,token_001149,2025-04-21T19:35:04
acct_000023,token_000001,2025-06-22T20:15:56
acct_000764,token_000856,2025-04-26T12:37:14
acct_000063,token_000030,2025-02-03T10:27:57
acct_000983,token_000314,2025-01-26T07:18:51
acct_000416,token_000557,2025-04-02T04:40:01
acct_000475,token_000746,2025-08-21T06:13:17
acct_000657,token_000357,2025-06-06T00:51:12
acct_000519,token_000735,2025-06-25T01:28:09
acct_000422,token_000859,2025-07-14T17:14:03
acct_000686,token_000667,2025-08-01T23:55:51
acct_000218,token_000930,2025-11-21T00:41:56
acct_000628,token_000832,2025-11-17T11:43:09
acct_000147,token_000927,2025-06-13T20:33:22
acct_001007,token_000655,2025-01-13T01:19:00
acct_000719,token_000779,2025-07-09T07:20:54
acct_000193,token_000691,2025-08-23T10:02:28
acct_000058,token_000142,2025-03-12T09:12:59
acct_001059,token_000926,2025-11-28T11:42:35
acct_000988,token_000012,2025-10-29T06:25:18
acct_001011,token_000911,2025-02-09T10:24:00
acct_000043,token_000755,2025-02-11T07:02:59
acct_000733,token_001039,2025-12-19T02:16:32
acct_000380,token_001147,2025-04-01T04:42:39
acct_000231,token_000545,2025-07-26T00:47:53
acct_000146,token_000261,2025-02-26T11:15:02
acct_000462,token_000123,2025-01-17T15:56:23
acct_001044,token_000323,2025-08-21T14:53:15
acct_000299,token_000569,2025-04-20T01:33:27
acct_000963,token_000791,2025-09-28T00:11:44
acct_001003,token_001059,2025-09-03T04:45:23
acct_000687,token_000843,2025-04-13T11:49:15
acct_001112,token_000419,2025-08-14T22:17:38
acct_000691,token_001018,2025-04-06T09:28:23
acct_000518,token_000772,2025-06-02T15:46:48
acct_001003,token_000896,2025-05-02T14:41:41
acct_001097,token_000197,2025-03-21T13:44:19
acct_000485,token_001134,2025-05-04T00:01:25
acct_000553,token_000196,2025-11-25T07:32:01
acct_000476,token_000168,2025-10-04T16:16:56
acct_000421,token_001074,2025-05-06T02:00:12
acct_000774,token_000828,2025-03-26T15:14:22
acct_000050,token_000133,2025-10-04T22:17:27
acct_000869,token_000523,2025-03-30T18:18:14
acct_000747,token_000469,2025-10-02T14:41:31
acct_000893,token_000381,2025-06-09T00:29:04
acct_000361,token_000964,2025-12-14T13:16:39
acct_000383,token_000018,2025-11-29T04:58:27
acct_000961,token_000271,2025-12-01T15:31:01
acct_000509,token_000087,2025-05-27T13:51:24
acct_001076,token_001065,2025-11-02T09:38:12
acct_000259,token_000151,2025-05-23T17:21:36
acct_000407,token_000892,2025-06-24T17:44:55
acct_000518,token_000956,2025-05-25T07:15:23
acct_000606,token_000718,2025-12-20T04:08:53
acct_000083,token_000722,2025-03-17T03:21:28
acct_001068,token_000919,2025-05-10T17:29:13
acct_000898,token_001053,2025-09-16T18:33:09
acct_000548,token_000403,2025-08-28T13:41:08
acct_000856,token_001121,2025-04-10T02:09:02
acct_000702,token_000961,2025-08-13T02:26:05
acct_001066,token_001217,2025-03-29T20:19:35
acct_000829,token_001212,2025-11-08T08:08:28
acct_001111,token_000846,2025-06-12T20:04:49
acct_000117,token_000886,2025-06-10T20:50:14
acct_000812,token_000881,2025-04-22T06:04:17
acct_000169,token_001107,2025-07-11T07:48:59
acct_000752,token_001172,2025-01-16T16:50:00
acct_000394,token_000801,2025-02-11T18:19:52
acct_000533,token_001055,2025-07-12T18:55:40
acct_000735,token_000602,2025-06-12T07:45:32
acct_000318,token_000121,2025-12-06T20:54:40
acct_000892,token_001131,2025-04-28T11:55:59
acct_000101,token_000517,2025-03-14T10:53:18
acct_000865,token_001161,2025-01-03T21:20:01
acct_000492,token_001015,2025-12-19T08:42:47
acct_000764,token_000215,2025-10-27T15:32:06
acct_000403,token_000081,2025-10-07T06:33:53
acct_000129,token_000855,2025-12-22T00:04:40
acct_000080,token_001187,2025-06-03T07:55:11
acct_000156,token_001120,2025-01-07T08:19:53
acct_001094,token_000238,2025-12-26T11:29:20
acct_000983,token_000266,2025-03-07T15:24:18
acct_000592,token_001124,2025-01-30T14:28:32
acct_000249,token_001095,2025-07-18T08:48:39
acct_000388,token_000513,2025-12-20T18:23:20
acct_000398,token_000720,2025-05-13T02:42:52
acct_000138,token_001013,2025-10-27T08:44:25
acct_000016,token_000950,2025-02-22T01:42:45
acct_000698,token_000067,2025-04-06T13:14:11
acct_000281,token_000778,2025-04-20T00:00:58
acct_000834,token_000584,2025-03-13T18:14:18
acct_000542,token_000254,2025-08-12T20:32:35
acct_000609,token_000610,2025-12-14T17:02:29
acct_000107,token_000194,2025-01-02T13:22:14
acct_000508,token_000345,2025-09-09T20:19:31
acct_000122,token_000796,2025-11-17T09:47:37
acct_000256,token_001020,2025-02-14T12:14:57
acct_000510,token_000083,2025-04-08T02:07:52
acct_000431,token_000029,2025-02-11T12:52:49
acct_001063,token_000413,2025-03-22T07:20:34
acct_000896,token_000007,2025-06-30T00:54:07
acct_000573,token_000029,2025-11-02T03:12:36
acct_000565,token_000800,2025-03-04T07:34:46
acct_001044,token_000549,2025-07-22T17:39:20
acct_000220,token_000580,2025-11-11T11:02:44
acct_000223,token_000871,2025-09-28T07:26:28
acct_000402,token_000094,2025-05-19T14:22:07
acct_000281,token_000090,2025-07-01T09:31:40
acct_000922,token_000698,2025-08-26T14:08:50
acct_000343,token_001003,2025-11-06T00:40:09
acct_000731,token_000337,2025-10-14T23:03:13
acct_000093,token_000429,2025-02-21T12:11:02
acct_000419,token_000614,2025-03-01T18:43:36
acct_000861,token_000323,2025-01-29T10:23:41
acct_001088,token_000928,2025-11-18T20:44:52
acct_000042,token_000606,2025-10-28T00:45:47
acct_001093,token_000982,2025-12-20T03:35:51
acct_000259,token_000104,2025-11-30T07:57:54
acct_000535,token_000279,2025-01-18T02:16:57
acct_000147,token_001120,2025-10-14T12:14:43
acct_000338,token_000390,2025-11-09T18:37:22
acct_000641,token_000236,2025-09-08T17:29:37
acct_000157,token_000592,2025-08-30T10:14:39
acct_000006,token_000504,2025-05-15T02:54:55
acct_000483,token_000552,2025-03-30T11:40:01
acct_000081,token_000833,2025-04-04T08:35:45
acct_001077,token_000133,2025-04-15T00:10:35
acct_000364,token_000971,2025-12-08T22:25:33
acct_000135,token_000820,2025-09-21T06:30:51
acct_000498,token_000268,2025-10-08T11:51:10
acct_000800,token_000799,2025-05-18T17:49:14
acct_000756,token_000383,2025-03-16T10:30:46
acct_000755,token_001026,2025-03-11T07:19:03
acct_000594,token_000597,2025-03-21T11:22:54
acct_000251,token_000455,2025-11-09T23:58:47
acct_000188,token_000444,2025-06-07T06:49:20
acct_000798,token_001026,2025-10-30T11:59:54
acct_000061,token_000850,2025-08-02T11:57:08
acct_001019,token_000581,2025-02-16T11:41:37
acct_000253,token_001178,2025-02-12T06:36:45
acct_000835,token_000323,2025-08-24T13:37:35
acct_000075,token_001065,2025-06-08T03:49:32
acct_000095,token_000197,2025-10-17T20:25:12
acct_000792,token_000934,2025-05-05T10:08:28
acct_001043,token_000894,2025-02-12T05:50:39
acct_000541,token_000083,2025-04-05T00:32:11
acct_001083,token_000095,2025-04-01T18:41:03
acct_000098,token_001157,2025-10-02T18:49:05
acct_000340,token_001225,2025-08-31T06:00:34
acct_000935,token_001070,2025-02-26T09:11:07
acct_000603,token_001025,2025-08-10T03:57:09
acct_000881,token_001147,2025-06-08T09:08:58
acct_000063,token_000443,2025-08-07T03:02:50
acct_000036,token_000007,2025-06-08T05:54:57
acct_001116,token_000545,2025-11-01T07:41:21
acct_000873,token_000299,2025-11-10T11:57:06
acct_000306,token_000637,2025-04-16T14:18:18
acct_000240,token_000414,2025-02-01T12:58:13
acct_000115,token_000601,2025-01-29T09:55:36
acct_000843,token_000755,2025-09-05T13:57:27
acct_000844,token_000281,2025-01-08T13:24:12
acct_000330,token_000137,2025-01-09T19:54:22
acct_000272,token_000351,2025-05-14T21:13:12
acct_000337,token_000335,2025-05-28T12:16:04
acct_000771,token_000447,2025-01-29T20:51:43
acct_000289,token_001046,2025-11-14T11:17:30
acct_001095,token_000291,2025-10-15T17:50:30
acct_001007,token_000374,2025-09-01T23:51:36
acct_000897,token_000873,2025-12-06T17:06:17
acct_000921,token_001206,2025-10-07T07:16:14
acct_001017,token_000830,2025-10-30T21:03:47
acct_000327,token_000750,2025-10-29T20:50:09
acct_000815,token_001217,2025-08-05T12:31:22
acct_000325,token_000078,2025-11-07T01:29:18
acct_000267,token_000692,2025-07-18T22:06:09
acct_000074,token_000732,2025-04-02T08:58:37
acct_000563,token_000160,2025-01-25T15:41:11
acct_000894,token_000316,2025-05-05T07:41:59
acct_000552,token_000739,2025-05-28T22:36:38
acct_000361,token_000768,2025-04-08T13:24:25
acct_000603,token_000506,2025-09-23T10:55:12
acct_000212,token_000337,2025-01-31T21:59:25
acct_000344,token_001207,2025-12-04T05:27:44
acct_001034,token_000802,2025-05-23T01:32:32
acct_000589,token_000016,2025-04-30T01:53:57
acct_000986,token_000097,2025-07-22T13:07:45
acct_000630,token_000602,2025-02-11T18:11:00
acct_000860,token_001075,2025-04-03T11:42:28
acct_000224,token_000179,2025-10-29T11:57:16
acct_000270,token_000557,2025-02-20T09:35:56
acct_000678,token_000877,2025-01-23T16:02:23
acct_001010,token_000691,2025-07-30T05:44:33
acct_000244,token_000877,2025-01-10T20:42:19
acct_000238,token_000650,2025-03-22T21:54:22
acct_000206,token_000583,2025-07-23T19:24:53
acct_000455,token_000904,2025-09-07T18:33:05
acct_000143,token_000355,2025-11-10T16:34:52
acct_000015,token_000190,2025-05-27T11:21:06
acct_000966,token_000179,2025-03-10T17:12:40
acct_000067,token_000185,2025-11-14T03:53:50
acct_000373,token_000248,2025-03-10T04:14:06
acct_000668,token_000318,2025-08-09T03:39:15
acct_000155,token_001133,2025-02-25T20:59:35
acct_000547,token_001002,2025-10-14T06:24:32
acct_000535,token_001021,2025-10-05T20:51:30
acct_000902,token_000114,2025-04-06T17:26:50
acct_000670,token_001144,2025-04-05T09:10:39
acct_000544,token_000954,2025-07-15T12:35:38
acct_000485,token_000125,2025-03-20T10:43:54
acct_000334,token_001169,2025-01-09T20:53:22
acct_000408,token_001048,2025-01-23T00:22:35
acct_000191,token_000815,2025-09-03T22:41:49
acct_000286,token_000183,2025-02-13T18:31:46
acct_001084,token_000510,2025-12-26T10:07:35
acct_000028,token_000618,2025-02-10T05:53:51
acct_000691,token_000669,2025-02-28T07:17:42
acct_000717,token_000136,2025-11-09T18:31:09
acct_000930,token_000565,2025-06-14T14:40:52
acct_000987,token_000253,2025-08-27T13:14:08
acct_000175,token_001210,2025-06-10T03:17:52
acct_000325,token_000585,2025-04-07T23:20:55
acct_000632,token_000907,2025-09-20T22:44:07
acct_000281,token_000890,2025-02-12T22:29:45
acct_000185,token_000868,2025-01-17T13:16:45
acct_000222,token_000125,2025-02-02T18:59:28
acct_000590,token_000565,2025-04-27T14:24:27
acct_001089,token_000728,2025-06-15T09:45:14
acct_000411,token_000901,2025-11-22T13:48:30
acct_000973,token_000118,2025-06-06T12:05:10
acct_000995,token_000517,2025-01-08T15:07:52
acct_000553,token_000511,2025-05-03T23:32:24
acct_001084,token_000459,2025-03-19T03:40:50
acct_000204,token_000994,2025-01-20T01:41:02
acct_001056,token_001165,2025-08-26T02:42:09
acct_000286,token_000957,2025-07-20T05:28:20
acct_000057,token_001118,2025-04-02T08:19:22
acct_000172,token_000046,2025-07-15T14:21:13
acct_000284,token_000247,2025-12-08T19:50:50
acct_000024,token_000127,2025-04-11T18:43:17
acct_000175,token_000826,2025-10-24T22:40:39
acct_000868,token_001034,2025-06-29T22:49:10
acct_000470,token_000182,2025-06-14T11:31:06
acct_000460,token_000773,2025-02-11T13:23:42
acct_000864,token_000771,2025-08-01T08:31:51
acct_000910,token_001149,2025-02-09T16:39:47
acct_000001,token_000455,2025-07-27T15:02:20
acct_000310,token_001180,2025-06-15T00:29:22
acct_000437,token_000835,2025-05-13T17:08:43
acct_000045,token_000571,2025-07-12T11:15:06
acct_000561,token_001162,2025-06-06T03:30:54
acct_000086,token_000006,2025-06-29T07:35:22
acct_000464,token_000379,2025-09-01T08:14:34
acct_000902,token_001038,2025-08-09T06:53:11
acct_000370,token_000979,2025-04-06T16:34:54
acct_000127,token_001221,2025-10-20T07:43:53
acct_000205,token_000533,2025-05-25T14:54:40
acct_000513,token_000601,2025-05-26T15:40:10
acct_000670,token_000332,2025-11-15T12:44:15
acct_000923,token_000654,2025-03-16T16:14:58
acct_000781,token_000378,2025-05-11T16:28:32
acct_000872,token_000383,2025-03-09T22:15:35
acct_000822,token_000648,2025-01-27T03:34:56
acct_001031,token_001059,2025-01-24T06:56:52
acct_000262,token_000163,2025-08-13T09:51:18
acct_000837,token_000337,2025-01-30T13:40:24
acct_000981,token_000881,2025-09-28T11:14:17
acct_000755,token_001053,2025-05-01T07:11:59
acct_000550,token_000880,2025-04-29T15:29:42
acct_000287,token_000917,2025-10-26T22:35:55
acct_000816,token_000602,2025-07-10T00:28:07
acct_000725,token_001112,2025-11-08T03:41:20
acct_000068,token_000471,2025-10-07T07:18:18
acct_000025,token_000213,2025-01-27T20:16:42
acct_000353,token_000521,2025-04-12T14:46:49
acct_000446,token_001132,2025-01-07T01:07:08
acct_000302,token_001029,2025-09-14T17:37:24
acct_000318,token_000645,2025-08-13T18:34:32
acct_000184,token_000781,2025-03-09T23:23:37
acct_000310,token_001126,2025-01-12T16:23:56
acct_000435,token_000249,2025-11-13T23:40:08
acct_000889,token_000093,2025-07-17T06:11:13
acct_000172,token_000764,2025-11-06T11:16:10
acct_000284,token_000634,2025-12-03T11:00:35
acct_000035,token_000828,2025-01-02T08:41:59
acct_000041,token_000887,2025-06-13T22:05:15
acct_000461,token_000916,2025-05-06T19:15:21
acct_000753,token_000399,2025-06-12T23:47:53
acct_000032,token_001106,2025-08-05T17:13:01
acct_000063,token_001212,2025-03-12T03:24:28
acct_000046,token_000884,2025-06-26T12:43:58
acct_000012,token_000286,2025-11-01T11:05:03
acct_000185,token_000608,2025-08-22T20:11:41
acct_000283,token_000363,2025-02-24T17:24:24
acct_000542,token_000271,2025-11-16T17:46:55
acct_000006,token_000752,2025-11-19T12:51:48
acct_000433,token_000963,2025-07-15T09:13:10
acct_001059,token_000537,2025-04-04T08:24:54
acct_000121,token_001177,2025-01-01T09:33:36
acct_000090,token_000903,2025-11-15T18:33:18
acct_000671,token_000289,2025-07-22T16:29:17
acct_000968,token_000181,2025-11-04T23:35:22
acct_000721,token_000826,2025-09-23T20:57:23
acct_000496,token_000311,2025-07-25T19:23:45
acct_000614,token_000400,2025-04-28T22:07:38
acct_000098,token_000109,2025-11-14T00:30:30
acct_000814,token_001157,2025-10-11T04:30:39
acct_000634,token_000209,2025-02-08T17:32:59
acct_000912,token_000363,2025-09-04T03:52:19
acct_000170,token_000897,2025-11-01T20:06:40
acct_000104,token_000228,2025-03-25T08:12:20
acct_000696,token_000579,2025-11-21T04:28:00
acct_000725,token_000058,2025-09-16T19:33:01
acct_000025,token_001186,2025-01-02T04:00:04
acct_000583,token_001112,2025-09-01T10:46:04
acct_000499,token_001162,2025-02-26T21:33:10
acct_000878,token_000151,2025-05-31T05:46:19
acct_000257,token_000397,2025-11-26T10:31:28
acct_000322,token_000017,2025-03-04T09:38:49
acct_000377,token_000941,2025-04-09T22:38:21
acct_000066,token_000864,2025-05-19T07:44:25
acct_000239,token_000805,2025-03-27T10:01:37
acct_000935,token_001153,2025-11-03T18:54:30
acct_000868,token_000810,2025-03-31T16:33:53
acct_000758,token_000383,2025-04-10T08:33:01
acct_000706,token_001128,2025-03-12T06:24:48
acct_001075,token_001174,2025-10-08T16:53:07
acct_000168,token_000950,2025-03-07T01:01:15
acct_000443,token_000769,2025-03-02T00:43:36
acct_000110,token_000283,2025-10-08T13:05:33
acct_000469,token_000319,2025-04-08T20:27:22
acct_000738,token_000021,2025-10-13T17:24:02
acct_000449,token_000899,2025-05-20T11:45:21
acct_000268,token_000856,2025-12-11T05:14:57
acct_000902,token_000729,2025-12-17T17:26:24
acct_000184,token_000152,2025-04-26T22:34:32
acct_000540,token_001109,2025-01-26T23:22:28
acct_000806,token_000084,2025-04-01T19:48:23
acct_000522,token_000075,2025-06-17T13:44:00
acct_000620,token_000930,2025-02-20T06:48:05
acct_000444,token_000282,2025-09-12T04:48:40
acct_000201,token_000492,2025-12-19T09:57:09
acct_000577,token_000383,2025-09-16T22:11:30
acct_000162,token_001084,2025-06-07T13:05:52
acct_000550,token_000409,2025-04-04T04:18:06
acct_000428,token_000162,2025-05-14T07:23:32
acct_000818,token_000761,2025-05-29T01:51:03
acct_000280,token_001206,2025-04-14T04:27:27
acct_000508,token_000851,2025-04-27T21:29:57
acct_000038,token_000250,2025-07-26T03:41:47
acct_000652,token_000743,2025-10-15T01:08:18
acct_001021,token_001019,2025-09-07T15:28:39
acct_000271,token_000664,2025-03-15T03:05:08
acct_001100,token_000753,2025-09-10T01:50:15
acct_000263,token_000382,2025-06-29T20:32:30
acct_000072,token_000406,2025-08-30T17:30:31
acct_000993,token_000262,2025-08-27T23:39:59
acct_000907,token_000390,2025-08-23T08:00:00
acct_000875,token_000717,2025-07-02T08:27:09
acct_000248,token_000325,2025-05-29T00:25:00
acct_000375,token_001010,2025-12-25T11:22:59
acct_000538,token_000430,2025-09-26T07:12:15
acct_000316,token_000725,2025-01-23T04:46:08
acct_000798,token_000981,2025-01-26T21:24:03
acct_000013,token_000646,2025-11-29T17:41:32
acct_000451,token_000822,2025-07-17T13:35:42
acct_000567,token_000741,2025-04-08T15:28:12
acct_000549,token_001160,2025-05-09T03:20:28
acct_000658,token_001018,2025-11-09T13:46:43
acct_000031,token_001017,2025-02-22T19:11:41
acct_000827,token_001161,2025-06-07T16:02:23
acct_000380,token_000798,2025-06-28T19:04:25
acct_000426,token_000237,2025-02-05T14:39:50
acct_000094,token_001201,2025-05-17T16:37:28
acct_000003,token_001150,2025-06-03T15:39:43
acct_000634,token_000413,2025-12-12T20:18:27
acct_000645,token_000408,2025-08-17T16:36:13
acct_000457,token_000102,2025-08-19T12:25:18
acct_000874,token_000161,2025-08-27T11:39:16
acct_000577,token_000891,2025-04-26T22:34:02
acct_000501,token_000530,2025-08-13T14:19:36
acct_000351,token_000098,2025-05-08T10:56:02
acct_000017,token_000265,2025-09-26T11:07:17
acct_000846,token_000968,2025-02-21T05:30:21
acct_000782,token_000458,2025-01-22T04:58:49
acct_000946,token_000806,2025-07-25T08:26:49
acct_000882,token_001175,2025-03-26T19:38:37
acct_000454,token_000457,2025-08-02T21:10:34
acct_000278,token_000510,2025-05-01T09:39:52
acct_000852,token_000812,2025-11-19T19:17:59
acct_000314,token_000998,2025-12-12T08:35:01
acct_000468,token_000751,2025-03-05T10:42:51
acct_000327,token_000274,2025-03-01T13:01:38
acct_000419,token_000045,2025-03-18T14:40:34
acct_000022,token_000875,2025-10-29T07:57:55
acct_000432,token_000355,2025-10-13T08:03:02
acct_000270,token_001107,2025-06-28T01:05:18
acct_000272,token_000765,2025-06-20T15:00:25
acct_000976,token_000534,2025-02-11T02:47:16
acct_000466,token_000903,2025-11-03T06:28:09
acct_000703,token_001094,2025-10-04T18:01:15
acct_000157,token_000267,2025-02-03T09:08:13
acct_000103,token_000102,2025-04-24T03:33:38
acct_000516,token_001226,2025-10-13T12:44:04
acct_000373,token_000739,2025-02-28T02:52:18
acct_000394,token_000004,2025-11-14T01:54:09
acct_000678,token_000952,2025-11-09T09:55:10
acct_001018,token_000373,2025-06-15T21:13:15
acct_001020,token_000350,2025-12-21T04:54:30
acct_000275,token_000756,2025-10-09T14:40:49
acct_000647,token_000893,2025-06-29T22:00:40
acct_000088,token_000156,2025-09-15T13:53:40
acct_000457,token_000083,2025-04-16T20:55:19
acct_000311,token_000355,2025-05-25T12:20:46
acct_001098,token_000611,2025-02-10T09:10:29
acct_000274,token_000796,2025-08-10T08:56:45
acct_000823,token_000818,2025-10-29T00:11:00
acct_000894,token_000154,2025-03-13T01:53:10
acct_000915,token_000833,2025-08-25T16:06:58
acct_000041,token_000885,2025-06-09T03:48:42
acct_000669,token_000501,2025-12-16T04:38:01
acct_000351,token_000128,2025-06-25T04:34:26
acct_000424,token_000790,2025-03-25T07:11:35
acct_000825,token_000932,2025-04-07T05:57:47
acct_000322,token_000463,2025-03-01T04:02:50
acct_000130,token_000667,2025-06-07T16:45:33
acct_000343,token_001103,2025-02-09T00:16:21
acct_000227,token_000859,2025-11-28T08:40:07
acct_000309,token_000755,2025-07-27T07:59:49
acct_001039,token_000333,2025-05-07T15:56:27
acct_000047,token_000974,2025-10-25T00:45:09
acct_000937,token_001020,2025-08-06T03:39:19
acct_001033,token_000842,2025-04-05T04:33:39
acct_001094,token_000594,2025-01-04T20:03:14
acct_000065,token_000286,2025-01-16T04:17:38
acct_000735,token_000454,2025-08-05T00:55:25
acct_001108,token_001219,2025-04-12T17:11:31
acct_000916,token_000027,2025-01-01T05:53:22
acct_000729,token_000733,2025-04-24T16:56:35
acct_001030,token_000040,2025-07-26T03:35:46
acct_000763,token_000473,2025-12-23T21:05:08
acct_000821,token_000617,2025-05-27T17:37:44
acct_000256,token_000484,2025-12-28T21:39:33
acct_000622,token_000667,2025-08-20T23:07:30
acct_000168,token_000683,2025-03-26T17:24:40
acct_000140,token_000294,2025-07-12T02:30:16
acct_000666,token_001197,2025-03-08T03:24:54
acct_001002,token_000173,2025-01-26T20:23:06
acct_000966,token_000750,2025-05-19T11:57:28
acct_000244,token_000615,2025-06-28T10:29:57
acct_000063,token_000256,2025-03-26T13:47:37
acct_000357,token_000974,2025-01-04T17:52:34
acct_000627,token_000436,2025-10-11T02:11:58
acct_000386,token_000782,2025-02-04T00:41:57
acct_000636,token_000812,2025-08-17T05:23:43
acct_000060,token_000099,2025-08-20T07:11:00
acct_001107,token_001070,2025-12-18T07:30:09
acct_000938,token_000350,2025-12-20T17:37:53
acct_000106,token_000147,2025-10-17T09:41:48
acct_001107,token_000926,2025-06-29T11:17:24
acct_000423,token_000328,2025-06-01T22:25:18
acct_000234,token_000504,2025-07-10T22:49:40
acct_000097,token_000303,2025-12-01T13:13:52
acct_001034,token_000043,2025-10-18T21:12:25
acct_000164,token_001091,2025-11-28T04:57:49
acct_000087,token_001088,2025-11-17T22:09:24
acct_000614,token_000945,2025-06-05T12:33:58
acct_000287,token_000445,2025-07-17T22:20:51
acct_001116,token_000882,2025-05-23T10:03:35
acct_000491,token_000381,2025-05-15T15:38:23
acct_000492,token_000373,2025-01-11T22:35:30
acct_000605,token_000169,2025-11-10T12:00:10
acct_000946,token_000420,2025-07-27T22:24:46
acct_000077,token_001148,2025-01-01T11:23:37
acct_000929,token_001186,2025-08-18T21:37:54
acct_000008,token_000355,2025-07-28T09:17:52
acct_000486,token_000930,2025-11-25T11:58:14
acct_000246,token_000786,2025-10-29T05:40:19
acct_000963,token_000736,2025-03-28T09:20:05
acct_000018,token_000231,2025-03-16T22:54:11
acct_000342,token_000537,2025-09-12T10:59:18
acct_000558,token_000441,2025-04-16T03:19:02
acct_000634,token_000296,2025-10-19T12:35:30
acct_000161,token_000612,2025-03-14T01:11:31
acct_001093,token_000395,2025-05-29T13:49:43
acct_000348,token_000311,2025-01-13T08:22:28
acct_000839,token_000064,2025-05-12T15:22:29
acct_000026,token_000945,2025-08-27T23:20:47
acct_001108,token_000085,2025-07-03T13:04:54
acct_000573,token_000230,2025-02-13T02:12:57
acct_000111,token_000462,2025-04-24T20:13:23
acct_000553,token_000035,2025-04-16T11:28:09
acct_000375,token_000724,2025-02-06T15:37:25
acct_000076,token_000218,2025-09-17T04:45:25
acct_001098,token_000981,2025-06-16T04:52:30
acct_000935,token_001047,2025-06-20T05:27:25
acct_000268,token_000616,2025-01-20T13:18:49
acct_000262,token_000668,2025-04-19T04:45:48
acct_001081,token_000562,2025-03-14T19:32:56
acct_000427,token_000125,2025-01-08T01:23:28
acct_000010,token_001068,2025-10-26T07:22:41
acct_000936,token_001183,2025-10-15T09:25:03
acct_000169,token_000984,2025-05-31T21:09:21
acct_000501,token_000197,2025-12-09T16:22:55
acct_000633,token_000388,2025-11-09T14:23:48
acct_000513,token_000560,2025-06-17T17:59:43
acct_000286,token_000188,2025-03-01T02:40:37
acct_000069,token_001026,2025-07-12T23:15:48
acct_000456,token_000036,2025-04-25T10:25:23
acct_000858,token_000362,2025-05-15T08:30:08
acct_000449,token_000874,2025-01-10T03:19:50
acct_000875,token_000184,2025-01-12T09:42:08
acct_000666,token_000530,2025-05-29T06:57:58
acct_000052,token_000181,2025-04-02T21:15:05
acct_000717,token_000864,2025-07-10T18:01:37
acct_000928,token_000803,2025-10-01T05:57:22
acct_000553,token_000957,2025-09-15T05:56:09
acct_000258,token_000557,2025-04-30T11:02:07
acct_000730,token_000526,2025-11-02T02:49:57
acct_001010,token_001128,2025-07-26T07:06:34
acct_000589,token_001030,2025-10-09T04:18:54
acct_000038,token_000202,2025-01-17T23:42:31
acct_000507,token_000823,2025-05-01T18:18:50
acct_000335,token_000413,2025-08-19T22:46:05
acct_000028,token_000973,2025-04-04T11:30:14
acct_000795,token_000727,2025-10-19T18:12:43
acct_000747,token_000247,2025-03-22T00:22:01
acct_001083,token_000008,2025-02-23T10:32:30
acct_000057,token_001049,2025-10-30T14:38:40
acct_001097,token_000694,2025-01-16T15:47:40
acct_000751,token_001026,2025-01-06T17:17:52
acct_000333,token_001199,2025-11-03T13:12:02
acct_000731,token_000243,2025-08-13T11:56:55
acct_000833,token_000298,2025-01-29T05:36:34
acct_000231,token_000455,2025-02-23T04:29:58
acct_000871,token_000032,2025-11-30T06:33:11
acct_000795,token_000502,2025-09-17T07:50:57
acct_000243,token_001022,2025-04-11T19:25:47
acct_000968,token_000691,2025-10-17T02:52:12
acct_000532,token_000094,2025-06-29T08:50:42
acct_000758,token_000948,2025-02-24T21:26:39
acct_000985,token_000471,2025-09-16T02:19:46
acct_000608,token_000618,2025-11-25T19:35:37
acct_000808,token_000303,2025-03-14T05:03:13
acct_000773,token_000980,2025-11-30T20:40:30
acct_000734,token_001084,2025-10-08T09:51:33
acct_001072,token_000479,2025-01-23T08:15:33
acct_000297,token_001184,2025-10-16T05:50:23
acct_000843,token_000971,2025-08-20T05:19:55
acct_000057,token_001080,2025-02-27T03:39:16
acct_000361,token_000302,2025-02-10T02:42:31
acct_000337,token_000604,2025-08-28T12:52:53
acct_000768,token_000213,2025-08-13T16:48:05
acct_000546,token_000815,2025-07-12T09:58:53
acct_000398,token_000081,2025-09-24T03:00:04
acct_000459,token_000903,2025-08-07T17:25:03
acct_000717,token_000223,2025-03-27T01:04:37
acct_000242,token_000713,2025-04-26T21:53:48
acct_000930,token_000623,2025-03-21T18:33:01
acct_000745,token_000045,2025-01-18T07:39:14
acct_000761,token_000488,2025-01-13T15:36:56
acct_000395,token_000355,2025-03-07T03:45:18
acct_000233,token_000581,2025-11-06T05:15:29
acct_000397,token_000333,2025-11-27T00:43:39
acct_000552,token_000332,2025-01-23T08:14:20
acct_000498,token_000406,2025-07-06T20:22:59
acct_000550,token_000417,2025-05-13T18:43:07
acct_000987,token_000821,2025-06-14T11:47:33
acct_000291,token_000872,2025-06-24T04:57:53
acct_000126,token_000217,2025-05-18T09:57:41
acct_000206,token_000487,2025-07-20T22:44:52
acct_000767,token_000269,2025-02-06T06:46:39
acct_000225,token_000016,2025-10-27T16:23:58
acct_000349,token_000726,2025-05-20T00:30:27
acct_001032,token_001080,2025-03-16T14:33:08
acct_000037,token_000815,2025-02-18T16:09:13
acct_000803,token_000326,2025-03-13T06:58:03
acct_000615,token_001132,2025-03-15T06:50:20
acct_000561,token_001167,2025-03-09T23:08:49
acct_000082,token_000817,2025-04-12T20:35:28
acct_000154,token_000173,2025-03-27T06:52:35
acct_000178,token_000012,2025-06-13T01:29:27
acct_000857,token_000893,2025-06-01T19:39:36
acct_000356,token_000868,2025-06-22T16:50:17
acct_000841,token_000531,2025-10-04T17:27:34
acct_000590,token_000403,2025-03-11T09:23:29
acct_000865,token_000515,2025-04-24T12:35:47
acct_001013,token_000354,2025-09-28T19:37:00
acct_000551,token_000687,2025-07-14T13:30:05
acct_001098,token_000462,2025-11-24T00:37:49
acct_000546,token_000025,2025-08-20T07:34:54
acct_000188,token_000571,2025-05-05T18:36:45
acct_000876,token_001001,2025-10-14T05:42:11
acct_000812,token_001111,2025-11-24T11:34:44
acct_000479,token_000138,2025-09-13T23:27:29
acct_000974,token_000226,2025-10-29T18:49:34
acct_000745,token_000878,2025-05-12T01:21:49
acct_000902,token_000829,2025-09-30T04:19:50
acct_000167,token_001049,2025-07-17T07:41:51
acct_000850,token_000347,2025-09-27T08:48:57
acct_000661,token_000620,2025-02-23T14:43:21
acct_000823,token_000834,2025-03-21T23:25:56
acct_000364,token_000165,2025-11-14T01:24:34
acct_000478,token_000938,2025-07-27T08:14:51
acct_001097,token_000179,2025-05-07T22:19:20
acct_000368,token_000697,2025-06-20T13:32:24
acct_000570,token_000112,2025-11-01T00:19:04
acct_000012,token_000772,2025-09-15T14:37:29
acct_000518,token_001047,2025-05-08T14:28:18
acct_000099,token_001051,2025-01-13T05:05:34
acct_000850,token_000607,2025-11-24T04:10:40
acct_000695,token_000957,2025-02-04T11:50:14
acct_000968,token_000272,2025-08-05T11:59:26
acct_000575,token_000668,2025-05-29T03:41:58
acct_000023,token_000293,2025-03-05T00:48:15
acct_000457,token_000510,2025-03-12T22:19:28
acct_000920,token_000602,2025-05-26T19:17:08
acct_000871,token_000163,2025-11-13T13:46:20
acct_001045,token_000244,2025-12-06T12:51:51
acct_000312,token_000261,2025-06-16T04:12:03
acct_000764,token_000993,2025-02-22T09:15:05
acct_000149,token_001166,2025-06-08T12:31:35
acct_000978,token_001055,2025-10-03T18:45:24
acct_001076,token_001072,2025-12-14T15:59:17
acct_000317,token_000021,2025-01-02T17:11:17
acct_000138,token_000465,2025-12-05T03:39:13
acct_001114,token_000068,2025-08-27T00:37:09
acct_000278,token_000024,2025-08-30T04:55:45
acct_000535,token_000821,2025-12-22T11:54:04
acct_000175,token_000747,2025-09-01T20:53:43
acct_000314,token_000014,2025-04-07T06:40:39
acct_000398,token_000647,2025-02-07T15:28:56
acct_000368,token_000684,2025-10-17T00:32:52
acct_000389,token_000377,2025-11-27T19:12:12
acct_001095,token_000264,2025-05-03T10:00:01
acct_000732,token_000490,2025-12-02T11:55:35
acct_000726,token_000706,2025-07-31T12:07:26
acct_000804,token_000240,2025-01-19T05:03:21
acct_000638,token_000639,2025-07-29T13:12:54
acct_000429,token_000329,2025-04-03T15:25:22
acct_000044,token_001107,2025-02-28T20:33:53
acct_000424,token_000485,2025-10-07T22:39:00
acct_000990,token_000345,2025-09-21T21:23:18
acct_000409,token_000799,2025-02-08T22:29:26
acct_000382,token_001217,2025-01-13T13:30:37
acct_000964,token_000978,2025-05-22T02:44:46
acct_000164,token_000131,2025-06-01T14:48:20
acct_000794,token_000835,2025-04-07T09:21:55
acct_000788,token_001095,2025-01-07T09:16:05
acct_000100,token_000107,2025-04-02T20:22:38
acct_000180,token_000017,2025-07-31T15:56:31
acct_000486,token_000748,2025-01-10T01:13:22
acct_000751,token_000230,2025-09-10T03:36:34
acct_000528,token_001210,2025-01-18T00:39:45
acct_000034,token_001123,2025-06-01T04:26:33
acct_000344,token_000253,2025-08-28T10:29:07
acct_000286,token_000867,2025-06-23T20:21:12
acct_000129,token_000748,2025-01-28T13:49:34
acct_000648,token_000711,2025-06-20T21:26:55
acct_000906,token_000116,2025-04-13T14:39:25
acct_000943,token_000164,2025-09-05T11:22:03
acct_000253,token_000399,2025-10-05T02:08:39
acct_000381,token_000980,2025-11-08T04:33:12
acct_000738,token_000496,2025-03-15T15:42:02
acct_000830,token_000082,2025-12-04T07:43:33
acct_000383,token_000900,2025-12-23T16:32:20
acct_000045,token_000001,2025-06-14T09:15:14
acct_001014,token_001211,2025-02-28T00:03:01
acct_000797,token_000907,2025-06-19T11:42:21
acct_000806,token_000438,2025-03-13T13:50:51
acct_000448,token_000155,2025-12-11T08:40:08
acct_000071,token_000642,2025-08-31T07:12:55
acct_000110,token_001016,2025-01-08T04:27:25
acct_000761,token_000005,2025-11-19T11:56:57
acct_000844,token_001175,2025-04-14T19:05:51
acct_000993,token_000569,2025-11-03T15:32:40
acct_000854,token_000444,2025-02-21T04:21:13
acct_000675,token_000696,2025-04-08T15:56:35
acct_001088,token_001020,2025-03-09T00:58:53
acct_001027,token_000264,2025-06-24T20:38:44
acct_000788,token_000410,2025-08-12T12:22:14
acct_000665,token_000909,2025-04-15T14:25:34
acct_000911,token_000809,2025-01-20T16:30:51
acct_000653,token_001038,2025-04-18T21:07:32
acct_001011,token_000353,2025-07-02T15:08:36
acct_001088,token_000118,2025-01-28T16:28:52
acct_001050,token_000607,2025-02-25T19:34:12
acct_000086,token_000041,2025-06-08T12:47:09
acct_000100,token_001096,2025-01-12T19:19:07
acct_000975,token_001180,2025-02-22T09:38:01
acct_001079,token_000651,2025-06-30T05:09:14
acct_000030,token_000457,2025-04-08T13:29:29
acct_000003,token_000514,2025-02-27T03:26:01
acct_000287,token_000575,2025-11-23T19:38:37
acct_000942,token_001091,2025-06-28T18:04:55
acct_001071,token_000008,2025-07-22T17:13:37
acct_000567,token_000861,2025-04-06T00:42:00
acct_000574,token_000861,2025-04-24T14:37:44
acct_000438,token_000189,2025-12-25T13:59:36
acct_000849,token_000048,2025-12-27T08:11:55
acct_000056,token_000351,2025-07-03T02:56:38
acct_001111,token_001131,2025-11-11T12:59:59
acct_000415,token_001116,2025-08-31T11:02:22
acct_001012,token_001190,2025-05-24T12:51:52
acct_000540,token_000908,2025-03-21T18:07:19
acct_000223,token_000058,2025-10-14T16:46:52
acct_000202,token_000275,2025-09-09T23:46:34
acct_000450,token_000301,2025-08-04T11:27:18
acct_000931,token_000648,2025-06-13T09:25:25
acct_000726,token_000998,2025-04-02T16:51:01
acct_000088,token_000068,2025-02-19T07:31:27
acct_000092,token_001043,2025-03-23T06:13:34
acct_001098,token_000665,2025-11-15T02:53:46
acct_000915,token_000292,2025-09-06T02:08:11
acct_000475,token_000876,2025-11-13T06:47:27
acct_000427,token_001193,2025-05-23T03:50:49
acct_000427,token_001157,2025-05-09T17:07:15
acct_000770,token_001127,2025-09-01T10:28:04
acct_000615,token_000788,2025-10-03T08:32:09
acct_000998,token_000236,2025-01-25T17:11:11
acct_000588,token_000615,2025-09-17T06:54:53
acct_000590,token_000264,2025-11-11T17:08:53
acct_000059,token_000713,2025-08-12T08:40:27
acct_000253,token_000848,2025-01-31T06:38:07
acct_000551,token_000149,2025-10-09T15:20:07
acct_000624,token_000827,2025-04-17T13:06:25
acct_000739,token_000630,2025-12-04T07:30:26
acct_000731,token_000686,2025-08-15T06:40:17
acct_000093,token_001122,2025-01-01T23:06:59
acct_000818,token_000370,2025-12-20T15:27:12
acct_000566,token_000172,2025-09-24T15:55:39
acct_000938,token_000956,2025-11-16T23:17:59
acct_000903,token_000892,2025-02-06T19:12:50
acct_001098,token_000499,2025-05-02T04:14:08
acct_000350,token_000031,2025-11-07T01:55:25
acct_000617,token_000931,2025-06-07T21:17:05
acct_000148,token_000540,2025-10-02T11:11:21
acct_000283,token_000196,2025-04-23T08:14:55
acct_000823,token_000512,2025-11-26T15:25:54
acct_000268,token_000361,2025-05-25T15:22:33
acct_000426,token_000629,2025-03-28T20:21:22
acct_000440,token_001225,2025-05-11T07:24:48
acct_000611,token_000011,2025-04-13T09:56:41
acct_000970,token_001174,2025-09-05T09:02:55
acct_000364,token_000828,2025-11-13T03:43:14
acct_001047,token_000854,2025-04-27T13:33:58
acct_000555,token_000651,2025-05-12T06:59:01
acct_000695,token_000594,2025-12-07T18:14:16
acct_000857,token_001121,2025-05-06T19:43:37
acct_001103,token_001159,2025-08-18T05:24:50
acct_000460,token_000208,2025-12-15T08:03:38
acct_000971,token_000121,2025-09-26T09:49:46
acct_000426,token_000251,2025-06-04T15:47:24
acct_000296,token_000608,2025-10-19T12:35:22
acct_000616,token_000810,2025-04-12T20:28:55
acct_000599,token_000182,2025-06-09T05:27:30
acct_000228,token_000798,2025-03-07T22:43:39
acct_000859,token_000421,2025-07-27T04:23:08
acct_000146,token_000444,2025-01-29T16:55:23
acct_000639,token_000080,2025-07-25T16:34:23
acct_000149,token_000598,2025-02-17T09:03:55
acct_000126,token_000197,2025-11-22T04:30:47
acct_000203,token_001015,2025-03-20T22:41:23
acct_001093,token_000613,2025-02-23T02:17:55
acct_000147,token_000164,2025-12-23T12:06:24
acct_000347,token_000311,2025-05-16T06:52:03
acct_000888,token_000137,2025-08-01T18:29:43
acct_000005,token_000745,2025-07-08T23:03:24
acct_000736,token_000579,2025-08-10T10:46:16
acct_001034,token_000299,2025-06-24T02:02:16
acct_000563,token_000456,2025-11-14T20:09:02
acct_000211,token_000844,2025-07-30T07:06:09
acct_000331,token_000293,2025-02-27T12:14:08
acct_000395,token_001211,2025-04-26T09:44:03
acct_000468,token_000209,2025-12-30T12:16:07
acct_000908,token_001087,2025-02-20T23:21:26
acct_000084,token_000493,2025-02-19T13:33:29
acct_000259,token_000196,2025-04-22T19:31:37
acct_001045,token_000458,2025-05-30T17:21:42
acct_000237,token_000455,2025-10-09T17:04:53
acct_000627,token_000570,2025-08-12T15:53:38
acct_000100,token_000861,2025-04-04T10:29:12
acct_000849,token_000457,2025-09-15T19:49:48
acct_000815,token_000618,2025-10-28T13:00:35
acct_000010,token_000164,2025-10-03T12:26:30
acct_000578,token_000357,2025-08-07T16:28:06
acct_000693,token_000372,2025-11-26T10:56:52
acct_000287,token_000377,2025-08-22T01:17:01
acct_001110,token_000245,2025-09-23T19:58:29
acct_000812,token_000727,2025-03-25T16:07:43
acct_000857,token_001199,2025-02-11T06:15:20
acct_000127,token_000045,2025-10-03T05:52:19
acct_000576,token_001053,2025-05-18T10:33:44
acct_000705,token_000480,2025-05-30T13:07:10
acct_000590,token_000027,2025-08-27T19:38:40
acct_001022,token_000877,2025-01-23T16:27:05
acct_000328,token_000658,2025-08-01T14:30:37
acct_000905,token_000979,2025-03-21T10:03:26
acct_000283,token_001059,2025-09-09T07:36:35
acct_000395,token_000060,2025-06-26T03:26:49
acct_000294,token_000706,2025-09-13T19:34:51
acct_000529,token_001135,2025-11-08T06:01:51
acct_000194,token_000563,2025-11-13T07:55:27
acct_000452,token_000296,2025-03-13T02:25:01
acct_000962,token_001084,2025-07-18T13:44:52
acct_000045,token_000283,2025-01-03T06:11:10
acct_000864,token_000917,2025-10-04T02:38:43
acct_000442,token_000552,2025-01-29T07:56:09
acct_001011,token_000013,2025-12-20T16:24:43
acct_000107,token_000417,2025-09-10T07:55:23
acct_000320,token_001163,2025-05-03T23:26:57
acct_001066,token_000009,2025-01-27T03:52:27
acct_001113,token_000436,2025-11-26T18:19:41
acct_000831,token_000176,2025-05-29T00:57:13
acct_000050,token_000859,2025-08-09T16:33:36
acct_000441,token_000002,2025-02-12T01:15:14
acct_001073,token_000074,2025-04-10T03:23:25
acct_000697,token_000438,2025-03-16T03:37:00
acct_001036,token_000087,2025-09-06T05:25:08
acct_001080,token_000419,2025-09-30T12:34:02
acct_000963,token_000730,2025-10-13T18:33:19
acct_000058,token_000425,2025-03-15T15:07:08
acct_000757,token_000491,2025-08-13T16:02:00
acct_000959,token_001146,2025-01-26T20:09:32
acct_000415,token_001056,2025-03-21T10:09:28
acct_000760,token_000656,2025-12-06T17:36:48
acct_000391,token_001156,2025-02-18T13:39:32
acct_000238,token_001027,2025-02-24T10:50:18
acct_000018,token_000170,2025-01-29T10:07:06
acct_000715,token_000916,2025-02-06T11:32:37
acct_000973,token_000748,2025-06-18T17:51:24
acct_000774,token_000481,2025-04-22T16:21:57
acct_000747,token_000940,2025-03-19T18:50:42
acct_000583,token_000499,2025-01-20T10:40:31
acct_000197,token_000813,2025-06-12T17:54:47
acct_000934,token_000417,2025-05-04T17:58:55
acct_000967,token_000517,2025-04-05T03:56:48
acct_001014,token_000835,2025-05-22T16:48:30
acct_000341,token_000264,2025-01-02T00:21:42
acct_000773,token_000177,2025-01-10T08:30:50
acct_000117,token_000656,2025-11-25T04:07:03
acct_000078,token_001219,2025-04-02T04:27:31
acct_000473,token_000571,2025-05-11T03:23:07
acct_000538,token_000909,2025-06-14T22:28:04
acct_000879,token_000715,2025-04-28T17:05:42
acct_000435,token_000887,2025-12-28T03:00:12
acct_000632,token_000865,2025-04-01T09:40:18
acct_000981,token_001015,2025-06-04T14:49:34
acct_001078,token_000180,2025-12-08T09:47:08
acct_000910,token_001055,2025-08-10T07:37:44
acct_001102,token_000597,2025-08-15T16:46:37
acct_000312,token_001016,2025-04-26T02:30:57
acct_000596,token_000903,2025-12-13T09:29:54
acct_000722,token_000191,2025-07-26T22:46:19
acct_000740,token_000377,2025-04-15T18:26:09
acct_000102,token_000035,2025-08-17T23:56:30
acct_000074,token_000351,2025-10-20T21:58:57
acct_000836,token_000244,2025-01-07T02:07:22
acct_000536,token_000789,2025-02-23T22:34:29
acct_000669,token_000189,2025-04-29T11:30:36
acct_001112,token_000427,2025-09-08T20:36:31
acct_000858,token_001053,2025-09-16T17:57:58
acct_000879,token_000853,2025-03-25T19:43:17
acct_000944,token_001075,2025-01-02T18:38:45
acct_000616,token_000882,2025-09-26T04:00:31
acct_000066,token_000552,2025-06-29T23:57:24
acct_000291,token_000708,2025-04-04T20:42:21
acct_000048,token_001152,2025-05-02T00:48:21
acct_000477,token_001007,2025-11-30T09:32:36
acct_000060,token_000342,2025-05-20T00:31:10
acct_000705,token_000105,2025-05-22T03:51:16
acct_000532,token_000166,2025-04-01T03:47:51
acct_000451,token_000065,2025-02-22T16:55:54
acct_000288,token_000651,2025-05-26T11:04:32
acct_000029,token_001170,2025-02-02T13:24:38
acct_001012,token_000688,2025-10-04T14:54:07
acct_000205,token_000441,2025-10-31T13:27:21
acct_000186,token_000312,2025-02-26T09:49:30
acct_000487,token_000523,2025-07-03T01:35:10
acct_000050,token_000530,2025-12-14T16:48:07
acct_000079,token_001199,2025-07-07T19:53:24
acct_000260,token_000696,2025-12-20T07:02:12
acct_000110,token_000469,2025-03-02T10:28:53
acct_000892,token_000056,2025-02-23T04:05:03
acct_000166,token_000403,2025-04-09T18:12:22
acct_001067,token_001013,2025-08-27T00:48:29
acct_000098,token_000422,2025-06-08T11:38:45
acct_001035,token_000155,2025-11-19T09:08:05
acct_000124,token_000636,2025-02-27T19:49:22
acct_000793,token_000842,2025-06-11T07:12:40
acct_000503,token_000026,2025-10-18T21:59:21
acct_000019,token_000889,2025-04-15T11:12:29
acct_000014,token_000166,2025-12-09T14:15:24
acct_000861,token_000810,2025-05-12T10:24:37
acct_000239,token_000851,2025-11-25T17:33:15
acct_000449,token_000745,2025-03-22T13:47:26
acct_000287,token_000592,2025-01-27T17:42:20
acct_000608,token_000937,2025-10-30T14:04:02
acct_000813,token_000864,2025-12-11T13:04:17
acct_000794,token_000990,2025-03-26T01:27:57
acct_000467,token_000465,2025-10-25T07:03:00
acct_000119,token_001226,2025-04-19T19:16:34
acct_000255,token_000042,2025-07-28T08:17:45
acct_000918,token_001067,2025-11-20T08:40:52
acct_000277,token_000255,2025-04-19T09:57:13
acct_000209,token_000158,2025-03-24T01:04:46
acct_000193,token_000945,2025-11-20T10:17:13
acct_000841,token_001149,2025-01-28T14:03:11
acct_000425,token_000158,2025-07-11T18:05:55
acct_000864,token_000496,2025-07-02T14:38:30
acct_000497,token_000335,2025-05-19T17:52:40
acct_000481,token_000254,2025-07-07T02:58:21
acct_000378,token_000137,2025-11-20T03:28:04
acct_000077,token_001111,2025-04-01T14:14:34
acct_000798,token_000108,2025-04-05T02:58:20
acct_000627,token_001187,2025-06-30T12:22:46
acct_000386,token_000191,2025-06-05T12:33:30
acct_000059,token_000279,2025-07-05T22:56:33
acct_000350,token_001076,2025-11-11T20:48:57
acct_000193,token_000635,2025-04-15T06:11:11
acct_000323,token_000754,2025-09-28T23:05:50
acct_000134,token_000562,2025-08-26T22:40:17
acct_000656,token_000275,2025-11-22T17:54:34
acct_000145,token_000409,2025-05-29T20:54:09
acct_000984,token_000782,2025-08-15T10:45:20
acct_000134,token_000393,2025-09-20T20:18:04
acct_000364,token_000385,2025-06-09T06:30:58
acct_001079,token_000522,2025-07-17T04:23:23
acct_000274,token_000704,2025-06-24T16:07:49
acct_001072,token_000558,2025-11-24T14:15:02
acct_000197,token_000673,2025-04-11T10:27:34
acct_000933,token_000563,2025-10-15T05:18:34
acct_000529,token_000837,2025-06-27T16:55:05
acct_000902,token_000054,2025-11-07T01:49:16
acct_000735,token_000668,2025-09-11T10:51:07
acct_000535,token_000371,2025-04-21T07:52:44
acct_000570,token_000035,2025-10-31T12:28:45
acct_000542,token_001149,2025-01-29T00:01:47
acct_000267,token_000493,2025-05-06T17:20:46
acct_000511,token_000589,2025-04-05T22:50:50
acct_000453,token_000174,2025-10-26T22:52:27
acct_001032,token_001003,2025-05-17T00:49:44
acct_000398,token_000520,2025-09-22T02:05:08
acct_000477,token_000148,2025-03-18T04:29:43
acct_000915,token_000732,2025-06-29T05:57:55
acct_000642,token_001136,2025-07-09T16:04:39
acct_000585,token_000685,2025-08-17T03:16:26
acct_000976,token_000860,2025-07-04T14:18:05
acct_000912,token_000611,2025-01-30T12:39:48
acct_000067,token_000569,2025-11-06T06:08:07
acct_001076,token_000866,2025-04-06T12:54:10
acct_000162,token_000503,2025-08-16T03:47:47
acct_000209,token_000441,2025-11-02T20:32:54
acct_001046,token_000998,2025-04-19T23:58:45
acct_000033,token_000273,2025-06-06T22:38:05
acct_000477,token_000370,2025-10-01T13:13:11
acct_001096,token_000319,2025-04-09T09:38:36
acct_000185,token_001025,2025-03-07T02:42:03
acct_000212,token_000341,2025-11-01T02:56:15
acct_001018,token_000196,2025-02-05T00:28:09
acct_000431,token_001102,2025-09-05T15:45:08
acct_000156,token_000769,2025-05-21T04:49:09
acct_000188,token_000085,2025-03-18T03:34:45
acct_000758,token_000496,2025-11-23T09:14:57
acct_000186,token_000823,2025-03-18T08:50:05
acct_000080,token_000630,2025-01-04T23:39:20
acct_000641,token_000834,2025-04-03T04:33:00
acct_000833,token_000313,2025-06-11T22:29:54
acct_000784,token_000192,2025-01-23T20:44:24
acct_000829,token_000855,2025-12-26T06:08:22
acct_000782,token_001084,2025-09-03T05:19:40
acct_000721,token_000272,2025-09-01T14:50:03
acct_000696,token_000264,2025-11-09T15:43:00
acct_000092,token_001049,2025-10-02T09:01:46
acct_000373,token_000858,2025-11-26T00:27:40
acct_000527,token_001030,2025-07-16T03:29:43
acct_000726,token_000276,2025-07-19T22:30:04
acct_000487,token_000798,2025-06-11T19:50:11
acct_000397,token_000019,2025-07-07T04:30:48
acct_000346,token_000631,2025-08-17T19:00:31
acct_000491,token_000191,2025-07-04T04:09:49
acct_001046,token_001083,2025-11-21T04:05:25
acct_001096,token_000326,2025-12-18T22:42:20
acct_000086,token_001045,2025-05-14T03:34:31
acct_001029,token_000818,2025-05-06T19:24:43
acct_000301,token_000732,2025-02-01T12:28:29
acct_001001,token_000937,2025-02-03T18:45:52
acct_000242,token_000527,2025-03-29T00:00:55
acct_000826,token_001227,2025-04-03T06:25:57
acct_000393,token_000671,2025-07-04T15:02:56
acct_000441,token_000343,2025-05-29T04:29:38
acct_000170,token_000563,2025-11-05T05:12:14
acct_001080,token_000996,2025-12-27T14:39:22
acct_000084,token_000548,2025-09-03T19:54:48
acct_000613,token_000314,2025-11-15T20:22:59
acct_000088,token_000732,2025-10-08T15:37:53
acct_000285,token_000326,2025-03-12T20:01:33
acct_000914,token_000046,2025-11-19T09:25:42
acct_000990,token_000141,2025-08-11T08:53:38
acct_000880,token_001109,2025-07-21T22:52:36
acct_000718,token_000654,2025-12-15T16:56:44
acct_001100,token_001009,2025-05-11T14:24:32
acct_000494,token_000231,2025-03-23T18:05:11
acct_000517,token_000469,2025-08-27T16:07:43
acct_000355,token_000749,2025-07-14T08:49:33
acct_000674,token_000439,2025-09-16T08:01:57
acct_000705,token_001225,2025-11-20T10:51:30
acct_001088,token_000241,2025-06-09T10:33:11
acct_000953,token_000821,2025-06-22T15:51:48
acct_000503,token_001139,2025-10-05T03:38:53
acct_000825,token_000946,2025-03-16T03:54:31
acct_000553,token_001113,2025-09-30T03:16:07
acct_000748,token_001126,2025-06-14T18:01:18
acct_000730,token_000835,2025-07-09T22:16:27
acct_000398,token_000558,2025-01-19T07:16:04
acct_000830,token_000983,2025-06-10T19:11:30
acct_000023,token_000935,2025-11-09T11:20:51
acct_000702,token_000851,2025-12-15T07:57:47
acct_001072,token_001195,2025-02-04T08:30:46
acct_000661,token_000774,2025-12-25T13:31:37
acct_000808,token_000541,2025-05-27T14:57:00
acct_001091,token_000438,2025-12-24T19:45:25
acct_001106,token_001215,2025-06-22T15:35:30
acct_000533,token_000276,2025-01-11T20:03:31
acct_000200,token_000908,2025-07-30T09:02:05
acct_000989,token_001174,2025-06-13T19:20:52
acct_000765,token_000863,2025-09-25T14:20:42
acct_001058,token_000102,2025-02-09T23:49:29
acct_000673,token_000880,2025-04-26T22:19:14
acct_000470,token_000689,2025-10-01T20:38:16
acct_000814,token_001187,2025-06-30T09:53:26
acct_000816,token_000699,2025-06-05T22:31:21
acct_000022,token_000475,2025-10-28T02:06:37
acct_000491,token_000173,2025-05-01T23:22:31
acct_000167,token_000182,2025-12-20T18:02:12
acct_001010,token_000996,2025-03-16T15:51:31
acct_000783,token_000191,2025-04-09T09:34:47
acct_000531,token_001142,2025-10-24T16:39:38
acct_000665,token_000478,2025-09-06T04:24:12
acct_000925,token_001024,2025-12-04T04:57:59
acct_000899,token_000240,2025-02-06T00:18:10
acct_000738,token_000978,2025-11-20T02:23:01
acct_000857,token_000307,2025-08-08T12:44:20
acct_000051,token_000022,2025-07-17T01:58:08
acct_000373,token_000448,2025-02-21T08:20:58
acct_000084,token_001158,2025-02-26T01:06:50
acct_000897,token_000253,2025-08-04T02:42:34
acct_000395,token_000294,2025-08-28T12:49:49
acct_000774,token_000465,2025-06-04T21:20:01
acct_000626,token_001036,2025-04-05T03:42:19
acct_000689,token_000981,2025-04-06T07:22:37
acct_000294,token_000014,2025-04-07T03:37:29
acct_000869,token_000915,2025-06-04T03:15:31
acct_000428,token_000967,2025-07-23T16:32:24
acct_000635,token_000838,2025-08-12T19:17:35
acct_000040,token_000085,2025-07-24T16:39:29
acct_000008,token_001002,2025-04-26T13:26:11
acct_000114,token_000851,2025-12-06T14:25:43
acct_000917,token_000350,2025-03-31T06:00:04
acct_000387,token_001174,2025-07-17T04:00:02
acct_000532,token_001218,2025-03-30T23:33:11
acct_000943,token_000748,2025-10-08T12:56:50
acct_000151,token_000245,2025-03-02T02:15:25
acct_000405,token_000698,2025-03-04T17:31:30
acct_000433,token_000579,2025-03-06T00:44:02
acct_000958,token_000844,2025-05-30T16:55:23
acct_000963,token_000890,2025-07-06T10:04:39
acct_000624,token_001015,2025-08-23T09:58:18
acct_000089,token_001171,2025-10-24T06:44:09
acct_000858,token_000063,2025-08-09T10:38:26
acct_000344,token_000284,2025-05-23T03:03:46
acct_000550,token_000206,2025-02-27T14:20:06
acct_000135,token_000673,2025-08-10T23:29:31
acct_001104,token_000662,2025-06-12T01:06:38
acct_000484,token_000022,2025-10-07T12:07:02
acct_000833,token_000639,2025-02-26T13:32:48
acct_000582,token_000510,2025-06-05T13:25:06
acct_000549,token_000403,2025-03-31T18:55:06
acct_000358,token_001143,2025-05-10T20:35:25
acct_000477,token_000510,2025-01-20T14:26:53
acct_000520,token_001168,2025-05-26T08:48:19
acct_000271,token_000059,2025-10-03T05:34:45
acct_000613,token_000626,2025-01-31T13:30:07
acct_000073,token_001059,2025-08-16T17:28:53
acct_000636,token_000141,2025-10-04T21:10:52
acct_001055,token_000839,2025-01-07T18:38:25
acct_000487,token_000019,2025-06-27T22:44:48
acct_001026,token_000861,2025-06-22T23:21:35
acct_000087,token_000091,2025-12-22T22:01:56
acct_001052,token_001142,2025-07-28T22:01:45
acct_001072,token_001041,2025-10-02T20:26:34
acct_000718,token_001211,2025-05-10T17:46:15
acct_001000,token_000004,2025-02-13T14:20:15
acct_000458,token_001093,2025-01-20T07:23:41
acct_000582,token_000844,2025-12-13T07:14:05
acct_000921,token_001150,2025-10-24T06:23:03
acct_000749,token_000622,2025-12-26T16:08:29
acct_000067,token_001084,2025-06-16T10:07:00
acct_000330,token_000761,2025-08-01T15:07:30
acct_000595,token_000049,2025-05-13T20:37:02
acct_000939,token_001045,2025-02-22T11:15:58
acct_000122,token_001189,2025-04-24T00:46:47
acct_000570,token_001164,2025-09-08T00:49:07
acct_000774,token_000690,2025-06-25T16:07:46
acct_000588,token_000783,2025-06-25T09:17:26
acct_001058,token_001039,2025-05-11T19:20:10
acct_001080,token_000565,2025-09-04T13:33:46
acct_000662,token_000578,2025-04-28T15:31:16
acct_000805,token_000145,2025-12-04T05:12:06
acct_001092,token_000313,2025-09-21T17:06:40
acct_000785,token_000541,2025-12-28T10:33:37
acct_000257,token_000775,2025-02-25T12:59:32
acct_000191,token_000143,2025-02-10T06:02:15
acct_000645,token_001203,2025-05-01T06:46:42
acct_000792,token_000607,2025-06-28T04:03:30
acct_000313,token_000968,2025-04-15T09:20:03
acct_001076,token_000471,2025-08-25T07:14:42
acct_000829,token_000009,2025-01-07T13:43:07
acct_000713,token_000813,2025-02-04T00:23:22
acct_000194,token_000463,2025-01-15T13:04:35
acct_000776,token_000557,2025-04-08T23:50:43
acct_000934,token_000148,2025-07-08T20:31:10
acct_000076,token_000212,2025-12-28T18:55:48
acct_000049,token_000191,2025-04-22T07:26:10
acct_001063,token_001157,2025-09-30T08:51:59
acct_000114,token_001200,2025-03-11T22:46:06
acct_000935,token_000931,2025-08-09T13:26:41
acct_000715,token_000675,2025-11-21T12:17:48
acct_000161,token_001181,2025-11-04T04:56:32
acct_000979,token_000655,2025-08-24T22:32:34
acct_000539,token_000821,2025-11-15T07:19:17
acct_000203,token_000815,2025-02-28T14:38:01
acct_000798,token_000099,2025-11-01T09:16:51
acct_000942,token_000529,2025-10-27T13:11:12
acct_001049,token_000396,2025-11-28T13:00:31
acct_000447,token_000541,2025-07-25T12:44:14
acct_000650,token_000284,2025-01-28T21:25:36
acct_000815,token_000985,2025-01-25T12:25:08
acct_000239,token_000489,2025-07-16T19:11:11
acct_000139,token_000368,2025-02-24T08:04:27
acct_000493,token_000533,2025-11-25T10:37:48
acct_000527,token_001066,2025-10-23T04:50:15
acct_000153,token_000456,2025-01-18T23:50:49
acct_000650,token_000115,2025-09-29T07:25:40
acct_000366,token_000047,2025-02-26T14:31:39
acct_001003,token_000466,2025-12-23T02:35:56
acct_000300,token_000925,2025-09-22T22:28:05
acct_000949,token_000212,2025-05-22T15:52:58
acct_000741,token_000511,2025-10-16T14:20:15
acct_000351,token_000967,2025-07-23T19:09:17
acct_000715,token_000006,2025-02-21T22:29:39
acct_001004,token_000429,2025-05-07T16:50:37
acct_000067,token_000622,2025-10-26T11:43:02
acct_000926,token_000493,2025-01-15T20:51:16
acct_000563,token_000678,2025-08-12T01:00:35
acct_000852,token_000254,2025-11-23T07:32:48
acct_000003,token_000571,2025-01-25T23:06:38
acct_000589,token_000679,2025-01-11T16:01:57
acct_000606,token_000735,2025-05-04T10:35:14
acct_000400,token_000333,2025-05-25T15:44:43
acct_000396,token_000912,2025-04-02T06:28:02
acct_000697,token_000746,2025-10-27T15:43:27
acct_001113,token_000363,2025-01-16T16:20:21
acct_000242,token_000139,2025-11-18T02:29:44
acct_000747,token_000668,2025-08-07T20:29:18
acct_000458,token_000626,2025-07-01T15:36:52
acct_000731,token_000952,2025-11-06T21:49:33
acct_000401,token_000887,2025-02-20T10:47:58
acct_001016,token_000217,2025-10-18T09:04:45
acct_000673,token_000100,2025-03-24T00:56:01
acct_000749,token_001049,2025-07-19T01:07:17
acct_000018,token_000486,2025-08-17T02:49:47
acct_000518,token_000226,2025-06-25T12:00:30
acct_000584,token_000926,2025-08-09T14:33:49
acct_001056,token_001057,2025-09-01T09:01:52
acct_000923,token_000457,2025-05-09T02:34:15
acct_000432,token_000201,2025-06-30T20:33:41
acct_000795,token_000391,2025-10-05T20:54:40
acct_000267,token_000089,2025-03-29T01:46:22
acct_000923,token_001217,2025-03-15T03:46:41
acct_000069,token_000732,2025-05-23T23:21:17
acct_000516,token_000857,2025-04-14T02:20:59
acct_000191,token_000030,2025-05-07T04:32:45
acct_000747,token_000581,2025-08-05T11:52:41
acct_000682,token_000836,2025-10-02T01:32:00
acct_000840,token_000127,2025-09-21T10:54:20
acct_000292,token_001153,2025-03-13T08:35:48
acct_000885,token_000138,2025-09-21T09:25:27
acct_000152,token_000397,2025-10-21T04:15:49
acct_000301,token_000691,2025-01-10T15:59:47
acct_000949,token_000573,2025-06-26T07:51:58
acct_000298,token_000397,2025-03-03T15:55:53
acct_000109,token_000852,2025-05-23T00:20:11
acct_000040,token_000544,2025-03-02T10:35:26
acct_000954,token_001014,2025-12-18T21:50:19
acct_000939,token_000177,2025-12-18T10:06:37
acct_000280,token_000301,2025-09-24T19:27:58
acct_001010,token_001057,2025-01-13T22:08:56
acct_000823,token_000967,2025-11-22T11:47:09
acct_000538,token_000740,2025-05-25T21:21:48
acct_000536,token_001070,2025-01-02T01:45:13
acct_000212,token_000585,2025-04-21T16:13:04
acct_000602,token_000110,2025-01-27T03:58:04
acct_000471,token_000168,2025-09-19T23:33:11
acct_000684,token_000865,2025-08-20T01:49:48
acct_000529,token_000577,2025-06-07T01:52:24
acct_000751,token_000385,2025-06-28T02:19:51
acct_000772,token_001086,2025-05-14T09:41:56
acct_000801,token_000162,2025-04-16T23:20:03
acct_000729,token_000544,2025-01-11T09:52:47
acct_000904,token_000239,2025-09-26T13:00:32
acct_001048,token_000659,2025-03-28T08:39:42
acct_000407,token_001090,2025-12-07T19:40:46
acct_000336,token_000992,2025-12-02T17:22:48
acct_001106,token_000625,2025-01-02T21:51:23
acct_000972,token_000538,2025-01-31T11:53:02
acct_000371,token_000877,2025-12-24T02:12:05
acct_000571,token_000529,2025-10-22T13:39:18
acct_000437,token_000007,2025-08-22T19:40:13
acct_001057,token_000314,2025-11-23T19:14:48
acct_000834,token_000144,2025-06-09T01:39:03
acct_000058,token_000517,2025-01-12T18:00:22
acct_000361,token_001100,2025-09-04T21:31:25
acct_000216,token_000157,2025-07-31T02:46:42
acct_000654,token_001046,2025-07-19T11:05:37
acct_000351,token_001107,2025-06-18T01:54:25
acct_001078,token_001100,2025-12-12T20:37:59
acct_000163,token_000344,2025-07-29T20:50:14
acct_000426,token_000782,2025-06-19T12:16:37
acct_000693,token_000295,2025-06-29T17:18:51
acct_000897,token_000015,2025-03-12T16:19:56
acct_000755,token_000701,2025-03-09T08:59:25
acct_000115,token_000437,2025-07-26T02:51:37
acct_000260,token_000706,2025-12-25T08:56:28
acct_000841,token_000457,2025-11-06T01:03:22
acct_001101,token_001196,2025-09-05T15:09:33
acct_000704,token_000021,2025-04-19T04:09:26
acct_000366,token_000334,2025-07-31T09:49:52
acct_000332,token_000537,2025-08-15T07:00:22
acct_000662,token_000175,2025-10-07T00:04:26
acct_000295,token_000508,2025-06-14T18:44:50
acct_000405,token_000939,2025-02-20T05:10:01
acct_000750,token_000754,2025-09-28T14:59:49
acct_000492,token_001154,2025-06-22T02:05:19
acct_000329,token_000752,2025-11-11T04:28:26
acct_000379,token_000767,2025-04-25T17:17:32
acct_000537,token_000053,2025-10-11T18:09:42
acct_000346,token_000586,2025-10-14T03:19:49
acct_000182,token_000080,2025-10-07T00:15:14
acct_000980,token_000280,2025-12-18T04:06:17
acct_000418,token_000478,2025-11-08T02:16:38
acct_000876,token_000179,2025-07-11T16:23:41
acct_000418,token_000459,2025-02-05T19:59:24
acct_000144,token_000845,2025-11-11T09:44:04
acct_000445,token_000804,2025-10-10T08:41:27
acct_001002,token_000142,2025-02-03T00:58:01
acct_000326,token_000510,2025-11-07T07:20:27
acct_000801,token_001016,2025-05-15T15:58:01
acct_000428,token_000054,2025-09-15T03:33:51
acct_000901,token_000385,2025-08-26T16:44:00
acct_000576,token_001224,2025-06-04T06:17:40
acct_001010,token_000652,2025-11-14T23:41:47
acct_000611,token_000063,2025-05-12T03:04:54
acct_000011,token_000292,2025-11-27T11:07:50
acct_000231,token_000235,2025-06-13T10:25:30
acct_000423,token_001002,2025-06-03T22:31:20
acct_000863,token_000883,2025-10-04T09:37:46
acct_000682,token_000346,2025-06-21T18:12:29
acct_000552,token_000163,2025-06-20T15:37:12
acct_001104,token_000209,2025-05-31T04:24:09
acct_000777,token_000529,2025-10-15T23:27:11
acct_000056,token_000559,2025-04-20T01:20:12
acct_000848,token_001017,2025-03-27T15:38:32
acct_000912,token_001087,2025-07-27T19:18:02
acct_000397,token_001175,2025-06-07T19:48:22
acct_000950,token_000861,2025-11-11T18:08:11
acct_000728,token_000793,2025-08-12T17:26:00
acct_000703,token_000016,2025-02-13T14:12:30
acct_000583,token_000378,2025-05-02T13:47:10
acct_001054,token_000187,2025-01-21T14:11:23
acct_000830,token_000491,2025-11-29T14:33:06
acct_000503,token_000719,2025-11-02T17:00:25
acct_001008,token_000427,2025-12-23T15:12:48
acct_000133,token_000960,2025-09-20T04:43:17
acct_000528,token_000168,2025-08-15T05:30:47
acct_001003,token_001058,2025-11-30T04:56:26
acct_001015,token_000116,2025-08-06T14:32:14
acct_000064,token_000340,2025-07-07T14:32:47
acct_000882,token_000417,2025-03-25T12:01:03
acct_001085,token_000003,2025-03-15T08:47:11
acct_000999,token_000125,2025-09-03T06:08:01
acct_000072,token_001055,2025-04-17T00:11:39
acct_000839,token_000840,2025-01-24T00:23:29
acct_000566,token_001225,2025-03-04T04:47:47
acct_000083,token_000684,2025-10-21T03:12:32
acct_000797,token_000352,2025-06-22T03:52:07
acct_000703,token_000305,2025-06-30T13:58:04
acct_000051,token_000734,2025-06-05T03:03:17
acct_000529,token_001092,2025-09-28T17:55:40
acct_000449,token_000362,2025-05-11T21:14:27
acct_000109,token_001197,2025-02-25T08:53:40
acct_000403,token_001101,2025-03-23T18:23:41
acct_000026,token_000449,2025-02-09T05:38:45
acct_000790,token_000791,2025-05-24T12:15:38
acct_001105,token_000323,2025-04-23T09:05:00
acct_000438,token_000936,2025-12-20T11:28:39
acct_000488,token_001217,2025-05-26T07:09:10
acct_000262,token_000812,2025-06-18T16:54:56
acct_000856,token_000610,2025-08-13T02:05:10
acct_000313,token_000722,2025-10-22T21:51:52
acct_000690,token_000412,2025-08-07T14:26:32
acct_001052,token_000065,2025-02-28T02:31:54
acct_000344,token_000800,2025-03-21T13:41:32
acct_000438,token_000802,2025-11-06T12:05:46
acct_000316,token_000624,2025-10-28T10:00:12
acct_000992,token_000120,2025-09-18T13:11:50
acct_001006,token_000557,2025-06-19T01:33:39
acct_000667,token_001173,2025-09-14T00:00:40
acct_000621,token_000186,2025-07-25T07:30:58
acct_000826,token_000439,2025-01-16T18:12:11
acct_000339,token_000456,2025-10-28T19:07:42
acct_000210,token_000066,2025-07-15T21:23:06
acct_000875,token_000614,2025-11-08T14:43:57
acct_000168,token_000382,2025-02-14T23:15:46
acct_000838,token_000144,2025-12-17T16:01:06
acct_001114,token_000822,2025-02-08T23:57:21
acct_000987,token_001063,2025-02-11T03:19:14
acct_000186,token_001164,2025-02-15T00:35:59
acct_000456,token_000898,2025-07-14T19:52:08
acct_000303,token_000334,2025-12-19T07:27:29
acct_000866,token_001211,2025-03-22T14:22:22
acct_000437,token_000150,2025-07-12T15:18:14
acct_000218,token_000372,2025-11-03T09:56:59
acct_000345,token_001136,2025-01-19T16:00:36
acct_000732,token_001015,2025-10-07T20:52:56
acct_001035,token_000042,2025-10-01T08:45:20
acct_000705,token_000134,2025-10-21T00:46:12
acct_000028,token_000834,2025-12-07T09:02:19
acct_000484,token_001155,2025-04-13T09:02:33
acct_000936,token_000816,2025-08-19T17:36:33
acct_000562,token_000294,2025-09-13T12:18:28
acct_001093,token_000832,2025-08-23T21:19:41
acct_001015,token_000821,2025-07-02T07:14:53
acct_000795,token_000800,2025-02-23T05:54:58
acct_000820,token_000846,2025-09-10T14:47:27
acct_000324,token_000746,2025-02-21T07:36:17
acct_000700,token_000070,2025-07-22T08:03:41
acct_000222,token_000116,2025-10-28T02:13:21
acct_000244,token_000761,2025-01-07T11:15:58
acct_000301,token_000529,2025-10-09T18:29:58
acct_000404,token_000987,2025-10-23T22:54:20
acct_001088,token_000190,2025-07-11T02:34:33
acct_000088,token_000309,2025-03-05T03:46:24
acct_000741,token_000925,2025-10-29T11:39:28
acct_000295,token_001012,2025-05-03T03:58:44
acct_001079,token_000383,2025-01-10T19:16:30
acct_000904,token_000892,2025-12-22T09:10:46
acct_001026,token_000265,2025-09-01T00:35:15
acct_000211,token_000280,2025-02-19T20:43:27
acct_000008,token_000794,2025-04-18T17:12:36
acct_000945,token_000420,2025-01-27T20:18:55
acct_000567,token_000886,2025-07-01T12:30:48
acct_000729,token_000847,2025-10-12T22:13:22
acct_000268,token_001173,2025-03-01T14:13:26
acct_000093,token_000241,2025-03-07T00:05:11
acct_000640,token_000812,2025-06-29T22:29:22
acct_000842,token_000026,2025-09-19T01:27:11
acct_001104,token_001190,2025-11-30T11:49:33
acct_000536,token_000422,2025-11-27T07:07:05
acct_000814,token_000560,2025-05-17T19:48:32
acct_000188,token_001067,2025-12-01T01:46:18
acct_000482,token_000181,2025-10-22T01:04:35
acct_000195,token_000842,2025-08-14T00:15:07
acct_000151,token_001176,2025-12-24T20:02:02
acct_001065,token_001000,2025-08-09T13:44:02
acct_000150,token_001138,2025-08-01T17:10:28
acct_000027,token_000832,2025-05-22T02:22:57
acct_000408,token_001023,2025-03-02T16:40:16
acct_000807,token_000788,2025-11-17T14:23:25
acct_000460,token_000055,2025-06-26T09:21:06
acct_000886,token_000356,2025-05-22T07:10:23
acct_000961,token_000746,2025-12-22T08:28:07
acct_000688,token_000197,2025-09-20T12:05:58
acct_001041,token_001042,2025-09-25T03:19:09
acct_000972,token_000711,2025-05-27T23:53:47
acct_000399,token_000557,2025-01-20T19:55:01
acct_000719,token_000541,2025-07-21T06:22:15
acct_000715,token_000489,2025-11-28T12:46:10
acct_000495,token_000348,2025-09-09T10:42:13
acct_000988,token_000768,2025-07-26T15:29:30
acct_000508,token_000778,2025-10-15T12:24:10
acct_000563,token_000003,2025-03-26T19:51:13
acct_000414,token_000809,2025-04-20T04:20:46
acct_000280,token_001169,2025-07-04T07:00:20
acct_000182,token_001002,2025-01-18T10:41:26
acct_000538,token_001159,2025-03-20T12:29:49
acct_001082,token_000700,2025-11-11T00:20:36
acct_000964,token_000964,2025-07-06T18:10:35
acct_000195,token_000225,2025-03-14T20:35:20
acct_000425,token_000843,2025-06-23T04:02:08
acct_000062,token_000084,2025-01-14T21:47:52
acct_001050,token_000022,2025-04-09T18:17:46
acct_000119,token_000242,2025-08-04T04:24:34
acct_000877,token_001064,2025-10-17T18:16:25
acct_000050,token_000069,2025-09-01T05:50:58
acct_000111,token_000741,2025-03-22T06:47:40
acct_000339,token_000819,2025-04-13T19:31:46
acct_000335,token_000299,2025-05-19T18:06:54
acct_001089,token_000080,2025-12-29T10:48:11
acct_000115,token_001087,2025-10-03T06:38:57
acct_001077,token_000675,2025-04-02T22:13:26
acct_001056,token_000563,2025-08-16T22:07:56
acct_000163,token_000694,2025-01-16T22:19:18
acct_001028,token_000212,2025-01-06T18:48:44
acct_000063,token_000279,2025-04-22T21:21:01
acct_000740,token_000722,2025-09-28T23:40:46
acct_000676,token_000926,2025-12-29T15:23:00
acct_000304,token_001202,2025-07-07T09:28:56
acct_000583,token_000636,2025-09-25T04:31:18
acct_000699,token_001001,2025-03-01T19:44:18
acct_000043,token_000254,2025-12-20T21:37:12
acct_000580,token_000232,2025-04-18T07:20:58
acct_000724,token_000689,2025-12-25T16:52:30
acct_000991,token_001043,2025-08-06T16:09:07
acct_000105,token_000163,2025-02-04T11:37:26
acct_000475,token_001139,2025-12-11T12:59:42
acct_001061,token_000718,2025-02-04T04:10:25
acct_000420,token_000332,2025-04-21T16:43:23
acct_000379,token_000484,2025-08-06T16:23:25
acct_000922,token_000845,2025-06-17T21:06:46
acct_000190,token_000382,2025-06-18T22:09:57
acct_000398,token_001014,2025-11-15T14:58:14
acct_000909,token_001161,2025-05-01T19:39:46
acct_000686,token_000670,2025-11-10T19:54:34
acct_000023,token_001158,2025-04-15T04:26:52
acct_001102,token_000285,2025-10-31T12:07:45
acct_000282,token_000108,2025-07-01T15:22:36
acct_001055,token_000617,2025-05-07T21:49:42
acct_000667,token_000818,2025-11-17T15:50:45
acct_000270,token_000981,2025-04-12T09:59:06
acct_000364,token_000598,2025-02-04T02:10:12
acct_000170,token_001081,2025-09-18T11:05:46
acct_000539,token_000381,2025-10-03T13:41:40
acct_000098,token_000425,2025-08-01T19:25:31
acct_000079,token_000260,2025-02-01T15:50:09
acct_000684,token_000039,2025-05-17T10:47:34
acct_000397,token_000013,2025-07-06T01:51:38
acct_000314,token_000823,2025-08-17T05:31:06
acct_000318,token_000504,2025-08-25T17:46:56
acct_000089,token_000413,2025-02-03T13:45:10
acct_000936,token_000111,2025-06-07T08:34:28
acct_000730,token_000999,2025-06-15T13:05:11
acct_000785,token_001227,2025-11-11T15:32:43
acct_000035,token_001085,2025-10-13T02:05:02
acct_000906,token_000298,2025-10-02T06:51:18
acct_000685,token_000227,2025-01-10T12:49:15
acct_000390,token_000748,2025-03-29T02:21:07
acct_000109,token_001107,2025-02-16T09:59:18
acct_000699,token_000459,2025-12-24T10:59:22
acct_000776,token_000076,2025-08-23T16:32:40
acct_000744,token_000776,2025-10-26T16:19:37
acct_001024,token_000528,2025-01-17T18:17:01
acct_000415,token_000044,2025-11-28T01:48:01
acct_000374,token_001190,2025-06-09T11:43:15
acct_000008,token_000958,2025-01-20T00:36:43
acct_001016,token_000569,2025-06-30T06:09:11
acct_000822,token_000058,2025-06-24T14:33:30
acct_000306,token_000247,2025-05-24T01:41:22
acct_000358,token_000100,2025-05-19T14:46:36
acct_001109,token_000268,2025-07-10T07:43:51
acct_000683,token_000443,2025-04-02T08:11:27
acct_000165,token_000779,2025-06-15T08:36:39
acct_000388,token_000490,2025-03-24T16:15:19
acct_000272,token_000978,2025-04-01T03:43:39
acct_000520,token_000254,2025-03-14T08:24:35
acct_000473,token_000262,2025-08-13T20:45:22
acct_000568,token_000114,2025-05-07T11:20:27
acct_000617,token_000654,2025-05-16T19:49:59
acct_000071,token_001212,2025-06-25T00:53:48
acct_000944,token_001067,2025-05-03T11:57:31
acct_000139,token_000299,2025-10-30T17:40:11
acct_000219,token_000146,2025-07-31T22:16:09
acct_000503,token_000658,2025-07-25T07:33:20
acct_000844,token_000331,2025-03-14T18:28:29
acct_000514,token_000348,2025-09-15T17:18:21
acct_000566,token_000128,2025-12-26T14:10:57
acct_000158,token_001184,2025-02-12T01:56:56
acct_000597,token_000693,2025-01-27T03:58:50
acct_000688,token_000393,2025-09-19T19:10:24
acct_000138,token_000883,2025-08-03T08:18:58
acct_000364,token_000366,2025-02-03T06:15:47
acct_000583,token_000173,2025-11-13T17:38:21
acct_000345,token_000316,2025-12-18T18:20:21
acct_001037,token_000630,2025-08-29T02:42:01
acct_000301,token_000256,2025-09-15T02:58:47
acct_000254,token_000307,2025-08-06T09:12:54
acct_000736,token_001093,2025-12-11T13:24:33
acct_000516,token_000805,2025-11-20T18:00:08
acct_000519,token_001100,2025-06-21T06:31:27
acct_000874,token_000963,2025-01-21T02:53:41
acct_000599,token_000494,2025-09-29T10:45:38
acct_000282,token_000375,2025-05-15T12:15:52
acct_000890,token_001129,2025-09-29T14:05:52
acct_000341,token_000874,2025-01-09T06:55:09
acct_000474,token_000753,2025-04-02T08:49:32
acct_000958,token_000015,2025-11-28T22:08:13
acct_000819,token_000710,2025-05-27T18:08:29
acct_000736,token_000351,2025-12-16T14:42:09
acct_000719,token_001192,2025-03-22T20:16:36
acct_000702,token_000472,2025-03-31T01:57:42
acct_001018,token_000486,2025-02-22T03:50:35
acct_000354,token_001117,2025-02-24T08:13:11
acct_000908,token_000285,2025-01-28T10:05:46
acct_000446,token_000627,2025-11-23T17:08:11
acct_000885,token_001191,2025-09-19T11:54:36
acct_000190,token_000092,2025-01-27T07:13:02
acct_000537,token_000870,2025-07-02T18:08:34
acct_000023,token_000263,2025-04-19T18:45:40
acct_000843,token_000093,2025-04-25T06:24:39
acct_000301,token_000476,2025-05-19T18:39:24
acct_000158,token_001146,2025-08-04T06:35:46
acct_000760,token_001025,2025-06-30T11:29:51
acct_000330,token_001038,2025-03-29T07:31:04
acct_000174,token_000458,2025-02-14T01:36:35
acct_000083,token_000220,2025-12-07T08:23:10
acct_000667,token_000802,2025-01-13T19:17:08
acct_000648,token_000841,2025-07-20T14:42:28
acct_000728,token_001145,2025-03-14T04:49:11
acct_000074,token_001058,2025-09-21T03:02:45
acct_000278,token_000065,2025-06-26T21:51:53
acct_000256,token_000825,2025-09-25T05:23:41
acct_000527,token_000888,2025-10-26T21:06:26
acct_000033,token_000949,2025-10-30T08:58:06
acct_000989,token_000123,2025-09-06T04:43:28
acct_001025,token_000828,2025-03-04T11:10:24
acct_000591,token_000507,2025-11-13T03:41:49
acct_000166,token_000045,2025-04-16T08:01:15
acct_000961,token_000678,2025-05-28T13:19:15
acct_000056,token_000777,2025-07-09T19:56:53
acct_000543,token_000869,2025-09-11T23:35:23
acct_000839,token_000641,2025-08-10T16:56:40
acct_000675,token_000899,2025-07-27T21:29:54
acct_000637,token_000393,2025-03-17T16:10:02
acct_000683,token_001061,2025-05-11T12:20:11
acct_000604,token_000371,2025-10-01T07:22:16
acct_000070,token_000579,2025-01-19T22:55:52
acct_000937,token_000748,2025-07-12T22:52:33
acct_000778,token_000207,2025-02-17T02:26:36
acct_000124,token_000518,2025-01-13T01:42:20
acct_000808,token_000270,2025-01-23T19:17:09
acct_001042,token_000548,2025-06-28T14:51:02
acct_000542,token_000538,2025-12-26T19:11:46
acct_000238,token_000396,2025-07-11T11:12:01
acct_000272,token_000574,2025-03-04T16:22:12
acct_000063,token_000570,2025-05-11T15:04:08
acct_000718,token_000279,2025-07-26T13:38:21
acct_001078,token_000861,2025-07-07T00:05:02
acct_000936,token_000273,2025-07-21T23:01:38
acct_000003,token_000339,2025-04-10T23:41:53
acct_000784,token_001018,2025-05-21T06:33:19
acct_000399,token_000929,2025-01-12T18:36:50
acct_000467,token_000976,2025-12-12T06:54:12
acct_000055,token_000844,2025-10-06T03:17:53
acct_000249,token_000572,2025-03-11T21:36:24
acct_001057,token_000719,2025-06-28T17:47:06
acct_001103,token_000889,2025-12-11T02:01:11
acct_000050,token_001052,2025-06-14T08:28:51
acct_000011,token_000199,2025-05-11T04:49:51
acct_000365,token_000695,2025-07-29T18:48:42
acct_000664,token_000531,2025-02-26T19:01:25
acct_000774,token_000069,2025-08-04T21:28:57
acct_000155,token_000810,2025-06-27T18:21:18
acct_000444,token_000108,2025-03-04T04:18:41
acct_000302,token_000899,2025-01-06T15:59:17
acct_000885,token_000103,2025-09-17T12:21:28
acct_000379,token_000511,2025-01-11T10:23:23
acct_000480,token_000625,2025-05-13T04:56:13
acct_000436,token_000095,2025-01-12T23:19:14
acct_000547,token_000904,2025-10-13T23:26:17
acct_000491,token_000912,2025-01-20T18:15:07
acct_000582,token_001147,2025-02-02T00:28:21
acct_000733,token_001004,2025-11-20T06:59:17
acct_001002,token_000479,2025-04-08T08:37:26
acct_000420,token_001199,2025-12-15T09:08:43
acct_000014,token_000560,2025-04-11T10:01:25
acct_000545,token_000952,2025-06-01T16:32:31
acct_000759,token_000821,2025-12-24T12:50:54
acct_000789,token_000516,2025-06-03T00:48:07
acct_000657,token_001006,2025-01-25T02:05:48
acct_000613,token_000342,2025-06-17T10:22:24
acct_001078,token_000565,2025-01-24T23:07:04
acct_000180,token_000114,2025-02-04T13:11:10
acct_000223,token_001042,2025-09-17T15:39:13
acct_000593,token_001167,2025-02-10T12:32:15
acct_000433,token_000928,2025-12-08T15:21:02
acct_000869,token_000507,2025-11-10T18:02:16
acct_001094,token_000793,2025-09-26T22:34:24
acct_000628,token_000345,2025-03-18T02:09:52
acct_000240,token_001209,2025-03-16T06:28:46
acct_000261,token_001106,2025-03-03T16:32:48
acct_000784,token_000625,2025-06-11T23:23:48
acct_000435,token_001069,2025-04-22T19:52:40
acct_000561,token_000290,2025-07-25T12:41:02
acct_000435,token_000378,2025-01-22T00:19:23
acct_000620,token_000050,2025-01-05T16:04:39
acct_000265,token_000452,2025-06-19T09:21:14
acct_000692,token_001142,2025-04-22T21:17:30
acct_000445,token_000546,2025-06-29T16:24:33
acct_000456,token_000104,2025-03-03T04:54:54
acct_000970,token_001158,2025-11-19T20:42:37
acct_000497,token_000743,2025-06-29T09:46:29
acct_000364,token_000802,2025-08-21T06:08:12
acct_000329,token_000857,2025-02-06T01:56:04
acct_000905,token_001025,2025-05-04T22:36:05
acct_000448,token_000763,2025-01-16T08:05:41
acct_000975,token_000678,2025-06-06T07:27:10
acct_000495,token_000863,2025-03-27T12:35:34
acct_000134,token_000842,2025-05-10T06:49:27
acct_001024,token_000792,2025-10-01T06:21:34
acct_000469,token_000645,2025-03-12T19:30:58
acct_000377,token_000190,2025-05-12T11:09:20
acct_000813,token_000560,2025-04-21T13:58:15
acct_000997,token_001210,2025-02-25T10:27:58
acct_000313,token_000757,2025-02-03T18:25:31
acct_000112,token_001103,2025-09-14T00:28:36
acct_000804,token_000633,2025-03-28T05:00:47
acct_000326,token_000034,2025-05-07T23:40:03
acct_000300,token_000293,2025-06-23T22:58:19
acct_000340,token_000113,2025-07-01T13:38:50
acct_000206,token_000792,2025-08-01T08:58:36
acct_001069,token_000347,2025-04-08T07:34:34
acct_000664,token_000178,2025-09-17T02:57:01
acct_001116,token_000810,2025-10-15T20:29:58
acct_000508,token_000005,2025-10-29T07:52:16
acct_000752,token_000013,2025-04-04T09:15:07
acct_000445,token_000010,2025-08-03T21:15:09
acct_000502,token_000935,2025-09-04T20:15:28
acct_000436,token_000603,2025-07-25T16:13:19
acct_000624,token_000237,2025-06-30T15:56:31
acct_000110,token_000487,2025-01-04T18:08:00
acct_000232,token_000026,2025-05-26T12:03:52
acct_000329,token_000088,2025-02-04T06:37:21
acct_000441,token_000792,2025-09-21T22:38:27
acct_000843,token_001225,2025-03-11T17:13:57
acct_000033,token_000084,2025-08-11T16:13:01
acct_000125,token_000917,2025-11-05T21:20:39
acct_000128,token_001017,2025-04-08T06:51:37
acct_000805,token_000603,2025-05-12T22:37:46
acct_000343,token_001219,2025-04-05T03:05:43
acct_000396,token_000875,2025-11-27T01:00:26
acct_000822,token_000136,2025-09-05T18:56:03
acct_001108,token_000901,2025-06-19T04:22:03
acct_000522,token_000052,2025-09-04T12:01:07
acct_000205,token_000687,2025-07-14T02:55:00
acct_000060,token_000080,2025-03-01T12:39:34
acct_000313,token_000009,2025-10-01T09:27:46
acct_000305,token_000724,2025-09-08T05:37:02
acct_000358,token_000352,2025-08-25T00:01:29
acct_000335,token_000498,2025-07-15T08:34:18
acct_000586,token_000932,2025-08-16T09:35:33
acct_000159,token_001133,2025-09-14T21:45:07
acct_000007,token_000324,2025-11-27T22:08:40
acct_000189,token_000402,2025-12-09T15:03:42
acct_000860,token_000445,2025-05-22T12:48:00
acct_000302,token_000216,2025-05-12T20:41:09
acct_000166,token_000613,2025-11-29T13:14:00
acct_000836,token_001006,2025-03-09T10:25:07
acct_000419,token_001082,2025-05-26T12:03:29
acct_000535,token_000155,2025-03-27T12:47:49
acct_000352,token_000403,2025-01-10T23:38:40
acct_000787,token_000422,2025-11-14T16:02:00
acct_000234,token_001219,2025-04-05T02:49:27
acct_000076,token_000019,2025-01-31T02:36:00
acct_000005,token_000392,2025-06-11T07:00:55
acct_001048,token_000274,2025-12-26T10:18:55
acct_000536,token_000127,2025-04-22T00:56:42
acct_000867,token_000725,2025-05-24T00:00:13
acct_000964,token_001004,2025-07-15T16:09:26
acct_001095,token_000909,2025-01-07T03:54:37
acct_001097,token_000010,2025-11-14T09:51:43
acct_000840,token_000031,2025-06-12T18:42:11
acct_000168,token_000117,2025-07-14T08:08:50
acct_000268,token_001193,2025-01-24T15:29:31
acct_000567,token_000929,2025-05-09T11:45:47
acct_000458,token_000517,2025-11-12T12:16:58
acct_000678,token_000595,2025-06-27T20:32:41
acct_000877,token_000332,2025-11-02T11:04:01
acct_001059,token_000078,2025-01-01T08:35:18
acct_000656,token_000656,2025-11-22T02:51:53
acct_000330,token_000145,2025-02-20T19:31:35
acct_000504,token_000835,2025-01-27T18:38:25
acct_000387,token_001040,2025-04-22T09:41:10
acct_000598,token_001084,2025-04-08T00:18:51
acct_000179,token_001134,2025-01-19T17:59:45
acct_000847,token_000938,2025-06-26T16:09:22
acct_000120,token_001033,2025-08-27T05:07:17
acct_000419,token_000421,2025-11-16T11:03:01
acct_000144,token_001066,2025-05-11T15:06:48
acct_000218,token_000253,2025-04-29T17:25:13
acct_000523,token_001186,2025-04-07T19:09:41
acct_000069,token_000740,2025-08-29T18:51:21
acct_000174,token_000734,2025-05-30T04:00:24
acct_000601,token_000515,2025-02-26T01:42:56
acct_001078,token_001103,2025-05-09T06:00:05
acct_000617,token_000090,2025-09-21T17:23:29
acct_000058,token_000635,2025-06-29T04:48:14
acct_000509,token_000201,2025-09-15T17:24:40
acct_000986,token_000364,2025-05-15T02:31:52
acct_000819,token_001029,2025-12-24T10:59:36
acct_000225,token_000852,2025-02-01T10:30:59
acct_000795,token_000029,2025-08-09T20:25:41
acct_000385,token_000535,2025-12-28T14:32:23
acct_000639,token_000795,2025-07-08T18:37:55
acct_000871,token_000712,2025-07-12T02:34:16
acct_000161,token_000273,2025-01-02T16:18:22
acct_000186,token_001029,2025-04-05T15:36:25
acct_000861,token_000395,2025-06-10T11:33:51
acct_000593,token_001067,2025-11-07T20:09:13
acct_001073,token_000911,2025-12-02T21:12:14
acct_000166,token_001055,2025-01-05T23:55:34
acct_000285,token_000686,2025-12-23T16:50:25
acct_000993,token_000429,2025-06-14T15:01:21
acct_000505,token_000669,2025-07-20T04:04:38
acct_000221,token_000514,2025-02-18T23:45:03
acct_000512,token_000825,2025-06-26T14:48:30
acct_000599,token_000148,2025-05-19T01:52:23
acct_000152,token_000567,2025-07-01T06:56:17
acct_000848,token_001041,2025-02-21T23:49:48
acct_000049,token_000625,2025-11-29T09:07:00
acct_000839,token_000487,2025-07-28T04:24:05
acct_000820,token_000385,2025-03-22T21:22:33
acct_000063,token_000218,2025-10-28T23:32:05
acct_000002,token_000458,2025-08-02T19:46:58
acct_000409,token_000605,2025-07-15T10:58:32
acct_000668,token_000588,2025-08-17T17:26:31
acct_000515,token_000700,2025-06-15T07:52:39
acct_001030,token_000256,2025-11-27T01:02:07
acct_000262,token_001015,2025-12-14T10:08:51
acct_000957,token_000053,2025-12-22T21:08:24
acct_000528,token_000475,2025-10-10T21:46:39
acct_000432,token_001088,2025-08-12T09:37:43
acct_001110,token_000359,2025-09-02T18:26:13
acct_000643,token_001208,2025-10-10T23:57:24
acct_000798,token_000794,2025-11-23T19:45:09
acct_000035,token_000964,2025-03-26T14:40:19
acct_000835,token_001165,2025-09-04T01:56:37
acct_000342,token_000251,2025-12-29T11:57:49
acct_000850,token_000897,2025-06-07T16:07:00
acct_000121,token_000910,2025-11-09T04:12:42
acct_000348,token_001223,2025-09-15T05:55:28
acct_000849,token_000530,2025-02-06T19:05:04
acct_000609,token_000300,2025-02-24T04:11:46
acct_000214,token_000230,2025-10-13T18:16:38
acct_000862,token_000755,2025-09-14T17:08:28
acct_000139,token_000889,2025-09-30T20:13:11
acct_000309,token_000737,2025-04-19T07:30:11
acct_000274,token_001097,2025-01-03T22:25:45
acct_001076,token_000330,2025-12-20T03:03:08
acct_000442,token_000429,2025-05-14T19:22:09
acct_000388,token_000318,2025-10-09T03:16:27
acct_000002,token_000714,2025-09-24T02:33:21
acct_001105,token_001104,2025-12-11T19:03:14
acct_000416,token_000309,2025-07-04T09:51:42
acct_000779,token_000206,2025-11-18T16:29:12
acct_000751,token_000856,2025-11-27T06:37:10
acct_001073,token_000432,2025-08-12T22:29:09
acct_000438,token_000160,2025-03-20T14:06:27
acct_000582,token_001170,2025-09-03T07:45:46
acct_000796,token_000769,2025-03-11T11:41:23
acct_000775,token_001178,2025-01-30T11:55:44
acct_000850,token_000124,2025-12-03T10:32:54
acct_000217,token_000275,2025-04-18T18:04:47
acct_000156,token_000115,2025-12-20T20:46:06
acct_000029,token_000139,2025-09-24T19:27:39
acct_000194,token_000696,2025-12-28T05:04:59
acct_000731,token_000136,2025-08-07T14:40:16
acct_000148,token_000371,2025-07-17T16:19:37
acct_000855,token_000685,2025-11-27T12:14:41
acct_000475,token_000111,2025-11-14T19:26:31
acct_000491,token_001036,2025-04-25T20:00:36
acct_000730,token_000392,2025-01-11T05:08:17
acct_000096,token_000042,2025-01-23T05:23:10
acct_000215,token_000107,2025-04-09T07:23:12
acct_000515,token_000411,2025-05-19T11:14:17
acct_000427,token_000570,2025-05-27T22:34:34
acct_000963,token_000304,2025-08-05T20:00:09
acct_000578,token_000443,2025-04-06T22:49:40
acct_000272,token_001149,2025-08-06T01:30:28
acct_000646,token_001134,2025-04-07T12:07:38
acct_000429,token_000751,2025-10-15T13:56:02
acct_000959,token_000062,2025-02-02T15:44:59
acct_001003,token_000921,2025-01-15T08:18:52
acct_000747,token_000689,2025-07-06T03:09:53
acct_000703,token_000823,2025-12-18T01:18:58
acct_001018,token_000570,2025-01-13T07:26:14
acct_000870,token_000656,2025-06-29T15:41:14
acct_000901,token_000860,2025-12-29T08:36:21
acct_000241,token_001005,2025-08-31T06:10:10
acct_000132,token_001086,2025-02-08T19:19:38
acct_000570,token_000853,2025-02-18T03:33:52
acct_000524,token_000196,2025-10-19T04:01:50
acct_000252,token_000866,2025-10-29T04:12:01
acct_000677,token_000929,2025-10-16T09:54:46
acct_000984,token_000842,2025-09-03T01:59:43
acct_000499,token_000138,2025-11-23T00:46:40
acct_000881,token_000247,2025-05-06T18:09:06
acct_000527,token_000324,2025-05-27T10:05:13
acct_000002,token_000319,2025-08-12T13:28:36
acct_000606,token_000940,2025-08-10T03:50:37
acct_000344,token_000295,2025-05-02T04:09:04
acct_000863,token_000989,2025-05-11T06:44:45
acct_000419,token_000044,2025-09-27T09:47:47
acct_000528,token_000966,2025-02-06T08:23:03
acct_000662,token_000009,2025-04-01T23:56:36
acct_000569,token_000459,2025-07-14T09:44:06
acct_000682,token_000383,2025-03-28T19:53:53
acct_000763,token_000226,2025-02-16T06:29:20
acct_001010,token_000190,2025-10-27T23:39:52
acct_000814,token_000818,2025-05-02T19:21:03
acct_000915,token_001199,2025-07-04T07:47:50
acct_000515,token_000041,2025-08-31T11:56:41
acct_000772,token_000305,2025-10-27T01:07:08
acct_000081,token_000005,2025-04-15T18:27:12
acct_000515,token_000619,2025-09-16T15:48:53
acct_000512,token_000030,2025-11-27T18:12:28
acct_000395,token_000052,2025-01-13T22:40:14
acct_000454,token_001062,2025-11-11T17:05:26
acct_000850,token_000857,2025-12-12T12:40:57
acct_000529,token_000236,2025-10-02T01:09:36
acct_000548,token_001147,2025-08-16T02:37:06
acct_000532,token_000855,2025-07-12T09:48:02
acct_000708,token_000482,2025-08-10T07:00:38
acct_000662,token_000267,2025-11-25T22:47:50
acct_000382,token_000446,2025-05-22T09:25:13
acct_000410,token_000075,2025-03-27T03:32:14
acct_001045,token_000353,2025-06-18T07:18:24
acct_000893,token_000492,2025-07-29T06:39:20
acct_000706,token_000964,2025-11-15T22:03:16
acct_000587,token_000458,2025-09-17T00:23:14
acct_000875,token_001174,2025-12-12T00:49:12
acct_000200,token_000126,2025-01-01T14:19:26
acct_000916,token_000975,2025-10-20T09:51:50
acct_000463,token_000541,2025-05-20T20:13:14
acct_000695,token_000219,2025-07-24T02:23:24
acct_001095,token_001036,2025-03-10T11:39:49
acct_000638,token_000973,2025-12-08T22:28:55
acct_000112,token_000650,2025-06-08T04:19:58
acct_000927,token_000140,2025-10-23T19:41:30
acct_000596,token_001200,2025-10-01T12:12:29
acct_000576,token_001013,2025-08-10T17:36:52
acct_001011,token_000176,2025-08-04T03:14:14
acct_000048,token_000524,2025-07-15T23:18:13
acct_000697,token_001194,2025-08-08T10:45:47
acct_000559,token_000358,2025-11-30T03:21:03
acct_000264,token_001058,2025-11-28T11:01:04
acct_000671,token_000885,2025-05-25T21:54:11
acct_000686,token_000988,2025-01-19T16:12:51
acct_000374,token_000846,2025-09-14T11:01:09
acct_000311,token_000246,2025-04-23T13:25:13
acct_000404,token_001174,2025-10-05T17:28:53
acct_000972,token_000192,2025-09-14T18:42:12
acct_000851,token_000776,2025-04-12T02:14:50
acct_000361,token_000808,2025-04-10T06:59:06
acct_000034,token_000807,2025-06-01T11:42:02
acct_001027,token_000419,2025-10-25T03:41:39
acct_000328,token_000335,2025-05-04T01:44:55
acct_000076,token_000374,2025-12-24T06:24:08
acct_000980,token_000261,2025-04-07T00:52:59
acct_000537,token_000321,2025-04-07T23:30:02
acct_000139,token_000354,2025-01-25T12:21:40
acct_000689,token_000321,2025-03-27T11:36:58
acct_000896,token_000310,2025-08-01T09:49:53
acct_000899,token_001020,2025-05-26T11:11:32
acct_001078,token_001022,2025-06-10T03:28:30
acct_000984,token_000636,2025-10-19T08:04:12
acct_000862,token_001008,2025-04-09T12:05:03
acct_000606,token_000677,2025-12-30T12:21:46
acct_000983,token_000882,2025-07-14T22:57:58
acct_000103,token_000338,2025-08-22T03:04:31
acct_000156,token_001204,2025-06-25T02:39:47
acct_000611,token_000475,2025-06-19T06:17:46
acct_000710,token_000239,2025-02-13T23:23:38
acct_000656,token_000981,2025-07-05T10:21:29
acct_000933,token_000786,2025-11-02T00:55:23
acct_001102,token_000384,2025-01-16T17:23:53
acct_000898,token_000660,2025-05-22T11:42:46
acct_000838,token_000962,2025-02-22T07:47:05
acct_000399,token_000968,2025-12-29T05:25:00
acct_000246,token_000001,2025-07-10T07:56:22
acct_000390,token_000871,2025-01-19T09:49:10
acct_000844,token_001024,2025-07-13T15:11:54
acct_000095,token_000288,2025-06-05T05:45:08
acct_000474,token_000303,2025-05-19T03:17:36
acct_000161,token_001024,2025-01-27T06:53:44
acct_000186,token_000071,2025-09-18T16:33:45
acct_000694,token_000896,2025-03-26T05:53:19
acct_000838,token_000373,2025-10-30T17:17:57
acct_000684,token_001166,2025-10-27T09:22:29
acct_000495,token_000873,2025-08-08T22:50:38
acct_001057,token_000908,2025-03-19T06:21:40
acct_000717,token_000920,2025-10-13T10:49:09
acct_000025,token_000367,2025-09-25T08:46:46
acct_000656,token_000917,2025-03-24T00:48:30
acct_000957,token_000502,2025-06-07T16:49:16
acct_000784,token_000474,2025-01-07T11:09:04
acct_000617,token_001135,2025-02-23T12:11:35
acct_000631,token_000896,2025-10-15T00:55:47
acct_000338,token_000667,2025-12-22T20:34:34
acct_000608,token_000558,2025-09-02T22:17:24
acct_000533,token_001212,2025-01-08T01:25:59
acct_000214,token_001179,2025-02-12T12:30:58
acct_001027,token_000816,2025-07-27T02:45:17
acct_000748,token_000781,2025-05-07T10:01:10
acct_000864,token_000904,2025-08-19T11:51:27
acct_000633,token_000746,2025-08-04T16:27:05
acct_000452,token_000690,2025-02-06T12:35:17
acct_000076,token_000215,2025-03-13T23:38:07
acct_000586,token_000177,2025-11-06T23:24:16
acct_000394,token_001217,2025-12-28T12:41:15
acct_000577,token_000895,2025-11-25T02:38:50
acct_000318,token_000700,2025-02-03T12:29:53
acct_000738,token_000019,2025-09-17T01:00:50
acct_001109,token_000127,2025-12-18T08:45:59
acct_000434,token_000216,2025-02-28T19:34:49
acct_000880,token_000890,2025-05-11T09:21:09
acct_000603,token_000593,2025-08-24T18:33:15
acct_000826,token_000534,2025-12-07T11:00:14
acct_000031,token_000620,2025-12-22T09:42:49
acct_000197,token_000216,2025-06-06T10:30:23
acct_000455,token_000749,2025-01-28T22:44:27
acct_000993,token_000178,2025-08-14T04:08:47
acct_000594,token_000290,2025-12-21T12:22:15
acct_000300,token_000204,2025-05-12T00:20:14
acct_001017,token_000279,2025-12-10T10:02:20
acct_000811,token_000767,2025-07-27T03:38:17
acct_000463,token_000111,2025-09-24T09:05:06
acct_000802,token_000082,2025-01-03T19:46:47
acct_001085,token_000474,2025-06-29T08:43:07
acct_000358,token_000077,2025-04-26T05:35:04
acct_000481,token_001100,2025-11-02T19:12:31
acct_000356,token_000878,2025-06-05T06:14:59
acct_000035,token_000689,2025-04-05T18:19:34
acct_000112,token_000909,2025-02-06T21:22:09
acct_000226,token_000862,2025-06-13T07:34:17
acct_000428,token_000015,2025-03-06T14:47:03
acct_000465,token_000777,2025-04-24T17:25:11
acct_000248,token_000953,2025-01-18T22:37:34
acct_000024,token_000682,2025-10-27T13:31:59
acct_000967,token_000741,2025-04-13T10:10:08
acct_000813,token_000868,2025-03-07T10:49:40
acct_000617,token_000965,2025-07-13T13:11:53
acct_000713,token_000250,2025-07-24T15:16:56
acct_000511,token_000217,2025-12-03T05:33:14
acct_000853,token_000153,2025-06-22T07:17:45
acct_000651,token_000721,2025-10-15T11:52:45
acct_000183,token_000793,2025-03-22T02:49:19
acct_001070,token_000333,2025-12-31T02:21:02
acct_000131,token_000266,2025-10-08T16:58:07
acct_000556,token_000143,2025-04-09T10:35:40
acct_001082,token_000469,2025-09-08T04:34:22
acct_000713,token_000693,2025-02-27T18:59:27
acct_000479,token_000888,2025-08-14T10:32:30
acct_000214,token_000596,2025-10-16T11:40:40
acct_000094,token_000878,2025-11-21T12:27:19
acct_000661,token_000581,2025-04-30T00:14:40
acct_000979,token_000874,2025-10-27T17:22:19
acct_000521,token_001155,2025-07-03T23:50:25
acct_000718,token_001169,2025-07-15T00:45:06
acct_000353,token_000873,2025-02-05T02:27:09
acct_000054,token_000111,2025-07-15T01:47:50
acct_000286,token_000329,2025-04-04T18:10:03
acct_000879,token_000359,2025-09-29T13:59:06
acct_001008,token_001004,2025-03-11T20:46:20
acct_000294,token_000675,2025-02-22T19:04:02
acct_000736,token_001013,2025-11-07T23:18:47
acct_000204,token_000147,2025-08-15T09:54:37
acct_000219,token_000673,2025-05-25T20:11:56
acct_000350,token_000259,2025-03-30T14:29:10
acct_000624,token_000215,2025-07-06T10:16:50
acct_000229,token_001135,2025-02-24T14:06:12
acct_000475,token_000920,2025-04-28T03:04:46
acct_000897,token_000253,2025-03-28T17:36:20
acct_000642,token_000901,2025-12-09T15:55:46
acct_000660,token_000280,2025-04-19T20:53:16
acct_000144,token_000604,2025-05-05T17:07:23
acct_000125,token_000478,2025-02-08T18:50:54
acct_000502,token_000234,2025-04-10T06:40:41
acct_000433,token_000200,2025-08-14T12:36:29
acct_000612,token_000884,2025-04-15T20:44:05
acct_000276,token_000449,2025-11-10T10:25:16
acct_000071,token_001124,2025-01-09T19:31:25
acct_000849,token_000539,2025-05-05T23:42:15
acct_000603,token_000645,2025-01-22T13:35:39
acct_000575,token_000357,2025-02-15T10:55:20
acct_000147,token_000528,2025-04-28T18:13:44
acct_000522,token_000888,2025-05-01T03:09:26
acct_000522,token_000947,2025-07-25T05:15:33
acct_000648,token_000124,2025-03-16T17:26:53
acct_000219,token_000363,2025-01-24T06:06:22
acct_000045,token_000145,2025-04-10T16:49:47
acct_000208,token_000469,2025-09-30T01:57:31
acct_000847,token_000600,2025-05-28T11:17:18
acct_001111,token_001042,2025-12-03T15:15:58
acct_000322,token_000665,2025-02-05T20:27:20
acct_000481,token_000593,2025-10-15T22:49:19
acct_000978,token_000522,2025-07-02T12:54:56
acct_001102,token_000868,2025-11-25T19:37:59
acct_000118,token_000247,2025-03-15T16:22:47
acct_001017,token_000728,2025-10-20T01:22:44
acct_000852,token_000621,2025-11-01T21:38:04
acct_000959,token_000748,2025-09-28T18:29:16
acct_001103,token_000664,2025-05-24T18:32:04
acct_000970,token_000840,2025-04-04T23:50:38
acct_000442,token_000921,2025-07-02T16:38:24
acct_001040,token_000124,2025-08-14T15:57:09
acct_000384,token_000628,2025-07-30T02:05:18
acct_000816,token_000727,2025-07-05T17:08:15
acct_000590,token_001201,2025-06-01T07:15:10
acct_000361,token_000203,2025-08-24T12:24:42
acct_000095,token_000130,2025-03-25T19:01:07
acct_000614,token_000886,2025-12-01T04:03:06
acct_000722,token_000358,2025-11-25T23:04:44
acct_000715,token_000298,2025-11-11T11:08:35
acct_000886,token_001188,2025-03-01T21:05:23
acct_000588,token_001026,2025-05-30T11:35:44
acct_000368,token_000280,2025-06-26T07:06:30
acct_000909,token_000626,2025-04-06T13:38:36
acct_001079,token_000550,2025-01-31T18:44:22
acct_000171,token_000037,2025-05-28T08:15:44
acct_000577,token_000649,2025-03-27T14:17:33
acct_000943,token_000142,2025-08-20T03:07:24
acct_000747,token_000205,2025-08-29T21:50:14
acct_000163,token_000234,2025-07-18T12:19:53
acct_000135,token_001162,2025-02-05T20:04:12
acct_000912,token_000437,2025-11-20T19:44:47
acct_000352,token_000158,2025-08-28T10:56:49
acct_000686,token_001216,2025-12-26T19:57:53
acct_000085,token_000965,2025-01-25T21:52:12
acct_000647,token_000144,2025-08-11T05:03:13
acct_000562,token_000896,2025-01-20T07:06:05
acct_000017,token_000368,2025-06-05T14:54:00
acct_001008,token_000529,2025-10-14T21:27:48
acct_000199,token_000756,2025-01-09T04:18:18
acct_000349,token_001124,2025-11-27T05:09:49
acct_000297,token_000039,2025-07-29T06:09:03
acct_000851,token_001045,2025-12-07T21:22:22
acct_000161,token_000022,2025-06-16T16:11:18
acct_000958,token_000215,2025-05-02T12:20:11
acct_000937,token_000228,2025-12-08T23:34:44
acct_000877,token_000094,2025-06-16T04:02:00
acct_000531,token_001213,2025-02-13T00:13:02
acct_000950,token_000112,2025-09-21T06:12:32
acct_000801,token_001105,2025-02-05T04:29:30
acct_000079,token_000827,2025-10-06T17:17:42
acct_000652,token_000898,2025-10-20T13:03:03
acct_000791,token_000737,2025-12-01T15:51:49
acct_000737,token_001126,2025-05-31T09:03:42
acct_001020,token_001098,2025-09-04T23:56:35
acct_000494,token_000056,2025-04-18T10:35:41
acct_001017,token_000566,2025-12-01T20:18:49
acct_000105,token_001136,2025-01-23T09:39:50
acct_000386,token_000098,2025-12-24T17:34:30
acct_000988,token_001111,2025-10-28T21:38:49
acct_000706,token_000377,2025-05-24T20:51:25
acct_000166,token_000897,2025-07-18T02:53:37
acct_000247,token_000548,2025-07-19T04:24:22
acct_000563,token_000679,2025-08-14T10:26:23
acct_000784,token_001196,2025-06-24T00:20:50
acct_000418,token_000105,2025-06-10T07:21:07
acct_000609,token_000641,2025-11-13T03:58:33
acct_000876,token_000400,2025-09-13T11:01:19
acct_000241,token_001113,2025-05-05T03:01:25
acct_000842,token_000095,2025-03-19T01:55:33
acct_000009,token_000056,2025-10-10T01:26:28
acct_000892,token_001055,2025-07-01T11:34:15
acct_000858,token_000847,2025-01-12T05:46:24
acct_000089,token_000061,2025-08-25T09:32:57
acct_000204,token_000812,2025-02-10T12:15:50
acct_000357,token_000140,2025-07-31T10:34:34
acct_000097,token_000335,2025-03-08T17:50:06
acct_000921,token_000585,2025-09-16T13:57:04
acct_000435,token_000009,2025-08-01T01:43:34
acct_000557,token_000395,2025-06-11T17:50:56
acct_000444,token_001033,2025-06-14T00:39:09
acct_000050,token_001139,2025-11-23T22:44:32
acct_001078,token_000048,2025-12-14T17:07:06
acct_000343,token_000979,2025-05-31T13:36:10
acct_000921,token_000080,2025-09-10T03:43:43
acct_000903,token_000822,2025-12-15T07:31:17
acct_000876,token_000257,2025-12-17T16:11:10
acct_000366,token_000332,2025-10-07T01:59:39
acct_000214,token_000336,2025-10-06T13:26:17
acct_000416,token_001075,2025-02-23T12:38:16
acct_000883,token_000465,2025-06-05T21:43:49
acct_000626,token_000299,2025-04-01T00:40:02
acct_000075,token_000584,2025-11-01T03:50:37
acct_000510,token_000197,2025-12-10T17:35:39
acct_000321,token_000645,2025-11-15T23:29:05
acct_000116,token_000407,2025-02-12T08:01:11
acct_001090,token_000135,2025-11-13T00:50:06
acct_000834,token_000303,2025-06-13T07:35:47
acct_000288,token_000730,2025-11-26T02:01:54
acct_000031,token_000766,2025-12-07T16:15:04
acct_001011,token_000384,2025-04-12T02:26:45
acct_000203,token_000561,2025-01-08T22:47:57
acct_000589,token_000298,2025-09-30T17:11:49
acct_000968,token_000537,2025-10-07T09:01:51
acct_000021,token_000153,2025-01-13T12:02:49
acct_000777,token_000249,2025-07-15T06:05:26
acct_000369,token_001213,2025-01-01T16:27:00
acct_000535,token_000719,2025-05-17T00:49:41
acct_000599,token_000922,2025-10-19T02:00:53
acct_000207,token_000806,2025-09-05T12:52:48
acct_000934,token_000120,2025-11-29T08:01:04
acct_000829,token_000523,2025-02-20T11:42:20
acct_000986,token_000495,2025-08-23T16:09:56
acct_000400,token_000223,2025-04-27T17:15:08
acct_000927,token_001080,2025-06-05T06:07:50
acct_000643,token_000582,2025-11-27T23:39:52
acct_000467,token_000437,2025-11-14T09:37:30
acct_000104,token_000042,2025-11-02T05:04:46
acct_000951,token_000011,2025-02-16T20:18:09
acct_000427,token_001140,2025-09-04T02:29:01
acct_000384,token_001056,2025-07-04T18:07:01
acct_001008,token_000054,2025-05-07T06:49:08
acct_000236,token_000554,2025-09-21T12:22:41
acct_000289,token_000153,2025-06-24T22:39:20
acct_000225,token_000716,2025-09-09T00:04:35
acct_000765,token_000159,2025-06-08T12:31:57
acct_000554,token_000004,2025-01-01T09:24:11
acct_000809,token_000938,2025-10-09T14:35:05
acct_000665,token_000312,2025-04-05T15:06:06
acct_000201,token_000685,2025-11-27T00:22:38
acct_000607,token_001222,2025-07-10T14:02:11
acct_000774,token_000116,2025-02-13T07:45:02
acct_000243,token_001176,2025-06-22T01:39:58
acct_000794,token_000945,2025-08-28T04:29:20
acct_001004,token_000637,2025-06-25T15:54:53
acct_001088,token_000883,2025-06-23T14:15:48
acct_001000,token_000727,2025-02-14T22:02:08
acct_000180,token_000671,2025-06-23T05:44:46
acct_000602,token_000244,2025-06-24T12:31:41
acct_000483,token_000176,2025-02-15T21:21:02
acct_000099,token_000626,2025-08-21T09:43:35
acct_000523,token_001147,2025-12-11T08:01:14
acct_000873,token_000866,2025-01-29T04:49:08
acct_000312,token_000005,2025-12-12T02:07:45
acct_000523,token_001208,2025-09-30T11:59:25
acct_001065,token_000917,2025-08-17T22:20:23
acct_000541,token_000554,2025-11-24T07:32:28
acct_000275,token_000996,2025-01-22T07:22:46
acct_000739,token_000407,2025-04-10T10:43:35
acct_000695,token_000567,2025-09-19T01:21:41
acct_000964,token_001033,2025-08-25T19:41:17
acct_000302,token_000515,2025-02-07T06:49:01
acct_000014,token_000457,2025-01-08T09:08:23
acct_000600,token_001109,2025-07-21T17:04:56
acct_000048,token_000323,2025-12-04T11:02:58
acct_000279,token_000416,2025-06-08T17:59:53
acct_000921,token_000441,2025-10-25T20:44:55
acct_000485,token_001204,2025-07-03T12:23:08
acct_000457,token_000677,2025-09-25T03:59:53
acct_000786,token_000347,2025-01-05T16:04:43
acct_000270,token_000792,2025-03-23T10:32:14
acct_000415,token_000153,2025-05-30T06:15:38
acct_001058,token_000627,2025-07-08T06:08:17
acct_000026,token_001226,2025-09-10T22:56:28
acct_000345,token_001119,2025-08-15T04:40:48
acct_000188,token_000204,2025-08-20T09:37:28
acct_001036,token_000558,2025-11-08T13:12:59
acct_001013,token_000854,2025-12-02T12:58:40
acct_000624,token_000609,2025-01-19T02:52:33
acct_000068,token_001077,2025-04-19T11:01:04
acct_000731,token_000794,2025-03-26T08:28:59
acct_000645,token_001130,2025-12-05T23:53:43
acct_000781,token_000929,2025-12-07T12:31:40
acct_000039,token_000371,2025-01-26T00:34:59
acct_000187,token_000154,2025-05-31T17:58:46
acct_001006,token_000579,2025-01-19T20:39:49
acct_000743,token_000824,2025-06-13T13:59:20
acct_000693,token_000454,2025-01-12T09:15:56
acct_000860,token_000490,2025-08-07T19:52:27
acct_000040,token_001132,2025-02-09T14:26:41
acct_000249,token_000743,2025-11-19T11:34:30
acct_000595,token_000589,2025-01-23T18:41:53
acct_001070,token_000015,2025-10-16T23:47:21
acct_000193,token_000327,2025-09-19T14:46:27
acct_001023,token_000292,2025-04-10T20:15:56
acct_000961,token_001193,2025-12-31T03:38:39
acct_000105,token_000038,2025-10-07T04:37:31
acct_000285,token_000846,2025-01-15T18:22:56
acct_000609,token_000309,2025-06-12T11:14:04
acct_000415,token_000522,2025-06-24T19:17:56
acct_000198,token_000920,2025-01-15T01:08:56
acct_000832,token_001113,2025-11-08T05:09:01
acct_000784,token_000569,2025-11-21T22:46:39
acct_000536,token_000160,2025-04-07T05:47:15
acct_000296,token_000686,2025-04-08T10:24:39
acct_001110,token_001156,2025-07-28T10:37:01
acct_000421,token_000694,2025-01-06T20:51:44
acct_001080,token_000215,2025-09-05T12:30:04
acct_000036,token_001003,2025-08-13T17:18:40
acct_000894,token_000634,2025-07-18T00:00:14
acct_000651,token_001015,2025-08-25T05:36:41
acct_000542,token_000088,2025-09-20T16:24:25
acct_000224,token_000479,2025-03-16T06:03:01
acct_000910,token_001121,2025-09-06T21:59:54
acct_000016,token_000549,2025-12-03T04:53:25
acct_000138,token_001077,2025-03-16T20:49:25
acct_000255,token_000588,2025-05-29T06:11:12
acct_000663,token_000856,2025-06-25T13:32:43
acct_000029,token_001071,2025-04-15T06:55:19
acct_000214,token_000888,2025-07-21T14:11:51
acct_000266,token_000824,2025-08-04T19:56:01
acct_000937,token_000889,2025-01-31T08:48:23
acct_000413,token_000015,2025-05-12T19:05:28
acct_001004,token_001190,2025-10-09T16:47:44
acct_000973,token_000331,2025-11-11T12:10:19
acct_001032,token_000070,2025-02-04T07:41:34
acct_000970,token_000827,2025-03-02T00:25:18
acct_000694,token_001204,2025-06-12T02:54:18
acct_001107,token_001162,2025-10-21T22:11:37
acct_000649,token_000864,2025-07-20T14:53:59
acct_000849,token_000176,2025-06-17T16:48:28
acct_000797,token_000061,2025-09-21T18:20:44
acct_000002,token_000897,2025-12-11T11:10:26
acct_000439,token_001140,2025-09-30T21:02:17
acct_000386,token_000136,2025-06-08T07:28:17
acct_000515,token_000851,2025-12-28T18:06:37
acct_001039,token_000454,2025-07-07T03:11:18
acct_000695,token_000848,2025-07-28T01:18:03
acct_000773,token_000268,2025-04-14T16:25:27
acct_001059,token_000682,2025-08-04T16:37:18
acct_000332,token_000457,2025-11-15T05:42:57
acct_000654,token_001074,2025-10-29T15:21:29
acct_000424,token_000164,2025-02-19T16:09:42
acct_000136,token_000919,2025-05-22T17:00:02
acct_001015,token_000699,2025-01-24T00:53:25
acct_000014,token_000884,2025-11-18T13:58:00
acct_000598,token_000949,2025-02-05T11:56:12
acct_000742,token_000035,2025-08-05T03:50:08
acct_000323,token_001206,2025-08-17T12:09:03
acct_001060,token_000591,2025-04-23T06:51:02
acct_000800,token_001155,2025-12-03T13:06:00
acct_000597,token_000144,2025-02-02T22:04:56
acct_000084,token_000702,2025-05-31T10:28:19
acct_001080,token_000151,2025-02-12T09:26:14
acct_000414,token_000272,2025-12-04T23:33:54
acct_000243,token_000627,2025-04-13T12:23:54
acct_000284,token_001205,2025-06-06T18:35:29
acct_000874,token_001195,2025-08-22T23:55:39
acct_001105,token_001197,2025-10-17T16:09:17
acct_000939,token_000283,2025-04-27T13:39:56
acct_000335,token_000568,2025-06-27T05:42:47
acct_000848,token_001226,2025-09-25T16:09:27
acct_000061,token_001180,2025-03-25T16:32:11
acct_000980,token_000808,2025-02-05T17:24:48
acct_001081,token_000827,2025-11-05T22:53:05
acct_000840,token_001057,2025-04-28T17:38:48
acct_000609,token_000509,2025-08-07T16:54:00
acct_000065,token_000362,2025-08-28T03:08:24
acct_000039,token_000790,2025-01-11T01:14:58
acct_000347,token_000184,2025-02-21T15:57:22
acct_000191,token_000920,2025-10-16T11:02:39
acct_000657,token_000775,2025-06-10T20:20:08
acct_000029,token_001095,2025-01-25T11:09:54
acct_000742,token_000131,2025-11-14T18:14:28
acct_000534,token_000107,2025-12-05T22:03:19
acct_000684,token_000537,2025-05-14T03:36:28
acct_000174,token_001038,2025-10-04T08:38:32
acct_000181,token_000650,2025-05-26T08:45:57
acct_000552,token_000720,2025-02-20T22:18:45
acct_000673,token_000003,2025-02-16T03:36:25
acct_000262,token_000657,2025-09-19T06:35:23
acct_000701,token_000056,2025-04-04T03:58:37
acct_000678,token_000754,2025-12-31T19:22:28
acct_000498,token_000147,2025-08-13T14:38:14
acct_000383,token_000031,2025-05-13T02:00:52
acct_001071,token_000037,2025-10-20T16:51:04
acct_000926,token_001188,2025-12-05T03:22:10
acct_000097,token_000427,2025-01-09T02:31:10
acct_000306,token_000524,2025-01-06T01:27:17
acct_000402,token_000369,2025-09-22T12:35:30
acct_000804,token_000861,2025-07-07T17:45:48
acct_000052,token_000218,2025-01-05T10:35:37
acct_000096,token_001009,2025-01-27T23:27:58
acct_000050,token_001140,2025-02-07T10:43:27
acct_000576,token_000079,2025-01-19T17:40:07
acct_000242,token_000941,2025-11-10T03:26:17
acct_000935,token_000707,2025-04-16T09:51:10
acct_000044,token_000461,2025-09-02T01:24:37
acct_000043,token_000990,2025-04-20T15:44:06
acct_000397,token_000435,2025-04-13T10:13:07
acct_000960,token_000537,2025-05-15T20:18:06
acct_000286,token_000214,2025-11-28T13:44:45
acct_000359,token_000462,2025-12-03T03:44:46
acct_000880,token_000341,2025-07-15T00:04:29
acct_000991,token_000205,2025-06-22T21:46:16
acct_000930,token_000879,2025-12-21T12:27:55
acct_000149,token_000014,2025-07-27T10:28:01
acct_000717,token_001125,2025-05-11T08:47:42
acct_001007,token_000453,2025-05-26T05:15:11
acct_000062,token_000035,2025-05-18T01:37:12
acct_000456,token_000119,2025-07-09T09:21:31
acct_000471,token_001035,2025-02-05T14:01:01
acct_001043,token_000837,2025-01-21T19:18:15
acct_001070,token_000410,2025-11-13T18:38:24
acct_000510,token_000297,2025-12-17T08:15:44
acct_000595,token_000834,2025-07-14T02:15:06
acct_000050,token_000688,2025-06-13T08:30:24
acct_000774,token_000977,2025-03-28T16:47:37
acct_000545,token_000214,2025-06-21T18:45:28
acct_000679,token_001214,2025-01-26T20:06:49
acct_000534,token_000670,2025-08-31T23:09:53
acct_000942,token_000236,2025-07-31T21:35:05
acct_001108,token_000262,2025-05-21T16:57:14
acct_000634,token_000869,2025-05-01T22:29:18
acct_000948,token_000163,2025-11-18T16:26:53
acct_000017,token_000940,2025-01-29T12:56:19
acct_000399,token_001210,2025-09-22T12:45:55
acct_000092,token_000199,2025-08-28T21:33:39
acct_000260,token_000654,2025-06-25T19:08:54
acct_000848,token_001136,2025-05-22T18:34:00
acct_000001,token_000400,2025-07-28T23:15:50
acct_000021,token_000126,2025-01-25T06:44:22
acct_000776,token_000232,2025-04-15T12:19:27
acct_000838,token_001102,2025-04-29T23:24:07
acct_000664,token_000182,2025-08-25T15:47:15
acct_001056,token_000820,2025-09-09T12:26:10
acct_001000,token_000038,2025-08-16T23:24:52
acct_000672,token_000087,2025-06-30T06:40:18
acct_001109,token_000146,2025-08-28T05:18:38
acct_000528,token_000091,2025-12-04T09:20:12
acct_001011,token_000115,2025-09-05T16:07:02
acct_000660,token_000301,2025-02-20T00:56:49
acct_000028,token_000696,2025-02-13T04:38:29
acct_000585,token_000077,2025-02-22T14:12:10
acct_000552,token_000737,2025-09-25T14:50:23
acct_000112,token_000683,2025-02-21T06:37:10
acct_000856,token_000943,2025-09-01T17:13:31
acct_000032,token_001155,2025-12-07T01:29:13
acct_000775,token_000921,2025-10-10T14:21:23
acct_000873,token_001026,2025-07-23T22:41:24
acct_000360,token_000535,2025-09-06T23:14:47
acct_001042,token_000933,2025-04-22T07:43:16
acct_000083,token_000686,2025-11-28T04:12:23
acct_000365,token_000212,2025-04-06T14:17:35
acct_000179,token_000012,2025-10-05T05:21:44
acct_000006,token_000318,2025-02-08T14:07:01
acct_000983,token_001059,2025-08-15T03:27:25
acct_000648,token_000115,2025-04-24T18:09:35
acct_000057,token_000133,2025-06-13T01:56:51
acct_001089,token_000689,2025-05-23T15:58:15
acct_000350,token_000186,2025-01-14T11:49:41
acct_000224,token_000484,2025-05-08T07:09:05
acct_000712,token_001024,2025-12-23T03:38:56
acct_000580,token_000844,2025-02-21T23:05:04
acct_000092,token_000993,2025-04-01T06:16:30
acct_000769,token_000751,2025-04-18T20:39:03
acct_000309,token_000181,2025-09-21T07:30:26
acct_000781,token_000090,2025-10-11T14:09:30
acct_000504,token_000964,2025-12-07T16:31:38
acct_000238,token_000035,2025-04-14T10:29:15
acct_001008,token_000767,2025-08-07T10:01:49
acct_000130,token_000316,2025-04-12T05:17:42
acct_000708,token_000428,2025-12-19T09:57:05
acct_000021,token_000934,2025-01-11T04:26:47
acct_000813,token_000273,2025-03-20T10:21:45
acct_000216,token_000880,2025-07-02T06:29:35
acct_000187,token_000302,2025-11-21T19:14:02
acct_000248,token_000270,2025-12-28T03:13:39
acct_000198,token_000917,2025-12-31T09:04:45
acct_001001,token_000478,2025-03-31T10:07:01
acct_001064,token_001000,2025-04-22T00:33:50
acct_000388,token_000953,2025-08-21T00:18:34
acct_000250,token_000963,2025-06-13T15:42:10
acct_000964,token_000932,2025-07-31T05:26:06
acct_000328,token_000329,2025-11-28T17:12:12
acct_000692,token_000297,2025-09-22T17:17:03
acct_000318,token_000758,2025-06-21T22:57:51
acct_000714,token_000850,2025-09-27T13:49:59
acct_001042,token_000164,2025-01-09T09:37:19
acct_000708,token_000380,2025-11-11T00:53:56
acct_000144,token_000622,2025-11-17T17:02:47
acct_000551,token_000752,2025-12-04T15:45:31
acct_000002,token_000267,2025-11-08T19:05:35
acct_000754,token_000841,2025-09-11T17:36:17
acct_000544,token_000642,2025-06-06T05:40:25
acct_000666,token_000320,2025-06-17T01:31:33
acct_000121,token_000146,2025-02-28T00:06:33
acct_000062,token_000160,2025-03-05T12:14:10
acct_000781,token_000335,2025-06-10T14:49:10
acct_000082,token_000076,2025-02-22T12:13:12
acct_000264,token_001043,2025-04-30T09:05:11
acct_000127,token_000394,2025-10-12T06:24:42
acct_000849,token_000543,2025-02-20T12:32:35
acct_000759,token_000181,2025-10-10T16:53:33
acct_000733,token_000238,2025-07-22T20:59:43
acct_000472,token_000236,2025-05-11T01:59:48
acct_000395,token_000074,2025-02-10T19:01:47
acct_000442,token_000074,2025-03-19T16:46:17
acct_000628,token_000363,2025-12-26T18:43:22
acct_000472,token_000080,2025-09-19T00:55:08
acct_000551,token_001219,2025-09-23T06:05:23
acct_000379,token_000917,2025-10-12T15:53:07
acct_000091,token_000874,2025-09-08T09:44:28
acct_000129,token_000685,2025-10-25T11:03:10
acct_000873,token_001020,2025-07-20T15:34:16
acct_000276,token_000111,2025-08-25T18:37:30
acct_000728,token_000366,2025-08-07T05:32:18
acct_000310,token_000240,2025-05-29T02:29:45
acct_000227,token_000041,2025-04-16T04:40:38
acct_000710,token_000801,2025-09-07T15:01:41
acct_000089,token_000383,2025-01-19T14:58:58
acct_000639,token_001176,2025-10-28T21:59:55
acct_001034,token_000636,2025-12-07T17:38:46
acct_000922,token_001155,2025-02-16T04:13:36
acct_000695,token_000216,2025-11-14T21:12:16
acct_000807,token_000406,2025-01-23T20:52:29
acct_000417,token_000154,2025-04-07T10:37:52
acct_000350,token_001118,2025-10-24T03:30:30
acct_000051,token_001002,2025-07-27T16:24:17
acct_000640,token_000099,2025-03-28T18:05:58
acct_000257,token_000910,2025-06-17T14:07:37
acct_000292,token_001087,2025-05-04T03:14:54
acct_000922,token_000390,2025-01-25T14:50:44
acct_000622,token_000460,2025-12-18T01:51:51
acct_000959,token_000804,2025-02-10T15:45:38
acct_000340,token_000701,2025-11-25T22:08:16
acct_001008,token_000010,2025-12-28T17:05:06
acct_001029,token_000636,2025-10-13T11:08:23
acct_000086,token_000604,2025-01-07T21:33:33
acct_000799,token_000246,2025-04-25T06:16:04
acct_000457,token_000413,2025-07-06T04:04:10
acct_000156,token_001056,2025-12-21T04:42:53
acct_001041,token_001017,2025-07-22T06:55:04
acct_000729,token_000114,2025-07-17T10:16:41
acct_000992,token_000123,2025-06-02T09:59:57
acct_000730,token_000890,2025-02-28T04:31:38
acct_000496,token_001118,2025-01-30T04:51:17
acct_000140,token_000801,2025-02-01T01:53:39
acct_000318,token_001047,2025-12-18T10:30:50
acct_000971,token_000784,2025-04-12T05:58:20
acct_000014,token_000335,2025-11-14T20:30:23
acct_000771,token_000796,2025-06-26T10:09:09
acct_001045,token_000920,2025-08-29T20:26:51
acct_000537,token_000680,2025-12-10T20:53:49
acct_000960,token_000337,2025-01-25T05:57:11
acct_001061,token_000546,2025-01-10T13:46:44
acct_000362,token_000320,2025-12-15T08:38:12
acct_000409,token_000357,2025-03-06T07:06:37
acct_001100,token_000833,2025-11-22T19:04:52
acct_001081,token_000130,2025-01-08T18:54:10
acct_000869,token_000814,2025-10-09T07:42:54
acct_001029,token_000640,2025-08-10T04:06:16
acct_000934,token_000908,2025-09-05T17:20:03
acct_000354,token_000647,2025-08-21T02:33:09
acct_000905,token_000699,2025-02-19T22:25:13
acct_000683,token_000189,2025-01-01T17:57:00
acct_000200,token_000610,2025-04-05T16:16:30
acct_000739,token_000359,2025-01-13T20:10:50
acct_000599,token_001170,2025-07-03T00:08:40
acct_000444,token_000760,2025-11-09T11:29:29
acct_000859,token_000639,2025-12-15T15:42:06
acct_000396,token_000056,2025-11-15T17:20:52
acct_000916,token_000436,2025-01-20T11:17:08
acct_000244,token_000038,2025-07-18T16:28:19
acct_000753,token_000611,2025-06-15T08:51:05
acct_000079,token_000064,2025-12-02T17:05:27
acct_000562,token_000493,2025-01-01T09:03:40
acct_000681,token_000168,2025-08-20T03:59:29
acct_000777,token_001004,2025-05-04T02:36:05
acct_000815,token_001168,2025-12-12T14:02:08
acct_000614,token_000401,2025-12-14T12:41:41
acct_000403,token_000060,2025-03-27T14:38:22
acct_001015,token_000844,2025-08-03T03:07:13
acct_000580,token_000682,2025-10-21T21:07:57
acct_000481,token_001187,2025-09-27T08:55:58
acct_000681,token_000776,2025-12-06T22:35:04
acct_001088,token_001106,2025-07-07T23:50:46
acct_000839,token_000627,2025-05-18T18:44:40
acct_000715,token_000561,2025-05-05T01:12:39
acct_000224,token_000394,2025-07-16T15:23:49
acct_000662,token_000161,2025-04-15T10:36:36
acct_000120,token_000265,2025-05-10T10:49:54
acct_001055,token_000514,2025-08-21T14:15:38
acct_000795,token_001155,2025-07-20T11:56:11
acct_000800,token_000504,2025-03-27T23:34:29
acct_000806,token_001035,2025-10-19T06:11:54
acct_000016,token_001075,2025-06-19T07:45:03
acct_001005,token_000588,2025-01-20T13:51:44
acct_000173,token_000689,2025-08-03T07:14:20
acct_000288,token_000992,2025-02-19T19:03:00
acct_000332,token_000318,2025-01-30T13:01:36
acct_000640,token_001005,2025-10-20T15:12:32
acct_000284,token_000134,2025-01-07T01:59:15
acct_001029,token_000761,2025-09-15T18:58:39
acct_000956,token_000969,2025-08-15T16:32:05
acct_000627,token_000434,2025-01-06T23:42:06
acct_000826,token_001157,2025-07-16T12:32:15
acct_000295,token_000017,2025-02-25T07:09:43
acct_000431,token_000624,2025-03-24T09:48:21
acct_000847,token_000999,2025-02-13T11:57:57
acct_000930,token_001194,2025-12-21T18:28:38
acct_000267,token_000365,2025-05-12T14:56:48
acct_000946,token_000710,2025-07-21T14:55:07
acct_001020,token_000629,2025-01-20T01:28:42
acct_000107,token_001104,2025-11-02T04:20:25
acct_000606,token_000591,2025-06-12T04:30:39
acct_000497,token_001058,2025-02-10T14:31:05
acct_000721,token_000898,2025-06-27T09:25:30
acct_000633,token_000432,2025-01-08T15:41:33
acct_000360,token_000376,2025-09-01T06:04:10
acct_000333,token_000215,2025-07-02T04:45:36
acct_000553,token_000631,2025-07-16T05:36:24
acct_000832,token_000332,2025-05-13T05:16:22
acct_000475,token_000766,2025-01-22T08:07:50
acct_000233,token_001108,2025-04-09T10:01:52
acct_000056,token_000350,2025-07-28T20:22:09
acct_000198,token_000955,2025-02-18T09:26:21
acct_000725,token_000555,2025-04-16T01:05:02
acct_000933,token_000340,2025-08-07T00:14:08
acct_000601,token_000815,2025-02-01T20:40:53
acct_001057,token_000213,2025-11-10T05:34:19
acct_000746,token_000431,2025-07-11T18:31:09
acct_000541,token_000818,2025-04-08T05:23:52
acct_000751,token_000637,2025-07-01T09:31:47
acct_000781,token_000790,2025-11-19T01:17:05
acct_000752,token_000170,2025-10-18T14:01:02
acct_000677,token_000659,2025-10-30T08:17:38
acct_000814,token_001101,2025-12-05T18:39:13
acct_000382,token_000146,2025-01-30T21:05:55
acct_000159,token_000597,2025-10-24T05:26:15
acct_000800,token_000830,2025-09-21T22:40:04
acct_000412,token_001048,2025-06-02T09:06:35
acct_001061,token_000046,2025-08-17T16:23:56
acct_000414,token_000033,2025-07-02T15:52:47
acct_000229,token_000968,2025-06-24T14:20:17
acct_001031,token_001169,2025-04-11T23:39:00
acct_001047,token_000634,2025-09-21T17:10:15
acct_000853,token_001027,2025-08-17T22:46:06
acct_000897,token_000619,2025-11-18T23:25:30
acct_000992,token_000303,2025-11-07T20:51:28
acct_000381,token_000907,2025-05-21T09:20:43
acct_000607,token_000218,2025-03-19T09:33:38
acct_000832,token_000625,2025-01-26T12:20:32
acct_000748,token_000842,2025-06-18T00:24:50
acct_000862,token_001189,2025-08-20T19:56:08
acct_000628,token_000214,2025-04-02T01:39:57
acct_000213,token_000881,2025-02-16T11:08:02
acct_000381,token_000221,2025-11-23T18:26:04
acct_000418,token_000670,2025-01-13T03:19:03
acct_000482,token_000208,2025-04-26T21:28:59
acct_000604,token_000901,2025-08-24T03:09:44
acct_000714,token_000175,2025-12-05T12:12:05
acct_000841,token_000289,2025-01-13T15:54:25
acct_000086,token_001050,2025-05-15T14:16:55
acct_001054,token_000361,2025-04-24T22:06:00
acct_001060,token_000457,2025-06-30T22:55:46
acct_000928,token_000486,2025-07-02T09:10:35
acct_000357,token_001083,2025-04-28T12:13:21
acct_000289,token_000183,2025-06-17T00:11:48
acct_000927,token_001144,2025-09-26T01:35:13
acct_000211,token_000605,2025-07-30T07:09:52
acct_000857,token_000603,2025-04-11T04:43:18
acct_000660,token_001071,2025-03-15T17:20:11
acct_000633,token_000736,2025-09-29T13:45:45
acct_000507,token_001049,2025-10-01T06:08:58
acct_000402,token_000362,2025-07-13T03:23:45
acct_000702,token_000400,2025-04-15T14:28:27
acct_000483,token_001176,2025-10-01T08:37:03
acct_000613,token_000640,2025-10-01T17:20:22
acct_000798,token_000293,2025-05-21T02:14:15
acct_000953,token_000755,2025-12-24T15:26:36
acct_000905,token_001001,2025-01-30T20:55:48
acct_000468,token_000836,2025-05-21T19:13:47
acct_000285,token_000294,2025-02-04T04:35:58
acct_000192,token_000526,2025-03-10T12:57:21
acct_000058,token_001013,2025-07-06T10:45:18
acct_000401,token_000504,2025-07-31T06:47:20
acct_000283,token_000427,2025-02-15T15:15:53
acct_000750,token_000596,2025-07-08T11:33:09
acct_000087,token_001121,2025-11-20T02:29:39
acct_000138,token_000771,2025-09-04T12:27:05
acct_001110,token_000818,2025-09-22T01:21:15
acct_000492,token_000635,2025-09-14T01:38:36
acct_000804,token_000035,2025-03-31T22:07:32
acct_000155,token_000021,2025-01-18T05:45:39
acct_000495,token_001181,2025-01-10T12:54:09
acct_000656,token_000606,2025-09-18T03:24:25
acct_000707,token_000374,2025-01-29T12:23:00
acct_000915,token_000751,2025-11-07T02:54:49
acct_000926,token_000112,2025-05-14T18:00:14
acct_000471,token_001041,2025-01-22T06:40:54
acct_000235,token_000440,2025-01-22T16:27:19
acct_001091,token_000337,2025-04-21T22:39:07
acct_000753,token_000718,2025-03-03T23:45:24
acct_000612,token_000427,2025-06-16T01:27:45
acct_000663,token_000010,2025-02-15T16:13:07
acct_000137,token_001200,2025-05-02T13:30:50
acct_000870,token_001024,2025-05-19T16:30:23
acct_000376,token_000065,2025-02-09T16:40:22
acct_000370,token_000226,2025-10-25T11:12:08
acct_000276,token_000499,2025-10-07T05:00:09
acct_000674,token_001148,2025-04-04T08:41:06
acct_000137,token_000712,2025-05-16T05:15:01
acct_000091,token_000184,2025-09-17T04:18:48
acct_000490,token_000053,2025-07-30T19:06:56
acct_000660,token_000209,2025-09-12T03:31:22
acct_000537,token_000559,2025-02-04T13:39:07
acct_000834,token_001168,2025-11-20T13:36:29
acct_000248,token_000420,2025-05-24T13:34:31
acct_000748,token_001110,2025-11-03T02:21:53
acct_000949,token_000839,2025-08-29T13:03:19
acct_000043,token_000365,2025-06-14T22:39:10
acct_000786,token_000962,2025-10-01T08:49:49
acct_001049,token_000175,2025-10-12T10:19:31
acct_000180,token_000473,2025-11-06T06:43:27
acct_000565,token_000906,2025-09-17T21:03:53
acct_000504,token_000084,2025-10-09T10:16:26
acct_001064,token_000490,2025-02-13T13:55:25
acct_000975,token_000071,2025-02-24T20:22:10
acct_000564,token_000090,2025-07-29T09:28:35
acct_000430,token_000460,2025-11-23T01:53:42
acct_000712,token_000477,2025-07-14T12:06:22
acct_000997,token_000754,2025-06-06T21:58:10
acct_000217,token_000021,2025-11-23T03:12:56
acct_000313,token_000503,2025-01-18T00:29:59
acct_000669,token_000272,2025-02-02T02:04:15
acct_000570,token_000721,2025-07-01T01:14:59
acct_000258,token_000739,2025-03-31T16:26:50
acct_000625,token_000744,2025-05-01T04:24:04
acct_001047,token_000807,2025-05-28T03:39:57
acct_000157,token_001221,2025-03-28T22:03:29
acct_000999,token_000272,2025-10-14T12:54:41
acct_000004,token_001080,2025-04-17T19:41:34
acct_000610,token_000990,2025-03-26T02:14:59
acct_000764,token_000002,2025-05-13T14:44:30
acct_000326,token_000576,2025-12-08T09:03:29
acct_000554,token_000246,2025-11-14T15:24:31
acct_000654,token_000633,2025-03-14T20:26:12
acct_000304,token_000402,2025-12-03T06:50:10
acct_001020,token_000522,2025-07-15T05:45:04
acct_000750,token_001106,2025-06-17T15:29:44
acct_000576,token_000738,2025-01-15T11:49:07
acct_000175,token_001159,2025-07-11T11:07:44
acct_000763,token_000043,2025-07-01T06:36:59
acct_000966,token_000051,2025-01-08T12:20:09
acct_000554,token_000187,2025-04-15T15:45:55
acct_000160,token_000394,2025-03-17T05:21:50
acct_000065,token_000178,2025-03-01T21:32:14
acct_000358,token_000313,2025-03-04T00:46:02
acct_000158,token_000189,2025-05-24T22:05:06
acct_000578,token_000418,2025-03-03T19:55:06
acct_000152,token_000902,2025-01-05T14:36:51
acct_000089,token_000875,2025-02-27T05:07:21
acct_000816,token_000388,2025-11-27T06:59:12
acct_000713,token_000703,2025-12-11T20:37:02
acct_000010,token_000047,2025-03-24T23:36:28
acct_000460,token_000657,2025-09-04T02:01:31
acct_000599,token_001190,2025-10-11T23:26:36
acct_001014,token_000127,2025-07-22T22:01:15
acct_001086,token_000828,2025-07-22T21:28:45
acct_000581,token_000146,2025-08-28T14:00:47
acct_000754,token_000652,2025-11-08T07:31:10
acct_000042,token_000639,2025-04-17T06:04:31
acct_000876,token_001087,2025-05-31T12:44:27
acct_000935,token_000389,2025-10-19T10:25:47
acct_000117,token_000976,2025-07-04T18:46:09
acct_000634,token_000097,2025-01-17T18:02:33
acct_000816,token_000147,2025-01-04T08:57:19
acct_000811,token_000447,2025-01-17T05:57:15
acct_000551,token_000783,2025-06-19T11:15:52
acct_000872,token_000368,2025-02-28T04:25:04
acct_000887,token_000223,2025-12-15T20:13:48
acct_000565,token_000172,2025-09-15T15:06:29
acct_000674,token_000350,2025-02-25T00:16:54
acct_000907,token_000256,2025-03-01T15:57:59
acct_000921,token_000947,2025-04-30T07:31:19
acct_000127,token_000613,2025-06-17T22:14:52
acct_000775,token_000321,2025-11-26T17:14:23
acct_000252,token_001220,2025-12-02T21:35:07
acct_000946,token_000923,2025-05-14T19:38:50
acct_000441,token_000356,2025-10-26T01:42:57
acct_000594,token_000626,2025-09-01T21:29:26
acct_000479,token_000669,2025-04-25T03:12:41
acct_000682,token_000715,2025-06-12T00:54:35
acct_000755,token_000305,2025-11-02T17:27:35
acct_001083,token_000780,2025-03-24T06:42:52
acct_000830,token_001182,2025-05-27T04:02:57
acct_000281,token_000760,2025-01-15T22:35:23
acct_000688,token_000593,2025-06-23T09:23:29
acct_000338,token_000912,2025-10-14T01:30:18
acct_001031,token_000566,2025-04-14T08:33:25
acct_000782,token_000408,2025-10-12T22:36:16
acct_000729,token_000972,2025-04-06T14:03:08
acct_000626,token_000939,2025-08-04T20:55:23
acct_000573,token_000044,2025-02-13T19:02:53
acct_000762,token_000065,2025-06-20T22:49:33
acct_000694,token_000018,2025-10-17T17:45:03
acct_000376,token_000423,2025-11-24T06:15:22
acct_001003,token_000453,2025-10-14T15:29:38
acct_000362,token_000178,2025-06-16T12:08:54
acct_000474,token_000442,2025-12-14T23:45:31
acct_000357,token_000326,2025-03-24T16:36:03
acct_000001,token_001126,2025-09-14T16:22:53
acct_000456,token_000901,2025-01-19T07:22:22
acct_000264,token_000811,2025-05-09T00:22:31
acct_000172,token_000782,2025-05-04T09:17:06
acct_000021,token_000838,2025-03-07T22:28:37
acct_000726,token_000409,2025-11-21T20:55:42
acct_000593,token_000555,2025-12-25T17:54:16
acct_000602,token_000710,2025-07-14T17:37:54
acct_000497,token_000082,2025-06-27T09:17:58
acct_000690,token_000782,2025-06-15T17:39:44
acct_000097,token_000840,2025-05-15T10:16:20
acct_000533,token_000893,2025-04-21T02:43:28
acct_000319,token_001052,2025-02-11T00:57:42
acct_000298,token_001160,2025-07-16T11:49:36
acct_000847,token_000200,2025-01-29T17:47:58
acct_000901,token_000257,2025-06-09T19:25:45
acct_000827,token_000165,2025-07-10T00:00:02
acct_000668,token_001002,2025-11-07T17:31:07
acct_000262,token_000869,2025-02-12T19:36:32
acct_000847,token_000191,2025-04-22T14:03:47
acct_000606,token_000646,2025-10-03T07:03:22
acct_000363,token_000261,2025-12-18T15:50:12
acct_000447,token_000136,2025-05-01T12:36:04
acct_000879,token_001005,2025-04-24T20:24:24
acct_001063,token_000179,2025-06-14T15:20:26
acct_000864,token_000088,2025-11-14T16:15:10
acct_000998,token_000638,2025-01-13T23:58:40
acct_000113,token_000564,2025-08-30T15:58:32
acct_000277,token_000164,2025-06-19T18:27:55
acct_001021,token_001125,2025-04-29T06:42:48
acct_000175,token_001227,2025-06-27T21:50:23
acct_000363,token_001170,2025-02-07T10:49:46
acct_001111,token_000300,2025-01-09T02:34:13
acct_000198,token_000345,2025-10-13T04:29:08
acct_000579,token_000896,2025-04-07T14:07:45
acct_000338,token_000617,2025-03-22T00:07:57
acct_000233,token_000615,2025-06-06T21:48:02
acct_000366,token_001065,2025-08-13T01:49:22
acct_000066,token_000516,2025-12-10T11:42:26
acct_000129,token_000901,2025-11-08T10:02:25
acct_000961,token_000289,2025-03-10T23:52:05
acct_000984,token_001005,2025-06-13T19:44:40
acct_000860,token_000812,2025-03-08T16:21:34
acct_000888,token_000334,2025-06-21T12:56:43
acct_000400,token_000778,2025-01-01T09:42:14
acct_000869,token_000567,2025-05-11T19:30:59
acct_000588,token_000698,2025-04-30T10:15:49
acct_000557,token_000366,2025-03-23T08:52:14
acct_000964,token_001006,2025-05-23T22:22:30
acct_000534,token_000421,2025-12-20T19:18:01
acct_000336,token_000627,2025-09-26T19:54:20
acct_000909,token_000587,2025-02-28T12:33:02
acct_000413,token_001029,2025-07-06T21:54:20
acct_000491,token_000980,2025-04-05T23:56:50
acct_000402,token_000880,2025-07-18T23:37:12
acct_000917,token_000889,2025-02-09T19:20:03
acct_000483,token_001005,2025-10-12T13:46:10
acct_000828,token_000404,2025-12-27T20:26:34
acct_000316,token_000889,2025-07-27T14:53:20
acct_000469,token_001092,2025-08-25T10:27:44
acct_000996,token_000870,2025-04-10T12:46:40
acct_001021,token_000718,2025-07-25T02:43:45
acct_000617,token_000488,2025-07-03T12:30:50
acct_000813,token_000071,2025-06-30T14:48:34
acct_000017,token_001206,2025-06-16T12:06:07
acct_000642,token_000670,2025-12-05T08:29:01
acct_000588,token_000782,2025-08-29T05:58:35
acct_000290,token_000776,2025-10-21T16:19:11
acct_000964,token_001154,2025-11-29T14:05:28
acct_000021,token_000891,2025-12-12T23:39:42
acct_000166,token_001085,2025-12-27T09:02:44
acct_000894,token_000435,2025-02-19T09:18:07
acct_000824,token_000408,2025-12-31T04:35:30
acct_000892,token_000134,2025-11-23T00:30:37
acct_000085,token_000232,2025-06-26T01:47:09
acct_000903,token_001189,2025-06-03T23:52:12
acct_000296,token_000736,2025-05-05T10:31:03
acct_000538,token_001082,2025-06-13T12:21:50
acct_000496,token_000877,2025-04-30T13:23:11
acct_001085,token_000689,2025-05-28T19:06:13
acct_000222,token_000200,2025-11-23T05:51:57
acct_000114,token_000715,2025-01-09T02:03:24
acct_000510,token_000632,2025-04-14T12:26:54
acct_000794,token_000256,2025-02-23T15:03:01
acct_000345,token_000153,2025-01-20T02:24:37
acct_000224,token_000511,2025-08-26T16:55:10
acct_000027,token_000791,2025-11-07T18:26:14
acct_000805,token_001089,2025-10-18T11:06:17
acct_000717,token_000238,2025-07-02T04:30:40
acct_000102,token_000561,2025-12-26T18:39:30
acct_000234,token_000876,2025-02-05T23:37:24
